SYMBOL,n_motifs
ACOT8,32
RBFADN,32
NCOR2,32
NCAM1,32
WDR7,32
TNNI1,32
LOC107983981,32
BCAT2,32
MTLN,32
ANXA11,32
PAK4,32
FOXP4,32
SYNGR4,32
ZNF107,32
LOC105370733,32
ADGRG1,32
CRNKL1,32
ATAD3B,32
RPS6KA1,32
LAMA3,32
CCDC17,32
ARHGAP45,32
ANKDD1A,32
KMT5A,32
CASKIN1,32
CLUH,32
TTC6,32
SOD2,32
CACNA1C,32
SNHG14,32
NT5DC1,32
MIR99AHG,32
TLDC2,32
MTARC1,32
MDK,32
DHX35,32
AHDC1,32
FLAD1,32
RAP1GAP2,32
KIF6,32
LOC124900255,32
LOC105369526,32
HGS,32
ALKBH3,32
TCF20,32
DCC,32
SHANK2,32
COL7A1,32
EHBP1L1,32
LOC101927947,32
CARD14,32
KCNJ15,32
RGL3,32
SCLY,32
ST3GAL3,32
HAGH,32
PRKCZ,32
VWA3A,32
SPAG9,32
CDHR18P,32
PTK2,32
MIR6859-4,32
SHROOM3,32
NFASC,32
ACTR3C,32
AVEN,32
LOC107984782,32
IPW,32
ERCC6,32
MRPL11,32
SENP5,32
CORO2A,32
ADGRF3,32
THNSL2,32
HDAC9,32
LINC02634,32
RHOBTB2,32
TP53BP1,32
KMT2D,32
VPS13A,32
RGS3,32
NR2F2-AS1,32
LOC124904104,32
NRDE2,32
FTSJ3,32
TBX6,32
LINC00673,32
CCDC136,32
HECTD4,32
WWTR1,32
WNT3,32
GCC2,32
IARS1,32
CEP104,32
PASK,32
SLC37A3,32
SBNO2,32
PLK5,32
PLEKHA6,32
ASCC1,32
FANCD2,32
TBC1D24,32
FXR2,32
CRACDL,32
IGSF1,32
EFCAB3,32
CDK13,32
ACTN4,32
TLK1,32
EVL,32
TSPAN32,32
PGA3,32
CDH11,32
PDZRN3,32
SLC9A6,32
ITGB2,32
TRPM4,32
BMAL1,32
ANKRD26,32
ADGRF5,32
TTC17,32
RANBP17,32
SH3BP2,32
PIEZO2,32
SREBF2,32
TMBIM6,32
PIK3R2,32
FOXK2,32
LOC124904246,32
WDR59,32
TOP2B,32
KIF21A,32
KSR1,32
LINC02028,32
MYLK,32
NDST1,32
SHH,32
PDE4D,32
MAPKAPK5,32
MIR5003,32
ABCA13,32
COL5A1,32
RBFOX2,32
LGALS9,32
LOC124903827,32
LOC112268067,32
APBA2,32
FRY,32
LINC02341,32
DLG1,32
SLC66A2,32
HSD11B1,32
LOC105370105,32
LIMS1,32
STOML2,32
BRD8,32
TMEM44,32
ACP3,32
ARHGAP1,32
SRGAP2,32
LIF-AS2,32
MIR29B2CHG,32
TINAGL1,32
PPARG,32
ST3GAL1,32
FLT1,32
VAC14-AS1,32
ETV6,32
PKP4-AS1,32
DENND4B,32
RASAL3,32
SLC1A2,32
EHD4-AS1,32
ZNF532,32
RUNX1T1,32
BLTP1,32
COL28A1,32
CD247,32
TCF25,32
HDAC3,32
PACRGL,32
LINC01451,32
IGF2BP2-AS1,32
LGR6,32
SNORC,32
ARHGEF9,32
FRMD3,32
ERC2,32
EHMT1,32
MACROD1,32
SLC26A6,32
TARID,32
ABCA2,32
EIPR1,32
PAPLN,32
NOBOX,32
PTCSC3,32
AHNAK,32
CEP192,32
DNAH17,32
ADGRD1,32
TNIP1,32
PICALM,32
ERCC8,32
SOAT2,32
POMT1,32
SAG,32
TOGARAM2,32
PCCB,32
AKT1S1,32
LRRC37A3,32
MIGA2,32
MYO5B,32
ACSBG1,32
AP3B2,32
POU6F2,32
PARP12,32
DCDC1,32
LINC01122,32
CRTC1,32
LOC124902761,32
MEF2C-AS1,32
MAN2A2,32
SLC45A4,32
DCTN4,32
EMID1,32
OPA1,32
ASRGL1,32
KDM4C,32
RGS12,32
SRGAP3,32
GREB1L,32
ACOX2,32
PKP4,32
CARMIL1,32
MAF,32
ABLIM1,32
POLE,32
CAPN11,32
AGTPBP1,32
LOC105377953,32
LOC105372234,32
MMP11,32
SLC38A4-AS1,32
ZFR,32
XXYLT1,32
GNAO1,32
LOC124901992,32
ALDH1L1,32
LINC02539,32
LOC102724489,32
LGALS9C,32
KCNAB2,32
CAST,32
ADPGK,32
DTNB,32
COPA,32
SLC7A8,32
PDE2A,32
NEBL,32
LINC00174,32
PRCD,32
ZFHX3,32
LINC02608,32
LINC02016,32
LGALS9B,32
EPAS1,32
CHRNA4,32
COL13A1,32
SYNE3,32
DGAT2,32
PCNX2,32
ACSM2B,32
BRCA1,32
L1CAM,32
LOC105373914,32
UPB1,32
SLC17A8,32
MEG8,32
LOC107984661,32
RHBDF1,32
TENM2,32
LOC105375344,32
PDE4DIP,32
RPS6KC1,32
SDK1,32
LINC03076,32
CDRT4,32
LOC124906209,32
MORC2,32
GUSB,32
AK5,32
PLEKHA7,32
GALNT13,32
DOCK6-AS1,32
ZBTB38,32
LINC01580,32
PAX8,32
ZDHHC14,32
GPM6A,32
CHRNA3,32
CERCAM,32
SMG6,32
FANCM,32
ANKRD20A4-ANKRD20A20P,32
RAPGEF2,32
LOC124902948,32
LINC02497,32
RYR3,32
POLN,32
CCND2-AS1,32
EXT2,32
HSPD1,32
CTTNBP2,32
PEPD,32
ANKRD11,32
MYOM2,32
PAK6,32
ST3GAL5,32
DNAJB1,32
DNAJA4,32
LOC124900612,32
SLCO6A1,32
GNG2,32
SLMAP,32
LOC105377732,32
GALNT14,32
NTRK3,32
SNAP25-AS1,32
PGA4,32
TWF2-DT,32
EFL1,32
LINC01091,32
ENTPD6,32
AP1B1,32
SPG11,32
MRPS22,32
MAPT-AS1,32
EXOSC4,32
LMF1,32
LINC00658,32
MPP1,32
ASH2L,32
FAM114A1,32
LOC105375180,32
PSD3,32
MTCL2,32
TRRAP,32
CADM1,32
PTK2B,32
PLEKHG5,32
GUSBP11,32
GGT3P,32
ZNF664,32
LINC01353,32
SPPL2B,32
GOLGA2,32
LOC107986002,32
NPAS2,32
LINC01317,32
CPLANE1,32
GBF1,32
LOC107986337,32
SAMD14,32
SNAP47,32
MLPH,32
RPRD1B,32
EPS8L3,32
EPHA4,32
TAF6,32
NMNAT2,32
IRF2,32
FRMD5,32
LINC02997,32
RFTN1,32
LOC105369167,32
RAB11FIP4,32
BMPER,32
LOC101928354,32
ELAPOR1,32
PPM1F,32
TOM1L2,32
EFTUD2,32
AFDN,32
JAKMIP1,32
PPFIBP2,32
ACSF2,32
CAMK2A,32
UBA7,32
CBS,32
STARD4-AS1,32
VWF,32
CACNB1,32
DST,32
DNMT1,32
ELP2,32
NLRC5,32
KAT6B,32
NXF2B,32
DNAJC11,32
CHD9,32
TP53I11,32
ANK3,32
CAPN15,32
SNX29P2,32
OBSCN,32
DNAH11,32
ANAPC2,32
SLC8A1-AS1,32
TTC12,32
MACF1,32
PRKDC,32
NPIPA3,32
NPIPA2,32
CFAP61,32
PABPC1L,32
ASB2,32
LOC101929974,32
GACAT3,32
DPH6-DT,32
TEP1,32
ADA2,32
SMYD5,32
DNAH14,32
PPL,32
TNKS1BP1,32
LINC01799,32
KHDRBS3,32
LTBR,32
BLK,32
LEMD2,32
CLVS1,32
LINC01800,32
DENND2B,32
TKT,32
EPS8L1,32
RFPL1,32
PLCB2,32
SLC8A3,32
ACSL5,32
ATG7,32
SIPA1L1,32
UMODL1,32
TJP3,32
PTPRE,32
SRCIN1,32
PPP2R1A,32
FOLR3,32
PTPRS,32
LOC105376604,32
ELMO1,32
TENM1,32
ERGIC1,32
ESPN,32
LGSN,32
LOC101928357,32
SELENOM,32
RPH3A,32
SMTN,32
ZNF341-AS1,32
DDX12P,32
SRCAP,32
LIMS2,32
LOC105371956,32
PUDP,32
FOCAD,32
NEO1,32
ORC5,32
ALG1L1P,32
LOC105379013,32
MACROH2A1,32
BNC2,32
AVIL,32
SDK2,32
VCP,32
CEP164,32
MACROH2A2,32
TRIM50,32
SH2D6,32
ZEB2,32
ARHGAP23,32
SPDYE10,32
SBF2,32
FAM107B,32
CROCCP3,32
OSTM1,32
KCNH2,32
TXNRD2,32
LINC00943,32
ACTN1,32
SPEG,32
LOC105372666,32
SIDT1,32
HLF,32
MROH1,32
LOC107985532,32
LIFR,32
LOC100128993,32
LOC124901143,32
UVSSA,32
CDH23,32
PLXNC1,32
TBC1D17,32
CCDC88B,32
REV3L,32
SYN2,32
LRRC49,32
SEMA4B,32
LOC102723911,32
NSD1,32
TNS1,32
LINC02594,32
LOC101928911,32
DGUOK-AS1,32
RSF1,32
ABLIM3,32
IL6R,32
ADD3-AS1,32
ABR,32
ANKRD30B,32
KIF5A,32
LOC105376844,32
FAM131B-AS2,32
RND3,32
DCAF8,32
GTF3C1,32
ABCA4,32
DNHD1,32
SP110,32
SKAP2,32
ARAP1,32
LOC105377460,32
LOC102723791,32
LINC01094,32
NPLOC4,32
ARHGAP6,32
LINC00907,32
SEC16A,32
ARHGAP44,32
LINC02346,32
FANCL,32
PRKCH,32
ATOH8,32
ABCC2,32
WWC1,32
KIF22,32
LOC105377891,32
IGF1R,32
RBBP8-AS1,32
LINC00598,32
IFRD1,32
RALGAPA1,32
LDLRAD4,32
ZNF385D,32
PRMT2,32
TESC,32
ANAPC5,32
RS1,32
PCSK7,32
LOC102724081,32
CRY2,32
CASTOR3P,32
NADK2,32
RIPOR1,32
STRA6,32
LOC105370364,32
ALG12,32
CPZ,32
PTH1R,32
CSF3R,32
MARK2,32
ITGB1-DT,32
SMAP1,32
FAM153B,32
PVT1,32
LINC02532,32
PPP6R3,32
FANK1,32
CLN3,32
DGLUCY,32
DTL,32
SFXN3,32
GSS,32
CALY,32
LRRK1,32
TUBGCP2,32
SORBS2,32
MUC5B,32
GDA,32
NDRG1,32
TERT,32
MDGA1,32
ACACB,32
LOC105378920,32
C18orf61,32
TMC3-AS1,32
PDK2,32
MAP3K14,32
SOX2-OT,32
STAT5B,32
ARHGAP25,32
NAV1,32
TIRAP,32
CASC15,32
LOC107985448,32
PLEKHG3,32
RRN3P1,32
RRN3P2,32
IGSF23,32
KCNQ2,32
KCNT1,32
LRRC52-AS1,32
VPS53,32
LOC105375522,32
SMYD4,32
ATP8B4,32
ARHGEF2,32
LOC124907858,32
GNB1,32
LRP3,32
GFAP,32
LOC155060,32
PBX2,32
MUC19,32
PIERCE1,32
LINC01506,32
RELN,32
LOC124902866,32
GRM7,32
PLCB1,32
GRHL1,32
ADAMTSL1,32
LINC01376,32
LINC00649,32
DTNA,32
DPY19L2P1,32
ZNF567,32
LOC105370777,32
FAM227B,32
GRM5P1,32
DLEU1,32
WDR72,32
LOC124902940,32
LINC01592,32
ZNF638,32
RGS6,32
ARHGEF28,32
CAPN5,32
SCAMP1,32
LINC02994,32
,32
ADGRV1,32
LINC02253,32
H2AZ1-DT,32
TBCK,32
CCDC162P,32
TBC1D32,32
LOC105375751,32
LOC107986449,32
EXOC4,32
MBD5,32
MAMLD1,32
GABRG2,32
RABGAP1L,32
SP140L,32
SMYD3,32
USP48,32
DLG3,32
LOC101927314,32
LOC105379364,32
LOC105369325,32
DHX34,32
ARID1B,32
LINC00887,32
ZZZ3,32
LOC107987108,32
ARIH2,32
INTS9,32
LRP1,32
DOCK9,32
DAZ3,32
TNRC18,32
IFNGR2,32
C2CD2,32
CD300LG,32
LINC00944,32
PCDHA6,32
GRINA,32
EIF4E2,32
RYR1,32
LOC124900746,32
KDM2A,32
NEK9,32
RBFOX3,32
ABI3BP,32
FRG1-DT,32
PFKFB3,32
EPB41L1,32
SEMA6A,32
MYO18B,32
ERICH2-DT,32
HMCN1,32
SLC12A1,32
FILNC1,32
VPS8,32
CUL9,32
PHF8,32
LOC105371762,32
HDDC3,32
SLCO2B1,32
PEAK1,32
GLIS3,32
PLCG1,32
TOP6BL,32
LINC02751,32
MYL2,32
PPP1R12B,32
LOC105373164,32
TSPAN4,32
MAP4K5,32
PAM16,32
DPP9,32
DBNL,32
EML1,32
MAST3,32
WSCD2,32
HDAC4,32
DDR1,32
CD44,32
TBL1X,32
FBLN7,32
LOC124900652,32
LOC101928004,32
CYP1B1-AS1,32
LINC01276,32
KATNB1,32
LHX6,32
UPF1,32
ANKS1B,32
CDC42BPB,32
COL27A1,32
NAV2,32
SPECC1,32
EFCAB6,32
CDHR2,32
MACROD2,32
CARD10,32
TNK2,32
LDB3,32
ZNF462,32
GPD2,32
CRYBG2,32
PKNOX1,32
ARFRP1,32
RUBCNL,32
PHKB,32
MGLL,32
LINC01414,32
IL4R,32
COQ8A,32
PHKA2,32
CA12,32
LINC01284,32
ZBTB46,32
ARHGAP15,32
RGL4,32
ZNF585B,32
NUMA1,32
ITFG2,32
LOC105370495,32
HUWE1,32
RETREG1,32
LINC01605,32
SLC11A2,32
LINC01905,32
DOCK7,32
LINC02542,32
CNGB3,32
RIBC2,32
TMOD3,32
MTUS1,32
MIR9-2HG,32
ADCYAP1R1,32
ARHGAP27,32
FOXN3,32
ARHGAP32,32
LINC00293,32
LOC105373244,32
LOC102724775,32
ASS1,32
AGPAT2,32
HMGXB3,32
LOC100996549,32
IRAG2,32
ATXN2L,32
LOC285847,32
CCDC85C,32
NAALADL2,32
BFSP1,32
EPB41L3,32
IKZF4,32
TUBB4B,32
FBXL6,32
LOC107984195,32
PLEKHA5,32
CHKB,32
ZC3H18,32
CCDC144BP,32
ELAVL4,32
LOC105379040,32
IGSF11,32
LOC124904746,32
IQGAP2,32
GSE1,32
CARM1,32
RTBDN,32
ASCC2,32
DCTN1,32
MCF2L,32
MAD1L1,32
GDI2,32
PDZK1,32
CFAP44,32
LOC107983985,32
TPRG1,32
LOC101928047,32
KAZN,32
TDRD10,32
ANKRD62P1-PARP4P3,32
DDX23,32
COL20A1,32
FMO1-AS1,32
NEMP2,32
TRIM16,32
OSBP2,32
MIR4435-2HG,32
SH3D19,32
RBM33,32
CYP46A1,32
UNC13B,32
UNC45A,32
GRM4,32
NDRG2,32
ADARB1,32
ASAP1,32
ALOX12B,32
ATP2B2,32
LINC00466,32
HCFC2,32
LPIN1,32
CAPN3,32
PDE4DIPP2,32
LINC00937,32
MYPN,32
MARCHF5,32
ASAP3,32
ANXA2,32
MYO18A,32
ITGAL,32
HDAC5,32
TAF1,32
KALRN,32
UBE2J2,32
NAMA,32
PACS2,32
ANK2,32
DEPDC5,32
TSPOAP1-AS1,32
ACSS1,32
BCAS1,32
FADS2,32
MARCHF10,32
ZMIZ1-AS1,32
DNPEP,32
BEND7,32
TPBGL-AS1,32
DMXL1,32
DNAJA2,32
NAGK,32
MSRB1,32
LOC105378626,32
OXCT1,32
RECQL4,32
LYPD5,32
SGIP1,32
CMIP,32
FBXO11,32
GRB10,32
LOC105379316,32
ELMO2,32
CYP19A1,32
PCAT29,32
MBD2,32
CFAP100,32
ATP13A3,32
MX2,32
STAB1,32
HK2,32
LOC124901674,32
HERC2P2,32
HERC2,32
TTYH2,32
CDH1,32
LOC105376387,32
CYP4F35P,32
CAMK2G,32
HMCN2,32
DCHS1,32
LINC01497,32
PSG8,32
ZNF687,32
ACLY,32
ANKH,32
ZBTB7C,32
B4GALT1-AS1,32
PI4KB,32
LOC124902873,32
LOC105373209,32
WDR37,32
DHX58,32
PLEKHH1,32
FAM135B,32
ZNG1E,32
LINC02945,32
LINC02966,32
LINC01191,32
HSPA12A,32
NTNG2,32
LINC00470,32
ANKRD44,32
PPP5D1P,32
REV1,32
SLC22A23,32
ARHGEF10L,32
OCIAD1,32
LOC124901999,32
SLC22A5,32
MIR9-1HG,32
PIK3CA,32
RTN2,32
NUP93,32
TDRG1,32
SPTBN4,32
LOC105369382,32
ABCD4,32
AKT2,32
ATM,32
NLRX1,32
KMT2C,32
SNX29,32
ADGRA2,32
PPP6R1,32
TBC1D8,32
NCALD,32
PARP3,32
TWF2,32
LRRC27,32
LOC124904475,32
MTRR,32
KDM5C,32
FANCA,32
ZFAT,32
NPIPB4,32
NPIPB11,32
YIF1B,32
SORBS1,32
COP1,32
SRSF11,32
AIFM2,32
FAM78A,32
ANO7,32
TSC2,32
ST6GALNAC1,32
SLC44A3-AS1,32
VDAC1,32
HIF3A,32
SFXN5,32
PODXL,32
ESRRG,32
C7,32
CCM2,32
MIR9-3HG,32
BRD9,32
ADCY3,32
LINC00158,32
FAM182A,32
MRTFA,32
SPATA6,32
ITGA3,32
BSCL2,32
CNDP1,32
LINC02018,32
EXOC7,32
CFAP221,32
LINC02615,32
ASB5,32
ADAMTS4,32
ABCC1,32
STARD13,32
USP2-AS1,32
TCTN1,32
MPRIP,32
MFGE8,32
FGFR2,32
RAB31,32
LOC643339,32
MED13L,32
HR,32
SPIDR,32
SCP2,32
ZNF385A,32
SEPTIN9,32
ATP9B,32
LINC01206,32
SEL1L2,32
SOX6,32
SLC20A2,32
SLC4A5,32
LOC105374320,32
SLC15A3,32
CUX1,32
UBR5,32
LINC02465,32
CPS1,32
AGXT,32
KANK1,32
AIFM3,32
PPP1R16A,32
NEK11,32
IGF2BP1,32
LOC105375738,32
FLNA,32
GRIP1,32
DYSF,32
PDE10A,32
IFT122,32
ASB18,32
LPIN2,32
PRG2,32
FRMD8,32
PACS1,32
M1AP,32
ZBED3-AS1,32
ACSL4,32
SYNE1,32
KIAA0930,32
GRK2,32
IGF2R,32
SLC60A1,32
AKT3,32
LOC102723684,32
RAD51B,32
POU2AF1,32
MAST4,32
ALDH4A1,32
SYT17,32
SLC39A14,32
MAP4K3-DT,32
POLD2,32
LOC100506869,32
ZFYVE26,32
SPG7,32
CLASP1,32
C1orf105,32
MIR4277,32
IL2RB,32
DPEP1,32
BRD3,32
CASC2,32
ZFC3H1,32
CAPG,32
TNKS,32
ABCC8,32
AHNAK2,32
LOC105372898,32
COQ8B,32
HYDIN,32
PRSS23-AS1,32
DNAH2,32
ODAD3,32
GIRGL,32
FGGY,32
PARN,32
NDRG4,32
FAM174B,32
MTSS1,32
INTS1,32
CHN2,32
PTPRU,32
ZDHHC3,32
TNPO1-DT,32
LRMDA,32
CLU,32
LOC107984696,32
SPPL3,32
TFEB,32
SCRIB,32
LINC00635,32
CDIN1,32
KIF7,32
TRMT44,32
MIR3681HG,32
DCBLD2,32
SCMH1,32
SKIC2,32
CRTC3,32
LAMA4,32
MED16,32
TBC1D5,32
TRPM3,32
MYH11,32
SH3TC2,32
CLCNKA,32
PDCD6IP,32
LINC01714,32
COL16A1,32
LOC101929021,32
SLC9A3-AS1,32
WDR90,32
ZNF782,32
COL22A1,32
TACC1,32
LOC105372209,32
TMC6,32
UBR4,32
TMEM94,32
MTA1,32
HNF1A,32
SSUH2,32
GABRB3,32
TPT1-AS1,32
LINC01198,32
THSD4,32
SND1,32
RUNDC3A,32
GTF2IRD1,32
MEF2D,32
VAV1,32
CLPTM1,32
MSI2,32
DCST1-AS1,32
RERE,32
LOC105376413,32
LOC107985792,32
DROSHA,32
DIS3L2,32
SP100,32
BACH1,32
PIGN,32
POM121L15P,32
PACRG,32
MTCL1,32
LINC00545,32
MYBPC1,32
OXR1,32
CLCC1,32
DCPS,32
SPSB4,32
LOC124902771,32
UBN1,32
CASTOR1,32
RAB7A,32
SAMD11,32
TTC23,32
LOC107986124,32
VASH1,32
HDLBP,32
RANBP1,32
MVP-DT,32
PAG1,32
PITRM1,32
MAP2K5,32
FIRRE,32
LINC02086,32
SPTBN2,32
SLC4A2,32
CNPY1,32
CKAP5,32
CARMIL2,32
TLE3,32
LOC124903932,32
PHF12,32
RFXANK,32
ETS2-AS1,32
PLXDC1,32
SOX13,32
SEZ6L,32
CTNND1,32
CPNE3,32
PRKAR1B,32
NFIA,32
TJP2,32
ECE1,32
IRF5,32
SAP30BP,32
HEY2-AS1,32
PFKP,32
ASPH,32
IGHMBP2,32
RUFY1,32
TRA2B,32
IRX4,32
PRUNE2,32
NCOA7,32
RALGDS,32
SNED1,32
CACNA1H,32
PLEKHM1,32
MVK,32
ZC3HAV1,32
LOC124904560,32
GDAP1,32
ANAPC1P2,32
PLCE1,32
PTK7,32
LINC01119,32
LINC02436,32
OTOA,32
UBXN11,32
INF2,32
LOC105375775,32
CLEC16A,32
HEXB,32
NT5C2,32
GIT2,32
CTPS1,32
LETMD1,32
MMEL1,32
SLIT2,32
CNTNAP3B,32
EPHB4,32
CSNK1G2,32
NHSL3,32
PHACTR3,32
CEP83,32
LOC102723906,32
LARP4B,32
COL6A3,32
HSD52,32
LOC102724701,32
CAT,32
SRSF1,32
FERMT2,32
TTC41P,32
MFSD8,32
HIBCH,32
LINC02127,32
CAPN2,32
E4F1,32
ANKFY1,32
TFAP4,32
MEIS2,32
TIE1,32
PTPRF,32
BAIAP2,32
CPLX2,32
INPP5D,32
TTC21A,32
LRIG3-DT,32
PC,32
COMETT,32
PHACTR4,32
SHANK3,32
TACC2,32
S100A13,32
TPM3,32
SAFB,32
KCNC1,32
AGO4,32
THTPA,32
SZT2,32
GATA4,32
SUPT20H,32
SPTB,32
KCNMA1,32
ATP1A1,32
SUPT5H,32
NISCH,32
GUCD1,32
CREB3L1,32
RNF123,32
LINC03042,32
PEX16,32
FRMD6,32
PYROXD2,32
GCN1,32
GRIN1,32
LINC01895,32
DNM2,32
ARVCF,32
MEF2C,32
DLEC1,32
TANGO2,32
ITIH1,32
SPIRE2,32
INPP4A,32
LINC02898,32
SLC24A2,32
AEBP1,32
TBK1,32
GLG1,32
CHAF1A,32
PROM1,32
SULF1,32
CLK3,32
LINC00989,32
CAPRIN1,32
APBB2,32
MTHFD1,32
NR2F1-AS1,32
GABBR2,32
GLI2,32
DGKI,32
CLASP2,32
BCL11A,32
LINC01829,32
LINC01214,32
MPND,32
MEIS1,32
CEP192P1,32
PROX1-AS1,32
LOC107985038,32
F11R,32
EPB41,32
USP13,32
WAS,32
IQSEC2,32
TTC7B,32
PTPRK,32
ABAT,32
TECR,32
RAI1,32
DYM,32
RGS2-AS1,32
AOAH,32
SRC,32
DHX30,32
PPFIA1,32
FRMD1,32
OVOS1P,32
SPRY4-AS1,32
DHTKD1,32
ADORA2A,32
MTMR3,32
STAG3,32
LINC01498,32
KEL,32
RAPGEF4,32
THRA,32
ACAD10,32
ARHGEF11,32
CELF4,32
LOC107986384,32
KDM2B,32
BCL6,32
SPATA3,32
CLIP2,32
KMT2A,32
TSC22D2,32
LOC124903876,32
PPP5C-AS1,32
ARHGAP35,32
EIF2AK3,32
ASPDH,32
UBE2Q2P1,32
DGCR2,32
SENP1,32
LLGL2,32
PPP2R5C,32
MYO1C,32
LINC02708,32
DHRS2,32
MGA,32
GDPD5,32
PBX3,32
LINC01732,32
BTG2-DT,32
VEPH1,32
LOC105375957,32
HDAC7,32
SPTLC1,32
SLC25A29,32
ERBB2,32
VWA5B2,32
TRIO,32
CCDC146,32
PLCD1,32
HYI,32
TNNT3,32
LINC01933,32
CYTH4,32
ADD2,32
LOC105376874,32
LOC101928037,32
PNPLA6,32
CILP2,32
FEZ2,32
CEACAM7,32
LINC00443,32
ZNF446,32
PRCC,32
PRKD1,32
GARIN5B,32
TMPRSS4,32
LINC02227,32
SSBP4,32
KIF17,32
BCAR1,32
DDX10,32
LOC105374292,32
LOC389906,32
BAZ2B,32
LRP5,32
CIB2,32
ATP1A2,32
RBMS1,32
FAM13A,32
APLP2,32
ETFDH,32
TTLL3,32
LINC00390,32
SECISBP2L,32
CTCF,32
KRT17P2,32
CAMK2B,32
LOC105370224,32
SMOC1,32
CLSTN3,32
MYO1F,32
BTN3A3,32
LINC01599,32
LMNA,32
SMARCA2,32
SCNN1A,32
EIF4ENIF1,32
MYO7A,32
ATP10B,32
RBMS3,32
GRAMD4,32
HAND2-AS1,32
NELFA,32
ZFAND3,32
CADPS,32
PGF,32
FOXP4-AS1,32
BPTF,32
CHD4,32
ABCC3,32
SEC31B,32
PLXND1,32
IFIH1,32
PHF24,32
OSCP1,32
PRLR,32
RIN3,32
FAM193B,32
PWWP3A,32
MAP3K15,32
PDXDC2P-NPIPB14P,32
LINC00924,32
LINC01915,32
GFPT2,32
MASP1,32
CSGALNACT1,32
SLC1A3,32
TBCA,32
GARNL3,32
ANKRD28,32
PLAT,32
GANC,32
TILAM,32
TTC39A,32
TSPAN31,32
CIZ1,32
NTM,32
SEC31A,32
KNDC1,32
SETD5,32
XPO6,32
MECR,32
ECHDC2,32
PPP1R12C,32
ACKR2,32
PTPN12,32
SCARB1,32
LINC-PINT,32
TRAK1,32
ALS2CL,32
HYDIN2,32
NCOR1,32
AP1M1,32
EIF3D,32
LOC105378283,32
LOXHD1,32
TLE5,32
FHAD1,32
DGKZ,32
GGA1,32
LOC102724036,32
KDM4B,32
LOC124902439,32
UIMC1,32
GIGYF2,32
TRIM31-AS1,32
MAP3K11,32
IRF8,32
MUC12-AS1,32
DNMT3B,32
GLRA4,32
LOC105375199,32
MYO15B,32
ADAP1,32
HNRNPC,32
SYN3,32
DIP2A,32
SLC6A16,32
MYH14,32
ANP32A,32
CSK,32
LAMB1,32
LOC102723670,32
NECTIN1,32
STXBP5-AS1,32
LOC105371225,32
GRIP2,32
MYO15A,32
PKHD1L1,32
SIDT2,32
FGF7P3,32
LERFS,32
NREP,32
LOC105376626,32
SPATA20,32
BICDL1,32
BANP,32
MIR570HG,32
CIITA,32
GGA2,32
TBC1D15,32
KLC1,32
NR1I2,32
CREB5,32
CPM,32
DAPK1,32
COL12A1,32
ATP2C2,32
SRRM2,32
CDK15,32
LINC02987,32
POMGNT1,32
CERS4,32
SEMA4G,32
TPST2,32
LOC105373929,32
LINC00987,32
TMEM184B,32
LINC01483,32
ST7L,32
CHLSN,32
CCDC171,32
LCMT1,32
GRAMD1A,32
CAMTA1,32
ARPP21,32
LRRC37A2,32
NSF,32
OPHN1,32
PSD4,32
MED12L,32
ARHGEF16,32
MYO10,32
PAPOLA,32
SLC26A9,32
LMO7,32
NFATC1,32
PARP1,32
PLIN2,32
HIVEP3,32
SHROOM4,32
GSN,32
PLAA,32
IGSF9B,32
GLB1L,32
EGFR,32
LINC00426,32
LINC02577,32
DAO,32
TMCC1,32
FAR2P1,32
TNFRSF14,32
VGLL4,32
GABBR1,32
PLA2G6,32
SIGLECL1,32
MRC2,32
MSN,32
CNTN5,32
IGF1,32
DENND3,32
FBXW7,32
VPS16,32
LOC105372725,32
XPNPEP1,32
CC2D2A,32
SRRM1,32
SBF1,32
HAVCR2,32
ENTREP1,32
FBLN1,32
CSTPP1,32
ATL1,32
LOC124902717,32
LINC02964,32
VOPP1,32
CPNE2,32
G3BP2,32
MYO6,32
VPS50,32
MARK3,32
ACOXL,32
PALM,32
MUC6,32
GATA3-AS1,32
RNF220,32
PRR5,32
RIMS2,32
SHARPIN,32
PLEKHG6,32
ELAC2,32
NBEA,32
KMT2B,32
SIGLEC15,32
PLXNB1,32
SYNE2,32
LOC105376121,32
DGKG,32
TXNDC5,32
GUSBP2,32
GUSBP14,32
GUSBP16,32
FYN,32
RAB26,32
AUTS2,32
RDH10-AS1,32
DOP1A,32
CNTN4,32
ASIC2,32
FRMPD1,32
CRYAA,32
MIR634,32
WARS1,32
SIK3,32
SULT2B1,32
CSPP1,32
UFL1-AS1,32
LOC400499,32
COLQ,32
KLHL3,32
CELF2,32
DNAJB5-DT,32
FGFR1,32
KLC4,32
TF,32
SCUBE2,32
ERN2,32
LRRC28,32
ADSS1,32
LRRC41,32
TMEM17,32
ST7,32
LOC124904999,32
PRDM15,32
FERMT3,32
DENND1A,32
DENND3-AS1,32
RBFOX1,32
LRRC74B,32
PRKD2,32
MAPK10,32
LINC02188,32
MTFR1L,32
ADGRB2,32
MAPT,32
TULP2,32
CBFA2T2,32
ARHGEF1,32
MARK4,32
GRIPAP1,32
MBP,32
KLHDC8A,32
RNF144A,32
COPS5,32
INTS12,32
TACC3,32
PRKCE,32
ACSS2,32
LOC105375977,32
PRKCB,32
SAMD4A,32
KDM5B,32
PLEKHN1,32
ADCY7,32
UROS,32
NR3C2,32
MARK1,32
MYH9,32
C2CD3,32
LINC02884,32
PHYKPL,32
GABRD,32
IGF2BP3,32
SMURF2P1-LRRC37BP1,32
PDE8B,32
TNC,32
PHGDH,32
NFE2L2,32
GSK3A,32
NR4A1,32
CD46,32
LHFPL2,32
RNF32-DT,32
AP3D1,32
KCNQ1-AS1,32
LOC105370174,32
PCBP3,32
ATP11A,32
SPOCD1,32
CACHD1,32
LINC02005,32
NEB,32
TMEM63A,32
MCFD2,32
ASAH2,32
SCARB2,32
LOC105375798,32
TPGS2,32
CYTH2,32
KCNQ5,32
TFG,32
CDK18,32
ARHGEF40,32
MEI1,32
TUBGCP3,32
SPSB1,32
LINC01517,32
PARVB,32
FAM178B,32
APPAT,32
DPCD,32
PRRC2B,32
DOCK5,32
DLGAP4,32
BOC,32
MYL5,32
ALDH1A2,32
LOC101928540,32
LINC00578,32
SCN5A,32
WDR19,32
NOL8,32
NF1,32
WWP2,32
LOC105378379,32
IVD,32
NPEPPS,32
MVB12B,32
ITPR1,32
LINC01331,32
LOC101928343,32
FANCI,32
ARHGAP26,32
COL4A3,32
NXF3,32
PPM1N,32
SKAP1,32
LINC01088,32
REEP1,32
PDE11A,32
TG,32
DRC11,32
RASSF8,32
LOC105375322,32
ZNF704,32
CCSER1,32
ZAP70,32
COL4A2,32
CPED1,32
PLOD2,32
EPB41L2,32
FAM131B-AS1,32
LOC107985839,32
AP2B1,32
CACNA2D3,32
USP22,32
CUEDC1,32
OACYLP,32
CFAP20DC-DT,32
FADS1,32
LOC105376396,32
CEP170,32
SNTG2,32
LOC124904262,32
MAPKBP1,32
TMTC4,32
IFT140,32
LOC124904589,32
HGSNAT,32
DPYS,32
DIP2C,32
SSR4,32
SGSM2,32
TMEM259,32
IGFL2,32
ABCC11,32
ATP6V1B1,32
AKT1,32
CYP11A1,32
LOC101929408,32
CACNA1A,32
DNAI4,32
MTHFD2L,32
MAN2C1,32
CACNA1E,32
RASGRP2,32
POU2F2,32
PSG7,32
BMP7,32
LINC03122,32
RFLNA,32
LINC00951,32
TCF4,32
ERN1,32
FUBP1,32
ARF1,32
FARP2,32
SLC7A7,32
RNF31,32
CDC42SE2,32
FIP1L1,32
OGFOD3,32
KDM3A,32
RNF19A,32
RPS6KA2,32
LFNG,32
SMG1,32
BCR,32
BCRP3,32
ZDHHC18,32
ERGIC3,32
LOC105376244,32
SYNJ2,32
ACE2,32
MYO9B,32
MAGI2,32
LINC02801,32
C1QTNF3,32
GUSBP3,32
LOC124900996,32
GUSBP15,32
GUSBP17,32
LINC03124,32
LINC02736,32
FRMPD4,32
SCIN,32
EP300,32
GTF2IP4,32
GTF2IP1,32
DYNC1H1,32
PNKD,32
CCZ1,32
GGNBP2,32
LOC112267858,32
SORCS1,32
LPP,32
GRIN2A,32
CATSPERG,32
MDFI,32
ETNK2,32
ANKRD6,32
CASP7,32
PPP2R2C,32
LOC105369890,32
EXOC3L4,32
LOC124902793,32
BRD2,32
MTFR1,32
LINC02384,32
FRYL,32
FNIP2,32
WFS1,32
SH3TC1,32
GOLGA8B,32
FRMPD2,32
DMXL2,32
LOC105377198,32
ADAMTS17,32
MAPKAP1,32
EPHB1,32
MRPS6,32
TRAPPC14,32
LINC02706,32
KDM5A,32
CDRT15P2,32
C2CD5,32
RNF40,32
EPHA10,32
LOC105374764,32
LOC124901991,32
KCNK9,32
MYO19,32
PCNX1,32
STOML1,32
NARS2,32
NSD2,32
INO80,32
LOC124904591,32
PDE8A,32
TSC22D3,32
ITGB4,32
LOC105370982,32
MACC1-OT1,32
ZNF503-AS1,32
SORT1,32
SLC2A9,32
ATP1A3,32
ABCG1,32
PTPRM,32
LOC102724945,32
CFAP57,32
LOC107985646,32
SEC24C,32
SLC16A3,32
CEP250,32
LEFTY1,32
ADD1,32
LOC107985014,32
TNRC6A,32
ELN,32
CCDC148,32
FLT4,32
LOC105369363,32
POR,32
KCTD10,32
LOC124900275,32
DUSP22,32
TCF3,32
TOP3A,32
RAPGEF5,32
WDR62,32
VPS13D,32
MIA2,32
FTO,32
WWP1,32
BATF3,32
CEP95,32
ANKS3,32
ANKRD12,32
LINC00640,32
PDLIM2,32
TCERG1,32
LGALS17A,32
TMEM184A,32
DENND5A,32
SSH2,32
POLR2J4,32
RIMS1,32
DHX37,32
FLII,32
STK4,32
PLCG2,32
AGAP11,32
UXS1,32
LILRB1,32
BAALC,32
TNS1-AS1,32
RABEP2,32
LOC124907827,32
FBXW4,32
RIN2,32
EFS,32
USP54,32
LRBA,32
BTBD2,32
CACNA1D,32
AKNA,32
LOC112267968,32
DPP4,32
PMFBP1,32
UBR3,32
LINC01485,32
CREBBP,32
UBA2,32
TRAPPC10,32
FBXL13,32
OSBPL10,32
P3H1,32
LOC105373390,32
EPN2,32
LARGE1,32
EPB41L1-AS1,32
LINC01668,32
ZBTB20,32
CNTRL,32
FHL1,32
SMAD3,32
SUGT1P4-STRA6LP-CCDC180,32
QTMAN,32
GATAD2B,32
BSG,32
LITAF,32
TMIE,32
PLEKHG1,32
WRAP53,32
LOC105371310,32
MATN2,32
ZNF185,32
LINC00877,32
OSBPL8,32
RDH13,32
PRR16,32
NOP58,32
TGIF1,32
SHISA9,32
TPD52L1,32
LOC101927026,32
CUBN,32
NDUFA6-DT,32
ITGA5,32
GABRP,32
CPAMD8,32
LINC02223,32
SVIL,32
MPHOSPH9,32
OLFM1,32
FAP,32
ARPC2,32
LOC107984850,32
FBXL2,32
LOC105375026,32
TBX4,32
TAF4,32
TFCP2L1,32
DOCK8,32
ZNF500,32
PHLDB1,32
DNAH7,32
IFT172,32
ODAD2,32
CCDC30,32
PMS2P3,32
PIGG,32
CTBP1,32
MYH10,32
LOC107985402,32
PWP2,32
CAPS2,32
LOC105370995,32
STK3,32
ADORA1,32
HMBOX1,32
DNAJC14,32
LOC440910,32
LINC01121,32
MIR100HG,32
CABIN1,32
TBC1D2B,32
CPNE7,32
POU2F3,32
RAB3GAP1,32
PSD2,32
ATP1A4,32
PHOX2A,32
AKAP13,32
PTPRVP,32
SLC12A5,32
TCL6,32
TBX3-AS1,32
SMG5,32
INAVA,32
EVA1C,32
PKD1L2,32
DISC1FP1,32
SLC26A7,32
SORL1,32
GPR160,32
LOC124904265,32
ATP8A1,32
PGM1,32
CFAP418-AS1,32
TBC1D31,32
TRNT1,32
DNAH9,32
GIGYF1,32
ESPNP,32
PPIL2,32
MED12,32
YLPM1,32
CPXM2,32
DRC3,32
TGFBR3,32
USP45,32
UTP4,32
SEC13,32
RBBP7,32
INTS13,32
LRRC37A,32
CTNNA2,32
MFSD6,32
FPGS,32
KHSRP,32
YWHAZ,32
ADGRE1,32
NUP214,32
GSDME,32
LINC01270,32
AQP7P1,32
PROM2,32
LOC105373948,32
PDZD2,32
TTC38,32
NFAT5,32
PWRN1,32
DNMT3A,32
ZNF521,32
CNTNAP2,32
PLPPR2,32
FAM167A,32
CDKN2B-AS1,32
FBXO16,32
LOC124900354,32
SQLE,32
LOC105370534,32
STK32B,32
STXBP2,32
TRAPPC9,32
HIP1,32
ENTPD1-AS1,32
GFI1,32
ZC3H6,32
TFDP2,32
GAS7,32
GCNT2,32
SMARCB1,32
ABCB9,32
PLD1,32
NIN,32
SLC4A3,32
SYNGAP1,32
AKAP7,32
STAP2,32
GUCY1B2,32
ACYP2,32
FUT8,32
PSTPIP1,32
IL1R2,32
TRAF3,32
PTPN3,32
CEP41,32
KIF1A,32
RAP1GAP,32
DHRS4-AS1,32
CDK5RAP1,32
MAST2,32
ADIPOR2,32
NBEAL2,32
ENAH,32
CAPN13,32
RNASEH2B-AS1,32
ZNF496-DT,32
LINC02613,32
STARD10,32
ST6GAL1,32
PMP22,32
SLC39A5,32
MARCHF3,32
LINC02901,32
ATP13A1,32
ACACA,32
BCOR,32
LIPE-AS1,32
EYA2,32
KPNB1,32
WDFY3,32
ZHX2,32
ACSM3,32
ZNF827,32
FAAP20,32
TRPC2,32
RTN4R,32
RASSF3,32
DPP6,32
RUNX1,32
ELP1,32
FBLN5,32
RRP12,32
TM4SF1-AS1,32
ZNF384,32
FLNB,32
TBCD,32
PHLDB2,32
JAG1,32
PCDH15,32
PCSK9,32
ZNF423,32
CHMP1A,32
UBAC2,32
SMARCA5-AS1,32
LOC100288637,32
TLN1,32
CHGA,32
PRDM1,32
SLC9A7,32
AP3S2,32
HAL,32
NXN,32
GAB1,32
ARRDC2,32
LIG1,32
LRP8,32
NEDD4L,32
PCSK6,32
FCHO1,32
GATAD2A,32
PPFIBP1,32
RASGRP3,32
TANGO6,32
SPOCK2,32
LINC02826,32
SVOPL,32
CLN6,32
NOM1,32
GPR137,32
MRPL38,32
QTGAL,32
FN1,32
XYLT1,32
DOCK10,32
FAM86B2-DT,32
LINC02755,32
FOXP1,32
RAB11FIP5,32
STX3,32
WIZ,32
SYBU,32
SFSWAP,32
SULF2,32
MAPK9,32
CREB3L3,32
USP47,32
CEP112,32
LINC00159,32
NID2,32
USP37,32
PPP1R7,32
LRRC37B,32
MRPS27,32
DHRS3,32
ZNF19,32
CHD5,32
PCBP1-AS1,32
LOC105377506,32
GJD2-DT,32
LOC105374588,32
RSRC1,32
SMPD3,32
UVRAG,32
GAK,32
POLR3E,32
TSSK3,32
LOC105378657,32
ALMS1,32
LOC105373700,32
TOM1,32
PRKAA2,32
SMARCA4,32
LOC105372068,32
PELATON,32
ALOX5AP,32
ATOSA,32
CCDC93,32
ETV4,32
FAM13C,32
MRTFB,32
CFAP92,32
TRAPPC8,32
WIPI1,32
NDUFAF6,32
XRCC3,32
METTL9,32
SYNRG,32
TNS4,32
COL21A1,32
ARHGAP22,32
RORA,32
PRKAB1,32
SMG1P3,32
LINC02559,32
FAM153A,32
FAM153CP,32
ANO2,32
KCTD1,32
MYO9A,32
LOC105377940,32
FBXO38,32
ZNF444,32
ARHGEF3,32
SMIM2-AS1,32
KIFC3,32
DICER1,32
ZNF75D,32
TMEM92,32
DRAIC,32
ARMC9,32
LINC03066,32
TOX2,32
PPP1R37,32
DAPK2,32
SLC35F5,32
GPSM1,32
ARHGAP4,32
SUPT6H,32
LOC101929555,32
NPIPB5,32
NPIPB13,32
PRICKLE1,32
FIG4,32
IL1RAP,32
C1orf159,32
DPYSL2,32
SEZ6,32
TSC1,32
MAP7D3,32
MGAT1,32
MTOR,32
ALDH5A1,32
CNKSR1,32
SPAG5,32
RGPD5,32
RGPD6,32
ACTN2,32
C7orf78,32
ANKRD20A11P,32
MUC17,32
COPS7B,32
CARD11,32
MYH7B,32
CCDC14,32
ATPAF1,32
STAMBP,32
FZD4-DT,32
PXN,32
DGKD,32
ANKMY1,32
SLC6A13,32
AGPAT3,32
LOC105369844,32
TMCO5A,32
LOC105372675,32
SPRED2,32
TTN-AS1,32
LINC02971,32
SSBP3,32
STXBP4,32
USP34,32
LINC02207,32
ARID1A,32
WNK2,32
ALS2,32
CACTIN,32
USP39,32
YARS1,32
CYFIP2,32
SOX30,32
C4A,32
C4B,32
ALDH1A3,32
ZMIZ2,32
GALNT9,32
LOC102724220,32
LOC105379330,32
FMN2,32
ARHGEF10,32
ADTRP,32
LRP5L,32
INTS14,32
KIAA0319L,32
HNRNPL,32
TEX264,32
SEMA4D,32
NLRP1,32
LOC107987165,32
TDRP,32
AQP4-AS1,32
CCDC57,32
PPARGC1B,32
PRDX6-AS1,32
PSMB9,32
PLAUR,32
CLPB,32
CASZ1,32
ADAR,32
PUF60,32
GPR89B,32
METTL13,32
PGLYRP2,32
PDLIM1,32
RASA4,32
DMBT1,32
EEF1D,32
KIF5C,32
PHF14,32
NUCB2,32
BIN3,32
PTPRQ,32
BEGAIN,32
HGD,32
SPTAN1,32
PHACTR1,32
PUS7,32
SARDH,32
UNC93A,32
CHN1,32
CYP4F62P,32
CYP4F30P,32
RMDN2,32
NUMBL,32
ZNF584-DT,32
SATB2,32
KIAA0753,32
ROBO2,32
VSTM2B-DT,32
WDR45,32
RBM6,32
LINC02790,32
RNF212,32
VAT1,32
BRSK1,32
TEX2,32
NFIB,32
LOC105376910,32
LTBP1,32
ARHGEF4,32
MKRN1,32
IQSEC1,32
KATNIP,32
CHD2,32
SEM1,32
LOC105375771,32
MCF2L2,32
LINC02036,32
SLC52A3,32
AANAT,32
MCPH1,32
TBC1D10A,32
PGS1,32
CASC11,32
MIF,32
RFFL,32
DPF1,32
SLC25A45,32
SLC24A1,32
PTPN23,32
STKLD1,32
GALNT10,32
GPR35,32
RAD52,32
CCZ1B,32
DOCK6,32
DUOX1,32
ARHGEF17,32
MYCBP2,32
TAOK3,32
FASTKD1,32
CST13P,32
FLJ12825,32
SERPINB8,32
MAILR,32
ARL8A,32
SLX9,32
PHF21A,32
EIF4B,32
PAN2,32
TTLL5,32
MYO5C,32
LINC02774,32
HTT,32
MICAL2,32
LINC02710,32
NSMAF,32
LINC02456,32
CUL4B,32
NUP188,32
LINC00299,32
USP2,32
EPHA1-AS1,32
KLHL2,32
MUC4,32
FBXO25,32
CD81,32
LOC105374914,32
RBPMS,32
CES4A,32
GCNT1,32
ZFPM2,32
CHD1L,32
LYPLAL1,32
ZNF569,32
HMGCR,32
A2M,32
FRMD4A,32
SF3A3,32
ZNF575,32
NRXN1,32
SKOR1,32
ITPRIP,32
LOC642846,32
BST1,32
GRIK3,32
RPAP1,32
PLCD3,32
DPY19L2,32
LINC02753,32
MAP3K19,32
SQSTM1,32
FAM149A,32
NUP98,32
GRID2IP,32
LOC105372093,32
DLC1,32
TRD-AS1,32
RBM47,32
P2RX3,32
DHX32,32
TASOR2,32
NNT,32
LOC124903359,32
VASP,32
PARP15,32
TRAPPC12,32
OTOAP1,32
CHMP7,32
UTP11,32
MIER3,32
GNAS,32
DNM1,32
RASSF4,32
CDC27,32
USP11,32
VAC14,32
SERPINI1,32
BTN3A1,32
LINC01607,32
SLC38A8,32
LOC105373953,32
LOC107985561,32
COL2A1,32
MYO5A,32
CPNE4,32
TMEM181,32
HOMER3,32
SARS2,32
ACAD9,32
LOC112268252,32
IL16,32
RGS22,32
ITGA6,32
TENM4,32
DNAAF1,32
AACS,32
LINC01844,32
PXDN,32
DMD,32
LRRFIP2,32
ABCC10,32
LOC107985535,32
NRXN3,32
ZFYVE27,32
CTNNA1,32
KCNAB1,32
KCNMB3,32
ENOSF1,32
GCNT3,32
ANXA4,32
RMDN1,32
MANBA,32
LINC01831,32
RNF13,32
DCAF6,32
RRM1,32
CDK12,32
ADCY1,32
CCDC88A,32
SNX31,32
CYB5R3,32
SLC22A7,32
TRAIP,32
NBN,32
LOC105374041,32
VCL,32
MEG3,32
DAB2IP,32
TAB2,32
DRC4,32
MCM4,32
SRPK2,32
ARHGEF7,32
SH3RF2,32
UBTF,32
MIR646HG,32
SKIC3,32
ANKRD13A,32
LINC01501,32
GPBP1L1,32
GRIA2,32
BRSK2,32
TPM1,32
ESR1,32
LOC101929258,32
RUFY3,32
LINC01341,32
FMN1,32
DENND4C,32
ADCY4,32
TNS3,32
AOPEP,32
SGCD,32
TRPV1,32
LOC105376944,32
GCK,32
ST18,32
FNTB,32
MFSD12,32
HSD17B6,32
SLC12A4,32
TBC1D16,32
ATP10A,32
CEACAM21,32
CHL1,32
TRIOBP,32
DCTN2,32
SH3KBP1,32
ZNF362,32
DTX2,32
DIRC3,32
ELP3,32
MBNL2,32
RBM25,32
PTPN9,32
GSK3B,32
USP20,32
LETM1,32
RANBP3,32
ANXA6,32
SLC43A1,32
CDH4,32
LOC124904204,32
NCAPG2,32
DNM3,32
PCSK4,32
YJU2B,32
ARHGAP29-AS1,32
FOXN4,32
C10orf90,32
NOS1AP,32
RPH3AL,32
LOC105376454,32
MAN1C1,32
SEPTIN11,32
SLCO3A1,32
SLC8A1,32
SLC17A7,32
INPP5K,32
NOMO3,32
CEP120,32
TTC36-AS1,32
KLHL5,32
NFYC,32
CRHR1,32
LOC124902188,32
LINC02201,32
LOC653513,32
USP6,32
RGS7,32
LOC105374894,32
GAL3ST1,32
PSG11,32
LOC101928344,32
UBE4B,32
COMT,32
PPP6R2,32
LOC100506532,32
AP1G2,32
FAM95C,32
LINC01754,32
ESRP2,32
C10orf105,32
GTF2I,32
ADD3,32
NCAPD2,32
POLR2A,32
PRKCD,32
SYTL2,32
MAP2K4,32
KANSL1,32
TLK2,32
ARHGAP27P1-BPTFP1-KPNA2P3,32
CIT,32
GREB1,32
HAUS8,32
USH1C,32
LINC02354,32
LOC100130587,32
MDN1,32
LINC02196,32
MSH5,32
ANTXRL,32
XPO1,32
SLC9A5,32
PIK3R1,32
SEPTIN8,32
EIF3C,32
LIG3,32
IPO11,32
EHD1,32
UBA5,32
DUSP8,32
LOC102723596,32
MYCBPAP,32
KTN1,32
SCAMP4,32
LOC102724744,32
ARHGEF12,32
CPSF1,32
LYPD6B,32
CWC27,32
LINC02008,32
DLGAP1,32
LOC105373430,32
DKK3,32
LOC105377509,32
DNAI1,32
SLC26A11,32
EMB,32
LOC105377858,32
PTPRZ1,32
CYFIP1,32
OSBPL10-AS1,32
RRM2,32
TYK2,32
CRACD,32
RENBP,32
SIPA1L3,32
POLR1A,32
SMARCD3,32
CSRP1-AS1,32
FBLN2,32
PTPRR,32
DENND2A,32
LOC124902154,32
KLK2,32
NLRP2,32
LOC105372473,32
PI4KAP1,32
SAMD4B,32
DDX54,32
UICLM,32
ELAVL2,32
TODL,32
PRKY,32
PIK3CD,32
NRDC,32
DLG5,32
GRAMD1B,32
ULK1,32
FAM3A,32
HOGA1,32
SMO,32
TH2LCRR,32
WDR35,32
NIPAL2,32
TGFBI,32
SIMC1P1,32
HECW2,32
MYT1L,32
PADI4,32
ACIN1,32
LINC02690,32
CELF1,32
RNASEH2B,32
UBE2Q2P2,32
NFKBIZ,32
PLD4,32
AFAP1,32
NCOR1P1,32
TMC2,32
PDCD6IPP2,32
LINC00332,32
TCF12,32
EP400P1,32
DUSP15,32
PSMD11,32
ZHX3,32
VEGFA,32
LOC124904186,32
RTTN,32
ITGA11,32
TPK1,32
LARP1,32
SEMA6B,32
MAU2,32
GCLC,32
OVOL1,32
LOC107984821,32
MBTPS1,32
SERPINE2,32
HOOK2,32
LINC00871,32
KRT79,32
CLDN2,32
PLEC,32
SDHA,32
CLUL1,32
SDHAP3,32
ACOX3,32
MASP2,32
LINC03080,32
SLC29A4,32
PKM,32
LOC124902027,32
RHBDD1,32
PLEKHA4,32
KIAA0586,32
ALDH3B2,32
ARRB1,32
PCA3,32
TTLL6,32
ADAMTS1,32
LOC101928338,32
LRPPRC,32
ADH4,32
TCF7,32
IL12A-AS1,32
PRKAR1B-AS1,32
WASHC2C,32
MIB1,32
EML2,32
ARHGEF7-AS2,32
SMCHD1,32
CALML3-AS1,32
OFD1,32
CD82,32
CES1,32
EDA,32
PILRA,32
LOC124902757,32
ERC1,32
DLG2,32
IWS1,32
LOC105374348,32
RAD51AP1,32
TMEM147-AS1,32
RBPJL,32
CNGB1,32
MEGF6,32
SLC4A8,32
UBAC1,32
NHERF2,32
CYTH3,32
LOC644669,32
STRN4,32
USP15,32
SPTLC2,32
BCAR3,32
ABLIM2,32
CUL2,32
PLD3,32
FOXJ3,32
MTA3,32
PIAS2,32
ERBB3,32
MAGI1,32
LOC107985015,32
MIDEAS,32
SCYL2,32
INPP4B,32
MECP2,32
PRRC2C,32
LOC100128340,32
LOC105376859,32
PPM1H,32
LINC00393,32
FLRT1,32
LOC124907977,32
LY86-AS1,32
TAOK2,32
LINC02937,32
RIMBP2,32
LAMC1,32
PALLD,32
USP7,32
LOC112268248,32
PCMTD2,32
LINC03002,32
KRT18P55,32
GPR84-AS1,32
GZMK,32
ANO1,32
DPF3,32
PKD1,32
GJC1,32
NUDCD3,32
AOPEP-AS1,32
SLC25A48,32
AOX1,32
LOC107985871,32
LPCAT2,32
RMEL3,32
POMT2,32
AARS1,32
GABRG3,32
JAKMIP3,32
ZCCHC14,32
ALDH3A2,32
LINC02357,32
DOCK2,32
TK2,32
ATP2B4,32
KDM1A,32
CNOT10,32
TPO,32
DRC7,32
TNNT2,32
DMTN,32
SOS1,32
MROH2A,32
CSMD2,32
URGCP,32
CYP4B1,32
NOS1,32
GTF3C2,32
KCNJ6-AS1,32
HDAC6,32
KLK8,32
LINC01344,32
COL9A1,32
SSH1,32
INPP5A,32
NMT2,32
CBR3-AS1,32
SLC47A1,32
ADGRA1,32
C13orf46,32
SORBS3,32
ADGRL2,32
CTSD,32
SLC67A1,32
CEMIP2,32
RNF10,32
ACSL6,32
COL23A1,32
STPG1,32
STK10,32
TBL1XR1,32
LINC02955,32
MYO1D,32
LOC105378956,32
LOC105374118,32
CEACAM1,32
LINC02395,32
FRAS1,32
SH3GL1,32
ANK1,32
COL17A1,32
LOC105378102,32
ACSF3,32
LOC107986489,32
CNIH3,32
FUBP3,32
CEP63,32
MECOM,32
RAB24,32
SUZ12P1,32
SRGAP1,32
MCCC2,32
SCN4B,32
EPM2A,32
PSMG2,32
TMCO4,32
CARS2,32
GLYR1,32
WHAMMP2,32
HMGN2P46,32
FNBP4,32
FBXL5,32
APP,32
PDE1C,32
APLP1,32
CFAP91,32
GMDS-DT,32
PRP4K,32
OXNAD1,32
FAIM2,32
WNT5B,32
OSBPL5,32
TMEM40,32
AKAP1,32
SLC24A4,32
THOC2,32
ARHGEF26-AS1,32
FAM86FP,32
LINGO1,32
WWC2,32
BZW2,32
NINL,32
CPVL-AS2,32
LINC01837,32
UBE2Q2,32
ATP6V0A4,32
ZIC4,32
MTERF4,32
TMEM129,32
TGFA,32
XRRA1,32
SLC7A5,32
SCN1A,32
PRSS16,32
NFATC3,32
AOC1,32
CTIF,32
EFHC1,32
MEGF11,32
ACAP3,32
NOSIP,32
LOC105379257,32
ARPC3,32
NRL,32
IDE,32
ST6GALNAC4-ST6GALNAC6-AK1,32
LOC101928105,32
SNX5,32
ZMYM4,32
CTC1,32
RASGRF2,32
LINC01140,32
CCDC40,32
FAM157A,32
IL1RN,32
UBASH3B,32
PLXNA4,32
ATRX,32
AHCYL2,32
MYLK3,32
MTG2,32
OFCC1,32
CHRNA7,32
GMEB2,32
NUTM2B-AS1,32
LINC01611,32
TRPM1-AS1,32
SYTL5,32
AGPAT1,32
LOC101928923,32
TMCC2,32
AMPD3,32
MRPL37,32
GPATCH2L,32
LRP2,32
SH3BP5L,32
TRPV3,32
CSMD1,32
NUP210,32
PEMT,32
PDXK,32
ZNF479,32
ATP8B1,32
ZNF277-AS1,32
TRIM29,32
SMG9,32
KATNAL2,32
EIF2AK4,32
PSTPIP2,32
HSBP1,32
SLC2A8,32
LAMA1,32
PITPNM1,32
CCDST,32
ZNF598,32
PTPRO,32
TBC1D1,32
LINC00511,32
SPOCK1,32
MELTF,32
SCUBE1,32
LINC01128,32
ZNF776,32
CCDC190,32
MCF2,32
FDFT1,32
DDX56,32
ABHD5,32
LOC102724637,32
ZFYVE28,32
STIM1,32
KLF3-AS1,32
ALDH3B1,32
RASGEF1C,32
CCNY,32
SHISA5,32
TBC1D30,32
TRPV2,32
KIAA0319,32
DHRS12,32
ZP3,32
POM121C,32
LINC02968,32
SEPTIN7P2,32
TNN,32
NEDD4,32
LINC01739,32
ACER3,32
STK33,32
RBPJ,32
TSPOAP1,32
HECTD2-AS1,32
GALNT11,32
P3H2,32
SOX5,32
ADGRF1,32
SLC12A8,32
GRK6,32
PITPNA,32
LOC105374911,32
PDS5A,32
SPOP,32
NEURL1,32
PYGL,32
CAPN1,32
KCNC4,32
MATR3,32
KRIT1,32
LOC105370276,32
BLM,32
PRKACA,32
TSPAN18,32
CLMN,32
AATF,32
CT69,32
AP2A2,32
GLDC,32
BANF2,32
CDK5RAP2,32
PTP4A3,32
LOC107985588,32
IST1,32
LOC124902280,32
CBARP-DT,32
VPS35L,32
SPEF2,32
MTHFD1L,32
ALPL,32
SCNN1B,32
SRP68,32
NARF,32
PSLNR,32
LINC01297,32
DNAH1,32
LILRB3,32
LILRB2,32
STRADA,32
SLC12A3,32
SOX9-AS1,32
TNRC6C,32
ACVR1,32
N4BP1,32
CEP290,32
ZZEF1,32
ACO2,32
LUC7L,32
CDC34,32
POLB,32
CALCOCO2,32
TIGIT,32
ELF3,32
TLN2,32
KRT86,32
SSPOP,32
DAAM2,32
PDCD11,32
LINC02156,32
FAXDC2,32
DRG2,32
OR1J2,32
THADA,32
CDK5RAP3,32
DRC8,32
RC3H2,32
NUB1,32
PCDH1,32
ZC3H7A,32
MAPRE2,32
HM13,32
LOC124905996,32
LTBP2,32
TNFAIP8,32
CSF1R,32
SH3PXD2B,32
PSG5,32
ACE,32
GALNT12,32
FAM30A,32
MSI1,32
CUTALP,32
PES1,32
TRIM25,32
LOC100128253,32
ITIH5,32
RSPRY1,32
EP400,32
MAP1S,32
SEC14L2,32
VRK3,32
PGAP6,32
VSIR,32
LOC124903930,32
APOBEC3A,32
LOC124904745,32
PTMS,32
CIROZ,32
BTK,32
EFCAB10,32
ING5,32
NCOA2,32
HSD17B12,32
LOC105372853,32
STRBP,32
SGK2,32
COL6A1,32
PABIR3,32
RRAGB,32
RCAN1,32
LOC107985028,32
TRPM8,32
GFOD3P,32
TMEM72-AS1,32
LOC105378947,32
CACNA2D4,32
ADGRA3,32
NHSL2,32
LAMC3,32
CAND1.11,32
PQBP1,32
ADCK2,32
IKBKB,32
LOC107985502,32
ARID3B,32
WDR41,32
SH2D3C,32
KYAT1,32
LOC105376289,32
ZNF630,32
RAPGEF1,32
GLB1,32
ANLN,32
LOC105378731,32
GCGR,32
LOC105375006,32
ADAMTSL3,32
DOCK4,32
NOS3,32
SLC5A9,32
LINC02985,32
CFLAR,32
RSRC2,32
FAM86EP,32
EIF4G1,32
ALOX15,32
RAB5C,32
LOC124902663,32
PBX1,32
BEST2,32
DDT,32
RFC1,32
CEACAM19,32
FAH,32
OVAAL,32
ARID3A,32
ZNF295-AS1,32
NCAPH2,32
LRRC32,32
PLEKHB1,32
PLCD4,32
FGF13,32
NDUFV1,32
PALD1,32
KIT,32
FAM234A,32
TRIP13,32
POLR1D,32
RFX2,32
MED8-AS1,32
SPAG5-AS1,32
TENM3,32
ABCB6,32
IGSF21,32
USP3,32
METTL25,32
HSPG2,32
LINC02128,32
CYGB,32
EIF3E,32
LOC102723323,32
AAGAB,32
TCF7L2,32
METAP1D,32
SMPD4,32
TTLL4,32
PFKL,32
LMX1A,32
SYMPK,32
POLD1,32
HSD17B4,32
FAM182B,32
SRD5A3-AS1,32
LIMA1,32
LYST,32
METTL25B,32
TRMT2A,32
PSG6,32
RTN4,32
LINC02669,32
TAPBPL,32
NBPF3,32
SCAPER,32
SGTA,32
KYNU,32
EOLA1-DT,32
LOC105379231,32
ZNF280D,32
APPL2,32
GALK2,32
ATXN7,32
TEX35,32
SHANK2-AS1,32
ADGRL4,32
RAF1,32
GALNT8,32
PIK3R5,32
BAZ1A,32
GNB5,32
LOC124900465,32
FAM227A,32
PCNX3,32
GAA,32
ABCB1,32
THOP1,32
LOC105371814,32
GLB1L2,32
BRPF1,32
VIPR1,32
BCLAF3,32
OSBPL9,32
LOC105379244,32
MAP3K7CL,32
CNR1,32
LOC100507560,32
ACOT9,32
HPS4,32
DDX11,32
GTSE1,32
LINC00636,32
GTPBP1,32
TCHP,32
CSNK2A1,32
FNTA,32
DNMBP,32
FBXO44,32
TRABD,32
ABCC4,32
SNCAIP,32
LOC105370086,32
MAP7D1,32
ZNF875,32
RAB2A,32
LOC105378797,32
DCSTAMP,32
TBC1D9B,32
C2,32
EPHA1,32
NRG1,32
AFF1,32
ADGRE5,32
SLC38A2,32
SRD5A3,32
LINC01621,32
C2-AS1,32
COL6A2,32
SPATS2L,32
PHF20,32
MX1,32
LOC101929767,32
PTCHD1-AS,32
LINC01752,32
RGR,32
LOC124900648,32
SPEN,32
SEMA3F,32
PPHLN1,32
LINC03000,32
CIMAP3,32
P4HA2,32
ATOX1,32
ZDHHC13,32
ABCC12,32
LOC105370775,32
DCUN1D4,32
CTTN,32
CP,32
MAP2,32
TMPRSS3,32
MYL11,32
DDC,32
CNGB3-AS1,32
LINC00507,32
CENPT,32
CLIP3,32
ADCY2,32
LOC105369344,32
IKBKG,32
NFIC,32
PDE4A,32
C1orf167,32
CCNT1,32
TM9SF1,32
FXYD5,32
TMEM145,32
USP33,32
LINC01471,32
EGFL7,32
LOC105372577,32
ESRRB,32
ANTXR2,32
MED15,32
ANAPC4,32
MYO16,32
SNX9,32
CFAP157,32
LINC02054,32
EIF2AK1,32
ANKRD36BP2,32
UNK,32
ATG16L1,32
TTTY10,32
TBX5,32
LOC101927342,32
LINC01357,32
MYHAS,32
ATP2C1,32
LINC02332,32
ALPK1,32
PITX2,32
PLB1,32
LOC124904752,32
CRELD1,32
CASP8,32
DIO3OS,32
RTN4IP1,32
GABRA2,32
TAFA2,32
ME3,32
MSANTD2,32
FHOD1,32
EPS8,32
MAEA,32
SLC2A13,32
IMPA2,32
PTCH1,32
LINC03069,32
BMF,32
LINC02691,32
DTX1,32
TBCE,32
LOC105376863,32
SEC14L6,32
SUOX,32
LOC105370847,32
MTARC2,32
PPP1R42,32
CHKA,32
HOXB7,32
RAB11FIP3,32
TMEM63B,32
HADH,32
TLE2,32
RSU1P2,32
IDH3A,32
FOXCUT,32
INSR,32
TUBB3,32
LOC101928331,32
TTC3,32
TYRO3,32
DNALI1,32
ERICH3-AS1,32
PKIB,32
PALS2,32
SETD2,32
CUL3,32
ANAPC1P1,32
LOC105374114,32
AIFM1,32
NMRK2,32
TERF2,32
LOC101928107,32
DIRC3-AS1,32
LNCOG,32
PLXNA2,32
PRIMPOL,32
LOC105373178,32
DIXDC1,32
TGFBR2,32
EHF,32
LOC105375523,32
SMYD2,32
LOC105371948,32
GPAM,32
ILF3,32
LOC101926889,32
STT3A,32
ASTN2,32
MMAA,32
LINC03126,32
ITGB2-AS1,32
LRP4,32
BCL7B,31
TMEM163,31
ZNF513,31
PLVAP,31
LOC150935,31
FEZ1,31
LOC649352,31
PIK3CB,31
SLC25A6,31
SLC22A31,31
USP17L11,31
USP17L12,31
USP17L13,31
USP17L15,31
USP17L17,31
USP17L18,31
USP17L19,31
USP17L20,31
USP17L21,31
USP17L22,31
USP17L24,31
USP17L25,31
USP17L26,31
USP17L5,31
USP17L27,31
USP17L28,31
USP17L29,31
USP17L9P,31
USP17L30,31
USP17L6P,31
SHBG,31
SNRPF,31
KRT8P41,31
PIWIL1,31
LOC101929174,31
MAFG,31
LOC729296,31
CPXM2-AS1,31
TRAP1,31
TYMP,31
RUFY4,31
LOC105370650,31
SEC1P,31
TPSAB1,31
TMEM177,31
LINC01389,31
EBF1,31
PSMA2,31
LOC105370651,31
LINC03125,31
RNU6-2,31
AFG3L1P,31
CHIT1,31
TMEM127,31
DGKA,31
RGL2,31
SPACA6,31
LOC101927310,31
ATP2B3,31
LOC124902299,31
CERK,31
SOX10,31
ANKRD13B,31
TTC21B,31
LOC100134391,31
MAP3K3,31
RRBP1,31
IFT20,31
RPL27,31
BCAN,31
LOC102724734,31
ZMYM3,31
ABHD8,31
SUGP2,31
NACC2,31
LOC102723380,31
LOC124903759,31
MCTP1,31
DYNLT4,31
HJURP,31
ACAP2,31
FAM50A,31
PIK3C2G,31
LINC01624,31
STAT6,31
SFTPC,31
ARHGAP39,31
TPTE2-AS1,31
ATP2A3,31
LPIN3,31
FAM95B1,31
LOC105379252,31
POLD4,31
CIBAR1-DT,31
LOC124902108,31
ZNF254,31
FAM157B,31
LOC105369574,31
PRDM6-AS1,31
DYNLT5,31
GSTK1,31
NUP58,31
KLHL29,31
LOC105374037,31
STN1,31
F8,31
SF3B1,31
GRIK4,31
ADHFE1,31
SIGIRR,31
DYNLRB2-AS1,31
TUBA1C,31
MROH7-TTC4,31
FBXO34,31
SRRT,31
SCAF11,31
PLXNB2,31
ST14,31
ITPRID2,31
FOXN1,31
LINC00993,31
LINC00639,31
MAP3K6,31
CTD-2350J17.1,31
NPC1,31
CELA2B,31
SOCS3-DT,31
ATP13A2,31
SUCLA2,31
FTSJ1,31
HHIPL1,31
SLC25A23,31
USP10,31
CRMA,31
EIF3B,31
RARB,31
CXCL12,31
CFHR4,31
MEGF8,31
ATXN10,31
LOC101927552,31
LINC02139,31
TBX19,31
ZFYVE1,31
LOC105373454,31
DCPH1,31
GGNBP1,31
PROSER2-AS1,31
LDHB,31
DDX41,31
LGI1,31
AGBL5,31
CERT1,31
NCMAP,31
TMEM229B,31
LOC107984128,31
KPNA4,31
RAVER1,31
SPNS2,31
SLC4A7,31
NDUFS2,31
FAM153DP,31
CRY1,31
KRT7,31
CPAP,31
LAMTOR5-AS1,31
MYT1,31
PTBP1,31
PPIL6,31
DCAF15,31
CASD1,31
AHCYL1,31
FIRRM,31
RSRP1,31
MADCAM1-AS1,31
ABHD12,31
LINC00462,31
TPD52,31
EXPH5,31
UAP1-DT,31
PPP1R3B-DT,31
YPEL2,31
S100A16,31
LOC105376206,31
RARA,31
KCNIP3,31
REREP3,31
DAB2,31
LINC03062,31
APCDD1L-DT,31
CARD19,31
FBXW10B,31
LINC01995,31
LOC124905177,31
GALNT6,31
CEACAM6,31
CD63,31
TMEM67,31
GGT2P,31
NAALADL1,31
LOC102725116,31
PINK1,31
ACBD4,31
UBFD1,31
LINC01554,31
NAPA,31
MFSD6L,31
TTLL12,31
TMEM131,31
LINC00882,31
ADGRA1-AS1,31
MTMR14,31
LDLRAP1,31
FAM111A-DT,31
PVR,31
PAGE4,31
OBSL1,31
LOC105373344,31
UBE2M,31
OPRL1,31
TRABD2A,31
LAMA2,31
DHDDS,31
LOC100287175,31
FAM3B,31
ZDHHC19,31
ARHGEF18,31
PRDM2,31
RBCK1,31
DENND10,31
LINC00305,31
LINC02405,31
NFKBID,31
GOSR2-DT,31
CCDC120,31
LOC124902263,31
UNKL,31
RER1,31
LSG1,31
SLTM,31
STK24,31
MPDZ,31
JAKMIP3-AS1,31
SMAD7,31
ARGLU1-DT,31
ROBO3,31
C1RL-AS1,31
AHRR,31
NAE1,31
CAMTA2,31
NTNG1,31
USF1,31
LINC01659,31
NXPE4,31
UPRT,31
RPTOR,31
RB1,31
CAPN8,31
CDCA7L,31
PIK3AP1,31
PSMD4,31
CDYL,31
LOC102723568,31
CPT1C,31
CASC9,31
SLC15A2,31
KATNA1,31
LOC101927896,31
SETX,31
LOC105372694,31
HEATR6,31
N4BP2,31
SPDYE11,31
SPDYE9,31
MATN1-AS1,31
CFTR,31
LOC105370412,31
ZSWIM8,31
CAP1,31
SHANK1,31
WHR1,31
LOC105371773,31
LRRC37A2-AS1,31
NUTM2A-AS1,31
LOC107986822,31
DHRSX,31
SATB1-AS1,31
PFN1,31
LOC124904667,31
LOC105372249,31
SACS,31
PACSIN1,31
DNAJC6,31
TOMM40,31
STK25,31
LOC105369225,31
CD36,31
CYP2D6,31
PRMT7,31
WDR1,31
ATP2B1,31
LOC105369917,31
MARVELD1,31
SPATA13,31
DHX36,31
HSF2BP,31
RGPD8,31
HINFP,31
HPS1,31
AMPD2,31
BAHCC1,31
LOC105370645,31
LOC124907891,31
SLCO1A2,31
TIMD4,31
GLCCI1,31
FAM200B,31
ACTB,31
LOC124905135,31
LOC101929485,31
LOC100505978,31
CD79B,31
RSPH14,31
PSMC2,31
LOC101929305,31
RNF121,31
MME,31
LOC105371824,31
B4GALNT1,31
TXK,31
OSBPL2,31
EDC4,31
GMPPA,31
CDH20,31
MAB21L4,31
GAPVD1,31
ENTPD1,31
LOC107984685,31
SYT5,31
PELI3,31
KCNJ16,31
CFAP74,31
STRC,31
CTNNA3,31
PFKP-DT,31
SUN3,31
POU5F1B,31
LINC02682,31
TRIM73,31
PLPPR4,31
ASMER1,31
LOC107986066,31
DHDDS-AS1,31
LOC124903323,31
LINC01748,31
LOC105377124,31
RAB3IP,31
LINC01572,31
HSD17B2-AS1,31
SEMA3D,31
LINC02820,31
LINC02328,31
LOC105379083,31
LINC02428,31
LINC01393,31
LINC02502,31
LINC02466,31
FSTL4,31
IL20RB,31
LOC100505498,31
CHRM3,31
CHD3,31
PI4KA,31
UBE2I,31
LOC105376020,31
PDZK1P1,31
ALG8,31
HOXA3,31
MFNG,31
DCXR,31
JAKMIP1-DT,31
ICAM3,31
FAM83C-AS1,31
CTRB2,31
ITGAV,31
NRP2,31
LOC105374618,31
PEF1,31
KRT16P1,31
KRT16P3,31
TPSG1,31
OTUD7A,31
AZIN2,31
PDCD10,31
PM20D1-AS1,31
LINC02784,31
MIR936,31
LOC105371215,31
USP8,31
PGPEP1,31
GNA12,31
TAB1,31
ZNF544,31
PSD,31
LINC01257,31
LINC02232,31
SLC23A1,31
ZNF350,31
TAF2,31
DNAJC18,31
PPP4R3B,31
DIAPH1,31
ABCA6,31
COTL1,31
ANO4,31
KCNN1,31
C19orf47,31
ZHX1,31
TNPO2,31
SLC17A9,31
SLC16A12,31
GPC3,31
BACE2,31
BBOX1-AS1,31
CATSPER2,31
PODN,31
LOC105379080,31
PCAT1,31
FAM193A,31
CFB,31
CD22,31
COQ9,31
SART3,31
MTMR7,31
CACNG7,31
UOX,31
AKNAD1,31
PALM2AKAP2,31
H1-8,31
TFPI,31
PITPNM2,31
AP5Z1,31
DCAKD,31
LOC124902784,31
WNT4,31
LOC124904682,31
KRT5,31
MRPL23,31
WT1,31
AATBC,31
LOC105375233,31
TEPSIN,31
MFN2,31
VIL1,31
LOC101927788,31
MANEA-DT,31
MLXIPL,31
GPI,31
SLC27A5,31
FBXW5,31
ULK4P3,31
HSDL2,31
LOC105370635,31
CHAD,31
ZSCAN18,31
SMG1P7,31
PICK1,31
TRAF2,31
HEATR5B,31
PTDSS1,31
TFR2,31
ITSN1,31
PITPNM3,31
PTPN5,31
IPO13,31
IL13RA1,31
CD27-AS1,31
NEMF,31
COL1A2,31
TRIM16L,31
LINC00671,31
TSTD2,31
IFT27,31
LINC00114,31
PPP5C,31
AP2A1,31
NPAS4,31
PRKAR1A,31
DKC1,31
LINC01054,31
NHS,31
LOC105373151,31
LOC107984619,31
LOC101929268,31
LOC101927993,31
CD8B2,31
STAB2,31
PAPPA,31
KRABD3,31
RASGEF1A,31
PADI1,31
BHMT2,31
OLFM2,31
CLEC18A,31
CLEC18C,31
CLEC18B,31
PTPN2,31
LOC105373421,31
CCDC51,31
EYA1,31
NOTCH4,31
GAD1,31
MLN,31
DHX8,31
PCF11,31
COL26A1,31
KCNN2,31
PSG2,31
CEP85,31
ATP11A-AS1,31
AGK,31
GINS4,31
CLK3-AS1,31
CEMIP,31
PPFIA4,31
FAM47E,31
SCHIP1,31
LOC105378541,31
LOC101927702,31
LOC105376316,31
GYG1,31
ERICH1,31
AJUBA,31
GGT7,31
C3orf18,31
LINC03007,31
SLIT3-AS2,31
MUTYH,31
LOC107984406,31
MUC20,31
FOXP2,31
PIBF1,31
EPHB2,31
INPP5B,31
TRPM5,31
PKD1P3-NPIPA1,31
PKD1P6-NPIPP1,31
DCLK2,31
VWDE,31
NBAS,31
OR5T2,31
LINC00486,31
LINC01505,31
B3GAT1,31
LTBP4,31
PAAF1,31
CELSR3,31
IQCH,31
FIBCD1,31
LOC105369250,31
TJP1,31
LINC02885,31
L3MBTL1,31
PIK3R3,31
LGR5,31
RPS6KA6,31
LINC02614,31
LOC105377582,31
C3,31
DOC2GP,31
SERPINA10,31
NTF3,31
PDE9A-AS1,31
ALOXE3,31
EBF2,31
ATP6V0D1-DT,31
ARHGAP17,31
ART3,31
TMEM135,31
SPDYE1,31
SPDYE2,31
LINC00665,31
CLDN11,31
HMOX1,31
SUCLG1,31
LINC01792,31
NOD2,31
CCDC39,31
CNTN2,31
LOC107985474,31
GARIN1B,31
CPNE1,31
SF3B2,31
DCT,31
BCLAF1,31
NINJ2,31
LOC105372616,31
FRRS1L,31
FAM83H,31
SLC44A4,31
ITGB7,31
MAP2K6,31
LINC02541,31
LINC02257,31
LINC02002,31
RAB21,31
SRRM3,31
LOC124904557,31
PPP2R3B,31
PLPBP,31
NEIL1,31
GON4L,31
TMPRSS6,31
ATR,31
U2SURP,31
LINC01304,31
FHOD3,31
ABHD17C,31
HSPB8,31
GBX1,31
TGFBRAP1,31
COQ5,31
ALOX12,31
ACCS,31
LOC102723855,31
LOC105377161,31
TMEM255B,31
IFI16,31
SLC5A5,31
REEP2,31
FCMR,31
SCN4A,31
GPHN,31
ZFAND5,31
SLAMF7,31
CLTB,31
LOC124901655,31
HABP2,31
TDH,31
BCL2L14,31
LINC01056,31
LOC124902500,31
TRIM7-AS1,31
GBA2,31
IFT52,31
COA1,31
ESYT1,31
LARS2,31
LOC102725048,31
LOC105379273,31
LINC00301,31
INTS3,31
VPS41,31
TUSC3,31
TMEM134,31
LINC00689,31
ADPGK-AS1,31
UBL5,31
LOC728715,31
ICAM2,31
HLA-DPB1,31
DLEU2,31
ARPC1B,31
CNKSR2,31
ELFN2,31
PSMA3,31
MTM1,31
PIGR,31
NR2F1,31
LOC101929719,31
LINC02771,31
MFAP2,31
LGALS3,31
TRPS1,31
LOC105378275,31
ALKBH7,31
DDHD1,31
ODAD2P1,31
ADISSP,31
DEAF1,31
LOC101929563,31
CYP4F8,31
LOC105377779,31
TXNDC11,31
DPYSL4,31
SLC3A2,31
PHACTR2,31
LINC01208,31
RNF215,31
PAM,31
IGSF9,31
RABL6,31
ADARB2,31
PYGM,31
NFE2,31
LOC105377660,31
AMZ1,31
SLC6A4,31
POT1,31
AOX3P-AOX2P,31
JAM2,31
ZNF747,31
TRPM2,31
CDC45,31
LINC02625,31
CLTCL1,31
GLMN,31
LOC105375630,31
LOC124902208,31
LOC124905213,31
FAM86B3P,31
RMND5A,31
EMX2,31
CLK1,31
FAM53A,31
TFAP2E,31
SERGEF,31
LOC105378410,31
HNRNPUL1,31
CIC,31
LOC102724805,31
LOC101927615,31
FGD4,31
ARFGEF2,31
FCSK,31
GSAP,31
SLC7A5-AS1,31
LOC101927511,31
MIR4267,31
GATB,31
CS,31
PAX2,31
GASAL1,31
RHOXF1-AS1,31
TPRXL,31
WNK1,31
FAM228B,31
CD79A,31
AQP5-AS1,31
LOC105379771,31
STAG3L5P-PVRIG2P-PILRB,31
SMARCC2,31
ZNF385B,31
QARS1,31
MYO1A,31
RBM41,31
CPT1A,31
ITGA9-AS1,31
DDHD2,31
SURF1,31
TAFAZZIN,31
TP73,31
CYP4F3,31
CASC18,31
LINC01303,31
ZBBX,31
BRD4,31
ALG9,31
BACE1,31
HK3,31
AGT,31
FCGRT,31
LINC02622,31
LZTR1,31
CRAT37,31
ANKLE2,31
LINC03003,31
ASPG,31
FNBP1,31
STING1,31
MIA3,31
CLASRP,31
CPSF4,31
DTNBP1,31
LOC107985511,31
ANKRD30A,31
HADHB,31
LOC105369331,31
CEP68,31
LINC01892,31
P2RX6,31
MPO,31
TMEM187,31
ZNF385C,31
BBS4,31
LNCEGFL7OS,31
DCAF4,31
LOC105371114,31
PARG,31
CNKSR3,31
HYAL2,31
TRAPPC11,31
YAP1,31
LINC00886,31
PNPT1,31
NCBP3,31
ZNF418,31
KLF15,31
SGO2,31
LINC03153,31
H6PD,31
LOC101927605,31
HCG18,31
PLGLA,31
PLG,31
UHRF2,31
CLIP4,31
TTC7A,31
LOC105369513,31
DLG4,31
IL9R,31
SLCO4A1,31
LBX2-AS1,31
NFATC2,31
FAXC,31
ARL17A,31
C8B,31
LINC01201,31
SLC13A3,31
FGD3,31
FCGR2A,31
LINC01811,31
KDM6A,31
DLX6-AS1,31
CASC8,31
ADRA1B,31
CKMT1B,31
CKMT1A,31
BCAS3,31
XAB2,31
KRT17P1,31
KRT17,31
AEN,31
SNRPA,31
ESR2,31
BEAN1-AS1,31
LOC101927025,31
PLD2,31
YWHAH-AS1,31
FER1L4,31
RADIL,31
FTX,31
LOC100506563,31
LOC105373553,31
LOC105374928,31
PIGU,31
GFUS,31
GUSBP1,31
LAPTM5,31
GAS6-AS1,31
ALDH1L1-AS1,31
CYTH1,31
FMNL1,31
SMAD2,31
SLC16A5,31
JPH3,31
PDE5A,31
AKAP12,31
G2E3,31
ZFYVE19,31
MLF2,31
LOC105373411,31
LOC102724557,31
PITX1-AS1,31
AQP3,31
LANCL2,31
SCML4,31
MINK1,31
SFI1,31
ASIC1,31
CLIP1,31
ARHGAP8,31
HMG20A,31
TOP1MT,31
ICA1L,31
TMEM164,31
LINC02609,31
NFKB1,31
PKLR,31
CR1L,31
PTGER4P2-CDK2AP2P2,31
LOC124902694,31
SLC26A3,31
PTPN18,31
LINC01473,31
KCNQ1,31
PML,31
CTSH,31
ACOT7,31
SH3BP1,31
IL23A,31
UNC13D,31
NAMPT,31
L3MBTL2-AS1,31
GPT2,31
LINC01588,31
LINC01740,31
PPIP5K1,31
FBRSL1,31
NME9,31
C1QTNF6,31
FGF7P6,31
ZFHX4,31
ANKRD24,31
EPHA2,31
LINC01141,31
LINC01644,31
TOX3,31
PRDM8-AS1,31
UTY,31
PLA2G4D,31
NOTCH1,31
SNX18,31
LOC101927613,31
B4GALNT3,31
VAMP2,31
TMEM91,31
CDKL1,31
MAP2K1,31
PTCD3,31
TIAM2,31
LINC00707,31
KDM6B,31
BCAM,31
FENDRR,31
HLA-F-AS1,31
GLS2,31
SCGB1A1,31
SEMA4C,31
IL15RA,31
IFT74,31
PRR5L,31
GNAI2,31
RAB17,31
LINC00955,31
AGBL2,31
PARP10,31
LOC102723636,31
FAM187B,31
CETN2,31
LINC01991,31
TTC9C,31
INPPL1,31
LINC01677,31
LOC105377448,31
WDCP,31
NT5DC2,31
IL23R,31
NINJ2-AS1,31
ARMC12,31
FRMPD2B,31
FLACC1,31
PRADX,31
MSL1,31
LOXL2,31
FBXL3,31
LINC00632,31
LOC124901465,31
HOXC10,31
SOHLH1,31
LOC105369370,31
MYO7B,31
CSNK1A1,31
PRKAG2,31
CRB1,31
TUB,31
ECSIT,31
LOC105372300,31
LOC105373465,31
LINC03082,31
LOC105373949,31
FLVCR2,31
LOC107987032,31
NSMCE4A,31
LOC105372661,31
TAF6L,31
LOC124905976,31
GOLGA2P5,31
LAIR1,31
MDH2,31
KIRREL3-AS4,31
MORN1,31
FLI1,31
LOC124905107,31
LIMCH1,31
SMAD4,31
RET,31
AFF3,31
LINC01968,31
SIRPA,31
FAM85B,31
LINC02275,31
CIAO3,31
RFX4,31
ETV5,31
ZNF205-AS1,31
LOXL3,31
CBFA2T3,31
LOC105370616,31
KIAA1755,31
FBXO17,31
SLC2A1,31
ST3GAL3-AS1,31
LOC124903051,31
LOC374443,31
TBC1D29P,31
TBC1D3B,31
CITED1,31
LINC02037,31
LOC124902791,31
LOC105372161,31
STK11IP,31
CERS5,31
UTRN,31
IP6K1,31
GSTZ1,31
ALG13,31
LHX3,31
LOC105376363,31
SLC13A5,31
C15orf39,31
LL0XNC01-250H12.3,31
GPC1,31
SRRM2-AS1,31
SUGP1,31
LRRC37A11P,31
SPACA5B,31
AXDND1,31
LOC105376737,31
LYPLA2,31
PMEPA1,31
LMBRD1,31
DNAJC9,31
TMEM143,31
ZNF285CP,31
OLA1,31
DMKN,31
GMFG,31
MMP17,31
CTDNEP1,31
NELL2,31
SCARF2,31
GARIN2,31
AATK,31
PKNOX2,31
SHC1,31
NUDT1,31
RNF4,31
GREP1,31
ERG,31
HKDC1,31
PELO-AS1,31
ITIH4,31
DDB1,31
GRID1,31
LINC02457,31
TCOF1,31
DKFZp451B082,31
PRICKLE2,31
GARS1-DT,31
NGEF,31
FAM117A,31
SCTR,31
SFXN1,31
LOC107984402,31
LOC101928415,31
SPATS2,31
STX8,31
TYW1,31
TRAPPC3,31
PLPPR1,31
DMAP1,31
LOC112268148,31
GNAS-AS1,31
STRA8,31
LY6S-AS1,31
LOC101929494,31
RTN1,31
TMEM234,31
LONP1,31
TTL,31
SEMA6A-AS1,31
ESCO1,31
REXO1,31
CAPN12,31
PTP4A2,31
CBLB,31
SMTNL2,31
METTL17,31
GRASLND,31
P2RY6,31
RCOR3,31
USP30,31
STAT2,31
EHBP1,31
TXNDC15,31
CD276,31
MUC12,31
HS3ST5,31
LOC101927787,31
FAR2,31
BCRP2,31
HCG20,31
OARD1,31
NPM1,31
ASB13,31
ROCK2,31
SYNGR1,31
LRRC34,31
TRIM3,31
WASHC2A,31
KDM3B,31
NPSR1-AS1,31
HELZ,31
LOC124904062,31
RNF213,31
CASP16P,31
LINC00589,31
POFUT2,31
TMEM132A,31
PLXNB3,31
PKN1,31
C1QTNF1,31
LINC00917,31
GTPBP2,31
SLC23A2,31
SUN2,31
FGF12,31
CD4,31
SLC47A2,31
RBM5,31
LINC01170,31
ZMYM5,31
LOC124901937,31
COL18A1,31
RGS14,31
SLC35H1,31
OSR2,31
RAD50,31
TTTY2B,31
TTTY2,31
EBF4,31
ARPIN,31
NR2C1,31
CAD,31
UNC80,31
MB,31
SH3D21,31
SPINT2,31
LINC02940,31
TFE3,31
ZFTA,31
LOC101928014,31
LINC02815,31
TRIP12,31
FAAH2,31
LOC107984784,31
MAP3K20,31
GLUL,31
AKAP6,31
BEND7-DT,31
GRIK5,31
CCDC33,31
CHFR,31
UBAP2L,31
SLC51A,31
RAD18,31
EXTL3,31
LINC01890,31
SLC30A10,31
RPA1,31
HHIP,31
ZNF862,31
PER2,31
IDO1,31
DIABLO,31
C6orf118,31
YWHAQ,31
USB1,31
SLC1A4,31
LOC100288570,31
THBS3,31
F12,31
VILL,31
RAPGEFL1,31
PIK3C3,31
GLS,31
ZNF273,31
LOC105372058,31
CYRIB,31
SLC9A3,31
LOC124903162,31
UBA1,31
ANKRD17-DT,31
CYP2B7P,31
LOC105372146,31
LOC107986956,31
TPP2,31
CD84,31
MPZ,31
PURPL,31
RALGAPB,31
DNAJB6,31
MROH7,31
PCGF3,31
LOC100996583,31
VWA5B1,31
RHBDL3,31
PRDX3,31
KCNJ5,31
PCTP,31
EPS8L2,31
SPINDOC,31
PTPN21,31
ASB7,31
EXT1,31
MTAP,31
RYBP,31
PDLIM7,31
MST1L,31
DHH-AS1,31
TNS2,31
NT5DC4,31
LOC107985675,31
CCDC159,31
CHRFAM7A,31
ARHGAP33,31
LRRFIP1,31
LMNTD2,31
LOC105375387,31
RPL6,31
MTFP1,31
LOC105375191,31
LINC01539,31
SLA,31
ATP13A4,31
LINC00608,31
ACADVL,31
CLCNKB,31
NUDC,31
LINC01531,31
GATAD1,31
SCAP,31
CASC16,31
MSC-AS1,31
POLQ,31
LINC01937,31
SREK1,31
GAS2L1,31
LINC01766,31
TBX2-AS1,31
JAG2,31
TRIM36,31
DOLPP1,31
BCAP31,31
ATL2,31
ST13,31
HOXB3,31
RCN3,31
CYB5R2,31
LOC105374489,31
KLHDC4,31
NTN4,31
LOC105369519,31
LOC107986474,31
DHRS7B,31
FCRL2,31
KIF1B,31
DNAJC21,31
MAP3K12,31
DPP8,31
TDRD9,31
ZDHHC16,31
LINC02703,31
PTPN20,31
PMS2P4,31
DTX2P1-UPK3BP1-PMS2P11,31
MARF1,31
DMWD,31
SEPTIN4,31
SYNPO2L-AS1,31
BTG4,31
PDSS1,31
FTCD,31
SLC38A3,31
IFT46,31
DOK7,31
AHSA1,31
DRAM1,31
PTPA,31
SCAND3,31
SNX25,31
TMEM114,31
LINC01992,31
LINC01482,31
JRK,31
ABCC13,31
LOC124905018,31
SPATA31A6,31
ZNF331,31
SPATA31A7,31
PSORS1C1,31
SEMA3B,31
GLI4,31
LOC102724210,31
SPEGNB,31
RGP1,31
SIAH1,31
SMIM36,31
RIPK1,31
ZNF763,31
SGSH,31
EXD3,31
SAXO5,31
PMS1,31
ITGA2B,31
GPHA2,31
MBOAT2,31
LINC00661,31
B4GAT1-DT,31
LOHAN2,31
KCNQ3,31
FCN2,31
ATG9B,31
CALML4,31
MAPK8IP3,31
TNNT1,31
LOC105372347,31
LOC102724580,31
LOC102724904,31
ATP5F1A,31
LOC286297,31
LOC105379443,31
LOC101928195,31
LINC02161,31
ATXN7L2,31
CTDSPL,31
PRDM16,31
AIM2,31
LOC124905054,31
NOP9,31
PHLPP2,31
RWDD2A,31
CHI3L2,31
HIP1R,31
NECAB3,31
SCNN1D,31
RBM17,31
MYOM3,31
POLR3A,31
NEK6,31
LOC124900660,31
PDIA6,31
GNRH2,31
DOC2A,31
ADAMTS6,31
LINC01102,31
ZCWPW1,31
LINC01814,31
NPR2,31
ALDH6A1,31
CCDC26,31
PLEK2,31
NRSN2,31
CD40,31
PPARA,31
CNN3-DT,31
MICAL3,31
ATG4A,31
PDK1-AS1,31
LOC101927263,31
PKP3,31
LOC107985840,31
ANPEP,31
SLC4A11,31
EXTL1,31
LINC02248,31
SPMIP6,31
TRANK1,31
MRAS,31
NOL4L,31
NCKAP1,31
TOP3B,31
TJAP1,31
GLUD1,31
NOSTRIN,31
LOC105376517,31
ITGB1BP1,31
SIRPB2,31
NOD1,31
SRPK1,31
AGAP3,31
LINC01291,31
ATIC,31
CDKAL1,31
TBC1D10C,31
CLCN7,31
AFG3L2,31
ANGPTL8,31
EXOC6,31
RHOBTB1,31
PAH,31
RDX,31
TNNI2,31
MAPKAPK3,31
LILRB4,31
SYT12,31
LOC112268090,31
ANKAR,31
SP7,31
YEATS2,31
EPHX1,31
EPS15L1,31
SNX14,31
SLC41A3,31
PHC2,31
ZNG1F,31
CHPT1,31
LOC100507006,31
SLC75A1,31
NPHP4,31
MAP2K3,31
CLIC5,31
LOC107984301,31
DFFB,31
KRTAP10-2,31
MATK,31
N4BP2L2,31
ATP10D,31
ZBTB16,31
TSSC2,31
PAX9,31
MST1,31
TRIM22,31
CMPK2,31
TTTY14,31
EMX2OS,31
DZIP1L,31
DNAJB11,31
GANAB,31
ROBO4,31
PPM1M,31
ADAMTSL2,31
SCN8A,31
PMEL,31
UCKL1,31
GRK1,31
FCRL5,31
CEP72,31
LOC100127955,31
CCDC144A,31
CYP4F22,31
CDC14A,31
MGAM,31
WDPCP,31
IRAG1,31
THBS2,31
HOXA-AS3,31
ENKD1,31
SLC7A6,31
FSTL3,31
NDUFA11,31
LINC00954,31
NRXN2,31
PDE6G,31
LINC01526,31
LINC01250,31
FASN,31
TBC1D26-AS1,31
RNF17,31
CCDC178,31
PSMD14-DT,31
KAT2A,31
CCNYL2,31
UCP3,31
TMEM201,31
NFIX,31
ZNF652-AS1,31
MCM5,31
CNTNAP3,31
PPT1,31
LOC105378178,31
CDC42EP3,31
SECTM1,31
NPIPB3,31
TRPM1,31
KPNA6,31
BRAF,31
AGAP12P,31
MITF,31
LOC105370906,31
PLA2G4F,31
LOC107986638,31
ZNF334,31
ANKRD19P,31
PDIA5,31
THOC5,31
LOC105369983,31
DSE,31
LINC02520,31
CCR5AS,31
SMUG1,31
CELSR2,31
ATP2A1,31
PYY,31
TCEA2,31
LOC101928417,31
CPA5,31
LOC105374235,31
TM7SF3,31
KASH5,31
ENPP1,31
ADGRB1,31
LOC101927506,31
MCOLN1,31
ARL14EP-DT,31
LAMA5,31
FBH1,31
ZDHHC1,31
TARS3,31
APBB1,31
LINC02236,31
INSC,31
CARMIL3,31
RASGRF1,31
CYTOR,31
INTS11,31
FGF11,31
LINC01435,31
POLDIP3,31
PNPLA3,31
RNF44,31
LINC00229,31
SLC43A2,31
SKI,31
AHSA2P,31
NOTCH2,31
CHODL,31
LOC102723534,31
LOC105377785,31
RABEP1,31
BLVRA,31
SLC26A4,31
LOC105372141,31
DHX38,31
ADH7,31
DNAH3,31
SRSF4,31
ST8SIA5,31
SAFB2,31
HPX,31
LRRC23,31
SEC23A,31
LIMD1,31
RAPGEF3,31
RAPGEF6,31
SLC44A2,31
PAQR5,31
SOX1-OT,31
ATP5ME,31
YIPF2,31
TXNRD1,31
COPG1,31
LOC105374216,31
FUZ,31
DDIT3,31
LOC101929470,31
AHCTF1,31
TTTY23B,31
RASA4B,31
CACNA1G,31
TRAF1,31
CELF5,31
OLAH,31
FLOT2,31
LOC101929622,31
MKNK2,31
PTPRT,31
MIR3667HG,31
SYCE3,31
MYOSLID-AS1,31
LPAR6,31
TIMM23B-AGAP6,31
ACOT12,31
GRM8,31
UQCC1,31
HNRNPA1L2,31
BUB1,31
LOC105369496,31
RFX5-AS1,31
OTOG,31
CSMD2-AS1,31
YIF1A,31
ELMOD3,31
LOC105377547,31
LOC157273,31
NUP205,31
HEBP1,31
LOC105379814,31
CGN,31
SYNGR3,31
ADGRL1,31
BCL3,31
CTNNB1,31
LAMTOR4,31
SLC2A2,31
CBARP,31
LOC105372863,31
ANKRD20A2P,31
NSUN5P2,31
MBP-AS1,31
ATAD2,31
ZNF710,31
IRF1,31
AGAP2,31
PRKCSH,31
MRPS25,31
KCNIP2,31
ENPEP,31
TMEM176B,31
GALNT5,31
HGFAC,31
MGRN1,31
HDAC8,31
LOC101927238,31
MAP7,31
ATAD3A,31
SLC45A1,31
KCNB1,31
CACNB4,31
LTAP1,31
HS1BP3,31
CNDP2,31
AHI1,31
CNN1,31
PCNT,31
INHBE,31
SMAD3-DT,31
LARP7,31
ADCY5,31
IRAG1-AS1,31
PIPOX,31
NAIP,31
TTLL10,31
NT5C3B,31
DYRK4,31
LINC01993,31
LINS1,31
GFRA1,31
LOC105372879,31
NAP1L4,31
GIPC1,31
LOC124904952,31
NRG4,31
TRIM8,31
USF3,31
RBM28,31
SORD2P,31
RPS5,31
PITPNC1,31
LOC107986178,31
PDCD6,31
PPP1CA,31
LOC124906032,31
CYP3A5,31
POLRMT,31
LOC107986823,31
MKLN1,31
CALD1,31
PLA2G4C,31
CPQ,31
CREB1,31
TUBB8,31
C5,31
LOC101929473,31
LINC01681,31
C2orf72,31
LOC100507513,31
ERCC3,31
SFT2D1,31
LINC01894,31
LOC105369968,31
C1S,31
LOC105372332,31
LINC00957,31
PLA2G15,31
SGPL1,31
VRK1,31
PPP1R13B,31
TMEM254-AS1,31
LINC01260,31
LINC01929,31
DENND6A,31
LAT2,31
SYNDIG1L,31
LOC107984257,31
UACA,31
KSR2,31
HSD11B1-AS1,31
ARHGAP28,31
HERC1,31
BTBD16,31
PMS2,31
PRPF18,31
ZNF335,31
LOC105370269,31
ST3GAL6,31
TIMM44,31
SLC2A3,31
CCDC88C,31
LOC124904630,31
LINC00708,31
LOC100129697,31
SIN3B,31
UNC13A,31
POLA1,31
TENT2,31
MTREX,31
TMEM52B,31
RPL3,31
ITGA7,31
COXFA4L2,31
ZCCHC2,31
LINC02034,31
CYP4F11,31
KANSL3,31
ASB1,31
LOC124901624,31
RCBTB2,31
CSNK1E,31
LINC02245,31
GOLGA6A,31
SUSD1,31
CD40LG,31
LOC107986001,31
ZNF469,31
TNIK,31
RUVBL2,31
TSNARE1,31
LOC107985833,31
CAB39,31
C1RL,31
LOC107985469,31
EHMT2,31
ZNF286A-TBC1D26,31
TBC1D28,31
ATP8A2,31
PGK1,31
MYOF,31
DNAAF5,31
IQCH-AS1,31
GRAMD2A,31
ZKSCAN1,31
LINC01558,31
ALOX5,31
QTRT1,31
PHAF1,31
SFTPD,31
ITGB5,31
MED24,31
NFRKB,31
CAMK1,31
SLC6A20,31
VANGL2,31
GAREM1,31
ABCA9-AS1,31
TTC24,31
WDR17,31
RNH1,31
CNIH2,31
LINC02351,31
LINC02991,31
RMDN3,31
ADA,31
CHI3L1,31
CYB561A3,31
RAB40C,31
TTYH3,31
PSEN1,31
FABP6,31
MPP3,31
LCP1,31
GTF2IRD2,31
NR2C2,31
CYKILR,31
LINC00840,31
ANKRD18CP,31
C1orf21,31
CLEC9A,31
ZBTB8OS,31
DUSP7,31
CTSZ,31
PRSS23,31
NELL1,31
AK9,31
NPC1L1,31
AFF4,31
HDAC11,31
STX18,31
RHBDF2,31
POGZ,31
LOC107985211,31
ATG10,31
CYP2D7,31
AXIN2,31
SULT4A1,31
ZNF230-DT,31
MAP4K2,31
IL34,31
MNX1-AS2,31
LOC105373766,31
TRAF3IP3,31
DNMT3L,31
TUT4,31
ZP1,31
CENPC,31
ACBD3-AS1,31
TPI1,31
DNAJC7,31
WNT5A,31
SLC4A4,31
AP1S1,31
CCDC69,31
SCN9A,31
SLC11A1,31
A2ML1,31
LOC112268412,31
LEUTX,31
GASK1A,31
PPP1R14B,31
TIAL1,31
TULP1,31
APOC1P1,31
SLC38A9,31
CRPPA,31
SLC2A11,31
ZBTB47,31
PARP6,31
BNC1,31
FANCC,31
HIC2,31
PI4KAP2,31
RBM19,31
FANCD2OS,31
PLA2G10,31
LOC100652777,31
SCUBE1-AS2,31
LINC00879,31
TAB3,31
MORC3,31
SIN3A,31
COPS8-DT,31
PKD1L1,31
ENGASE,31
FBN2,31
LINC01559,31
MOV10,31
LOC105370103,31
TUBB,31
LINC02704,31
PREX1,31
LOC107987087,31
LRRN2-AS1,31
NTMT1,31
TMEM131L,31
MYL12B,31
LOC105372832,31
SSX6P,31
LOC105375670,31
BCAT1,31
LOC101929488,31
METRNL,31
SULT1C2,31
CEP350,31
EPHA2-AS1,31
OGDHL,31
LARP1B,31
LINC00539,31
OTX2,31
LOC105370922,31
SELENBP1,31
AQR,31
SNRPA1,31
EIF3K,31
LOC101927020,31
ATP6V1H,31
ARHGAP29,31
IGDCC3,31
CCDC18-AS1,31
CPB1,31
LOC105371154,31
EFCAB14,31
LINC02761,31
FNDC1,31
SDHAP2,31
SDHAP1,31
OVCH2,31
SLC27A2,31
EML6,31
CNOT4,31
ARHGEF37,31
ANKRD18A,31
SASH1,31
LOC124901449,31
HMGXB4,31
RXRA,31
LINC01164,31
SCIRT,31
WDR74,31
PHTF1,31
LOC107984123,31
CARS1,31
ZNF674,31
AMDHD1,31
ELF3-AS1,31
COLEC11,31
EMC1,31
LINC01229,31
RNASEH1,31
LOC112268136,31
XPO7,31
SLC14A2,31
ZDHHC17,31
CEP128,31
CCT6P3,31
LOC124902976,31
CNNM3-DT,31
UTS2B,31
KCNH1,31
SCFD1,31
CFAP20DC,31
TMPO,31
CD1D,31
BMP1,31
STAT5A,31
TECPR1,31
SLC8B1,31
ZNF618,31
LINC02660,31
LINC02449,31
NCOA4,31
TAMM41,31
LOC105369333,31
MITD1,31
PPP3CC,31
LINC01426,31
KIAA0513,31
CDRT15P3,31
LOC389602,31
THBS4,31
NUP62CL,31
SLC6A17,31
INPP5F,31
COL6A4P2,31
CATSPERE,31
CRACR2A,31
SLC2A5,31
PORCN,31
MAN1B1,31
DLGAP2,31
PDIA3,31
KANK4,31
NECAB2,31
LOC105378250,31
ERAP1,31
TESMIN,31
PCLO,31
LOC100506236,31
C12orf75,31
LOC124907889,31
RAI14,31
TXNRD3,31
CASC19,31
NSG2,31
RPLP2,31
HEATR3,31
LOC102724680,31
LOC105369183,31
SDCBP,31
PNCK,31
TPRG1-AS1,31
CLPTM1L,31
OTOF,31
ETFA,31
DAAM1,31
MOK,31
LINC00310,31
NRP1,31
MTCH1,31
NCKIPSD,31
AGBL1,31
LIMK1,31
LAMB4,31
NOL4,31
OSBPL7,31
PRIM2,31
DMBT1L1,31
MRLN,31
LOC105370913,31
MAN2B1,31
LOC105375070,31
LOC102724738,31
MTHFD2,31
MARCHF7,31
EIF2B5,31
ZDHHC8BP,31
PDZK1IP1,31
SF1,31
LINC02453,31
MCAM,31
GLCE,31
CC2D2B,31
WAKMAR2,31
CTSA,31
LOC105373335,31
LOC124901298,31
KDM8,31
UPK3BL2,31
STOX2,31
MIB2,31
A3GALT2,31
ZFHX4-AS1,31
CROCC,31
EAPP,31
TTLL1-AS1,31
LOC124903250,31
ARHGAP36,31
COBL,31
NRG2,31
LINC00607,31
GOLGA2P11,31
IMPA1P1,31
AHCY,31
SLURP2-AS1,31
LOC124906022,31
HYOU1,31
LINC02603,31
NRCAM,31
LINC01428,31
SREBF1,31
TSPAN14,31
IPO5,31
GORAB,31
HAFML,31
RASSF5,31
AKR1E2,31
RNF207,31
SCGB1B2P,31
TADA2A,31
TNRC6B,31
LOC105375821,31
KCTD19,31
ARPC1A,31
VPS11,31
PPIG,31
RGSL1,31
CCNYL1,31
UGT1A6,31
LOC124907851,31
HEPACAM2,31
MAP4K4,31
LOC124908011,31
LOC101929547,31
LOC105370686,31
BCO2,31
AQP7,31
ZNF83,31
LOC107985681,31
LINC01378,31
SNX19,31
LINC01037,31
TREML3P,31
RELA,31
CMYA5,31
LOC107987105,31
TCAF1,31
AQP7P3,31
ANOS1,31
GGT1,31
CDK8,31
MYO1E,31
HECTD3,31
ABCD1,31
WASH8P,31
LINC02097,31
BBX,31
GATA3,31
MTURN,31
PTPRG,31
HERC2P3,31
ACSM2A,31
NMNAT3,31
IDI2-AS1,31
ERI3,31
FAM81B,31
IGFBP2,31
SP140,31
SUN1,31
ANKRD18B,31
LOC124901094,31
ABL2,31
NPAS3,31
LOC101929578,31
HELZ-AS1,31
ABCC6,31
PPEF2,31
ZNF252P,31
CCNF,31
PCM1,31
LOC107985911,31
LSP1P4,31
LOC107985200,31
LINC02802,31
PIGQ,31
LOC107984852,31
VIRMA,31
TMOD1,31
GOLGA3,31
CIMIP2C,31
RELL1,31
HVCN1,31
CNGA3,31
AZIN1,31
EGFLAM,31
OR4F16,31
NR1H3,31
CCT3,31
MYO1B,31
TSPAN9,31
TMC5,31
CREBRF,31
CALCB,31
IBTK,31
MICAL1,31
LOC107985365,31
CLIC1,31
PPP2R1B,31
WDR83,31
DAZL,31
USP35,31
TRPT1,31
PHTF2,31
SEPTIN7P14,31
PHF7,31
LOC124904322,31
FBF1,31
EMSY,31
GATD1-DT,31
VOPP1-DT,31
ST3GAL4,31
GRAMD2B,31
RHCE,31
DOP1B,31
LINC02910,31
NCF1B,31
WDR27,31
MDC1,31
RCN2,31
BCL2L13,31
NLK,31
ITCH,31
LOC105378482,31
CASTOR2,31
LHX5-AS1,31
PBX4,31
LINC00930,31
C6,31
CIBAR2,31
PEX11G,31
CHERP,31
KREMEN1,31
MVP,31
ZNF565,31
AARSD1,31
GKAP1,31
GYPA,31
LOC105378224,31
KLKB1,31
LRTM2,31
PLEKHG4,31
LOC124901020,31
LINC02687,31
LOC124900610,31
RFWD3,31
KCNK2,31
PRAMENP,31
REREP1Y,31
SLC7A9,31
SLC19A1,31
LOC105374946,31
PLK1,31
DTHD1,31
LOC105375825,31
EML5,31
AFAP1L1,31
LINP1,31
LOC440084,31
NLN,31
SCN3A,31
DPP10,31
FAM230I,31
MIR3659HG,31
ARNT2,31
FLCN,31
LOC105370705,31
SDC3,31
CREM,31
TADA2B,31
VWA3B,31
PRR29-AS1,31
LOC124901744,31
BOK-AS1,31
RAB11B-AS1,31
KIF2A,31
LOC100422556,31
LOC124901499,31
LPO,31
GRM7-AS3,31
SEC61A2,31
GOLGA8M,31
EPS15-AS1,31
PFAS,31
SERPINF1,31
CYMP,31
MIR3936HG,31
ZNF454,31
HEXA,31
LOC105371887,31
ZDHHC11B,31
CHRNA1,31
KIAA0232,31
ANKFN1,31
UBE2L6,31
DDX42,31
LOC124901766,31
PIP5K1A,31
AGO1,31
LOC124901339,31
TATDN1,31
SERPINB9P1,31
NLGN4X,31
ABCA7,31
CPNE6,31
P4HA3,31
LYPD8,31
MAPK6,31
BRWD1,31
RTL9,31
GOLGA8N,31
GALNT2,31
GOLGA8Q,31
ADI1,31
MICOS10,31
FAAH,31
VPS39,31
VSIG10L2,31
CRLF1,31
NCLN,31
SLC39A6,31
NIBAN2,31
BAZ2A,31
KCNMB4,31
CLYBL,31
ZNF623,31
LBR,31
CBLIF,31
ACADM,31
NTPCR,31
CASK,31
FMR1,31
SESN1,31
ATP6V1A,31
GRIN2C,31
ANKRD9,31
LOC101927514,31
FAM20A,31
CERS3,31
TOPBP1,31
PLCB4,31
KRT42P,31
ZNF667,31
CSNK1D,31
LOC101929894,31
XRCC1,31
FNDC3B,31
AGRN,31
MID1,31
TTC39B,31
SLC22A8,31
IL12RB2,31
LINC02930,31
S100A2,31
TULP4,31
ARFGEF1,31
TMBIM1,31
R3HDM1,31
DNAJC17,31
TMEM232,31
CSDE1,31
LINC02208,31
CCDC170,31
CORO6,31
PIKFYVE,31
ADAM28,31
LOC105374754,31
TMCC2-AS1,31
CH507-145C22.1,31
LOC100420587,31
BCL7C,31
LOC105369212,31
TTK,31
ASAH1,31
DPF2,31
SUSD3,31
FSAF1,31
CNTROB,31
METTL22,31
MBTD1,31
PPP1R26-AS1,31
LOC105379314,31
LOC105373416,31
KIF12,31
BRIP1,31
TSPAN15,31
GRM6,31
GCAWKR,31
SHMT1,31
BPIFB3,31
SLC39A11,31
PPCDC,31
EEA1,31
SGCE,31
CNGA1,31
TSHZ2,31
DES,31
NCOA1,31
CELSR1,31
FAM239B,31
ENPP7,31
NT5DC3,31
PAX6,31
PHC1,31
SPNS3,31
MALRD1,31
UBR1,31
MADD,31
SYT7,31
CHUK,31
SIMC1,31
ADAM17,31
FAM86B1,31
DCLRE1C,31
BCKDHB,31
CYP2C19,31
IMPDH1,31
LOC338694,31
LINC01173,31
PANK4,31
EME1,31
PRKN,31
LINC02998,31
SLC22A11,31
FAM81A,31
AZGP1,31
NLRP6,31
OXSR1,31
NIPSNAP2,31
MARCHF10-AS1,31
DOT1L,31
LINC02306,31
ABCA8,31
MORF4L1,31
LOC124902282,31
GABRE,31
LINC01954,31
GALT,31
PPM1B,31
LOC105371735,31
ZNF236,31
FAS,31
CHSY1,31
WDFY1,31
MNT,31
SLC6A1,31
DPP3,31
SECISBP2,31
TSGA10,31
MCPH1-AS1,31
LINC02147,31
COL14A1,31
LOC105377989,31
CCDC150,31
CHEK2P2,31
LINC02641,31
VWA5A,31
DUS3L,31
IL25,31
DYNC2I1,31
GAK-AS1,31
COCH,31
LOC102724193,31
ADAMTSL4,31
CC2D1A,31
CHRNA2,31
RAD54L,31
PAK1,31
HADHA,31
DISP1,31
ATG4D,31
KCNA2,31
BIRC6,31
POU6F1,31
NCKAP5,31
ADCY6,31
WDR81,31
ZNF76,31
LOC100507334,31
SORCS2,31
DYRK1A,31
CCDC28B,31
DARS1-AS1,31
MTX1,31
PLCH2,31
USP40,31
VARS2,31
LMAN1L,31
NTN1,31
DERA,31
BPIFB4,31
JAK1,31
SCYL1,31
SENP6,31
TRMT13,31
SH3PXD2A,31
PLCH1,31
LOC105374940,31
EDC3,31
CDK14,31
LOC124902801,31
CYP4F12,31
MGAT5B,31
LOC124904483,31
LINC02458,31
PDE4DIPP1,31
MBIP,31
LINC00345,31
LOC105369608,31
LOC107987142,31
MLLT10,31
PROCA1,31
PHF19,31
NPRL3,31
MYBBP1A,31
RTP3,31
OSBPL3,31
BBS9,31
ALG11,31
TRIQK,31
ACP6,31
EOLA1,31
S100A4,31
FAM245B,31
SNAI3-AS1,31
LOC107986617,31
LINC00316,31
LOC105373456,31
MN1,31
LYZL4,31
DOK4,31
NTN5,31
SRI-AS1,31
DEGS1,31
RASAL2,31
LOC107985698,31
B3GNT5,31
CNOT3,31
WDTC1,31
BRMS1L,31
TMEM62,31
DRC2,31
CLOCK,31
LINC01755,31
LINC03139,31
DLAT,31
TUBA8,31
LOC105369397,31
SUCLG2-DT,31
UBE2W,31
SGMS2,31
SLC6A8,31
CPD,31
MRPS30-DT,31
PPP2R2B,31
BAIAP2L2,31
TMEM182,31
CARINH,31
LINC02210,31
LOC105369595,31
PFKFB4,31
CACNB3,31
GLE1,31
LOC105374263,31
LOC105372493,31
STXBP1,31
LOC101930053,31
LOC105377043,31
C1QTNF5,31
LRRC71,31
RDH12,31
LINC02325,31
PRAME,31
LINC02742,31
CRISPLD2,31
LHPP,31
LOC105373873,31
LINC02142,31
SV2B,31
PSMA3-AS1,31
LOC105376778,31
NBPF20,31
BABAM1,31
ANO9,31
STT3B,31
TMEM61,31
ARSG,31
RIF1,31
OGG1,31
MTUS2,31
AQP7B,31
CFH,31
LOC101928384,31
LOC124904967,31
ZNF23,31
FARP1,31
MYSM1,31
UNC79,31
FAT2,31
ATP6AP2,31
DBF4,31
ZDHHC20,31
UBXN4,31
ARNT2-DT,31
CCDC18,31
AP3S1,31
DCUN1D1,31
LINC01622,31
SYNPO,31
C16orf95,31
LINC02292,31
LTF,31
FBXO7,31
UROD,31
UBE3C,31
LOC124902690,31
ANAPC7,31
SLC26A1,31
DUS2,31
TAGLN,31
EMP3,31
ADK,31
ATRNL1,31
RNF216P1,31
PTPN6,31
CASC3,31
TMEM273,31
SPHK1,31
LOC105370032,31
VPS13B,31
CEP131,31
NTRK2,31
CCDC192,31
LOC107986790,31
DENND6B,31
LOC101927550,31
ERMARD,31
GFOD1,31
MYOM1,31
WASHC2EP,31
SSTR5,31
ADAM12,31
SH2D4A,31
DDX17,31
PPFIA3,31
USP21,31
ECI1,31
LOC124903584,31
RBM20,31
GINM1,31
KAT5,31
ZNF28,31
TRIM66,31
SFTA1P,31
LINC01488,31
BHLHE40-AS1,31
GHR,31
LOC102724465,31
MIR924HG,31
GOLM1,31
PPP4R1,31
ANKRD27,31
LOC105377209,31
VEGFB,31
ST6GALNAC2,31
MKI67,31
LOC124902423,31
LONP2,31
SCAMP5,31
LGMN,31
NIBAN1,31
SS18L2,31
POGLUT1,31
ATXN7L1,31
HERC2P4,31
BMS1P20,31
PRR12,31
TGM5,31
SYP,31
STK39,31
ESCO2,31
ADCK5,31
ACTG1,31
FKBP9,31
MOSPD3,31
LINC01213,31
NLRP3,31
LZTFL1,31
SNX1,31
SLC25A13,31
ATF6B,31
LOC101929007,31
CEP57,31
LOC105376276,31
ALDH1A1,31
CDH5,31
MIR4310,31
MCM3AP-AS1,31
PLBD1,31
TFRC,31
CD99P1,31
CHD8,31
URI1,31
ALK,31
LINC01768,31
ITGAE,31
MISP,31
LOC728743,31
FDXR,31
CPNE8,31
RABL2B,31
NDNF,31
SLC13A4,31
NSUN4,31
TCIRG1,31
GARS1,31
FLT3LG,31
LOC100996671,31
XRCC5,31
SEPTIN4-AS1,31
LOC105371197,31
LOC102724104,31
NUSAP1,31
ADGRF4,31
LOC105375440,31
LINC03036,31
TUBB8B,31
LINC00469,31
LOC102724682,31
EGF,31
TMEM116,31
TRIM24,31
TMIGD3,31
PSG4,31
PEF1-AS1,31
CCL24,31
SPTA1,31
TET3,31
PDE1A,31
RPS6KL1,31
CHRNE,31
FBN3,31
GIT1,31
LOC105376314,31
ARHGEF19,31
ARL17B,31
BRF1,31
ATP6V0A1,31
COG4,31
LINC02777,31
LOC105378523,31
AGO2,31
ERO1A,31
MAD2L1BP,31
WASH7P,31
WASH3P,31
LOC105371747,31
KLHL35,31
BBS1,31
TTLL7,31
AP2M1,31
FAM238C,31
DNAH10,31
HOMER2,31
C2orf92,31
TKFC,31
PNISR,31
CANX,31
RTEL1,31
WASH2P,31
GHRHR,31
USP32P2,31
CDAN1,31
CCDC38,31
LOC105375783,31
LOC105377918,31
C12orf42,31
CSH2,31
CDH3,31
TPM2,31
SDHB,31
ITGB3BP,31
LOC105374371,31
HDGFL3,31
LOC105369435,31
COPZ2,31
ARSB,31
ASPSCR1,31
CKMT2,31
NEK10,31
EXOSC10,31
EPHX2,31
DZANK1,31
LOC105371389,31
LINC01731,31
GORASP1,31
LINC03029,31
DRC11L,31
FAM83F,31
EIF3F,31
MARCHF6,31
FRRS1,31
SLC20A1,31
TRIM5,31
SMCO4,31
GPAT2,31
TRIM45,31
LOC102723446,31
FAM230A,31
FAAP100,31
KIN,31
MCM3AP,31
POMK,31
EPG5,31
LOC105377308,31
MAP4,31
UST,31
LOC124901056,31
ATP6V0D1,31
ADCY9,31
SPAG16,31
LINC02192,31
DPY19L1,31
CEBPB-AS1,31
ANKHD1,31
BBS2,31
LINC01974,31
LOC124904314,31
LINC02327,31
LINC00482,31
LOC107986229,31
LINC01841,31
CUL7,31
FAM230B,31
RBM23,31
PLA2G3,31
KLK12,31
LINC01543,31
PRRX2,30
SAT2,30
MRPS28,30
SHFL,30
AK4,30
DYRK1B,30
MIR7155,30
NAA50,30
PTDSS2,30
AGFG2,30
SRXN1,30
TMED3,30
CFAP97D1,30
ATF7IP,30
GJB3,30
KCNU1,30
ZSCAN5A,30
ST3GAL6-AS1,30
NR2F6,30
BICDL2,30
LOC124904614,30
SON,30
LOC124900460,30
KIF18B,30
TPTEP2,30
TMEM26-AS1,30
ANKK1,30
LOC112268206,30
TEAD4,30
GET1,30
NDUFS6,30
ZPBP,30
LOC100505942,30
ZNF217,30
LOC124903699,30
RNPS1,30
ASB6,30
LOC105373628,30
FBXO41,30
ARRB2,30
LOC124902283,30
KBTBD6-DT,30
SH3GLB2,30
DVL1,30
CTSE,30
MPIG6B,30
TMEM120A,30
LOC107984283,30
IP6K2,30
CELA3A,30
LOC285638,30
TMEM237,30
LOC124903058,30
LOC124900384,30
HOXA11-AS,30
LOC105375008,30
MIR4777,30
TAP2,30
LINC01750,30
LOC107984862,30
BDKRB1,30
QSOX2,30
ARSA,30
DPYSL3,30
COG5,30
STXBP5,30
TMPRSS2,30
RAPSN,30
LINC02721,30
BCL9L,30
LOC105375931,30
GTF2H2B,30
DSC3,30
BDH1,30
LINC02803,30
BHLHA15,30
EMX1,30
RGMB,30
PASD1,30
LOC105375278,30
RTBDN-AS1,30
LINC03025,30
LOC124901251,30
PKD1-AS1,30
LINC01980,30
LOC101929770,30
LINC-ADAIN,30
PM20D1,30
SLC5A11,30
LOC105373023,30
TTC28,30
SLC4A9,30
RANBP3-DT,30
LINC00709,30
PLEKHA2,30
CLSPN,30
NAIF1,30
NCOR1P4,30
HSD17B3-AS1,30
LOC102724080,30
CCDC200,30
PCBP2,30
ATP23,30
SLC6A19,30
GPA33,30
SPPL2A,30
GUSBP10,30
ZC3H18-DT,30
SARM1,30
PIDD1,30
LOC105373881,30
PAQR4,30
LINC02762,30
LINC01081,30
TBC1D22B,30
USP28,30
LOC651337,30
THSD7A,30
ETS1,30
LOC101928093,30
NWD1,30
LOC107984928,30
ARHGAP21,30
G6PD,30
GLDN,30
RIT1,30
APBA1,30
BRPF3,30
TECTA,30
USP36,30
PRR3,30
PROS1,30
PLEKHG7,30
LOC105379224,30
NLRP7,30
SPATA8,30
PODNL1,30
GLYATL1,30
SDSL,30
LOC124905149,30
ZNF821,30
LOC102725180,30
NAA60,30
RAB6B,30
DNAI2,30
PLS3,30
GATD1,30
LINC01418,30
TMEM277P,30
MAPK8IP1,30
MOSPD1,30
ACOT2,30
RBM24,30
ME2,30
GRHL2,30
CLDN14,30
TMEM260,30
PDC-AS1,30
ADAMTS2,30
WDR13,30
MTMR8,30
DACT1,30
RYK,30
NOP14,30
LINC01545,30
MMP23B,30
GPRC5A,30
TPTE2P3,30
LOC124903245,30
LOC124901859,30
LOC124907909,30
GNL1,30
PNLIPRP1,30
PCOLCE,30
LSM5,30
LINC00659,30
ASCL1,30
VXN,30
GRAP2,30
LOC124901023,30
LOC105378849,30
CARD9,30
CFAP69,30
LOC105373891,30
PRPF40B,30
CAPN10,30
PUS1,30
SKIDA1,30
RNFT2,30
HLA-DMA,30
FGF4,30
PSMD2,30
FBLIM1,30
EOLA2-DT,30
LCP2,30
SYNPR,30
ANAPC1,30
FGFR4,30
LAMB2,30
TLE1,30
LINC01237,30
RIC8B,30
FAT3,30
TMEM52,30
GNL2,30
LOC105376646,30
FHIT,30
PXYLP1,30
KRT15,30
DAP-DT,30
EP300-AS1,30
GALNS,30
LINC00524,30
SPATA33,30
SLC25A36,30
NCK1,30
ELAVL1,30
LINC00298,30
ACAT1,30
APCDD1,30
ACSM1,30
MUS81,30
KMO,30
MYH16,30
C12orf54,30
CDH2,30
LOC105373180,30
DSCAM,30
STPG2,30
FMO1,30
LOC105376214,30
LOC100506207,30
WDR87BP,30
GBP1P1,30
LOC105379825,30
DYNC1I1,30
NFKB2,30
GRK7,30
LOC105373703,30
SCRN3,30
BTNL8,30
PPP1R1C,30
FSIP2-AS2,30
PRDM7,30
LINC02934,30
SPATA21,30
LINC02948,30
MRRF,30
LINC02766,30
SLC25A40,30
LOC105375710,30
LOC100288175,30
SIGLEC1,30
NUMB,30
GYG2P1,30
RHEB,30
CYP4F2,30
LOC105371953,30
LOC105369887,30
ALB,30
AXL,30
ITLN2,30
CBL,30
WDR55,30
HAUS1,30
GPATCH8,30
NASP,30
PPARGC1A,30
CFHR5,30
JPH1,30
GRHL3,30
LHCGR,30
LOC124903138,30
RPL23AP82,30
GNS,30
TREX2,30
CDKL5,30
APOBEC3G,30
PACSIN3,30
CFI,30
CAMKK1,30
NSMCE2,30
HLA-DQB1,30
GOLGA6L5P,30
AFAP1L2,30
HK1,30
SPDYE20P,30
ACTG2,30
PLAAT4,30
LOC101927421,30
PPP1R12A,30
SEMA6D,30
FBXO6,30
TMEM8B,30
DKKL1,30
SLC27A3,30
CASC23,30
CDC14B,30
MROH3P,30
RACGAP1,30
BBC3,30
EEF1AKMT3,30
FSCN2,30
FITM1,30
ISCA1,30
CENPX,30
LOC105370003,30
MIR181A1HG,30
ZBTB48,30
LOC105374511,30
MORC4,30
POC5,30
LOC124904242,30
PYCR1,30
LINC01606,30
ZNF114,30
SCN7A,30
WNK4,30
SLC39A13-AS1,30
LOC124903142,30
EMC3,30
ADORA2B,30
LEPR,30
LOC107984200,30
BIRC2,30
LOC102723696,30
SIRPG,30
MOB2,30
PDCD2L,30
AMFR,30
DDX11L2,30
CASP9,30
LOC124901814,30
SOCS2,30
FNDC11,30
FAM161B,30
GGT6,30
SYT8,30
AKAP10,30
BICD1,30
CXorf65,30
STAU2,30
LOC105378414,30
OTUD3,30
ZNF512B,30
LOC101928217,30
LOC105371317,30
RERGL,30
DNAH6,30
VAV3,30
MCU,30
KRT36,30
BOD1L2,30
EDRF1-AS1,30
LINC02241,30
ARHGAP42,30
TFB1M,30
NFX1,30
LRCOL1,30
LINC01523,30
SCAT8,30
LOC105372588,30
LNX1,30
SSB,30
CIDEB,30
ANTXR1,30
OPN1LW,30
EIF3I,30
NKTR,30
PRMT9,30
LOC102723814,30
SYN1,30
MRNIP,30
LOC107985549,30
CCDC63,30
CFAP46,30
AKR1D1,30
ANXA9,30
DNAJB12,30
DENND2D,30
STARD7-AS1,30
FABP6-AS1,30
SLC19A3,30
LINC03154,30
LOC102723789,30
LOC124901905,30
SEC63,30
RNF145,30
SLC44A3,30
HLA-H,30
RNY3,30
MLST8,30
LINC02323,30
CDC25C,30
B9D1,30
CMTM3,30
TINCR,30
HIBADH,30
RUVBL1,30
FHIP1B,30
KAT2B,30
LOC107984561,30
CES1P2,30
LOC105370991,30
MIR5004,30
JAK3,30
PAX5,30
OVOS2P,30
RABGEF1P1,30
PDLIM3,30
SNX2,30
LOC105372740,30
RUNDC3B,30
BRI3,30
OSTN-AS1,30
FUS,30
CLEC2L,30
MAMDC4,30
LOC105371767,30
NUDT8,30
NOP16,30
GBP1,30
SMARCD1,30
XDH,30
ZNF707,30
SYNPO2L,30
LINC00379,30
SHROOM2,30
HOXD3,30
MR1,30
FGFBP2,30
FRMD4B,30
ABI2,30
DONSON,30
LINC01444,30
ZNF845,30
GNAL,30
LOC107985416,30
PISD,30
TMEM223,30
LOC105372861,30
LOC105370265,30
COL11A1,30
RHOC,30
APOA1,30
C19orf81,30
LOC101927566,30
LOC105374591,30
LOC105377845,30
HIF1AN,30
SYPL1,30
MYZAP,30
PPRC1,30
PLA2G1B,30
LOC107984449,30
LOC105373224,30
PGCKA1,30
MIPEP,30
GPR39,30
LINC01053,30
CYP26B1,30
LINC02869,30
EVPL,30
RNF166,30
NPNT,30
METTL4,30
CROCCP2,30
YKT6,30
LOC105373165,30
LOC107987101,30
LOC124904488,30
IL17F,30
RNF208,30
BCKDHA,30
PUSL1,30
NUDT21,30
MARK2P21,30
ARHGEF15,30
PACSIN2,30
CABP2,30
CASQ1,30
SLC2A14,30
WDR11,30
PEAR1,30
LAPTM4A,30
CHST14,30
ABCA9,30
DGCR5,30
STIM2,30
CANT1,30
HNRNPH1,30
SAAL1,30
UBA6,30
AFG1L,30
OSR1,30
DMPK,30
MTVR2,30
MIR5572,30
PCP2,30
AADAT,30
CAMK1G,30
ETNK1,30
CDHR4,30
TEAD1,30
LINC01858,30
LINC01016,30
EBLN3P,30
ADCY10P1,30
LOC124902609,30
SYNJ1,30
PRKCG,30
MRPL23-AS1,30
TRPM2-AS,30
LOC105379829,30
ORC2,30
CCDC91,30
TPCN1,30
CTNND2,30
RASA4DP,30
TAPBP,30
FBN1,30
GYG2,30
LOC105374786,30
FRG2DP,30
ZIC3,30
USP5,30
COL8A2,30
LAYN,30
LMNTD1,30
VPS51,30
FAM9A,30
DNASE2,30
GUCY2EP,30
CACNA1S,30
LOC101928953,30
LINGO2,30
PPP1CC,30
POLE3,30
LOC105375971,30
RUNDC3A-AS1,30
OXT,30
LOC102724323,30
FAF2,30
RBSN,30
SF3A2,30
COL5A3,30
PAPOLG,30
MIEF2,30
LINC01265,30
CCNL2,30
NMT1,30
LOC105372156,30
LINC02122,30
EIF4G3,30
LOC105370188,30
LINC03008,30
LINC01823,30
DCLK3,30
PSMD5,30
EVI5L,30
LINC00440,30
LOC124900988,30
DHX57,30
CCDC158,30
CYP51A1,30
LMBR1,30
TBX1,30
PLCB3,30
CD72,30
TTC28-AS1,30
RASGRF2-AS1,30
RAD54B,30
LINC00574,30
PGM2,30
TCP10L2,30
SKP2,30
LOC105371908,30
SLC48A1,30
LOC107984132,30
LATS2,30
TTC12-DT,30
GPS2,30
LINC01097,30
ILVBL-AS1,30
UQCRC2,30
OCIAD2,30
MAP3K1,30
RNLS,30
NDUFA5,30
RIIAD1,30
LOC124901936,30
USP9X,30
EIF4A2,30
NDOR1,30
TTC34,30
EVA1A,30
LOC101927823,30
HEG1,30
LOC339685,30
GPR143,30
NACA,30
ACAD8,30
SHCBP1,30
ADGRD1-AS1,30
LCN15,30
CYP39A1,30
KRT8,30
SLC25A44,30
SHF,30
VEZT,30
UBE3B,30
FBXO9,30
TET1,30
PSMB3,30
PRX,30
TM9SF3,30
NDUFA7,30
CENATAC,30
LUC7L3,30
MAP2K2,30
ADAMTS16,30
NDUFS8,30
PPIP5K2,30
HCG25,30
CLDN14-AS1,30
PPP2R2D,30
LINC01648,30
NPHS1,30
FAAHP1,30
IQCF3,30
TANC2,30
SLC36A1,30
LOC105372639,30
REN,30
SLC6A12,30
HECTD1,30
CCHCR1,30
LOC105378724,30
ESAM,30
KIRREL1-IT1,30
TNS2-AS1,30
MRPS34,30
LINC01015,30
STIL,30
FLNC,30
PAF1,30
SLC26A5,30
DYNC2I2,30
LINC02491,30
TBC1D3P2,30
FRA10AC1,30
L3HYPDH,30
ZNF503,30
MORN5,30
MSR1,30
MAMSTR,30
HAS2-AS1,30
PRELID2,30
POPDC2,30
SLCO2A1,30
LOC124908032,30
SELENON,30
MIR549A,30
MGAM2,30
APLF,30
KCNC4-DT,30
HP1BP3,30
SPACA5,30
SLC67A1-AS,30
FZR1,30
LOC105372809,30
VSIG10L,30
PEX10,30
KLRG1,30
SLC41A1,30
CHCHD10,30
LGI4,30
WDFY4,30
CNNM3,30
LOC105373611,30
ICA1-AS1,30
NANOS3,30
ASAP2,30
KANK2,30
CFAP43,30
LOC105373960,30
KCNN4,30
NDE1,30
S100Z,30
TMLHE,30
YJEFN3,30
CD86,30
CLUHP3,30
MPPED2,30
GRIK2,30
PRKAB1-AS1,30
ETFB,30
ACSM5,30
ARHGDIA,30
LOC101928128,30
C1orf122,30
PCIF1,30
LOC105374343,30
GOT1L1,30
ZNF275,30
MAP3K4,30
ATP8B2,30
LOC124902666,30
CCN2-AS1,30
CMAHP,30
COL6A6,30
CD6,30
KCND3,30
ISG15,30
ASPA,30
NSUN2,30
PHF11,30
GOT1-DT,30
FNDC10,30
BAHD1,30
FAM118B,30
LOC105372889,30
LOC105378604,30
LOC105371716,30
SLC25A20,30
SAMMSON,30
YME1L1,30
KRT80,30
LINC01902,30
LINC02247,30
ROR1-AS1,30
LOC101929692,30
KIF26B,30
PGM5,30
LINC01312,30
TMEM63C,30
LINC00934,30
OPLAH,30
ARMC6,30
HRK,30
WDR18,30
DMRTC2,30
LINC02730,30
UBE2Q1,30
VPS9D1,30
TM2D3,30
PDK1,30
LOC105375319,30
LOC107987166,30
HPN,30
MLLT6,30
LOC105370785,30
KLF8,30
GUK1,30
NRN1,30
PENK-AS1,30
OLFML2A,30
LINC01503,30
PLEKHA3,30
SMG1P2,30
ACY1,30
ARHGEF35-AS1,30
OR2A1-AS1,30
LOC105378153,30
TMEM238L,30
LOC107987178,30
POLR3C,30
LOC124906281,30
STK11,30
ADAMTS10,30
RCBTB1,30
GOLGB1,30
SEH1L,30
MAPK12,30
CCDC86,30
MOGAT3,30
NEK1,30
LOC100506274,30
LOC105377329,30
RHOBTB2-AS1,30
CORO1C,30
CCDC80,30
PCAT19,30
BIRC7,30
NRIP3,30
VPS33B,30
LOC101928188,30
LOC105371787,30
FBXO46,30
LOC105370912,30
LOC105371401,30
RPIA,30
ARID5A,30
ADAMTSL5,30
ZSCAN12P1,30
DDX60,30
PRR7-AS1,30
TATDN3,30
CABP7-DT,30
PAMR1,30
STK32C,30
TUBBP5,30
PAQR7,30
SLC7A10,30
FAM181A-AS1,30
LINC01619,30
TMEM185A,30
PDE6B,30
CRYBB1,30
SLC14A2-AS1,30
LOC124906004,30
CAMK4,30
FKBP8,30
CDC6,30
LIPA,30
DRD2,30
LINC02981,30
TRO,30
CCDC149,30
MMP2-AS1,30
LHX1-DT,30
SLIT3,30
HHIPL2,30
STARD9,30
MIER2,30
SLC6A6,30
LOC124909377,30
LOC105374408,30
LOC105372004,30
B4GALT7,30
CMTM7,30
LOC105375911,30
LNCPOIR,30
LOC100289473,30
LOC105377754,30
C3orf20,30
POLM,30
THOC3,30
LOC728554,30
KLF16,30
PIF1,30
DNAJC13,30
PHOX2B-AS1,30
GPN3,30
SNAPC4,30
KLF7,30
MEA1,30
BLTP3B,30
TTC13,30
TIMELESS,30
LOC100652768,30
A4GALT,30
TTTY23,30
LOC102724732,30
LRRC9,30
EYA4,30
P2RX1,30
TBXAS1,30
HAPLN4,30
ZNF815P,30
DIMT1,30
FAM135A,30
CDC123,30
C19orf12,30
LINC01412,30
LOC100128076,30
SHD,30
LOC107985383,30
TPRX1,30
FLNB-AS1,30
GALNT17,30
PRDM6,30
HES6,30
TMEM253,30
ZNF547,30
TNXB,30
ADAMTS8,30
CCNL1,30
MFSD2B,30
SEC24B-AS1,30
NAA16,30
DGKB,30
STK31,30
LOC124905109,30
DGCR8,30
FAM222B,30
DKFZp434L192,30
LINC01725,30
B3GAT1-DT,30
SLC9B1,30
PTPN4,30
EDRF1,30
ATF7,30
LOC101929583,30
TEKT4P2,30
SLC12A9-AS1,30
RAB3B,30
LOC105375429,30
ESPNL,30
LINC02749,30
NME6,30
SLC35F2,30
LOC124902298,30
LOC124904094,30
LOC101927636,30
PLUT,30
HCN3,30
TBX5-AS1,30
CXXC5,30
F13A1,30
PPFIA2,30
MYEF2,30
LINC02204,30
TRG-AS1,30
LINC02101,30
LOC112268055,30
LOC124901809,30
REC8,30
LINC02719,30
IFT88,30
PRODH2,30
MYL3,30
GTF2H4,30
KNCN,30
PATJ,30
MCMBP,30
LINC01300,30
LINC01657,30
SPAG17,30
LOC124902513,30
LOC101927827,30
PDPR,30
LOC105377082,30
KY,30
NRAD1,30
LINC01033,30
HCFC1R1,30
BRCA2,30
PRICKLE4,30
THBS3-AS1,30
MED26,30
LINC00581,30
FAM131A,30
TAPT1,30
ARHGEF33,30
LRP6,30
GTF2I-AS1,30
GAS6,30
TRAK2,30
ASIC2-AS1,30
TSNAXIP1,30
WDR5-DT,30
LOC153910,30
DSN1,30
PLXNA1,30
LINC02767,30
CENPS-CORT,30
EVI5,30
LINC00964,30
NTRK1,30
NKD2,30
TPTEP1,30
LIX1-AS1,30
ZNG1A,30
FSTL1,30
LINC02432,30
LOC105371038,30
LOC105376292,30
AGTRAP,30
UBE2D3,30
LOC124902021,30
POLR1C,30
TRAF5,30
MUC16,30
NCS1,30
MAFA-AS1,30
GRIFIN,30
LOC107985044,30
LTA4H,30
LINC01104,30
ADNP2,30
LINC01134,30
ZDHHC5,30
IFFO1,30
MPP2,30
GOSR2,30
EED,30
SLC25A34,30
GALNT16,30
SLC12A2-DT,30
SLC15A4,30
SLC22A25,30
SEC24D,30
LOC101929650,30
TBC1D14,30
LTBP3,30
FAM66C,30
ADGRG5,30
LOC124904321,30
DCBLD1,30
TRIM6,30
PLCZ1,30
SETBP1,30
LINC00454,30
IFFO2,30
CFDP1,30
SLC25A25,30
HCFC1,30
BLTP2,30
ABI3,30
MLC1,30
SIPA1,30
FAM238A,30
DPH5-DT,30
RHOXF1P1,30
CLCN4,30
ANKDD1B,30
LOC105371024,30
FKBP15,30
CCNE1,30
LOC105376637,30
LINC01234,30
FGD5-AS1,30
DDI2,30
CAMKV,30
ECEL1,30
NAV2-AS4,30
PPP1R9B,30
LOC100996662,30
LOC105376568,30
CPT1B,30
PLK3,30
COL1A1,30
CLMP,30
CD34,30
ZSCAN32,30
LOC101929918,30
LOC105369458,30
LOC102724861,30
MIR5589,30
SLC25A5,30
C12orf76,30
F10,30
SLC66A1,30
MGAT4B,30
LAMP1,30
ETFBKMT,30
RASGRP1,30
TMEM117,30
EFCAB13,30
BMERB1,30
LOC101927769,30
ITGAM,30
CCPG1,30
GGACT,30
LOC101927344,30
MIATNB,30
BTBD19,30
PSME3IP1,30
FAM156A,30
LOC105378575,30
PKD2L2-DT,30
WRNIP1,30
NSG1,30
LOC400541,30
LOC107984827,30
TGM2,30
ZNG1B,30
CYP21A1P,30
CYP21A2,30
CALB2,30
CBLN2,30
ABHD2,30
LMF2,30
LOC124901990,30
COL4A4,30
HEXIM2-AS2,30
PRKAG2-AS1,30
KIF9,30
LOC107984734,30
LINC02074,30
HDGFL2,30
PALS1,30
CTSB,30
SUGT1P1,30
PTGIR,30
FCHSD1,30
BRPF3-AS1,30
CNTNAP4,30
YTHDC2,30
POM121L1P,30
CUX2,30
MRPS2,30
ZC3H11A,30
LOC105379377,30
LOC124902160,30
NPHP1,30
LIMASI,30
PLEKHH3,30
SLC27A1,30
EFCAB5,30
SLC4A1,30
CSRP1,30
GRN,30
SPAG1,30
DPP4-DT,30
TRAF3IP1,30
PIAS4,30
LINC02870,30
BRINP2,30
GEMIN8,30
LOC105371888,30
EMSLR,30
TMEM65,30
MCM6,30
MRPS11,30
KPNA1,30
CNOT6,30
SDF2,30
BPI,30
LOC105371274,30
IREB2,30
ROBO1,30
RALGPS1,30
ZNF490,30
PYROXD1,30
LOC124904338,30
LINC01983,30
LOC112268260,30
LOC284798,30
LOC105371256,30
SSTR5-AS1,30
AMDHD2,30
ASXL1,30
PLA2G4E,30
IQGAP1,30
LOC124901622,30
NKG7,30
GPBP1,30
CCNC,30
GPR89A,30
ACKR3,30
CLDN6,30
NHSL1,30
SLC25A35,30
SH3BP5,30
LOC105376041,30
MOCS1,30
LOC107987243,30
LOC105370577,30
CFAP54,30
FBXO24,30
LOC105378479,30
PRKD3,30
HTRA1,30
PIP5KL1,30
HTR4,30
CRAMP1,30
PDPK1,30
LOC124905137,30
LOC124905111,30
LACC1,30
LEF1,30
PNPLA7,30
EDEM3,30
LOC102723834,30
LOC102723413,30
NYNRIN,30
LOC105379133,30
THYN1,30
CPVL,30
PRRT1,30
LOC105373529,30
NIBAN3,30
ARHGAP10,30
EIF2A,30
LHX4,30
PIK3C2B,30
TRAF7,30
FSD1,30
SAMHD1,30
MXD3,30
FAM120B,30
LOC101928039,30
CRYZL1,30
JUP,30
FIGNL2-DT,30
LOC283038,30
HARS1,30
CHID1,30
STON2,30
LOC105376484,30
TUT7,30
PKP1,30
MCC,30
PCBP4,30
IL17RC,30
POLR2H,30
ATP7A,30
LINC02243,30
CTDSP1,30
LOC105372651,30
LOC105378998,30
AKR1C3,30
LOC105375168,30
ERFL,30
TFIP11,30
GOLGA6FP,30
GPC1-AS1,30
CCDC73,30
LGALS4,30
ITGAD,30
C5orf67,30
NRG3,30
BACH2,30
IBA57,30
KCNS2,30
FRMPD3,30
LOC100506790,30
MAP4K1,30
LOC124904016,30
LRCH1,30
TMC4,30
ARHGAP24,30
TP53TG1,30
LOC105369591,30
CPSF3,30
LINC01762,30
PDGFRB,30
SRPK3,30
FAM25BP,30
LOC105377731,30
TNFAIP2,30
PDE4DIPP7,30
TGM6,30
HDAC10,30
CASKIN2,30
LOC124904200,30
LINC01159,30
ISY1,30
DAZ1,30
GHDC,30
LOC105374821,30
ADARB2-AS1,30
CCL22,30
COL4A5,30
GPRC5B,30
RAB33A,30
LOC107985236,30
SORD,30
SNTG1,30
HELLS,30
PABPC4L,30
ACAA1,30
OTOGL,30
TCL1A,30
GSCAR,30
FAM163B,30
IDUA,30
TTTY18,30
PRDX4,30
GPR157,30
SLFN12L,30
SEC14L1,30
PABPC1,30
LINC01252,30
EXOC3,30
NEDD9,30
LOC388242,30
LOC613038,30
TRIM59-IFT80,30
MARS1,30
TBP,30
KIDINS220,30
NAT10,30
CRMP1,30
STK38L,30
AOC3,30
LOXL1,30
RAB40B,30
ADAMTS9-AS1,30
LINC01447,30
KCNG4,30
RAC2,30
NSUN7,30
SPHK2,30
DMRTC1B,30
DMRTC1,30
SYNM,30
ANO5,30
SPATA17,30
FGFR3,30
TRIM72,30
CXXC1,30
NAAA,30
RMND1,30
C6orf163,30
LOC100288123,30
MPPE1,30
LUZP1,30
TMEM132E,30
SMOX,30
ZIM2-AS1,30
BPIFB1,30
AQP6,30
VANGL1,30
LRRC3B-AS1,30
ODF2L,30
LOC101930665,30
FLJ40194,30
C2orf42,30
LOC105373978,30
LOC105374906,30
LAD1,30
PLPP1,30
HEXD,30
APRG1,30
ADAM11,30
WLS,30
B3GALNT2,30
MOB3A,30
SLF2,30
PLAC9P1,30
LOC105374515,30
LOC105374230,30
LINC02580,30
PLGLB1,30
LOC107987099,30
IQCE,30
LOC105376017,30
TRMU,30
MIR431,30
SLC12A9,30
PLXNB3-AS1,30
ZNF143,30
CPA1,30
GEN1,30
MOV10L1,30
LINC01411,30
LOC105369368,30
GNAI1,30
SMC4,30
ABHD17A,30
CNOT1,30
IFT25,30
ZFAND2A,30
LOC101928519,30
TMEM165,30
GALC,30
SRRM4-AS1,30
IAH1,30
ARHGAP40,30
PROP1,30
LOC105371559,30
KCND1,30
ANKRD30BL,30
DPP7,30
SYCP2L,30
LOC105374715,30
IZUMO1,30
SLC25A26,30
LINC02572,30
NBEAL1,30
TBC1D19,30
TEDC1,30
LINC01117,30
COL11A2,30
SLEAR,30
ZFP90,30
ROR2,30
PADI2,30
ANXA7,30
COL25A1,30
PWWP2B,30
TMC8,30
TECPR2,30
EMD,30
ADGRD2,30
ZBTB17,30
ARB2A,30
OVGP1,30
IDS,30
LOC101929756,30
PPP1R16B,30
TTTY9A,30
CFAP90,30
TMC5-AS1,30
LOC124901291,30
PPT2,30
AMD1,30
SAMD3,30
TMEM176A,30
SLC18A1,30
ZNF792,30
ZMYM1,30
LOC102723878,30
ANXA2R-OT1,30
ERICH3,30
PANTR1,30
FBXO32,30
ENG,30
RALY,30
PPIE,30
CFAP52,30
PSG11-AS1,30
EHD2,30
PRICKLE3,30
ATXN2,30
PRPF8,30
RASA4CP,30
FADS3,30
NKAIN4,30
PROKR1,30
DHCR7,30
SEC22A,30
LOC105370068,30
LINC01224,30
UBAP2,30
TTI1,30
LINC02450,30
TMC1,30
GPX3,30
HAUS4,30
FBXL19,30
SH2D4B,30
EGFEM1P,30
AQP12A,30
FLJ33534,30
TENT4A,30
IL17RD,30
COLGALT1,30
TRAPPC13,30
CSMD3,30
TRA2A,30
FKBP9P1,30
EZH2,30
FHL3,30
PLEKHG2,30
NOP53,30
LRRC20,30
AS-PTPRE,30
CTDSP2,30
ACTL6B,30
PSMA6,30
LOC124902499,30
RAB19,30
RNF130,30
LOC105374308,30
LOC105376311,30
SMIM9,30
ANTXRLP1,30
SLC6A15,30
KIF1C,30
KLK15,30
NAA40,30
UBE2E1,30
LOC107985414,30
STARD13-AS,30
HEPH,30
NAA25,30
SNHG28,30
JMJD6,30
FREM1,30
FADS6,30
FUT3,30
HSF4,30
CROCC2,30
NAGLU,30
TTLL8,30
JADE2,30
PRMT8,30
LINC02326,30
TM9SF2,30
LOC105371646,30
CHIC2,30
TBC1D8B,30
KLHL6,30
ATP6V0C,30
B4GALT6,30
LINC01988,30
ASL,30
KIF23,30
S1PR5,30
TFAP2E-AS1,30
EIF4E3,30
CRIP2,30
TNFRSF10B,30
C2CD2L,30
LINC02272,30
SFPQ,30
GRM3-AS1,30
INHBA,30
BRD10,30
BCDIN3D,30
LINC00240,30
SLC4A8-AS1,30
ENEMAL,30
LINC01169,30
LINC02916,30
B4GALT4,30
SH2B1,30
CNTNAP1,30
DDX55,30
LOC124904038,30
MAFTRR,30
LOC124903450,30
RAB11FIP2,30
LOC107986986,30
TMEM43,30
PIEZO1-AS1,30
CYP2B6,30
PSG10P,30
NIFK-AS1,30
INTS7,30
ZNF700,30
LOC101929536,30
COPZ1,30
RHOBTB3,30
ITPA,30
NUBP1,30
LPAR2,30
GALP,30
PECAM1,30
MFF,30
MAP3K10,30
CACNA2D2,30
LOC105375647,30
GPM6B,30
LOC124902142,30
CCDC13,30
CA4,30
FN3KRP,30
ZNF282,30
NADK,30
PRPSAP2,30
IL27,30
GSDMA,30
KANSL2,30
GPC2,30
MBD3,30
HNRNPM,30
P2RY14,30
LOC124900687,30
TMEM120B,30
ZDHHC11,30
TLE6,30
OSBPL1A,30
LOC102723512,30
KLHL7,30
KLF9-DT,30
LOC105373585,30
IL24,30
LINC02768,30
LINC01881,30
LNCRI,30
CPEB1,30
BFSP2,30
CYP2E1,30
TMEM59L,30
GTF2IRD2B,30
MIR6893,30
LINC01046,30
LINC02831,30
NALT1,30
EPHA7,30
PACC1,30
TVP23A,30
AP1G2-AS1,30
ERCC1,30
HABP4,30
NALCN,30
MAN2B2,30
CC2D1B,30
DPH1,30
OCRL,30
LOC107984281,30
CCDC78,30
PERM1,30
WASHC4,30
LCN12,30
PHB1,30
ADAM15,30
DISP3,30
SLC10A1,30
AASS,30
SIRT2,30
PTPN11,30
PLIN5,30
LOH12CR2,30
LOC101927262,30
LOC105372821,30
LOC124901632,30
CDK2,30
LOC105370921,30
ALLC,30
NDUFV1-DT,30
LOC124903188,30
LOC105379172,30
LINC01494,30
DNASE1,30
LINC00334,30
RPAP3,30
PIEZO1,30
KMT2E,30
LOC105372310,30
FNDC5,30
ROCR,30
LINC01859,30
BCKDK,30
NOL12,30
STARD7,30
SLC35D2,30
ATP13A5,30
PAX3,30
HEATR4,30
ADAMTS7,30
BHLHA9,30
RPRD1A,30
SLC67A2,30
GPR84,30
LOC105379117,30
UFSP2,30
OTULINL,30
FBXO15,30
ANKRD36C,30
XLOC_007697,30
ZNRF1,30
KCP,30
SH3YL1,30
TCP11,30
C8orf34,30
PAFAH1B1,30
TH,30
LDB2,30
GPNMB,30
CRTAM,30
LINC02370,30
USHBP1,30
ARHGAP11A,30
ASIC4,30
LOC105376704,30
LINC02256,30
LOC124905069,30
ANO3,30
GGCX,30
PRR15-DT,30
N4BP2L1,30
HLCS,30
RNF8,30
LOC105373032,30
FIS1,30
KLHL13,30
APOLD1,30
LINC02865,30
PATL2,30
LOC112268078,30
ATG4B,30
FGD5,30
LOC124904292,30
MTMR1,30
TBATA,30
PITX1,30
PPIL3,30
ANKRD26P1,30
KIF26A,30
LOC124901299,30
LOC124902117,30
LOC101928697,30
LRSAM1,30
ANGEL2,30
RNF138,30
TMEM54,30
CETP,30
RBM18,30
IL1R1,30
BSG-AS1,30
MYRF,30
GSTO1,30
LOC124907762,30
NFU1,30
LOC105371619,30
LINC03112,30
DRAXIN,30
C1QBP,30
LOC105377604,30
ACSBG2,30
FAM83C,30
SLC25A27,30
ANXA3,30
TBC1D3P1-DHX40P1,30
METTL6,30
UBXN8,30
TNXA,30
AP2S1,30
C8A,30
CHCT1,30
EIF4EBP3,30
AKAP19,30
DEXI,30
LOC105377142,30
BTBD1,30
GTF3C5,30
SMIM33,30
PDXDC1,30
LOC105376442,30
DNMT3L-AS1,30
CBFB,30
RNPEPL1,30
MRPL3,30
CRELD2,30
VPS26B,30
ACSL3,30
GCKR,30
PFKM,30
SERPINH1,30
PKN2-AS1,30
MTHFR,30
BAD,30
LYZL6,30
IGF2,30
EIF6,30
SIM2,30
CALM2,30
BICRA-AS2,30
PPP1R21,30
MTMR10,30
STX16-NPEPL1,30
INHA,30
LINC01670,30
LOC105379499,30
ACVRL1,30
GNPDA1,30
LOC100507336,30
RUFY2,30
CASC17,30
LINC01507,30
LOC107983995,30
ZRSR2,30
MSH2,30
ERCC6L2,30
CLK2,30
SNHG17,30
PVALEF,30
LOC105377979,30
EFHD1,30
LINC00417,30
LINC00592,30
BFSP2-AS1,30
C15orf62,30
ZNF121,30
TRMT61B,30
KCNH3,30
ZIM2,30
CCNB1,30
ARPIN-AP3S2,30
SLC26A10P,30
LAS1L,30
CDHR3,30
SCML2,30
TCF19,30
LOC130890646,30
LOC124904919,30
LINC00051,30
PGAP3,30
HRC,30
IFITM3-AS1,30
SLC1A7,30
LOC105378741,30
PHLPP1,30
ALOX12P2,30
MARCHF1,30
PAFAH1B2P2,30
TPRA1,30
GMPR,30
CATSPERB,30
ELOVL6,30
FBXL12,30
LINC02092,30
ZMIZ1,30
CHD1,30
MAP4K3,30
RASEF,30
PRODH,30
DDTL,30
EVX1-AS,30
SPDYE2B,30
NTRAS,30
LINC01589,30
NCOA6,30
DELEC1,30
DAG1,30
C20orf173,30
MS4A6E,30
NSFL1C,30
GAREM2,30
LRIG3,30
KLF6,30
LOC124906214,30
MIR130AHG,30
TCAIM,30
LOC105372640,30
DNASE1L3,30
MAST1,30
PI3,30
TMEM204,30
FYB1,30
COX11,30
ESYT3,30
ADGRE2,30
CD9,30
GK,30
PLEKHM1P1,30
SUCLG2,30
MIR26A1,30
EPN1,30
GP5,30
SERTAD4,30
SPSB2,30
NBPF1,30
GJB1,30
AK7,30
LOC105372924,30
VARS1,30
CDYL2,30
TFDP1,30
UQCRC1,30
NUP107,30
MYB,30
ERMP1,30
SSX2IP,30
NR2E1,30
LOC107985960,30
FLYWCH1,30
LRRC2,30
GCLC-AS1,30
LOC124904403,30
LOC105370302,30
HRAS,30
FGF1,30
ZNF496,30
LOC105378714,30
ZSCAN4,30
GNAT2,30
PRKCI,30
LOC107986423,30
SNRK,30
LOC124905970,30
LOC124900637,30
CXCR6,30
GRID2,30
MIR4506,30
LOC124900952,30
LOC101929031,30
LOC105376654,30
LOC105372370,30
LOC105373760,30
DMRT2,30
APC2,30
ITPR3,30
LOC105375321,30
KNTC1,30
EDN2,30
HECW1,30
LOC124904939,30
ETF1,30
EPIC1,30
PRCP,30
GSPT1,30
TGM1,30
LOC124903727,30
MAPKAPK2,30
MYRIP,30
NDFIP2,30
LINC02113,30
KIFC1,30
CRADD,30
LSP1,30
PHYH,30
DENND5B,30
SMARCE1,30
PAX4,30
MTR,30
ITPK1,30
GUSBP19,30
LINC02367,30
AP1M2,30
LOC101927745,30
MRPL34,30
STARD3,30
BEAN1,30
LMTK3,30
PPP4R1L,30
SCARF1,30
DCAF10,30
LOC105371934,30
NUTM2D,30
ATP2A2,30
CCNT2,30
VASN,30
SALL3,30
GPR68,30
MCCC1,30
LOC124901241,30
LOC100502572,30
LOC729291,30
CLDND1,30
LOC105373554,30
BNIPL,30
ZNF43,30
FAM149B1,30
EFHD2-AS1,30
KCNS3,30
LOC124905020,30
PKD2,30
KRT78,30
SLC35D4,30
MTRF1L,30
IRX2,30
PNP,30
HLMR1,30
TARBP1,30
XRCC6,30
LOC105372112,30
LOC124901604,30
MRPS31P5,30
BAP1,30
LMO1,30
LBHD1,30
DDX49,30
ABCB5,30
ESPL1,30
ARID4A,30
DNAJB13,30
NPM2,30
NIPBL,30
ITGB3,30
LOC105376635,30
TRMT1,30
ZNF610,30
LOC124904942,30
UCK2,30
LDLR,30
ZNF587,30
GPR146,30
LINC01770,30
CHRDL2,30
ACADL,30
LOC107984974,30
TUBD1,30
HSP90B1,30
SERAC1,30
NLRC3,30
ZNF839,30
POGLUT2,30
MIR106AHG,30
XRCC2,30
SLC35E2A,30
CALM3,30
LOC102724624,30
LOC105371580,30
TRIM55,30
PRKAR2A,30
ADAD2,30
RABGAP1,30
THAP4,30
L1CAM-AS1,30
RFC4,30
NUP160,30
AJAP1,30
PPP1R1B,30
CHTF18,30
OR52I2,30
LRIG1,30
LINC02107,30
MMP21,30
LOC124908056,30
ZC3H4,30
MEIS3,30
CDH13,30
WDR25,30
RALB,30
LOC105369587,30
KLF13,30
EPSTI1,30
PPA2,30
GSTO2,30
C1QTNF7,30
STX2,30
VASH2,30
KIZ,30
ADGB,30
EFCAB14-AS1,30
MINDY4,30
RIOK3,30
TEX38,30
GUSBP4,30
TRPC6,30
PDE9A,30
LOC101928012,30
GBGT1,30
AGAP4,30
LPCAT3,30
LONRF1,30
LOC105374945,30
LOC124902473,30
OAS1,30
SAGE1,30
ECMXP,30
LOC105371642,30
LOC105376951,30
LOC105374822,30
NDUFS3,30
VSIG4,30
LOC105370680,30
LINC01697,30
RP1,30
LOC100132004,30
BRD1,30
GSTT4,30
TOP1,30
LINC00548,30
MCM2,30
HERC2P7,30
HERC2P11,30
PABPN1L,30
TCAF2,30
FLJ32255,30
LOC105375864,30
AFMID,30
LGR4,30
SLC38A1,30
ZGRF1,30
TXNDC8,30
LOC107986392,30
LOC105375114,30
MAP2K7,30
HES7,30
RAI1-AS1,30
LOC105373182,30
HOXC6,30
LINC02584,30
LOC105371388,30
EEIG1,30
GZMH-AS1,30
LOC107985808,30
SLC29A1,30
LOC105376409,30
THUMPD3-AS1,30
EIF3M,30
LOC124904772,30
GPSM2,30
SMAD1-AS1,30
PRAM1,30
LOC101928906,30
NFYB,30
LINC01698,30
SYVN1,30
LOC124904049,30
EIF2B4,30
LOC124904487,30
DBF4B,30
CCN5,30
GALNT16-AS1,30
CLDN10,30
AVPR2,30
ASXL2,30
SAMD8,30
RNF217,30
EPHB3,30
SAR1B,30
RPLP0,30
ASTN2-AS1,30
LOC105374392,30
LYPD3,30
LINC03056,30
LINC00537,30
PDE6A,30
ERI1,30
SKIL,30
PRSS36,30
ANKRD13D,30
SEC23IP,30
FBXL7,30
LINC00376,30
NKX3-2,30
ARHGEF34P,30
LINC02552,30
ALAS1,30
POLR2B,30
TRIM15,30
WDR46,30
TMEM38B,30
RPL7,30
MEMO1,30
SLC25A42,30
STAT3,30
LOC107987039,30
ITM2C,30
THBS4-AS1,30
RAB8A,30
LCA5L,30
DDHD1-DT,30
WDR64,30
LOC105379350,30
PDS5B,30
GGH,30
TMEM141,30
EPN3,30
CACNA1F,30
CORO7-PAM16,30
LINC00384,30
NR5A2,30
WASHC1,30
NUDT22,30
MTMR9LP,30
FAM9B,30
LOC124902787,30
POC1A,30
ZNF276,30
CDK16,30
TESC-AS1,30
NBR1,30
TMEM108,30
WASH9P,30
ARHGAP9,30
FBRS,30
STRIP1,30
RAD23A,30
JMJD8,30
COMMD4,30
RASA3,30
CDKL3,30
LOC101930071,30
RPS2,30
CA11,30
SLC35E1,30
TOM1L1,30
LOC124909427,30
GRAMD1C,30
LOC105370485,30
ZNF765,30
ATE1,30
LINC02649,30
DUT,30
INTU,30
TMEM72,30
KNOP1,30
FCGR1BP,30
PDE4C,30
BCL2L1,30
MATN1,30
LINC00880,30
CCDC77,30
KIAA1671,30
GET4,30
DGKH,30
AXIN1,30
RABL2A,30
ATG16L2,30
LOC644277,30
LINC02941,30
ATF2,30
LOC105372787,30
CEPT1,30
KIAA2012,30
TANC1,30
LRCH3,30
KCNIP4,30
LINC02773,30
CLCN2,30
RELT,30
LINC02391,30
CCR6,30
CYP4Z2P,30
LINC01500,30
CYP4F29P,30
RGMA,30
HAPLN1,30
LOC107986092,30
NKD1,30
LOC107985005,30
SUGCT,30
DNAJA1,30
CES5AP1,30
NT5E,30
LOC112268044,30
FOXRED1,30
PTRH1,30
FAM239A,30
SLC25A30,30
KMT5B,30
TXNL4A,30
FAM167A-AS1,30
TMEM132B,30
PAX6-AS1,30
SMAD1,30
CDKN1A,30
HSD3B7,30
CMC1,30
LENG8,30
LOC107986734,30
ZNF564,30
NBPF13P,30
CSTL1,30
CDKN2A,30
CTSV,30
PXMP2,30
UGGT2,30
PAX8-AS1,30
PRR19,30
LOC100128885,30
DHX40,30
TXLNB,30
ATP5MC2,30
GNB3,30
ZNF341,30
RBP5,30
LOC105378565,30
LINC01320,30
NUBPL,30
RSPH10B,30
RSPH10B2,30
LOC107985931,30
SHTN1,30
GNPAT,30
GIPR,30
SNX24,30
LOC107985342,30
GSEC,30
ZNF317,30
CTU2,30
TAF1C,30
LOC105376127,30
LOC102725258,30
LOC105370781,30
ZGPAT,30
CIART,30
PRDM4,30
LOC101928775,30
TCTN3,30
CYP8B1,30
LOC100132154,30
RAB3IL1,30
LOC105374524,30
LINC00929,30
RBM39,30
LOC105370886,30
LINC00523,30
PCDH10-DT,30
CLCN3,30
SPNS1,30
NID1,30
LOC124901035,30
LOC105376426,30
PLCXD1,30
LGALS8,30
LINC02310,30
LOC105372710,30
ARMCX5,30
TTTY12,30
RREB1,29
PDRG1,29
NELFE,29
USP17L1,29
USP17L3,29
USP17L4,29
USP17L8,29
USP17L7,29
ZBTB11,29
USP17L2,29
LRRC8C,29
MGST1,29
HBEGF,29
NOVA1-DT,29
CUL5,29
LOC105374094,29
SP6,29
TEX29,29
FAM99B,29
LOC101928347,29
INSYN1-AS1,29
LINC01060,29
APOM,29
MYDGF,29
LOC101928263,29
CCDC71,29
ALDH7A1,29
LOC128966706,29
CACNA1C-AS1,29
LOC124904009,29
LINC01821,29
ACTMAP,29
RASIP1,29
LOC107984468,29
SYNE3-AS1,29
GPER1,29
ABTB1,29
ESRRA,29
LIMS3,29
EIF2AK3-AS1,29
RPN1,29
LOC105376781,29
TMEM130,29
ABCB4,29
LOC105371159,29
ZFY,29
MPI,29
LOC105371597,29
DEGS2,29
FRK,29
LOC107984388,29
CLCA2,29
MIR4793,29
ZNF576,29
HPCAL1,29
SUDS3,29
RPL34-DT,29
LOC102725227,29
TEX15,29
LHFPL5,29
TRIM52,29
TC2N,29
SSU72,29
SMIM5,29
RBM38,29
LOC124900189,29
NR1H4,29
B3GALT5,29
LINC01283,29
LOC105371701,29
DENND1C,29
CACNB1-AS1,29
LMO4,29
LOC105374796,29
IQGAP3,29
LOC124903034,29
LOC105369213,29
NR1I3,29
DNAAF11,29
LINC01874,29
PREX2,29
HAUS5,29
LOC100130698,29
LINC03103,29
LOC105374697,29
CTNNAL1,29
CABLES2,29
LIPE,29
CA1,29
UBE2D4,29
PDK3,29
SLC25A10,29
UPP2,29
GALNT15,29
PRKG1-AS1,29
ALDH1L1-AS2,29
LINC00908,29
LOC124903917,29
SCPEP1,29
LINC00977,29
LOC124903622,29
KLHL36,29
LOC124901118,29
RASGRP4,29
LOC105379242,29
FAM219A,29
PTGDR2,29
LOC101927609,29
LOC124901242,29
MIR6715B,29
TFF3,29
STMN3,29
LOC105372839,29
SIGLEC7,29
LOC107985072,29
JDP2,29
LOC105375933,29
RHCG,29
LOC107984218,29
UROC1,29
COL19A1,29
LCN8,29
MAP9-AS1,29
MIR8059,29
LOC124902947,29
LOC107986930,29
LOC105370802,29
RMST,29
LOC105370772,29
LOC102723985,29
LINC01339,29
KCNMB2-AS1,29
MXRA8,29
MIR5587,29
TMCC1-DT,29
CTBP2,29
LOC100310756,29
LOC105371376,29
LOC105370007,29
TOMM20,29
DDX27,29
LOC101928255,29
RIGI,29
LOC105371272,29
ZSWIM4,29
HPN-AS1,29
OVCH1,29
HCG17,29
LOC124902868,29
LOC124900777,29
EBF3,29
NANOG,29
LINC01388,29
RAD21L1,29
FOLR1,29
LOC105373933,29
MYL10,29
LINC01061,29
DDX19A,29
STEAP2,29
LOC101929510,29
SRP54,29
FGD2,29
SLC35A3,29
LINC01956,29
LOC105372430,29
LOC124901399,29
HAX1,29
CHRNB4,29
LOC105370669,29
IGFL4,29
MIOX,29
ATG5,29
GMIP,29
LOC105378356,29
ELP4,29
SYCE2,29
NEXN,29
CFAP410,29
CCND2,29
LINC02381,29
ZNF536,29
TRIM74,29
LOC100288728,29
FERRY3,29
LINC01249,29
LOC105369617,29
LOC124900935,29
SULT6B2P,29
LINC03049,29
KC6,29
LOC105369808,29
TACR2,29
LINC01582,29
EMBP1,29
LINC01807,29
LOC105369315,29
FIZ1,29
ZNF285,29
TP53TG5,29
KLF17,29
SYT6,29
HDGF,29
SHPRH,29
KIF13A,29
ALPK2,29
BICDL3P,29
RECQL5,29
COL3A1,29
LOC124905962,29
KRT16P2,29
MIR182,29
LOC100506405,29
DRC9,29
LOC124904173,29
LOC107986385,29
INTS6,29
GYS1,29
BTBD7,29
LOC124903672,29
LOC105369905,29
LOC124904040,29
PRC1,29
TBC1D26,29
FOSL2,29
BARX1,29
ROPN1,29
GABRR2,29
POU5F1,29
PTTG1,29
WHAMMP1,29
USP49,29
FCGR3A,29
EFNA2,29
FKTN,29
OAZ3,29
SMG1P6,29
CRISP1,29
LOC101928272,29
STAG2,29
SNRPN,29
MIR205HG,29
SYT16,29
LOC124900496,29
LYL1,29
NDUFB2,29
MBD6,29
LINC02896,29
AGBL1-AS1,29
RORA-AS1,29
MIR5695,29
LOC101927692,29
SLC43A3,29
LOC105379182,29
LOC101926964,29
LOC124902453,29
LOC124901070,29
ACTC1,29
MBNL3,29
IER2,29
ATP7B,29
FES,29
HYI-AS1,29
FKTN-AS1,29
ELL,29
ATG2A,29
LOC105376995,29
HISLA,29
GRTP1,29
UTP14A,29
OS9,29
ZNF219,29
LOC105379772,29
LINC01281,29
CPEB4,29
LINC01138,29
PORCN-DT,29
LINC01948,29
GPR15LG,29
LRRC77P,29
NEK2,29
PCP4,29
HUNK,29
NPIPA8,29
NPIPA9,29
ZNRF2,29
MPHOSPH10,29
GMPR2,29
MIPOL1,29
TTC31,29
LHX9,29
ZNF346,29
PLEKHJ1,29
TOP2A,29
IGFBP7-AS1,29
SHROOM3-AS1,29
CBX5,29
OPRM1,29
LOC105370890,29
CNTD1,29
TMEM107,29
LOC105369935,29
RUSF1,29
CIAO2A,29
LOC107984215,29
TRIM7,29
LINC00494,29
LOC105374253,29
RBBP8,29
CNN3,29
DRC5,29
LOC105370854,29
SERINC2,29
PSMC5,29
LCOR,29
KIF26A-DT,29
IGFN1,29
LINC00184,29
ZNF354C,29
CELF3,29
ZBTB14,29
ABTB3,29
SLC25A28,29
QRFP,29
ATP6V1C2,29
LOC102725228,29
FMO3,29
ZNF689,29
LRRK1-AS1,29
BIN1,29
IFI27,29
GGTLC3,29
CA10,29
SENP2,29
LINC03041,29
SPMIP4,29
LOC100134040,29
BOD1,29
PTTG1IP2,29
DDX59,29
RRP9,29
FIBCD1-AS1,29
LMBR1L,29
SDAD1,29
WBP1L,29
LOC101928570,29
LOC105378433,29
BUB1B-PAK6,29
SLC38A10,29
NRIP1,29
NDFIP1,29
BRDT,29
ANO8,29
PPP3CB,29
MVD,29
SERPINA9,29
LOC107986854,29
LOC105370647,29
PRPS2,29
LOC102723639,29
LOC101928274,29
RIPOR3,29
ATXN1,29
IGFALS,29
CD274,29
NDUFS7,29
CLRN1,29
LOC124904642,29
AK2,29
AMOTL1,29
IL12B-AS1,29
LINC02166,29
IRX1,29
LINC01151,29
PPP2R2A,29
DRC1,29
MMRN2,29
C1R,29
RNF38,29
NCF4,29
LOC107984193,29
NCAPD3,29
LOC107984495,29
LINC02842,29
CHST11,29
TAF5,29
UBXN6,29
CDH8,29
STX1A,29
NPL,29
RBBP6,29
LINC02320,29
DHRS9,29
CHRM1,29
LOC124903933,29
PRPF4,29
LOC105370575,29
LOC124901073,29
AGAP1,29
PGLS,29
MON1B,29
SEPTIN9-DT,29
GFM1,29
PTPRN,29
MANEA,29
COL5A2,29
IFT122P3,29
OCLN,29
MIR4436B1,29
LINC02829,29
PDE7B,29
IKZF1,29
LOC105374036,29
LINC01934,29
ANO7L1,29
LINC01227,29
NVL,29
LOC107987086,29
PRKCA,29
CD2AP,29
GLIPR2,29
CDC37,29
FAM174A-DT,29
NDST2,29
RCC1,29
ZNF674-AS1,29
ITPRIPL2,29
ADAM21,29
GALNT3,29
GNG4,29
SMIM15-AS1,29
LOC124902038,29
ZNF668,29
FAHD2A,29
PRKG1,29
LINC03011,29
PAXIP1-AS2,29
LOC105374661,29
LOC117779438,29
TMEM144,29
WWOX,29
SNORD115-40,29
OBSCN-AS1,29
PRSS30P,29
DMAC2L,29
NREP-AS1,29
LOC100506016,29
LOC105369339,29
LOC124902199,29
INPP5E,29
RESP18,29
PDHA1,29
FOXO6-AS1,29
TMEM150B,29
TCP11L2,29
C10orf88,29
GNE,29
LOC105372412,29
ILK,29
LOC105377697,29
LOC105371288,29
FMNL2,29
LOC105370324,29
SDCBP2,29
GALM,29
GPAT4,29
INTS10,29
COMMD6,29
AKAP3,29
ELL2,29
SPART,29
SLC39A8,29
LINC02963,29
LDB2-AS1,29
CYP2G1P,29
HERC3,29
RNF150,29
PSMC6,29
MGAT4A,29
PARVA,29
FAM24B-CUZD1,29
LGALS3BP,29
LOC105379174,29
KISS1R,29
HS3ST4,29
SIRPD,29
ACVR1B,29
RNMT,29
BAG6,29
FILIP1,29
THRAP3,29
LOC284240,29
IQANK1,29
LINC01564,29
FAM83G,29
GABRB2,29
LOC124907997,29
OTULIN,29
MRTO4,29
MICA,29
ITPR2,29
LOC105375010,29
SLC35G2,29
DCST2,29
CAMKK2,29
LOC105374455,29
CARMN,29
RIMKLB,29
IL17RE,29
ELF2,29
FBXL17,29
NAV3,29
LOC101927845,29
SCYGR4,29
COG1,29
LOC105369995,29
DDIT4-AS1,29
SNRPF-DT,29
ST8SIA6-AS1,29
EVPLL,29
MYRFL,29
NSDHL,29
NETO1-DT,29
DPM1,29
APOBEC3H,29
EPS15,29
PDAP1,29
AKAP14,29
IBA57-DT,29
DNAJB9,29
SLC25A22,29
LINC02808,29
HROB,29
SCN1B,29
LINC00475,29
LOC107987011,29
LIRIL2R,29
SLC6A11,29
NBPF11,29
FEZF1,29
MALT1,29
ICE2,29
LOC105377730,29
ULK2,29
ZMYND15,29
GJB4,29
MKNK1,29
OR2S2,29
ANKRD52,29
STARD8,29
ICE1,29
SNHG31,29
SPATA22,29
ZNF56P,29
TNFRSF14-AS1,29
PPP3CA,29
ALDH3A1,29
PPP1R10,29
ATP5PO,29
TEAD3,29
PRSS56,29
NDEL1,29
TMEM209,29
RPGR,29
LOC124903350,29
KLHL42,29
GRIN2D,29
MDGA2,29
LOC124900310,29
TRPV4,29
METTL2B,29
HSD11B1L,29
LOC102724958,29
TPM4,29
LOC101928419,29
ARK2C,29
MANCR,29
NUDT14,29
LOC102724684,29
MTG1,29
LINC00693,29
KRT19,29
LAX1,29
EEF2,29
PER3,29
UNC13C,29
MUC3A,29
LINC02195,29
FAM242A,29
ARL5C,29
SHKBP1,29
C1QL1,29
FAT1,29
BEND2,29
ILRUN,29
LNCARSR,29
L3MBTL3,29
LOC105378120,29
KIAA2012-AS1,29
LOC107984222,29
ARSD,29
LINC00543,29
C12orf56,29
ATP8B3,29
MT1DP,29
HBS1L,29
HBE1,29
BCL2,29
HMX3,29
CDIPTOSP,29
MRGPRF,29
LINGO1-AS2,29
AP4B1,29
PXDC1,29
CCDC125,29
ANKRD53,29
NOS2,29
PLEKHM3,29
VAMP5,29
LOC105371664,29
CSNK1G2-AS1,29
THNSL1,29
BECN1,29
LOC107986777,29
MAPK3,29
C5orf22,29
TUBGCP4,29
CYP2A6,29
MIDEAS-AS1,29
CENPE,29
PRMT1,29
STXBP6,29
SEMA4A,29
ULK4P2,29
ULK4P1,29
LOC101929098,29
ALG6,29
TSKU,29
DNAI3,29
LOC124903481,29
LIME1,29
RPS4X,29
GRM2,29
MRPL49,29
LINC01744,29
LOC105372695,29
SLC22A6,29
HSD11B2,29
LOC105372980,29
TEF,29
RABGEF1,29
LOC107986432,29
CRAT,29
SLC17A3,29
RIPOR2,29
FAN1,29
MIR4752,29
MYRF-AS1,29
LINC02347,29
PITPNB,29
MATN4,29
MLH1,29
GSDMB,29
SMIM38,29
LINC00687,29
NEURL4,29
PRDM11,29
LOC105378239,29
KHNYN,29
DALRD3,29
CNTFR-AS1,29
ANKRD20A3P,29
LOC105375577,29
ARMH1,29
NHP2,29
TSG101,29
LOC124905029,29
ABCF1,29
LOC124901951,29
LARS1,29
LINC02533,29
LOC100128079,29
FAM234B,29
MILIP,29
EIF2D,29
LYPLAL1-AS1,29
AIRE,29
ADAM8,29
SAMD5,29
CDK11A,29
ZNF292,29
LOC100133920,29
SERPIND1,29
EPX,29
LOC400464,29
NEK3,29
SLC38A6,29
GNPTAB,29
LINC01095,29
XYLB,29
USP43,29
LRRK2,29
MOGS,29
LOC107986768,29
LINC02087,29
LOC105371583,29
LINC02427,29
VPS33B-DT,29
PPP4R4,29
THPO,29
TEX26-AS1,29
LINC00593,29
DLG3-AS1,29
ZNF395,29
PHIP,29
MIR5189,29
RDH8,29
CUEDC2,29
LINC00620,29
PEG3,29
CDC40,29
CCDC32,29
LOC101929777,29
CDH23-AS1,29
CLSTN2,29
ERBIN,29
FAT4,29
ETV3,29
GTF2A1,29
ISG20,29
DNASE1L1,29
TMEM248,29
NAP1L1,29
LRRC43,29
ISG20L2,29
LOC101926984,29
OLFM4,29
OTUD4,29
LINC00654,29
CRIP1,29
IL19,29
LOC124901675,29
KDM4A,29
TMPRSS15,29
PTK6,29
RBPMS2,29
SENP7,29
CLPSL1,29
ARFGAP3,29
SEL1L,29
LRRC36,29
MIAT,29
LINC01913,29
LOC105370644,29
PLSCR1,29
LRWD1,29
ZNF812P,29
LOC124901597,29
CAPRIN2,29
LINC01667,29
LOC100129540,29
OGFR,29
PSEN2,29
CCDC144CP,29
CCDC144NL,29
WDR20,29
FOXD2,29
LINC00484,29
SMURF1,29
LOC105373195,29
TMEM123-DT,29
LOC101927436,29
LINC00487,29
LINC00630,29
LINC02290,29
GOLGA1,29
TMPRSS9,29
TPTE2,29
SEMA4F,29
CHRD,29
LOC105373030,29
DPY19L1P1,29
SAMD12,29
ANKRD26P3,29
TTBK2-AS1,29
CNBD1,29
ITPRIP-AS1,29
DHX9,29
SULT6B1,29
LOC105371796,29
LOC107984364,29
ACTN3,29
MYL12A,29
RCCD1,29
RANBP2,29
ORAI1,29
LOC105375131,29
SYTL4,29
STK32A,29
D21S2088E,29
ULK4,29
TTLL9,29
LOC105370176,29
LOC105373075,29
SORCS3,29
LOC101929532,29
SCRG1,29
LOC646030,29
TMEM151A,29
LOC105377235,29
HTR7P1,29
LY6L,29
LOC285191,29
CCDC144NL-AS1,29
CYLD,29
SLC49A3,29
KIAA1210,29
LINC00662,29
NACAD,29
MT1B,29
NRBP2,29
CD300E,29
MIR1302-7,29
ZMAT4,29
CNOT2,29
CDC23,29
HLA-DOA,29
NSMF,29
LOC107984918,29
MRPL43,29
LZTS2,29
DCP2,29
LOC124905350,29
PPP1R13L,29
EI24,29
ATN1,29
PKIG,29
MAPK4,29
LINC00222,29
LOC105375743,29
SCX,29
GBX2,29
LOC124902326,29
LOC107986888,29
CYP2C8,29
SLC22A2,29
RALGPS2,29
LOC105374593,29
SPRR2G,29
ZBP1,29
LOC107984041,29
DCAF7,29
LINC02681,29
RNF25,29
ITIH3,29
RAB14,29
LOC124908047,29
PEBP4,29
STK36,29
EARS2,29
NFKBIA,29
IPCEF1,29
ICA1,29
RPS6KA3,29
LINC01005,29
CYB5A,29
NECTIN1-AS1,29
GARIN1A,29
RFPL3S,29
LOC105375817,29
LOC124904092,29
SPDYA,29
PNPO,29
LOC105377139,29
POLA2,29
LOC105377975,29
M6PR,29
LOC105378477,29
SLC25A48-AS1,29
POLR2F,29
ZSCAN2,29
LOC105372614,29
MRPL2,29
TRPA1,29
GOLGA8A,29
PSMB10,29
AIPL1,29
LOC105378458,29
PRPF40A,29
RBMY2EP,29
BSN,29
CASC21,29
LINC02266,29
SMOC2,29
APBA3,29
JPH4,29
PKP2,29
LOC105377476,29
LINC00437,29
ORMDL3,29
HID1,29
YWHAE,29
RBM15-AS1,29
HRG-AS1,29
RFX3,29
LINC02125,29
MYLK2,29
CTNNBL1,29
MTBP,29
ST3GAL2,29
PRSS51,29
LOC101927178,29
LOC105375760,29
SHISA8,29
INPP5J,29
POLI,29
CENPP,29
SNRNP70,29
RAB5B,29
C19orf48P,29
PPP2R5B,29
FLRT2,29
BMPR1A,29
LOC100507053,29
OR6B2,29
SLC5A6,29
MMP15,29
LOC101928450,29
LOC105371082,29
SLC5A10,29
TMCO5B,29
SYS1-DBNDD2,29
THY1,29
LOC124901615,29
ARHGAP19,29
TAF12,29
ARID4B,29
TROAP-AS1,29
PARAIL,29
DIPK1B,29
MTSS2,29
PABPC1L2B-AS1,29
LOC124900614,29
ANKZF1,29
DAPP1,29
ATP11C,29
ZNF75A,29
VAV2,29
SEC23B,29
RNF43,29
LOC124902509,29
NOC2L,29
FUT1,29
LINC01532,29
ZMYM6,29
INSYN2A,29
LINC02055,29
LOC102725231,29
ETV7-AS1,29
HLA-A,29
CHTOP,29
KCNMB2,29
PKD1P5-LOC105376752,29
SYF2,29
KCTD13,29
FAM13B,29
NFATC4,29
TMEM198B,29
RFC5,29
BCS1L,29
NOL9,29
CKMT2-AS1,29
DAZ2,29
DAZ4,29
LOC100132078,29
MKX-AS1,29
LOC101927253,29
AVPR1B-DT,29
LOC105379354,29
LDHD,29
LINC01547,29
RTKN,29
LOC107986845,29
PLEKHM2,29
PXDNL,29
LOC105370504,29
TESPA1,29
CMSS1,29
LOC105373409,29
SLC1A6,29
HPCA,29
LYPLAL1-DT,29
GTF2F2,29
LOC105375402,29
CCSER2,29
LMX1B-DT,29
LRRC52,29
HEBP2,29
LOC124904535,29
LINC02651,29
UBXN10,29
DIP2B,29
TRIM14,29
MFN1,29
ISCA2,29
LINC02254,29
SLC22A17,29
GART,29
RPS21,29
LOC112267970,29
CERS2,29
CCDC197,29
RNF217-AS1,29
CWH43,29
IRF3,29
LOC105370832,29
NR2F2,29
RASA2,29
PRMT5-AS1,29
LAMTOR1,29
FCRL4,29
TENM3-AS2,29
LOC101928177,29
LOC124907999,29
PFKFB3-AS1,29
R3HCC1,29
MEFV,29
EIF2AK2,29
NUP62,29
JOSD2,29
PRTG,29
HECA,29
TMEM138,29
DYNC2H1,29
TIGAR,29
EEPD1,29
PSMC4,29
STIP1,29
DYNC1LI2,29
CALN1,29
KIF25,29
B3GNT7,29
CHEK2,29
SPATA31A1,29
PLAG1,29
THEM4,29
MIR497HG,29
LINC02267,29
SERPINB6,29
LINC02529,29
LPCAT1,29
LINC01271,29
PLGLB2,29
GDI1,29
LINC01664,29
PCK2,29
LINC00868,29
SCAT1,29
MRPL46,29
LINC01853,29
MAT2B,29
HHATL,29
CTSF,29
INTS8,29
SPRED3,29
MMS19,29
TTF2,29
PKN2,29
LINC02291,29
CGREF1,29
HYAL1,29
LOC105373346,29
LOC112268127,29
CALR3,29
FAM186A,29
ASPRV1,29
STS,29
CYP3A7,29
IDH3G,29
LINC02827,29
LOC101929643,29
RRP36,29
ONECUT1,29
NUP85,29
ERICH2,29
XPC,29
NDRG3,29
NAA15,29
MAGEA11,29
LINC02965,29
SMN2,29
RETSAT,29
LOC105370330,29
RETREG2,29
LOC102723409,29
SYT2,29
VILMIR,29
MSRB3-AS1,29
FIBP,29
LOC124901714,29
LRRC8D,29
ANKRD18DP,29
EPPK1,29
INO80C,29
DBNDD1,29
LOC101928932,29
RELB,29
ZNF438,29
LOC107986441,29
ALCAM,29
SOCS7,29
LINC02822,29
LY6D,29
CALCR,29
GULP1,29
TMEM243,29
C6orf89,29
OTUD5,29
FAM53B-AS1,29
TTC1,29
OVOL2,29
LOC101927397,29
CYP2W1,29
SERPINB1,29
LOC124901309,29
KCNJ14,29
VSIG10,29
FUT7,29
LPL,29
SGF29,29
LOC105370455,29
ZFP1,29
SPDYE14,29
SV2C-AS2,29
ADPRHL1,29
LINC01565,29
C22orf46P,29
SNAP23,29
ZFP2,29
HSPB6,29
CMTR1,29
LINC02029,29
TADA3,29
CALR,29
TMEM202,29
LOC124904724,29
SMC5,29
LOC105373215,29
GPCPD1,29
TBKBP1,29
ZNF473CR,29
LOC650226,29
MPHOSPH8,29
LOC107985427,29
CALCOCO1,29
DOCK1,29
HSPA1L,29
LOC105370461,29
UBE2D2,29
HHAT,29
COG6,29
LINC01977,29
ZCCHC4,29
TSPAN11-AS1,29
LOC124905136,29
MICALL1,29
ITFG1,29
CRHBP,29
LINC02487,29
PNOC,29
LOC124902224,29
FASTK,29
CD7,29
LINC01949,29
SGK1,29
H19,29
TNFRSF10C,29
LOC105372815,29
LOC105372647,29
ZNF892,29
LOC128966744,29
POLR1B,29
TNFSF8,29
LOC105378589,29
EFCAB6-AS1,29
FOXD3-AS1,29
LOC105373252,29
LOC124902232,29
LOC105375587,29
NBL1,29
LRCH4,29
COBLL1,29
EGFLAM-AS1,29
LOC100240735,29
CSNK2A2,29
SH2B3,29
ZNF16,29
CFAP298-TCP10L,29
LOC105374748,29
ITM2B,29
KIF5C-AS1,29
IL2RA,29
FOXO1,29
LOC124903686,29
PARP14,29
LOC107985177,29
POU2F1,29
FBL,29
UBE3D,29
RNASET2,29
SDCCAG8,29
LINC02199,29
ZNF114-AS1,29
RALA,29
PTTG1IP,29
TPCN2,29
CYP3A4,29
LOC105371348,29
KCNN3,29
ZNF799,29
PALM3,29
LOC105369321,29
PIWIL4-AS1,29
COSMOC,29
LOC105378891,29
ZNF343,29
RTRAF,29
TASOR,29
OPN5,29
LINC01163,29
CCDC163,29
USP44,29
TMEM275,29
LOC124904355,29
CEP295NL,29
LINC02363,29
LINC02273,29
PSMD13,29
RARG,29
SHMT2,29
WDR45B,29
LOC127898556,29
PIGL,29
SDR39U1,29
JPH2,29
RPL23AP7,29
PRR35,29
PRPSAP1,29
TNFRSF10A,29
LOC101927518,29
AK8,29
CEP152,29
ANKS6,29
LEMD1,29
LINC02866,29
LOC105377740,29
SMCR2,29
CDK2AP2,29
XRN1,29
MFSD1,29
ZFP62,29
KCNE1,29
C1GALT1,29
ANKRD34A,29
ZBTB7A,29
PVALB,29
ACD,29
FAM133B,29
GTF3C3,29
USP19,29
DEF8,29
TMEM175,29
LOC102724354,29
LINC00313,29
MVB12A,29
SFRP4,29
LOC105373035,29
UPF3B,29
ADAMTS18,29
SAMSN1,29
MLNR,29
POLG,29
LOC105370547,29
ANGPTL2,29
CCDC68,29
CLCN5,29
RFX5,29
PDCD1,29
LOC105374409,29
TSHR,29
LOC124901026,29
LOC105376588,29
MIR4500HG,29
LOC105373595,29
ZNF232,29
TNFSF4,29
LOC100130849,29
CCAR1,29
CDHR5,29
GTF2H1,29
CDC42,29
LOC101929148,29
GTF3A,29
UTP18,29
FAM107A,29
LOC105377684,29
TENM2-AS1,29
SMARCAL1,29
C2orf74,29
IFI35,29
LOC105378353,29
LOC105377588,29
LOC105372049,29
FXYD6,29
DLGAP1-AS4,29
LINC03104,29
DPEP2,29
LINC02851,29
LRRC4B,29
TSPAN16,29
BAG1,29
PDLIM5,29
LINC02527,29
LOC102723376,29
LINC02564,29
LOC101927764,29
DNAJC22,29
FNDC9,29
LINC02786,29
MTHFSD,29
LOC124905237,29
ACCSL,29
SMASR,29
LOC105376274,29
RAI2,29
PCOLCE-AS1,29
ZNF702P,29
CAPZB,29
CSDC2,29
XYLT2,29
PIGB,29
C19orf38,29
ADGRG3,29
TACR1-AS1,29
NR4A3,29
CLEC4A,29
CAND2,29
SYTL1,29
MKS1,29
LGALSL-DT,29
HERC2P9,29
PTGFR,29
CFAP99,29
ITGAX,29
ABCC5,29
LINC01470,29
CEACAM3,29
TEC,29
LOC105375291,29
NR1H2,29
CDC16,29
BPY2,29
BPY2B,29
BPY2C,29
MIR4294,29
PPP1R1A,29
ARMC2,29
DAZAP1,29
SMIM7,29
ENPP2,29
LOC124905132,29
C5AR1,29
INTS4P1,29
NOP14-AS1,29
VPS4A,29
COG3,29
HACD3,29
SGSM1,29
RAB25,29
LOC101929297,29
PARD3,29
BANCR,29
CASP4,29
PTGDS,29
NCSTN,29
SUCLA2-AS1,29
TPRN,29
MAGEC3,29
AEBP2,29
CFAP263,29
LIN37,29
SLC30A4-AS1,29
LOC124903135,29
LOC107985747,29
MGAT4EP,29
ZNF112,29
KLHL28,29
FANCG,29
SLC2A1-DT,29
LOC102724389,29
PRELID1,29
ELANE,29
REG3G,29
SEMA3C,29
CYP4X1,29
PCGF5,29
ROPN1B,29
SLC9D1,29
LOC124902304,29
ESRG,29
SERPINA1,29
LOC107984750,29
LINC02189,29
LOC107984361,29
ATP6V0E2,29
B3GALNT1,29
FOXRED2,29
SELENOP,29
SERPINB7,29
LOC100287290,29
CTLA4,29
LOC107986760,29
EPCAM-DT,29
C16orf95-DT,29
PDPR2P,29
BOP1,29
RMDN2-AS1,29
PAPPA2,29
ADAMTS13,29
ACRBP,29
LOC124903926,29
MTMR4,29
SLCO5A1-AS1,29
SRPRA,29
MYO3A,29
TRIM31,29
LSM14A,29
LOC101928401,29
USP42,29
WSB2,29
USP32,29
TRAPPC2,29
CA5A,29
LOC101927863,29
PMS2CL,29
LOC105372562,29
RSPO2,29
LOC105374973,29
LOC107985941,29
APOL3,29
MOCOS,29
TLR10,29
GOLGA7B-DT,29
LINC01886,29
SCUBE3-AS1,29
BMP7-AS1,29
CEBPA,29
MINDY2,29
LOC101926935,29
CSF3,29
CFC1B,29
CFC1,29
LOC124903006,29
ENO2,29
NLRP10,29
TDP2,29
F7,29
MYADM-AS1,29
LOC105369960,29
IQSEC3,29
SLC2A4,29
LOC101927243,29
NGLY1,29
SFMBT1,29
LINC02568,29
INKA2,29
LOC124903969,29
OR6F1,29
ACAA2,29
RELA-DT,29
WDR26,29
ZNF516,29
LOC124902468,29
NAGS,29
WNT7B,29
EGFR-AS1,29
WIPI2,29
ARID3C,29
LOC105372383,29
RRAGC-DT,29
MROH2B,29
LOC124901636,29
RCC1L,29
CALB1,29
HERC2P10,29
DCTN3,29
PRR34-AS1,29
TMSB15B-AS1,29
ARL11,29
KIFC2,29
LOC105372716,29
UBE3A,29
LOC105376174,29
ING1,29
SNUPN,29
SLC38A11,29
LINC03063,29
TLR5,29
EEF1A1,29
FCGR1A,29
MINDY4B,29
TUBA1B-AS1,29
GUCY2C-AS1,29
SLC9A1,29
SP3,29
MYH3,29
RASL10B,29
LOC124902766,29
NCF2,29
LINC02763,29
GPR162,29
CSNK2A3,29
ITGBL1,29
LOC101927825,29
LOC124902020,29
LOC105373667,29
LOC107987122,29
PPP2CA,29
TRPC7,29
SEPTIN2,29
RASSF2,29
CAPN9,29
CDS2,29
SMG1P5,29
CCDC74B,29
LOC105372228,29
SLC36A4,29
SLC16A10,29
PSMD14,29
KRT35,29
GRB14,29
TRIM28,29
PSTK,29
B4GALNT4,29
CARHSP1,29
GPT,29
ELK4,29
NOP2,29
SFXN2,29
FAM193B-DT,29
S100B,29
SHC2,29
LOC100507351,29
ELMOD2,29
PLAGL1,29
IL12RB1,29
SEMA7A,29
UPK2,29
LY6E-DT,29
KCNQ4,29
CARD8,29
HERC5,29
FGR,29
ZNF320,29
PHB2,29
SDC1,29
REXO5,29
GPLD1,29
ELF5,29
LOC441666,29
LOC101929710,29
SEPTIN10,29
SLC22A16,29
SERTAD3,29
SEMA3B-AS1,29
ANKRD40CL,29
MAGED1,29
OSCAR,29
MIR4685,29
PLOD1,29
NOL4L-DT,29
PLXNA3,29
HSPB7,29
FAM76B,29
LOC105371954,29
DENND2C,29
LOC105376067,29
MIR4492,29
DNAJB8-AS1,29
HRH1,29
TMEM191A,29
SLC12A7,29
SAMM50,29
TNPO1,29
ARAP3,29
PWRN3,29
ENOX1,29
IGFBP3,29
EPHA5-AS1,29
MCRIP1,29
GSG1L,29
PXK,29
LOC105379121,29
TMEM9B,29
FBXO42,29
SRBD1,29
GPS1,29
STAT1,29
LOC105371307,29
LRIF1,29
SCUBE1-AS1,29
ERAP2,29
LOC105377782,29
LARGE-AS1,29
GOSR1,29
ZNF599,29
AIP,29
TMEM255A,29
SLAIN2,29
FUT6,29
LOC101928573,29
LOC124907742,29
SSPN,29
TMPRSS5,29
SUB1,29
LINC01210,29
PRDX2,29
C2orf74-AS1,29
LOC124903756,29
ALDH9A1,29
MAD2L2,29
LGALS2,29
KILH,29
LINC00029,29
C19orf67,29
CHCHD4,29
GALE,29
KATNBL1,29
TAF15,29
GPR4,29
LOC124901063,29
CEP43,29
ENPP6,29
YBX2,29
ENO1,29
CSRP3-AS1,29
MAN2A1,29
LOC105373488,29
ENPP3,29
PPTC7,29
LOC105369543,29
LOC105377535,29
LOC105377158,29
LINC01990,29
MFSD2A,29
RABGGTB,29
GDPGP1,29
DPY19L4,29
GAPDH-DT,29
VPS54,29
PWWP3B,29
LOC105376621,29
GLB1L3,29
PARVG,29
DPH7,29
MICU2,29
MAPK8,29
STON1,29
TUB-AS1,29
PPAN,29
CCDC124,29
XNDC1N,29
GRM5,29
TDP1,29
PRKAR2B-AS1,29
RILPL1,29
PTPRN2,29
TSEN54,29
C17orf113,29
LOC105370893,29
LINC02235,29
OTUD7B,29
LINC02057,29
METTL16,29
FOXL2NB,29
MNAT1,29
VNN2,29
RPL35A,29
CFL1,29
CLEC4E,29
EPM2A-DT,29
LOC105372862,29
LOC124907754,29
LINC00899,29
TARBP2,29
PDCD4,29
LOC124901784,29
MECOM-AS1,29
ADM,29
ERAL1,29
RHBG,29
TRIM67-AS1,29
CTPS2,29
ST8SIA1,29
LINC01264,29
LOC124904174,29
VIPAS39,29
NOTUM,29
UQCC6,29
MBD3L1,29
SEC62,29
ABCB10,29
VDR,29
ADGRL3,29
HELZ2,29
ZBTB24,29
MZT2B,29
GIMAP5,29
MAGEB2,29
MAN2A1-DT,29
CES3,29
LOC105376217,29
UCHL5,29
RIC8A,29
LOC105379783,29
CDHR1,29
SPC25,29
AKR1A1,29
DAAM2-AS1,29
ALG1L2,29
PRRX1,29
SCART1,29
CCDC83,29
LINC02772,29
HMOX2,29
LINC02255,29
ATXN3,29
LPAR1,29
LOC105370763,29
YEATS4,29
LOC124902178,29
HDAC2-AS2,29
C15orf32,29
DOCK11,29
SCN11A,29
KRT12,29
HLA-DRB1,29
MIR4458HG,29
PSCA,29
LINC00237,29
NPAS2-AS1,29
SEC22B,29
ATF7IP2,29
CCDC157,29
LOC105370972,29
FKBP1B,29
PSMD1,29
LINC02522,29
OCEL1,29
ARMC3,29
PPEF1,29
CELF6,29
LOC100505909,29
LOC124901157,29
MS4A6A,29
LOC105371414,29
LINC00841,29
KIF23-AS1,29
LOC124900731,29
APBB3,29
CALCRL-AS1,29
ENTPD8,29
FGF17,29
TAC4,29
LOC124902502,29
HEMK2,29
DECR2,29
FAM219B,29
ZNF793,29
REL,29
RRAS2,29
MCTP2,29
PLIN1,29
MDM2,29
UNC5A,29
LOC105378639,29
LOC105373744,29
MKNK1-AS1,29
LOC105376399,29
ZC3H12D,29
NKX2-2,29
PRELID3A,29
LOC124904188,29
NHLH1,29
DUOX2,29
LOC105370063,29
LOC105373204,29
NMRAL1,29
MIR652,29
KRTAP12-2,29
VLDLR,29
ROPN1L,29
NPAS1,29
LOXL1-AS1,29
LOC102723870,29
LOC107986550,29
LINC01443,29
LOC105372524,29
ACBD5,29
SIGLEC9,29
MTO1,29
ZNF771,29
EIF2B3,29
LOC105371818,29
UBE2B,29
CHCHD6,29
UNC5CL,29
LOC105376526,29
COPE,29
KLC2,29
NANS,29
ZNF662,29
GM2A,29
ALKBH5,29
LOC124901819,29
ATP6V1E2,29
LOC124903185,29
LINC00885,29
ZMYM2,29
PBLD,29
GAPDH,29
DHPS,29
VCF1,29
AREL1,29
ABCA5,29
ARHGEF2-AS2,29
ZNF460,29
ADAM33,29
AKAP8,29
ENDOV,29
KIAA1217,29
TRADD,29
TTYH1,29
LINC02824,29
PSMD9,29
RAB9B,29
SEPTIN6,29
DCAF11,29
TTLL2,29
USP32P1,29
SAMD13,29
TBRG4,29
EBNA1BP2,29
PER1,29
CALU,29
GTPBP6,29
LINC02073,29
GRPEL1,29
DUSP14,29
NR6A1,29
SNCAIP-AS3,29
FAM118A,29
BKGD,29
ZNF701,29
LOC124906892,29
LOC105378586,29
JAZF1,29
LINC00452,29
LOC338963,29
KIF3C,29
LOC105373514,29
LOC105375490,29
LINC01689,29
GPR161,29
EXOSC5,29
GDAP1L1,29
BMS1P22,29
PREPL,29
MIR4697,29
ANHX,29
TMUB1,29
UBP1,29
EIF3L,29
ZCCHC7,29
SPTBN5,29
COL4A1,29
MUSK,29
RARS2,29
FAM230D,29
CHD7,29
LOC101927495,29
UHRF1,29
DNAJC16,29
CTDSPL2,29
SHLD2P3,29
IFIT3,29
DKFZP434A062,29
LINC02737,29
C8G,29
DPYSL5,29
LGALS12,29
LINC01010,29
FXYD1,29
IFT80,29
LOC124903501,29
UBE2A,29
LOC112268458,29
GAD2,29
LINC01374,29
CHRNA5,29
SLC30A3,29
HEPACAM,29
SLC26A8,29
TCAP,29
SCN1A-AS1,29
LOC105378710,29
ADPRM,29
MTMR12,29
B3GNT2,29
CTRB1,29
FSCN3,29
STX5-DT,29
HLA-DPA1,29
TNFAIP8L3,29
SEC22B2P,29
HSF1,29
LOC284600,29
VPREB1,29
ADAM22,29
ARAP2,29
FXYD4,29
HACL2,29
ANKRD20A19P,29
PRMT5,29
MTMR2,29
TLCD3B,29
OGT,29
VTI1A,29
PRKX,29
ERICH6B,29
LOC389765,29
LOC124904546,29
ZBTB7B,29
MMP25,29
CDH9,29
LOC124902676,29
RBM10,29
LOC124907872,29
ACAD11,29
PIH1D1,29
LOC124902259,29
LSR,29
C1orf198,29
LOC124901584,29
VSIG1,29
SUMO2,29
CASP6,29
PYGB,29
BTAF1,29
LOC107985327,29
LOC124902687,29
ST6GALNAC6,29
AQP12B,29
PIP4P1,29
LARGE2,29
LOC107985035,29
ACOT11,29
LOC105371771,29
LOC105373367,29
RETREG1-AS1,29
ITGA9,29
GPAT3,29
MMS22L,29
JAM3,29
LINC01819,29
LOC105375446,29
SYT15,29
PSG9,29
SRP72,29
IDH1-AS1,29
GFI1B,29
PMS2P1,29
OTX2-AS1,29
LOC105376050,29
LOC105379263,29
LINC02066,29
POPDC3,29
SRI,29
TSPAN5,29
SNRNP200,29
CENPU,29
KIF3A,29
CES2,28
WFIKKN2,28
KCNH4,28
EMG1,28
FAM170A,28
SIGLEC12,28
LINC02946,28
ARMH4,28
MIR210HG,28
LOC124903542,28
LOC105377752,28
CDNF,28
USP31,28
IFNA17,28
MRGPRE,28
FASTKD3,28
EPHB6,28
UBL3,28
MYL7,28
F11,28
FAM99A,28
GPX4,28
GPR108,28
LOC124904479,28
EMP1,28
VWCE,28
TCTA,28
EPB42,28
HNRNPK,28
LOC101927157,28
LOC124903349,28
NXF4,28
SIX1,28
AGBL4,28
ZNF451,28
LOC124900665,28
LOC105375518,28
GTF2H2,28
TBC1D22A,28
IFNA21,28
DNAJC27,28
TOGARAM1,28
RNF135,28
SYT3,28
LOC105374492,28
HEPFAL,28
PSMA5,28
LYSMD4,28
RNF5,28
RICTOR,28
DNAAF3-AS1,28
ICMT-DT,28
TXNIP,28
ZRANB2,28
TMEM218,28
MIR6763,28
LOC124903490,28
LOC107986575,28
CCL4L2,28
MBD4,28
LOC101927098,28
LOC124906343,28
LINC02699,28
IGSF3,28
LOC105370135,28
LOC105374329,28
PRRT3,28
LOC101928816,28
ACBD3,28
LIN52,28
SEL1L3,28
TMEM161B-DT,28
CYP3A43,28
RAB37,28
LOC107986623,28
LOC105377721,28
ZNF658B,28
ALPP,28
LOC105375754,28
ARL14EP,28
ANXA1,28
CELF2-AS1,28
RPL32P3,28
BTNL9,28
MADCAM1,28
LOC105372544,28
TPTE2P2,28
LINC00491,28
WDR36,28
NMBR,28
LINCADL,28
LOC105370873,28
TK1,28
EMC10,28
PGA5,28
LOC124900165,28
SSRP1,28
LHX1,28
WASHC5,28
LOC105375268,28
ARL2,28
BACC1,28
MIR5192,28
SETD7,28
LOC101927401,28
LINC00863,28
FAM171A1,28
LOC124907884,28
HTR3E,28
KRT16,28
TRABD2B,28
WDR43,28
LOC105372296,28
SEMA3E,28
TMEM79,28
DRD4,28
GFRA2,28
DHRS1,28
LINC01961,28
TMEM139,28
LOC105373946,28
FAM87A,28
LOC124904340,28
NOVA2,28
ZNF785,28
LOC105375270,28
SNORD115-32,28
LOC124901381,28
LINC02298,28
LOC105375588,28
SPMIP2,28
MIR7848,28
CNTFR,28
ARHGEF18-AS1,28
LOC107986997,28
CERS1,28
LOC107986516,28
MIR3171HG,28
LOC105372042,28
LOC105370463,28
LINC00648,28
OGFR-AS1,28
LOC124902961,28
MIR1250,28
WTAPP1,28
MET,28
LINC01876,28
LOC124904887,28
SMPD1,28
LOC105379082,28
PAFAH2,28
LOC105373605,28
LINC02064,28
SELENOH,28
MIR557,28
LRRTM4,28
LINC02893,28
LOC105370067,28
LINC01358,28
CD300LF,28
LAMA5-AS1,28
MIR4266,28
LOC105375875,28
MIRLET7A1HG,28
LINC02302,28
KCNA6,28
PRR13,28
APOBEC3D,28
CECR7,28
GPIHBP1,28
CALML6,28
CLN5,28
TOX4,28
GPX6,28
ANGPT2,28
SLC2A10,28
LINC01843,28
LOC107986858,28
SP2-DT,28
DLL4,28
ZNF529-AS1,28
LOC105371750,28
LINC02788,28
ANK2-AS1,28
LOC124904025,28
TTLL10-AS1,28
DDB2,28
STPG3-AS1,28
PUM3,28
YRDC,28
CCDC25,28
LOC124902705,28
LOC124902877,28
LINC00690,28
MAFF,28
RPS3A,28
CERS6,28
LOC105374346,28
CRYBG3,28
LOC105370670,28
BUD13,28
TXLNG,28
LINC02181,28
MTF2,28
PTBP2,28
GNG14,28
CMKLR1,28
FBXL16,28
HAR1B,28
LOC105372551,28
TPT1,28
THORLNC,28
ARFGAP2,28
EEFSEC,28
OLFML2B,28
CADM2,28
SLC39A4,28
LOC105376208,28
MYOCD-AS1,28
COL6A5,28
ACP2,28
SLC16A7,28
ZMYND19,28
LOC105373042,28
LOC107986298,28
LOC105375124,28
LOC101929161,28
LOC105370679,28
NPIPB2,28
NPIPA7,28
PRUNE1,28
LOC101927045,28
ZKSCAN7,28
SPATA18,28
LINC02812,28
SAXO4,28
TMEM178B,28
LIMK2,28
NQO1-DT,28
CHMP3-AS1,28
ODF2,28
PLPP2,28
MYCBP2-AS1,28
NCAL1,28
HNRNPF,28
TPST1,28
LOC105369194,28
NCKAP1L,28
LINC01736,28
LINC01763,28
OAS3,28
RAET1G,28
LOC105375148,28
ALDH1L2,28
GPATCH4,28
MIR593,28
ENO3,28
SLC35E3,28
TP53BP2,28
TSR1,28
KCNMA1-AS3,28
NUTM1,28
NOL7,28
C19orf44,28
LOC105370064,28
PNMA3,28
ZNF460-AS1,28
TULP3,28
MXD4,28
PAXBP1,28
LOC101929128,28
LOC105369602,28
DUSP5,28
LOC100129603,28
SELENOW,28
LSM4,28
MIR31HG,28
LOC100506937,28
OR5C1,28
ECH1,28
LOC105373422,28
REM1,28
LOC102724587,28
LOC101928881,28
ABCC9,28
SMG7,28
LOC102723708,28
LOC124909346,28
ZNF436-AS1,28
SLC68A1,28
COPG2IT1,28
LOC105379516,28
LOC100287792,28
SERPINA13P,28
LASP1,28
UBE2L3,28
CR2,28
LOC101928080,28
SETMAR,28
LINC02030,28
LOC105372530,28
MAGEB17-AS1,28
KHDC4,28
ZNF214,28
HMGCL,28
HSD17B10,28
TMED5,28
ERMAP,28
MIR5002,28
DDX25,28
FAM230C,28
MAPK13,28
LOC105376982,28
RBL1,28
LOC105374378,28
CST6,28
GOLM2,28
PTEN,28
DNAJC5G,28
MIR4436B2,28
LOC107986567,28
LOC107986166,28
BAALC-AS1,28
MOXD1,28
SQOR,28
LOC101928965,28
EOGT,28
COL9A3,28
ELP5,28
CCDC81,28
TNFSF12,28
LOC105371062,28
VAT1L,28
MIR4694,28
KNL1,28
SMYD1,28
GOLGA8G,28
MIR6080,28
PLSCR4,28
LOC107987033,28
RGS10,28
MIR4783,28
LOC105370092,28
ACKR5,28
LINC02411,28
HBD,28
PDXP-DT,28
RGS7BP,28
LINC01551,28
KCTD17,28
ACVR2B,28
SNORD115-27,28
HERC6,28
LOC105373954,28
CEP135,28
LINC02752,28
KCNK7,28
LOC105375643,28
BMPR1B,28
LOC105377127,28
PLAC9,28
SPDYE18,28
RRN3,28
RALGAPA2,28
CYMP-AS1,28
CIMIP3,28
PRKRA,28
LCORL,28
ISM2,28
OGFOD2,28
LOC124904543,28
BTNL12P,28
NOXO1,28
LOC100130872,28
LINC02883,28
SEZ6L2,28
IFRD2,28
SSX8P,28
FERMT1,28
CSPG4,28
LOC124901164,28
LOC107984835,28
RAB38,28
RNVU1-14,28
LOC124909446,28
LOC124901741,28
LOC124903376,28
RFT1,28
LOC105369812,28
LOC105378054,28
AAAS,28
MICALL2,28
KLHL22,28
CIMIP7,28
LOC107987059,28
LOC107001062,28
LOC124900711,28
TSHZ1,28
LOC124903172,28
ZNF775-AS1,28
LOC101929863,28
CFAP251,28
LOC102723564,28
EIF5,28
ARSF,28
CRIP3,28
HOPX,28
ADAMTS9,28
CD160,28
LOC124904962,28
TOMM40L,28
SLC7A11-AS1,28
MICB,28
TMEM161A,28
OR7E47P,28
SCAND1,28
ZNF687-AS1,28
KCNK4,28
CGA,28
RLIG1,28
RPAP3-DT,28
ABHD14A,28
RPS6KA5,28
DYRK2,28
TAF1D,28
SLIT1,28
GPR75-ASB3,28
KLK6,28
ZKSCAN5,28
CDH13-AS2,28
PDK4-AS1,28
CEP85L,28
PPM1L-DT,28
LOC105370082,28
TMEM9,28
PIR,28
LOC105379699,28
LINC01726,28
LOC100130357,28
FMO4,28
NUCB1,28
VBP1,28
ZNF207,28
KRT39,28
LOC105378821,28
LOC107987157,28
ATOX1-AS1,28
RCE1,28
SNRPB,28
PDE7A,28
ISL2,28
IFNA8,28
LOC124902613,28
TNFRSF1A,28
RPUSD3,28
PERCC1,28
DEPDC4,28
TCERG1L,28
CCND3,28
GTSF1,28
LOC105374809,28
TBRG1,28
KLK1,28
DUSP9,28
SIX3-AS1,28
LINC01708,28
PUS10,28
ERFE,28
EVC,28
MIR3680-2,28
WDFY2,28
RAG1,28
NNT-AS1,28
ARL5A,28
RUBCN,28
TDRD3,28
CD84-AS1,28
MAP7D2,28
CYP24A1,28
FAM9C,28
FAM246A,28
MRPS31,28
LOC145845,28
MS4A1,28
VDAC3,28
LINC01474,28
C19orf25,28
MIR34AHG,28
KLK11,28
RPS25,28
ADAM19,28
MIR7853,28
CENPM,28
MIR6814,28
LOC124903921,28
LOC101927488,28
CD70,28
RP1L1,28
LOC124907979,28
MIR7847,28
VMP1,28
RAB4A,28
LOC124903629,28
CFAP65,28
SLC7A14-AS1,28
LOC107986482,28
LOC107986564,28
RRAGC,28
EDARADD,28
CFD,28
GTF2F1,28
FKBP5,28
LOC105378412,28
HTRA3-AS1,28
DCAF17,28
RNF167,28
CABYR,28
GPSM3,28
LOC124902210,28
ATP11B,28
RPS15A,28
FPR2,28
HES2,28
CHD6,28
SEPSECS,28
AQP1,28
NFS1,28
MYBPC2,28
EYS,28
LOC105378793,28
LINC03141,28
LINC02060,28
AK1,28
CD320,28
SERPING1,28
NDUFA12,28
POLR3D,28
STAG1,28
WDR48,28
FAM184A,28
LINC02478,28
FOXO4,28
ZNF436,28
SSC5D,28
SLC25A3,28
NRTN,28
SYNDIG1,28
P3H4,28
KLHL32,28
CA14,28
THCAT155,28
ZNF45,28
PYM1,28
NHERF4,28
HBZ,28
CCDC7,28
E2F5,28
THOC1,28
EPB41L4A,28
LOC124902555,28
CYP17A1-AS1,28
SPATA7,28
LOC101928782,28
CFAP65-AS1,28
SEC14L3,28
LOC107984018,28
CEBPB,28
EXOC5,28
C15orf61,28
LOC105373899,28
MFAP5,28
ZMYND11,28
MCMDC2,28
LOC101927942,28
FBXW12,28
PVRIG,28
CEACAM16-AS1,28
GTF2IP23,28
PLD5,28
ZNF511,28
LINC02417,28
EFHB,28
NPIPB8,28
GLYATL1-AS1,28
TSPAN1,28
LINC02582,28
PIK3R4,28
ABTB2,28
KCNJ11,28
LOC124905156,28
TRHDE,28
ARC,28
HAND2,28
NUDT9P1,28
SPATA9,28
IL10RB-DT,28
SLC14A1,28
CISTR,28
DIO2,28
LMNTD2-AS1,28
NBPF25P,28
TNIP3,28
LOC105377727,28
HEATR5A,28
CEACAM18,28
SLC29A3,28
COPG2,28
TRIM2,28
PPME1,28
LINC02021,28
PAQR9-AS1,28
LMLN,28
MIR4456,28
LINC01018,28
DEPDC1,28
LOC105371623,28
THEMIS2,28
FLJ43315,28
TRCG1P,28
IQCK,28
HOXA9,28
MPZL1,28
LOC105377596,28
GABRA5,28
PCID2,28
DLEU7,28
MAP1B,28
ORAI3,28
LOC105372085,28
WAPL,28
MOXD2P,28
ABCB8,28
SGSM3,28
LINC00359,28
DPAGT1,28
ACTA1,28
C9orf72,28
RUSC1-AS1,28
OR8B3,28
LLCFC1,28
KRABD1,28
KCNG1,28
TMEM87A,28
GNL3L,28
LOC107984184,28
BBOF1,28
LOC105372789,28
LOC124904416,28
LOC101929963,28
CLHC1,28
TEKT4,28
LOC107986141,28
PLEKHA8,28
IGSF5,28
SIRPB1,28
ZNF230,28
SYT1,28
BAIAP3,28
MPPED1,28
RPGRIP1,28
LOC101928557,28
DANT1,28
TCL1B,28
NPIPB12,28
ZIK1,28
TRMT112,28
MIR2052HG,28
R3HCC1L,28
RUNX3,28
SERF2,28
LOC105370111,28
MMP14,28
LINC01273,28
LINC02548,28
LINC01705,28
LOC124904272,28
LOC124901002,28
LINC02834,28
SNAP91,28
LOC107986852,28
LINC01031,28
KLC2-AS1,28
ACTR3-AS1,28
MPG,28
PUM1,28
UQCR11,28
TMCC3,28
LOC105376273,28
SLC27A6,28
UBAP1,28
LOC105371031,28
SAP18,28
ZNF420,28
IFT43,28
LOC105377936,28
NHERF1,28
PDLIM4,28
PDGFA,28
RORC,28
DNAAF8,28
LOC105377144,28
DAB1,28
AVPR1B,28
ZNRF3,28
PPM1A,28
UBAP1L,28
DIPK2B,28
AGAP7P,28
LRP10,28
MS4A7,28
WNT2B,28
LOC105374088,28
MYCN,28
LOC101928279,28
MLLT3,28
AIF1,28
HYLS1,28
AKAP8L,28
GALNTL5,28
ATP6AP1L,28
CEP89,28
RNF139,28
SIRLNT,28
ARIH1,28
CSF2RA,28
CLSTN1,28
GAL3ST3,28
GC,28
TRPV6,28
LOC105371509,28
LOC105371984,28
PLA2G4B,28
LOC124903208,28
LOC105372908,28
HNRNPR,28
ATAT1,28
ZNF221,28
GOLGA2P2Y,28
IL17REL,28
SRSF2,28
LOC102724117,28
GOLGA6L3P,28
LOC105371403,28
LOC148696,28
LOC124902615,28
LOC105374976,28
SLC5A1,28
ZFAND4,28
ZNF808,28
MINDY1,28
RPL3L,28
CHRM5,28
NKAIN2,28
LOC102724482,28
MFF-DT,28
CLP1,28
ATP6AP1,28
CLEC4M,28
LOC132205950,28
GLYAT,28
TGM7,28
IMPDH2,28
LOC101928636,28
LOC101927383,28
PDE4B,28
COL9A2,28
LOC105378209,28
MATN3,28
CRISPLD1,28
OASL,28
FCRL6,28
LOC124904335,28
MRPS5,28
SH2D3A,28
GDF15,28
CDR2,28
MOGAT2,28
CDKN1B,28
AP5S1,28
MROH6,28
DCLRE1A,28
PECR,28
KRABD4,28
NUDT16-DT,28
TMEM39B,28
MOB3B,28
CYP4F24P,28
CAPZA2,28
ATG2B,28
GML,28
HDAC1,28
ADAM9,28
LOC105369575,28
SLC5A2,28
LOC101928380,28
ARHGAP11B,28
NFAM1,28
MMP20,28
TMEM242,28
LOC105378248,28
ZNF274,28
FCHSD2,28
DRICH1,28
SRPX2,28
SLC35A5,28
LINC01093,28
MED14,28
ITFG2-AS1,28
MIR187,28
ZNF195,28
MUCL3,28
FSCN1,28
MAGED2,28
LINC00347,28
LOC124903533,28
ZNF319,28
ARRDC1,28
FAM25G,28
C1orf87,28
KCNMA1-AS1,28
MEF2A,28
MFAP3L,28
TUBB4A,28
FH,28
TMEM205,28
RMND5B,28
SAE1,28
KRT1,28
RPL26L1,28
TRDMT1,28
PARP2,28
DMGDH,28
GPR107,28
CASQ2,28
MIR4454,28
LOC105371745,28
ZNF260,28
EPRS1,28
EXOSC8,28
ANO6,28
LOC124900602,28
PMM2,28
IGSF22,28
CD59,28
CT62,28
LINC02894,28
LOC102723339,28
PPP1R3F,28
KLF10,28
LOC101929230,28
LOC102724934,28
DBI,28
APEH,28
CRISP2,28
TMEM109,28
FICD,28
PMPCA,28
LOC124904534,28
LOC105375809,28
IRF6,28
CAMK2N1,28
SYCE1L,28
ARHGAP12,28
TAP1,28
LOC105369511,28
TRABD-AS1,28
ERCC5,28
LOC105373603,28
LOC105372379,28
FREM2,28
TRPM7,28
BCAS1-AS1,28
LINC02923,28
KAT8,28
MIR4429,28
NOC4L,28
NOL3,28
MAP1LC3B2,28
MIIP,28
C22orf23,28
RNF5P1,28
DHODH,28
LINC00303,28
DDX5,28
ZMYND8,28
LOC105372335,28
ZNF410,28
NAPEPLD,28
LOC112267969,28
LINC01342,28
SLC34A2,28
NAPA-AS1,28
LOC124909397,28
TMSB15B,28
MRPL36,28
ACSL1,28
SIPA1L2,28
NOTCH3,28
WAC,28
FILIP1L,28
LINC02554,28
LOC101927389,28
KLHL21,28
NDUFAF5,28
PIP4K2B,28
NCKAP5L,28
LINC02508,28
UPF2,28
TIAM1,28
MIR142,28
ZNF106,28
LOC105379376,28
USP38,28
SLC34A1,28
LOC124901161,28
PHOSPHO1,28
MPV17,28
XPO5,28
DUS4L,28
FCRL1,28
RUSC1,28
HSPA12B,28
SYT9-AS1,28
LINC00479,28
TRERF1,28
ERCC2,28
GNL3,28
PDE1B,28
UBE2H-DT,28
RNF125,28
OLFM3,28
LYRM4,28
FMNL1-DT,28
PSMG4,28
CPNE8-AS1,28
LINC02154,28
HLA-C,28
SHQ1,28
MAGEA2B,28
MAGEA2,28
TMEM9B-AS1,28
LINC03004,28
LOC339593,28
BRAT1,28
TOR4A,28
PANO1,28
ZNF865,28
GTF2IP7,28
ZNF3,28
LINC02348,28
DCUN1D2,28
LOC100506929,28
LINC01516,28
RFPL2,28
STIMATE-MUSTN1,28
CRLF3,28
PLP1,28
LOC105377520,28
LOC107986051,28
FAM3D-AS1,28
UPP1,28
LINC02399,28
MSLN,28
FABP3,28
OSER1-DT,28
AQP5,28
SIL1,28
SPDYE8,28
SPDYE12,28
SPDYE15,28
SPDYE17,28
FAM43A,28
RHEX,28
CD244,28
PWP1,28
LOC105371592,28
LOC124901810,28
LOC124904606,28
NODAL,28
SRRM4,28
LOC124901783,28
ITSN2,28
LINC02546,28
ZNF767P,28
ANKRD66,28
ARMC8,28
PCGF3-AS1,28
CTNS,28
RAB30-DT,28
LOC124905349,28
OSMR,28
NLE1,28
ARID5B,28
LINC01238,28
TEKT3,28
SNRNP25,28
AP3M2,28
LOC124903132,28
PTOV1,28
ARFGAP1,28
RGS20,28
SFTPB,28
TRMT1L,28
GOLGA6L4,28
TRIP6,28
NMI,28
FAM89A,28
DPPA5,28
STAG3L4,28
UNC50,28
MINDY3,28
WFDC2,28
C2orf66,28
LOC105371529,28
LOC105377037,28
KLC3,28
AGAP2-AS1,28
DDX47,28
SPAG6,28
LOC107985136,28
LINC02783,28
SMCO2,28
LOC102467081,28
ZNF846,28
NHEJ1,28
IVNS1ABP,28
LINC01700,28
LOC124904572,28
LANCL3,28
CDK4,28
ZNF574,28
NAPSB,28
DDX60L,28
TMEFF2,28
NDUFA3,28
EWSR1,28
LOC101929823,28
LOC105372571,28
SLC37A1,28
BICD2,28
LOC124902009,28
PRDM10,28
CATSPERD,28
ATPAF2,28
CLCN6,28
ANKRD29,28
LOC124902943,28
GMCL1,28
DENND2B-AS1,28
ZNF724,28
TGM3,28
PIGA,28
SNX11,28
LRRC45,28
PFKFB2,28
GPATCH3,28
LINC01834,28
POU2F2-AS2,28
C10orf95-AS1,28
ARHGAP20,28
KARS1,28
HLA-L,28
LOC105379052,28
IGF2BP2,28
LOC105371204,28
LOC124901091,28
SURF6,28
DVL2,28
LOC124903473,28
ZNF737,28
PDP1,28
SEMA6C,28
NKAIN1,28
PLOD3,28
LOC124903053,28
MDS2,28
NUP155,28
GABRA6,28
GNB2,28
CADPS2,28
PDGFA-DT,28
RHD,28
PHC3,28
LMO2,28
CCT6A,28
LOC102723971,28
LINC01863,28
NKILA,28
EML3,28
EFR3A,28
FKBP2,28
MRPS9-AS2,28
LOC105375949,28
BHLHE40,28
STX1B,28
NOX4,28
CCNI2,28
HDAC2,28
FAM110D,28
ECRG4,28
UBE2F,28
LOC105378948,28
LINC02171,28
LOC107985074,28
GALNT7,28
RAB34,28
UPK3B,28
LOC124909431,28
DHRS7,28
CDK6-AS1,28
TNIP2,28
CEACAM4,28
PLK2,28
SULT1A1,28
TATDN2,28
LOC107986383,28
OR56A3,28
TRIM27,28
HSD17B2,28
SERPINA3,28
MRGPRG-AS1,28
USP6NL,28
EBP,28
LOC105370960,28
ECPAS,28
LINC02639,28
LNCTAM34A,28
LINC00297,28
SLC38A5,28
RFPL3,28
LOC105373069,28
LOC101928211,28
LOC105373872,28
CARNS1,28
TBC1D4,28
LOC124904480,28
FOXM1,28
TRIM26,28
VAMP8,28
ZNF594-DT,28
COX7A2L,28
REG4,28
KEAP1,28
LOC102725532,28
C21orf58,28
ABHD14B,28
COMMD1,28
TCAM1P,28
TLX2,28
CRTAC1,28
MIR7157,28
TEKTIP1,28
CUL4A,28
KRTAP2-4,28
TAFA5,28
ANKRD16,28
RAB4B,28
ENO4,28
LINC03105,28
MAP6,28
SLC9A2,28
LOC124903670,28
GSDMC,28
BRME1,28
DNAAF10,28
LINC01687,28
IPO9,28
LINC00278,28
LOC107986926,28
NEPRO-AS1,28
PGD,28
LOC124900597,28
LOC107986557,28
LINC00421,28
GOLGA8EP,28
GOLGA8F,28
CAB39L,28
COQ7,28
TRIM65,28
LOC124901010,28
MYOZ3,28
NUCB1-AS1,28
ACOXL-AS1,28
CATIP,28
LOC105375049,28
MIDN,28
SMIM12,28
PHF20L1,28
PTH2R,28
HDHD5,28
LOC339260,28
PRLHR,28
BLTP3B-DT,28
PIP5K1C,28
RIC3,28
LINC02516,28
AURKC,28
FOXN3-AS2,28
LOC105378179,28
LOC102723324,28
LINC01840,28
LRRC3B,28
LRRC14,28
LOC124902859,28
TM6SF2,28
UNC45B,28
IPMK,28
CCP110,28
ARMCX4,28
LOC105374943,28
LOC101929129,28
LOC105376451,28
BCAR3-AS1,28
LOC124904520,28
PARP11-AS1,28
RPL36,28
GSX1,28
NKRF,28
LINC02124,28
BMS1P23,28
EMCN,28
LOC107986908,28
RNASEH2A,28
ZNF74,28
LOC107986400,28
LOC124904042,28
PIGV,28
USP24,28
LOC107984421,28
DTX4,28
OAT,28
SNAP25,28
SRSF10,28
SLC39A13,28
SLC52A2,28
LOC124907991,28
LINC01684,28
METTL27,28
BMS1P18,28
BMS1P17,28
PRPF6,28
NAA35,28
LOC124904699,28
LOC107986636,28
TMEM268,28
PLPP3,28
LDAF1,28
SF3B3,28
ISLR2,28
CD300LD-AS1,28
LOC105371729,28
FAM86B2,28
PGC,28
ZNF790-AS1,28
LOC124901657,28
CEBPE,28
MELK,28
ELDR,28
LOC101927432,28
LOC107984309,28
SMC6,28
LINC01625,28
NECTIN2,28
TRPM6,28
TMBIM7P,28
TUFT1,28
KLHL17,28
TOE1,28
KDELR1,28
NPEPL1,28
ZDHHC7,28
RAD21,28
LOC105376434,28
LOC124904185,28
SLAIN1,28
IL17RB,28
KCTD2,28
LOC101927040,28
LOC105375781,28
PPM1D,28
SEC11C,28
GLI1,28
CALM1,28
REPS1,28
GLOD4,28
HCG4B,28
LOC107986782,28
FSIP2,28
LINC01246,28
LINC00398,28
MIR4746,28
BICC1,28
ATG13,28
ZNF316,28
RENO1,28
DHRS11,28
CDK6,28
HACE1,28
RSL1D1,28
SLC12A6,28
LOC107985156,28
CYP2J2,28
LILRA2,28
LOC124903523,28
FAM245A,28
LOC105377924,28
CMKLR2-AS,28
RSAD2,28
ZC4H2,28
LOC107986420,28
LOC102724710,28
SLC41A2,28
ANKRD62,28
TIA1,28
GAS8-AS1,28
LINC02663,28
SIRT5,28
LOC107985126,28
NUAK1,28
LINC02635,28
LOC283387,28
RPLP0P2,28
DDX43,28
SMAD5,28
CHRM3-AS2,28
BTG3,28
UMOD,28
VDAC2,28
MIR6765,28
APOC3,28
PDE4DIPP5,28
TM9SF4,28
SLC31A1,28
MIR4261,28
APOH,28
GPRC5C,28
RPL11,28
LOC124902936,28
LOC101928735,28
HTRA2,28
MEST,28
PLS1,28
LOC124902972,28
CCNQ,28
ATP5MJ,28
LOC107984697,28
CD55,28
MAOA,28
LINC01798,28
LOC124901453,28
PARD3B,28
LOC124903230,28
SEPT5-GP1BB,28
TKTL1,28
MTDH,28
RPUSD4,28
ERCC4,28
RAB17-DT,28
CADM4,28
CAP2,28
RHBDD2,28
WNT6,28
CCDC188,28
ITPKA,28
MIR124-2HG,28
MIR4734,28
ZNF566,28
LOC124904014,28
LOC105374642,28
NT5C1A,28
LINC01833,28
CFP,28
PIM3,28
STEAP3-AS1,28
ATF3,28
PSMA7,28
LOC105371203,28
LOC101927712,28
SIT1,28
KLHDC8B,28
PDGFC,28
PHKA2-AS1,28
LOC105372645,28
CRTC2,28
CPTP,28
LILRA5,28
RDH10,28
CHST15,28
LOC105375059,28
LOC107987016,28
NOL10,28
LOC124904689,28
DEPDC7,28
SNX10,28
LOC107984172,28
SLC35D2-HSD17B3,28
LY6S,28
VTCN1,28
PRSS33,28
PCK1,28
NDUFS5,28
ELSPBP1,28
PPM1K-DT,28
LOC124901908,28
MTIF3,28
KMT5C,28
PPM1J,28
ICAM1,28
HOXD-AS2,28
NCAPG,28
LOC105375925,28
SPATA31J1,28
NMUR1,28
AMHR2,28
LOC107984293,28
SRPRB,28
HSD17B1-AS1,28
CES5A,28
TNFRSF11A,28
TOMT,28
CCDC50,28
CD209,28
SYN3-AS1,28
MAPK8IP2,28
MED25,28
KCTD6,28
LINC02550,28
ADAMTS15,28
LINC02743,28
CD101,28
GRAPL-AS1,28
TTLL1,28
CHRNB1,28
NPPA,28
UBE2C,28
CTH,28
RORB-AS1,28
WDR12,28
VPS26C,28
ABHD16B,28
ABR-AS1,28
NCAN,28
ALX3,28
BCL2L2,28
LOC105379452,28
ADAM7-AS2,28
FAM169A-AS1,28
MIR346,28
NPW,28
LINC02591,28
LINC01310,28
POLD3,28
LOC124901971,28
SOCS2-AS1,28
NSUN5P1,28
PLEKHS1,28
LOC105370820,28
LOC124902479,28
TUBA4A,28
TNFRSF4,28
DCLK1,28
KIRREL3-AS3,28
LINC02709,28
APOO,28
LINC03090,28
LINC01356,28
YWHAEP7,28
HOOK3,28
LINC01515,28
LHFPL3,28
ELL3,28
ABCG4,28
FMOD,28
PYDC2-AS1,28
LOC124906233,28
CXorf49C,28
LOC124906126,28
LOC105372637,28
UBXN2B,28
ARNT2-AS3,28
ADRA2B,28
IPO5P1,28
GGTLC1,28
STRN3,28
CIRBP,28
TMEM86A,28
FAM230H,28
NKX6-1,28
HPSE2,28
PCCA,28
SESTD1,28
TRAF3IP2,28
WARS2-AS1,28
QKI,28
LOC124900693,28
MZF1-AS1,28
NKX6-3,28
LOC124905119,28
MYOCD,28
PPIEL,28
LOC107985659,28
LOC105376850,28
TENT5C-DT,28
FSTL4-AS1,28
LOC105375517,28
LOC105378127,28
LOC105371362,28
CLBA1,28
MST1R,28
LINC01387,28
GTSCR1,28
ORAI2,28
TMED7-TICAM2,28
EFNA4-EFNA3,28
NRSN2-AS1,28
LOC105374493,28
LOC105373567,28
SEC16B,28
NPDC1,28
ADAMTS9-AS2,28
MALAT1,28
LOC124904159,28
ARID2,28
FAM78B-AS1,28
USP18,28
CYP2S1,28
LEFTY2,28
LOC105377395,28
PGAM5,28
LINC00895,28
CMTM2,28
SLC9B2,28
C1QTNF12,28
SSR1,28
DSG2,28
LOC124903704,28
LINC00933,28
LINC00326,28
LOC107987069,28
LOC105379199,28
TUFM,28
LCNL1,28
ZFP36L1,28
MAGED4,28
KIF25-AS1,28
CGRRF1,28
GJA1,28
MIR762HG,28
SMANTIS,28
LINC02103,28
ZNF57,28
DDX46,28
RAMP2-AS1,28
PTMA,28
GRAP,28
GRAPL,28
LOC105369933,28
LOC124905236,28
MPDU1-AS1,28
LOC105372371,28
QTRT2,28
LOC124901935,28
RPL13A,28
SNTB1,28
LINC02004,28
GNA11,28
DDX4,28
CDK10,28
LINC00342,28
LOC124904189,28
NT5C3A,28
TEX14,28
C14orf39,28
SLC44A5,28
LOC101929790,28
TOLLIP,28
PIK3CD-AS2,28
USP9Y,28
IGDCC4,28
AKR1B1,28
MSX1,28
LOC124904997,28
TSHZ3,28
NQO2-AS1,28
COX14,28
PPWD1,28
TEX19,28
AGBL5-AS1,28
ATP5MC1,28
LOC101927468,28
ARAF,28
LINC01098,28
KAT14,28
VSTM1,28
RLN2,28
KRI1,28
SRSF7,28
CLDN15,28
CYP27A1,28
PDGFRA,28
LINC00911,28
ZCRB1,28
IARS2,28
TRMT61A,28
AKR1B10,28
CYCS,28
CTDP1,28
UBQLN4,28
PACRG-AS3,28
TFCP2,28
LOC102724072,28
C17orf58,28
ADGRL3-AS1,28
TVP23C,28
SETD1A,28
LINC01311,28
TTC16,28
ADGRG2,28
MYOCOS,28
TMEM214,28
KIAA1191,28
LAMC2,28
EIF4E1B,28
FAM20C,28
LOC124903997,28
CD300C,28
RNF157,28
ZDHHC8,28
NTF4,28
RBM38-AS1,28
SETDB1,28
RNF157-AS1,28
LINC01486,28
C2CD4D,28
STAC,28
FUOM,28
AMT,28
CDK2AP1,28
LINC00519,28
CACNA2D3-AS1,28
RTCB,28
CLEC20A,28
TBC1D27P,28
TEKT1,28
LINC02155,28
ODAD1,28
GLUD1P2,28
CXCL16,28
CABLES1,28
SPACA7,28
LINC00339,28
FAM91A1,28
LOC105373210,28
MCM7,28
SLC6A3,28
LOC107985651,28
ZFYVE21,28
CCDC183,28
ZNF329,28
ARHGEF26,28
SPRY3,28
LOC105378306,28
SPACA3,28
TRIM54,28
FZD10-AS1,28
EMILIN1,28
SNX8,28
ACSL6-AS1,28
C17orf99,28
R3HDM2,28
EIF3J,28
NXF1,28
CRYM,28
LOC124905049,28
LINC03039,28
TAMALIN,28
LINC00251,28
GDPD3,28
RAB15,28
IRF2BP1,28
ZNF653,28
S1PR4,28
AAMP,28
CORO7,28
TUBGCP6,28
LINC00391,28
PHLDB3,28
LOC105375855,28
LOC105377877,28
BMS1P14,28
LOC124902110,28
ISCU,28
LOC124907972,28
WDR91,28
SLC35F1,28
COG7,28
MED30,28
LHX2,28
LOC102724378,28
LOC124900420,28
FAM228A,28
SURF4,28
LOC100130331,28
CHP1,28
LINC00942,28
SNX17,28
CD180,28
STK40,28
TNFRSF18,28
CPNE9,28
AMPH,28
HSH2D,28
CABP1,28
LINC02259,28
ANAPC15,28
P3H3,28
EXOC2,28
TRMT9B,28
NOMO2,28
LOC124904965,28
LMBRD2,28
LOC105373328,28
SMURF2,28
MIR3164,28
RNF216,28
FAM106B,28
RNU12,28
CLUAP1,28
CSNK1G1,28
EFNA1,28
LOC105372850,28
MIR6771,28
TILRLS,28
EIF1,28
BPGM,28
C21orf91-OT1,28
KRT85,28
CYB5B,28
LOC107986674,28
TASP1,28
PA2G4,28
MLANA,28
PLAC8,28
LOC105378145,28
ROCK1P1,28
RPH3AL-AS1,28
LOC105378008,28
LOC101928894,28
JMJD1C,28
CRYAB,28
LOC124900601,28
NGDN,28
PSD2-AS1,28
THSD7B,28
ANKRD33,28
LINC00323,28
LOC101929208,28
SLC35B1,28
NR3C1,28
SLC25A16,28
WNT10B,28
NR1D2,28
ESAM-AS1,28
TMEM35A,28
RXRB,28
ALMS1P1,28
TCF7L1,28
NLRP5,28
OSGIN1,28
CDC42EP2,28
PLEKHG4B,28
MYBL1,28
SAMD10,28
NOLC1,28
PABPC4,28
LOC388282,28
LOC105378606,28
TTC4,28
LOC105374134,28
ZBTB32,28
LINC01692,28
LOC105372633,28
MGST3,28
MRGPRX1,28
LINC00923,28
LRRC78P,28
OR13J1,28
LOC107986993,28
PPCS,28
CSH1,28
PPY2P,28
PSMF1,28
LINC01429,28
EFEMP1,28
TMEM266,28
MRGPRX3,28
SLFN11,28
MIR34A,28
DOT1L-AS1,28
ZFAS1,28
RNFT1,28
IGSF8,28
CCDC196,28
NUP50,28
LBH,28
LINC02989,28
ITGA4,28
LINC02319,28
CEP162,28
PRR18,28
KLHDC9,28
PPOX,28
LINC00973,28
MAP3K4-AS1,28
LOC105370024,28
IFI27L1,28
NCBP1,28
STK16,28
LOC101928160,28
FAM216A,28
AAK1,28
CAVIN2-AS1,28
SPON2,28
SLC22A13,28
UBE2E3,28
LOC105378654,28
LINC02648,28
LOC124902010,28
UBALD1,28
KDELR3,28
SYT14,28
PIWIL4,28
BRINP3,28
LRRC37A4P,28
LRR1,28
LOC105369392,28
ADGRG4,28
LINC02961,28
TBC1D20,28
BARD1,28
ZNF529,28
TRDN,28
RIOK2,28
CACNA1B,28
RHPN2,28
LOC102723414,28
LOC124904556,28
ZNF428,28
LOC124904221,28
CA9,28
MTA1-DT,28
TTTY13,28
SNX30,28
LOC124900502,28
HCG9,28
LOC105375409,28
LOC101929444,28
ART1,28
CORO2B,28
ELK3,28
LINC01719,28
LINC01195,28
NHIP,28
THAP7,28
HLA-B,28
QDPR,28
FLJ46284,28
CD58,28
LOC124903558,28
MAFG-AS1,27
MMP20-AS1,27
USP17L10,27
LOC105374040,27
KRT75,27
LOC101927183,27
ABCB11,27
LOC124904445,27
PRKAB2,27
RPL13AP5,27
LOC105379130,27
LRRN2,27
LNC-RHL1,27
ZNF124,27
LOC124904937,27
FEZF1-AS1,27
LOC105377063,27
FCRLB,27
SIAE,27
YPEL3-DT,27
GUCY1B1,27
LOC102724700,27
LOC124904351,27
KHK,27
BUD31,27
FAM199X,27
FGF14-AS2,27
LOC101927046,27
CCNJL,27
RPS18,27
GTF2H2C,27
LOC124906055,27
SLCO4A1-AS2,27
SRSF12,27
LOC105373242,27
LINC01967,27
CD74,27
SHISA4,27
CACNA2D1,27
PDZD7,27
UBE2R2,27
AP3B1,27
LGALS14,27
MASTL,27
MAF1,27
NUCKS1,27
AMIGO3,27
SNAI3,27
LOC101927839,27
GMNN,27
CCR3,27
NYAP1,27
PINLYP,27
PAGE1,27
LOC124905183,27
BMP4,27
LINC01955,27
LOC105373559,27
ALDH2,27
LOC124901137,27
SLC25A15,27
NANOS2,27
LINC01594,27
LOC105372564,27
LZTS3,27
LOC107987053,27
SMC1A,27
LOC105372873,27
DEDD,27
FHIP1A,27
LINC02562,27
LOC349160,27
OR2M2,27
KDM7A,27
HNRNPA1P33,27
SNORD115-6,27
ANKRD23,27
SPDYE3,27
LOC107987037,27
LOC642361,27
LOC107985944,27
LOC124906124,27
SETD9,27
LOC105372066,27
ABCA10,27
DLL1,27
ZNF85,27
RAMP2,27
THAP3,27
CRCP,27
PROC,27
LOC124907996,27
CLLU1-AS1,27
SNORD115-10,27
CPLX4,27
DNAJC10,27
LARP6,27
CCT2,27
SBF2-AS1,27
LOC124903463,27
BALR6,27
LOC124901609,27
LINC01901,27
LINC02315,27
TSHZ2-AS1,27
LOC124901958,27
LOC105378798,27
LOC124907878,27
LOC107985705,27
LOC124901080,27
LOC105378030,27
LOC124906104,27
LOC107985969,27
IQCA1-AS1,27
OR2W3,27
TEX21P,27
LOC101929204,27
HIRA,27
PIK3CD-AS1,27
LOC101927414,27
MIR217HG,27
GHRLOS,27
LOC105372708,27
MAMDC2-AS1,27
TRMT11,27
SCN10A,27
ERICH6,27
RDH5,27
AMZ2,27
LOC124909435,27
LOC105378850,27
POMC,27
C9orf78,27
TMEM220-AS1,27
RNASE13,27
CFAP70,27
CDON,27
EEF1A1-AS1,27
FAHD2CP,27
LOC105377742,27
ZNF764,27
HLTF,27
HOTTIP,27
PICART1,27
DDX11-AS1,27
MRO,27
TEX26,27
LYRM7,27
LOC112268271,27
MSRB2,27
BTN2A3P,27
ABCG8,27
TTI2,27
ENTREP2,27
LOC105374031,27
MORN2,27
LOC124903221,27
PSG3,27
EDIL3-DT,27
MIR325HG,27
SNX29-AS3,27
TMC3,27
LEF1-AS1,27
PLCB1-IT1,27
LOC105374528,27
MIR124-3,27
TBX10,27
MIR579,27
IGFL1,27
KRTAP4-9,27
NR0B1,27
DACT3-AS1,27
LINC00939,27
ZNF486,27
NPIPA5,27
NPIPB6,27
LOC107985255,27
R3HDML,27
LOC124902733,27
LINC01254,27
PDPN,27
SATB1,27
YIPF7,27
GCSAML,27
SPOCK3,27
SBNO1-AS1,27
VAMP1,27
LOC124900788,27
POM121L12,27
CDK17,27
LRRC69,27
CREB3,27
LINC00642,27
CAMP,27
FRMD8P1,27
LINC01433,27
ZNF271P,27
LOC124902036,27
INMT,27
LOC107985926,27
SMIM22,27
LINC01537,27
ILKAP,27
LOC105372662,27
LAP3,27
ZYX,27
GNG13,27
MIR6085,27
IGLL3P,27
NADSYN1,27
TIMM17A,27
CCL4,27
LINC02722,27
EPHX4,27
SLAMF8,27
LOC124905138,27
CAPN14,27
LINC01579,27
HPD,27
LOC105377548,27
SPMAP2,27
COA5,27
LINC00354,27
LOC107985278,27
LOC124903916,27
PIGZ,27
LINC02334,27
LOC107984037,27
LOC107984703,27
COLCA1,27
LOC105370204,27
DGKE,27
MED9,27
PSRC1,27
BCL2L12,27
LOC101929200,27
LOC105373895,27
LOC124904933,27
GNA15,27
SENP3,27
CORO1B,27
CIBAR1,27
LOC124909489,27
OXTR,27
LOC105369565,27
LOC124903008,27
ZNF200,27
MICU3,27
MEF2B,27
LOC105377901,27
NCBP2L,27
LOC105378483,27
HSPA4,27
LDLRAD2,27
LOC100287846,27
ZNF589,27
CCDC66,27
MAP3K5-AS1,27
GNG12-AS1,27
LOC124903233,27
IER3-AS1,27
FXR1,27
PAK4-AS1,27
MUC7,27
LOC124900495,27
DDX50,27
NXPH4,27
SLC20A1-DT,27
MIR1287,27
LOC124902288,27
ZNF169,27
LOC124901283,27
LOC105372508,27
LOC107984205,27
CXXC1P1,27
ANKRD17,27
LILRA6,27
SLC22A4,27
LOC107985377,27
GAS5,27
LOC105376956,27
LOC105369506,27
LOC124905190,27
LRP1-AS,27
LINC01909,27
HOXD11,27
PTPRD,27
LOC124906227,27
ZNF675,27
LYSMD2,27
LOC124907735,27
CXXC5-AS1,27
LINC02694,27
LSM14B,27
PRAMEF36P,27
LOC105374317,27
HHATL-AS1,27
LOC105374557,27
CCS,27
SLC25A12,27
PLGRKT,27
LOC105372136,27
TYW3,27
LOC105369571,27
ZFPM2-AS1,27
LINC01277,27
MIR2355,27
WDR11-DT,27
LOC107984906,27
MAP1LC3A,27
ZBTB34,27
RCOR2,27
PCSK1,27
MIR7975,27
SERPINA7,27
ATP6V0A2,27
RNVU1-15,27
RNVU1-27,27
LOC105376267,27
LINC01665,27
TRIM62,27
LOC105372173,27
LOC105375414,27
LOC158435,27
CHL1-AS1,27
NETO2,27
PRKCZ-AS1,27
FSIP1,27
DNTTIP2,27
NCDN,27
WHRN,27
SPTBN1,27
FER,27
HMGB1,27
LOC107987065,27
OGDH,27
CSAD,27
LOC105379035,27
ZFP92,27
LOC105379336,27
LOC105372687,27
RHOG,27
SOX14,27
ZSCAN25,27
CAV2-DT,27
LINC02368,27
LRIT1,27
MAEL,27
LOC124906331,27
MAP3K20-AS1,27
PPIF,27
MYO18B-AS1,27
LOC105375724,27
LRRC75A,27
LINC01828,27
ADORA2A-AS1,27
LOC124909383,27
LINC01322,27
WNT3A,27
LRRC61,27
TEX52,27
NBAT1,27
LOC105374910,27
DEFB124,27
CDC25A,27
LOC105374224,27
NPHS2,27
FGF6,27
PLA2G2C,27
LOC102724020,27
GLYCTK-AS1,27
LOC124903743,27
ZNF7,27
GABPB2,27
AVP,27
ZNF608,27
TANAR,27
SAP30BP-AS1,27
LOC124900944,27
ASB9,27
LINC02265,27
E2F2,27
LOC105376223,27
HS1BP3-IT1,27
PCED1B,27
RPL23AP32,27
LOC105373336,27
LOC124902492,27
DEFB136,27
LOC124901238,27
LOC107986514,27
LINC01241,27
SIGLEC10-AS1,27
EXOSC9,27
BMPR2,27
ZNF131,27
URB2,27
LOC105371044,27
SKINT1L,27
LOC107985434,27
IL10,27
LOC105374018,27
DMRTA2,27
EDNRB-AS1,27
DAND5,27
LINC02715,27
UCHL1,27
TWNK,27
H2BC10,27
MIR4641,27
NRADDP,27
CFHR1,27
LAT,27
NCL,27
H1-0,27
ZNF625-ZNF20,27
GEMIN2,27
RNF183,27
LOC124903868,27
NRG1-IT1,27
GRXCR2,27
LOC105371241,27
MPHOSPH10P1,27
TSPYL2,27
CORO1A,27
IER5L,27
TBC1D21,27
BATF,27
SLC9C1,27
LOC124908002,27
LOC105379012,27
VWA8,27
AP5M1,27
MAB21L3,27
PARP4,27
MBOAT7,27
LCE1E,27
CCR7,27
HMGB2,27
MIR4692,27
LINC00900,27
FBXW11,27
ADGRG6,27
ZRANB2-DT,27
GBA1LP,27
GBA1,27
MAPRE3,27
LOC101927093,27
TAL1,27
STRAP,27
LOC124904245,27
LINC02757,27
LINC01887,27
GPRACR,27
CCR9,27
LOC102723575,27
SELP,27
PRRC2A,27
LOC124907880,27
RNF212B,27
LOC105373418,27
LOC105370998,27
LINC01258,27
RBM44,27
LINC02375,27
MMP23A,27
MAPK1,27
TRMT5,27
LOC105377428,27
NAGPA,27
AMZ2P1,27
LOC107984116,27
FSTL5,27
SPESP1,27
EDNRA,27
AMY2B,27
PANCR,27
CSF2,27
FOXB2,27
UBD,27
CCDC13-AS1,27
LOC105376146,27
CLDN5,27
CCDC102B,27
CDH18,27
LOC105378498,27
ATP5F1C,27
LOC105379352,27
NPIPA1,27
DCAF4L2,27
ATRN,27
LINC03135,27
VPS52,27
LOC124901244,27
REPIN1-AS1,27
MIR4776-2,27
TMTC1,27
LOC105377654,27
STEAP1B-AS1,27
BLNK,27
TMEM200A,27
PGAM2,27
CKAP2L,27
LINC01013,27
ZNF541,27
LRATD2,27
LOC107986710,27
LOC124904471,27
HBM,27
TSPAN33,27
STAMBPL1,27
STIM1-AS1,27
ZMAT2,27
PRECSIT,27
MIR711,27
TAGAP-AS1,27
TRIM41,27
CYP2F1,27
SNX21,27
SF3A1,27
NNMT,27
OR10J1,27
SNAPC1,27
LOC105371357,27
AFF2,27
CCDC140,27
KAT7,27
TSPAN18-AS1,27
LINC02672,27
SET,27
LOC112268419,27
GSTM5,27
LINC02888,27
HPS5,27
APC,27
SLC36A3,27
LOC105375811,27
ALG1L9P,27
NECTIN4,27
SLC22A14,27
MMACHC,27
LOC105377177,27
MIR4656,27
LOC105376411,27
ARHGAP44-AS1,27
SRSF5,27
TMED10,27
CPLX1-AS1,27
MACROD2-IT1,27
LOC124906254,27
LINC02068,27
LOC124901462,27
PLIN3,27
SPMAP2L,27
ANGEL1,27
FNDC7,27
HOXC-AS3,27
LOC105378387,27
LINC02526,27
YOD1,27
PEX2,27
P2RY8,27
IKZF5,27
TRIM11,27
ECHDC1,27
SYCP2,27
LINC02551,27
LOC124900861,27
LOC107984934,27
MUCL1,27
ATP1B3,27
CDC25B,27
ADGRG7,27
BUD23,27
RYR2,27
PHEX,27
DUOXA2,27
CASP8AP2,27
GK5,27
CCND1,27
SETD3,27
NAA10,27
RPL35,27
PLEKHO1,27
LIMS3-LOC440895,27
LOC128966597,27
LOC102724545,27
HAGLR,27
LOC105370997,27
LOC105375217,27
LOC131768270,27
SPMIP11,27
PHLDA3,27
HEATR6-DT,27
RBKS,27
LINC00678,27
PRB2,27
C10orf126,27
VPS72,27
SATB2-AS1,27
IL36G,27
ZNF30,27
MCOLN3,27
PRC1-AS1,27
LOC124904157,27
LOC105369329,27
HHIP-AS1,27
NAPG,27
PDE3B,27
ZDHHC9,27
LINC01709,27
WDR88,27
RAD9A,27
TIGD4,27
LOC105371712,27
LIPC,27
PRKAG1,27
LOC105374295,27
TTC22,27
LINC01349,27
LOC105370698,27
CCDC90B,27
LOC105372442,27
TYSND1,27
GNLY,27
ACAP1,27
LOC101927159,27
ABHD16A,27
MAGIX,27
MAP3K13,27
PSMG1,27
TMEM168,27
LOC105375161,27
LOC105369764,27
RBM45,27
P4HB,27
LINC01502,27
SNX13,27
LOC105378802,27
PTPN7,27
NAT14,27
LOC124904599,27
DHX33,27
ERO1B,27
PDYN,27
PSMC1,27
IFT81,27
MEIOSIN,27
LOC124904707,27
EPCAM,27
CHST12,27
SLFN13,27
LOC105376070,27
MIR3914-1,27
LOC101929270,27
WIPF1,27
ARFIP2,27
LCTL,27
FOXP3,27
ZC3H3,27
PCNX4-DT,27
MIR1282,27
FOXO3,27
ATG3,27
ZSCAN12,27
CWC25,27
JCAD,27
TNFRSF11B,27
TMEM139-AS1,27
MRPS35-DT,27
LOC124903387,27
LOC107985927,27
LOC124907765,27
MEGF10,27
LINC01795,27
FREY1,27
LOC102723529,27
LINC01499,27
ZNF740,27
WDFY3-AS2,27
ARR3,27
MAML1,27
LOC105369645,27
LINC02874,27
LOC105373277,27
GAB4,27
PRPF19,27
RAP1A,27
DNAH8,27
LOC105369964,27
PJVK,27
LOC101060274,27
APTX,27
ELAPOR2,27
TTC23L,27
SIM1,27
LOC124901379,27
ZCWPW2,27
LOC101929386,27
FECH,27
SH3GL3,27
ADAD2-AS1,27
ZCCHC18,27
DSCAML1,27
TBC1D9,27
AGXT2,27
NR2E3,27
LOC105375187,27
FAM185BP,27
BOLA3-DT,27
PIAS1,27
LTB4R2,27
AKR1C8,27
NOCT,27
KRT14,27
TGFB3,27
CALHM2,27
LINC00896,27
IPO8,27
LBX1-AS1,27
RHNO1,27
SANBR,27
RBM15,27
PPP2R3C,27
DPP10-AS1,27
PLAC1,27
ACSS3,27
PCDH18,27
CA5B,27
SLC25A46,27
KDM5D,27
LOC124907992,27
RHBDD3,27
LOC105369531,27
LOC124901166,27
CECR2,27
RGS8,27
TCEA3,27
C17orf50,27
TMPRSS11E,27
LOC124901770,27
SMIM23,27
FMNL3,27
ACY3,27
LOC124904427,27
INCA1,27
AIF1L,27
LOC101927467,27
PYY2,27
LECT2,27
PROSER3,27
PTER,27
CACNA1I,27
FOXI2,27
UBXN2A,27
VPS18,27
FAM222A,27
LOC105372026,27
SYPL2,27
ECT2L,27
ZFHX2,27
ABRAXAS1,27
LOC105377921,27
LINC02880,27
POTEI,27
MAGEA8-AS1,27
RNASE8,27
LOC101929073,27
MYO1G,27
SMN1,27
LOC102724158,27
TEX44,27
TPD52L2,27
LOC105369756,27
LINC02464,27
PSME1,27
CEBPZOS,27
LOC105371356,27
TRIP4,27
CTD-2154B17.1,27
LINC01654,27
ENTPD4,27
TTTY9B,27
HOXB-AS3,27
GOLGA7,27
ZNFX1,27
LOC124905184,27
CTSC,27
MIR762,27
SEC61A1,27
LOC122455341,27
KPTN,27
DKK2,27
LOC124909425,27
SFMBT2,27
FSHR,27
LINC01760,27
AIMP1,27
ANKRD10,27
SEMA5B,27
VSTM5,27
PID1,27
MUC13,27
LOC124904863,27
MLEC,27
PKDREJ,27
SLC31A2,27
WRAP73,27
LINC00645,27
LINC01519,27
LINC02612,27
LOC105374206,27
RNF212-DT,27
MIPEPP3,27
ONECUT2,27
PTCSC2,27
SLC22A1,27
PFDN2,27
STUM,27
ZNF276-AS1,27
LOC107985220,27
ASPM,27
TOMM7,27
IL11RA,27
ENY2,27
CDH12,27
HSPA2-AS1,27
ORMDL1,27
LOC105377981,27
DDX51,27
PNPLA2,27
KMT2CP4,27
UBL4B,27
LOC124906316,27
MCM8-AS1,27
FARSA,27
PEBP4-AS1,27
FLOT1,27
LOC105370689,27
OR6A2,27
VSX1,27
RANGAP1,27
LOC107984282,27
CMAS,27
ZNF606,27
MRPL20-AS1,27
LOC107986570,27
LDHAL6B,27
DMTF1,27
MRPS35,27
STEAP3,27
ERRFI1-DT,27
GET3,27
LOC100288069,27
LOC101927202,27
MSH6,27
WNT10A,27
LINC02471,27
LOC105370790,27
ABHD6,27
LOC105377295,27
RPL22,27
MEIKIN,27
PFDN1,27
MIR4418,27
RGN,27
ELMOD1,27
FCGR2C,27
SIRT1,27
COQ4,27
MAFK,27
CCM2L,27
STAC3,27
PLPPR3,27
L3MBTL4,27
LOC101927082,27
DDX18,27
SLC6A5,27
LINC02193,27
FAR2P2,27
LOC107985541,27
KBTBD7,27
ZNF347,27
CLYBL-AS3,27
BIVM,27
MIR3117,27
DAP3,27
ING4,27
LOC105372143,27
CNBD2,27
DACT3,27
ERVFC1,27
EN2-DT,27
ZCCHC12,27
EDEM1,27
LRRC8E,27
LOC102724892,27
LINC02932,27
METTL14-DT,27
LOC105378935,27
ALDOA,27
TEX9,27
MRPL55,27
LINC02498,27
AAMDC,27
SELENOOLP,27
LOC101926959,27
NME7,27
LINC00458,27
PRANCR,27
PUS1-AS1,27
ZNF573,27
LOC100996643,27
NCF1C,27
LOC124909403,27
TAF1A-AS1,27
TMEM240,27
USP38-DT,27
CIMAP1A,27
COX4I2,27
LOC124901445,27
ETNPPL,27
OAZ1,27
IDH3B,27
LOC124906265,27
LINC01704,27
HTATIP2,27
HPS3,27
AR,27
PCYT2,27
HPF1,27
LRRC47,27
STC1,27
PSMD6,27
TIRAP-AS1,27
SLC12A2,27
PAXIP1,27
SEPTIN7,27
ORC6,27
ATAD1,27
POC1B,27
JTB-DT,27
LINC00606,27
MMEL1-AS1,27
KCNAB3,27
TREML4,27
NEK5,27
PTPN13,27
CDK5,27
FAM86C2P,27
LINC03022,27
DAGLB,27
FCER2,27
MIR5689HG,27
VIT,27
KBTBD11-OT1,27
LINC00656,27
XXYLT1-AS2,27
PEA15-AS1,27
DECR1,27
LINC00106,27
CA5BP1,27
LOC105374690,27
MIR3186,27
PDE6C,27
LOC107985314,27
SYNPO2,27
LOC105379222,27
MAZ,27
HNF4A-AS1,27
LINC03057,27
F9,27
LOC124900871,27
LPCAT4,27
DIRAS1,27
TMEM45B,27
LOC112268276,27
ARMH2,27
LOC105373053,27
LOC101928416,27
SMIM20,27
LINC00567,27
LOC112267868,27
LOC105379178,27
PACRG-AS1,27
METTL8,27
VNN3P,27
KATNAL1,27
PHRF1,27
LOC105369165,27
LCN2,27
SSR2,27
DUSP3,27
DEPTOR,27
PUM2,27
MIR4425,27
DNAJC9-AS1,27
LRATD1,27
MAGEA4-AS1,27
YBX3,27
CST3,27
CRB2,27
BUB1B,27
NSL1,27
NPTN,27
LINC00683,27
LINC02652,27
ZNF577,27
SMARCD2,27
REEP6,27
LCK,27
U2AF2,27
ERP44,27
LOC124900609,27
LOC105373299,27
LOC107984118,27
SPIRE1,27
BGN,27
LOC105371574,27
LOC124902400,27
FBXL20,27
EZH1,27
LOC101927226,27
MIR6716,27
DOK3,27
LOC124901321,27
THBS1,27
IMPA1,27
PGAP1,27
FKRP,27
CIPC,27
LOC124905103,27
LOC124909447,27
ZNF592,27
METAP2,27
MSH3,27
BLK-AS1,27
GDE1,27
LOC105379332,27
GINS1,27
LOC105369395,27
CNNM2,27
KIF18A,27
KRT77,27
RFNG,27
LOC105371776,27
LOC124901380,27
SEPTIN5,27
FGF9,27
LOC105374005,27
TANK,27
CLINT1,27
LINC01219,27
LOC124905108,27
PHYHD1,27
URB1,27
LOC105372663,27
CD101-AS1,27
NEUROG2,27
LOC124904236,27
LOC105371573,27
LOC112268038,27
LOC105373220,27
KCNG2,27
SHOC1,27
CDCA7,27
LOC105373150,27
LOC107984948,27
LOC124904603,27
LOC105373250,27
ZC3H14,27
DDA1,27
DCDC2C,27
CD109,27
PSMD7-DT,27
C5orf24,27
SEZ6L-AS1,27
LINC01566,27
SLC16A9,27
FURIN,27
BID,27
DRC10,27
AJUBA-DT,27
PDCD6-DT,27
PTPRG-AS1,27
SUGT1P4-STRA6LP,27
LOC105378690,27
LOC105378969,27
KCTD21,27
ST8SIA2,27
GABRR1,27
TNPO3,27
ALPI,27
MIR3065,27
MIR8071-2,27
LOC105378289,27
FAM95A,27
LINC01307,27
NPFFR2,27
MEAK7,27
NMRAL2P,27
CDH17,27
HDDC2,27
TST,27
KRT73-AS1,27
SLC17A6,27
DERL3,27
HTR3A,27
LOC102724929,27
HCFC1-AS1,27
LOC102723803,27
FLYWCH2,27
SLC17A2,27
LINC02585,27
BCL6B,27
LOC105378269,27
LOC124904948,27
LOC105376107,27
SH3BP4,27
CPPED1,27
ANKRD22,27
PEX19,27
LRPAP1,27
LOC105376481,27
SPATA41,27
TRMT2B,27
RBL2,27
LOC101929727,27
MED13,27
GASK1B-AS1,27
LIF-AS1,27
PSME4,27
LOC124901681,27
DHRS7C,27
KCNH6,27
LINC01255,27
ZNF568,27
TFAP2A-AS2,27
GPR62,27
MZT1,27
MLXIP,27
LINC00970,27
ASGR1,27
MGAT3,27
FAM3D,27
DEFB122,27
LOC107985388,27
ARHGDIG,27
ACER1,27
LINC03133,27
CLEC19A,27
LINC02795,27
RABGAP1L-AS1,27
PCYT1A,27
LOC105374951,27
LINC02882,27
DMAC2,27
LOC124903030,27
LOC105371209,27
ZNF148,27
LOC107986023,27
LOC107984867,27
RASL12,27
LOC105374096,27
LOC105375074,27
LINC03048,27
GABARAP,27
MLLT10P1,27
AJM1,27
ZNF417,27
RAET1E,27
LOC101929185,27
CRYBA4,27
FAM41C,27
TP53INP2,27
TTLL11,27
ATP5F1D,27
LINC02100,27
LOC124901705,27
GLT1D1,27
CDC42BPG,27
BATF2,27
EIF5B,27
CEP126,27
LINC02729,27
ST20,27
LOC105371022,27
BLACAT1,27
RNF126,27
LOC124903899,27
MIR4513,27
GMNC,27
ACTL6A,27
MLKL,27
RSBN1,27
LOC107986401,27
LOC124901911,27
PRKCH-AS2,27
LOC107985984,27
MIR4278,27
LINC01727,27
PCMTD1,27
DNAH17-AS1,27
TAAR2,27
FCRL3,27
LOC124903903,27
CNPY2-AS1,27
LOC100506358,27
CCT7,27
GHRL,27
LOC105378084,27
CABP7,27
MIR219B,27
LMAN2,27
FKBP4,27
LOC102725165,27
SLC46A3,27
SIGLEC8,27
LOC124904664,27
LINC01716,27
GEMIN5,27
LOC105371123,27
LOC124901353,27
CCT6B,27
HOXB-AS1,27
NELFCD,27
SLC22A20P,27
CWF19L1,27
LOC105377490,27
H2BC26,27
HIC1,27
ARHGEF2-AS1,27
SLC7A1,27
LOC107985347,27
BTBD3,27
LOC105374042,27
LOC102724351,27
ACTR6,27
ESYT2,27
LOC105376375,27
LOC101929950,27
LOC105375207,27
VPS9D1-AS1,27
ZNF833P,27
PRPH,27
OR4C45,27
UMPS,27
SNORA70J,27
CDCA2,27
TSPAN2,27
LOC124903040,27
C1QA,27
RAD51,27
TGFBR1,27
TRIM60,27
LOC105375228,27
GFOD1-AS1,27
IGLON5,27
THOC7,27
LOC124903882,27
LOC105376025,27
TLE1-DT,27
LINC02385,27
LOC105377557,27
COMMD3,27
CBLN1,27
ZFP57,27
MYG1,27
ZNF667-AS1,27
SH2D2A,27
DNAJA3,27
LOC124902549,27
TWIST2,27
AZI2,27
POSTN,27
LOC105371912,27
CHMP6,27
NEUROG2-AS1,27
ACP1,27
ZNF747-DT,27
BAIAP2L1,27
ABRA,27
LINC02935,27
LOC107985204,27
DPY19L3,27
TGM4,27
A1CF,27
EXOG,27
LOC284344,27
LOC124904391,27
LANCL1-AS1,27
SERPINB2,27
LINC02333,27
UQCRH,27
ZSWIM9,27
BSN-DT,27
TMEM68,27
CAPS,27
LGALS16,27
LOC105378776,27
LOC124904620,27
GIN1,27
LOC124900815,27
VAX2,27
USP25,27
LOC124902230,27
RBM34,27
CIMIP4,27
LOC124903386,27
LOC105377584,27
LOC105371100,27
LOC107984385,27
LOC124900673,27
IPPK,27
LOC105376957,27
TBL2,27
USO1,27
LINC02355,27
CLDN7,27
SCG5,27
CT47C1,27
OBP2A,27
CPA6,27
H2AC17,27
POFUT3,27
SLC6A9,27
LOC105369784,27
WNT9B,27
HIPK1,27
FUNDC2,27
TEX261,27
EXOC6B,27
BBS5,27
CLEC1B,27
MAGED4B,27
SMAD6,27
COPS6,27
ZFTRAF1,27
LINC02611,27
EDDM3A,27
RPL41,27
LOC339975,27
LOC105376949,27
RASGEF1B,27
CXCR5,27
PDCL2,27
ADAMTS3,27
LOC102724087,27
CLEC17A,27
VWA7,27
LOC124904802,27
RABAC1,27
CEROX1,27
SEC22B3P,27
MIR375,27
LOC107986473,27
HMSD,27
LOC105373393,27
HPRT1,27
TMEM50B,27
LOC105378678,27
LINC00670,27
PLSCR2,27
LOC102723654,27
LCN6,27
TASL,27
TBXA2R,27
LINC01587,27
KLF11-DT,27
STMN1,27
WDR4,27
WFDC11,27
RUVBL1-AS1,27
SPARC,27
MIR92B,27
LINC01871,27
OXSM,27
IL21R,27
LINC00623,27
LINC01145,27
LOC105375318,27
CHST5,27
SFTPA2,27
LINC00570,27
LOC124905143,27
LOC101928994,27
PDGFRL,27
C2orf74-DT,27
NXPE3,27
FAM222A-AS1,27
TRAFD1,27
MPC1,27
EPB41L5,27
LOC107985865,27
SERBP1,27
LINC02747,27
RAB27A,27
ULK3,27
INTS4,27
CCDC122,27
NAPRT,27
SNORD115-4,27
TBC1D10B,27
KRCC1,27
LOC124902969,27
CZ1P-ASNS,27
EME2,27
TELO2,27
CFAP20DC-AS1,27
TCEAL4,27
WNT7A,27
MRPL24,27
LOC105371688,27
LOC124903050,27
LOC107984171,27
LOC105371199,27
FRS3,27
LINC01460,27
CD99L2,27
C8orf74,27
DYNLT2B,27
GGT5,27
P4HTM,27
SGCA,27
LINC01971,27
LINC01661,27
LOC124904656,27
C17orf114,27
KCNB2,27
CLEC2D,27
MYADM,27
LINC01868,27
GSDMD,27
NR2C2AP,27
LOC124903396,27
MAP3K14-AS1,27
OR8G3,27
DLST,27
LOC105373871,27
LOC107985271,27
ARHGEF35,27
ARHGEF5,27
ZBTB7C-AS1,27
UCP2,27
TRPC3,27
COMMD9,27
SRL,27
PLPP4,27
BFAR,27
ZNF558,27
KIAA1614,27
HAPLN2,27
CRIM1,27
LCN9,27
AKTIP,27
RSU1,27
LOC101926907,27
HNF4A,27
LOC124902057,27
PTPRB-AS1,27
GOLGA2P9,27
KIF13B,27
PTCHD1,27
MSANTD1,27
SLC25A43,27
LOC105374621,27
KCTD21-AS1,27
TRIB3,27
DDAH2,27
SKIC8,27
BTBD17,27
PHETA2,27
LOC107984979,27
FKBP10,27
CORIN,27
SPATA1,27
HIVEP2,27
HS6ST1,27
KIAA1328,27
LCN10,27
CYBC1,27
DYM-AS1,27
GALK1,27
SS18L1,27
LOC124902644,27
CHIAP2,27
PRPF31-AS1,27
TRIM37,27
USP4,27
RHOT2,27
VMA21,27
LINC02908,27
PLPP5,27
LOC124903698,27
LOC105373893,27
HIVEP1,27
LOC105378629,27
YPEL5,27
ZWILCH,27
LOC124903872,27
ANKIB1,27
FOXD4L4,27
LINC02234,27
LOC105373293,27
UTP6,27
MIR3976HG,27
AGPAT5,27
LINC00839,27
TAF11L13,27
LIPG,27
PRDM5,27
D2HGDH,27
LINC02689,27
NPRL2,27
EMILIN2,27
JUN-DT,27
RFTN2,27
ZSWIM7,27
LINC02162,27
CALR4P,27
SP5,27
RPL4,27
ANKRA2,27
OR52N5,27
SGK3,27
NFE2L3,27
SUSD4,27
LOC124901902,27
DENND1B,27
LOC100507443,27
ZNF619,27
SART1,27
SWT1,27
CXorf51B,27
CXorf51A,27
BTNL10P,27
SAMD12-AS1,27
ITGB1,27
MIR4269,27
TRPC7-AS1,27
COPB2-DT,27
LINC01694,27
ABHD1,27
C22orf15,27
LINC00596,27
LOC105375924,27
SSBP2,27
STX10,27
HAGHL,27
LOC105370791,27
LTC4S,27
TES,27
CDPF1,27
PPIH,27
LOC105375633,27
AIMP2,27
LOC101927499,27
LOC105371775,27
EFCC1,27
ZFPM1,27
STMN4,27
PI16,27
CATSPER1,27
POLG2,27
FOXQ1,27
LOC105378590,27
CAMSAP1,27
HAUS7,27
TARDBP,27
KLHDC7B-DT,27
LOC107986081,27
STAG3L2,27
CSRP2,27
KIRREL1,27
LINC02356,27
RRP1,27
GPR158,27
LOC105370769,27
TNRC6B-DT,27
ISOC2,27
LOC102723657,27
SEPTIN12,27
ZAN,27
SETSIP,27
ELF4,27
LINC02853,27
PFN2,27
SLC39A1,27
MIR4274,27
LOC124900681,27
LOC124904545,27
MAG,27
RPL39L,27
LINC02130,27
LOC124903671,27
PLAAT3,27
ZNF100,27
LOC105369402,27
ZNF33B,27
LOC101929420,27
HSALR1,27
DORIP1,27
SHLD2P1,27
LOC105375742,27
SLURP1,27
LINC01492,27
TPPP2,27
PEX5,27
MIR5000,27
TMX3,27
MIR483,27
RNF32,27
LINC02655,27
FAM161A,27
OTOP1,27
LOC124901417,27
LOC105372693,27
FAM156B,27
RAB30,27
CYBA,27
LOC124905098,27
LINC02373,27
REREP2Y,27
LOC105370531,27
TM4SF4,27
EIF4G2,27
ZNF705A,27
ERRFI1,27
HDHD3,27
RARRES1,27
ENTPD5,27
LOC101928372,27
LOC105379164,27
IL6ST,27
PRRC1,27
CYP4Z1,27
KIF27,27
SLC3A1,27
MYD88,27
SIK2,27
ZFP30,27
POLE2,27
TMEM18,27
CST4,27
GOLT1A,27
CD80,27
MRPL10,27
EPHA8,27
THAP8,27
LOC105370827,27
LOC105370384,27
PATL1-DT,27
LINC00616,27
VPS37B,27
CST1,27
LINC02359,27
TBC1D2,27
MIR22HG,27
SPAM1,27
LOC102723692,27
TSN,27
C1QC,27
HS2ST1,27
MYL12-AS1,27
LRRN1,27
ATP6V0E2-AS1,27
TSPAN7,27
RTF1,27
CHSY3,27
PNPLA8,27
BMS1P21,27
BLOC1S3,27
LINC00463,27
LOC107985291,27
MIR609,27
LINC02015,27
ZNF709,27
ATF6,27
C1orf74,27
LOC105377237,27
MTFMT,27
NOL11,27
LOC105375251,26
CORO1A-AS1,26
SNORA7B,26
KRTAP1-1,26
ARHGAP31,26
SNORD116-5,26
LYSMD1,26
PRADC1,26
LOC102724765,26
SIK1,26
DPM2,26
LOC101928912,26
MARCHF9,26
PKD2L2,26
SLC25A53,26
LOC124900527,26
LOC105369908,26
LINC02800,26
ADNP-AS1,26
LINC02430,26
LOC105377213,26
TEX30,26
LINC01030,26
LOC124902686,26
SPACA6-AS1,26
IFNA16,26
CAND1,26
CTDSP2-AS1,26
LINC03044,26
TUBB2A,26
LOC105377992,26
CEP170B,26
MBL1P,26
APOA1-AS,26
LOC124903064,26
DLGAP3,26
PSENEN,26
H2BC6-AS1,26
MIR142HG,26
COPS4,26
SERPINA12,26
NDUFS1,26
TCP1,26
MIR4497,26
PAPPA-AS2,26
TRPC5,26
LOC107985563,26
IGSF10,26
NAV2-AS5,26
LOC124902614,26
METTL14,26
HIF1A,26
RNF2,26
SPATA32,26
LOC102723389,26
APOA5,26
SLC22A3,26
DEPDC1B,26
MOSMO,26
LINC02928,26
CNOT9,26
MYREM,26
ELOVL3,26
LINC01695,26
LIPK,26
STX6,26
TOMM70,26
ALKBH6,26
CTSK,26
GCDH,26
AUP1,26
LOC124902622,26
LOC112268146,26
LOC107985172,26
LOC105379061,26
LINC02481,26
LINC00533,26
PREP,26
PMIS2,26
ZNF22-AS1,26
TROAP,26
LINC02415,26
LOC100507548,26
LOC124904493,26
LSM7,26
LINC02698,26
FAM110A,26
IL37,26
TSPAN14-AS1,26
BSDC1,26
ERCC8-AS1,26
SLC16A4,26
MRPS15,26
PJA2,26
TRIM40,26
LOC105372656,26
PHF5A,26
LOC105370178,26
ABHD12B,26
ELMO3,26
LOC105371753,26
BHMT,26
MXI1,26
SNRNP40,26
XCR1,26
FCAR,26
POLK,26
LOC124909409,26
ETNK1-DT,26
LOC124900779,26
NPIPA6,26
PGR,26
SCO1,26
ACP7,26
LINC02358,26
TMEM82,26
LOC107984642,26
LINC02077,26
KLRC4-KLRK1,26
HACD1,26
LOC124903620,26
SFTA3,26
RP9,26
ATP11AUN,26
LOC101929154,26
TTTY19,26
LY6G5B,26
LOC107985372,26
LOC105376789,26
LOC124907913,26
LINC00446,26
POM121L9P,26
LOC105369782,26
LOC105371279,26
PIERCE2,26
LINC00870,26
MAGEE2,26
LINC00967,26
AMPD1,26
LOC107986832,26
SNORD115-37,26
MOB3C,26
LOC102724333,26
G2E3-AS1,26
ZNF717,26
LOC102724943,26
LOC107984170,26
LINC00845,26
LOC105369911,26
LOC105373652,26
TSPAN10,26
CD163L1,26
TMX2-CTNND1,26
TM2D1,26
LINC00242,26
GAS2,26
RAP1B,26
CATSPERT,26
SH3TC2-DT,26
LOC107984010,26
BPHL,26
COL18A1-AS1,26
LOC124903345,26
CYP11B2,26
KIF15,26
HNRNPK-AS1,26
ARHGAP15-AS1,26
SNORD115-42,26
TEKT2,26
INPP1,26
KLRK1-AS1,26
LOC105371896,26
CHST9,26
LOC107987091,26
LOC105370767,26
CCDC116,26
ZC3H12A,26
ANP32B,26
NUBP2,26
RPS16,26
ETV3L,26
LOC124903590,26
POU3F1,26
IL15,26
PAPOLB,26
CCR10,26
ZNF630-AS1,26
NIPA1,26
GLP2R,26
FCHO2,26
S100A8,26
DLG5-AS1,26
ZNF503-AS2,26
LOC124902916,26
AGTR1,26
TNK2-AS1,26
LINC02296,26
LOC124907724,26
CASR,26
ZNF826P,26
LOC105372664,26
RABL3,26
APOA2,26
XAGE5,26
DEPP1,26
GLRX,26
TIMM13,26
LOC124900733,26
MAP1LC3B,26
HLA-DMB,26
SETD6,26
DACH1,26
LINC02982,26
CAMSAP3,26
ZNF239,26
CLEC4OP,26
NPAT,26
MIR23AHG,26
HSPE1,26
ZNF91,26
LOC105372514,26
LOC105375133,26
LOC124907752,26
FAM78B,26
LOC107986578,26
ARHGEF39,26
MIR5703,26
LOC105379003,26
ZNF525,26
LOC339902,26
CST8,26
LOC107985880,26
ZNF788P,26
C8orf58,26
LOC124901497,26
LINC02806,26
MIER1,26
LOC107984663,26
MIR185,26
POFUT1,26
SMARCA5,26
LOC105372555,26
BCL11B,26
KRT73,26
LOC101928525,26
LOC105370291,26
FBXL15,26
C5orf15,26
NKIRAS1,26
LOC124903689,26
EIF4H,26
PGLYRP1,26
UQCRFS1,26
PTOV1-AS2,26
TMT1B,26
DISC1,26
DGKQ,26
RPA2,26
UCMA,26
MEIOC,26
LOC101927018,26
REG1A,26
HSP90AA1,26
LOC102724407,26
NMUR2,26
NIPAL1,26
GRIN3A,26
TNFRSF6B,26
TRIP10,26
LINC01758,26
LOC105378024,26
SPEM2,26
RNF128,26
MAGOH,26
LINC02263,26
SPIN1,26
LOC107986776,26
CAVIN3,26
CTAGE1,26
ZNF84,26
LIPH,26
LINC02288,26
BARX1-DT,26
LOC112268274,26
NLGN2,26
NBEAP1,26
LRRC75B,26
EHMT2-AS1,26
LOC105373080,26
P2RY12,26
CCDC6,26
ECT2,26
CDCP2,26
GBE1,26
LOC101927473,26
GLYCTK,26
NIPAL4,26
LINC01924,26
LOC107986163,26
ELFN1,26
LOC124906274,26
LOC105371525,26
GRK3-AS1,26
LOC102724800,26
MARCHF11-AS1,26
TMEM101,26
SNHG20,26
CYREN,26
LINC01666,26
LOC101927209,26
SNX12,26
LOC105375610,26
MUC5B-AS1,26
MYH9-DT,26
TLX1NB,26
LOC105370355,26
LINC02109,26
FBXO45,26
LOC124902140,26
LOC101927245,26
LOC124903516,26
ANKRD42-DT,26
TMEM217,26
EPHX3,26
CFHR2,26
RNU6-9,26
KIFAP3,26
LANCL1,26
LOC105378210,26
DNAH5,26
BPIFA3,26
RPS27A,26
SRSF9,26
LINC02731,26
FALEC,26
COPS8,26
LOC107984572,26
AP4E1,26
LOC107986834,26
ANKRD20A9P,26
RUNDC1,26
PPP2CB,26
LINC02518,26
LOC124905189,26
LOC124900215,26
AP1G1,26
ORC4,26
PDC,26
LOC124904806,26
UNC5D,26
MIR3160-2,26
SH3GL2,26
MIR208B,26
LINC02214,26
GUCA2B,26
LOC124903694,26
LOC105376126,26
LOC124903082,26
LOC124903708,26
LHX2-AS1,26
TOMM5,26
DNAAF19,26
LOC102724419,26
LOC105377459,26
PPP4R3A,26
LINC02102,26
CSGALNACT1-AS1,26
PLEKHH2,26
LOC124903283,26
SLC10A7,26
PDGFB,26
ATP1A1-AS1,26
NICN1,26
ZNF211,26
LINC02744,26
SERPINI2,26
ASB15,26
LOC124900236,26
SLC28A2,26
MIR3680-1,26
RB1CC1,26
NAA38,26
C11orf68,26
MIR3174,26
PFDN6,26
CADM3-AS1,26
NUDT10,26
TDG,26
LINC00862,26
BLCAP,26
LINC00629,26
MIR4313,26
TREML1,26
LOC151760,26
LOC101927055,26
LINC03050,26
LOC124906031,26
CD1C,26
MUC2,26
SPATA3-AS1,26
LOC124901808,26
PEG10,26
MAGI2-AS3,26
ZDHHC2,26
SNHG32,26
DUSP13B,26
FYB2,26
LINC00926,26
TNFSF11,26
ITIH4-AS1,26
RPS23,26
PDX1,26
ZNF582-DT,26
SERTAD4BP,26
FAM85A,26
ZNF101,26
ZNF773,26
PDCD7,26
TERF1,26
MIR4711,26
BCL2L11,26
MMADHC-DT,26
FCGR2B,26
HACL1,26
PTGR1,26
SNORD116-7,26
EGLN2,26
ZNF550,26
G3BP1,26
OR4N3P,26
ZNF487,26
LOC105378052,26
TCF23,26
TNFRSF9,26
MARCHF11-DT,26
LOC105370764,26
NPPC,26
SAP30L,26
LINC00243,26
LINC01449,26
PSG1,26
VCX,26
GOLGA6B,26
LOC124905593,26
LOC105376885,26
SPDL1,26
PPP2R3A,26
NUP210L,26
LOC102724068,26
ZNF48,26
SCLT1,26
CTAG1A,26
CTAG1B,26
CTAG2,26
MARCHF2,26
SMC2,26
PTBP3,26
CACNB2,26
MIR1915HG,26
FAM238B,26
TEKT5,26
GNG5,26
MIR4290HG,26
LINC01965,26
LOC105374898,26
GOLGA4,26
RASSF6,26
GBP3,26
ACOT6,26
PCYT1B,26
LOC105375614,26
LOC124906051,26
CEBPZ,26
LOC124903995,26
KBTBD2,26
LINC01287,26
LRRC66,26
CPN1,26
CEP55,26
ZNF706,26
LOC105378311,26
LOC124902185,26
LINC02460,26
CLEC3B,26
C20orf144,26
LETM2,26
LOC105369322,26
NLGN4Y,26
LOC102724772,26
GCSH,26
GARRE1,26
MED17,26
EEIG2,26
LOC101929106,26
THRB-AS1,26
LOC105376461,26
LOC107984362,26
INTS2,26
KLF12,26
ATAD3C,26
USP53,26
CDCA3,26
LOC105378944,26
LOC105371223,26
C13orf42,26
LOC112268198,26
ZCCHC10,26
LOC101928087,26
LOC105378438,26
SCNN1G,26
ZBTB45,26
LOC124901884,26
GPN1,26
ATP10A-DT,26
CCDC88C-DT,26
GJA5,26
LAG3,26
CSHL1,26
SERTAD2,26
COQ6,26
MYADML2,26
LINC02700,26
NQO2,26
HASPIN,26
GLI3,26
DUSP26,26
WRN,26
ALG5,26
MAP3K7,26
DDX20,26
PCOLCE2,26
OLFML1,26
LILRB5,26
KLRD1,26
LVRN,26
LOC124904467,26
CMC2,26
H3C14,26
H3C15,26
MIR3141,26
CEACAM22P,26
S100A9,26
KLRC1,26
TMEM18-DT,26
KIF20A,26
TPI1P2,26
GJA4,26
MIR184,26
CCL2,26
CLDN19,26
APOE,26
GAS2L3,26
MIR5195,26
LOC124904258,26
POU4F3,26
C2orf81,26
LINC02413,26
LOC102723786,26
LOC124902229,26
PILRB,26
IRX5,26
DOCK9-AS1,26
CINP,26
COLEC10,26
SLC5A4,26
MAP3K5-AS2,26
LOC105375671,26
CEACAM16,26
LOC107987123,26
MIR1180,26
PLCG1-AS1,26
NLRP13,26
LOC101927914,26
VMO1,26
B3GLCT,26
FAM25C,26
HEMK1,26
LINC02076,26
ATP5PF,26
ATP2A1-AS1,26
COX5A,26
LOC105377067,26
ZNF644,26
ITK,26
LOC105374438,26
PLCL2,26
ZBED4,26
MMRN1,26
GH2,26
LOC101928842,26
SNF8,26
PGBP,26
MEAT6,26
LOC105370399,26
LOC105372108,26
DGAT1,26
SLC6A17-AS1,26
QSER1,26
MIR7843,26
LOC112268165,26
SUFU,26
TP53,26
LOC101926953,26
BABAM2-AS2,26
ANXA13,26
APOC1,26
LINC02321,26
TEX56P,26
SDHAF4,26
KLF5,26
LOC101927450,26
SLC1A1,26
LOC107986064,26
SIGLEC11,26
FPR3,26
LOC105378448,26
LOC101929028,26
LOC105372441,26
MHENCR,26
LINC01044,26
LOC124904565,26
LOC124905248,26
LINC01801,26
BASP1-AS1,26
HSPA9,26
LOC101930091,26
IL1F10,26
HSD3B1,26
RNF111,26
ANKLE1,26
HEXIM2-AS1,26
ADCY8,26
MIR612,26
LINC01724,26
WHAMMP3,26
EGR1,26
LINC02412,26
OR4K13,26
TDRD12,26
ZNF407,26
CAMSAP1-DT,26
STAT4,26
VPS26A,26
LOC112268087,26
FYTTD1,26
ZNF441,26
GTF2IRD1P1,26
ADAT1,26
LOC124900372,26
ZDHHC21,26
LOC107987177,26
GGA3,26
C1orf226,26
GLTPD2,26
CCT6P1,26
LINC01000,26
LOC124901090,26
LOC105377743,26
NXPH1,26
ARLNC1,26
NTAN1,26
E2F1,26
GP2,26
SYS1,26
RGS9,26
EXO1,26
PLA2G12A,26
LATS1,26
APOBEC3F,26
BPESC1,26
LOC105373896,26
ZMYND10,26
LINC00609,26
COMMD4P1,26
CCDC112,26
STEAP1B,26
HES3,26
NCAM2,26
SNORD115-14,26
TRPC4AP,26
LOC105369532,26
LLGL1,26
LOC124904701,26
LOC124902607,26
LOC124903582,26
LOC107984265,26
POLR2E,26
LOC102724019,26
LINC00378,26
GALR2,26
SWI5,26
ZBTB25,26
TRUB2,26
LINC02022,26
LINC01951,26
GATA2,26
LOC124902867,26
LOC124902121,26
TAS1R2,26
LINC02366,26
CCDC149-AS1,26
EXOSC7,26
LPAR3,26
BLVRB,26
MSRB3,26
MAL-AS1,26
PEBP1,26
LOC105375508,26
AMBRA1,26
LOC105372038,26
CD151,26
MMP2,26
LINC01756,26
LOC107986742,26
RBM26,26
PON3,26
GUCY2D,26
CCDC90B-AS1,26
LOC107986335,26
ALOX12-AS1,26
LINC01123,26
LINC01106,26
COPB2,26
PKMYT1,26
DLX4,26
LOC105369308,26
LOC105378318,26
CX3CR1,26
MIX23,26
ZDHHC12-DT,26
GPR55,26
LOC105379392,26
CYP4A11,26
DACH2,26
LINC02446,26
LOC124907768,26
RAB4A-AS1,26
ID2,26
LOC105378736,26
ABHD3,26
LOC101928924,26
ZNF358,26
PLBD1-AS1,26
MAP1A,26
EMC2,26
LINC00540,26
DNAH12,26
LINC00838,26
EGFLAM-AS4,26
LEO1,26
USP46,26
UCP1,26
LRTM1,26
HOXD12,26
ACTR8,26
INCENP,26
LOC105375684,26
LINC02269,26
LINC02231,26
HMBS,26
LOC102723739,26
LNCBRM,26
CHMP5,26
CHMP1B2P,26
TSPYL5,26
GALR1,26
LOC124903296,26
LOC105377123,26
LOC105372206,26
CYC1,26
LOC105371625,26
UBE2O,26
BOLA3,26
LINC00824,26
LOC105375613,26
SEPTIN14P6,26
NDUFV2,26
LOC107985368,26
LOC105376498,26
LINC02126,26
TMLHE-AS1,26
SEPTIN7P13,26
ACOT1,26
LOC124902538,26
ANKRD54,26
LOC124902709,26
RBP1,26
ABCD3,26
LOC112268039,26
FBXL19-AS1,26
LOC105371198,26
EXOC3L2,26
LOC101929707,26
FAM237B,26
H3-4,26
TSSC4,26
CCL16,26
CEACAM5,26
LRRC4,26
HOMER1,26
LINC02677,26
CHCHD3,26
DCDC2,26
MBD1,26
SMIM20-AS1,26
ZNF514,26
GLO1,26
LINC02823,26
SLC15A5,26
LOC105373017,26
OVOL1-AS1,26
ITPKB-IT1,26
LINC02112,26
LOC105370489,26
TNNC1,26
GPRC5D,26
LOC105370824,26
NCF1,26
ZNF37BP,26
LNCAROD,26
LOC101927469,26
SARS1,26
LINC03033,26
BDH2,26
CARMAL,26
CACNA1B-AS2,26
LOC107987342,26
SLC30A8,26
GRIA1,26
LOC112268119,26
ANO10,26
LINC02264,26
TRIM21,26
AMACR,26
SHROOM1,26
LINC02345,26
FAM217B,26
PGLYRP3,26
ARSL,26
RCC2-AS1,26
EDNRB,26
TRIM34,26
MT1H,26
SORL1-AS1,26
UBE2Q2P16,26
ATCAY,26
ZGLP1,26
FGGY-DT,26
RNF34,26
ZNF318,26
TMEM19,26
TMEM254,26
KANSL1L,26
LOC105375266,26
LOC105376193,26
DTWD1,26
LOC124904071,26
OR3A2,26
LOC124905146,26
HSBP1L1,26
FFAR4,26
TMPRSS7,26
DOCK4-AS1,26
MAX-AS1,26
LOC124900760,26
PSMD8,26
AGAP5,26
HS3ST6,26
PLTP,26
SIX4,26
SCP2D1-AS1,26
LINC00858,26
KCNK18,26
ZNF213-AS1,26
TIMP4,26
CA3-AS1,26
BCL9,26
LOC124903673,26
ASH1L,26
ZSCAN20,26
TTBK1,26
LOC390877,26
DDX39A,26
ZNF41,26
LOC124908064,26
THRB,26
LINC01068,26
LINC01777,26
LOC107984788,26
ADAMTS12,26
APRT,26
LOC105375566,26
LOC105374607,26
MIR4530,26
LOC124901928,26
LOC100128770,26
LOC105372636,26
SLC6A7,26
FLVCR1,26
LOC124901944,26
LOC101929439,26
SLC7A11,26
HBP1,26
AKAP1-DT,26
PCDHAC2,26
FOXL3-OT1,26
LOC105377587,26
LOC124905300,26
LOC105374517,26
LOC124909460,26
BPIFA1,26
SMAGP,26
IQCF4P,26
LOC105373870,26
LINC00652,26
ATP9A,26
SALL4,26
LOC101927330,26
ADRA1D,26
LOC124906005,26
LOC124904652,26
LKAAEAR1,26
IHH,26
MIR181C,26
TSPY2,26
ATP5PD,26
LOC124905084,26
LINC02191,26
LINC02318,26
LOC100506858,26
ZNF337-AS1,26
MESP2,26
LINC02404,26
TMEM269,26
HMGN5,26
RAB7B,26
LOC105370697,26
CIDEA,26
NKAP,26
SLC25A19,26
SLC40A1,26
ZNF175,26
MSTO1,26
CCNB3,26
WFDC21P,26
MAT1A,26
LOC124903573,26
ODF2-AS1,26
LDLRAD4-AS3,26
DELE1,26
LOC105372884,26
NIPA2,26
TLR9,26
LOC107985420,26
LOC107985075,26
GLOD5,26
DCAF12,26
SGMS1,26
CXCL13,26
BCL7A,26
LOC124903075,26
LOC124904700,26
CRBN,26
UBE2V2,26
LOC105370614,26
SCOC,26
EFHC2,26
LOC112267859,26
PCSK6-AS1,26
TMEM185B,26
LOC124909344,26
IL1RAPL2,26
GORAB-AS1,26
FAM76A,26
HIGD1A,26
TGS1,26
LOC107984266,26
LOC124901421,26
LINC00996,26
LOC124901974,26
LOC124904090,26
LOC105374017,26
TAT,26
LOC101926956,26
LOC124902008,26
PHOSPHO2-KLHL23,26
INSYN1,26
LINC03046,26
PPIL1,26
EFCAB10-AS1,26
IL6ST-DT,26
WDR6,26
PHKG1,26
PATL1,26
ANGPTL3,26
TMEM38A,26
LOC124905120,26
IL12B,26
CXorf49,26
CXorf49B,26
CHASERR,26
LOC105376987,26
SLC37A2,26
MIR6715A,26
BLMH,26
FPGT-TNNI3K,26
ANKRD31,26
ZNF672,26
CPLX1,26
XBP1,26
BST2,26
MIR663AHG,26
MAS1L,26
GMDS,26
WHAMM,26
ADORA3,26
VPS25,26
GLYATL2,26
LOC100129203,26
LINC00528,26
SELENOO,26
TSPAN8,26
ZNF10,26
TMEM222,26
ALAD,26
C14orf180,26
CLEC12A-AS1,26
OR7E14P,26
PTGES3L,26
MIR548D2,26
CCDC9B,26
RAB3GAP2,26
KLHL24,26
LOC105375501,26
LOC124902605,26
FGL1,26
LOC107984709,26
LINC00836,26
ZBTB20-AS1,26
CRYGS,26
MAEA-DT,26
TMEM265,26
KCNK1,26
LOC107986579,26
SS18,26
LOC124903888,26
DPH5,26
LOC124908051,26
SUCO,26
CPEB1-AS1,26
LOC107985936,26
ASTILCS,26
TALDO1,26
HAO1,26
SEPTIN14P23,26
GCFC2,26
LRRC59,26
CCL17,26
LOC102724906,26
ZNF581,26
ADAT2,26
ADIPINT,26
THUMPD1,26
LOC105378740,26
EPIST,26
ABCF3,26
CYRIA,26
CIST1,26
LINC02069,26
LOC124900891,26
LOC105370094,26
LINC01870,26
CFLAR-AS1,26
SAXO1,26
BDNF,26
CDKN2B,26
MKLN1-AS,26
PRR36,26
RAB41,26
PWRN4,26
SCGB2B2,26
ATP6V1D,26
CROT,26
NAGA,26
LOC101927413,26
MED29,26
LOC101928796,26
PPM1J-DT,26
LOC124903196,26
LOC107985934,26
ZNF79,26
SEMA3F-AS1,26
XIST,26
PELP1,26
E2F8,26
LINC01160,26
LOC101927847,26
RFX7,26
VGLL3,26
LOC124902030,26
LOC105373428,26
COPS3,26
LOC107985869,26
TRIM33,26
PPA1,26
PRR14L,26
FBXL8,26
RPL23AP87,26
ACP5,26
FRMD4A-AS3,26
IRX6,26
CNOT11,26
LOC124904858,26
LOC283683,26
RTKN2,26
MIR4758,26
LINC01269,26
CDK5R2,26
LOC105374645,26
ZNF383,26
TRIM23,26
PGAP2,26
LOC124903915,26
TRAPPC2L,26
LOC105379381,26
ENAM,26
ZNF17,26
SEC11A,26
SMIM41-AS1,26
LOC124901389,26
LINC02053,26
LINC02809,26
LYZL1,26
LINC01982,26
LINC01855,26
ZCCHC24,26
LOC105374439,26
PDK2-AS1,26
PCSK5,26
ASIC4-AS1,26
OR14I1,26
SBSPON,26
LOC105376627,26
LOC105373404,26
DBNDD2,26
LOC105373071,26
LOC107984098,26
YY1AP1,26
ZNF236-DT,26
LOC102724319,26
GEM,26
KCTD15,26
SYK,26
APH1A,26
BEX5,26
WDR38,26
AGPAT4,26
STX17,26
LOC105369842,26
BAG3,26
SDHAF1,26
LOC124904332,26
LOC124902494,26
CFAP58,26
GS1-24F4.2,26
OSTCP2,26
U2AF1,26
ANKRD65-AS1,26
MDH1,26
CNNM4,26
ASNS,26
LOC124904522,26
LOC107986599,26
IL6R-AS1,26
PHETA1,26
ZNF44,26
CCDC97,26
CPOX,26
POP4,26
MAP3K21,26
HDAC11-AS1,26
FZD10,26
FRMD7,26
LOC107984790,26
KLHL18,26
LOC105373939,26
IP6K3,26
LOC105377029,26
RAB8B,26
SP2,26
FBXO3,26
PNMT,26
LOC105374304,26
LINC03091,26
SCAF1,26
SEMA3A,26
LOC105370025,26
SCAMP2,26
LOC101929788,26
LOC102724579,26
FAM162A,26
LACTB,26
CRABP2,26
LOC105372390,26
LINC01189,26
PARGP1,26
TIMP2,26
LOC124904087,26
LOC105369376,26
GPATCH2,26
SIRT3,26
E2F3,26
LOC107986531,26
GFM2,26
LOC107986892,26
C11orf21,26
LPAR5,26
LINC02664,26
SLC25A38,26
TMEM89,26
ZBTB1,26
ZSCAN16,26
INO80-AS1,26
SEMA5A,26
LINC02859,26
LOC107987084,26
DESI1,26
ZNF433-AS1,26
LOC124902381,26
EPN2-AS1,26
ROR1,26
ZFP64,26
MAGEC1,26
CLCN1,26
HOXC9,26
HIPK2,26
DOK1,26
MYMK,26
HOXB13,26
PSMD3,26
GYPC,26
OGA,26
SETD4,26
MMP19,26
LOC124904953,26
SDF4,26
CDH26,26
JHY,26
USP50,26
RPS19BP1,26
TNFRSF12A,26
SMARCA1,26
LINC01478,26
DUS1L,26
DNAJA4-DT,26
LOC105375638,26
LINC01348,26
LINC00501,26
KCNJ1,26
UBL7,26
PRKAG2-AS2,26
SMIM1,26
FKBP11,26
ZNF692,26
C3P1,26
NETO1,26
DEFB121,26
MIR6071,26
LOC105375814,26
LARP4,26
WSCD1,26
LINC01683,26
TPTE2P6,26
LOC105371244,26
E2F4,26
NAPSA,26
LOC105369718,26
PRPF3,26
TIMM17B,26
TBC1D3K,26
ST6GALNAC4,26
TGFB1,26
SRPX,26
DUOXA1,26
EXOC1-AS1,26
TBC1D12,26
NAB2,26
LINC02322,26
ALDH18A1,26
SEC14L5,26
ZNF528,26
SNX27,26
WFDC3,26
BMS1P1,26
RGS19,26
RAB35,26
LASTR,26
CEACAM8,26
LOC124902266,26
PRRG3,26
LOC124904395,26
TAFA3,26
FBXW4P1,26
HMGCS2,26
LDC1P,26
LOC107986479,26
RFX8,26
CFAP77,26
KLHL40,26
TARS1,26
OAF,26
RNF214,26
TNFAIP1,26
DNAH8-AS1,26
LINC01446,26
LINC01774,26
PHF3,26
TMCO6,26
ZNF680,26
NYX,26
TSPAN3,26
LOC105373639,26
ETV2,26
ARMC5,26
HOOK1,26
MRPS9,26
MZB1,26
LOC101928391,26
LEPROTL1,26
LMNB2,26
CPEB2-DT,26
LINC00618,26
TSKS,26
PLCXD2,26
DEUP1,26
PRKACB,26
RELCH,26
MIR1302-8,26
STX18-AS1,26
CNOT8,26
LOC340184,26
LOC124903852,26
CYLD-AS2,26
LOC105379384,26
LOC105374655,26
MIR759,26
TFEC,26
BARX2,26
TAF11L3,26
SDS,26
NRBP1,26
LOC107985386,26
CAMTA1-AS3,26
IL5RA,26
LOC107985438,26
LOC124903454,26
TARM1,26
LOC124901083,26
NEU4,26
RCAN3,26
ZFP28,26
LOC101928535,26
OR2T7,26
SMG1P1,26
ZNF787,26
LOC441239,26
LOC124901667,26
LOC124904079,26
LINC02996,26
NTAQ1,26
OR4F13P,26
DDX19B,26
TAF11L10,26
SPANXA2-OT1,26
LOC105370295,26
ZNF471,26
ERVK13-1,26
MIR1-1HG,26
PCDH9-AS2,26
LGI3,26
NCK2,26
PDYN-AS1,26
LOC105370939,26
BPIFB2,26
NDUFB4,26
EDF1,26
HTR5A,26
LOC102724642,26
LOC131696449,26
LOC101929398,26
CTNNBIP1,26
MPP7,26
LAMTOR2,26
ZNF542P,26
SLC16A1,26
LOC105376105,26
JMY,26
C2orf76,26
MAGEB1,26
LOC100130987,26
PSPH,26
ATP6V1E1,26
ETV5-AS1,26
MYO3B,26
RIMS3,26
MBD3L3,26
LINC02448,26
LOC124900931,26
LINC01793,26
ZNF730,26
GTF2E2,26
TRERNA1,26
FAM217A,26
TBC1D3I,26
STAG3L3,26
STAG3L1,26
CEP57L1,26
FGF14,26
LOC105376856,26
LINC01656,26
ZNF676,26
FOXG1-AS1,26
LOC107986629,26
KIAA1549L,26
LOC105373373,26
NME5,26
NUP88,26
LINC02750,26
GGTA1,26
LOC105377451,26
SOCS1,26
RPL28,26
WFDC1,26
TMEM132D,26
LINC01911,26
XIRP2,26
TMEM150C,26
MIR4518,26
MIR3914-2,26
NFIB-AS1,26
RIPK3,26
KIF11,26
SLC25A18,26
MON2,26
LOC124901619,26
MANBAL,26
ART5,26
LOC124904240,26
ANXA2P1,26
PDXP,26
ASNSP1,26
MYO1H,26
METAP1,26
RAB42,26
LOC101929380,26
DUSP16,26
BIRC6-AS2,26
RBMY3AP,26
PARL,26
RPL23AP53,26
LINC00456,26
LOC105375421,26
FAM27E4,26
LINC01646,26
LOC105376039,26
TEX28,26
LOC124903360,26
SPINT1,26
LINC02557,26
AP1S3,26
LOC105374942,26
KTI12,26
LOC105376002,26
STPG3,26
LINC02440,26
LRRC57,26
SRRD,26
STRIP2,26
RNF213-AS1,26
HINT2,26
PTTG3P,26
SCGB2B3P,26
DBX1,26
MRPL32,26
TMEM53,26
PHYHIPL,26
OR4C5,26
LOC105372959,26
LOC105379356,26
LZIC,26
FCGR1CP,26
LOC102723566,26
ENTR1,26
CIMIP5,26
LOC124902546,26
LOC105376860,26
LOC124903322,26
SLC25A17,26
MIR548AM,26
MIR665,26
HTR1B,26
LOC105373289,26
LOC124909338,26
LOC102724948,26
LY9,26
FAM120A,26
LOC101928219,26
BPIFA2,26
PMS2P5,26
ZNF77,26
LOC105376123,26
H2AJ,26
LINC02274,26
PTPDC1,26
KCNK17,26
PROCR,26
NOTO,26
HFM1,26
SOD3,26
KLF2-DT,26
LOC107987007,26
LINC01735,26
LOC124900622,26
LOC105372253,26
SIAH2,26
LOC124904555,26
LOC105376350,26
NUF2,26
WDR24,26
KLHL6-AS1,26
LINC02365,26
BYSL,26
KPNB1-DT,26
NME4,26
IFTAP,26
LCE3B,26
MIR6861,26
DAPK3,26
LOC124901737,26
RPE65,26
MIOS,26
HMG20B,26
IMMP2L,26
LOC100134368,26
LITATS1,26
SLC25A5-AS1,26
GRIN2B,26
SFXN4,26
LINC00343,26
LOC105370688,26
MIR7158,25
LOC105372130,25
LOC105371739,25
LOC124901692,25
LOC124901168,25
CSRNP3,25
LOC102724428,25
CHMP4A,25
ABHD14A-ACY1,25
LOC105377628,25
AGPS,25
TCEAL7,25
LOC105373973,25
LINC01610,25
LOC105374810,25
LOC105371501,25
PAX7,25
MIR3125,25
ZCCHC17,25
LOC124903735,25
KLHDC2,25
RHAG,25
LOC105372407,25
CAMLG,25
LOC101929800,25
ERI3-IT1,25
LOC107987126,25
VPS13C,25
GAL3ST4,25
SNHG4,25
TLCD2,25
LOC101928143,25
SPECC1L-ADORA2A,25
MIR7845,25
LOC124904677,25
LOC124906132,25
COX4I1,25
LOC105376611,25
LOC124900247,25
LOC105378287,25
LOC105379379,25
LOC124902992,25
LOC124907733,25
NLRP4,25
LIN54,25
RGL1,25
NXF2,25
INO80D,25
LOC124901104,25
ALPG,25
LOC105370271,25
CXCL8,25
LOC102724858,25
LOC101928495,25
LOC105370638,25
SNORD115-12,25
LXN,25
HPGD,25
MIR499B,25
COASY,25
LOC124902693,25
SLC25A11,25
BCORL1,25
LOC124907897,25
LOC105372385,25
LOC105371848,25
LOC105371853,25
LOC105375299,25
NUDT5,25
LOC124909458,25
PBK,25
MAL2,25
ERF,25
LOC124902444,25
LINC01467,25
ZBTB43,25
VIPR2,25
USE1,25
LOC107984308,25
ATAD2B,25
GUCA1A,25
UBE2S,25
LOC101928499,25
LGALS7,25
LMO3,25
KLHDC7B,25
CARHSP1-DT,25
MYH6,25
LINC01772,25
LOC112268250,25
LRRC1,25
SNORA70D,25
LOC105377008,25
VPS37C,25
OR2Y1,25
HNRNPCL1,25
LOC124905139,25
LOC105374312,25
OPN1SW,25
LOC105371793,25
LIG1-AS1,25
DTX3L,25
LOC100287072,25
KRTAP4-7,25
C6orf136,25
BTN3A2,25
TOB1,25
LOC105375784,25
MIR6805,25
LOC107985079,25
C1orf220,25
DNAJB2,25
BMP15,25
USP51,25
MIR4285,25
NPIPB7,25
NPIPB15,25
RRAGD,25
ZFR2,25
CRYZ,25
BLOC1S5,25
GNG12,25
ITPK1-AS1,25
IQCJ-SCHIP1-AS1,25
ZMAT5,25
SPDYE16,25
MDFIC,25
MIR556,25
GIP,25
MRPL41,25
LOC105376207,25
LRFN1,25
CIMIP2A,25
TMEM184C,25
LOC105375102,25
PROX2,25
APOF,25
MRPL19,25
LOC101929048,25
LOC124902445,25
SH3BGRL2,25
SFRP5,25
CLTC,25
GTPBP4,25
LOC101929998,25
LOC645188,25
FGFR1OP2,25
PPP3R2,25
SSTR4,25
LOC124902719,25
TMEM247,25
BET1,25
PABPN1,25
VSIG2,25
FOSL1,25
LOC124901578,25
LINC03053,25
LINC02027,25
LIPF,25
ALDOB,25
LOC124906712,25
LOC124905991,25
LIMS1-AS1,25
MIR2114,25
LOC107985807,25
LOC124902684,25
ZSCAN5A-AS1,25
TP53TG3HP,25
LOC101927188,25
SAYSD1,25
CDH16,25
DUSP12,25
LOC124902882,25
RBM8A,25
LOC100996664,25
GLRX3,25
LOC105377763,25
ZNF732,25
PRKCA-AS1,25
ZNF596,25
TMEM220,25
SLC35B2,25
C1orf167-AS1,25
LOC105372140,25
OR1L6,25
PPP1R18,25
HSD17B3,25
CRX,25
LOC124903865,25
RACGAP1P1,25
LOC105373061,25
COX10,25
LINC00853,25
RAB11FIP1,25
SNX30-DT,25
LOC105377510,25
EGFL8,25
C16orf78,25
OR4D6,25
ABCB7,25
AURKB,25
LINC01900,25
NEXN-AS1,25
SAT1-DT,25
LOC643441,25
LINC01603,25
RBMS3-AS3,25
TAGAP,25
LINC00290,25
FLG,25
RPL26L1-AS1,25
IATPR,25
NBPF8,25
NBPF15,25
LOC107984412,25
S100A6,25
TIFA,25
LOC105379157,25
LOC105370194,25
RIDA,25
LINC00473,25
PPP1R2,25
LINC02167,25
COL15A1,25
GAMT,25
NCK1-DT,25
LINC00681,25
GPR132,25
RNVU1-19,25
ARRDC1-AS1,25
LOC124905116,25
RASA3-IT1,25
PKN3,25
METTL21A,25
LOC105379047,25
LOC124903950,25
CHAMP1,25
IL18R1,25
LOC124904516,25
LOC107984435,25
TIPARP,25
LOC102724760,25
IGHV1OR15-1,25
LOC105378521,25
SLC12A5-AS1,25
LOC124902253,25
TUBA3FP,25
NFATC2IP,25
STMN2,25
IL1RL2,25
USP12-AS1,25
FOXA3,25
OR10A5,25
OTUD1,25
KPNA7,25
PRR15,25
LOC105369976,25
MND1,25
LOC105370973,25
LOC124902558,25
SLC39A3,25
LOC124904877,25
LOC124905258,25
ZSCAN9,25
PSMC3,25
GPR20,25
MDM1,25
SASH3,25
QSOX1,25
MYL6B-AS1,25
MIR645,25
ZNF248,25
INO80E,25
ZNF517,25
AP4S1,25
LINC00904,25
LOC105371265,25
LOC105378647,25
TBR1,25
FAM90A18,25
FAM90A16,25
FAM90A17,25
FAM90A19,25
FAM90A9,25
LINC00928,25
LOC124904975,25
ATF5,25
LOC105377326,25
CD248,25
THBD,25
LOC124904518,25
LOC124900776,25
HAAO,25
LYRM9,25
CRYBA1,25
LOC105373942,25
NFILZ,25
SSC4D,25
GAL3ST2,25
ZSCAN16-AS1,25
LINC02331,25
LINC00368,25
LOC105377678,25
MYH13,25
NDUFV3,25
MAIP1,25
PCLAF,25
LOC124902739,25
TMEM105,25
MAGEB6B,25
MPPED2-AS1,25
ERICH4,25
PFKFB1,25
CACNA1C-AS2,25
LOC124904069,25
SHISAL1,25
ZNF775,25
FAM240B,25
EIF2S1,25
TMEM210,25
EGLN3,25
RAB33B-AS1,25
LOC107986072,25
LOC124904505,25
P2RY2,25
MIR4309,25
LOC107984893,25
MZT2A,25
LOC105375336,25
TRAF3IP2-AS1,25
CBX7,25
LOC101927235,25
LRRIQ3,25
ATRIP-TREX1,25
LOC102723360,25
MYH15,25
NT5C1B,25
MIR3934,25
ANKRD36,25
ZNF391,25
ANKRD20A8P,25
LOC100130691,25
TMEM80,25
GTPBP8,25
TMBIM4,25
SAC3D1,25
EXOSC2,25
LINC01999,25
SLC28A2-AS1,25
OR2A1,25
PIK3CG,25
LOC105377481,25
ZNF367,25
LOC105376161,25
LOC107984450,25
LOC124902273,25
SMAP2,25
TEX101,25
SMIM10L2B-AS1,25
SMS,25
LOC124903191,25
MRM3,25
NTHL1,25
FAM90A2P,25
FAM90A25P,25
LOC124903824,25
LOC105372625,25
ROCK1,25
LINC00703,25
LOC124903193,25
C6orf141,25
GJB6,25
LINC01655,25
SPINK7,25
ADAM10,25
FNBP1L,25
MAD2L1-DT,25
SLC27A4,25
LOC107984828,25
LOC105376845,25
LOC101929388,25
LOC124903834,25
DHX16,25
HSD17B7,25
LOC105378801,25
LOC105375721,25
ZNF595,25
KRT38,25
TCF24,25
LOC101927872,25
LINC01729,25
LINC02828,25
CHRM4,25
SERPINB11,25
SKP1,25
SPATA16,25
LYG2,25
ZNF467,25
ZNF24,25
SLFNL1,25
LOC653653,25
DIAPH2-AS1,25
WEE2-AS1,25
PADI3,25
LOC105370619,25
PROKR2,25
RAD51C,25
GNRHR2,25
FAM240C,25
LOC124905257,25
HLX,25
TYMSOS,25
LOC107985674,25
MIR4435-1,25
MIR4435-2,25
LOC105378519,25
ZBTB44,25
CTAGE15,25
CTAGE6,25
HLA-J,25
CDC42EP4,25
TET2-AS1,25
LOC105374217,25
CCAR2,25
SRR,25
ZNF138,25
PRKXP1,25
LOC105373833,25
CHRNG,25
LOC105374927,25
LOC105373417,25
DPPA4,25
ATOSB,25
LINC02523,25
LOC124903871,25
MIR6069,25
NGF-AS1,25
EXO5-DT,25
BBOX1,25
RBM46,25
OR6B3,25
LOC124903866,25
LOC105377227,25
LOC124905081,25
LINC01614,25
ITPRID1,25
KRT72,25
LOC105378836,25
GTPBP10,25
ARL13A,25
LINC03054,25
OR2AP1,25
LINC01409,25
SLC18A2-AS1,25
LOC102723458,25
LOC105371067,25
PAOX,25
LOC124903297,25
GRM3,25
LOC124904874,25
LOC105378621,25
FAM120AOS,25
DYNC1LI1,25
LOC124904628,25
LOC124901735,25
LOC107986277,25
LOC105371254,25
PRKCQ-AS1,25
PGCKA1-AS1,25
SCAANT1,25
IRF9,25
RAP1GDS1,25
ARHGEF17-AS1,25
HYCC2,25
MTMR11,25
CPLANE1-AS1,25
SEC22C,25
LINC00235,25
VCAN,25
C1orf94,25
CDK20-AS1,25
RWDD3,25
LINC00867,25
ARLN,25
SPINK5,25
MIR3688-1,25
GPR19,25
OOSP4B,25
LOC124904625,25
LOC101929902,25
LOC124904742,25
LOC124903942,25
LOC102723724,25
LOC105377724,25
ZNF584,25
LINC01650,25
GRIA3,25
KLHL8,25
HSPA4L,25
MIR6073,25
LOC105376420,25
RESF1,25
KLK13,25
TRNP1,25
ZNF770,25
LOC124900344,25
ADCK1,25
EHHADH-AS1,25
SNPH,25
CCL23,25
SH3GLB1,25
LOC124902869,25
LINC01846,25
TMEM278,25
KIAA0040,25
GATD3,25
LINC02046,25
RPS28,25
LOC101928940,25
ZNF625,25
ADAMTS20,25
LRRTM4-AS1,25
CYP17A1,25
CFAP68,25
STMND1,25
LOC105377267,25
PHYHIP,25
FAM111B,25
TMEM123,25
DPY19L2P2,25
LOC124901423,25
WDR70,25
IGFBP-AS1,25
LOC105375230,25
LOC105372902,25
LINC01989,25
LOC105374701,25
CERS3-AS1,25
PIH1D2,25
LOC124906096,25
VSTM2B,25
TRIM69,25
LOC124901391,25
LOC105373352,25
TGIF2,25
TMEM212-AS1,25
ZNF561-AS1,25
PRAMEF1,25
PRAMEF14,25
LOC124901331,25
ZBTB24-DT,25
RASGRP3-AS1,25
SLC7A13,25
TSPEAR,25
EIF3H,25
LOC124906013,25
LINC01806,25
MLLT1,25
TAOK1,25
LRRC8A,25
ZNF34,25
MBNL1,25
MIR4475,25
DLGAP4-AS1,25
ST8SIA5-DT,25
ZFYVE16,25
LOC105378572,25
TESHL,25
LOC105369634,25
ADAM7-AS1,25
LOC124902203,25
LOC105373999,25
LINC01127,25
MGST2,25
NPR3,25
TMSB15C,25
CLPS,25
NSA2,25
LOC101929343,25
SNTG2-AS1,25
HMGB4,25
RPL23,25
OXER1,25
FAM114A2,25
LOC105372480,25
LOC124909401,25
CCDC187,25
RNF112,25
PRSS3,25
TTLL13,25
MYL6,25
CD164L2,25
R3HDML-AS1,25
ZBTB42,25
LINC01985,25
ANKRD30BP2,25
LINC01925,25
TRIR,25
LOC285819,25
LOC112268191,25
QRICH1,25
PLAU,25
EMC8,25
POTEJ,25
ZNF208,25
TSEN34,25
LOC107986837,25
MARCOL,25
LINC00280,25
KCNF1,25
CENPN,25
LOC105371723,25
LOC124902071,25
LOC105379342,25
WFIKKN1,25
LAMB3,25
SPINT1-AS1,25
DNAJC5B,25
LOC105375373,25
OXCT2P1,25
OXCT2,25
CYP2C9,25
UBE2I-AS1,25
LINC01423,25
LOC124903397,25
LOC100287944,25
PAK3,25
EYA3,25
POU3F4,25
MCOLN2,25
CCT8,25
LOC124907869,25
UBXN1,25
GLT8D2,25
EDIL3,25
LOC124902563,25
GAST,25
FGD6,25
SOX8,25
OR4K15,25
LPAL2,25
LOC124907976,25
OR2L13,25
SPDYE7P,25
SPDYE6,25
SPDYE5,25
XKR6,25
EPC1,25
PANK1-AS1,25
PRAMEF7,25
PRAMEF8,25
BARHL2,25
BRINP1,25
PSMA1,25
UBQLN1,25
SLC13A2,25
LOC105374506,25
CYP4V2,25
CCDC154,25
CERKL,25
LOC107986487,25
PRTN3,25
FPR1,25
LOC107987323,25
LOC105373438,25
THSD8,25
SLITRK3,25
ZFAND6,25
LINC02447,25
QPCT,25
KCTD12,25
GLIS2,25
B3GNT3,25
RHOV,25
LOC105375297,25
GBP2,25
LOC100130256,25
LOC100129291,25
LINC01781,25
C1orf174,25
SLC1A5,25
LINC00994,25
ELOVL1,25
TRPC5OS,25
TUBB6,25
LINC02261,25
LOC107984892,25
LOC124901333,25
SH2B2,25
TMEM169,25
LPXN,25
LOC105377549,25
HOXC4,25
BRAP,25
VKORC1L1,25
MMP28,25
LINC02473,25
LINC00920,25
CCIN,25
TMEM208,25
RAB5A,25
LIN28A,25
RNFT1-DT,25
LOC105372224,25
LINC01280,25
LOC102724527,25
LINC01202,25
LINC01226,25
SH3RF1,25
USP14,25
TRIM35,25
LOC102724749,25
CDC42EP1,25
GAB2,25
VAMP9P,25
GPRIN3,25
FFAR2,25
NGFR,25
DISP2,25
LOC105369266,25
LINC01630,25
LOC105377160,25
LINC02178,25
MAN1A2,25
RETREG3,25
MTRFR,25
MYOZ1,25
CENPN-AS1,25
FCAMR,25
HSD17B1,25
LOC105371021,25
CATIP-AS2,25
SCYGR5,25
RHOH,25
WNT8B,25
ABCA15P,25
LOC124902470,25
NXPE1,25
LOC105369568,25
B3GALT1-AS1,25
RNF41,25
RAB27B,25
LOC107985020,25
LOC124900708,25
INSYN2B,25
LOC124902264,25
CCDC12,25
TEAD2,25
SLC25A3P1,25
PAQR5-DT,25
LOC105374147,25
ZNF225,25
MIR10527,25
THG1L,25
LOC100134868,25
ZNF781,25
LOC101928844,25
SPOUT1,25
LOC124909451,25
DCN,25
MIR6075,25
NXNL2,25
HEATR1,25
LOC124900351,25
TUT1,25
NEGR1,25
LOC101928236,25
CYP26A1,25
TMEM219,25
PDHB,25
LOC124901426,25
ABCA12,25
COG2,25
CYYR1-AS1,25
OR11A1,25
HIVEP2-DT,25
RAX,25
CCDC191,25
SEC61G-DT,25
DIDO1,25
CD8A,25
PCAT2,25
LOC107984365,25
OAS2,25
ZSCAN29,25
ZNF215,25
IFI30,25
LOC100506253,25
POLR1HASP,25
LOC124901325,25
LOC105379227,25
LOC124900603,25
DZIP1,25
DCAF1,25
GBA3,25
PRR14,25
C10orf55,25
SLC37A4,25
LOC105375298,25
CSF2RB,25
DARS1,25
SPIN3,25
TMIGD2,25
AGR2,25
EZR-AS1,25
C1orf53,25
UXT-AS1,25
DUSP6,25
CASC22,25
GPR61,25
MIR7850,25
SPHKAP,25
CHRM2,25
LOC100129148,25
UTP15,25
MINAR1,25
PIWIL2,25
LOC101929507,25
RNASE12,25
CNP,25
SPRYD3,25
LOC101929322,25
NRAP,25
USP46-DT,25
SLC61A1,25
GKN1,25
MYMX,25
WDR77,25
PIGT,25
LIM2,25
PCDH9,25
LOC105374150,25
PGGT1B,25
RNVU1-31,25
SYNPO2-AS1,25
QPCTL,25
CCDC59,25
DEFA6,25
LOC105369775,25
TPH2,25
DQX1,25
LINC02078,25
ZNF677,25
LINC02052,25
LOC124902861,25
PIANP,25
REG3A,25
SNCG,25
TNKS2,25
LOC105370943,25
LMAN1,25
EEF2KMT,25
RPA3,25
OGFRP1,25
RAP2C-AS1,25
DUSP18,25
SPINK9,25
LOC124902510,25
SULT1B1,25
LOC101927572,25
XKR4-AS1,25
TMEM30A,25
LOC101929372,25
EXOC1,25
MALSU1,25
OR5AN1,25
CRYBG1,25
AGMO,25
AWAT1,25
LOC105377543,25
RGPD3,25
PLEKHA1,25
LINC01926,25
CTSL,25
LMNB1-DT,25
NMD3,25
XPOT,25
LOC105371952,25
MIR8071-1,25
LOC102723490,25
LOC124900488,25
LRRC3C,25
CLIC3,25
LOC102724632,25
TSC22D1,25
MYL4,25
MID2,25
LINC02443,25
PGRMC2,25
AKR1C6P,25
ARHGEF25,25
LOC102724785,25
LINC01177,25
LOC105371050,25
LOC124901000,25
LARRPM,25
RPSA,25
FMNL1-AS1,25
SAR1A,25
ARHGAP22-IT1,25
LOC105373205,25
LOC105377002,25
DYNC2LI1,25
CGB7,25
UGP2,25
PRKG2,25
AFDN-DT,25
OBI1-AS1,25
SNRNP35,25
RBIS,25
LOC102723716,25
LOC107984373,25
OPN1MW2,25
MYNN,25
PRY2,25
PRY,25
RUSC2,25
LINC02675,25
GTSE1-DT,25
ZNG1C,25
BEX4,25
LOC105371430,25
LINC01690,25
LOC124901975,25
LINC01721,25
MRAP-AS1,25
DRAM1-AS1,25
SEPTIN3,25
MRPS23,25
EWSAT1,25
FA2H,25
ADAM32,25
TLE4,25
PLXNC1-AS1,25
ANKRD2,25
HEY2,25
RCOR1,25
DHRS4L2,25
LOC124903705,25
ZNF300P1,25
LOC105378149,25
LOC124901922,25
SLC25A39,25
TMPRSS11GP,25
MNDA,25
TMEM44-AS1,25
KRT18,25
LOC107985909,25
TYMS,25
PKD1P4-NPIPA8,25
BCYRN1,25
SLC47A1P2,25
SLC1A3-AS1,25
TLR1,25
LOC124901621,25
LINC00407,25
TCF7L1-IT1,25
LINC01366,25
SUV39H1,25
POM121,25
LINC03009,25
KCNK10-AS1,25
LINC00424,25
HOTAIRM1,25
LOC105378099,25
R3HDM4,25
PNLIPRP2,25
CCDC177,25
LOC107986524,25
NFYCP2,25
LOC101928596,25
RNPEP,25
ADAP2,25
SH2D5,25
LOC124903491,25
ADAMTS5,25
LOC105371243,25
LOC105376325,25
HRCT1,25
MAOB,25
CARS1-AS1,25
WDR1-AS1,25
LOC105370429,25
DDX52,25
YWHAH,25
CNOT6L,25
LOC102723341,25
AGK-DT,25
ZPLD2P,25
LOC112268173,25
LOC105377095,25
ARG1,25
KRAS,25
LINC00319,25
RPL17,25
KLK10,25
LOC124903836,25
FUT5,25
MIR3138,25
HOTAIR,25
LOC105370088,25
IRAIN,25
LINC03068,25
LOC124900850,25
LOC107985155,25
SPEN-AS1,25
CFAP144,25
EEF1AKMT2,25
GDF5,25
NONO,25
CD53,25
ZC3H8,25
LOC102724507,25
SNHG9,25
LOC102723536,25
NME8,25
LOC105378550,25
PCDH7,25
SH2D7,25
UGGT1,25
TAF8,25
IMP4,25
LNCATV,25
LOC102724152,25
LYVE1,25
LOC107986082,25
ELP6,25
LOC105378302,25
LINC00160,25
ZDHHC23,25
NUP133,25
WSB1,25
TMEM215,25
LOC105376472,25
LOC442497,25
MIR7976,25
ING2,25
LNC-LBCS,25
KIF2C,25
OPCML,25
BOLL,25
SRD5A2,25
LOC124904074,25
RTP2,25
OTC,25
IFNAR1,25
LINC00910,25
TXNDC12,25
ZNF451-AS1,25
CEP295,25
ARMC10,25
MYF6,25
KLHL38,25
NSMCE1-DT,25
ZG16,25
LOC107985433,25
TPRKB,25
LOC124901656,25
RCN1,25
C10orf120,25
ZFP82,25
TCEA1,25
SPRN,25
SPRNP1,25
BDKRB2,25
RPS2P32,25
LAMP2,25
LOC124902076,25
OR4N2,25
LOC105373124,25
GNA13,25
PSAP,25
LOC124904078,25
CCDC62,25
ZNF609,25
ZNF560,25
LOC124901308,25
API5,25
MTA2,25
LOC105372652,25
LOC107985206,25
GLMP,25
LOC122513141,25
NCR2,25
LINC02129,25
LOC124903494,25
LOC105373612,25
ZRANB3,25
MNX1,25
TDRD5,25
HSPH1,25
UGDH,25
GPR155,25
MIR3155A,25
LINC02575,25
LINC02565,25
MIR769,25
RPS6KB2,25
TEX10,25
OSTM1-AS1,25
LOC105372492,25
PITRM1-AS1,25
LOC124903023,25
HOXA10,25
LOC105376110,25
ANGPTL7,25
C1GALT1C1,25
LINC01946,25
DNAAF3,25
TBXT,25
HRH2,25
LOC105370739,25
CNTNAP3P2,25
OBP2B,25
LOC103171574,25
KCND2,25
SNX29P1,25
LINC00571,25
PCDHGC4,25
LOC105377676,25
LOC105376418,25
LOC107986816,25
LOC105369491,25
GCG,25
LOC100287329,25
RPS21-DT,25
BET1L,25
LOC105369656,25
TTTY15,25
DSCAS,25
TMEM147,25
MTCH2,25
RAET1K,25
SUSD2,25
GHITM,25
LMOD3,25
LINC01581,25
PRAMEF12,25
GMPS,25
SP2-AS1,25
LOC440300,25
MIOS-DT,25
MDC1-AS1,25
ASB8,25
LINC02006,25
SPATA31B2P,25
IL4I1,25
SLC2A4RG,25
LSAMP,25
LOC105373347,25
OGFOD1,25
LOC124903723,25
LOC101928234,25
GRB2,25
CLASP1-AS1,25
FAM110B,25
MROH9,25
H2AC14,25
SLC1A2-AS2,25
PTRH2,25
LINC00385,25
GIHCG,25
LOC105378502,25
ZNF136,25
LOC124904761,25
LOC124907989,25
LOC124901165,25
LOC105369688,25
PPARD,25
LOC100130673,25
LOC105369998,25
LOC124904441,25
RCAN2-DT,25
MIR194-2HG,25
SLC39A9,25
ACTRT2,25
C10orf67,25
TTC39C,25
LOC102723811,25
ATXN7L3,25
ARHGEF38,25
HMMR-AS1,25
LOC105373171,25
AKR1B15,25
HLA-DPB2,25
LOC105374963,25
DCAF5,25
CKM,25
CHRNA6,25
LOC124903564,25
LOC105374338,25
LOC124901264,25
ZBTB46-AS1,25
TNFRSF8,25
LOC105372711,25
ELOVL4,25
TMEM178A,25
ARMC7,25
AIRIM,25
HID1-AS1,25
TRIM17,25
LOC124901152,25
CD1E,25
ZNF888-AS1,25
C17orf67,25
SLC60A1-AS1,25
LOC124906238,25
PA2G4P4,25
LOC124900389,25
UCA1,25
LOC100996681,25
LOC105370343,25
TMED10P1,25
LOC107987060,25
LRRC38,25
LOC105373823,25
LOC101928306,25
CKS2,25
NUTM2F,25
TGFB1I1,25
TSBP1-AS1,25
MMUT,25
LOC105371442,25
KCTD8,25
LOC122539213,25
LOC100506281,25
LOC105377277,25
IRX3,25
LINC00844,25
MIR5699,25
CDIP1,25
LINGO1-AS1,25
BIVM-ERCC5,25
LRRC8C-DT,25
C14orf93,25
DBH-AS1,25
TUBGCP5,25
ZEB1,25
VPS28,25
SDC2,25
CSTF3,25
LOC102724542,25
TENT5A,25
LINC01305,25
ELOF1,25
CTXN1,25
ROMO1,25
ANKRD33B,25
MIR135A1,25
TOR1A,25
FOXO6,25
LINC01194,25
KCNK3,25
LOC105372622,25
LOC124903729,25
LINC01563,25
SKOR2,25
MFAP1,25
LOC124907883,25
ILRUN-AS1,25
NIT2,25
LINC01701,25
TMEM51,25
ANKRD35-DT,25
LINC02596,25
LOC124904662,25
LOC101929326,25
FGF8,25
KLKP1,25
NICOL1,25
RASSF7,25
LOC105372998,25
LOC124903061,25
LOC107987051,25
NPBWR2,25
PARK7,25
LOC442028,25
KAZN-AS1,25
GBP4,25
DRAM2,25
SIGMAR1,25
SNORD115-22,25
RNF149,25
JSRP1,25
LINC03117,25
LOC105371610,25
LINC02175,25
SNU13,25
CSPG5,25
ARMH3,25
CKAP4,25
LOC105373401,25
LOC100506076,25
MIR4690,25
KBTBD3,25
LINC02513,25
LINC00905,25
GDPD4,25
SNHG1,25
TMEM45A,25
CCR2,25
LOC105378530,25
MIR193BHG,25
SELL,25
LOC101928728,25
PRR30,25
LINC01939,25
SLC17A4,25
LOC124900317,25
LOC124905144,25
ACOT13,25
TMED11P,25
LINC00488,25
SNRPD2,25
LINC02094,25
CNTN1,25
MIR4645,25
ANKRD34C,25
MEIOB,25
LOC105370019,25
ALG3,25
PHF1,25
LEPROT,25
KCNJ12,25
ZNF548,25
CFAP73,25
ARHGAP18,25
LOC124905092,25
LOC124907982,25
LINC02317,25
ADSS2,25
LOC124902408,25
MOG,25
LOC105376686,25
SFRP2,25
NUP54,25
PNKP,25
LOC105372435,25
PARP16,25
LOC105379306,25
LINC02135,25
F2,25
CD37,25
SOBP,25
SOWAHD,25
RIBC1,25
EIF2B2,25
TAF11L7,25
TAF11L9,25
TAF11L14,25
CPMER,25
LINC01077,25
CBX4,25
NUDT6,25
CCKBR,25
USF2,25
LINC02606,25
EFNA4,25
PGGHG,25
MIR1257,25
LOC124901942,25
PTCSC1,25
IGLL1,25
LOC107986049,25
TPSD1,25
BBLN,25
ATP4A,25
LOC101928131,25
LOC105371829,25
ZNF766,25
BIN2,25
NDUFA9,25
DLK1,25
LINC02877,25
GOLGA8IP,25
TNMD,25
GRB7,25
LOC100506472,25
GPN2,25
S100PBP,25
SLC38A7,25
CNBP,25
PAIP2,25
CDIPT,25
CLIC2,25
NECTIN3,25
MIR6832,25
LOC105372896,25
LOC124904177,25
CDX2,25
LOC124904235,25
SYNE4,25
MIR8485,25
SNX16,25
ZBTB26,25
TCEAL6,25
LINC03021,25
LOC112267890,25
PIP4K2A,25
RASD2,25
MYBPH,25
PRIMA1,25
TMEFF1,25
TRHDE-AS1,25
ARL6,25
LINC02714,25
LOC101929050,25
LINC02692,25
MAP6D1,25
JPT1,25
ATP6V1G1,25
STAR,25
MIR7153,25
PAIP1,25
FAM230F,25
MAPK15,25
MIR4300HG,25
ZNF398,25
SLC35F4,25
LOC107984830,25
YIPF3,25
TTC39C-AS1,25
LOC124903971,25
ARRDC5,25
TRAPPC1,25
AP4M1,25
DDX59-AS1,25
CSNK1G3,25
CEP72-DT,25
LOC124901661,25
LINC00370,25
LOC107985581,25
ARHGEF4-AS1,25
PIRAT1,25
LINC00997,25
C17orf100,25
MIR4768,25
VPS37A,25
LOC105370615,25
LYPD6,25
FCGBP,25
OR5B21,25
C11orf52,25
ARF5,25
LOC107986103,25
BBS7,25
TSC22D4,25
ITGB6,25
CABP1-DT,25
RO60,25
FABP2,25
LOC124900201,25
LOC105377445,25
INSIG2,25
GH1,25
KIF21B,25
RBM22,25
LOC105369147,25
LOC105374890,25
HSPB9,25
LOC124902625,25
OR6W1P,25
LOC105370332,25
MIR576,25
LOC105376139,25
LINC02371,25
LOC124901574,25
SLCO4A1-AS1,25
DYNLT3,25
LOC105372165,25
LOC101928529,25
LOC105379882,25
UQCRFS1-DT,25
LOC124903071,25
PRXL2C,25
LOC105377438,25
HSPA2,25
MFAP3,25
NIPSNAP1,25
LOC107986985,25
SOCAR,25
LZTS1,25
GPR179,25
CERNA1,25
ADIRF-AS1,25
LOC105373888,25
MIR5694,25
LOC124901617,25
MIR6788,25
LINC01550,25
LOC124906064,25
MIR4476,25
SENCR,25
LOC105376327,25
ZNF552,25
LOC105377261,25
SHLD2,25
LOC124900378,25
LOC105377407,25
LINC03055,25
PTCD2,25
TBCEL,25
RNF207-AS1,25
THOC6,25
PSMB4,25
CLPP,25
CYP7B1,25
LOC105370653,25
COPS7A,25
GLIS1,25
MRGPRD,25
LOC105376034,25
GSTM4,25
LCT,25
WEE1,25
RMC1,25
C2CD4D-AS1,25
LOC105373134,25
LOC105378150,25
LINC02213,25
PTAFR,25
FRMD6-AS2,25
OPA1-AS1,25
PSME3,25
MIR328,25
CTD-2194D22.4,25
MIR3935,25
TMC7,25
IL13,25
A1BG,25
FBXO27,25
OR6C6,25
MAGEA9B,25
LOC105376494,25
SNORA20B,25
MED21,25
HORMAD1,25
NAV2-AS2,25
LOC124902628,25
SNX22,25
MTCP1,25
LINC01266,25
TSPO,25
NPPA-AS1,25
LOC124900239,25
DHRS4,25
TMCO1,25
CFAP97,25
RFXAP,25
RHBDL2,25
SHOC2,25
IFNAR2,25
SPINT3,25
TM6SF1,25
CDK13-DT,25
RNASE1,25
SNORA7A,24
CHST10,24
LOC124901141,24
NTS,24
MCEMP1,24
MITA1,24
ZNF205,24
LOC105369558,24
ZNF804B,24
GAL,24
LOC101928505,24
KATNBL1P6,24
MIR1468,24
VSIG8,24
GACAT2,24
CRYGN,24
GIMD1,24
LOC105371909,24
LOC124901037,24
IFITM2,24
MIR3179-1,24
MIR3179-2,24
MIR3179-3,24
MIR3179-4,24
LINC02131,24
MIR3646,24
LOC124905968,24
LINC01935,24
GPR183,24
CD2BP2-DT,24
TMPRSS13,24
HPS1-AS1,24
ERVW-1,24
LOC124902066,24
SCO2,24
LINC02954,24
LOC105377651,24
LOC105378780,24
DNER,24
OR2F1,24
MIR6863,24
MIR150,24
KCTD9,24
TTTY11,24
LOC124905241,24
WFDC5,24
LOC105373303,24
SPDYE13,24
LOC105369913,24
LOC107986154,24
SCARNA10,24
LCA5,24
LOC100630923,24
OR51I2,24
LINC02031,24
ISX,24
ZBTB40,24
LOC105372061,24
LOC102724956,24
LOC102723851,24
POLR1F,24
LYNX1-SLURP2,24
LINC00547,24
GSTM2,24
LINC02268,24
CEACAM20,24
KLC2-AS2,24
SPINK2,24
HOXD10,24
LOC101927575,24
ENTPD4-DT,24
LOC100129307,24
FEM1B,24
MAP2K5-DT,24
HCP5,24
SNORD15B,24
LOC107986009,24
CDKN2AIPNL,24
FAM41AY1,24
FAM41AY2,24
LINC02134,24
IQCF5,24
MIR4293,24
CIROP,24
LOC107986434,24
KCTD13-DT,24
LOC100130992,24
SLCO1B3,24
FCRLA,24
LROMI1,24
FOXD1,24
HDX,24
CCNI,24
SHC3,24
ZNF133-AS1,24
LOC124903013,24
LOC105378566,24
SURF2,24
MC1R,24
RXYLT1,24
GARIN6,24
LOC124904968,24
VPS29,24
KRTAP4-8,24
RARS1,24
SVIP,24
LOC107984901,24
LOC105373175,24
LOC105371972,24
HSD17B14,24
URAHP,24
LOC105369859,24
LOC107985068,24
LINC01779,24
LRRC74A,24
MIR4672,24
LOC100126447,24
LOC105374555,24
C2orf80,24
LOC105371079,24
LOC102723373,24
C1QL4,24
FAM83A-AS2,24
COMP,24
LOC124907731,24
KRTAP19-6,24
LOC124900475,24
MIR629,24
MIR8056,24
PLEKHF1,24
SELENOS,24
ZFP91,24
P3R3URF,24
LOC101927281,24
PTCD1,24
CAV3,24
FYCO1,24
LINC01978,24
TEDC2-AS1,24
SNORD115-41,24
GEMIN8P4,24
CXCR4,24
LINC02165,24
GPHB5,24
LOC124900679,24
LOC105371147,24
LOC107984322,24
LOC107987103,24
LOC124901374,24
MIR718,24
HNF1B,24
LOC124901055,24
CNIH4,24
LINC01489,24
CXorf66,24
SNORD115-30,24
ARHGAP5,24
BRD7,24
LOC105377665,24
HTR5A-AS1,24
EFCAB7,24
SLC26A5-AS1,24
C5orf46,24
C19orf73,24
LINC00269,24
FOSL2-AS1,24
LOC107986455,24
ACTG1P25,24
FNIP1,24
AURKA,24
LOC124904234,24
LOC105375118,24
LOC124902906,24
LTO1,24
FAHD1,24
IL17D,24
NBPF9,24
CCT5,24
LOC105372517,24
LOC112267942,24
LOC105370729,24
LOC105373629,24
FBXO21,24
MEGF9,24
ARL6IP1,24
IGFBP6,24
RNF180,24
LOC107986841,24
SEC23A-AS1,24
LOC107984933,24
LOC105369422,24
LINC02419,24
LUARIS,24
LINC01298,24
RNU105C,24
TRIL,24
TBC1D23,24
ZNF606-AS1,24
RASA1,24
DOK6,24
LOC124900327,24
CLN8,24
EMP2,24
LINC01475,24
WARS2-IT1,24
LOC107986972,24
MKX,24
LOC107984886,24
LOC124901568,24
NABP1,24
LOC124902262,24
PRPS1,24
CHDH,24
LOC101928859,24
CFAP58-DT,24
DMRT1,24
HGF,24
IRAK4,24
CHKA-DT,24
LOC105376086,24
MIR5689,24
LOC105378408,24
LOC102724289,24
MIR8064,24
LOC105373022,24
LOC124901039,24
PANK2,24
LOC105378029,24
RETN,24
MIR195,24
CLDND2,24
LOC107986976,24
SCARA5,24
SLMO2-ATP5E,24
PTPN1,24
EIF4EBP1,24
ZNF284,24
RPS26,24
PIN4P1,24
TRMO,24
APOL6,24
MAP3K2-DT,24
LOC105379428,24
ZNF430,24
LOC105370047,24
ATP13A3-DT,24
KLRC2,24
ZNF256,24
LOC107984326,24
LOC101928553,24
LOC105373851,24
LOC124901633,24
LOC107986935,24
CIMAP1C,24
GSR,24
PAQR3,24
ZNRD2,24
LCE1D,24
PIN1-DT,24
LRRC37A6P,24
LINC01827,24
CMTM8,24
MIR6826,24
GPANK1,24
RIOX2,24
IL33,24
CNTN4-AS2,24
UBE2R2-AS1,24
HYAL3,24
LOC124904506,24
OPTN,24
LOC124904271,24
GSK3B-DT,24
LOC102723381,24
NAXD,24
ATP1B2,24
PRPF31,24
TAF9B,24
SIX6,24
LOC124902477,24
MTPAP,24
PPP1R15B,24
LOC100506446,24
OAZ2,24
ABL1,24
SIGLEC10,24
MSI2-AS1,24
LOC105371891,24
LINC02764,24
LOC105373584,24
UGT3A1,24
STUB1,24
GAN,24
LOC124902983,24
LOC105369562,24
LOC730668,24
KIFBP,24
HHLA2,24
LINC01509,24
PDE7B-AS1,24
LOC105378641,24
GFY,24
ATP1B4,24
PAEP,24
XNDC1CP,24
LOC124902544,24
LOC107986467,24
LOC100288208,24
SPATA31D1,24
GCHFR,24
LOC105371216,24
LOC107985141,24
FAM53C,24
LOC107987132,24
ACE2-DT,24
LOC124903617,24
SNORD116-4,24
UNCX,24
DPP3-DT,24
NFE2L1,24
LOC107985995,24
TMUB2,24
LINC00358,24
TEN1-CDK3,24
MESD,24
LRP11,24
TIALD,24
MAP3K9,24
MIR493,24
ZFAND2B,24
LINC01884,24
LOC105371749,24
RRAS,24
NEK7,24
BPNT2,24
RBMS2,24
DNAH10OS,24
MAP2K6-AS1,24
PRR23C,24
APBB1IP,24
LOC124902956,24
LOC124909430,24
CYLD-AS1,24
LOC124902606,24
LOC105372962,24
IGFLR1,24
LOC107986884,24
CYP2A7,24
GSTM1,24
GALNT1,24
MIR4696,24
YIPF4,24
SERPINA5,24
LOC107984610,24
IKBKE,24
VCX3A,24
NAT9,24
LOC105376272,24
ZFPL1,24
LOC105374297,24
ZNF593OS,24
NARS1,24
SLAMF9,24
LOC105375741,24
LOC124909432,24
LOC124904722,24
UBBP4,24
DSC2,24
MIR1825,24
NOTCH2NLB,24
CTBP1-AS,24
CISD1,24
HNRNPH3,24
LOC105378856,24
LOC124903371,24
LOC105377797,24
KRT10-AS1,24
RPL36A,24
LOC105373796,24
FAM50B,24
RACK1,24
PAN3,24
RTL5,24
KRT6A,24
LOC105370161,24
LOC100505711,24
LOC441081,24
LOC124900992,24
LOC101929599,24
AMOTL2,24
MSANTD3,24
CLEC2B,24
RAB1A,24
DNAJB14,24
LOC100506444,24
C20orf96,24
RASL11B,24
LOC124900753,24
LINC01877,24
RPS13,24
LOC105379349,24
GXYLT2,24
LOC101929178,24
LOC105370664,24
ILF2,24
L3MBTL2,24
LOC105371002,24
DNAJC27-AS1,24
LOC101928864,24
CCNH,24
HYKK,24
TAGLN2,24
LOC124904447,24
CCNYL4,24
ADNP,24
LOC105376360,24
UAP1,24
LOC105378706,24
LOC105375570,24
LOC105377673,24
LOC105372836,24
SNORD56B,24
AMN,24
MTUS2-AS2,24
LOC124904315,24
LOC124908045,24
FARS2-AS1,24
MXRA7,24
RFX1,24
FAM247D,24
ADGRE3,24
LOC105375410,24
KCNIP1,24
LAMC1-AS1,24
MSMP,24
DEFB103B,24
LIAS,24
CCL15-CCL14,24
CDH8-AS1,24
DLX2-DT,24
LOC124901920,24
LOC124903044,24
LOC107986328,24
CPE,24
LOC101929718,24
LYPLA1,24
C3orf85,24
ZNF750,24
PKD1P1,24
NFKBIE,24
LOC105376313,24
LOC105377013,24
LOC107987000,24
UQCC3,24
LOC124904053,24
CERS6-AS1,24
DCAF4L1,24
LOC105375594,24
ACR,24
TBC1D25,24
LOC124904251,24
LOC102724030,24
WNT11,24
MIR548S,24
LOC124904266,24
VIPR1-AS1,24
SSX3,24
LINC00423,24
PRAMEF13,24
LOC105375313,24
LOC124902915,24
MIR6797,24
MIR6752,24
UBIAD1,24
RINL,24
LOC105370974,24
PIAS3,24
TTC19,24
LOC105370042,24
APOD,24
IMMP1L,24
LOC124905013,24
KCNK15-AS1,24
LOC105375878,24
MGP,24
LOC102724146,24
PRKAR2B,24
LOC124900759,24
FBXO38-DT,24
MISP3,24
NUPR2,24
PEX1,24
NHEG1,24
PRM1,24
LINC02816,24
ME1,24
ABCA3,24
LOC105378733,24
LOC107986095,24
AKR7L,24
CPSF4L,24
ZNF536-AS1,24
LINC03040,24
ZNF648,24
H2BC13,24
NCF4-AS1,24
SPCS1,24
CIAPIN1,24
UTP25,24
BRWD3,24
FAR1,24
ZNF146,24
TMEM202-AS1,24
LOC105378494,24
LY75,24
LOC101060187,24
SLAMF1,24
LOC107984005,24
GABARAPL2,24
FAR2-AS1,24
MIR4801,24
TRHR,24
LOC124902309,24
FAF1,24
MIR345,24
MPDU1,24
LOC124902201,24
TSEN2,24
ABHD4,24
ZNF512,24
CHAC1,24
SRF,24
MIR1276,24
OPALIN,24
LINC01050,24
LOC124905077,24
DPY19L2P3,24
LOC105376045,24
LOC105379435,24
SMG7-AS1,24
PRSS40A,24
MIR770,24
MIR1267,24
LINC00869,24
TTTY5,24
LOC101929201,24
SARAF,24
FXYD6-AS1,24
LINC02349,24
XPR1,24
WBP11,24
SCAT2,24
OGFRL1,24
LOC105372903,24
PRPF39,24
LOC124902074,24
LINC01019,24
MAGEB3,24
FOXR1,24
ZNF98,24
LOC124903475,24
SMAD3-AS1,24
PIGX,24
LINC02205,24
BAG5,24
SLC35G4,24
LOC112267914,24
HMGN1,24
SEBOX,24
CLK4,24
LOC102724971,24
LOC107983983,24
CLN8-AS1,24
LOC124904618,24
LOC124903487,24
LOC124904464,24
EEF1G,24
ZNF213,24
RRAGA,24
MIR4708,24
LINC03006,24
LOC124903374,24
FTCDNL1,24
BAGE2,24
PCGF1,24
FAM181A,24
MED18,24
SERPINB12,24
CLPX,24
STAM2,24
LOC124909469,24
GPRC5D-AS1,24
SYNC,24
RAB12,24
C1orf216,24
LINC02794,24
TARS2,24
SPATA2L,24
UTS2,24
GTF2IP20,24
LINC01347,24
GUCA2A,24
LOC124901640,24
LOC105372738,24
GNGT2,24
LINC02110,24
MIR7154,24
SEPTIN14P20,24
LOC107986787,24
FRMD3-AS1,24
LINC02988,24
CNN2,24
KRTAP5-3,24
TMEM161B,24
MCM9,24
LINC01063,24
GVINP1,24
ODF4,24
AHR,24
LOC124906243,24
MAP3K9-DT,24
MCM3,24
SFN,24
LOC286083,24
LINC00457,24
LOC105370467,24
CD33,24
LOC105378534,24
SLFN5,24
LINC02406,24
LOC101927329,24
RMP64,24
TNR,24
UBE2G1,24
TOMM34,24
LOC112268263,24
RPS6KB1,24
LINC00502,24
LOC399900,24
FOXC2-AS1,24
DHH,24
LCE2C,24
PRSS55,24
LOC105370529,24
LOC124901803,24
TFF2,24
WIPF3,24
BPIFC,24
SNORD13,24
C1QTNF4,24
LOC124900392,24
PRXL2A,24
LINC02841,24
C1orf50,24
CCN4,24
LINC00489,24
ADSL,24
RPL29,24
SOD1,24
CDH24,24
MTX3,24
LOC101930420,24
CACUL1,24
LOC107985480,24
LOC105378308,24
APOBEC1,24
ALAS2,24
SALRNA2,24
ADH5,24
SCN2A,24
LOC107985855,24
PNO1,24
GALNTL6,24
BANK1,24
LINC02593,24
ZNF768,24
BEND6,24
LOC105376567,24
TPPP,24
NSD3,24
RPS8,24
KPNA2,24
LY6K,24
ERBB4,24
CD81-AS1,24
ASB17,24
PDCL3,24
LOC105370840,24
TRIP11,24
TPP1,24
LOC124903977,24
LOC400553,24
LOC124900428,24
DFFA,24
MIR6856,24
PLA2G2F,24
MIR6843,24
ZNF394,24
ZBTB44-DT,24
RUNX2,24
LOC105371648,24
SH2D1A,24
LINC00963,24
LOC124900411,24
SLC18A2,24
LINC01730,24
LOC105376892,24
LINC01976,24
LINC02739,24
LOC105374842,24
LOC102724577,24
KRTAP23-1,24
LOC124903175,24
NR4A2,24
SNORA70F,24
HMGA2-AS1,24
RHPN1-AS1,24
STRN,24
SLITRK2,24
GDNF,24
NR1D1,24
MCRS1,24
CAMK2D,24
KRTCAP2,24
LOC102723798,24
POLG-DT,24
THEMIS,24
LOC105372649,24
LOC101928045,24
CIB1,24
KLF3,24
C9orf153,24
LOC101928059,24
LINC02003,24
ATG12,24
LINC01285,24
FBXO2,24
IDH2-DT,24
LOC124904990,24
LOC124904989,24
LOC124904991,24
LOC124904992,24
LRFN5,24
HNRNPU,24
LINC00113,24
TENT5C,24
SGCZ,24
LOC105374367,24
ZNF432,24
DUSP2,24
LOC107985239,24
LINC00173,24
VWA1,24
LYRM4-AS1,24
ACTR10,24
LOC124904261,24
GPR34,24
RAB11A,24
MRPL1,24
MIR4303,24
DDX31,24
KLHL34,24
PRL,24
PHEX-AS1,24
APCDD1L,24
LOC124901085,24
LOC101928977,24
TP53TG3,24
TP53TG3C,24
TP53TG3B,24
TESK1,24
ANKRD63,24
MAGEE1,24
LINC01089,24
LOC124903780,24
IL5,24
LINC02531,24
TAGLN3,24
LOC101929411,24
MIR885,24
RTEL1-TNFRSF6B,24
GPD1,24
STAP1,24
GFOD2,24
SCN3B,24
SUPT16H,24
GATM,24
ATP6V1C1,24
LOC124904710,24
CDC20,24
FLJ16779,24
GTPBP3,24
MIR1286,24
CFAP47,24
LINC00404,24
P2RX6P,24
NUP42,24
SAT1,24
LOC105374813,24
LOC105373633,24
CHCHD1,24
LOC105376291,24
LINC01354,24
HCG22,24
APPL1,24
C2orf49-DT,24
METTL23,24
KCNJ4,24
TLCD5,24
MYC,24
RHOD,24
MIR151B,24
B4GALT3,24
LOC105374848,24
LOC124906066,24
LOC105378113,24
TOR1AIP1,24
TAFA4,24
MIR4493,24
TMX4-AS1,24
EXOSC3,24
ABCE1,24
LOC102724843,24
TIAM1-AS1,24
ASGR2,24
LOC110091768,24
PRR7,24
GNG7,24
EGR2,24
ST7-AS2,24
C12orf43,24
PIGW,24
LOC105374552,24
RPP30,24
GPR83,24
ANKUB1,24
ZNF45-AS1,24
MICU1,24
LINC02289,24
FNDC3A,24
MLIP-AS1,24
HLA-V,24
ZNF572,24
KCNJ8-AS1,24
TMED1,24
TIGD3,24
LOC105375792,24
OPN1MW,24
LOC105377675,24
GABARAPL1-AS1,24
TBPL2,24
LINC03052,24
SAP25,24
SNORD38D,24
RHOQ,24
LOC105372449,24
FAM83A,24
SERP2,24
DYDC2,24
TSPAN17,24
SWAP70,24
LOC124902685,24
MBL2,24
COX7C,24
CDK9,24
LINC02785,24
ANKRD7,24
ZRANB1,24
ATP12A,24
NMU,24
ITIH2,24
PNMA6A,24
ZNF454-DT,24
LOC124901866,24
S100A5,24
HNRNPA1L3,24
DYRK3,24
KHDC1-AS1,24
KPNA3,24
ACTR1A,24
C3orf52,24
TRAF4,24
LSMEM1,24
LOC124905134,24
LOC124904438,24
CEP76,24
LINC03095,24
LINC02879,24
ITPKC,24
LINC02871,24
SYCP3,24
TRUB1,24
LOC105369677,24
SPRYD7,24
OTOP2,24
FBXO31,24
MDN1-AS1,24
MIR935,24
NEAT1,24
LOC100505915,24
BORCS8,24
MIR365A,24
EIF1AX-AS1,24
MCEE,24
LOC102724720,24
HDC,24
POLR2J3-UPK3BL2,24
POLR2J2,24
NKX1-2,24
PWRN2,24
DLK2,24
GCNA,24
LCT-AS1,24
ANKRD35,24
LINC03005,24
ZNF554,24
CCDC27,24
HAP1,24
KRTAP5-AS1,24
LOC107986945,24
POLR2J,24
LINC01020,24
TMSB4Y,24
TNNC2,24
LOC105370031,24
LOC105370792,24
TRIM44,24
STH,24
BEST1,24
MIR4488,24
POLR1H,24
LOC124901115,24
WBP2,24
PYURF,24
UQCRB-AS1,24
HNRNPLL,24
TRNAU1AP,24
FBXO10,24
TMEM170A,24
LOC105372323,24
DMRT3,24
LMAN2L,24
FMO5,24
YES1,24
LOC124905972,24
GPD1L,24
INTS5,24
NEFM,24
LOC101928368,24
IUR1,24
LOC124901429,24
RPPH1,24
LOC102724510,24
PPP1R2C,24
NT5M,24
ATXN1L,24
PRORY,24
LOC102724950,24
RNA5S17,24
A2MP1,24
GREB1L-DT,24
RABGGTA,24
LOC124903342,24
HOMER3-AS1,24
NEDD8,24
SLC4A1AP,24
LOC105371751,24
SLC7A6OS,24
KCTD14,24
GGTLC2,24
HINT3,24
UNG,24
MRPL9,24
MYOSLID,24
LOC101929320,24
DPP10-AS3,24
PEA15,24
LINC00588,24
LMO7-AS1,24
LOC107985449,24
OLFM5P,24
ZNF132-DT,24
INCR1,24
CLDN16,24
TMEM100,24
SNORA30B,24
PDE4DIPP4,24
LOC101927741,24
IL17B,24
FZD3,24
LOC102724604,24
CPSF2,24
LOC102723879,24
LOC343052,24
CLEC10A,24
LOC107985848,24
LOC105369578,24
LOC124903032,24
CH507-42P11.6,24
DTNBP1-AS1,24
TARP,24
GLIS2-AS1,24
LILRA1,24
LOC105375648,24
LOC100294145,24
NUP210P1,24
CCNP,24
LOC105372279,24
MEDAG,24
ZNF641,24
MAPK14,24
MLH3,24
PXN-AS1,24
KRTAP2-1,24
BCCIP,24
LOC124901782,24
DEFB123,24
LOC124901121,24
SUPT4H1,24
AMN1,24
MRPL20-DT,24
LOC124904704,24
DBN1,24
DDX3X,24
LOC105377254,24
SMC3,24
KITLG,24
LOC105371452,24
NTN3,24
IDO2,24
LOC105378997,24
MALLP2,24
LOC105370660,24
CCDC47,24
LOC105375980,24
EMILIN3,24
GHRH,24
LOC101927687,24
LINC01132,24
GOLGA6L17P,24
ROM1,24
RSAD1,24
MROH5,24
LINC02362,24
LOC124905079,24
ECSCR,24
CCDC141,24
NDUFAF1,24
CYB5RL,24
YPEL4,24
ENOPH1,24
NES,24
DSCR4,24
CYP2R1,24
HNRNPA2B1,24
SLC10A2,24
LOC105371335,24
LOC124905142,24
LOC105370776,24
SH3BGR,24
LOC124901771,24
LINC02602,24
SACM1L,24
UBE2K,24
LOC105376118,24
C5AR2,24
RRP7BP,24
LOC105373100,24
LINC00971,24
LOC105370654,24
FZD5,24
PTGR3,24
SLC2A6,24
LOC105370120,24
LAGE3,24
DM1-AS,24
LOC105370746,24
HLCS-AS1,24
GSTA4,24
LDB1,24
LOC107985485,24
LOC105373191,24
LOC112268176,24
SFTA2,24
ELOB,24
LRAT,24
CD63-AS1,24
TP73-AS2,24
SMIM45,24
YPEL1,24
PLA1A,24
INSIG1-DT,24
SCRN1,24
TMEM150A,24
LINC00460,24
H1-9P,24
LOC101929432,24
SBK3,24
SLC16A6,24
TRIM49D1,24
GSTT2,24
LOC124901966,24
LOC105369371,24
RAB5C-AS1,24
SSH3,24
CSAG2,24
LOC124902031,24
C1orf141,24
SPATC1,24
CD99,24
LOC124904293,24
TMEM59,24
NBPF18P,24
KCTD3,24
LOC107984599,24
IRX4-AS1,24
PCGF2,24
LOC105372471,24
GAB3,24
LOC105378027,24
CACNG5,24
TAS2R3,24
VGF,24
ENC1,24
ARPC5L,24
AKAP9,24
CSE1L,24
CNPY4,24
LOC124902156,24
EIF4A3,24
LOC105378143,24
CYB561,24
MIR548K,24
PDE4DIPP3,24
GS1-204I12.4,24
ATP5PB,24
LINC00945,24
ZNF414,24
LOC105371351,24
GOLGA6L9,24
LOC124903062,24
LOC124901078,24
LOC124904915,24
LOC105372535,24
TMEM230,24
SLC50A1,24
MYLK-AS1,24
LINC02846,24
ATG9A,24
MTUS1-DT,24
MIR139,24
LINC00508,24
GPR17,24
CREBZF,24
CHST3,24
PDE4DIPP6,24
LOC105378415,24
LOC105375448,24
MIR4800,24
ZNF324B,24
LINC01297-DUXAP10-NBEAP6,24
LOC105377687,24
LOC105376917,24
CRHR2,24
TBX21,24
NDUFA6,24
TYRP1,24
RPL21,24
HAS1,24
LOC107987083,24
RIC1,24
NCR1,24
ZSCAN10,24
PINX1,24
PADI6,24
PRKAR2A-AS1,24
HERPUD2-AS1,24
TMPRSS12,24
LSM1,24
LOC124904070,24
LOC102724551,24
MIR548J,24
CCER2,24
APH1B,24
LOC124906119,24
LOC105373728,24
MORF4L2,24
MICALL2-DT,24
PNMA5,24
GZF1,24
FXYD2,24
LINC03064,24
RDM1P5,24
LINC01649,24
LOC105370397,24
INS,24
LOC105378522,24
SPMIP9,24
CCDC102A,24
MIR6761,24
LOC105372092,24
LOC105372699,24
LOC107986651,24
PRDM10-DT,24
LINC02617,24
LOC100131496,24
NAT1,24
CLRN1-AS1,24
CCDC175,24
LOC105377923,24
TBCB,24
ZNF135,24
MAJIN,24
ENTPD7,24
LOC105375912,24
LINC02642,24
LINC02344,24
LRRC42,24
LOC124900264,24
LINC01883,24
LOC105369879,24
HOXC12,24
LOC124902767,24
LOC124908049,24
ZSWIM5,24
GMEB1,24
GCOM1,24
LOC105375115,24
LOC112268065,24
NTSR1,24
DHCR24,24
SDHAF3,24
ZNF850-DT,24
ODAM,24
RSBN1L,24
PFDN5,24
MIR1-1,24
LINC02798,24
CTNNA1-AS1,24
PLA2R1,24
PDCD1LG2,24
MRFAP1L2,24
LOC124903508,24
YWHAB,24
LOC105372190,24
NGF,24
LOC100287834,24
AGA-DT,24
ANTKMT,24
C4orf50,24
LOC105371105,24
LOC105376751,24
DPEP3,24
YY1-DT,24
SRMS,24
NDC80,24
MIR4462,24
PHAX,24
LINC00544,24
ZNF155,24
TUNAR,24
SLC30A5,24
LINC01910,24
NUDCD1,24
LOC124903880,24
LOC100506639,24
WIPF2,24
TSPAN6,24
ZSCAN21,24
IDH2,24
APOC4-APOC2,24
TMEM39A,24
ZNF354A,24
LOC646471,24
ZFAND1,24
CHMP3,24
LOC124906315,24
LOC124900974,24
POMZP3,24
MIR1268B,24
CHST8,24
LOC101928721,24
SSMEM1,24
ZNF433,24
CDH22,24
RNF224,24
LOC105377489,24
LINC01267,24
EIF4E,24
LOC400627,24
FZD4,24
TP63,24
SLK,24
LINC01090,24
LOC102723740,24
LOC112268070,24
MRPL28,24
ZNF778,24
LOC107984368,24
CTNNA2-AS1,24
FGF12-AS3,24
LRRC8B,24
KIRREL3,24
BASP1,24
FAM66A,24
RPUSD2,24
LINC02137,24
MIR650,24
LOC124901129,24
SRSF3,24
PHF21B,24
UBE2H,24
LDLRAD3,24
LOC107985396,24
LINC01193,24
LOC105372364,24
UBE2Q1-AS1,24
TBL3,24
CYS1,24
LOC112268015,24
FABP12,24
LINC00922,24
FKBP14-AS1,24
GNPNAT1,24
LOX,24
NNAT,24
PGM3,24
SOX18,24
CHURC1-FNTB,24
LOC105369781,24
LOC105372040,24
PIGO,24
CCN6,24
TBC1D3G,24
TBC1D3E,24
BCAP29,24
ITGA10,24
OTX1,24
LOC105376091,24
LOC107985253,24
LINC02925,24
PNMA6F,24
TSLP,24
PRSS12,24
LOC124900694,24
LRRC18,24
ZNF132,24
AMMECR1,24
LOC107986602,24
MIR4323,24
FANCE,24
ASAP1-IT2,24
TFAP2A,24
LINC02099,24
SERPINB5,24
LOC105369559,24
FOXK1,24
ZNF480,24
MCTS1,24
LOC105378339,24
LOC112267908,24
SMARCC1,24
MGC15885,24
DDOST,24
CYP1B1,24
EPHA6,24
ZNF18,24
MIR4472-2,24
NPTX1,24
MIR9500,24
LOC105371271,24
CSRNP2,24
SCN2B,24
SHOX2,24
LOC105374383,24
ACTR1B,24
CZIB,24
PRDM8,24
LOC105378618,24
AMBP,24
GRM5-AS1,24
LINC02521,24
LOC124902747,24
DOK2,24
LOC124901131,24
LOC124901654,24
SNX33,24
SEC24A,24
CCNK,24
ZNF738,24
KIF19,24
BRK1,24
LINC01981,24
FLT3,24
MIR802,24
MIR5693,24
LOC124904344,24
CRIPT,24
LOC124906101,24
UGT3A2,24
B4GALT4-AS1,24
STBD1,24
LOC124902907,24
ZCCHC3,24
LOC105376301,24
LINC02696,24
KCNQ2-AS1,24
EFCAB11,24
LOC105374570,24
LINC01696,24
MADD-AS1,24
KRTAP12-4,24
ZNF714,24
TRAPPC3L,24
LOC124901377,24
ALDOC,24
ZBED1,24
LOC105371120,24
LOC105378372,24
TICRR,24
WASH5P,24
MEG9,24
DSG2-AS1,24
LBX2,24
LOC124901006,24
ZBTB39,24
BMP2K-DT,24
MGMT,24
APCS,24
ZNF696,24
SLC25A37,24
PRKD3-DT,24
LINC00092,24
LOC105376624,24
ZFPM1-AS1,24
LINC02939,24
METTL3,24
CCL28,24
C12orf71,24
BSND,24
RXFP1,24
FAU,24
LINC02285,24
B4GAT1,24
MAP3K5,24
ZNHIT3,24
LOC105375881,24
PRKAR1B-AS2,24
LOC105379297,24
SPON1,24
LOC105377530,24
TAS2R30,24
LOC643327,24
FAM131C,24
FAM174C,24
JDP2-AS1,24
LINC02914,24
LINC00336,24
STOX1,24
NSMCE1,24
PDP2,24
MIR4520-2,24
LOC124900963,24
GOLIM4,24
EMC1-AS1,24
LOC124900430,24
LYPD2,24
GNAQ,24
SAMD4A-AS1,24
IQSEC3-AS3,24
TMEM263,24
SDR9C7,24
ECHDC3,24
RNU1-1,24
LOC124900490,24
PAIP2B,24
ZNF813,24
LOC284950,24
LOC107984942,24
ARHGAP30,24
LOC102724687,24
ZNF415,24
LOC124902190,24
PIN4,24
LOC105374276,24
LOC124900529,24
LOC124903567,24
LOC124902285,24
LOC124905145,24
NABP2,24
RSPO1,24
TRAPPC5,24
C11orf65,24
DNM1P46,24
ACTG1P20,24
CGAS,24
VAPB,24
TPTE2P5,24
LOC124901464,23
LOC124903410,23
ZSWIM1,23
PANX2,23
NCOA3,23
MAP3K2,23
LOC124901034,23
LOC105373525,23
LOC105376483,23
LOC124902022,23
GOLGA4-AS1,23
VAX1,23
C10orf88B,23
SRGAP2C,23
SRGAP2D,23
PIP5K1B,23
MTHFD2P1,23
LOC105370728,23
LOC105371665,23
MIR208A,23
LOC124903372,23
ENPP4,23
LOC105378667,23
MIR223HG,23
OR2A20P,23
OR5B12,23
LOC105374553,23
NRAV,23
TEX53,23
LOC105373664,23
INHBA-AS1,23
HOXA6,23
CUTA,23
MRPL42,23
EDN3,23
MCM10,23
LOC105375844,23
LOC124904457,23
F2RL3,23
LINC00430,23
ACTL7A,23
MIR155HG,23
EYA2-AS1,23
RAD23B,23
MIR3671,23
LINC02072,23
HECTD2,23
EBI3,23
AMELX,23
LOC124901904,23
TREM1,23
FAM135A-AS1,23
LOC105374384,23
KLK5,23
NTM-AS1,23
LOC124903825,23
LOC105378844,23
LOC105375841,23
LOC107986749,23
LINC00595,23
MT4,23
CBX8,23
LGALS7B,23
LOC107984405,23
NLGN1,23
LOC102723968,23
LOC105375081,23
LOC124902533,23
LOC105369358,23
LINC02505,23
TSL,23
LOC124901754,23
FETUB,23
PCAT18,23
MIR4262,23
LOC124902926,23
OR5K3,23
NLRP12,23
LOC105372180,23
ECD,23
DSCR9,23
C6orf120,23
LOC101927259,23
LOC105378093,23
CCL27,23
OR51V1,23
CASP1,23
ARGFX,23
LOC124904067,23
CFL2,23
LOC101927522,23
DIAPH3-AS1,23
LOC105374020,23
KPRP,23
RAB22A,23
LHFPL3-AS2,23
LOC124904219,23
NPAP1P9,23
LINC01797,23
SULT1A2,23
LOC105375272,23
MAFA,23
SMYD3-AS1,23
SYT10,23
MIR3911,23
CCDC28A,23
LINC00938,23
KCNE5,23
LOC102723604,23
DDAH1,23
LOC105376032,23
TTC29-AS1,23
LOC105374739,23
RGCC,23
LOC101928202,23
MIR4499,23
OR5P3,23
LOC105375970,23
LOC124900563,23
SULT1C3,23
AP1AR,23
LOC105372510,23
NDUFA13,23
PON1,23
GCLM,23
LOC107984311,23
SLC60A2,23
BARHL1,23
FLRT2-AS1,23
MIR4491,23
RPL12,23
ZNF425,23
LOC124904554,23
LOC107987071,23
LOC124904046,23
CATSPERZ,23
LOC105379123,23
LOC124904928,23
LOC105378449,23
LOC105372749,23
PRSS54,23
SNHG18,23
ERLIN2,23
NRON,23
JMJD7,23
IL18RAP,23
BOD1L1,23
ZC3H15,23
LOC124902912,23
LINC01524,23
HMCES,23
PDZD4,23
LOC105369367,23
SDC4,23
TMEM183A,23
PPEF1-AS1,23
CASC6,23
TTTY1B,23
TTTY1,23
DEFB112,23
LINC01919,23
LOC124900192,23
CRYGC,23
ZNF251,23
MIR6767,23
LOC284191,23
PATZ1,23
MERTK,23
ARL6IP6,23
LOC105372055,23
LOC124902990,23
LINC00674,23
LINC00221,23
DNM1P35,23
LOC105377871,23
LINC02014,23
CAMTA1-DT,23
LOC339298,23
LOC102723825,23
MAPK11,23
ZBTB2,23
SSX1,23
SMAD1-AS2,23
LOC124901583,23
LOC105371640,23
CDH10,23
TSR3,23
VPS13A-AS1,23
PCDH10,23
LOC101929566,23
MED4,23
CENPK,23
LOC105372355,23
AADACP1,23
MIR4306,23
CA8,23
STRADB,23
SMC5-DT,23
LOC107985152,23
LOC105378904,23
OR3A4P,23
NPTX2,23
HOXB6,23
TGIF2LX,23
RPS7,23
PAK6-AS1,23
LINC01413,23
DTNB-AS1,23
LOC107986261,23
CCDC186,23
FAM90A15,23
FAM90A3,23
FAM90A13,23
FAM90A5,23
FAM90A20,23
FAM90A7,23
LOC128966594,23
FAM90A22,23
FAM90A23,23
FAM90A14,23
FAM90A8,23
FAM90A10,23
FAM90A11,23
FAM90A12,23
LINC02277,23
LOC101929762,23
SLC26A2,23
IL36B,23
DYNLL2-DT,23
PPIB,23
LOC105373414,23
OR7E24,23
CXCL14,23
SLC13A1,23
GLT8D1,23
ECM2,23
LOC107985183,23
COX17,23
TRIM68,23
LYNX1,23
CYP27C1,23
LOC105370449,23
SMARCAD1,23
LINC01906,23
ATP13A5-AS1,23
IRF4,23
PPP2R5A,23
LOC124902436,23
LOC124902515,23
LOC124904456,23
TDRD6-AS1,23
LOC105377331,23
CASP14,23
LOC124904162,23
TMTC2,23
LOC100653133,23
TNIP2P1,23
NR0B2,23
TMEM64,23
COL6A4P1,23
SLC35G5,23
ANKRD40,23
TMEM200C,23
PPP1R8,23
HMGCLL1,23
THUMPD3,23
EDA2R,23
KCNJ8,23
LINC-ROR,23
RBM14,23
LOC107986465,23
SLC35A2,23
MIR6747,23
PCDHA11,23
DDRGK1,23
EFR3B,23
LOC124901255,23
LOC107984340,23
GRID1-AS1,23
PTGES,23
KAT6A,23
LINC00676,23
LOC105376812,23
VSTM4,23
FAM20B,23
LOC105378838,23
GLYCAM1,23
LOC124900404,23
FSD1L,23
SSPN-AS1,23
PREB,23
MIR10B,23
RPSA2,23
UBE2Q2P13,23
LOC105376755,23
LOC105375717,23
LINC01496,23
LOC105378335,23
BMP3,23
LOC105379065,23
CLEC12A,23
LOC107985842,23
FZD9,23
SPATA2,23
FHDC1,23
HIRIP3,23
ZDHHC6,23
APLN,23
LINC01808,23
DNAJC5,23
COG8,23
MIR517C,23
ZSWIM8-AS1,23
DIAPH3,23
CKLF-CMTM1,23
LOC124900792,23
LOC105373894,23
SPATA19,23
KLHL20,23
C1orf210,23
LOC105373614,23
LOC105372934,23
CWC15,23
MIR143,23
REX1BD,23
CEP78,23
POLR2K,23
TRIDDENT,23
LOC105375974,23
TTC7B-AS2,23
LINC02091,23
SSR3,23
OR8B2,23
H1-10-AS1,23
LOC105372892,23
HDHD5-AS1,23
LOC124900237,23
LOC105374549,23
LOC105371106,23
MARCO,23
LINC02897,23
ZNF20,23
VCX3B,23
C7orf57,23
GLTP,23
LOC124903346,23
LOC105373530,23
FBXO48,23
LOC93429,23
FGF7,23
FAM110C,23
LRRC37A8P,23
VRK2,23
LOC105378513,23
LINC01036,23
LOC105369655,23
TTC9,23
TTC29,23
LOC124903859,23
IL6,23
CCNE2,23
LINC02793,23
MYLK4,23
VCY,23
VCY1B,23
RPL29P2,23
LINC01166,23
MIR4252,23
RNASE7,23
LINC01491,23
TMA16,23
LINC02668,23
LOC105372582,23
TCP10L3,23
LMCD1,23
LOC124905270,23
TMEM86B,23
LINC00518,23
APOBEC4,23
LOC124900838,23
C20orf202,23
MANSC1,23
ANXA2P2,23
LOC107987137,23
KRT13,23
ZNF182,23
MIEN1,23
LINC02601,23
LOC105370156,23
NEU2,23
LOC124901676,23
LOC124905254,23
ZNF736,23
ATP8A1-DT,23
LOC124903467,23
LOC112267900,23
TMEM37,23
TBCCD1,23
SNX7-DT,23
SBK2,23
SUGCT-AS1,23
H4C8,23
LOC105370780,23
SYNAGE,23
C9orf152,23
LINC01856,23
PSKH1,23
SUZ12,23
MTRES1,23
LINC02967,23
TCP11X2,23
TNFAIP3,23
RBAKDN,23
LOC127898563,23
RAB6C-AS1,23
LOC124903881,23
DARS2,23
DTX3,23
LOC107985980,23
OR8D4,23
LTN1,23
LOC124904728,23
LINC02065,23
GOLGA6EP,23
SMIM35,23
DEFB103A,23
TMEM115,23
DNTTIP1,23
IL17RA,23
VSNL1,23
ST8SIA3,23
LOC105370077,23
WDR49,23
POLR1E,23
FAM25A,23
TXNDC9,23
CLEC7A,23
EML4,23
ABHD17B,23
NECTIN1-DT,23
HORMAD2-AS1,23
MBLAC1,23
LOC107984206,23
FAM120A2P,23
LOC107986494,23
LENG8-AS1,23
MIR8083,23
LINC00626,23
CRACR2B,23
YWHAG,23
MIR4468,23
CALCA,23
IFNA7,23
RUNX3-AS1,23
TPM1-AS,23
LOC105375690,23
BNIP3L,23
PPM1L,23
LINC02397,23
LOC105372003,23
LOC105379163,23
PRRX2-AS1,23
TMED9,23
IL10RB,23
FHAD1-AS1,23
MRPL45,23
JAML,23
FAM138A,23
FAM138F,23
MIR600HG,23
NDUFA2,23
MREG,23
MIR4798,23
RAD51-AS1,23
ZMAT1,23
LOC105375541,23
SNX10-AS1,23
ZNF684,23
LOC107986077,23
CACNG4,23
LOC124902301,23
L1TD1,23
GNAZ,23
MYL9,23
CDC5L,23
BEST3,23
SLIT1-AS1,23
MRPL20,23
PSPC1,23
LINC01936,23
SLC35F4-AS1,23
PSMD7,23
IKBKB-DT,23
TGFB2-OT1,23
LOC105376184,23
ACAD9-DT,23
ANXA8L1,23
ANXA8,23
ZDHHC22,23
PRDX5,23
LOC101926915,23
SRP54-AS1,23
KRTAP4-3,23
LOC124902723,23
TFPT,23
LOC102724511,23
LARP4B-DT,23
LOC105377051,23
LOC105370012,23
HCG27,23
GDF7,23
SPATA24,23
SLC45A4-AS1,23
ZNF721,23
LOC100130964,23
SLN,23
SPDYE21,23
PCNP,23
DEFA5,23
BMP8A,23
LOC105374106,23
SMC1B,23
LOC105371129,23
IMMT,23
LOC105378094,23
PTS,23
GPR85,23
OXLD1,23
FKBP1A,23
SPO11,23
LINC02494,23
OR56A5,23
MYCNUT,23
SAV1,23
LOC107986414,23
LINC01788,23
ZNF670-ZNF695,23
VAMP3,23
CDSN,23
DSG1-AS1,23
MMGT1,23
SOD1-DT,23
MIR5584,23
PSKH2,23
CAPN7,23
ANKS1A,23
DBX2-AS1,23
LINC02050,23
INTS15,23
RIPOR3-AS1,23
CD3E,23
LOC101929446,23
PTAR1,23
SNCA,23
PRDM13,23
CACNA1C-IT1,23
LOC105373273,23
SMUG1-AS1,23
LOC124904089,23
PDCD6P1,23
MAGEB16,23
CISD2,23
CPEB2,23
WASF3,23
LOC124906276,23
GPR50-AS1,23
SLFN12,23
LOC105377683,23
LOC105372758,23
LOC105372395,23
LOC101929540,23
LOC105375167,23
MSANTD2-AS1,23
PPP1R9A,23
LOC102724467,23
ABCC6P1,23
ACAN,23
ANKRD13C,23
S100A11,23
ZAR1L,23
CCNT2-AS1,23
GALNT9-AS1,23
ZNF32-AS2,23
LOC124902532,23
MIR7846,23
PKD2L1,23
LOC105378100,23
PTGER4,23
SMIM47,23
ADAM20,23
KCNQ5-DT,23
LOC105379193,23
LOC107984733,23
PIP,23
LINC02942,23
LOC105372088,23
FATE1,23
LINC02587,23
GDPD1,23
LNPEP,23
CYSRT1,23
LOC124904020,23
ZMPSTE24,23
MT1E,23
QRICH2,23
SPP1,23
CRB3,23
GMPPB,23
ILDR1,23
LOC105372250,23
CFAP119,23
HEMGN,23
IFT57,23
LRIG2,23
LINC02082,23
LOC105371399,23
LOC124900967,23
SCRT1,23
HRG,23
LOC105371099,23
LOC112268172,23
LOC124903382,23
LOC105373963,23
MIR7109,23
LOC105374780,23
SPP2,23
TMOD1-AS1,23
LOC105373261,23
LOC107984515,23
RALYL,23
IL7R,23
IFNLR1,23
EIF5A,23
INAFM2,23
LOC105370223,23
DSP-AS1,23
LOC107985408,23
IRAK1,23
OTOP3,23
NRXN1-DT,23
LOC105373494,23
NACA4P,23
KRTAP4-1,23
LRP12,23
ZBTB4,23
LOC124905305,23
COPB1,23
GDF5-AS1,23
SLC1A2-AS1,23
CCRL2,23
PGBD2,23
RBAK,23
LINC02394,23
PDIA4,23
PHF23,23
LINC01192,23
NPY5R,23
SLC16A2,23
UAP1L1,23
LINC00472,23
AKR1C2,23
OR4C13,23
EDRF1-DT,23
CACNG8,23
SLC66A3,23
LINC02049,23
PNISR-AS1,23
LOC102724443,23
FAM162B,23
TLNRD1,23
NEU1,23
LINC03078,23
SLC28A1,23
LOC107987146,23
LOC124903841,23
LOC102724142,23
LOC124904333,23
SLC25A14,23
LINC02902,23
SMIM8,23
CPEB3,23
MATCAP2,23
TIMP1,23
RN7SK,23
UGT2A2,23
LOC105372923,23
SLC19A4P,23
GPR12,23
DRAP1,23
ZNF475,23
PRXL2B,23
CAPN10-DT,23
LOC124905187,23
INTS4P2,23
MACC1,23
MIR6852,23
LOC124901156,23
RPS27L,23
LOC400622,23
PIK3IP1,23
ATP1B1,23
RNVU1-7,23
LOC105378139,23
PRSS22,23
LOC107986381,23
LOC105370947,23
HTR1F,23
MISFA,23
CSRNP1,23
CCDC61,23
TRIB1AL,23
AQP10,23
MIR4281,23
CRYZL2P-SEC16B,23
COPS2,23
LRRC55,23
ST3GAL5-AS1,23
LOC124900188,23
DEDD2,23
RRH,23
PGM5-AS1,23
LOC105375936,23
QKILA,23
LOC124904017,23
DAPK1-IT1,23
RNF6,23
SPATA12,23
HLA-F,23
FAM30B,23
PPP1R17,23
LOC105377505,23
LINC02610,23
TMEM41B,23
LOC107985688,23
PDZD8,23
LOC101929691,23
WBP2NL,23
CFAP20,23
PCDHA10,23
LOC101928264,23
ESRP1,23
LOC105379189,23
F3,23
DDO,23
SPRING1,23
UPF3A,23
RHPN1,23
ZNF226,23
DSP,23
HEATR9,23
LOC101928833,23
ALG14,23
LOC124900682,23
UBE2V1,23
LOC105372705,23
NDUFAF7,23
MIR4756,23
LOC105373643,23
NALF1,23
ACADSB,23
LOC102723701,23
LOC400212,23
LOC124900745,23
ITGB8,23
PRDX1,23
SPMIP8,23
RNF223,23
LOC124903858,23
LINC02574,23
RAB18,23
TMEM179,23
DOC2B,23
SLC35F3,23
TP53I13,23
KRT27,23
LINC02179,23
PRSS27,23
LOC105375728,23
FREM3,23
LINC02286,23
IRAK1BP1,23
TEX36-AS1,23
WNT1,23
ZACN,23
DLGAP1-AS2,23
UCHL3,23
HOMEZ,23
LOC105379340,23
RXFP4,23
LOC107985352,23
LOC105377253,23
PLXDC2,23
LOC105372349,23
SAXO3,23
LOC102723560,23
KRABD5,23
GTF2A1-AS1,23
LOC105373526,23
ADAMTS19,23
OSBPL6,23
LOC124907857,23
FOXA1,23
LINC02931,23
LOC107986512,23
CLEC4G,23
LOC107986893,23
LOC124903897,23
SNORD115-43,23
ANKRD36B,23
MIR202HG,23
SLC16A8,23
LOC105378140,23
RASAL1,23
PICSAR,23
P2RY4,23
SRA1,23
LOC124903057,23
LOC124908062,23
HSPA5-DT,23
BRICD5,23
RPL14,23
DHRS4L1,23
LRRC17,23
PTPRN2-AS1,23
KLHL15,23
LOC124909364,23
LOC105371864,23
MRPL30,23
LOC124901791,23
GSTT2B,23
CIAO1,23
ATP6AP1-DT,23
LOC105377685,23
NEK8,23
LOC124904194,23
CGB2,23
LINC02380,23
FBXW8,23
SLC23A3,23
LOC101929609,23
NKAIN3,23
LOC124900809,23
LOC124903305,23
PTGDR,23
LINC01133,23
GID4,23
RIN1,23
ZNF790,23
CBX1,23
DSG3,23
LOC107985787,23
EFCAB8,23
LOC102723348,23
TMEM125,23
IZUMO4,23
CBR3,23
LOC105369847,23
ZBTB47-AS1,23
CLEC4C,23
LOC105370126,23
TMEM132D-AS2,23
EFCAB12,23
PRH1,23
LOC105378286,23
HELT,23
SPATA8-AS1,23
CD24,23
LOC124907987,23
LOC124906977,23
SPICE1,23
LINC02558,23
CALHM4,23
LINC01003,23
ITGA8,23
NRXN2-AS1,23
GSTP1,23
RBM26-AS1,23
CENPVL3,23
COL24A1,23
FAM242B,23
CYP2T1P,23
LOC112268194,23
PSMB11,23
CIAO2B,23
PELP1-DT,23
RNF186,23
MAGOH-DT,23
LOC105374328,23
LOC105370829,23
RBBP8NL,23
TXN2,23
LOXL4,23
H2AC13,23
EPO,23
HMGN4,23
YTHDF3,23
LOC105378861,23
LOC112268295,23
TXNL1,23
LOC124905216,23
CLCA4-AS1,23
MYO3B-AS1,23
LOC105375068,23
NAP1L5,23
MIR1289-2,23
NANOGNB,23
SAPCD2,23
LAIR2,23
OR6V1,23
TM7SF2,23
RGPD1,23
GPRASP1,23
ZNF518B,23
LINC03016,23
LOC107986934,23
LINC02911,23
KCNA10,23
RAD54L2,23
KRT9,23
YY1,23
MIR921,23
LOC124900551,23
LINC01699,23
MIR3691,23
LOC124902894,23
ERICH6-AS1,23
LOC100132062,23
PTPRA,23
LOC124903507,23
SNORA25B,23
BPNT1,23
SERHL,23
H2AP,23
CHST1,23
MYBPC3,23
RSPH9,23
MEIG1,23
LINC02116,23
PABIR2,23
LOC105377613,23
RRN3P3,23
LOC124904626,23
BAX,23
LOC124903808,23
ZNF37A,23
POLL,23
CXCL11,23
TTTY7,23
ID2-AS1,23
PDCD5,23
LOC107986395,23
MIR144,23
HCAR1,23
SETD4-AS1,23
ADIPOQ,23
CRYL1,23
LOC100505918,23
LOC124903982,23
LINC01972,23
C11orf91,23
GTF2A1L,23
ACVR2A,23
LOC339666,23
LOC124904003,23
LOC107985087,23
SCRN2,23
LINC02970,23
EMC6,23
MIR148A,23
UBE2U,23
LOC107987085,23
C12orf57,23
LOC124903442,23
RPGRIP1L,23
C16orf46-AS1,23
VENTXP1,23
LOC124909426,23
MIR8052,23
PURA,23
CLNS1A,23
TBX18,23
MELTF-AS1,23
ROGDI,23
ERLN,23
OR52N2,23
LOC124904740,23
CNMD,23
LOC105378826,23
LOC105375597,23
ANKRD30BP3,23
PCDH8,23
THUMPD2,23
AARS2,23
MIR3158-2,23
ARL6IP4,23
DPP9-AS1,23
SIRT6,23
MIR4253,23
HSPBP1,23
LOC124904054,23
LOC105375704,23
GOT1,23
TPTE2P1,23
SMIM19,23
IQCF2,23
MS4A12,23
LOC105371929,23
DBH,23
LOC105376042,23
UGT1A3,23
LOC124905121,23
RPUSD1,23
LOC105371157,23
C18orf15,23
LINC01778,23
ZNF518A,23
TSPAN9-IT1,23
CHRNA9,23
TMEM250,23
LOC105375653,23
VSTM2A,23
MEX3D,23
IFITM5,23
MIR5089,23
LINC02133,23
LOC100129215,23
BPIFA4P,23
RBM25-AS1,23
MAGEA3-DT,23
MAGEA6-DT,23
DNAJC1,23
ZNF267,23
IGFBP7,23
MIR891A,23
IQCF6,23
SLC6A2,23
FXYD3,23
WFDC10A,23
NOX5,23
MPL,23
ANGPT1,23
LOC124903889,23
IL18,23
LOC124907779,23
LINC00333,23
LOC124903740,23
LOC105372497,23
MTFR2,23
MIR6860,23
IFITM10,23
HSD17B11,23
ARTN,23
LOC101929535,23
SNORA70H,23
LOC105379585,23
C8orf34-AS1,23
PLCXD3,23
ZMYND12,23
CAMSAP2,23
DNAJB5,23
GPR37L1,23
SLC35E4,23
LOC124902146,23
SERPINE3,23
SVIL2P,23
GPR6,23
UNKL-AS1,23
LOC286177,23
TBC1D3P5,23
PPP4C,23
LCLAT1,23
GNAT1,23
NRM,23
DBR1,23
LOC105377294,23
TERF2IP,23
CHAT,23
ADAMTSL4-AS2,23
FMO9P,23
RBMY2FP,23
PCDHGA3,23
SERPINA6,23
SLC52A1,23
RASSF10,23
NINJ1,23
NDUFAB1,23
CTR9,23
S100A7A,23
LINGO3,23
HSPA1B,23
LOC124904414,23
TPH1,23
ARMCX5-GPRASP2,23
MIR1260A,23
NEIL3,23
LOC105374991,23
LCE3A,23
TRIML2,23
LOC124904000,23
LOC105369498,23
LINC01048,23
SSTR3,23
LOC105374974,23
SNAPC3,23
C20orf204,23
ARHGAP27P2,23
AZU1,23
ABHD11,23
CSRP3,23
BRD3OS,23
REXO2,23
ZNF699,23
LINC02927,23
BTC,23
SNHG27,23
ZNF639,23
RAET1L,23
MGAT4C,23
LOC101928135,23
LOC124902308,23
SLC45A3,23
TLCD1,23
GNA14,23
SLU7,23
LOC124903249,23
LOC105372261,23
MIR194-2,23
HMGCS1,23
LINC00602,23
DCST1,23
LOC124901176,23
INSL5,23
LOC107986396,23
BEND5,23
EN1,23
PROX1,23
FAM229A,23
GPATCH11,23
SLC39A7,23
LOC284009,23
LOC105371760,23
USP34-DT,23
SCAI,23
KLHDC10,23
LOC124904509,23
ZNF710-AS1,23
LINC02402,23
WNT2,23
LINC01830,23
NHSL1-AS1,23
B3GAT3,23
XKR9,23
WDR76,23
UBE2V2-AS1,23
EFNB1,23
MIR5707,23
TBX3,23
LOXL2-AS1,23
ZNF682,23
LINC01888,23
TMEM121,23
MCL1,23
LRP8-DT,23
PTGS1,23
LOC124902991,23
LOC101927551,23
LONRF2,23
TUBA3D,23
CPA4,23
C1orf54,23
GABPB1,23
LOC105371961,23
LOC124900282,23
TCEAL9,23
SNORD115-7,23
ITGAL-AS1,23
LOC105375245,23
LOC105374746,23
LOC105372775,23
NGFR-AS1,23
LOC105371899,23
POM121L8P,23
KRT76,23
LOC105374630,23
LINC02535,23
MIR4284,23
MIR4251,23
PCNA,23
ACOX1,23
RLBP1,23
GABRA3,23
KDSR,23
METTL5,23
LOC101929116,23
PIK3C2A,23
COQ3,23
MYLK-AS2,23
LOC112267910,23
ALX4,23
LOC124900393,23
ATF1,23
TMOD2,23
LOC107985375,23
LOC105373167,23
LOC441087,23
MIR3659,23
LOC124900957,23
NHLRC3,23
LOC105379021,23
DUXAP8,23
TBL1Y,23
MIR1203,23
PLEKHB2,23
CD8B,23
TSBP1,23
MPV17L2,23
GRIA4,23
FBXL18,23
PRRG2,23
LINC02138,23
CEP70,23
DGAT2L6,23
P4HA2-AS1,23
ZNF439,23
CCK,23
MAGEA12,23
CLPSL2,23
ZNF890P,23
NAALADL2-AS3,23
FAM230J,23
AIG1,23
OR2AG2,23
LOC102724058,23
LOC105378351,23
LOC124909441,23
LINC02474,23
DOK5,23
LBP,23
SUPV3L1,23
LOC107985129,23
HSFX3,23
HSFX4,23
LOC101927647,23
PAWR,23
LOC105377412,23
CCNDBP1,23
LOC124903703,23
OSM,23
FOSB,23
BZW1,23
ZNF93,23
BOK,23
FAM111A,23
MUL1,23
PLPP7,23
MYBPHL,23
ZNF713,23
UHMK1,23
PDZRN4,23
LOC107984638,23
LINC01845,23
LMTK2,23
LOC105376899,23
TOPAZ1,23
ATG14,23
DDX28,23
LSM3,23
LOC105379151,23
LOC105375196,23
KCNQ5-AS1,23
MRPL58,23
LINC01065,23
LOC105370101,23
ARPC4,23
LOC105371543,23
LOC105377794,23
LINC02980,23
LOC105376625,23
ADGRF2P,23
ZNF611,23
RAD1,23
GAS2L2,23
ST20-MTHFS,23
EGLN3-AS1,23
LOC124902377,23
GDF3,23
CD96,23
VPS45,23
TIGD7,23
LOC124903585,23
LOC105377945,23
ABITRAM,23
SPNS2-AS1,23
MTTP,23
GGCT,23
LST1,23
DIS3L,23
LOC102723690,23
MIR6813,23
LOC124902180,23
LOC124904068,23
LINC01927,23
PPP2R5D,23
HES4,23
BCDIN3D-AS1,23
FRG1BP,23
LINC02683,23
PROSER1,23
CEDORA,23
LINC02452,23
ZNF483,23
DYNLT2,23
NBR2,23
GRK6P1,23
LOC105378211,23
LOC105376805,23
HOXC13,23
LOC124902265,23
LOC105372791,23
GALNT18,23
LOC112267865,23
THAP12,23
LOC101928748,23
LOC105375050,23
DTD1,23
LOC105372046,23
SIGLEC6,23
LOC105372521,23
RTN4RL1-AS1,23
MIR7161,23
CD38,23
OR10G2,23
LOC124903056,23
RPL23AP64,23
LOC124900481,23
LOC124903391,23
LINC02595,23
LOC124906267,23
HBQ1,23
CYP27B1,23
LINC01282,23
ADAMTS16-DT,23
JARID2,23
LOC124900870,23
MMP1,23
SNHG7,23
MIR218-2,23
PLAAT5,23
LOC101929614,23
CCDC106,23
LOC105369460,23
LOC101927237,23
SLC7A14,23
LOC105370018,23
LOC105378036,23
STK32B-DT,23
LOC105373443,23
MT1F,23
LOC112268231,23
THEM6,23
GGN,23
LINC01943,23
WARS2,23
LOC124903183,23
FAM169A,23
FLJ39095,23
RFC2,23
LOC403312,23
ANGPT4,23
RPL34,23
NAA30,23
APEX1,23
LOC105371119,23
CYSTM1,23
LOC124901796,23
KRT3,23
NFKB1-AS1,23
EAF1,23
SOGA3-KIAA0408,23
ZNF204P,23
AGER,23
TMT1A,23
LOC124901912,23
TTTY17C,23
WDR86,23
PEX7,23
HECW1-IT1,23
LOC124906301,23
LYN,23
F8A2,23
TSPEAR-AS1,23
MIR4287,23
TMEM198,23
SNHG10,23
EXTL3-AS1,23
LOC107986555,23
LOC105376479,23
F11-AS1,23
MIR4483,23
RPL36AL,23
LINC03100,23
LOC124900405,23
PTPRB,23
SLC35C1,23
SMKR1,23
SLC9A3-OT1,23
ANKRD20A1,23
CYB5D2,23
ACSM4,23
HTD2,23
TBX2,23
LOC124900346,23
EDDM13,23
LOC105373480,23
SPTLC3,23
LOC107987095,23
RTN4RL2,23
GASK1B,23
MIR4440,23
CHADL,23
ZNF507,23
GRK4,23
GPR37,23
MIR4665,23
FTHL18P,23
FRY-AS1,23
LINC01072,23
LINC01535,23
CLXN,23
RN7SL1,23
KLK4,23
IFNGR1,23
DHX29,23
NAMPT-AS1,23
CIRSR,23
SPTBN1-AS2,23
NEMP2-DT,23
TRPC4,23
LOC100128276,23
FAM27E5,23
CT45A10,23
PNMA6E,23
XAF1,23
APOA4,23
NUTM2G,23
LOC101927531,23
MIR4710,23
FAM210A,23
HAVCR1,23
LOC100130298,23
PPIAL4E,23
PPIAL4F,23
PPIAL4D,23
PPIAL4G,23
LOC124904795,23
AVL9,23
CIDEC,23
SLC46A2,23
UCK1,23
NUTM2A,23
PRSS21,23
SLFNL1-AS1,23
LOC105369959,23
TMEM225,22
PRRG1,22
TMEM30B,22
RXRG,22
C3orf36,22
LINC03107,22
CD52,22
LOC124909494,22
LOC124909370,22
PCSEAT,22
NUBPL-DT,22
MIR3920,22
LOC124901883,22
OR2A9P,22
LOC124903635,22
CSNK2B,22
LOC105370117,22
NRARP,22
DBIL5P2,22
HOXA10-AS,22
GLIPR1-AS1,22
SNORD115-25,22
LOC105372339,22
MIR7106,22
NKAPL,22
LINC01239,22
TCP11L1,22
DIAPH3-AS2,22
LOC107985634,22
LINC00427,22
LOC124900883,22
LOC102724227,22
G0S2,22
C19orf33,22
RORA-AS4,22
MIR3621,22
MIR4664,22
LOC124904886,22
HSPB2-C11orf52,22
LOC105370508,22
LINC01570,22
LOC105369420,22
ADIPOR1,22
TMEM126A,22
LOC101927817,22
SNORA9,22
LINC03093,22
KRTAP9-6,22
LOC107984185,22
LOC105378137,22
LINC00613,22
USPL1,22
NCOA7-AS1,22
LOC124903167,22
PTX4,22
MIR640,22
ZNF197-AS1,22
MIR6783,22
RBMX,22
LOC101928628,22
LOC105377939,22
RGS4,22
LOC107984935,22
BLOC1S1-RDH5,22
LOC100288254,22
CHMP2A,22
LOC101928708,22
APOL1,22
LHFPL1,22
SATL1,22
LOC101930028,22
LINC00052,22
LOC105372316,22
LOC105376097,22
MAPK8IP1P2,22
LOC124902872,22
LOC105376353,22
KRT19P2,22
TMEM132E-DT,22
LOC107984325,22
FAM86HP,22
LOC124900690,22
TERLR1,22
RAPGEF4-AS1,22
ZNF266,22
CLEC4F,22
PEX5L,22
NMNAT1,22
LMX1B,22
TXNL4B,22
ASIC3,22
ERGIC2,22
LINC01574,22
C1QL2,22
LOC105375052,22
LOC124904329,22
PRMT3,22
PINX1-DT,22
ELOA2,22
ZNF615,22
OC90,22
SLC49A4,22
AURKAIP1,22
LOC124900506,22
LOC124900507,22
RCAN3AS,22
CELF2-AS2,22
MIR3142HG,22
CITED4,22
LINC01107,22
LINC02416,22
LOC101930112,22
LOC105372753,22
TCP10L,22
LINC01085,22
KRTAP4-11,22
LOC105372295,22
LINC00112,22
LOC105371275,22
IL11,22
LOC124900398,22
VN1R2,22
LOC105377495,22
SDR42E1,22
SLC28A3,22
GPR18,22
LOC101929130,22
ZFAT-AS1,22
CD200,22
CLDN24,22
LOC105372630,22
CCDC9,22
LOC124905046,22
LOC124904679,22
TMEM121B,22
MMAB,22
SPR,22
ADCYAP1,22
MIR1470,22
MIR4744,22
LOC105374154,22
TACR3-AS1,22
ZBED5-AS1,22
LY6G5C,22
LINC01794,22
WEE2,22
SP9,22
LOC101927268,22
UBA6-DT,22
S100A1,22
TFAP2D,22
ZER1,22
DAGARR,22
OCSTAMP,22
TP53RK-DT,22
SLIRP,22
SLC6A10P,22
STK17B,22
LINC00680,22
CENPI,22
CDO1,22
PCYOX1L,22
MIR670,22
LOC101928230,22
LOC105377964,22
PRAC2,22
SCARNA18,22
LOC101930100,22
MIR5681A,22
BTN2A2,22
SOWAHB,22
SLCO1B1,22
ATP5MGL,22
SFRP1,22
LOC729683,22
LOC105371731,22
LOC124900748,22
MRFAP1L1-DT,22
LOC105378806,22
LOC107985990,22
SCG5-AS1,22
LINC02769,22
TSPAN12,22
TTF1,22
SGO1,22
NOB1,22
LINC02462,22
LOC124902403,22
TM4SF18,22
LOC124906189,22
WT1-AS,22
LRRC53,22
UQCR10,22
RLF,22
C10orf71,22
ZNF304,22
LOC107986193,22
TMEM196,22
LOC124905244,22
LOC102724916,22
LINC02217,22
TBC1D9-AS1,22
PENK,22
LOC124902753,22
LOC107986121,22
TLX1,22
PSMB1,22
MIR602,22
DEFA8P,22
LNCPRESS2,22
LOC105376391,22
LOC105375466,22
EVX2,22
CST11,22
KRTCAP3,22
GPATCH1,22
MIR138-2,22
KIAA1614-AS1,22
ANGPTL5,22
LINC02830,22
DICER1-AS1,22
LINC01235,22
LOC124902392,22
DNM1L,22
TMEM154,22
LOC101928334,22
HENMT1,22
PTPRH,22
LOC124903522,22
B3GALT5-AS1,22
LOC124903706,22
NPEPPSP1,22
LOC100506403,22
DANCR,22
ARX,22
LOC124902772,22
LOC105371229,22
SPATA17-AS1,22
LOC124904548,22
LOC105379237,22
SNCA-AS1,22
MIR4453HG,22
LOC107986309,22
C12orf60,22
MIR4270,22
C12orf50,22
SPICE1-CFAP44,22
SLIT2-AS1,22
CALML3,22
ZFP3,22
LOC105373685,22
DUSP10,22
CDC37L1,22
PARS2,22
MIR4717,22
FBXO8,22
MIRLET7IHG,22
BDP1,22
C1QTNF8,22
TSPYL6,22
LOC124901428,22
HJV,22
NRSN1,22
ANKRD20A5P,22
LINC03034,22
LOC105375840,22
LOC124900333,22
CCN3,22
UGT2B17,22
ABO,22
LOC124902551,22
LOC105373133,22
LOC124901029,22
LOC124904924,22
LOC124903692,22
DCAF12L2,22
LINC01422,22
LOC105375451,22
SRP19,22
LOC112267932,22
ZC2HC1B,22
ISLR,22
AADAC,22
LOC105373440,22
SLIT3-AS1,22
ZFP69,22
VCX2,22
LOC124909485,22
CENPO,22
CSE1L-DT,22
LBX1,22
LOC105370275,22
NHS-AS1,22
LOC105377793,22
LOC124909479,22
LOC105379100,22
LOC105377155,22
LOC124904731,22
LOC107985189,22
LOC105375554,22
SPATA31A3,22
DEFA9P,22
LOC105378787,22
LOC124907856,22
LOC105378208,22
UBOX5-AS1,22
KBTBD6,22
AGGF1,22
LOC105369928,22
LOC124902865,22
EPOP,22
DDIAS,22
LOC124901136,22
DDX53,22
LINC02230,22
LOC124902986,22
ATP5MK,22
ATP8B5P,22
MRPL13,22
SIRT7,22
FAM204A,22
LOC124906346,22
LOC124901130,22
MIR1275,22
LOC112268433,22
RERG-AS1,22
HIKESHI,22
HOXA4,22
UBR5-DT,22
MIR4485,22
PTPN22,22
LOC124901750,22
LOC102723759,22
RNASEK-C17orf49,22
MIR3119-1,22
TBC1D7,22
SLC17A1,22
STX4,22
RPS3,22
ATP5MF,22
BABAM2,22
PWWP4,22
LINC01979,22
MYOT,22
LINC03010,22
RPAP2,22
KCNIP4-IT1,22
RARA-AS1,22
LINC01049,22
LOC107984574,22
MACROD2-AS1,22
MRPL27,22
LINC01530,22
RSPH6A,22
PAQR9,22
LINC02995,22
FAM72D,22
LOC107985981,22
LOC102724023,22
MIR2467,22
KL,22
CLDN12,22
LOC124901108,22
ZNHIT6,22
NAA80,22
SMIM14,22
RRP1B,22
P4HA1,22
DCLRE1CP1,22
SKA3,22
LOC124905958,22
LOC124904259,22
EIF3CL,22
LOC105372074,22
HIGD1B,22
MRPL14,22
UFD1,22
CST5,22
NFIA-AS2,22
MIR3663HG,22
ABCF2-H2BK1,22
LOC107984016,22
OMP,22
U2AF1L4,22
MIR3147HG,22
LOC124901950,22
LOC105378375,22
ISOC1,22
RC3H1,22
CASK-AS1,22
LOC124903356,22
DVL3,22
LOC105374334,22
LOC124904051,22
LOC105370714,22
NRK,22
LINC02382,22
FBXO39,22
DENND5B-AS1,22
TIMM9,22
PRR23E,22
NDP-AS1,22
LOC124904885,22
VKORC1,22
FARSA-AS1,22
BPIFB6,22
DNASE2B,22
PPID,22
CDT1,22
LOC105378071,22
KRT83,22
COX7B2,22
LOC107985554,22
LINC02244,22
GCH1,22
TEX12,22
LOC105374936,22
TBC1D3F,22
LOC102723447,22
CSNK1A1P1,22
LOC124901173,22
LINC00624,22
LOC124903160,22
VPS35,22
GINS2,22
ZNF257,22
DNA2,22
ITIH6,22
LINC01343,22
COMTD1,22
FMR1NB,22
LOC105371094,22
LOC105378291,22
LOC124900469,22
LHFPL3-AS1,22
ATP2B2-IT2,22
MIR1-2,22
LOC102724612,22
ZNF841,22
LINC02848,22
H2AC11,22
LINC01790,22
PZP,22
PHGR1,22
LOC105371520,22
LOC124900298,22
CBX3,22
NIT1,22
VTRNA2-1,22
VPS4B,22
FLNC-AS1,22
MARS2,22
LOC101928463,22
XPNPEP2,22
LOC107986913,22
OR10K1,22
ICMT,22
ENTREP3,22
ETS2,22
LOC107984186,22
SV2C-AS1,22
ITGB1BP2,22
LOC105376722,22
LOC124905268,22
STYXL2,22
LOC105372157,22
LINC01120,22
HACD4,22
CDCP1,22
NBPF4,22
LOC124903028,22
CTDP1-DT,22
LDHA,22
CHRNA10,22
ZNF655,22
SC5D,22
LOC124901253,22
MIR1268A,22
GPX5,22
NUDT4,22
PGLS-DT,22
LOC107986919,22
KPLCE,22
IRS1,22
GTF2IP13,22
LINC01626,22
SPATA42,22
LINC02524,22
OR1M1,22
LOC100506271,22
MIEF1,22
FLICR,22
LOC105375264,22
RNF20,22
SEPTIN7P9,22
LOC124903049,22
SBSN,22
A2ML1-AS1,22
PAICS,22
NIFK,22
H3P6,22
TTPA,22
LOC105378416,22
LINC00207,22
LINC02667,22
SAMD7,22
LOC124907978,22
LINC01440,22
C19orf18,22
OTP,22
LOC107986920,22
LOC107985939,22
ADRA1A,22
LOC105375282,22
TBX18-AS1,22
MIR3649,22
LOC105372532,22
LINC01785,22
LINC02775,22
TLR3,22
TTC3P1,22
LOC124902003,22
LCE2D,22
LOC105372750,22
ENOX2,22
REST,22
TMEM70,22
IL21-AS1,22
LOC124902731,22
LINC01590,22
RPP25L,22
LTV1,22
NKIRAS2,22
TMEM242-DT,22
ZNF224,22
DLEU7-AS1,22
WDR47,22
CT83,22
LOC100419170,22
LOC124902924,22
LINC02283,22
LOC101928277,22
LOC105377700,22
RTL4,22
GCNT4,22
NEK2-DT,22
USH2A,22
LOC101929014,22
LIFR-AS1,22
CD226,22
MIR4674,22
TRIM47,22
BUB3,22
LOC105369469,22
MIR4446,22
LOC105371512,22
NLRC4,22
LOC100287808,22
LOC102724847,22
LOC105376806,22
ASAH2B,22
LOC105375851,22
LOC124900335,22
LINC00261,22
KRTAP5-1,22
LOC105370935,22
DSCR10,22
SASS6,22
LINC03014,22
LOC124900214,22
ITPRIPL1,22
LOC729732,22
KRT71,22
SERPINF2,22
TP53TG3D,22
KBTBD4,22
SYT9,22
CTC-338M12.4,22
KRTAP9-7,22
A1BG-AS1,22
CKLF,22
DPPA3,22
ATP6V1G2-DDX39B,22
LOC101929937,22
LOC105374925,22
ATXN7L3-AS1,22
LINC02621,22
BTF3,22
EPC2,22
LOC105376528,22
MIR4636,22
LTB,22
RP9P,22
SLC16A13,22
LPGAT1-AS1,22
IL21,22
NUDT2,22
LOC124902028,22
JADE1,22
RTL8C,22
LOC105371812,22
LINC01103,22
ABCA1,22
SLC9A3R1-AS1,22
DMC1,22
VCF2,22
LINC01638,22
FBXO5,22
C1GALT1C1L,22
DCD,22
LINC03094,22
DSEL-AS1,22
RNF186-AS1,22
CGNL1,22
RNF113B,22
CENPW,22
HTR2B,22
LOC124906117,22
SCYL3,22
MCRIP2,22
CDK7,22
CA2,22
SUN5,22
LOC105377203,22
HTATSF1P2,22
LINC00428,22
LOC105374058,22
WWOX-AS2,22
LINC01679,22
MIS18BP1,22
RBM4B,22
LOC101927410,22
HOXB9,22
BTN2A1,22
ABI1,22
SETDB2,22
OPRK1,22
ERH,22
CEBPA-DT,22
LOC105377781,22
CCR1,22
CAV2,22
LOC124903953,22
MOGAT1,22
LOC107985670,22
GSG1L2,22
LINC02392,22
LOC105378088,22
LOC105373044,22
PNMA8C,22
LOC105378146,22
KLRK1,22
SCTR-AS1,22
HMGA1P7,22
FAM242F,22
FAM242E,22
LOC105379447,22
SST,22
AGFG1,22
TEX41,22
LOC105373696,22
CKAP2-DT,22
IRF2BPL,22
LPGAT1,22
LOC124902361,22
ZNF621,22
LOC124904172,22
LOC124901947,22
CCNB1IP1,22
LINC02671,22
RBBP9,22
HOXA2,22
LOC107984551,22
SBK1,22
LOC124906027,22
MIR320A,22
NDUFAF8,22
LRP1B,22
CATIP-AS1,22
MC5R,22
XRN2,22
TPRX2,22
LOC105371845,22
PDE3A,22
LOC107986639,22
HDAC4-AS1,22
SUMO1,22
PINCR,22
LOC124901486,22
DEFB119,22
LOC107986883,22
LINC01544,22
LOC102723784,22
FCHO1-AS1,22
SBDSP1,22
GRPEL2,22
LOC107986058,22
LINC01996,22
OR4C46,22
ALKBH3-AS1,22
MIR4299,22
C22orf42,22
LOC105370460,22
FBXO22,22
CR1,22
LOC105371143,22
RGPD4,22
ADGRB3,22
MIR4726,22
LOC105372437,22
TTC8,22
RBMX2,22
C20orf203,22
LOC124907871,22
CACNG6,22
LINC02409,22
WTAP,22
LOC105372436,22
METTL26,22
CARNMT1,22
EAF2,22
LOC124900217,22
LRRC46,22
KCNK10,22
MAML3,22
STAM,22
LRRC15,22
LOC101929698,22
SERPINB4,22
LINC00605,22
ZNF800,22
PGM5P3-AS1,22
C18orf54,22
MRPS18C,22
GOLGA2P7,22
LINC02337,22
MIR4422HG,22
TMEM14B,22
LOC107985000,22
SERPINE1,22
TPR,22
LOC124903628,22
ZNF253,22
CD19,22
TCEAL1,22
LOC112268235,22
LOC107984988,22
LOC105371240,22
LINC01220,22
LOC124906073,22
FBXL9P,22
IGFBP1,22
TMEM213,22
LINC01162,22
IDH1,22
LOC100996294,22
MIR4684,22
GABPA,22
LOC105370214,22
LOC107985774,22
LOC105370026,22
LRRC30,22
CENPV,22
SDK1-AS1,22
LOC124904237,22
CCDC194,22
RPL18,22
METTL15,22
LINC00960,22
SACS-AS1,22
PCDH20,22
MPV17L,22
PLA2G4E-AS1,22
RINT1,22
LOC124903967,22
ZDHHC24,22
LINC03098,22
NAALAD2,22
OPTC,22
KRT82,22
AGAP13P,22
LOC124904540,22
CRLS1,22
LOC105375257,22
GTF2H3,22
ENDOG,22
LOC101929248,22
BTNL3,22
PPP1R14B-AS1,22
LOC105375530,22
MSANTD5,22
PGP,22
AGRP,22
LINC01186,22
LOC105375179,22
LOC107986671,22
ZNF563,22
H3C3,22
MIR3074,22
PPM1B-DT,22
ZNF624,22
MIA,22
LOC107985251,22
LOC124903317,22
HCP5B,22
LOC105378660,22
MIR7152,22
LOC105375423,22
RHO,22
LINC01583,22
SPMIP5,22
LOC107985948,22
LOC105376392,22
BMP2K,22
CCDC180,22
ZNF181,22
LOC124902360,22
LOC105371950,22
SOX7,22
LOC100271832,22
HINT1,22
LINC02631,22
MIR4536-2,22
LOC105370372,22
LYAR,22
HMGA1,22
LOC124904756,22
LOC388436,22
CLEC5A,22
ZNF678,22
SCG3,22
ACTA2,22
LOC107985203,22
XPA,22
CLNK,22
MIR3194,22
SIVA1,22
POTEF,22
POTEE,22
CCDC166,22
MICOS13,22
CHMP2B,22
SPOPL-DT,22
TDRKH,22
OTOR,22
LOC121725015,22
MTERF3,22
PPP1R14A,22
LOC107985720,22
ZNF549,22
APTR,22
LINC01361,22
NIPSNAP3B,22
DEK,22
LINC02661,22
FGF5,22
LINC00861,22
GPR33,22
MDM4,22
DIPK2A,22
TMEM11,22
SNORA50D,22
LAMP3,22
MSL3,22
NOP53-AS1,22
LOC105372132,22
DYNLL2,22
LOC105372706,22
LOC105378237,22
KIF16B,22
SERINC5,22
PLSCR3,22
LOC105375860,22
CWF19L2,22
CHLSN-AS1,22
IFNL2,22
LINC02080,22
LOC124901711,22
LINC01571,22
NPHP3-ACAD11,22
LINC00327,22
PRSS46P,22
LCAT,22
CACFD1,22
SLC24A3-AS1,22
LOC124900244,22
LINC02148,22
FAM13A-AS1,22
LOC100287036,22
ZNF232-AS1,22
LOC105374370,22
LOC124901062,22
LOC105374340,22
MIR585,22
TTTY7B,22
TSPAN19,22
LOC124904076,22
LINC02832,22
PROZ,22
CDC42BPA,22
LOC105372688,22
LOC124903052,22
LOC124903951,22
HCRTR1,22
EPPIN,22
TNFRSF13C,22
LOC112268159,22
DCUN1D3,22
ZNF461,22
BTG2,22
CCDC42,22
LOC107984704,22
NOMO1,22
LOC101927690,22
NCRNA00250,22
NIM1K,22
LOC105374313,22
GNAO1-DT,22
LOC105377035,22
SKA1,22
PCP4L1,22
LOC107985652,22
LOC124905095,22
CGB5,22
CGB8,22
EFEMP2,22
C1orf232,22
UBE2DNL,22
LINC02623,22
LOC124907756,22
GRHPR,22
CSNK1A1L,22
ZSCAN31,22
OR10A2,22
FAM171A1-AS1,22
SLX1A,22
MIR551A,22
IER5L-AS1,22
LOC284412,22
AUH,22
DUSP28,22
CSAG3,22
SYNE1-AS2,22
HUS1B,22
LOC101928030,22
LOC112268208,22
LOC124905215,22
CCDC142,22
FAM157C,22
SSBP3-AS1,22
MIF4GD,22
LINC00279,22
DEFA4,22
RHOF,22
LOC100129534,22
MIRLET7A3,22
TSACC,22
MGAT4FP,22
GOLGA8DP,22
ZC3H12C,22
LOC124900990,22
HMGB3,22
DYNC1I2,22
ENPP5,22
LOC124903171,22
LOC643406,22
LSM12,22
RAET1E-LRP11,22
LOC102724214,22
KCTD4,22
GNPDA2,22
FGF21,22
LINC01918,22
LOC105372733,22
DPT,22
LOC105374060,22
LOC124904178,22
SPATA31G1,22
LINC02293,22
FTCD-AS1,22
MIR126,22
LOC124900929,22
MIR7855,22
ADAT3,22
PIM1,22
SNAPC2,22
MIR1266,22
LOC124903524,22
RHOT1,22
ERICD,22
IGLL5,22
CCDC24,22
LOC105373549,22
LOC105373551,22
UNC119,22
LOC124906232,22
LOC105372268,22
CCL18,22
LOC124900196,22
TGFBR3L,22
IDI1,22
IL32,22
ADRM1,22
TSGA10IP,22
TSPAN16-AS1,22
SH3BP5-AS1,22
LNCPRESS1,22
HTR3D,22
UFC1,22
LINC02952,22
MIR6799,22
DUSP23,22
LOC101927608,22
KLK3,22
LINC01147,22
LINC00710,22
ICOSLG,22
EREG,22
ENPP7P13,22
SINHCAF,22
ADAM5,22
ERV3-1,22
LOC100506664,22
MIR1294,22
LINC02144,22
WWTR1-AS1,22
LOC105377208,22
LOC107984179,22
TP73-AS3,22
LOC102723517,22
ZCCHC8,22
PCGF6,22
LOC102723340,22
COX6B2,22
LOC124900438,22
CIMAP1B,22
LOC158434,22
SNTB2,22
FAM90A24,22
LOC497256,22
LOC105370878,22
LOC124903627,22
CPHXL,22
LINC02026,22
LOC105371998,22
LOC105375170,22
FAM98A,22
CYB5R1,22
HTRA3,22
HRH3,22
PIN1,22
LOC105376157,22
LINC02765,22
LOC124905042,22
LOC124902927,22
LOC124901323,22
TMEM41A-DT,22
PTPRJ,22
LOC124901508,22
MIR3910-2,22
LOC105376367,22
ANGPTL4,22
MIR4275,22
MIR4733HG,22
SNX6,22
ARF3,22
TMED2,22
IFITM3,22
GDF10,22
BAG4,22
MZF1,22
UNC5B-AS1,22
GLRB,22
LOC285804,22
LOC124905266,22
LOC105375219,22
LOC105373508,22
LOC107986011,22
SNHG33,22
PMM1,22
LOC101928335,22
MCUB,22
MATCAP1,22
SMPX,22
LOC124903668,22
ZSCAN30,22
LOC101927145,22
LOC105375623,22
ZC3HC1,22
LINC02525,22
TRAM2-AS1,22
CCBE1,22
LOC105377722,22
ZNF561,22
LRRC7,22
LOC105377405,22
NDUFA10,22
CENPL,22
TFAP2C,22
PIP4K2C,22
LOC122319696,22
FUNDC2P2,22
MIR3916,22
CXorf38,22
MTERF1,22
MAGEA5P,22
BICRA,22
LOC105378350,22
BAZ2B-AS1,22
IPO7,22
OSGEP,22
ERP29,22
C1QTNF1-AS1,22
GEMIN4,22
DPY19L1P2,22
MARCHF8,22
EIF2S3,22
LINC01180,22
LOC105371785,22
LINC01350,22
LOC389705,22
LINC01525,22
VWA8-AS1,22
FMC1,22
LOC644634,22
AKAP17BP,22
HAMP,22
IK,22
TMEM184C-DT,22
LOC105373903,22
LOC124904526,22
ZNF891,22
CPXM1,22
LOC105376373,22
PYCARD-AS1,22
LOC105377795,22
LOC105369631,22
KCNA7,22
LOC105375716,22
CHP2,22
LOC124903674,22
BTBD8,22
UMAD1,22
UQCRB,22
LINC00941,22
GP1BA,22
CIRBP-AS1,22
LYSET,22
OOEP,22
MRPL4,22
CPLANE2,22
PNRC2,22
ERLEC1,22
RGS17,22
PIGO-AS1,22
PFN5P,22
LINC02658,22
LOC124900950,22
LOC105379623,22
LOC105379020,22
LOC103344931,22
ACTN1-DT,22
LOC105371757,22
SPRY2,22
LOC105370867,22
THAP9,22
LOC105369455,22
IL3RA,22
FBXW10,22
EFNB2,22
LOC124904410,22
LOC101928861,22
ARL15,22
GRP,22
LINC03043,22
CREB3L2,22
LINC02282,22
FAAP24,22
LOC105378307,22
LOC107985544,22
ZNF197,22
MIR378C,22
SBDS,22
MIR4467,22
LOC124901072,22
HLA-DOB,22
LOC105369946,22
LINC01615,22
HCN2,22
NPM3,22
LOC112267892,22
LOC105373578,22
PLA2G7,22
LOC101929413,22
LOC105377996,22
LOC105370373,22
LOC105377576,22
LOC124900557,22
UNC119B,22
LOC101927708,22
KCNK16,22
LOC124901724,22
ASB10,22
LEMD3,22
MRPL22,22
LOC124904530,22
LOC105378409,22
LOC105371763,22
IL20RB-AS1,22
CABP4,22
LOC124907910,22
LOC105370409,22
PEDS1,22
GRIK1,22
LOC124904875,22
TSPEAR-AS2,22
POPDC1,22
ATP5F1B,22
RIMOC1,22
LOC105379127,22
PDE6B-AS1,22
MRPL53,22
TNFSF9,22
PRDM14,22
DUSP19,22
MGC4859,22
LINC00265,22
CDH3-AS1,22
UBE2D1,22
LOC105377286,22
AREG,22
LOC101928257,22
LINC03146,22
FNDC4,22
LOC100128653,22
LOC124907892,22
UCN3,22
LINC01849,22
LOC124904182,22
TMPRSS11D,22
PARPBP,22
OR1A1,22
COA7,22
LOC124900830,22
ST8SIA6,22
RAD51D,22
TRPV5,22
MIR499A,22
LINC01514,22
LINC01960,22
LACRT,22
NRIP2,22
CACNG2-DT,22
CD93,22
LOC124902807,22
HEATR3-AS1,22
COP1-DT,22
LOC124901795,22
MOAP1,22
LL22NC03-63E9.3,22
HERPUD2,22
CMC4,22
LOC105375514,22
LOC124901812,22
CSTF2,22
AQP8,22
LOC124902624,22
SLC39A10,22
LOC105369341,22
GP6,22
LOC102723530,22
AGL,22
PRSS59P,22
CHROMR,22
USH2A-AS2,22
CASC20,22
ASCC3,22
KIRREL3-AS2,22
GOPC,22
XPO4,22
DNAJA2-DT,22
HSD3B2,22
LOC107986260,22
LOC105374581,22
AFP,22
LOC105376712,22
ARNT,22
ACAT2,22
LIN7A,22
S100A12,22
MIR1278,22
ZNF426,22
MIR5681B,22
OR4K17,22
APOL2,22
FLJ40288,22
LOC124902060,22
BORCS7,22
HAPSTR1,22
LOC124903046,22
LINC02836,22
LCE3C,22
SLC30A4,22
CD44-DT,22
LOC124902945,22
CREB3L4,22
FRZB,22
LOC105369716,22
TYR,22
ZHX1-C8orf76,22
MIR146A,22
ZNF473,22
FAM138C,22
FAM138D,22
LOC112268063,22
FAM138E,22
FAM138B,22
LOC105372747,22
TTC23-AS1,22
LOC105375740,22
SH2D1B,22
MIR4432HG,22
MIR3972,22
MIR4326,22
NOP10,22
SPATS1,22
LINC01899,22
DNAJC4,22
OR4E1,22
LOC107985071,22
AK3,22
TACO1,22
LCN1,22
LOC105370787,22
POU2AF3,22
LOC105372027,22
SLC10A6,22
POP5,22
FXN,22
ACVR2B-AS1,22
MIR548AK,22
LOC101060212,22
LSM2,22
LOC124901306,22
CFAP36,22
CRYBA2,22
SLC22A12,22
CENPF,22
REL-DT,22
L3MBTL4-AS1,22
CDRT15,22
LOC124903666,22
ZNF570,22
LOC105372997,22
MACC1-AS1,22
TXN,22
HUS1,22
ARHGAP42-AS1,22
LBHD2,22
IFNAR2-IL10RB,22
F8A1,22
PSMB8-AS1,22
BMS1P2-AGAP9,22
KCNK12,22
SPIB,22
MST1P2,22
LINC01878,22
LOC101928466,22
LOC124901456,22
KREMEN2,22
LOC101927727,22
SLC25A24,22
DMXL1-DT,22
TIMM29,22
H2BC6,22
FGFRL1,22
MIR4681,22
MIR3202-1,22
OR7E91P,22
PRNP,22
RNASEL,22
MAP4K1-AS1,22
MIR548H2,22
ARMCX1,22
SOCS6,22
LINC02545,22
ZFP42,22
GMFB,22
LINC01040,22
SNORD4A,22
LOC107983980,22
LINC02396,22
LINC02489,22
PPP1R11,22
ZNF646,22
BTBD18,22
ADCY10,22
CLECL1,22
SLC51B,22
CXCR3,22
LOC124901234,22
LINC01824,22
GPR199P,22
MARCHF6-DT,22
LOC112268061,22
KCNK15,22
LOC112267855,22
HCN1,22
DCXR-DT,22
DDX1,22
LOC124901952,22
SNX15,22
CAPN1-AS1,22
CKB,22
LOC105369838,22
DOHH,22
GOLPH3,22
PRSS41,22
RGS11,22
TOB2,22
LOC124900516,22
LOC105374947,22
LOC124905023,22
LOC102724778,22
DCDC2B,22
KGD4,22
OXA1L,22
VLDLR-AS1,22
NEURL3,22
RRAD,22
ENKUR,22
LOC105372324,22
MIR6891,22
LOC101928034,22
SPAST,22
LOC124905948,22
LOC124900198,22
MOSPD2,22
ANXA2P3,22
LOC101927557,22
MLLT11,22
PPIAL4A,22
PPIAL4H,22
PPIAL4C,22
LOC105375036,22
LOC102724446,22
LNX2,22
JPX,22
KLK9,22
LOC105371097,22
NUTM2B,22
SYT15B,22
LOC101928929,22
TPTE,22
PAGE3,22
RBM43,22
GADL1,22
COL1A2-AS1,21
OR4Q3,21
DEFB130B,21
DEFB130A,21
LOC124903357,21
GPX2,21
LOC105373847,21
SNORD115-18,21
PRSS35,21
LOC101927483,21
LINC02510,21
TEN1,21
LOC105374428,21
LOC124904388,21
TCEAL5,21
COMMD2,21
MRTFA-AS1,21
LOC124903986,21
ZNF658,21
GJE1,21
PTHLH,21
LINC02228,21
BOLA1,21
MEI4,21
LINC02376,21
LOC124904719,21
LOC105369885,21
RTCA-AS1,21
LNCNEF,21
MRPL21,21
LOC107984202,21
KMT2CP1,21
LOC124903911,21
LINC00517,21
LOC124904544,21
LOC105373622,21
IL1R1-AS1,21
LOC105371777,21
LOC124900812,21
MS4A8,21
LOC105374961,21
CYP3A7-CYP3A51P,21
NRIP3-DT,21
TRAPPC12-AS1,21
IAPP,21
CDCA5,21
SLCO5A1,21
MIR3654,21
LOC124900439,21
OR1R1,21
ZNF177,21
PARD6G-AS1,21
MACORIS,21
NUP153,21
MIR4437,21
TFAP2A-AS1,21
RPS6,21
IL36RN,21
LOC124901247,21
FAM225A,21
MTHFS,21
MIR4776-1,21
MIR6090,21
CD3D,21
RBMXL1,21
LINC01396,21
KCNA5,21
NXNL1,21
LINC00304,21
GPR26,21
LOC105373552,21
NEBL-AS1,21
MSL2,21
ZNF287,21
LOC105369798,21
RERE-AS1,21
LOC105370002,21
CIP2A,21
LOC105372077,21
CCDC198,21
LOC100996696,21
LOC105374502,21
SNORD115-1,21
TNP2,21
LOC124901014,21
LOC105369742,21
LINC01864,21
LINC02308,21
LINC01836,21
SYNGAP1-AS1,21
IFNA10,21
LINC01645,21
GXYLT1,21
POLDIP2,21
WASHC3,21
SPC24,21
LOC105376710,21
XLOC_008559,21
MAL,21
GPR158-AS1,21
CD47,21
SCUBE3,21
LOC105374854,21
LOC124901485,21
MIR3616,21
LOC344967,21
DSEL,21
LOC124906319,21
SNORD28B,21
AMOT,21
COX6B1,21
LOC105374653,21
LOC105372334,21
MEPE,21
LOC105369999,21
LINC02185,21
SMPD5,21
LOC105375483,21
TRIM9,21
ECI1-AS1,21
CCDC71L,21
RASSF8-AS1,21
LOC124901086,21
AFG2B,21
DAOA-AS1,21
INSM2,21
LOC124900377,21
CAPNS1,21
LOC124903502,21
MAGEB6,21
ZNF663P,21
COL8A1,21
GVQW3,21
LINC02249,21
LOC102724078,21
CAAP1,21
LOC107985442,21
LOC105375311,21
PALB2,21
LOC124903385,21
AMELY,21
SLC7A3,21
LINC00434,21
SNRPA1-DT,21
LOC124900426,21
MPC1L,21
LOC124903402,21
LOC107986462,21
LINC03111,21
MIR4472-1,21
LCE3E,21
LOC124900556,21
GREM2,21
LOC107986606,21
LOC107984411,21
BTN1A1,21
LINC02791,21
MGAT3-AS1,21
LOC124901482,21
KDSR-DT,21
CD200R1,21
DCHS2,21
NUDT7,21
PPP1CB,21
LOC124900369,21
ADH6,21
NPPB,21
LINC01873,21
LOC124902297,21
LOC105376642,21
LOC124903907,21
FGB,21
JUND,21
LOC124902806,21
MANSC4,21
LRRC19,21
LOC124902109,21
LOC105375818,21
LINC02787,21
LINC02089,21
LOC101928350,21
OR2A42,21
LOC105375685,21
LOC105370604,21
KIF20B,21
LINC01629,21
HYOU1-AS1,21
LOC124904513,21
LOC124901405,21
MIR378J,21
MALL,21
MUC15,21
LOC124903833,21
LINC01891,21
LOC101928517,21
LOC105377590,21
LOC101927536,21
G6PC1,21
MSH2-OT1,21
LOC105375271,21
MIR203A,21
TAT-AS1,21
SFT2D3,21
B9D2,21
LOC105376649,21
TRIM46,21
GSTCD,21
ASNSD1,21
LOC105375997,21
PCCA-DT,21
TMEM30A-DT,21
GTF2B,21
STXBP5L,21
LOC105375241,21
LOC124904440,21
ODF1,21
SNORA80C,21
MACO1,21
LOC124900647,21
PTGES2,21
LOC105375053,21
CENPH,21
FAM66B,21
ZNF154,21
LOC105375892,21
ADAMDEC1,21
LOC105375589,21
FAM86C1P,21
LINC01318,21
LINC01940,21
LINC02819,21
ZNF727,21
LOC107985011,21
RAE1,21
RPE,21
PPP2R5E,21
LOC124902935,21
NUDT17,21
LOC105374629,21
LINC02728,21
LOC105377276,21
SPI1,21
FAM197Y7,21
FAM197Y2,21
PPM1G,21
KRT6C,21
LOC646652,21
SLFN14,21
LOC124903931,21
ASF1A,21
LOC105377162,21
LOC105370203,21
LOC105375750,21
LINC00536,21
ZBTB33,21
LINC02212,21
WWP1-AS1,21
LOC124905093,21
NLRP9,21
RNF139-DT,21
LOC124904566,21
OR10H2,21
CHCHD2,21
LOC124901957,21
MIR3922,21
LOC124900739,21
LOC124909405,21
OR2AJ1,21
MB21D2,21
CH507-9B2.8,21
SLC25A2,21
LOC112268073,21
DBP,21
LOC105371540,21
LOC105377644,21
LOC107987125,21
CYP20A1,21
LOC105374614,21
LOC105374958,21
ZNF551,21
ARHGAP11A-DT,21
LOC101927118,21
PFDN4,21
LOC105378774,21
ZIC5,21
SLED1,21
LOC107986876,21
LINC00111,21
TBX22,21
REXO6P,21
CAVIN1,21
MIR3190,21
LOC340090,21
XNDC1N-ZNF705EP-ALG1L9P,21
PUS3,21
MIR7110,21
LOC105371632,21
TMEM200B,21
LINC02221,21
LARS2-AS1,21
LOC105371276,21
LOC100130452,21
LOC107987262,21
PRICKLE2-AS2,21
YTHDC1,21
LOC105371720,21
FABP4,21
LOC124900547,21
ENTPD2,21
PCDHB7,21
LOC124902611,21
LOC102724096,21
SCML1,21
DNAJC24,21
RNF175,21
LOC102723576,21
LOC124902200,21
LINC02758,21
F2RL1,21
LOC124904993,21
LOC105374358,21
LOC102723451,21
C21orf140,21
FCGR3B,21
CIMAP2,21
TAF7L,21
ZNF728,21
ALDH1B1,21
CA7,21
HSPB1,21
MIR8087,21
LGALS13,21
TTPAL,21
LOC100507562,21
TSPO2,21
LOC105375253,21
LOC107985326,21
CX3CL1,21
LOC124903318,21
LOC101930149,21
LDLRAD1,21
LINC00677,21
LOC124903225,21
LOC107986720,21
LOC105378347,21
LINC02224,21
RWDD4,21
TBC1D3H,21
C3orf86P,21
LOC100128317,21
LOC124907725,21
CD163,21
NCMAP-DT,21
LOC105374445,21
FADD,21
ZKSCAN2-DT,21
LOC105370192,21
LOC124902812,21
BEX1,21
LOC105375694,21
KCNQ1OT1,21
TGFB2-AS1,21
IFNL4,21
LOC105377991,21
LOC124900338,21
SPATA31E1,21
PTGIS,21
LINC01747,21
CGGBP1,21
LOC124901245,21
DEFB129,21
MRPL39,21
LOC124903741,21
PYDC5,21
LINC02150,21
DIS3L-AS1,21
JOSD1,21
LINC01490,21
NOX1,21
SNX4,21
PXMP4,21
DAP,21
LINC02421,21
LINC02311,21
LINC01832,21
MXRA5,21
HPAT5,21
SLC6A12-AS1,21
RIMBP3,21
RIMBP3B,21
IL31RA,21
GOLGA6D,21
SLC35G3,21
SRGAP3-AS4,21
PPIP5K1P1-CATSPER2,21
OR10G4,21
TMEM267,21
CORT,21
LOC284788,21
PIWIL3,21
SNORA3C,21
LOC107984777,21
NECAP1,21
HBA2,21
HBA1,21
LINC00471,21
PSMB8,21
GSTA3,21
PCDH19,21
FGF19,21
GRSF1,21
GLRX2,21
RAD51B-AS1,21
PYGO2-AS1,21
DAXX,21
FAM72C,21
CCDC127,21
LINC01712,21
LOC105369667,21
HNRNPDL,21
LOC124904570,21
KRTAP10-9,21
HSF2,21
SYNCRIP,21
F13B,21
ADGRB3-DT,21
TMEM245,21
OR10H1,21
LOC124902769,21
MFAP4,21
KNSTRN,21
LINC01335,21
LOC105374116,21
LYPD4,21
SPEF1,21
HOXB-AS4,21
DNAJB4,21
SERTAD4-AS1,21
LOC124901258,21
MIR671,21
PDE11A-AS1,21
ABCC5-AS1,21
ZBED10P,21
BTD,21
OR51E2,21
XRCC4,21
LOC124901740,21
ASIC5,21
LOC105373424,21
MCUR1,21
LOC102724723,21
XG,21
LOC105370150,21
LINC01275,21
LOC124901334,21
GRM8-AS1,21
LOC124903100,21
BMX,21
CFAP61-AS1,21
ZNF649,21
MIR4432,21
LOC124901410,21
HAR1A,21
MRPS16,21
LOC105370637,21
HNRNPA0,21
OR4D11,21
SLC66A1LP,21
CDS1,21
LOC105378831,21
SLC17A6-DT,21
MIR4709,21
LOC124904218,21
SPART-AS1,21
WIF1,21
LOC105374159,21
SLCO1B3-SLCO1B7,21
CNGA4,21
LOC124901467,21
LOC107984019,21
LOC105369774,21
SMG8,21
AMER1,21
MXD1,21
LOC101927603,21
LOC105373752,21
DHCR7-DT,21
DLX6,21
LOC286359,21
WFDC13,21
SEPTIN7P11,21
ACO1,21
SLC24A5,21
RPP21,21
SLC16A14,21
LOC107984226,21
KLLN,21
TRIM56,21
LOC107984606,21
FAM223A,21
FAM223B,21
LINC01124,21
LINC03109,21
SLC6A1-AS1,21
PCDH17,21
RPS26P11,21
LOC105378141,21
LINC01116,21
LOC105375146,21
LOC105369350,21
FRMPD3-AS1,21
LOC107984207,21
LOC101927143,21
DNAJC8,21
SHANK2-AS3,21
LINC00857,21
C1orf146,21
MRPS18A,21
MEAF6,21
PGR-AS1,21
LUC7L2,21
LOC105374523,21
LINC02180,21
VPS13C-DT,21
GIMAP4,21
CMTM6,21
ASPHD1,21
LOC101927283,21
CSF1,21
XKR3,21
MIR4516,21
LOC100131289,21
LOC107985890,21
LOC124900712,21
METTL21C,21
LOC107985174,21
CNTNAP5,21
MAGEC2,21
WFDC6,21
LOC101927829,21
MIR2053,21
LINC01682,21
FAM241B,21
ABHD18,21
KCNE3,21
FXYD6-FXYD2,21
METTL2A,21
LINC02835,21
LOC124900968,21
EN2,21
LOC105370119,21
LOC105375890,21
CD177,21
KRT74,21
WBP1,21
NPY1R,21
LOC124900470,21
RPL21P44,21
MS4A3,21
LOC100130207,21
LOC124901183,21
BAIAP2-DT,21
LOC105373222,21
SOX1,21
RTL8A,21
LOC102723544,21
LOC102724877,21
LINC00324,21
LOC124906256,21
SUV39H2,21
LINC02624,21
LOC112268023,21
LOC105373067,21
LOC105373429,21
LOC105374164,21
KLHL12,21
EIF3IP1,21
PRND,21
CECR3,21
GPR176,21
LRRC56,21
KRTAP10-6,21
LINC02284,21
LOC105378485,21
KDM4A-AS1,21
PPP4R2,21
LYG1,21
TEX22,21
B4GALNT2,21
FAHD2B,21
LINC01256,21
LOC105376478,21
CSTA,21
IL1B,21
OSGEPL1-AS1,21
LOC107985260,21
CRYBB3,21
MUSTN1,21
LOC124904181,21
TTR,21
LOC130932201,21
TMEM233,21
LOC124901786,21
GJD3,21
OR2V2,21
CCL13,21
MIR4470,21
UNC93B1,21
LOC105370969,21
AKAP5,21
LOC124900538,21
LOC124904629,21
FAM221B,21
LOC107986106,21
VTN,21
MIR486-1,21
LINC02182,21
LOC105372439,21
KDR,21
ZNF491,21
UBB,21
ERC2-AS1,21
NEMP1,21
LOC100132781,21
LOC105369618,21
SYDE1,21
LOC100652871,21
LOC105377406,21
BGLAP,21
LOC105373228,21
CDH6,21
LOC105379126,21
PPIC,21
FGFBP1,21
LOC107985923,21
LOC124904779,21
C5orf34,21
TRIM67,21
GADD45A,21
TYROBP,21
CPB2-AS1,21
SPRTN,21
SLC8A2,21
POP7,21
LOC107984273,21
LOC101927179,21
LYPLA2P2,21
TMEM51-AS2,21
CGB3,21
RFX6,21
SMCP,21
OR5V1,21
ARAP2-AS1,21
LOC105370608,21
CATSPER3,21
LOC728024,21
LOC105378204,21
OLIG1,21
C9,21
LOC124902073,21
TNNI3,21
SPINK13,21
C1orf185,21
LOC124902665,21
HK2-DT,21
LOC124908016,21
LOC105369690,21
LOC124906135,21
LOC124901411,21
HERPUD1,21
LOC105372762,21
MIR4682,21
PRAMEF34P,21
MICA-AS1,21
MIR381HG,21
KCTD5,21
LOC107984597,21
LOC102724804,21
LOC105371459,21
LOC105369937,21
ZNF627,21
LOC124902161,21
PGM5P4-AS1,21
C5orf52,21
ZNF844,21
UGT2B15,21
CENPVL2,21
CENPVL1,21
TENM2-AS4,21
PITPNM2-AS1,21
LOC101927932,21
NCBP2-AS1,21
LINC02626,21
PLAAT2,21
RAPH1,21
MLYCD,21
TRIB1,21
LOC107984792,21
LINC02372,21
LOC105375218,21
LINC02177,21
OR10G3,21
RPL39,21
GATA6,21
KRTDAP,21
LOC124903035,21
POU2F1-DT,21
KDF1,21
LOC105378213,21
LINC01932,21
ZNF692-DT,21
CSTF3-DT,21
TOB1-AS1,21
REG1B,21
LOC105374190,21
ASTN1,21
SCFD2,21
DIAPH2,21
LOC101928398,21
PBRM1,21
SF3B5,21
KLHDC1,21
ZNF407-AS1,21
ADM2,21
HBG1,21
TAX1BP1,21
AGAP10P,21
GPAA1,21
USP3-AS1,21
PGAM1,21
CASP3,21
LOC105376398,21
SERHL2,21
PITPNA-AS1,21
CATSPERH,21
SILC1,21
ETFRF1,21
GPC5-AS2,21
LOC105377503,21
P2RX5,21
ZNF12,21
LOC124903991,21
CFAP45,21
WDR44,21
RNU5A-1,21
STPG4,21
LOC100422781,21
TAS2R1,21
LOC105370198,21
MILR1,21
LOC107984900,21
MIR4442,21
ASTL,21
LOC102724034,21
OR10S1,21
LOC105375505,21
TWSG1,21
NKPD1,21
CARTPT,21
DUSP4,21
LINC01395,21
LOC105373968,21
EMC9,21
LOC124902459,21
LOC124903007,21
SLC33A1,21
IPO4,21
RPL7L1,21
CMKLR2,21
ARL16,21
CIB4,21
LOC107987121,21
RBMY1A3P,21
ZNF223,21
ASB12,21
C2CD4C,21
LOC107986376,21
LOC124902794,21
NUP35,21
LINC00474,21
OR10J4,21
EXOC3L1,21
AKIRIN2,21
DDIT4L-AS1,21
IFI44L,21
OTUB2,21
NPR1,21
CAMKMT,21
ZNF578,21
FGD1,21
LOC101927798,21
TAF9,21
ALKBH1,21
PRRT2,21
ITPR3-AS1,21
ODC1-DT,21
PLK4,21
MIR1301,21
LOC105378271,21
LOC124903066,21
LOC107987129,21
APOL4,21
LAMP5-AS1,21
MEPCE,21
FKBP3,21
ITM2A,21
AIDA,21
LOC105371791,21
MRPL45P2,21
ZFP41,21
LOC124900476,21
LOC105374836,21
LOC124900825,21
LRRC4C,21
BIRC5,21
AVPI1,21
ZNF24TR,21
LINC02813,21
PTGES2-DT,21
FKBP14,21
C6orf15,21
STX17-DT,21
CTSW,21
SLF1,21
LOC100128593,21
LOC107986669,21
PYGO2,21
LINC02111,21
H2AC21,21
TAX1BP3,21
STEEP1,21
SLC9A9,21
LINC01278,21
ZNF81,21
BLTP3A,21
FGF3,21
NR5A1,21
TCAF2P1,21
RAB2B,21
PLLP,21
PTGER1,21
SLX1B,21
MIR4487,21
KIR3DX1,21
LOC107986904,21
TRIM7-AS2,21
ARSI,21
PRF1,21
CCDC33-AS1,21
FLJ36000,21
ALOX15B,21
KIF24,21
AQP2,21
LOC124902706,21
LOC124904275,21
GOLGA8S,21
SLC38A12,21
LOC107985244,21
GP6-AS1,21
LOC105379389,21
LOC105372957,21
NTRK3-AS1,21
LOC105369787,21
MIR7160,21
IGF2-AS,21
LOC105376548,21
MRAP,21
LOC124902726,21
ANKRD46,21
NCKAP5-AS2,21
ENDOU,21
HOXC-AS1,21
NBPF26,21
LOC124906280,21
KCNIP1-OT1,21
LOC124900199,21
LNPK,21
RPS6KA4,21
LINC02507,21
RNF14,21
NET1,21
YIPF6,21
LOC124903549,21
MIR3187,21
LOC124902627,21
MIR6739,21
LOC105369149,21
MRGPRF-AS1,21
GALNT7-DT,21
TTC32,21
LINC02656,21
MSTO2P,21
LOC124902710,21
ZNF594,21
LINC02312,21
LOC107985076,21
ECM1,21
LOC124902963,21
MGAT5,21
FDX2-ZGLP1,21
MIR5008,21
MRPL16,21
GRK5,21
LOC101927484,21
TNFRSF10B-AS1,21
FHIP2B,21
PPP3CB-AS1,21
MANF,21
LOC105378333,21
LOC105370747,21
LOC105376709,21
L2HGDH,21
PKD1L1-AS1,21
SPDEF,21
PRR11,21
LOC124904517,21
BORCS5,21
EML4-AS1,21
NANOGP8,21
SNORA48B,21
DDIT4,21
LOC124900983,21
TRPC1,21
FGF2,21
LOC105373406,21
SSX2,21
SSX2B,21
RELL2,21
LINC00273,21
NALCN-AS1,21
LOC124902405,21
ASMER2,21
LOC124905969,21
CHRND,21
AHSG,21
CRYGD,21
WNT16,21
LOC124903702,21
LOC105372906,21
TEX46,21
LOC105371200,21
PKDCC,21
TMEM191C,21
MIR4436A,21
TUBA4B,21
LGALS1,21
RPL10,21
GPX7,21
C5orf47,21
EFNB3,21
ESF1,21
RNGTT,21
LUCAT1,21
LOC102724135,21
SERINC3,21
LOC102724183,21
LOC124901095,21
SF3B4,21
SSX5,21
COXFA4,21
EXD1,21
TMEM272,21
LOC124901033,21
MRPL50,21
UPK1B,21
VN2R19P,21
ATP6V0B,21
UBE2Z,21
LINC01562,21
TCFL5,21
ZC2HC1C,21
CRYBB2P1,21
CCZ1P-OR7E38P,21
TREX1,21
LINC02435,21
CCDC110,21
MYOG,21
LOC105375324,21
METRN,21
PKNOX2-DT,21
RND2,21
CRABP1,21
LOC100996756,21
NAALADL2-AS1,21
LOC107986160,21
FRG1,21
LOC112268009,21
LINC01964,21
CPNE5,21
IL20,21
LOC105370010,21
MIR3927,21
LNROP,21
MIR4464,21
LOC124904015,21
ACVR1C,21
MIR4510,21
ANKRD20A21P,21
TMEM87B,21
LOC105373024,21
POU6F2-AS1,21
LOC102723872,21
KCNH5,21
SLC24A3,21
KIF5B,21
MCIDAS,21
LOC105375456,21
LOC102724528,21
MAPDA,21
LOC105373831,21
LOC105372683,21
PLEKHF2,21
LOC102724517,21
PM20D2,21
SLC28A3-AS1,21
CLDN18,21
GAS1RR,21
LOC112268234,21
FOXF1,21
LINC02019,21
LOC105373921,21
OR52K2,21
TMEM98,21
PAFAH1B2,21
LINC01786,21
SCARNA17,21
LOC124904478,21
LOC124907980,21
LOC124907854,21
LOC101927598,21
ZNHIT1,21
SOX3,21
LOC105372655,21
PCBD2,21
MIR3148,21
LOC107987008,21
MYCNOS,21
LOC124902255,21
MYL12BP2,21
GOT2,21
LINC02045,21
SMPD4BP,21
ZNF593,21
RPS14,21
LNCDAT,21
ZNF835,21
SYP-AS1,21
NRF1,21
LOC102724048,21
LOC105377417,21
LOC107984227,21
MIR1260B,21
DISC1-IT1,21
ARF4,21
SNORD116-14,21
GFRA3,21
LOC105372631,21
LOC124904192,21
PCAT4,21
CBR4,21
TRAPPC6A,21
LOC105374695,21
MIR3923,21
KYAT3,21
LOC107986127,21
LINC02578,21
ECE2,21
TRAPPC6B,21
FOLH1,21
HCN4,21
ZCCHC9,21
NDST2-ZSWIM8-AS1,21
LINC01569,21
CCDC82,21
LOC107986715,21
ALG1,21
LINC02369,21
LOC105373387,21
LOC105369649,21
S1PR3,21
COL4A2-AS1,21
ZPLD1,21
LOC124901907,21
MEIS3P1,21
GS1-278J22.2,21
MIR4451,21
LOC105369209,21
CALHM3,21
BTG1-DT,21
CCDC74A,21
SLC16A12-AS1,21
CDC73,21
KANSL1-AS1,21
CPSF6,21
LOC105373466,21
RTP5,21
LOC105371932,21
RAET1E-AS1,21
LOC105374802,21
APIP,21
CD109-AS1,21
ELOA-AS1,21
PIGF,21
PCDHGB5,21
BNIP5,21
FSD2,21
PARM1,21
ETDA,21
LOC105373146,21
UMODL1-AS1,21
STYXL1,21
PLS1-AS1,21
LOC100131635,21
LOC105377865,21
SLC25A47,21
LOC105376080,21
MAP3K8,21
HCLS1,21
LOC124901955,21
FMO6P,21
LINC02854,21
TRIM51EP,21
MIR4655,21
USP12,21
PAFAH1B3,21
CNTNAP2-AS1,21
LINC02043,21
SLC38A4,21
MIR554,21
DNAJC25,21
NDST1-AS1,21
LOC124902179,21
KLF11,21
TAX1BP1-AS1,21
KAZALD1,21
RPTN,21
LOC112268272,21
LCMT1-AS1,21
TAF10,21
LOC107984433,21
TBC1D3D,21
GPR137B,21
LOC124901007,21
ZG16B,21
H2BC7,21
MPST,21
LOC105379442,21
LINC03155,21
LOC112268045,21
LOC124903690,21
ALDH8A1,21
ARL10,21
ALDH1A3-AS1,21
LINC03152,21
LOC124902212,21
LOC124904295,21
IGSF21-AS1,21
LOC124905225,21
TAF13,21
DHX15,21
SCGB1D2,21
LOC124902258,21
LOC124903452,21
LOC105371709,21
PCCA-AS1,21
LOC124900932,21
MIR6499,21
RBM4,21
MIR140,21
LOC107984963,21
LOC105372244,21
LOC124903851,21
LOC105376440,21
LOC124903519,21
LCE3D,21
ASB15-AS1,21
SLC2A7,21
LOC124900257,21
TUBB2B,21
MIR4731,21
MIR623,21
LIVAR,21
LOC101929431,21
SNHG29,21
LINC02718,21
TGIF2LY,21
LOC107985119,21
DLX1,21
LOC107985695,21
MIR595,21
TAS2R20,21
SLIRP-OT1,21
CLCF1,21
FZD2,21
POTEA,21
SLC25A34-AS1,21
DOCK9-DT,21
LOC105372956,21
DCLRE1B,21
SMIM44,21
MMP9,21
LOC124902245,21
PDE2A-AS2,21
LOC112268265,21
SERPINA4,21
OTUB1,21
FLJ38576,21
CCL20,21
CELA3B,21
LOC105379439,21
LOC105379451,21
LINC02058,21
LOC124900241,21
SNORA17B,21
MIR6842,21
TAAR1,21
LOC107986198,21
MMP26,21
LOC124903448,21
UBAC2-AS1,21
MIR141,21
ARPP19,21
LINC02713,21
IFITM1,21
NOL6,21
UQCC5,21
MARVELD3,21
IBSP,21
TAS2R41,21
NXF5,21
ACTR3,21
MIR6801,21
ARHGEF6,21
COL18A1-AS2,21
SPAG4,21
UBE2D3-AS1,21
ITGA1,21
PSAPL1,21
SEMG2,21
EVX1,21
NCAPH,21
MIR6882,21
OTOS,21
HLA-DRB5,21
MIR526A1,21
CHRM3-AS1,21
LOC124903483,21
GOLGA5,21
LOC124905240,21
LINC02919,21
HNRNPCL2,21
FGF23,21
LOC124900186,21
MED15P9,21
LOC107986167,21
LOC105372606,21
H2BP2,21
CLEC4D,21
PAK5,21
LOC124901146,21
TUBG2,21
LOC124902014,21
LINC00558,21
ANGPTL6,21
ALYREF,21
SHLD1,21
RIOK1,21
PRKCZ-DT,21
SUMO3,21
LINC00663,21
CDKN2A-AS1,21
LOC102723334,21
RASD1,21
C4BPB,21
RNF169,21
LOC105378005,21
COX15,21
POLR2D,21
LOC124900320,21
LOC105371069,21
SYDE2,21
NDST3,21
LOC124907824,21
KIZ-AS1,21
LOC102724849,21
EVC2,21
LOC124903891,21
ADGRL1-AS1,21
TMEM25,21
PTPN23-DT,21
DRD5,21
LINC01233,21
LOC401589,21
LOC101929319,21
HDHD2,21
DUSP5-DT,21
PWAR1,21
NIPAL3,21
LY6H,21
MGC34796,21
LOC107986968,21
LINC01066,21
LOC105370362,21
MIR3945HG,21
SNORD63,21
LINC01623,21
LINC02662,21
LOC107985666,21
SNORD3E,21
LOC729080,21
LOC105376578,21
MIR3938,21
MIR625,21
CCDC179,21
LOC124903256,21
LOC124900554,21
DDX6,21
ETAA1,21
ZNF823,21
LINC01857,21
AUNIP,21
MRFAP1-AS1,21
LINC03110,21
POLR3B,21
ADIPOQ-AS1,21
ZIC4-AS1,21
HMX2,21
RBM11,21
SUPT20HL2,21
LOC107984255,21
CRYBB2,21
STAC2,21
LOC105377223,21
LOC107986675,21
MIR572,21
LINC01533,21
LOC105373342,21
LOC107985590,21
LOC124901369,21
LOC105374989,21
SMU1,21
OR5AK2,21
FAM27E3,21
RAMP1,21
PDK4,21
OLIG2,21
LOC124902118,21
LOC124904794,21
ZNF442,21
RADX,21
LOC105378976,21
LINC02725,21
LOC124902171,21
RAP2C,21
CSGALNACT2-DT,21
HMGA2,21
FAM124B,21
TPGS1,21
RAB28,21
LOC105374699,20
MIR6864,20
LOC124901061,20
MIR494,20
BTNL2,20
LOC105376103,20
PLCXD2-AS1,20
AADACL2-AS1,20
LOC124909337,20
EIF2B5-DT,20
LOC124903641,20
PLAC8L1,20
ARHGAP28-AS1,20
ZNF585A,20
LINC02843,20
IRGM,20
LINC02176,20
PDE6H,20
LOC124901806,20
ELMO1-AS1,20
LINC01504,20
LOC124904375,20
LOC105376368,20
IQCF1,20
LOC124905950,20
H3P4,20
H3-7,20
H3C13,20
LINC00320,20
RNF26,20
LOC124901730,20
LOC124901940,20
MIR614,20
LOC101929577,20
RTL1,20
EVA1A-AS,20
OR10A7,20
CLEC2A,20
CASS4,20
LOC124903177,20
LINC02754,20
LOC105373890,20
LOC105375836,20
MIR3678,20
MIR4700,20
MRPS30,20
SNORD121B,20
LOC105372599,20
LOC101927446,20
HAGLROS,20
RHBDL1,20
KCNIP2-AS1,20
NDUFAF3,20
LOC101928933,20
SYT4,20
JAKMIP2,20
BAZ1A-AS1,20
LOC124903362,20
LINC01259,20
IL17C,20
LINC01508,20
UBE2E2,20
LOC124901123,20
LINC01706,20
PKIA,20
TEX13D,20
LOC105370187,20
LOC124903643,20
LOC102724427,20
RBM7,20
MIR1277,20
GUCY1A1,20
LOC124902246,20
LOC105375101,20
SLC2A12,20
MIR325,20
MIR5590,20
LINC01047,20
PIK3IP1-DT,20
LOC107985034,20
CCDC167,20
LOC104613533,20
MIR133A2,20
INTS6L,20
GFER,20
ARHGAP11A-SCG5,20
LOC105379514,20
HNRNPCL4,20
LINC01639,20
LOC124901785,20
THAP10,20
LOC105373592,20
EOLA2,20
NSRP1,20
ECEL1P2,20
ZNF25,20
CALHM6-AS1,20
SOX17,20
LOC124903772,20
TMEM246-AS1,20
TIMP3,20
LINC02943,20
LINC02352,20
LOC105374406,20
MIR130B,20
ANAPC16,20
LRRIQ1,20
YAE1,20
LOC101928253,20
RECQL,20
LOC105374318,20
MIR920,20
SNORD115-19,20
SH3BGRL3,20
LINC01713,20
LOC105371349,20
LINC01612,20
WDR83OS,20
TRAPPC4,20
H2AC19,20
LOC105370062,20
LOC124904971,20
LOC124905214,20
TMCO2,20
LOC124904552,20
MTMR9,20
LINC00698,20
SPIN4,20
LOC105377947,20
LOC105375065,20
LOC124901817,20
ASB16-AS1,20
RD3L,20
SQLE-DT,20
LINC02733,20
SPATA31D4,20
SPATA31D3,20
LOC105375703,20
BIRC3,20
LOC105375317,20
LOC105371347,20
FIGNL1,20
APPBP2,20
OR52W1,20
LGI2,20
ARFIP1,20
THOC3-AS1,20
LINC02679,20
PAQR8,20
PDE12,20
GNA15-DT,20
MIR4520-1,20
LINC00239,20
CHFR-DT,20
SMIM31,20
SLC38A2-AS1,20
LOC124901746,20
TMEM95,20
RBP7,20
LINC02490,20
GPR174,20
LOC105373060,20
GAPT,20
SLITRK5,20
UPK1A,20
CYP2A13,20
UVRAG-DT,20
LOLI1,20
CLIP1-AS1,20
LOC124902078,20
LOC124900337,20
BMP2,20
FOXH1,20
LOC124900162,20
SALL2,20
UST-AS2,20
ATF6-DT,20
LOC124904401,20
MARCKSL1,20
NKAPD1,20
EIF4A1,20
LOC105373262,20
C11orf58,20
LINC02650,20
LINC02442,20
FAM197Y8,20
LOC124900238,20
LOC105374191,20
ASZ1,20
OR6T1,20
ABHD13,20
MIR7849,20
LOC102723752,20
PDE6D,20
BACH1-IT2,20
LOC124902383,20
MIR3974,20
HPR,20
PPDPFL,20
LOC124900783,20
TMEM258,20
LOC105375713,20
SNW1,20
LOC124904436,20
LOC105379357,20
LOC101928797,20
LOC100130548,20
GABRA1,20
SLC46A1,20
C12orf42-AS1,20
MIR197,20
AMER3,20
LINC01637,20
SNORD115-39,20
LOC124903778,20
CNEP1R1,20
LOC105375166,20
TMEM151B,20
TENT4B,20
LOC107984596,20
LOC124904765,20
LOC100505912,20
LOC124904732,20
LOC124906195,20
LOC105372960,20
LOC102724533,20
LOC105373305,20
KCNAB1-AS2,20
LOC107985224,20
WNT5A-AS1,20
LOC105374080,20
MAGT1,20
LOC105370259,20
OR4S2,20
LOC124900252,20
LOC105376357,20
LOC124905589,20
LRRC72,20
CACNG3,20
ULBP3,20
MGC16275,20
SLC35B4,20
EDDM3B,20
JKAMP,20
LOC102723944,20
LOC107984839,20
MIR6781,20
SNRPD2P2,20
LOC107984000,20
FOXJ2,20
ZNF691,20
LINC01167,20
KLHL10,20
ZNF133,20
PPP1R36,20
COQ10A,20
MIR5685,20
ZNF250,20
HOXC11,20
LOC105378040,20
LOC105377529,20
LOC124902727,20
LOC124900747,20
FAM167B,20
LOC102725019,20
LRTOMT,20
OR1K1,20
LOC124903098,20
LOC105374777,20
SPATA31A5,20
CNTN6,20
ZPR1,20
LOC105375826,20
CACNA1C-IT2,20
MIR941-1,20
LINC01875,20
SLPI,20
MIR145,20
LOC105373186,20
VWC2,20
LOC105379315,20
TTC9B,20
LINC02627,20
KRTAP4-4,20
MSH5-SAPCD1,20
FLG2,20
OR6M1,20
LOC105373974,20
MIR3177,20
PTPRC,20
ZFY-AS1,20
LOC124901764,20
NFXL1,20
LOC124904633,20
SNORA70G,20
NDUFC1,20
MIR1288,20
UNC5B,20
PLA2G2A,20
LOC105370190,20
LOC124904301,20
LOC105372686,20
AVPR1A,20
LINC00529,20
CHRNB3,20
IL13RA2,20
MIR648,20
LINC01635,20
LOC105379051,20
C1QTNF7-AS1,20
GOLGA6C,20
GLIS3-AS1,20
SLC35G6,20
IL10RA,20
STUB1-DT,20
ETV1,20
LOC105371475,20
FOXD3,20
IL7,20
FMO2,20
OSBP,20
GOLGA2P3Y,20
CLCA1,20
CCDC160,20
LOC105375444,20
ATXN3L,20
MIR6134,20
RIPPLY3,20
LOC124901932,20
SNORD89,20
FAM225B,20
LOC107985835,20
TM4SF20,20
LOC105369520,20
LOC105370084,20
UGT8,20
LOC124904047,20
ZNF789,20
RNASE2CP,20
LOC101927272,20
LOC128966684,20
DENND11,20
LOC105371882,20
ADAM3B,20
LINC02493,20
CSAG1,20
LINC01815,20
NAT2,20
OR11H6,20
GSTA1,20
LOC124904502,20
MIR5701-2,20
MIR5701-3,20
GIPC3,20
LOC105376196,20
AIRN,20
LOC124903369,20
UBE2E3-DT,20
GAS6-DT,20
SMLR1,20
CCL3-AS1,20
KRTAP9-1,20
PANK3,20
DIRAS2,20
LOC124903361,20
COIL,20
SLC9A9-AS1,20
E2F6,20
CEP250-AS1,20
C4BPA,20
LOC105373358,20
SAMD1,20
LOC124901324,20
NPHP3,20
FAIM,20
LOC440982,20
SLC44A1,20
OR5A2,20
SCAMP3,20
ALG2,20
LOC105370337,20
MRPL40,20
ITGB8-AS1,20
PHACTR2-AS1,20
FAM90A27P,20
RGPD4-DT,20
SPSB3,20
RANGRF,20
MED22,20
ZBTB11-AS1,20
LOC124904086,20
OR13C8,20
LOC124902884,20
CNPY2,20
CCR4,20
SPAG11B,20
NPHP3-AS1,20
C17orf78,20
LRRTM1,20
FANCB,20
ARHGDIB,20
HPDL,20
H1-10,20
LOC105375602,20
MYL6B,20
CLDN20,20
RNF103,20
LINC02387,20
PRKAA1,20
OR6N2,20
LINC01144,20
SIGLEC14,20
SLC29A2,20
LOC124900534,20
LOC105369612,20
ZBTB18,20
LOC124906103,20
SCGB3A2,20
LINC01152,20
TTTY6B,20
OTUD6B-AS1,20
CDH15,20
CYTIP,20
GLRX5,20
LOC124903147,20
EMC3-AS1,20
LOC124902431,20
ZNF546,20
TACR1,20
REEP3,20
MIR206,20
LOC107984498,20
LOC105377523,20
FAM117B,20
SNRPD3,20
LOC105379208,20
COL10A1,20
PON2,20
LOC112268432,20
ACP4,20
CNPPD1,20
LOC124904559,20
TAF3,20
LOC102724439,20
XKR8,20
SNIP1,20
LOC124904592,20
UGCG,20
NOP56,20
DEFB128,20
PPP1R35-AS1,20
DCP1A,20
LOC105371634,20
TENT5D,20
BORCS8-MEF2B,20
CBLN3,20
LINC01986,20
LINC01816,20
LOC124904158,20
RAVER2,20
ZNF497,20
LOC124904631,20
RNVU1-26,20
LOC124904634,20
TSPY8,20
TSC22D4-C7ORF61,20
LINC02983,20
LOC124904931,20
CHCHD7,20
MRPS12,20
LOC124904055,20
TRAM1,20
SMIM32,20
H3-3A-DT,20
LOC105379390,20
MAGI1-AS1,20
LOC124902063,20
LOC124900785,20
PTGES3L-AARSD1,20
LOC124902198,20
MIR4698,20
CNNM1,20
LOC124903958,20
MIR3150BHG,20
RGMB-AS1,20
LINC02810,20
LOC105371311,20
FABP1,20
COL25A1-DT,20
MIR6868,20
KLF2,20
ATP4B,20
TMEM236,20
MIR4524B,20
PDZRN3-AS1,20
SUGT1P3,20
NME2,20
HHEX,20
SYNM-AS1,20
LOC124901317,20
LOC124909381,20
COLGALT2,20
SGCB,20
UCHL1-DT,20
SH3RF3-AS1,20
C19orf85,20
ZNF382,20
SPA17,20
LOC105374996,20
LOC102724149,20
LOC105370171,20
LOC107984262,20
RNF185,20
PARD6B,20
LOC124900437,20
ZCCHC14-DT,20
ZHX2-AS1,20
OR51D1,20
ZNF660,20
LOC124906237,20
ASMT,20
LOC124900730,20
LOC124904510,20
PRR9,20
LOC124900718,20
LOC124903887,20
MT1X,20
LOC105369463,20
GOLGA6L7,20
CEP44,20
LOC107986116,20
CASP4LP,20
MIR1471,20
FST,20
PAPSS1,20
LOC107983974,20
MIR548AU,20
CD164,20
LOC124900478,20
ST6GAL2,20
COX20,20
LOC105376352,20
VPS36,20
PRSS40B,20
SMAD5-AS1,20
LOC107985788,20
CCDC13-AS2,20
RAB20,20
LOC124900533,20
UBASH3A,20
DCAF8-DT,20
LOC124902534,20
OR9Q1,20
LOC101927069,20
LOC105373570,20
ARL5B,20
MED11,20
LOC105370310,20
DSTN,20
MIS18A,20
LINC02374,20
LOC124903148,20
SHOX,20
LOC124900221,20
MS4A4A,20
LOC105369819,20
C8orf90,20
PERP,20
ELOVL7,20
LOC105376959,20
EEF1A2,20
GOLGA2P10,20
RCCD1-AS1,20
LOC107986906,20
LINC02386,20
LOC105369832,20
CD27,20
LOC105377720,20
FLVCR1-DT,20
LOC105373496,20
LOC112268130,20
LINC01686,20
PNPLA1,20
MMP3,20
LOC105370053,20
TAS1R1,20
LOC124905202,20
LOC124901018,20
ZSWIM3,20
LINC00667,20
ELOVL2-AS1,20
LOC440895,20
DIAPH1-AS1,20
MIR4289,20
DKK1,20
OCM,20
LOC105372179,20
MORN4,20
MIR8060,20
ZNF683,20
RPS29,20
ZNF784,20
HAO2,20
LOC105370290,20
RPL5,20
IQUB,20
SLC30A2,20
HORMAD2,20
SDHD,20
LONRF3,20
LOC105375765,20
LTA,20
GLIPR1L1,20
CHKB-DT,20
TMEM171,20
CYP2U1,20
PARP11,20
LOC105377885,20
LOC128966558,20
CD2AP-DT,20
LOC107985922,20
SPINK4,20
LOC105370218,20
GRIK1-AS1,20
LOC105369725,20
PCBP3-AS1,20
LINC02732,20
OR1I1,20
LOC124900755,20
LINC01931,20
LOC100132287,20
FARS2,20
LOC124903731,20
LOC101927840,20
DENND4A,20
SDK2-AS1,20
CCAT2,20
ACTL8,20
GEMIN7,20
NDUFB11,20
LOC105378959,20
OR1L1,20
CDCA8,20
CACNA1C-IT3,20
LOC124901881,20
TEKTL1,20
AKAP11,20
LOC102724719,20
CNTN3,20
DRC12,20
PAXBP1-AS1,20
LOC124904280,20
LOC107985085,20
LOC105370556,20
ARL3,20
HHLA1,20
MIR548A2,20
RNF4-DT,20
LOC105378497,20
LINC02889,20
GPR173,20
LOC100128002,20
LOC124909341,20
LOC105372703,20
LOC124909393,20
H3-3A,20
LOC102723678,20
LOC102723709,20
SMPD2,20
RND1,20
C4orf17,20
LOC105376236,20
CDC42SE1,20
LINC02360,20
RNF222,20
C8orf82,20
ANP32E,20
PRTFDC1,20
LOC124903294,20
MIR3150A,20
ANKRD65,20
LOC124901582,20
FHL2,20
MIR4504,20
ANKRD50,20
CIMIP2B,20
OST4,20
PDHX,20
MIR670HG,20
LOC105371438,20
LOC124902996,20
LOC101929307,20
TMEM190,20
HTRA1-AS1,20
LOC107986218,20
LOC124902216,20
LINC00604,20
SERPINA2,20
MIR619,20
LOC101927164,20
PCGEM1,20
VMA12,20
RNASEH2C,20
SWINGN,20
ZFAND2A-DT,20
LOC105376613,20
CISH,20
LOC105374837,20
DPH2,20
LOC105377483,20
OR4D2,20
RBFA,20
H2AC12,20
KLHL26,20
LOC105375762,20
TICAM2-AS1,20
LOC105376134,20
LOC124901150,20
PCED1A,20
SMAD9,20
SSX4,20
SSX4B,20
EIF1AD,20
LOC124905150,20
PGRMC1,20
NLRP8,20
GABRB1,20
UTP3,20
STXBP3,20
LOC105375943,20
ARHGAP31-AS1,20
FABP7,20
LNCOC1,20
LINC01879,20
LOC105372592,20
MIR3127,20
NDUFB8,20
MFSD11,20
LOC124905040,20
MIR3614,20
LOC105376394,20
UBR2,20
PPP1R27,20
MIR3529,20
MIR4264,20
GGT8P,20
LOC124900268,20
LINC02589,20
LOC124900548,20
ACTBL2,20
APOC2,20
SLC6A18,20
LOC124903568,20
HSD17B8,20
POT1-AS1,20
ZNF679,20
ZNF160,20
CCL25,20
FDPS,20
LOC105370887,20
IL1A,20
LOC101927882,20
MFHAS1,20
LOC124901082,20
LOC105372353,20
LOC124900303,20
EBF3-AS1,20
GTF3C4,20
ODR4,20
LOC127814295,20
LINC01511,20
LOC107986548,20
CCDC92,20
S100A3,20
CNR2,20
SNORA70B,20
GOLGA8CP,20
LOC105374063,20
LOC124900207,20
AASDHPPT,20
LHFPL4,20
MIXL1,20
SLC22A15,20
IL20RA,20
RPL8,20
ETV7,20
LINC02480,20
FOXI1,20
LOC105377778,20
GPR45,20
NCEH1,20
LINC00445,20
MIR6744,20
LOC284379,20
TAC3,20
CACNA1G-AS1,20
PDIA2,20
LOC105372621,20
BBS12,20
ADAMTS14,20
LOC105377565,20
SPRY1,20
GABPB1-IT1,20
ARL14EPL,20
SCD,20
FCN3,20
LSP1P5,20
INSIG1,20
LOC124904917,20
LOC400682,20
LOC105375051,20
MIR3617,20
NPIPB9,20
LOC122455340,20
LOC124902391,20
GSN-AS1,20
ISYNA1,20
SLC19A2,20
DNAJC2,20
GABRQ,20
PGBD5,20
BMS1P4,20
LOC105372401,20
DDX3Y,20
LOC124902312,20
LOC124903139,20
ITPKB,20
FCF1P2,20
OSTF1,20
LOC124900169,20
SLCO1C1,20
DUT-AS1,20
LINC02878,20
ANKRD45,20
OR7C1,20
BCAS4,20
WDTC1-DT,20
RFC3,20
DLD,20
LOC105369576,20
ZSCAN5B,20
LOC124904755,20
NLGN3,20
LOC105375301,20
OR12D2,20
MAPKAPK5-AS1,20
FAM186B,20
HNRNPA1,20
FAM171B,20
MIR6083,20
NRROS,20
DGCR6,20
LOC105375899,20
LRRC37A5P,20
GPR152,20
DPYD,20
LOC105377343,20
SYCP1,20
LOC105369687,20
LOC105373587,20
TNK1,20
PYCR3,20
LINC02840,20
LOC124903766,20
PNLDC1,20
LOC105369594,20
ATP5MC3,20
TCN2,20
FAM210B,20
LOC124904553,20
LOC105375147,20
LOC729870,20
LOC105369750,20
SERINC4,20
LOC112268209,20
HOXB-AS2,20
SULT1A4,20
SULT1A3,20
DENR,20
KIAA1671-AS1,20
LINC01973,20
SNHG12,20
MAP6-AS1,20
LOC105370328,20
NUAK2,20
DST-AS1,20
LINC00309,20
MIR138-1,20
LOC105376233,20
NDUFB2-AS1,20
OR2V1,20
CACTIN-AS1,20
NECAB1,20
OR2T27,20
PEX14,20
LOC124900472,20
UFSP1,20
SLC35A1,20
LOC101928446,20
HACD2,20
PRR32,20
MIR107,20
SLC5A12,20
LOC124900190,20
NOS2P3,20
LOC105377803,20
DAGLA,20
TAF11L6,20
MRPS18B,20
TTBK2,20
DIPK1C,20
DDX11L17,20
LOC105376558,20
AP3M1,20
ARPC5,20
OR10R2,20
ACRV1,20
LOC105374287,20
LOC124902652,20
LOC124903295,20
ORM2,20
HLX-AS1,20
LOC100289333,20
GARIN3,20
LOC102724334,20
LRFN3,20
H2BC12L,20
IRF7,20
LOC124901051,20
TPSB2,20
LOC105372698,20
ZNF180,20
LOC102723749,20
CEP97,20
WHAMMP4,20
LOC124900511,20
LINC02620,20
EHD4,20
CENPBD1P,20
IGFL2-AS1,20
C1QB,20
LOC154761,20
LHB,20
SCARNA15,20
ILDR2,20
ARL4D,20
LOC105370260,20
BTRC,20
CTSLP2,20
MIGA1,20
LOC124904420,20
LOC124901983,20
ZNF555,20
LOC124904260,20
LOC105369146,20
LOC105374426,20
LOC124905102,20
RBM42,20
HESX1,20
NRBF2,20
ALOX15P1,20
LOC124909342,20
LINC01521,20
DUXAP9,20
LOC105370185,20
LINC02805,20
TMEM239,20
DNAL1,20
TRMT6,20
TRAF6,20
LOC124905194,20
LINC02975,20
LOC124900311,20
XIRP2-AS1,20
LOC105372613,20
CAPZA1,20
TBC1D13,20
LRRC25,20
SOX21-AS1,20
RBBP4,20
MRGPRX4,20
HS6ST2,20
FAM174A,20
GATA2-AS1,20
MYCL-AS1,20
TXLNGY,20
IHO1,20
TMED6,20
LOC105370462,20
GPRIN2,20
TMEM51-AS1,20
TEX13A,20
LOC107986195,20
LOC124901444,20
CHPF,20
ALKBH4,20
LOC105371382,20
ARG2,20
LOC124903131,20
MIR200B,20
GPR153,20
LINC01586,20
MSRA,20
PPP4R1-AS1,20
LINC02567,20
LOC124902792,20
PAXX,20
AASDH,20
RAB36,20
PCBD1,20
LOC105374122,20
TBC1D3,20
RCAN2,20
CDK3,20
LOC105371296,20
PCDH9-AS1,20
LOC107986271,20
VENTX,20
LOC107986546,20
TMEM191B,20
TWF1,20
FBXO40,20
SESN2,20
FKBP6P1,20
CEP83-DT,20
LOC105379321,20
LOC101927510,20
LOC105370740,20
LOC105378697,20
RNASE11,20
LOC107985165,20
CTRC,20
MIR631,20
NXPH3,20
DPY19L2P4,20
SCP2D1,20
LOC124901425,20
HSFY1P1,20
REM2,20
LOC124902662,20
LOC105370846,20
LOC105371278,20
S100A7,20
TMEM269-DT,20
C8orf44,20
PNMA8B,20
C2orf78,20
LINC03158,20
MIR5692A2,20
LAMTOR3,20
LINC02209,20
ZNF586,20
URAD,20
LOC124909442,20
OR52E8,20
LOC105374002,20
LOC105374873,20
KLK7,20
SCT,20
RHOXF2B,20
RHOXF2,20
TMEM106C,20
SPECC1L,20
IRGQ,20
LOC105376044,20
LOC124900707,20
TPD52-MRPS28,20
VESTAR,20
LMX1A-AS1,20
OR7D4,20
CD44-AS1,20
LOC107987009,20
NWD2,20
LOC107986951,20
RNF168,20
LMNB1,20
DCP1B,20
MIR8079,20
LOC105376246,20
SNORD115-17,20
HIGD1C,20
MTUS2-AS1,20
THBS2-AS1,20
RPL19,20
LOC102724253,20
USH1G,20
CCDC134,20
LOC124909376,20
KIRREL3-AS1,20
PCDH12,20
NAXE,20
PPP1R2P2,20
FGF18,20
FAM53B,20
CT45A3,20
CT45A5,20
CT45A6,20
CT45A2,20
CT45A7,20
CT45A8,20
CT45A9,20
LINC02048,20
LINC02279,20
CELP,20
LOC105375707,20
LOC105378979,20
LINC02040,20
MIR6851,20
LINC01560,20
LOC124904575,20
KRTAP5-9,20
LOC105370993,20
ZNF280A,20
LOC124904733,20
LOC107985882,20
LINC00200,20
NEFH,20
LOC107986343,20
LOC105378520,20
ASB9P1,20
LINC01153,20
LOC731157,20
POGLUT3,20
RMRP,20
RNF152,20
FKBP6,20
LINC03071,20
ADAM7,20
LOC124904541,20
LINC00433,20
RBX1,20
MIR4740,20
ST6GALNAC5,20
LAMTOR5,20
LOC105373029,20
PLA2G4A,20
SCGB3A1,20
MGARP,20
LINC02169,20
SPRR5,20
LINC00612,20
LOC124901665,20
TESK2,20
GAR1,20
SCREEM1,20
MIR568,20
TMF1,20
BMI1,20
CDRT15L2,20
LOC112268077,20
PRR29,20
DNAI7,20
ZNF526,20
RCL1,20
LRRC14B,20
TMEM221,20
LOC105371508,20
FAM168A,20
P2RX2,20
LINGO4,20
LOC105378593,20
LOC101927345,20
TMSB4X,20
CYP51A1-AS1,20
BCL2A1,20
SHISA2,20
TYW2,20
LINC02862,20
DUXA,20
LOC124901498,20
MINPP1,20
SNRK-AS1,20
LOC105372804,20
LINC00892,20
BMS1,20
LINC02168,20
NXT2,20
LOC102723553,20
KLHL7-DT,20
PRAMEF27,20
LOC124902416,20
CCER1,20
TMPRSS11B,20
MIR3658,20
MIR6735,20
ZNF385D-AS2,20
LOC105370236,20
ZRANB2-AS1,20
TANK-AS1,20
LOC124903658,20
RFLNB,20
C1QTNF9B,20
LOC105373836,20
APOL5,20
PRPF38B,20
BAAT,20
LINC01082,20
IL4,20
FAM98B,20
LOC728158,20
GPC6-AS1,20
SHE,20
LOC105379059,20
MIR3202-2,20
ZNF492,20
LOC124907908,20
CTBP1-DT,20
FLJ45513,20
ZNF705EP,20
MIR7515,20
LOC107986142,20
PDCD6-AHRR,20
LINC00355,20
TMEM192,20
MIR1539,20
LOC124901084,20
JTB,20
EMC4,20
CYP4A22-AS1,20
LIMS4,20
GATA5,20
ZNF814,20
SV2A,20
LOC124904754,20
HEXIM1,20
LOC105369625,20
GS1-600G8.3,20
LOC124904537,20
MIR500A,20
HYCC1,20
LOC124902419,20
TSHZ3-AS1,20
PRR5-ARHGAP8,20
NGRN,20
CTRL,20
LCE1F,20
LOC105371601,20
APAF1,20
ATRAID,20
PTGR2,20
LOC107985364,20
LOC124901288,20
LINC03159,20
GPR78,20
PRSS43P,20
LINC02717,20
LOC124902746,20
RUFY1-AS1,20
NEUROG1,20
LOC105373604,20
C16orf74,20
LOC105373610,20
TNF,20
TUBB1,20
PTP4A1,20
LOC124906302,20
LRRC31,20
DCTN6,20
STC2,20
LINC00208,20
ZNF280B,20
GPR87,20
LOC124901272,20
FOLH1B,20
DERPC,20
BLACE,20
LOC124900700,20
FBXO4,20
LOC105377423,20
LOC124906115,20
LOC105379448,20
LOC107985656,20
SENP8,20
SDHAF2,20
ZNF836,20
WDR73,20
OR52K1,20
LINC02724,20
LOC124901759,20
ZNF283,20
LINC01647,20
MIF4GD-DT,20
EPOR,20
LOC105371730,20
CBX2,20
LINC01633,20
PIGS,20
LINC01678,20
YARS2,20
RPS17,20
MRAP2,20
CT66,20
ASB16,20
TIMM10,20
LOC105375888,20
LINC02044,20
SLC25A41,20
CCL26,20
ZNF440,20
FAM224A,20
ZBTB37,20
MIR3918,20
MIR6775,20
SMIM41,20
RORA-AS2,20
LOC105370452,20
LOC105375747,20
RNU5B-1,20
LINC00348,20
MIR3118-1,20
MIR3118-2,20
MIR3118-4,20
LOC105371710,20
LOC105370987,20
FN3K,20
RNVU1-6,20
OR13D1,20
RNVU1-28,20
LOC730183,20
MIR129-1,20
IRS4-AS1,20
LOC105370918,20
NAA20,20
LOC105369468,20
EML2-AS1,20
NUDT12,20
PALM2AKAP2-AS1,20
MIR6846,20
B3GNT4,20
LOC105373031,20
SLC35E2B,20
C5orf58,20
ACADS,20
CCDC60,20
CYP11B1,20
MIR6749,20
DSTYK,20
LOC105373408,19
OR2A12,19
LOC124901430,19
LOC105377280,19
PRDX6,19
MIR9-2,19
LINC02294,19
SNORD60,19
ZFP91-CNTF,19
LINC02084,19
FCER1A,19
KRTAP6-3,19
KLHL14,19
MIR3120,19
DNAAF9,19
LOC105374678,19
SNORD115-24,19
LOC124904712,19
LOC105379091,19
ENOX1-AS2,19
LOC105376960,19
GPRASP3,19
LOC105375831,19
SRP14-DT,19
LOC105377995,19
OR2T11,19
ZFAND3-DT,19
LOC105378061,19
CFAP44-AS1,19
LOC124900664,19
MIR4296,19
MIR1178,19
LOC124901052,19
MALINC1,19
SULT1E1,19
ADAM18,19
ATP5F1E,19
LOC105375103,19
LOC124907734,19
AHI1-DT,19
LOC105376239,19
HP,19
MRPL51,19
GRK3,19
BHLHE41,19
LOC105371153,19
LOC105376084,19
LOC124909464,19
LOC107984727,19
ZNF559,19
LOC105377409,19
KRT7-AS,19
LINC01553,19
LOC105371989,19
LOC124905080,19
LOC124906378,19
FCN1,19
MIR944,19
RAD9B,19
LINC02237,19
LOC107984578,19
LOC101929109,19
RAB3C,19
DDI1,19
MIR6774,19
AMTN,19
FAM90A1,19
B4GALT5,19
IFNA4,19
HIPK4,19
ANG,19
LINC00520,19
LOC124909391,19
LINC01818,19
LOC112267957,19
BAK1,19
SCNM1,19
HES1,19
LINC02403,19
PTH2,19
RASSF9,19
TPPP3,19
GK2,19
ECE1-AS1,19
MIR4305,19
LOC105376695,19
MIR1255B1,19
LOC124900363,19
LOC105372076,19
NEURL2,19
LOC105377971,19
LOC105378234,19
GPALPP1,19
ZBTB5,19
LINC00702,19
CILK1,19
SGCG,19
OSMR-DT,19
LINC01039,19
LOC105370564,19
LINC00431,19
LOC101928269,19
CDC37L1-DT,19
PPY,19
LOC105377581,19
LOC101928850,19
GAU1,19
NEXMIF,19
LOC105374904,19
MIR598,19
SLC9A8,19
TCEAL2,19
LOC100505782,19
KRTAP19-5,19
LOC124903492,19
SHISAL2B,19
LOC107986626,19
LOC124902952,19
PPFIA2-AS1,19
LRRC73,19
MS4A14,19
KXD1,19
LOC107986950,19
ZNF8-DT,19
LOC105377848,19
MIR4678,19
MIR5583-1,19
BICRAL,19
H2AC6,19
KCNT2,19
MGC27382,19
LOC102724553,19
TBX15,19
TMEM256-PLSCR3,19
LOC105376832,19
LOC105377753,19
SAMSN1-AS1,19
LOC105373153,19
SIPA1L1-AS1,19
SMIM26,19
ZFX,19
LOC124903669,19
CTXN3,19
AFM,19
LOC105377178,19
PIGP,19
ANP32D,19
CEND1,19
HDAC9-AS1,19
DMP1,19
IPO11-LRRC70,19
LOC124902964,19
PCDHGB3,19
PLA2G4C-AS1,19
TIMM21,19
LOC124901351,19
NHLRC1,19
LOC124900334,19
MIR342,19
LOC105376106,19
KDM4F,19
LOC105370274,19
LOC124900726,19
LOC124900179,19
FAM197Y6,19
FAM197Y5,19
FAM197Y4,19
FAM197Y3,19
PLA2G2E,19
ZNF691-DT,19
FGF13-AS1,19
LOC101927556,19
LOC107986847,19
FAM177B,19
LOC105375022,19
MIR552,19
LOC105369515,19
LINC02423,19
LINC01232,19
MIR6820,19
LOC124901282,19
STX18-IT1,19
CATED,19
LOC105376644,19
LOC105374721,19
LOC105370855,19
LOC105373828,19
ZYG11B,19
OR4F15,19
LHX5,19
LINC02598,19
LINC02637,19
LOC102724603,19
LOC107986573,19
CD83,19
LOC124902573,19
FAM98C,19
H3Y1,19
LOC124904036,19
OR2T33,19
CFAP53,19
LOC105370438,19
RPL13AP17,19
LINC01852,19
LOC124902242,19
LACTB2,19
HCRT,19
LOC105379155,19
LOC105375639,19
ADGRE4P,19
LOC107984272,19
DCTD,19
LOC107987026,19
LOC124901805,19
LOC105378747,19
NDN,19
TMEM252-DT,19
PYDC1,19
LOC105377469,19
LOC101927377,19
MIR4422,19
CCNB2,19
CDC20-DT,19
LOC105373527,19
LINC02833,19
LOC105370058,19
ARV1,19
SRRM5,19
LOC105374597,19
RNF126P1,19
LINC01445,19
MIR4704,19
OR2F2,19
LOC105372505,19
ADAMTS7P1,19
LOC105371458,19
GNG3,19
RBP4,19
TUBAL3,19
LCE2A,19
LINC01108,19
PPP1R26,19
SRGAP3-AS2,19
FGA,19
SSBP1,19
HS3ST2,19
CFAP100-DT,19
VPS53-AS1,19
FAM151A,19
LOC105371328,19
LOC105376772,19
LINC03026,19
ALPK3,19
LOC730338,19
OR52L1,19
LOC124901919,19
OIT3,19
CFAP144P2,19
LINC02825,19
RAD17,19
BMP8B,19
ERP27,19
MRPL48,19
LOC124902123,19
FAM240A,19
LINC02873,19
LOC107985809,19
KDM4E,19
MIR7162,19
ZNF8,19
F5,19
LOC93463,19
KMT2CP5,19
MYO16-AS1,19
HBG2,19
LOC105371705,19
AFAP1-AS2,19
LOC124903578,19
FAM120C,19
LOC124903009,19
LOC105377173,19
TMEM74B,19
LOC284933,19
DYRK3-AS1,19
KLF14,19
MIR4646,19
TCEAL3,19
LEAP2,19
OSTCP1,19
KCNC3,19
PPP1R12A-AS2,19
LOC101929750,19
DHX33-DT,19
ABCC6P2,19
LINC02379,19
WBP4,19
VTI1B,19
LOC105375418,19
IFNG-AS1,19
SLC15A1,19
FAM3C,19
LSINCT5,19
LINC02429,19
LDLR-AS1,19
MIR3131,19
LINC02868,19
PLCE1-AS1,19
LOC105372404,19
LOC105377666,19
CFAP161,19
LOC105372166,19
SCGN,19
LOC124903683,19
OR5AK4P,19
CCDC92B,19
LOC124902953,19
SLC30A6,19
NEK4,19
LOC124900674,19
SLC17A5,19
LOC102724591,19
LURAP1,19
GFPT1,19
DCX,19
AS3MT,19
LOC105371268,19
OR10K2,19
LOC107985635,19
ZNF786,19
MIR6165,19
LINC01538,19
LOC105379109,19
LOC105370222,19
LINC02852,19
TXNDC2,19
LOC124907743,19
LOC107986735,19
LOC127903862,19
SPRYD4,19
COA8,19
LOC105378933,19
MIR3163,19
LOC107986631,19
NUP43,19
LOC100289495,19
C1D,19
LOC107986053,19
IRF2-DT,19
LOC102723338,19
GPR151,19
PLAGL2,19
ASB14,19
HNRNPUL2,19
DUSP1,19
LOC105376975,19
LINC00621,19
LOC105375767,19
ELF1,19
PCDHA2,19
MIR4736,19
MEOX2,19
SLC16A1-AS1,19
LOC105373512,19
RPL10L,19
LOC105376395,19
LINC01416,19
LOC105374038,19
XCL2,19
FLJ13224,19
RALGAPA1P1,19
LOC105369616,19
ZNF35,19
LOC124902887,19
ZNF600,19
LOC124903503,19
AP4B1-AS1,19
LOC124904539,19
LOC124903819,19
CDKL2,19
WDR35-DT,19
MIR590,19
PBX1-AS1,19
TRIT1,19
EPYC,19
CDH4-AS2,19
TAS2R19,19
MIR511,19
ING2-DT,19
LOC613206,19
HOXB2,19
LOC124902174,19
LOC124900245,19
UBE2E1-AS1,19
RWDD3-DT,19
CXXC4,19
LOC124900339,19
LOC107985579,19
DPH6,19
LOC124901969,19
LOC124903379,19
LOC105375701,19
LINC01848,19
LOC107985943,19
SUSD6,19
LOC105372937,19
C2orf69,19
SNORD116-2,19
UGT2B4,19
LOC105371457,19
LINC02628,19
SPINT4,19
LOC105372210,19
SAE1P1,19
PRAMEF25,19
PRAMEF26,19
BET1-AS1,19
LOC105373501,19
CBLL1,19
LRBA-AS1,19
RNF114,19
LOC105374852,19
LOC105372988,19
RBM3,19
COA4,19
LOC107984543,19
NARF-AS2,19
PHPT1,19
OR4M2-OT1,19
RTP1,19
DNAAF2,19
FAM86DP,19
SIX5,19
CSTF1,19
MIR7974,19
SLC9A4,19
TMX4,19
B2M,19
NPC2,19
ADCY6-DT,19
POTEKP,19
FAM242D,19
LRRN4,19
LOC105369896,19
SMARCAL1-AS1,19
LOC124909374,19
MSMB,19
LINC03092,19
LOC105370656,19
MSMO1,19
LOC124909475,19
DCTN5,19
TEX14BP,19
LOC401357,19
LOC105376437,19
LOC101928957,19
MIR203B,19
HS3ST3A1,19
NPY2R-AS1,19
LOC729218,19
LOC105378480,19
CLRN3,19
OCM2,19
LOC124900418,19
SUGT1,19
COA3,19
KCNH8,19
ABHD15,19
NKX1-1,19
REPS2,19
FGF10,19
MIR3681,19
LDAH,19
MIR4659B,19
TOMM22,19
LOC401021,19
POU4F1,19
GK3,19
LOC124903955,19
MSANTD4,19
MIR5191,19
BMP8B-AS1,19
CT45A1,19
EEF2K,19
LOC100289561,19
ENDOD1,19
GPR42,19
LOC124900881,19
MED23,19
LRRC10,19
CCDC146-AS1,19
LOC124903468,19
OPN1MW3,19
LOC105371881,19
RPN2,19
LOC124902126,19
MIR6888,19
RPS24,19
RPS9,19
MIR4663,19
DLGAP2-AS1,19
LOC105370892,19
ZDHHC4,19
MIR5692A1,19
LOC105375082,19
LOC105370034,19
LOC101928743,19
MEX3C,19
LINC01710,19
SNX3,19
LOC105378144,19
LOC124905974,19
DEFB105B,19
ZNF506,19
LOC107984840,19
LOC101928688,19
MIR4478,19
RNU6-8,19
LOC101927486,19
PANK1,19
LINC01101,19
LOC101926948,19
LOC105371470,19
AP1S2,19
CAMTA1-AS1,19
AMY1A,19
FAM247B,19
FAM247C,19
FAM247A,19
LINC00412,19
KRTAP5-10,19
SLC35D3,19
PARP8,19
LOC107985382,19
LINC02203,19
FBP1,19
LOC124904027,19
LOC105374234,19
PMS2P9,19
DLGAP1-AS5,19
LOC107985584,19
SPAG11A,19
FBXO43,19
EFCAB3P1,19
GPRIN1,19
POLR3F,19
LOC124902971,19
ST8SIA4,19
LOC105377488,19
LINC00485,19
NDUFAF4,19
HTT-AS,19
FAM13B-AS1,19
BCORP1,19
SULT2A1,19
GATA6-AS1,19
PNN,19
OMA1,19
LOC124904056,19
LOC124904108,19
LOC124904706,19
LOC107987353,19
MLF1,19
LOC107984299,19
LOC100996660,19
LOC124902824,19
LINC01118,19
LOC124902333,19
BROX,19
TAF11L2,19
SNORD77B,19
LOC107985462,19
LOC100240728,19
RAC3,19
SLC18A3,19
LOC107985529,19
LOC124905592,19
BAMBI,19
MIR6510,19
LINC01290,19
LOC101929373,19
NUP93-DT,19
PRKRIP1,19
ZNF516-AS1,19
LINC02222,19
DYNLL1,19
RBM33-DT,19
LOC124902272,19
LOC124900823,19
KCNV1,19
DLGAP5,19
TMEM119,19
OPA3,19
FAM72A,19
ZNF229,19
SP1,19
PITHD1,19
FAM47E-STBD1,19
DDIT4L,19
LOC124904507,19
PRR33,19
HLA-DQA1,19
SDR16C5,19
PDCD2,19
PKHD1,19
LOC105379031,19
TOR1B,19
SNORA70I,19
LOC105377436,19
LOC105373545,19
HAUS6,19
OR12D3,19
RAMAC,19
FHIP2A,19
GALNT18-AS1,19
MGME1,19
ARAP1-AS2,19
ANKRD44-AS1,19
MIR4495,19
LINC01904,19
LOC105370500,19
LOC105375341,19
TFB2M,19
MAB21L1,19
LOC105373980,19
LOC101928563,19
CCDC174,19
LOC105372135,19
LOC124904643,19
SMIM3,19
GPBAR1,19
BCAS3-AS1,19
LOC105371606,19
RHOB,19
DEFB118,19
LOC124902000,19
IPO9-AS1,19
LY6G6C,19
LINC02377,19
ATF4,19
LOC124901601,19
VSIG10L-AS1,19
UBE2MP1,19
HSPA12A-AS1,19
CLEC11A,19
STAT4-AS1,19
BDNF-AS,19
LOC124903380,19
LINC02350,19
LOC100132249,19
POLR2M,19
SELE,19
MIR4648,19
NFIA-AS1,19
LOC124903403,19
LOC101928682,19
KRTAP10-8,19
PRSS53,19
LRP2BP,19
POTEF-AS1,19
COL4A6,19
MIR3155B,19
C19orf84,19
LOC124907882,19
SFTPA1,19
LOC107984903,19
TMEM231,19
PLIN4,19
LINC00442,19
TAAR5,19
ASMTL,19
TEX48,19
LOC112577592,19
KRTAP10-12,19
TNKS2-DT,19
RPS14P3,19
KCTD16,19
LOC105372202,19
TUSC8,19
LOC105375112,19
PATJ-DT,19
ZNF605,19
PYCR2,19
LINC02090,19
LOC105372586,19
AWAT2,19
LOC105372213,19
LINC01346,19
LOC101929452,19
DAW1,19
SERTAD1,19
RORB,19
SCRT2,19
ENTPD3,19
HIGD2B,19
LOC105378536,19
MINCR,19
ZNF614,19
LOC105370080,19
LOC101929142,19
LINC01773,19
LOC101927902,19
LOC107985443,19
MTCL3,19
SVEP1,19
LOC731075,19
LINC03035,19
LOC254896,19
LOC124902725,19
FIGNL2,19
VGLL2,19
LINC02847,19
CLEC1A,19
LOC107984819,19
BTLA,19
ACOD1,19
MIR4748,19
CBY3,19
EPCIP-AS1,19
SDHAP4,19
ECI2-DT,19
CZIB-DT,19
LINC01802,19
ORC1,19
LOC124904294,19
LOC124903037,19
LOC105371974,19
DND1,19
MARCHF10-DT,19
GLIS3-AS2,19
LOC124904596,19
IRX2-DT,19
MIR99B,19
MED1,19
TPBGL,19
CCDC185,19
ICAM4-AS1,19
LOC124903998,19
NR4A1AS,19
PMF1-BGLAP,19
DCTPP1,19
LOC105378313,19
HOXC5,19
ADAD1,19
CCDC137,19
LINC00692,19
EXD2,19
FAM201B,19
CD68,19
MIR199A1,19
SCGB1C2,19
CDRT7,19
LOC107986925,19
LOC124907890,19
LOC101928266,19
POTEM,19
LOC124902521,19
ERG28,19
RNF187,19
HOXA7,19
SEPTIN1,19
CHMP1B,19
BMAL2-AS1,19
MIR4304,19
ZNF470,19
LINC00958,19
TMEM102,19
LOC105371392,19
MIR4686,19
SRP9,19
LOC105371756,19
CCDC89,19
GARIN5A,19
EPHA5,19
PTGFRN,19
ZNF652,19
POLR3K,19
USP16,19
RPL13AP3,19
KCNJ9,19
LINC01641,19
LSM11,19
SNORD116-20,19
CSPG4P1Y,19
MORC2-AS1,19
LOC105370923,19
AP5B1,19
GIPC2,19
KCNJ18,19
LOC283028,19
C16orf92,19
LINC01617,19
LOC105378473,19
IKBKE-AS1,19
PRG3,19
MIR378I,19
MIR892C,19
CDKN3,19
LOC105377397,19
SCAF8,19
TAS2R4,19
PRRT4,19
MIR6853,19
LOC107984399,19
MIR6721,19
URB1-AS1,19
ACSM6,19
WWOX-AS1,19
LOC101928048,19
RAB3A,19
TAF11L5,19
LOC124904330,19
MS4A4E,19
LOC124901297,19
LINC02907,19
LOC124902375,19
LOC107985055,19
FAM32A,19
LOC105371856,19
PTCRA,19
SUMF2,19
MAT2A,19
GRHL2-DT,19
LOC105373334,19
LOC124903660,19
LOC105372548,19
POLR2C,19
SPMAP1,19
IL1RL1,19
TDH-AS1,19
GPR156,19
ID1,19
P2RX4,19
NEFL,19
RNF103-CHMP3,19
SYBU-AS1,19
LINC02012,19
PSG8-AS1,19
LOC105378367,19
DDX11L10,19
DDX11L1,19
DDX11L5,19
DDX11L16,19
DDX11L9,19
MIF-AS1,19
ZNF853,19
ZFP14,19
SEPHS1,19
LOC107986232,19
CYBB,19
LOC124903869,19
TALAM1,19
LOC124905123,19
C4orf36,19
GNPTG,19
HTR6,19
SLC10A4,19
OR6J1,19
LOC105371301,19
ZFP36L2,19
AMIGO1,19
ZNF749,19
MIR5196,19
RDH16,19
LOC124903133,19
MIR548O,19
C11orf42,19
LINC01820,19
LOC124904762,19
LOC107986355,19
MIR3183,19
LOC124901605,19
C11orf16,19
ZNF708,19
MIR5190,19
MIR200CHG,19
LOC105377134,19
LOC107986087,19
OR7A17,19
MIR4311,19
LOC105378231,19
CD3G,19
LOC102724817,19
MIR4301,19
LOC124903844,19
LOC105375527,19
KLRG2,19
GPR25,19
MAP10,19
PPP1R3B,19
SNORA108,19
SPACA1,19
NACC1,19
LOC105379518,19
LINC01651,19
FAM209A,19
SI,19
KCNC2,19
SLURP2,19
LOC105374662,19
HELB,19
CTTNBP2NL,19
LOC105372187,19
DNAL4,19
MAST4-AS1,19
CDR2L,19
CCR5,19
SCGB2A2,19
SP4,19
CD2BP2,19
LINC01839,19
FRG1DP,19
LOC124909371,19
MED27,19
LOC107986315,19
LINC00322,19
LOC102724008,19
EGFLAM-AS5,19
MIR1324,19
LOC284898,19
LOC124901929,19
RSL24D1,19
LINC02159,19
BANF1,19
HNRNPD,19
RBM15B,19
LOC105374516,19
LOC124909473,19
LOC101927166,19
LOC124904501,19
C2CD5-AS1,19
STK17A,19
LOC124900532,19
SIRT4,19
HAPSTR2,19
MAPK7,19
KRT37,19
LINC01114,19
CDK5R1,19
LILRP2,19
OVOL3,19
RAI14-DT,19
LOC119746555,19
LOC100129434,19
FKBP6P2,19
NLRP2B,19
RBM14-RBM4,19
ZIC2,19
ETDB,19
NIF3L1,19
LINC02811,19
SRGN,19
RNF115,19
LOC105369310,19
LOC124904175,19
ABCG2,19
SLAMF6,19
LOC124903646,19
LTK,19
PCNX4,19
LOC105374937,19
CHEK1,19
LOC116435278,19
LOC105372221,19
PRDM12,19
MIR4534,19
SPACA9,19
ZNF485,19
LINC02506,19
GIMAP1-GIMAP5,19
TP53I3,19
ACHE,19
LOC107984621,19
P4HA3-AS1,19
AADACL3,19
LOC105374669,19
ZBTB10,19
LOC105371604,19
CLC,19
LOC124904581,19
GPR142,19
LOC124905967,19
TBC1D3L,19
TBC1D3C,19
TEX36,19
MCHR2-AS1,19
OR3A1,19
SCAF4,19
PEX3,19
LOC124902428,19
LOC105373131,19
SMR3B,19
TIPARP-AS1,19
RAB28-DT,19
LOC124900833,19
LOC107984374,19
LOC124904916,19
CST7,19
CBLN4,19
IFIT2,19
DDX24,19
PLA2G12B,19
SLC35F6,19
ADRA2C,19
LOC107984701,19
H2BC15,19
PHC2-AS1,19
MIR455,19
MIR587,19
TAS2R39,19
DEFB134,19
CNIH3-AS2,19
TGDS,19
LOC105375983,19
OR7E37P,19
FAM237A,19
LOC105370532,19
POU5F2,19
LINC02033,19
PP2D1,19
CPT2,19
MIR424,19
LOC124902786,19
ADRB2,19
LINC02250,19
MSX2,19
ASF1B,19
SP8,19
LOC124900396,19
AGO3,19
LOC105371933,19
LOC124904250,19
USP12-DT,19
MAGEA3,19
MAGEA6,19
DNMBP-AS1,19
OR5L1,19
LOC124902026,19
OR2T4,19
LIM2-AS1,19
S100P,19
MIR4315-2,19
PWWP2A,19
BAALC-AS2,19
MIR548XHG,19
PPM1F-AS1,19
H2BC17,19
AACSP1,19
OR51E1,19
NF2,19
LOC105377501,19
LINC01100,19
GSC2,19
LOC124903213,19
PSME2,19
CA14P1,19
PTPN14,19
LOC105372270,19
LOC105374789,19
LINC03088,19
RTP4,19
LINC00906,19
LOC105371175,19
LOC124903150,19
GPR150,19
LOC124904670,19
LINC02999,19
DNM1P41,19
PPDPF,19
LOC124901960,19
MIR3612,19
LOC105376872,19
LOC642696,19
FAM25EP,19
RD3,19
LOC646548,19
NGB,19
STK4-DT,19
OVCH1-AS1,19
RMI2,19
CRKL,19
LOC124904636,19
SPAG16-DT,19
SCAND2P,19
LOC105376942,19
SNORA50B,19
PHLDA1-AS1,19
PBXIP1,19
MED7,19
LOC124903905,19
LOC112267992,19
CYSLTR1,19
MIR1295A,19
NDUFB9,19
LOC105378512,19
LOC105374590,19
ERLIN1,19
ARSD-AS1,19
LILRA4,19
LOC124900219,19
SMIM13,19
STYK1,19
LOC102723704,19
MIR6077,19
MAGEA9,19
MIR378B,19
LINC02459,19
EIF5A2,19
LOC105375883,19
CXCL9,19
ARL8B,19
MORN3,19
FAM230G,19
LINC02215,19
FUCA2,19
LOC105370118,19
LOC105376018,19
SNORA70E,19
SNORA70C,19
LOC124907732,19
LOC124904503,19
CRLF2,19
CHST7,19
RNU1-3,19
RNU1-4,19
H2BC1,19
ACYP1,19
LINC00974,19
LOC124901933,19
CPN2,19
LOC124900638,19
LINC02780,19
MIR1827,19
NTM-IT,19
PRICKLE2-AS1,19
CDC42EP5,19
DDN,19
CHST2,19
MIR451B,19
MMP16,19
LOC124903822,19
LOC105372523,19
TP53INP1,19
OR11H4,19
TMEM81,19
MIR3124,19
MPC2,19
LOC124902410,19
ZNF493,19
LOC124902932,19
LOC101928053,19
LOC105372971,19
LOC105370124,19
LOC124901757,19
MIR548Y,19
UGT1A4,19
MIR3152,19
SPACDR,19
ALDH16A1,19
MIR4511,19
KCNV2,19
MRPS7,19
NAT16,19
EZR,19
LOC105373206,19
LOC105369914,19
SCGB1D1,19
FAM171A2,19
SRP14,19
SPRR1A,19
FAM185A,19
CAMK2N2,19
LOC124900804,19
DYDC1,19
LOC105377284,19
TMEM132C,19
DEFT1P,19
IQCJ-SCHIP1,19
LOC105378810,19
LOC124902483,19
LOC124902552,19
LOC105378493,19
LOC124901147,19
LOC124904212,19
ATG101,19
TIGD5,19
VWA2,19
CDV3,19
LOC105374142,19
S1PR1,19
PHKG2,19
LOC107985406,19
C4orf33,19
LOC124901432,19
ZNF718,19
STOM,19
FGF12-AS2,19
NMRK1,19
RTN3,19
MIR3118-3,19
LOC124905253,19
WDHD1,19
PGLYRP4,19
ULBP2,19
MRNIP-DT,19
LOC105371808,19
MIR5186,19
PNMA8A,19
GSKIP,19
LINC02630,19
MIR4515,19
FAM83D,19
OR8J3,19
TMEM69,19
FOXN2,19
LOC105376397,19
PPP1R3E,19
FAM30C,19
SLC30A7,19
LOC124904273,19
LMF1-AS1,19
DEFB109A,19
UCKL1-AS1,19
ZNF571-AS1,19
LINC01301,19
LINC03074,18
RPL38,18
PABPC5,18
LOC105377181,18
LOC107984527,18
LINC00410,18
UBE2E2-DT,18
LOC100131107,18
KRTAP19-8,18
CRH,18
LINC01221,18
LOC124900403,18
LOC124903456,18
OR7E156P,18
LOC107984589,18
SLC26A4-AS1,18
MIR4666B,18
MIR509-1,18
SLX4IP,18
OR5D18,18
LOC729815,18
LOC105371309,18
ZNF629,18
FEZF2,18
MALT1-AS1,18
FAM83E,18
LOC107987014,18
ZNF281,18
LUADT1,18
LOC105373757,18
LOC124900800,18
LOC105372098,18
SAXO2,18
HCG21,18
CNOT7,18
SRSF3P2,18
CXCR2,18
THRIL,18
LOC101927434,18
SNORD115-11,18
LOC105379453,18
LOC102723321,18
MIR1269B,18
MIR302CHG,18
LOC105370349,18
KCTD20,18
RARRES2,18
RPS4Y1,18
MIR1273H,18
CFAP418,18
LOC105377950,18
PCAT7,18
TMEM11-DT,18
FDPSP2,18
SYAP1,18
LOC124904934,18
LINC02038,18
LINC02479,18
SCARNA20,18
TSSK1B,18
HBB,18
LOC124909420,18
LOC124901296,18
OR10C1,18
NBPF12,18
TRIM71,18
C5orf63,18
HOXA5,18
LOC124905044,18
PSMA8,18
LOC105370594,18
LINC02547,18
C11orf71,18
LOC124901100,18
LOC105378864,18
POP1,18
LOC105378685,18
LOC102724145,18
LOC107985500,18
LOC105376158,18
CCL1,18
DCUN1D5,18
RXYLT1-AS1,18
H4C9,18
MTERF2,18
MDFIC2,18
ANKS4B,18
KCNMA1-AS2,18
SLC9C2,18
CLCA4,18
LOC105370557,18
SPATA6L,18
TMEM14B-DT,18
LOC102724379,18
MAP1LC3C,18
LOC105377205,18
CEP15,18
KLHL41,18
LINC00395,18
FLVCR2-AS1,18
LOC101928692,18
RBP2,18
FOCAD-AS1,18
MIR6750,18
GFRA4,18
LOC124907981,18
NECAP2,18
LOC107984466,18
TUBA1B,18
LOC124902047,18
KRTAP5-5,18
LOC102723635,18
OR14A2,18
LOC101927293,18
CAMK1D,18
LOC124900473,18
LINC00276,18
LOC105379301,18
LOC124903728,18
MIR4280,18
LOC105375075,18
PRAG1,18
LINC02912,18
LRRC3-DT,18
LOC124904163,18
TMEM106A,18
LOC105374101,18
IQCC,18
TTC3-AS1,18
VMA22,18
LOC102723966,18
LOC107986320,18
ZBTB41,18
LOC124903279,18
SLC7A2,18
LOC112268247,18
MIR3158-1,18
VPS39-DT,18
FER1L6-AS1,18
CD300H,18
LINC02287,18
MPHOSPH6,18
UPK3A,18
LOC105378104,18
PPP1R14C,18
LINC03073,18
QPRT,18
ZBTB12,18
LOC105379235,18
APLNR,18
ZNF519,18
NSUN5,18
ZNF860,18
PLCL2-AS1,18
ENHO,18
LINC02647,18
USH2A-AS1,18
LOC124900713,18
LOC101929805,18
DRD1,18
AKAIN1,18
LOC105378819,18
LOC124900868,18
LOC124901959,18
ANAPC13,18
KRT23,18
LINC01176,18
MIR1285-2,18
LOC101928868,18
SNRNP48,18
TNFSF18,18
CENPB,18
NDUFB7,18
LOC124904472,18
LOC101927975,18
ZNF510,18
PIMREG,18
TLR8,18
LINC02260,18
TMSB15A,18
MIR1976,18
DUSP21,18
LOC124905250,18
LOC107986299,18
USP32P3,18
PPP2CA-DT,18
LOC124904717,18
LINC02633,18
CENPQ,18
LOC107986770,18
GAGE12J,18
GAGE13,18
GAGE12B,18
GAGE12C,18
GAGE12D,18
GAGE12F,18
GAGE12G,18
GAGE12H,18
GAGE2A,18
GAGE1,18
HOXC13-AS,18
LOC107985929,18
ADPRH,18
CCAT1,18
LINC02701,18
LINC02720,18
MIR550B1,18
ZNF333,18
KCTD7,18
ATXN2-AS,18
LOC105374510,18
LOC105370928,18
MIR3975,18
ZNF300,18
LOC124904306,18
MAP9,18
FXYD7,18
AGBL4-AS1,18
FAM131B,18
LOC105373177,18
MIR378H,18
TOR1AIP2,18
LINC02654,18
LINC02025,18
LOC105377714,18
LOC124901948,18
ZNF852,18
LOC124900887,18
REXO4,18
LOC105374247,18
LOC124904873,18
LOC105372018,18
GJD4,18
LOC124906285,18
LOC105378557,18
OR2H1,18
ZNF22,18
LINC00302,18
LOC105375358,18
FMR1-AS1,18
TMEM225B,18
LNCR-SMAL,18
OR52B4,18
LOC124903341,18
PTMAP11,18
LOC112268462,18
LOC105373640,18
ASB11,18
ZNF84-DT,18
CBLC,18
KRTAP17-1,18
FITM2,18
LOC107985866,18
LOC107986454,18
LOC105373693,18
LOC124903940,18
LOC124903226,18
CARD16,18
LINC02000,18
PGAM1P5,18
NEUROD2,18
LOC124903159,18
SMNDC1,18
TPM3P9,18
MAGEA4,18
SPATA46,18
MIR3121,18
LOC101928819,18
MCHR2,18
LOC124904064,18
MIR2392,18
HEYL,18
LINC02579,18
LINC01608,18
LIN28B,18
FOXL2,18
VHRT,18
FSHB,18
MIR4673,18
AQP11,18
TTTY8B,18
TTTY8,18
TAF11,18
CCL19,18
AFG2A,18
H2BC20P,18
C9orf40,18
NKAPP1,18
LOC105374414,18
LOC101929234,18
TTTY6,18
LINC02149,18
C10orf95,18
RPL37A,18
LOC105369685,18
RGS5,18
H1-6,18
LINC01723,18
LOC105369227,18
LOC105376576,18
BICD1-AS1,18
LOC105377500,18
MRPL52,18
LOC105374280,18
LOC124902657,18
SCPPPQ1,18
MIR4298,18
LCE2B,18
FAM187A,18
LOC124901663,18
NEURL1-AS1,18
ACBD6,18
PTGES3,18
LOC105375691,18
LOC102724382,18
LOC105371316,18
REEP4,18
MIR5684,18
LOC124900781,18
LOC105378183,18
TAF1B,18
LINC00901,18
LOC124901872,18
LINC00525,18
TOMM20L-DT,18
LNCRNA-IUR,18
UQCRBP1,18
LOC124903045,18
LOC105375035,18
LOC105379725,18
LINC02476,18
LOC105370579,18
OBI1,18
LINC00163,18
SLC35G1,18
TSPY3,18
LOC107986942,18
CHST6,18
LOC440313,18
LOC101926974,18
LOC124901182,18
LOC105377300,18
LOC105374953,18
OR2J1,18
CBLL2,18
SYT15-AS1,18
IKZF2,18
MIR4527HG,18
SRGAP3-AS3,18
TTC39A-AS1,18
LOC107986010,18
MICOS10-DT,18
LOC105374949,18
PRSS8,18
LIMD2,18
MIR6502,18
LOC124903218,18
WNK3,18
DYNLRB2,18
LINC02378,18
MIR135A2,18
ZNF681,18
THOC7-AS1,18
NDUFB5,18
ARMCX3,18
CD28,18
GGPS1,18
LOC124902239,18
LOC107987043,18
LINC02818,18
TM2D2,18
FRG1FP,18
LOC124903063,18
LOC124903901,18
ATP5MG,18
LOC105375987,18
PUS7L,18
KLHL4,18
LOC105378650,18
LOC102724736,18
LOC100507403,18
MLIP-IT1,18
LOC124903298,18
PNMA2,18
LOC124900961,18
LOC105375820,18
LOC105374724,18
LOC107987331,18
DLGAP1-AS3,18
MIR3926-2,18
MIR320D1,18
FAF1-AS1,18
LOC124902773,18
LOC105372331,18
LOC124903898,18
LOC105371789,18
SNORA11E,18
GJD2,18
PTPRCAP,18
PCDH11Y,18
LOC105372346,18
LINC01711,18
MEX3A,18
MIR1231,18
LOC101059997,18
LOC124902137,18
LINC00559,18
LOC143666,18
LOC124903164,18
NDUFAF2,18
CHORDC1,18
MIR513B,18
PRR15L,18
HTR3E-AS1,18
LOC105371269,18
B3GALT2,18
OR4X2,18
LOC105378345,18
SGMS1-AS1,18
OR6B1,18
C16orf89,18
MIR487A,18
PACRG-AS2,18
LOC124902901,18
LRFN5-DT,18
LOC101927967,18
LOC105377949,18
LOC107985826,18
HOXA11,18
LOC105372081,18
SLBP,18
DEFB105A,18
ABCA17P,18
TAF12-DT,18
MRPL15,18
NUP153-AS1,18
LOC101927247,18
LOC124907741,18
MIR6731,18
CALHM5,18
TMEM41A,18
ERMN,18
LOC105374243,18
SNHG26,18
LOC105372087,18
EXOSC10-AS1,18
MIR4780,18
ZDBF2,18
SMYD3-IT1,18
OR2B11,18
INSL4,18
LOC105378010,18
LINC00561,18
PSMB2,18
LOC124900300,18
LOC124900740,18
ZNF14,18
NCAM1-AS1,18
MIR5100,18
P2RY11,18
NXPH2,18
PCSK2,18
PSMA4,18
NQO1,18
MBTPS2,18
WNT8A,18
MIR4713,18
RNF146,18
CXCL5,18
LOC105371354,18
LOC107986672,18
AGAP9,18
TP53AIP1,18
ZNF774,18
LOC112268151,18
AA06,18
LOC105370261,18
SPAG7,18
LINC02676,18
SHC4,18
LOC105378355,18
GPC5,18
LINC00383,18
SNORD125,18
GRM1,18
RASSF1,18
LINC01461,18
MT1G,18
CD300LB,18
THAP9-AS1,18
LOC105378492,18
MYOZ2,18
EHBP1-AS1,18
LOC100506124,18
KIRREL2,18
RBMXL2,18
MIR133A1HG,18
HTR2C,18
MIR6887,18
MIR147A,18
LOC124901934,18
MIR6798,18
LOC105373588,18
LOC124903085,18
TRIM13,18
LOC102723345,18
PIK3CA-DT,18
CCDC117,18
BRMS1,18
NEURL1B,18
LOC105372479,18
IER5,18
CDH19,18
LOC645261,18
DBT,18
LOC124904531,18
LOC107986717,18
MTIF2,18
ATAD5,18
LOC124904341,18
ZNF831,18
FLJ37201,18
LOC124900824,18
SLC25A51,18
ZKSCAN7-AS1,18
TOX,18
CHAF1B,18
LOC646938,18
PHF2,18
NOG,18
SELENOV,18
CFAP276,18
LOC107984622,18
LOC124904455,18
SERTM1,18
LOC124904781,18
LOC105376419,18
LOC124901630,18
LOC105377698,18
FASLG,18
LOC105376380,18
GBP5,18
H1-7,18
FZD1,18
IFNL3,18
LINC01620,18
IL31,18
EVI2B,18
LINC03051,18
LOC105374069,18
GLIDR,18
LOC107985771,18
CYP4A22,18
LOC105375976,18
LINC01776,18
LOC100506974,18
LOC105375871,18
LOC101927723,18
MRPL18,18
HEY1,18
C6orf52,18
LOC105375759,18
LOC105374132,18
ZP4,18
LOC105373074,18
CACNG1,18
ATP6V1G2,18
LINC01889,18
PLAAT1,18
LOC105371651,18
LOC107985400,18
LOC105375903,18
LINC02640,18
LOC105369632,18
ZNF654,18
PRNT,18
TIPRL,18
LOC105371910,18
LOC124903750,18
MIR338,18
LOC101927657,18
C16orf86,18
IRAK2,18
LOC105373845,18
LOC124902610,18
LINC02463,18
DENND10P1,18
LINC03061,18
TMEM88,18
LOC107986633,18
LOC107987272,18
LOC400940,18
LOC105377824,18
DDX21,18
MIR5682,18
LOC105379362,18
LOC101929846,18
TONSL,18
ENO1-AS1,18
LOC105375578,18
LOC105374081,18
LOC105378298,18
CMTM4,18
CDH13-AS1,18
POLR3G,18
GDNF-AS1,18
CBY1,18
LINC02993,18
DPY19L3-DT,18
LINC00847,18
POC1B-AS1,18
KCNS1,18
LOC112694756,18
SAA1,18
TNFRSF25,18
PHLDA2,18
LOC105375157,18
GOLGA6L10,18
FER1L5,18
MIR320B1,18
SZRD1,18
TSPAN11,18
TIMM50,18
LOC105378453,18
LRIT3,18
EFCAB2-AS1,18
SSX9P,18
RPL18A,18
LOC105376240,18
OR10H5,18
GNGT1,18
LRRTM3,18
LOC105371544,18
TRAM2,18
LOC124901914,18
RYR3-DT,18
LINC02781,18
RAC1,18
LINC01149,18
CENPS,18
TONSL-AS1,18
LOC105378543,18
KRTAP4-2,18
SLC35D1,18
LINC00226,18
TSG1,18
LOC101927394,18
LOC105369761,18
UBXN7,18
LINC00028,18
LOC102725254,18
LOC105372089,18
C15orf40,18
PARD3-DT,18
PAQR6,18
CCDC181,18
FGF14-AS1,18
SELPLG,18
LOC105371083,18
RNPC3,18
TMPO-AS1,18
TFIP11-DT,18
LOC124900486,18
LOC124904077,18
SLC26A9-AS1,18
RNASE3,18
CREB3L2-AS1,18
LOC124903285,18
LOC107986327,18
LOC124901790,18
S100A14,18
FAM236B,18
FAM236A,18
GCA,18
MIR892A,18
TBPL1,18
LINC02735,18
LOC107984242,18
FFAR3,18
LINC01746,18
LOC124901439,18
ARSH,18
LOC105373386,18
LOC105369292,18
LOC105375334,18
LINC02909,18
COQ7-DT,18
LOC727751,18
SPINK1,18
LOC112268174,18
UBL7-DT,18
FGF22,18
LINC01953,18
LINC02707,18
LINC02716,18
LOC105372348,18
LOC107984851,18
KCNJ5-AS1,18
LOC124900761,18
PHOSPHO2,18
LOC124902115,18
CBR1,18
LSMEM2,18
ZC3H12B,18
NIPAL4-DT,18
LOC105373170,18
MIR4757,18
UNC5C-AS1,18
NUTF2,18
C9orf85,18
ACER3-AS1,18
CACYBP,18
LOC105375996,18
LOC105370884,18
STX5,18
A4GNT,18
LOC105369306,18
AOAH-IT1,18
LOC105369753,18
SIGLEC17P,18
MIR2277,18
LOC112268033,18
FBXO34-AS1,18
BLOC1S4,18
UGT1A5,18
RAB1B,18
NPAP1,18
ZBTB49,18
LOC124902293,18
FNDC8,18
TAF11L4,18
TAF11L8,18
LRRTM2,18
MIR550A1,18
ZNF32-AS1,18
LOC101929240,18
TECTB,18
LOC124902303,18
NCR3LG1,18
NXT1-AS1,18
LOC124904267,18
LINC01783,18
KCNJ3,18
TRIM52-AS1,18
LOC105376950,18
LOC124903517,18
ERLNC1,18
MIR6133,18
ZNF296,18
LINC02410,18
SMTNL1,18
LINC01555,18
LOC441179,18
ZBED5,18
LOC124904406,18
PGAP4,18
LOC128071543,18
PLPPR5,18
ATMIN,18
MIR4647,18
SNX29-AS2,18
ACTR3B,18
RBBP5,18
LOC100129935,18
OR10D3,18
LOC107987138,18
SELENOK,18
LINC01838,18
NOC3L,18
TTC33,18
NUP50-DT,18
LOC102606466,18
ATE1OSP,18
LOC124901372,18
LOC124906291,18
FAM43B,18
LINC02153,18
LOC124904122,18
PLCE1-AS2,18
WTIP,18
DCK,18
LEMD1-DT,18
LINC02536,18
MARVELD2,18
FKBPL,18
RNASE10,18
TMEM71,18
SEMA3G,18
MIR6506,18
RIPPLY2,18
STARD4,18
MIR5704,18
LOC105373116,18
LOC127239154,18
LOC105378984,18
CCDC34,18
ABHD16B-AS1,18
LOC124901289,18
TM4SF1,18
PIGH,18
MIR7150,18
RASSF1-AS1,18
LOC107984012,18
DCANP1,18
LOC107986736,18
MIR4716,18
BCL2L10,18
MNS1,18
CYSLTR2,18
CDK1,18
LOC105376096,18
LOC101927374,18
MIR3170,18
LINC02280,18
HOXA13,18
SCARNA21B,18
FRG1CP,18
GORASP2,18
RNF11,18
TMPRSS11A,18
LOC105372200,18
MIR217,18
MIR4650-2,18
OR1F1,18
IRGC,18
RHOA,18
MIR627,18
LOC124903972,18
KIF26B-AS1,18
MRE11,18
LOC107984577,18
MIR4644,18
MOB4,18
LCE4A,18
CLDN1,18
ALKAL1,18
USP6NL-AS1,18
BRI3BP,18
DEFB108B,18
WDR97,18
TAS1R3,18
LOC105372979,18
LELP1,18
TVP23B,18
CCDC201,18
LOC107984214,18
LOC105372266,18
LOC107985004,18
IL17A,18
LOC124905234,18
KRTAP4-6,18
LOC124903389,18
VGLL1,18
TRIM10,18
RBPMS-AS1,18
MSS51,18
NDUFC2-KCTD14,18
SH3PXD2A-AS1,18
CEMP1,18
MEX3B,18
LINC00366,18
GEMIN7-AS1,18
PPP1R12A-AS1,18
LOC101928214,18
ZNF791,18
RPL31,18
RAB6C,18
INE2,18
LINC02670,18
GCM1,18
LOC102724608,18
LOC105373785,18
MIR7973-1,18
LOC124902039,18
PAX1,18
WASIR1,18
LOC105371874,18
PLS3-AS1,18
LOC124906107,18
MIR4509-1,18
MIR4509-2,18
MIR4509-3,18
SERPINB9,18
CCDC85A,18
LINC03028,18
LOC107985435,18
SLC33A2,18
LOC107985401,18
LOC107984646,18
TRIM75,18
OR11L1,18
ZNF337,18
H2BC11,18
LOC124909359,18
C1QTNF9,18
CAMTA2-AS1,18
LCIIAR,18
SPIN2B,18
ERCC6L2-AS1,18
PCDHAC1,18
LINC01741,18
TEK,18
LOC105369949,18
TSGA13,18
LOC105373907,18
LINC01742,18
PSMD12,18
LOC105379391,18
LOC124901044,18
FBXL14,18
AP1B1P1,18
YJU2,18
LINC02560,18
HMGN3,18
GABARAPL1,18
LOC112268064,18
MSC,18
PPIAP59,18
LOC105378009,18
LOC124900184,18
LOC124903577,18
FOXN3-AS1,18
LOC107985647,18
SEMG1,18
LOC105372859,18
IFI44,18
MAGEB18,18
LOC124900855,18
G6PC3,18
EML6-AS1,18
MIR4778,18
SPINK6,18
MS4A10,18
OR1C1,18
LOC107985090,18
FGF14-IT1,18
LINC01399,18
PEX11B,18
LINC02712,18
LINC01222,18
LOC124909385,18
LOC105371257,18
OR4A47,18
MIR4315-1,18
SNORA35,18
TRIM61,18
HMGN2,18
IDNK,18
LOC124902064,18
LOC124902023,18
DRG1,18
OR2AG1,18
TMEM74,18
SNHG16,18
LOC105374248,18
HCK,18
RASL11A,18
TUBA1A,18
LOC105373679,18
MT3,18
HNRNPA3,18
SND1-DT,18
STX7,18
LOC107986668,18
LOC105371622,18
LOC124900256,18
ADGRF5-AS1,18
E2F7,18
LCE1A,18
ANK3-DT,18
MIR6124,18
NLRP11,18
WASF1,18
ZNF302,18
LOC105370115,18
LOC105376346,18
LOC107985192,18
MIRLET7F2,18
LOC105371300,18
SALL1,18
LINC01958,18
APOBEC3B-AS1,18
LOC124900558,18
LOC107986656,18
REELD1,18
RFPL4AL1,18
LINC01204,18
USP1,18
DPYD-AS2,18
RCHY1,18
DPH3,18
SMIM11,18
TIMM22,18
CD82-AS1,18
NTSR2,18
SMIM48,18
LOC124900283,18
CBR4-DT,18
LINC01914,18
ZNF711,18
LOC107985451,18
DMRTB1,18
WDR93,18
VN1R3,18
YBX1,18
GSTA2,18
DLX5,18
RPL15,18
LOC107984358,18
PRM3,18
CATSPER2P1,18
RLN1,18
LOC124900770,18
OSGEPL1,18
C11orf96,18
C11orf86,18
BSPRY,18
LOC105378129,18
LOC124904763,18
MGC12916,18
PRKCQ,18
SUMO1P1,18
SMIM24,18
LINC00382,18
LOC105372560,18
SAA3P,18
SNX20,18
MEN1,18
ZNF695,18
LOC105376326,18
MIR6815,18
WASL,18
LOC124900407,18
SUMO1P3,18
MAPK1IP1L,18
LOC105378256,18
LOC124904542,18
LOC102724234,18
CRIPTO3,18
GIMAP6,18
MED10,18
SPRED1,18
LOC101928438,18
GCSIR,18
PPM1K,18
LOC105373743,18
LOC105369915,18
LOC124901573,18
NIPBL-DT,18
LOC105375556,18
GRIN3B,18
MIR548W,18
ZXDC,18
BSPH1,18
LOC105370030,18
LOC105373479,18
LOC124901112,18
EGR3,18
IL18BP,18
MED31,18
LINC02300,18
HAS3,18
LINC02544,18
SERPINC1,18
LINC00365,18
LOC105379192,18
MIR8082,18
PELI2,18
QRFPR,18
MIR3690,18
NMB,18
LINC02011,18
LOC101928988,18
LOC102724458,18
CDK11B,18
GOLGA6L2,18
AOC4P,18
LOC124903925,18
MALRD1-AS1,18
COPRS,18
SNORD115-44,18
TMEM174,18
LOC124900461,18
THRB-AS2,18
GHSR,18
FOXE3,18
C7orf25,18
LENG9,18
TBC1D7-LOC100130357,18
LOC124907769,18
LOC105378515,18
JADE3,18
NOX3,18
H3C11,18
BORA,18
CPSF7,18
LOC107986538,18
PSORS1C3,18
VPS33A,18
LOC105375294,18
TBILA,18
SMPDL3B,18
LOC107986632,18
POLR2L,18
LOC101929898,18
KIAA0825,18
TMEM33,18
MIR3615,18
TEX26-AS2,18
SPG21,18
MARCHF11,18
LOC105376361,18
LOC124905973,18
LOC124904813,18
LOC105378994,18
DRP2,18
LOC124903152,18
ADAMTSL4-AS1,18
MIR4525,18
MIR548T,18
MCCD1,18
CXCL17,18
LOC102467226,18
ZC3H7B,18
NME1,18
PPP1R3A,18
LOC124904404,18
COX7A2,18
EGLN1,18
FRG2C,18
SSH2-AS1,18
SNORD7,18
LRRC51,18
ARK2N,18
MYOZ3-AS1,18
NUTM2E,18
LOC124902641,18
MIR5683,18
LOC124903941,18
NANP,18
KIR2DL4,18
KRTAP5-8,18
LOC105369803,18
MOB1B,18
TNFRSF10D,18
PNRC1,18
RAB43,18
BMAL2,18
KRTAP10-4,18
LOC124904782,18
LOC105370281,18
TP53TG3E,18
TP53TG3F,18
LOC105377094,18
LOC107984469,18
ANKHD1-DT,18
LINC01600,18
LOC105375055,18
MIR575,18
MIR4455,18
POU2F3-AS1,18
LINC01377,18
GDPD2,18
LOC100506489,18
KANK3,18
LOC124907840,18
C1orf116,18
LINC02906,18
SLC32A1,18
H3-3B,18
LOC105371222,18
LINC01703,18
LINC02726,17
LINC00526,17
RNF228,17
LINC01495,17
LOC105376369,17
SLC22A10,17
MIR5586,17
MIR190A,17
FNDC1-AS1,17
LOC105376435,17
LOC124903419,17
ZEB2-AS1,17
LINC03102,17
LOC100505985,17
SMIM14-DT,17
CASP2,17
LINC02439,17
TRIB2,17
LOC105375206,17
OR11H12,17
LOC401312,17
GLYATL1B,17
PSIP1,17
LOC124905025,17
TNFRSF19,17
LINC02251,17
ZNF829,17
SNORA50A,17
SNORA8,17
LOC105373641,17
LOC105372201,17
LINC01851,17
LINC00362,17
LOC105369726,17
LOC105372697,17
FAM90A26,17
ZIC1,17
LOC105378069,17
LOC124902050,17
LINC02583,17
LOC124907748,17
LINC01765,17
LOC124900193,17
LOC107986172,17
MIRLET7C,17
TNFRSF21,17
LOC105373782,17
FARSB,17
TOB2P1,17
RPAIN,17
LOC105377874,17
LOC105371498,17
RRP15,17
SLC71A3P,17
LOC105370264,17
LOC124904358,17
LOC124906230,17
LOC105372981,17
LOC102723396,17
NUDT16L2P,17
LOC107984370,17
MIR1184-1,17
LINC02953,17
MIR200A,17
LOC124904871,17
PTN,17
LRRD1,17
MED4-AS1,17
CELF2-DT,17
MIR620,17
TSR2,17
LOC124905452,17
CABCOCO1,17
LINC01360,17
LOC124905176,17
LOC124904066,17
SPATA31D5P,17
PHOX2B,17
JCHAIN,17
LOC105373304,17
OR1D2,17
LOC107986380,17
CTIF-AS1,17
LOC124901075,17
LOC124908055,17
LOC107984588,17
LOC102723883,17
CA6,17
LINC01618,17
LOC105377558,17
TMED8,17
EIF1B-AS1,17
TOR2A,17
LOC124900734,17
LINC02211,17
PPP6C,17
LOC101927513,17
LOC105377527,17
LOC105372159,17
GALNTL6-AS1,17
CFAP107,17
LOC105375154,17
NKX2-6,17
PRR4,17
ANXA10,17
LOC105375815,17
LOC105373231,17
LOC107986444,17
FAM87B,17
ASXL3,17
MYORG,17
MIR1244-3,17
LOC107987463,17
LOC105379010,17
SIGLEC16,17
FBXO28,17
LOC105373925,17
TWIST1,17
LINC01520,17
COMMD10,17
OR10Q1,17
LOC107986294,17
OR52E5,17
RNASEH1-DT,17
INAFM1,17
STX11,17
MIR6877,17
TAS2R38,17
OLFML3,17
BLOC1S6,17
SUPT3H,17
ZNF488,17
LOC105376571,17
LOC124900220,17
LOC124905977,17
SNRPC,17
MIR1179,17
TSNAX-DISC1,17
MIR149,17
IVL,17
KLHL23,17
LINC02141,17
LOC124900818,17
LOC105370108,17
LINC01012,17
RBM12B-AS1,17
LOC105378044,17
LOC107986894,17
TICAM2,17
LOC124903140,17
MKRN2,17
AKAP4,17
LINC01653,17
CDA,17
LOC124904167,17
ANKRD49,17
CFAP141,17
LOC105371959,17
SDR16C6P,17
LOC124900869,17
HOXB1,17
LOC105375876,17
CWC22,17
ARHGAP11B-DT,17
CUEDC1-AS1,17
POLE4,17
OLR1,17
MIR6511B2,17
CTHRC1,17
MIR3977,17
LOC124908050,17
LOC107984480,17
KRTAP3-2,17
LINC02455,17
LOC124901954,17
LINC01487,17
SDE2,17
LOC107987339,17
MIR5580,17
LOC105375198,17
LOC124905211,17
ATP13A4-AS1,17
RIMBP3C,17
PCOTH,17
HM13-AS1,17
PAUPAR,17
LOC124902434,17
DHFR2,17
LOC124900294,17
PBOV1,17
LOC124900600,17
LINC02702,17
SLC30A6-DT,17
ATP6V0E1,17
LOC107985953,17
ERI2,17
OOSP3,17
LOC124902736,17
NBPF6,17
NT5C,17
MIR4689,17
LOC105374831,17
GUCA1B,17
LOC124901338,17
HYAL4,17
LOC105373260,17
LOC105375938,17
MIR4785,17
NUDT18,17
SH3RF3,17
MIR5705,17
JARID2-DT,17
LINC02313,17
UBA3,17
FERD3L,17
SEMA6A-AS2,17
LINC03140,17
APOB,17
LINC02636,17
KCNK13,17
SPOPL,17
PIM2,17
LOC105378771,17
LINC02468,17
NAPB,17
LOC105378267,17
LOC105376639,17
NEUROD4,17
POFUT4,17
C3orf38,17
CACNG2,17
LOC101929479,17
PRR23B,17
UBLCP1,17
YBEY,17
MIR2115,17
LOC102724288,17
MLIP,17
LOC124902559,17
LOC105369668,17
DUBR,17
LOC124907728,17
LOC124902437,17
RPL23A,17
LOC105377578,17
MIR591,17
NYAP2,17
RAB11B,17
COMMD8,17
MIR377,17
LINC03015,17
CLEC3A,17
LINC02745,17
LOC105378885,17
ARL13B,17
RAMACL,17
LOC101927057,17
MIR193A,17
TNFRSF13B,17
LRRC24,17
UTS2R,17
SCARNA7,17
SPRY4,17
LOC105375884,17
LOC105378995,17
E2F3-IT1,17
DIO1,17
HOXC8,17
KCNG3,17
MIR4292,17
LOC105374193,17
XCL1,17
NAV2-AS3,17
LINC01143,17
LOC124907753,17
UBE2QL1,17
PYCARD,17
LOC128092249,17
GATC,17
LOC124902698,17
LDHAL6A,17
MIR2116,17
RNA5-8SN2,17
RNA5-8SN3,17
RNA5-8SN1,17
LOC128031832,17
MIR1237,17
KRT84,17
CLGN,17
LOC102724818,17
ZW10,17
DNAJC19,17
TSPY4,17
TSPY10,17
ALKAL2,17
RBMXL3,17
ZNF449,17
FOXC2,17
JPT2,17
LINC00560,17
C12orf75-AS1,17
FAM86JP,17
IFNA5,17
OR2J2,17
LOC124905075,17
PRKX-AS1,17
LOC101927269,17
LOC101927108,17
SLA2,17
ZNF888,17
FOXK2-AS1,17
WWC2-AS2,17
GSG1,17
SERPINA11,17
LOC124901049,17
OR2W1,17
LOC105375659,17
HNRNPH2,17
LINC02160,17
TMEM167A,17
CYTL1,17
LOC124902696,17
MIR23C,17
LOC107986459,17
LOC124902165,17
LOC101927393,17
PWAR5,17
MYO9A-AS1,17
LOC107983950,17
MIR4766,17
VIM,17
HCCAT5,17
LOC107985895,17
RPEL1,17
MIR5001,17
EGOT,17
ARFGEF1-DT,17
MRFAP1,17
APEX2,17
H2AC18,17
KRTAP9-2,17
LOC105370340,17
LOC101927480,17
LRIG2-DT,17
TMEM97,17
LOC124902711,17
DZIP3,17
KRTAP5-6,17
LOC105374265,17
LOC105369874,17
KLHL31,17
RGS5-AS1,17
NDUFB3,17
ZNF70,17
LOC107987029,17
MIR4762,17
LOC105369572,17
GYS2,17
LINC01364,17
LOC124900181,17
MRM2,17
CCNO,17
LOC105377875,17
GCC2-AS1,17
LOC105374048,17
POLR2I,17
EFCAB13-DT,17
LOC107987207,17
LOC102724851,17
MIR4452,17
LOC105375345,17
TIMM10B,17
LOC124901925,17
NUDT15,17
TXNRD1-AS1,17
MIR6730,17
MIR573,17
LOC107986375,17
KRT6B,17
CLDN4,17
IFIT1B,17
CDR2-DT,17
CA5BP1-CA5B,17
UBQLN3,17
LOC124903363,17
LINC02936,17
SAP130,17
MAS1,17
LINC02685,17
RERG-IT1,17
LOC124902760,17
ZNF277,17
CRIM1-DT,17
SV2C,17
AFTPH-DT,17
LOC101927072,17
LOC124901506,17
ZNF227,17
ZNF408,17
LOC107985483,17
LOC105373444,17
LOC124900467,17
NEDD1,17
HTR2A-AS1,17
ASB4,17
MAVS,17
MEF2C-AS2,17
MT2A,17
LOC102724900,17
PSORS1C2,17
TAS2R40,17
SCCPDH,17
AKR1C4,17
H4C7,17
ATG4C,17
LAPTM4B,17
MIR548AW,17
LINC00572,17
LOC107985178,17
SELENOI,17
AGAP14P,17
IFNG,17
LOC124902742,17
IL12A,17
CETN3,17
MYCT1,17
ASTE1,17
KCNE4,17
PRRG4,17
MGAT2,17
LOC105378424,17
CUTC,17
RAB29,17
USP27X,17
LINC02420,17
LOC124902044,17
CHM,17
ZFP36,17
COL6A2-DT,17
DOLK,17
LOC105378218,17
ZNF501,17
FOLR2,17
RFK,17
CDY1B,17
CDY1,17
LINC01634,17
CHRDL1,17
LINC00664,17
H1-2,17
MIR5739,17
LOC124904896,17
FAM72B,17
LOC105373449,17
PTCH2,17
ANKRD55,17
MIR3672,17
LOC105370598,17
DENND6A-DT,17
OR56B4,17
MIR3198-1,17
MIR548I4,17
UBE2J1,17
GOLGA8J,17
PNPLA5,17
TDRKH-AS1,17
FSTL5-AS1,17
GSTM3,17
NBPF7P,17
LOC102723406,17
ADIG,17
RPP40,17
TMEM235,17
ONECUT3,17
LOC107986821,17
MIR655,17
RASL10A,17
DPRX,17
LOC105371211,17
LHX8,17
POMP,17
RFESD,17
LOC105378758,17
CUL1,17
LOC124901927,17
POPDC1-AS1,17
TMEM14A,17
LOC107985669,17
MIR4651,17
LINC01885,17
LOC101929861,17
PRAP1,17
SHCBP1L,17
LOC105373324,17
LOC101928369,17
CDX1,17
TNFSF13B,17
LOC105373378,17
THEM5,17
FTL,17
MIR3137,17
BCL2L1-AS1,17
TBC1D8-AS1,17
KLHL30,17
SOCS3,17
PGM5P4,17
LOC124901887,17
ACTL10,17
GATA1,17
LOC124903744,17
CD5L,17
LOC105374090,17
NUP37,17
GRIK1-AS2,17
BTBD9-AS1,17
MORC1-AS1,17
CCDC121,17
LOC124904536,17
GPR139,17
HES5,17
MIR5702,17
URGCP-MRPS24,17
FAM246B,17
IGSF6,17
HRNR,17
LOC124905354,17
LOC105370497,17
LINC00411,17
LINC01975,17
LOC124900492,17
ICAM4,17
DLL3,17
MIR6889,17
KCTD18,17
LOC401478,17
LOC102724560,17
MIR422A,17
SDC4P,17
HOXBLINC,17
MRPS9-AS1,17
MOBP,17
RPL13P5,17
MIR4283-1,17
MIR4283-2,17
HCG11,17
STON1-GTF2A1L,17
PCHILR,17
LOC105373320,17
DSCR8,17
MRFAP1L1,17
LOC101927234,17
COPS9,17
SLC25A25-AS1,17
LINC02105,17
CALML5,17
ZNF470-DT,17
MCM8,17
LOC105369366,17
ARL4C,17
GSC,17
CT70,17
CTB-1I21.1,17
TSKU-AS1,17
LOC107986284,17
RPL13AP20,17
TCF12-DT,17
BHLHE23,17
COQ2,17
LOC124901572,17
LOC124902629,17
LOC105373746,17
OR2L3,17
PCDHGA4,17
NSUN6,17
SH3BGRL,17
H2AZ1,17
NUPR1,17
MIR548A1HG,17
DUXB,17
LINC02140,17
LINC01962,17
LINC01591,17
PANX1,17
MIR4653,17
FRG1EP,17
POTEG,17
P2RX7,17
ANXA5,17
APOBEC3C,17
TACSTD2,17
PPP1R9A-AS1,17
ETDC,17
TMEM140,17
ERC2-IT1,17
LALBA,17
SOCS4,17
LOC101929538,17
LOC124904481,17
FUT2,17
RITA1,17
LOC101927897,17
RPL26,17
OR2K2,17
MIR4743,17
LOC105371090,17
TREM2,17
CCDC184,17
LOC102724497,17
IFI6,17
LOC105371076,17
FRMD4A-AS2,17
LOC105376828,17
LOC124900982,17
LOC105373218,17
SMIM10L3,17
PPAT,17
ARL2BP,17
LOC105373966,17
MIR372,17
LOC124902402,17
LOC107985432,17
LOC105379378,17
CCDC22,17
GPC6,17
LOC102723730,17
DYTN,17
VIM-AS1,17
LINC01427,17
ATRIP,17
SNORA63C,17
LOC107986590,17
LOC124904019,17
LOC105371545,17
LOC124900976,17
LOC124903488,17
KHDRBS1,17
LOC124904690,17
MIR564,17
ZNF556,17
PABPC4-AS1,17
LOC105379107,17
METTL18,17
TSHR-AS1,17
LOC124901220,17
MORF4L2-AS1,17
MIR642B,17
LOC107984940,17
RPRML,17
MIR4754,17
UFD1-AS1,17
DEFA1,17
ADH1B,17
LOC124904168,17
XPNPEP3,17
TM4SF19-AS1,17
LOC105379418,17
VCPIP1,17
NKD1-AS1,17
ID3,17
LOC105376275,17
TMED4,17
SLC34A3,17
GMCL2,17
LINC00415,17
MIR4322,17
LINC03031,17
ABCG5,17
FAM221A,17
CCDC107,17
LINC01923,17
RDH11,17
PRR27,17
MIR4317,17
SCYGR1,17
LOC124901027,17
C17orf75,17
PCYOX1,17
CRYZL2P,17
LOC101927241,17
FAM200A,17
POTEH,17
LINC01215,17
LZTS1-AS1,17
MIR4519,17
MS4A5,17
ZNF534,17
TAF11L12,17
CNTLN,17
LOC101927948,17
MOCS2-DT,17
ZNF264,17
KHDRBS2,17
OR51G2,17
CXADRP3,17
ANKRD34B,17
ZSWIM6,17
LOC124904230,17
ZNF622,17
LOC124903398,17
LINC00364,17
XIAP,17
PIK3R5-DT,17
GPR148,17
ELFN1-AS1,17
BCL2L15,17
OOSP1,17
NEUROG3,17
LINC02032,17
LOC105369892,17
LOC285889,17
HEATR5A-DT,17
NPFFR1,17
MIR4307HG,17
MIR765,17
LOC105378035,17
TNFSF14,17
MIR4256,17
KCNAB1-AS1,17
SBNO1,17
DEF6,17
SDF2L1,17
CALHM6,17
LOC105374971,17
LOC101928487,17
ZNF524,17
MIR3913-1,17
TNFSF13,17
LOC101928893,17
WFDC9,17
LOC102723876,17
ZNF474-AS1,17
LOC124900457,17
RBMY1B,17
RBMY1A1,17
RBMY1D,17
RBMY1E,17
RBMY1F,17
RBMY1J,17
TCEANC2,17
LINC02891,17
TRIAP1,17
HAS2,17
TOMM22-DT,17
SYNPR-AS1,17
LINC02145,17
LOC101929400,17
S100A10,17
LOC105370300,17
ZC3H13,17
NHLRC2,17
LOC105376031,17
LOC124902993,17
LOC105374264,17
NFKBIL1,17
RNASEK,17
LOC124901473,17
LOC105378328,17
LOC105378675,17
LOC105373897,17
RSPO4,17
LOC105371230,17
TMEM186,17
MON1A,17
FN1-DT,17
LOC101928095,17
CTB-30L5.1,17
CITED2,17
TRIM49D2,17
GPA33-AS1,17
LOC107985171,17
PCDHGA1,17
MIR6719,17
ANKRD61,17
DTWD2,17
PNPLA4,17
ENTPD3-AS1,17
CCL7,17
ELOA,17
ACMSD,17
NUDT19,17
POLH,17
SIX2,17
SRARP,17
OR8D2,17
TAF11L11,17
SNORD114-26,17
DLG1-AS1,17
LOC100505774,17
LOC105374573,17
DGAT2-DT,17
LOC124902147,17
FRG1JP,17
ORM1,17
TLR2,17
YEATS2-AS1,17
RFPL4A,17
LOC124903541,17
FAM66D,17
LOC124903559,17
LINC00331,17
MKKS,17
CPXCR1,17
EGFL6,17
CNFN,17
LOC124902484,17
LINC02422,17
LOC124904654,17
GADD45GIP1,17
SLC18B1,17
TMEM160,17
CHD9NB,17
SIX3,17
MIR4479,17
OR8K3,17
LOC124901221,17
LOC124902960,17
MIR1265,17
LOC124902013,17
LOC112268048,17
LOC105376082,17
LOC105377188,17
ZP2,17
STK32A-AS1,17
DEFB135,17
LOC124909439,17
LOC107986268,17
LOC124904767,17
LOC105378255,17
REP15,17
MIR6078,17
RFPL4B,17
LOC124900892,17
REC114,17
LOC107984307,17
CFHR3,17
LOC105377998,17
SNORA11F,17
LOC105371281,17
TXNDC11-AS1,17
LOC101928389,17
KRT87P,17
PRPF39-DT,17
LOC105372727,17
LOC124902596,17
GPR180,17
LOC124904097,17
EGILA,17
LOC105374562,17
LOC124902412,17
PRKCH-AS1,17
PACERR,17
LOC124902623,17
LOC105374282,17
MIR6515,17
LOC105373528,17
MIR1199,17
GNAI3,17
SNORA21B,17
MIR324,17
SRGAP2-AS1,17
THAP1,17
LOC105377255,17
UBN2,17
CFAP97D2,17
XAGE2,17
LSAMP-AS1,17
LYPD1,17
RLN3,17
ALX1,17
ZEB1-AS1,17
LINC01671,17
LINC01001,17
DEFB104A,17
GDF2,17
CLDN23,17
TTC23L-AS1,17
MAGOH2P,17
LOC124900769,17
PPP1R35,17
PDIK1L,17
KRTAP19-4,17
TNFSF10,17
LOC105373432,17
LOC105375069,17
MIR892B,17
MLF1-DT,17
SNORD141A,17
LOC101928565,17
LOC105374804,17
GOLT1B,17
LOC124907885,17
RSKR,17
LOC105372529,17
SLC68A2P,17
LOC112268210,17
LOC124900204,17
HNF1A-AS1,17
ZNF431,17
FOXP1-AS1,17
FABP5,17
FAM133A,17
MIR4316,17
PLRG1,17
LINC00668,17
HYPK,17
UBE2CP5,17
LOC124900364,17
LOC105377136,17
DLGAP1-AS6,17
LOC124901627,17
EPB41L4A-DT,17
FEV,17
STK35,17
LOC105373880,17
LOC154449,17
DMTF1-AS1,17
LOC124903042,17
OR6C70,17
KLF9,17
TTC36,17
EDEM2,17
TMEM47,17
SUMF1,17
STX12,17
ARF6,17
CKS1B,17
ZSCAN26,17
DEFB131A,17
CELA1,17
LOC105369669,17
LOC124900260,17
CST2,17
SNORA70,17
LOC105372546,17
MTRF1,17
ZNF324,17
GABRR3,17
BOLA2B,17
CRISP3,17
LOC105372071,17
MIR548AI,17
ATP6V1G3,17
LOC124902883,17
MIR9-3,17
MUC1,17
SLC25A21,17
MIR199B,17
KCNK5,17
PRAMEF6,17
PRAMEF9,17
EBPL,17
RAB10,17
APOBEC3B,17
XLOC_009911,17
SLC25A33,17
IGHV1OR15-3,17
LOC642131,17
LOC124909373,17
MIR4328,17
LOC105372685,17
LOC124901046,17
MIR24-2,17
FOXJ1,17
LINC01203,17
UGT2A1,17
ZNF268,17
LOC105375216,17
HOXB4,17
TNFRSF1B,17
LOC105371046,17
LOC105376617,17
LINC02194,17
MIR204,17
LOC124902338,17
LOC105374453,17
LOC107986108,17
LOC105373190,17
FGF20,17
MLX,17
PLSCR5-AS1,17
PCMTD1-DT,17
TMEM229A,17
LINC01436,17
TPBG,17
ZNHIT2,17
RNA5S1,17
RNA5S2,17
RNA5S3,17
RNA5S4,17
RNA5S5,17
RNA5S6,17
RNA5S7,17
RNA5S8,17
RNA5S9,17
RNA5S10,17
RNA5S11,17
RNA5S12,17
RNA5S13,17
RNA5S14,17
RNA5S15,17
RNA5S16,17
LOC105378886,17
LOC107985409,17
TMX1,17
MIR5010,17
LINC01431,17
PLEKHO2,17
SNORD115-38,17
LOC105379027,17
LOC124902454,17
LOC124901385,17
LINC01809,17
LOC105372255,17
LOC107986346,17
LOC105374689,17
LOC105376136,17
LOC102723760,17
SMIM10L2A,17
SEC61B,17
LINC02659,17
PALMD,17
LOC124902204,17
LOC107986952,17
SREK1IP1,17
C1orf52,17
ZNF580,17
LOC124903718,17
TTTY4,17
TTTY4B,17
TTTY4C,17
ZNF697,17
LOC124909448,17
YAF2,17
LINC02070,17
TPX2,17
ZNF350-AS1,17
KTN1-AS1,17
LOC124901246,17
LOC105371657,17
MIR5094,17
COX8A,17
HSDL2-AS1,17
LGALS8-AS1,17
CCEPR,17
PRORP,17
FAM224B,17
LINC00367,17
CNTNAP5-DT,17
LOC100289470,17
SNAI1,17
LINC01518,17
LOC107985920,17
MMP24-AS1-EDEM2,17
MIR3944,17
ZAR1,17
BCO1,17
POM121L10P,17
LOC107987223,17
LOC124900315,17
ZBED3,17
OR8K5,17
LOC124904720,17
LOC107986012,17
RNASE6,17
LOC105372095,17
LOC107985317,17
LOC124900955,17
NAB1,17
PPIA,17
NOA1,17
OR7G3,17
LOC105379230,17
ZNF878,17
LOC124901260,17
OR52H1,17
LINC01370,17
OR52B6,17
LOC124902752,17
PDS5B-DT,17
BRWD1-AS2,17
KDM1B,17
TUBE1,17
MIR8073,17
MIR6876,17
LOC101927995,17
LINC00837,17
MRPS33,17
SUGT1-DT,17
LOC124909358,17
SYT11,17
LOC124904429,17
CMTM5,17
LOC105373176,17
LOC124901469,17
UQCC4,17
LOC124903174,17
ADRB1,17
NUMA1-AS1,17
SPAG8,17
LOC107985287,17
PROK1,17
LOC105374659,17
LOC124900956,17
LOC105377472,17
GNG8,17
LOC105372405,17
LOC124904880,17
LINC02278,17
ST6GALNAC3,17
MIR646,17
STK26,17
LOC107984235,17
ZBTB21,17
PI4K2A,17
PAGE2B,17
LOC107985822,17
LOC105370287,17
LINC01398,17
SMDT1,17
RXFP3,17
ITFG1-AS1,17
LOC101927548,17
LOC105375592,17
LOC105375642,17
LOC107985831,17
KLHDC7A,17
AFTPH,17
REDIC1,17
LINC01069,16
MIR2117HG,16
MIR548A1,16
FRGCA,16
LOC124906082,16
MIR4634,16
MIR6126,16
LY6G6D,16
LOC124903784,16
MIR4703,16
LOC105377444,16
LOC105369709,16
LINC02305,16
RASA2-IT1,16
LOC124907726,16
LINC02556,16
MIR3660,16
LOC124905959,16
DNM3OS,16
GLCCI1-DT,16
LOC124902183,16
H2AC16,16
RGS1,16
LOC124909372,16
LINC01484,16
LINC01782,16
DMBX1,16
TECRL,16
LINC02361,16
H1-5,16
LOC124905594,16
CSAG4,16
LOC105378305,16
DNAH8-DT,16
STK38,16
MIR181B2,16
FOXL3,16
LOC105371618,16
PPP1R3G,16
LINC01917,16
LOC105369540,16
LOC105372969,16
AFF1-AS1,16
LINC02071,16
DISC2,16
MIR2052,16
LOC107984961,16
LOC105375874,16
PMAIP1,16
MIR1184-2,16
MIR1184-3,16
OR1L3,16
SPACA4,16
GNMT,16
LOC124900290,16
TRPC7-AS2,16
ZNF234,16
HERC4,16
RXFP2,16
IRF2BP2,16
KANTR,16
DKK4,16
ZFYVE9,16
LOC101927019,16
RC3H1-DT,16
STEAP2-AS1,16
LOC105374602,16
TCEAL8,16
SNORA16A,16
UTP23,16
RNU4-1,16
LOC124902799,16
LOC124902426,16
LOC105376482,16
MEP1B,16
UCN2,16
LOC105371811,16
MIR4729,16
SMIM15,16
CNTF,16
KRABD1-AS1,16
MIR6806,16
PEX39,16
LOC339166,16
SCYGR2,16
LINC00400,16
ITGA2,16
TAB2-AS1,16
LINC02570,16
LOC105371325,16
COX10-DT,16
LOC105373343,16
BASP1P1,16
FAM8A1,16
LOC105370783,16
KRTAP10-1,16
LOC101927960,16
SCYGR8,16
FASTKD2,16
LOC105374760,16
SMIM21,16
LINC02926,16
SOSTDC1,16
MAPRE3-AS1,16
EGFLAM-AS2,16
LOC105370227,16
DNAJB3,16
FAM74A7,16
FAM74A6,16
FAM74A4,16
FAM74A3,16
DNAJC15,16
DCAF8L1,16
KLHL1,16
ELOC,16
LINC01908,16
LOC107987340,16
MAL2-AS1,16
LOC105372073,16
PPIAP30,16
OR8B4,16
LINC01685,16
KRTAP13-4,16
LINC02951,16
VN1R5,16
ZNRF3-AS1,16
LOC105370473,16
IL26,16
FARP1-AS1,16
MIURF,16
LOC105372670,16
ATF7-AS1,16
PRSS38,16
NSUN3,16
LOC124901004,16
SOHLH2,16
LINC02151,16
LOC124904458,16
LINC02198,16
ZNF516-DT,16
LOC124900330,16
AKR7A2,16
LOC105374986,16
LOC124904308,16
MIR6068,16
MIR3200,16
TUG1,16
LOC124900875,16
SZT2-AS1,16
ZNF32,16
RIPPLY1,16
LINC02573,16
LOC399975,16
LOC107985465,16
LOC105378605,16
HEPN1,16
PLD6,16
IFI27L2,16
LOC107985118,16
C19orf53,16
SNHG21,16
LOC112268150,16
LOC105370627,16
LOC112268076,16
EHHADH,16
SREBF2-AS1,16
CDKN2C,16
LOC105376026,16
IFT70B,16
OR2A4,16
HOXA1,16
SCYGR10,16
TAS2R5,16
R3HDM2-DT,16
LOC101927908,16
ADH1A,16
SCOC-AS1,16
LOC124904941,16
FANK1-AS1,16
LOC101927830,16
MIR4728,16
SERPINB10,16
PDSS2,16
SMPDL3A,16
LOC107984628,16
LOC102725065,16
LY96,16
LOC124903465,16
INSL6,16
CSN3,16
POU3F2,16
KLF18,16
HELQ,16
LINC01775,16
ATP8B1-AS1,16
LOC124902889,16
HLA-DQB2,16
DLG2-AS2,16
ERVFRD-1,16
TICAM1,16
MRGBP,16
LDHC,16
LOC105374797,16
LOC124902182,16
LOC124903937,16
LOC101929457,16
RNF216-IT1,16
SNORD3A,16
SNORD3C,16
LOC105375877,16
IKZF3,16
LOC105375769,16
MSL3B,16
IL6-AS1,16
PRAF2,16
LOC105376101,16
LOC124901265,16
LOC105369757,16
MIR539,16
ERAS,16
LOC124903509,16
OR11H1,16
LINC02013,16
MIR5091,16
LOC100507464,16
LOC105377273,16
C17orf107,16
LINC00554,16
FOXC1,16
LOC124904538,16
LOC105379311,16
LOC124905204,16
LINC02342,16
LINC02756,16
CRK,16
ZNF419,16
RPL37,16
SLC25A1,16
LOC105376011,16
LOC105375604,16
LOC112268029,16
LOC124905306,16
LOC124909443,16
LOC124900270,16
ADRB3,16
LOC124907747,16
LOC102724463,16
LOC124909387,16
LOC105376372,16
LEP,16
LOC284912,16
DGKK,16
TLL2,16
LOC102724521,16
LTB4R,16
LINC01430,16
LOC101928283,16
CCT8L2,16
LOC105373287,16
LINC01441,16
LINC02746,16
LOC105377363,16
LOC105376179,16
CIMIP1,16
SNORA11D,16
MESP1,16
HTATSF1,16
SELENOO-AS1,16
OTUD6B,16
PPP3CA-DT,16
PTCHD4,16
EFL1P1,16
CH17-125A10.2,16
ZNF66,16
LINC03060,16
SNHG11,16
OCIAD1-AS1,16
LOC124902937,16
NDUFS4,16
LOC107986068,16
SNORA69,16
MIR103A2,16
DERL2,16
SPDYE4,16
PDF,16
LOC124904550,16
ELK1,16
HMGA2-AS2,16
AKAP17A,16
MIR3139,16
TMEM14C,16
LOC124900696,16
LOC105370266,16
NUDT4P2,16
LOC105373898,16
FOXD2-AS1,16
TNP1,16
HSPBAP1,16
LOC124902654,16
FRG2EP,16
LOC124905185,16
NFE4,16
FRG2B,16
FRG2,16
HIPK3,16
AP1AR-DT,16
TSPY9,16
FAM83A-AS1,16
LINC02239,16
CTSLP8,16
LOC124901040,16
LOC105377504,16
LOC105378648,16
GEMIN6,16
LINC01880,16
LOC105374634,16
TCERG1L-AS1,16
TMEM92-AS1,16
LOC105378620,16
KRTAP21-2,16
MIR563,16
LOC124906110,16
LOC101929657,16
ST3GAL1-DT,16
TIMM23,16
LOC105370109,16
LOC124909408,16
MIR6828,16
LOC105374418,16
GPR88,16
ANAPC1P6,16
PPIL4,16
LOC105373077,16
LOC124903043,16
PRAC1,16
LOC107984317,16
GCNT7,16
MBTPS1-DT,16
BEX3,16
LOC105376787,16
LOC105370528,16
LOC124903186,16
MCHR1,16
OR8B12,16
LOC124904419,16
MS4A15,16
WWTR1-IT1,16
RNU6-7,16
OR51B4,16
SWSAP1,16
TAF1L,16
LOC105379388,16
LOC105377141,16
DYNAP,16
GOLGA8T,16
TXLNA,16
OR13A1,16
ZNF354B,16
MIR887,16
IPP,16
C3orf22,16
LOC124901142,16
LINC02514,16
LOC105377796,16
LOC124904319,16
MIR3908,16
ATP6V1B1-AS1,16
SCD5,16
LOC105374598,16
LOC105369453,16
ZKSCAN2,16
LOC105377480,16
LOC124903900,16
LOC102723543,16
LOC124902933,16
LOC124901028,16
LOC105371007,16
LOC124902172,16
LINC01942,16
CCDC3,16
LOC100130283,16
C5orf34-AS1,16
KLK14,16
CFAP96,16
LOC105378109,16
SNRPE,16
FAM197Y9,16
UBA52,16
MIR4314,16
MIR6862-1,16
H2BC4,16
LOC124900966,16
MIR6511A3,16
LOC105379158,16
MNX1-AS1,16
LINC02576,16
LOC124903779,16
LINC00392,16
MIR4739,16
DMAC1,16
LOC105375835,16
LOC105372242,16
MIR6718,16
DNPH1,16
LOC124900530,16
RRP8,16
PSPN,16
LINC02009,16
LOC124904855,16
RAX2,16
LOC124901653,16
LOC102723305,16
TXNDC17,16
SLC4A10,16
KCNJ10,16
EID2B,16
LOC107984035,16
LOC124904925,16
MIR3154,16
HSP90AB1,16
LOC105373677,16
BST1-AS1,16
LOC105376177,16
HIGD2A,16
B3GNT6,16
LNP1,16
CXCL1,16
WDR31,16
CHN2-AS1,16
TNFAIP8L1,16
LOC124903378,16
LOC124901394,16
LOC124904412,16
MIR1587,16
SNORD115-3,16
LOC124900421,16
LOC105376996,16
CATSPER4,16
LOC124904571,16
SLC36A2,16
FBXW9,16
LRFN4,16
LOC124903904,16
MIR6728,16
B4GALT1,16
LOC105379574,16
CNTN4-AS1,16
CIMAP1D,16
LOC105369199,16
ZFHX3-AS3,16
LOC105372028,16
LINC02538,16
LOC105378562,16
TENT5B,16
LINC01896,16
LEISA1,16
GHET1,16
TDRD7,16
LOC124902316,16
LOC112268431,16
LINC01548,16
LSS,16
LOC105378890,16
CTXND2,16
ZNF174,16
LOC105378737,16
PRIM1,16
PPAN-P2RY11,16
LOC124903303,16
SIGLEC5,16
LOC107986750,16
MPP7-DT,16
RNF24,16
LINC01480,16
ZNF330,16
LOC124900880,16
LOC101928126,16
MIR4712,16
KLHDC3,16
PAPSS2,16
LOC105377938,16
MROH8,16
TRIML1,16
OIP5-AS1,16
MUC22,16
LOC124901069,16
LOC107984505,16
H2BW2,16
GPR155-DT,16
SLC39A12-AS1,16
CFAP210,16
ACKR1,16
LOC105378699,16
TOLLIP-DT,16
FGD5P1,16
LOC105379397,16
ERVK3-1,16
LINC01216,16
KBTBD12,16
PRPS1L1,16
UBALD2,16
LOC124906105,16
FBN1-DT,16
NUDT16L1,16
LINC01415,16
CRYGB,16
RIPK2,16
LOC105370530,16
FAUP4,16
LOC105374981,16
H2BC12,16
LOC107984199,16
LOC105375993,16
LOC124900446,16
CTXN2,16
LOC124902674,16
QNG1,16
LOC102724856,16
LINC02501,16
MIR3123,16
BTBD10,16
PLA2G5,16
CASP10,16
ZPBP2,16
NPY,16
RBP3,16
PTPRE-AS1,16
BCL6-AS1,16
DEFA1B,16
EID3,16
OR2AT4,16
LINC00927,16
PLCH1-AS1,16
KLF1,16
LOC107986595,16
BNIP1,16
GREM1-AS1,16
B3GNT9,16
LOC105378901,16
SAMTOR,16
LINC02492,16
MIR320C1,16
RIPK4,16
RTF2,16
EIF5AL1,16
SVBP,16
KRTAP5-2,16
ARPC4-TTLL3,16
LINC02120,16
LOC105370804,16
MIR4531,16
SNORD115-23,16
KRTAP3-1,16
LOC124905212,16
LOC124900305,16
VPS13B-DT,16
PEX12,16
PTOV1-AS1,16
SPATA31C2,16
KIF3B,16
MRS2P2,16
LOC124902390,16
LOC124903025,16
MIR6830,16
LOC105377551,16
RALY-AS1,16
HEXA-AS1,16
OR4D9,16
LOC400748,16
ZNF665,16
LOC105374706,16
SSNA1,16
HLA-E,16
CSKMT,16
LOC105378314,16
NDUFA1,16
WDR86-AS1,16
DAPL1,16
LINC02604,16
LOC124900765,16
MIR7107,16
LOC124903244,16
TRIM49,16
TRIM49C,16
LOC105371988,16
MIR1243,16
FBXO36,16
LOC107987100,16
LINC02723,16
LOC105379034,16
LOC124901628,16
DSG1,16
MIR3196,16
MIR548AQ,16
LOC105370934,16
CYB5D1,16
MIR1197,16
LOC105376400,16
PCDHB2,16
MIR219A1,16
HRAT17,16
ZNF746,16
WDR5,16
MIR4650-1,16
FEM1C,16
LOC124906076,16
MAGEA8,16
LRGUK,16
LOC107985959,16
SNORD116-10,16
LOC105377657,16
LIPM,16
TFF1,16
LINC00397,16
LOC124903091,16
FGL2,16
LOC124905197,16
MAGEA1,16
DYNLT1,16
SPRR2E,16
KRABD2,16
MIR3679,16
LOC124904940,16
ZNF443,16
TMEM106B,16
CT75,16
PLEKHD1,16
KRTAP4-5,16
DSCC1,16
NTMT2,16
HS3ST3B1,16
LOC105370370,16
LOC101929227,16
LINC00898,16
GPC4,16
CCDC169-SOHLH2,16
DPPA2,16
FDXACB1,16
EFNA5,16
UEVLD,16
SPZ1,16
ULBP1,16
OTUD6A,16
LOC105375340,16
MRGPRG,16
SNORA74B,16
RASSF3-DT,16
PRAMEF10,16
PRAMEF33,16
LOC105374814,16
LINC01345,16
MIR596,16
LOC124904187,16
LOC124900309,16
ZNF843,16
LINC00311,16
LINC01688,16
SLC9A7P1,16
CDC26,16
WASIR2,16
LOC124902981,16
ZNF628,16
WDR82,16
SCYGR7,16
ELAVL3,16
NDUFB10,16
LOC124903830,16
LINC01882,16
SNTN,16
MAMDC2,16
LOC124904044,16
LOC105376119,16
LOC124900277,16
SNORA40C,16
ZNF71,16
CCKAR,16
HLA-G,16
DACT2,16
LOC107985242,16
LINC02117,16
INE1,16
CLDN9,16
LOC124902176,16
TCN1,16
LOC105372558,16
CFAP206,16
MIR548BA,16
NENF,16
LOC105373056,16
KLRF2,16
LOC105375488,16
MT1L,16
PSMC3IP,16
LOC124901032,16
CHRAC1,16
VEGFD,16
ZBTB46-AS2,16
GTF2IP12,16
LOC105372545,16
MIR6796,16
SNORD116-23,16
SNX7,16
PYDC2,16
PPP1R3B-AS1,16
KRTAP5-7,16
LINC00562,16
CEP170P1,16
MIR2681,16
INSL3,16
LOC124909357,16
LOC105373313,16
LACAT1,16
LOC105377367,16
NKX2-8,16
LOC105374056,16
LOC105373012,16
LOC107986453,16
MIR3151,16
ESD,16
LOC124903742,16
NIP7,16
DEFB4B,16
DEFB4A,16
BACE1-AS,16
LOC105379839,16
PCDHA13,16
LOC105370505,16
MIR608,16
CDADC1,16
S1PR1-DT,16
LOC124904868,16
TERB1,16
LINC02887,16
LOC105375856,16
LIN7B,16
MACIR,16
MIR3142,16
LOC105375246,16
ARGLU1,16
EIF3J-DT,16
KBTBD11,16
BUD13-DT,16
RPS4Y2,16
LOC107987282,16
TSTD3,16
LOC105369488,16
SSR4P1,16
DANT2,16
MIR3677HG,16
LOC105378551,16
LOC105370542,16
ZNF142,16
LOC124907946,16
LOC107986785,16
LINC02017,16
LOC101929908,16
LOC105371233,16
LOC102723994,16
LOC124904277,16
LOC124902480,16
LOC100132741,16
LINC03108,16
MIR4330,16
PRSS57,16
XIRP1,16
KRTAP10-3,16
LOC101929256,16
KIAA1143,16
LOC107984608,16
LOC105379114,16
MIR4635,16
MIR6131,16
MIR4291,16
TINAG,16
LOC124900520,16
CYCSP52,16
LINC02437,16
LOC102724754,16
LINC00506,16
LOC105371341,16
LOC105376063,16
LINC01218,16
H4C13,16
MIR4480,16
MIR4526,16
RNU6ATAC,16
C16orf90,16
CFAP299,16
CDC42P3,16
LOC107986887,16
MIR8089,16
S1PR2,16
LOC124900970,16
LOC105379245,16
ALDH1A2-AS1,16
DUSP13A,16
OR1A2,16
THRSP,16
RNU6-1,16
LOC124903906,16
MIR7159,16
LOC105378971,16
HNRNPAB,16
LINC01512,16
MON2-AS1,16
LINC01381,16
MIR3149,16
BOLA2-SMG1P6,16
HSPB2,16
RSPH3,16
DNASE1L2,16
LOC105377713,16
LOC105373759,16
LOC105375833,16
C3orf62,16
LOC107984181,16
MARCKS,16
PRAMEF4,16
PRAMEF5,16
PRAMEF15,16
PCDHGB4,16
DHFR,16
URM1,16
SLC25A4,16
C2CD4B,16
OR10V1,16
LOC107987176,16
PTRHD1,16
DIO3,16
LOC124904043,16
PARAL1,16
TSFM,16
RANBP10,16
CYLC2,16
LOC105374673,16
OR4M1,16
LOC124904986,16
LINC01613,16
LINC02534,16
LOC102503427,16
LOC124902363,16
PCNAP1,16
LOC124901505,16
LINC02093,16
CHKB-CPT1B,16
MCAT,16
LOC124909362,16
GNB4,16
MIR4660,16
DNAJC28,16
CASP5,16
ARMCX2,16
ZNF583,16
CTB-3M24.3,16
SPATA31F3,16
LOC105370502,16
CHST13,16
SYNJ2BP,16
LOC105370418,16
MIR5581,16
LOC105377366,16
OR2G2,16
LOC124902564,16
IGIP,16
PATE3,16
MIR6779,16
LOC101927284,16
GYPE,16
LOC107984732,16
CDH7,16
HAUS5-DT,16
GYPB,16
SERF2-C15ORF63,16
KICS2,16
LOC105371116,16
MIR4799,16
NCBP2,16
ZNF780B,16
LINC02949,16
OR2D2,16
LOC105372994,16
LINC02115,16
LINC01022,16
PTPRS-AS1,16
LOC105376888,16
LOC124904008,16
LINC00919,16
LOC105378764,16
CCDC15,16
LOC124903939,16
CNRIP1,16
UBQLN1-AS1,16
STOML3,16
CALHM1,16
MIR1270,16
RILPL2,16
SAPCD1-AS1,16
NCR3,16
LOC124901036,16
MIR198,16
SERF1B,16
SERF1A,16
LOC124903134,16
TMEM203,16
LOC124901355,16
SAP30L-AS1,16
FOXA2,16
LOC646736,16
PSMG3,16
PTTG2,16
LOC124901885,16
MIR1290,16
WDR53,16
LOC105378903,16
LOC124904792,16
ZNF321P,16
CCN1,16
KLHL25,16
MYBL2,16
SLC16A11,16
LOC124903462,16
MIR4319,16
MIR3682,16
MIR6859-1,16
CLIC4,16
SRD5A1P1,16
LOC641746,16
LOC124905030,16
SIKE1,16
PI4K2B,16
MAPK8IP3-AS1,16
VHLL,16
LOC105372790,16
LOC124906145,16
LIF,16
LOC105373997,16
VAPA,16
PDZD9,16
MIR3134,16
LOC124900350,16
LOC100289656,16
LOC105378761,16
CXCL6,16
XAGE1B,16
RILP,16
DHDH,16
MIR122HG,16
CSTB,16
LOC105371490,16
SMIM27,16
TEX11,16
LOC107986382,16
LOC101928972,16
TSPAN13,16
AFF4-DT,16
RNVU1-18,16
ZSCAN1,16
CCNJ,16
LOC105377723,16
LOC124904035,16
IQSEC3-AS1,16
LOC124905174,16
LOC105375779,16
PDE7A-DT,16
OR10V2P,16
NACA2,16
DTYMK,16
IMPACT,16
MIR4265,16
LOC105376219,16
LOC105372624,16
LETR1,15
OR10AG1,15
LOC105378658,15
IFNW1,15
LOC105378598,15
ANKRD34C-AS1,15
LINC01029,15
LOC124900754,15
CNIH3-AS1,15
ZUP1,15
FGF16,15
ACOT4P1,15
LOC107984173,15
LOC105379066,15
SMIM28,15
MIR4426,15
NUGGC,15
ZNF671,15
FAM177A1,15
LOC124900479,15
LOC124904048,15
LURAP1L-AS1,15
LOC105372984,15
LOC105375975,15
LINC02607,15
OR1F2P,15
HNRNPCL3,15
LOC124900395,15
MIR4505,15
MIR3185,15
C3orf70,15
CDC20B,15
MIR548AA1,15
MIR4460,15
MIR622,15
LOC107985868,15
DHRS13,15
LOC124909386,15
CLRN2,15
LINC00972,15
MIR4747,15
GRXCR1,15
BNIP2,15
LOC105370246,15
ADIRF,15
LOC105374785,15
PRKG2-AS1,15
TAC1,15
LOC124904465,15
HMX1,15
LINC01217,15
LOC124903640,15
TM4SF19,15
PABPC1P2,15
LOC105370191,15
LOC124900324,15
LOC105375599,15
CST9,15
MS4A13,15
LINC02441,15
LOC124903214,15
SCARNA2,15
LOC105371091,15
MIR6081,15
CELF2-AS4,15
TRIM64C,15
LOC105374027,15
H2AC15,15
ZFX-AS1,15
MIR662,15
C1orf21-DT,15
LOC122394732,15
LOC124900329,15
LPAR4,15
LOC105375310,15
MIR5582,15
LOC124904337,15
IGBP1P1,15
CLDN8,15
SNRPG,15
MIR3116-2,15
ADPRS,15
LOC124903215,15
LINC00351,15
LOC105379249,15
LOC105379450,15
LOC124905960,15
OR14L1,15
UBE4A,15
LINC02727,15
CHST4,15
CHML,15
C14orf119,15
MIR5188,15
LOC105373395,15
MAGEL2,15
LOC124904384,15
MID1IP1,15
TDRD15,15
SKA2,15
LOC283731,15
SCEL,15
LOC105378392,15
MIR708,15
LOC105372880,15
LOC124903255,15
LOC124902505,15
PARTICL,15
RPL7A,15
CCR8,15
OR8A1,15
LOC107986377,15
MIR550B2,15
GJB7,15
LINC00700,15
SOWAHA,15
LOC105373940,15
LOC100128059,15
GTF3C2-AS2,15
LOC107986716,15
HNF4G,15
LINC00515,15
RUNX1-AS1,15
SNRPD1,15
JRKL,15
GPR101,15
SPECC1-DT,15
BCAT1-AS1,15
IGSF11-AS1,15
HCG24,15
LOC105371261,15
CRADD-AS1,15
LINC02174,15
AQP4,15
LOC124900706,15
LOC124901154,15
HLA-DQB1-AS1,15
LOC112268102,15
LINC01142,15
ASCL5,15
PRICKLE2-DT,15
POU4F2,15
LOC105373791,15
ZNF157,15
LOC124904434,15
ZNF780A,15
ZNF117,15
LINC00377,15
VSX2,15
DDR2,15
LOC124902700,15
ZNF397,15
LOC105377862,15
LOC102723475,15
LOC124907773,15
C6orf58,15
SMCR5,15
SNHG8,15
OR10A4,15
RNF113A,15
MIR4521,15
LOC105369974,15
PSMB5,15
C10orf62,15
TMEM167B,15
MRPL17,15
WFDC12,15
LOC105378316,15
KDELR2,15
DAZAP2,15
CHIA,15
LOC107986583,15
LINC00601,15
HLA-DQA2,15
TGIF2-RAB5IF,15
LINC00374,15
MYO1D-DT,15
OXR1-AS1,15
FAM201A,15
HEPHL1,15
KRTAP10-7,15
MIR4699,15
LOC124904734,15
LOC124905045,15
MARCHF4,15
KRTAP2-2,15
DDN-AS1,15
LOC124904100,15
BCL2L2-PABPN1,15
WBP11P1,15
LOC112268474,15
MRPS24,15
RDUR,15
ING3,15
TLCD3A,15
PLSCR5,15
IL22RA1,15
TSPY1,15
LOC124902540,15
IDH3B-DT,15
APOBEC2,15
YTHDF1,15
LOC105377265,15
ZNF613,15
LOC105373994,15
LOC128966705,15
ARPP21-AS1,15
ZNF202,15
LOC105374473,15
LOC102724593,15
SMCO1,15
LINC01355,15
TYW1B,15
RNF151,15
MIR4473,15
LOC105375712,15
LOC105370297,15
LINC02674,15
MAGOHB,15
MIR512-2,15
TMOD4,15
LOC107984375,15
KBTBD11-AS1,15
DEFB113,15
SEC14L4,15
MIR1293,15
GADD45G,15
LOC105370582,15
MARCHF4-AS1,15
DESI2,15
LOC124904283,15
LOC105376071,15
LOC105371096,15
LOC105371108,15
HSPA5,15
LOC124903924,15
SDAD1-AS1,15
LOC124909466,15
LOC124904138,15
LOC124900228,15
LOC107986405,15
IL36A,15
SNORD31B,15
CHAC2,15
DHFRP3,15
LOC124900811,15
SRSF8,15
LOC105370415,15
SNORD121A,15
CYBRD1,15
MYADML,15
SKOR1-AS1,15
LOC107985667,15
LOC105370459,15
LOC101927961,15
PATE1,15
MIR4654,15
POLR1G,15
CHGB,15
YTHDF2,15
LOC105376622,15
LOC105369658,15
DEFB106B,15
DEFB106A,15
YY1P2,15
LOC728989,15
LOC105372151,15
TRH,15
PROSER2,15
LINC01522,15
LINC01289,15
LINC02219,15
LOC105370182,15
DEFB133,15
LOC124901170,15
MIR4638,15
LOC107984902,15
ZBTB6,15
LINC00165,15
LOC124901370,15
GPRASP2,15
GJB2,15
HTRA4,15
LOC124900512,15
LOC124901332,15
RIPPLY2-CYB5R4,15
CLEC4GP1,15
FAM74A1,15
MIR3611,15
MIR3144,15
LOC105374600,15
LYSMD3,15
LOC105374246,15
STATH,15
VHL,15
ZNF772,15
LINC02190,15
PYHIN1,15
WASHC5-AS1,15
KRT2,15
ARRDC3,15
LINC03019,15
ALPK2-AS1,15
MYEOV,15
BSX,15
LOC124902236,15
BTBD9,15
CDY2B,15
CDY2A,15
LOC105374107,15
LOC124906382,15
MIR95,15
SNORA77B,15
LOC105372041,15
LOC107986430,15
XKR7,15
GDF9,15
MIR605,15
LOC124900651,15
LOC101929550,15
OR4X1,15
LOC105369793,15
ADGB-DT,15
LOC105373854,15
SNHG25,15
TRIM8-DT,15
H3C8,15
MIR4535,15
WNT9A,15
LOC124901287,15
LOC124904197,15
LINC01425,15
OR10P1,15
HTR7,15
VEGFC,15
ZNF688,15
ARHGAP26-AS1,15
MIR4790,15
MIR4327,15
LOC105372502,15
TWSG1-DT,15
C6orf62,15
FAM88E,15
RNU2-1,15
FAM88F,15
CEL,15
SNORD37,15
LOC124900332,15
CCDC39-AS1,15
OR56A1,15
ZWINT,15
BHLHE22,15
CAPS2-AS1,15
GAPDHS,15
MOB1A,15
MIR548AG2,15
LOC105372212,15
MIR3168,15
SNORD96B,15
MIR6724-1,15
MIR6724-2,15
MIR6724-3,15
MIR6724-4,15
CABP5,15
PCDHGC5,15
ZFP28-DT,15
MIR3198-2,15
LOC105372424,15
MIR1226,15
MIR4786,15
ZNF429,15
LOC124903934,15
MTNR1B,15
LOC124903151,15
LOC124900752,15
UBC,15
TIMM23B,15
LOC105376081,15
LOC107984020,15
LOC107987073,15
LOC101927452,15
IQCM,15
IGFBPL1,15
LOC102723819,15
KRTAP19-3,15
MUC5AC,15
FBXO47,15
CTTN-DT,15
LOC101926923,15
OR5K4,15
LOC105373790,15
HARBI1,15
LOC124907853,15
LOC105374769,15
LOC107987246,15
KIAA2013,15
AARD,15
LOC112267909,15
SUV39H2-DT,15
LOC124903896,15
LAMP5,15
LOC105374357,15
MIR2278,15
EFNA3,15
PPP1CB-DT,15
RAG2,15
FBXL22,15
LOC105377369,15
LOC124904001,15
LOC107986673,15
PLAC4,15
ORC3,15
MIR5571,15
AAR2,15
MED28,15
LOC107984674,15
PTPRT-DT,15
LOC105374889,15
PRDM9,15
LOC124904435,15
MIR6072,15
MYH7,15
LOC105379675,15
LINC01187,15
MIR4290,15
LOC105379720,15
LINC01789,15
LOC105379138,15
XK,15
PCSK1N,15
MIR548F4,15
LOC107984270,15
TLE7,15
SLC25A32,15
LOC101927890,15
LOC124903206,15
MIR4481,15
LOC105369743,15
NATD1,15
ZNF616,15
SPCS2,15
LOC124901635,15
IMPG1,15
LOC105373223,15
PRSS50,15
LOC124903335,15
IZUMO1R,15
WDR5CP,15
COX6C,15
APOBR,15
LOC107985524,15
KCMF1,15
MED19,15
RBM12B,15
LOC124901708,15
MIR6807,15
LOC124902929,15
NOXRED1,15
LOC105370823,15
LITAFD,15
MIR6086,15
FAM180A,15
TINF2,15
MYO1B-AS1,15
ZNF26,15
RANBP9,15
RERG,15
SSTR2,15
LOC102723769,15
LOC105370954,15
LOC124904474,15
LOC105375512,15
SEC24B,15
PCDHGA5,15
LOC107985392,15
LOC105374901,15
LOC124903770,15
LOC124901363,15
SLX4,15
LOC105370581,15
TSSK6,15
MIR1343,15
H4C11,15
DUSP29,15
LOC105370029,15
LINC01743,15
MSX2P1,15
LOC105374921,15
SRM,15
IQCN,15
NPFF,15
LOC102723765,15
SALRNA3,15
NDUFB1,15
LOC107984743,15
LOC105377599,15
ALKBH2,15
TSEN15,15
B4GALT2,15
LOC124900528,15
LINC02569,15
LOC105370240,15
DEFB127,15
MMP24OS,15
KRTAP12-3,15
KRTAP20-3,15
PNRC1-DT,15
SYNGR2,15
LOC124900531,15
LINC01632,15
LOC105376447,15
FJX1,15
LOC105372225,15
LOC124901610,15
C8orf76,15
LOC105372318,15
LOC105373682,15
LOC124900617,15
FAM169BP,15
SNTB1-AS2,15
LOC105373109,15
LINC02844,15
HCCS,15
LOC100287704,15
LOC105376253,15
MIR6809,15
LOC102724728,15
CA13,15
SENP3-EIF4A1,15
UGT2B7,15
MIR3197,15
TAFA1,15
LINC01805,15
LOC100335030,15
LOC124906084,15
CD207,15
WDR75,15
MKRN9P,15
MIR4325,15
LOC124902774,15
LOC107984888,15
OR4D5,15
YY2,15
LOC105377231,15
LOC112268156,15
LIN9,15
STARD5,15
COX8C,15
GUF1,15
LOC105376159,15
LOC105372522,15
SOX21,15
LOC728739,15
LINC01168,15
CD302,15
CT47A1,15
LOC124903076,15
MIR4669,15
LOC107985838,15
LOC283299,15
LINC02024,15
LOC105375709,15
LOC124904749,15
LINC00205,15
ZNF140,15
LOC105377196,15
ZNF562,15
SCARNA23,15
LINC01944,15
LINC01363,15
LINC01767,15
HS6ST2-AS1,15
CTSO,15
MIR4321,15
AHSP,15
LOC440742,15
FAM66E,15
LOC107986601,15
LOC105371654,15
SMIM42,15
HCCS-DT,15
C10orf67-AS1,15
NUDT9,15
AFAP1-AS1,15
MIR219A2HG,15
LOC124904769,15
RCVRN,15
SNHG6,15
C9orf57,15
C16orf87,15
TREH,15
MIR4666A,15
LOC105379807,15
TRIM64B,15
TRIM64,15
LOC124907763,15
METTL24,15
VSTM2A-OT1,15
LINC01028,15
LOC105374467,15
SLC5A7,15
SNAPIN,15
LOC107986547,15
PPP2R2B-AS2,15
UBTD1,15
SVOP,15
PTF1A,15
MIMT1,15
LOC100126584,15
SCMH1-DT,15
LOC124904331,15
PITX3,15
MIR3132,15
LOC124907745,15
SLC6A14,15
CXCL2,15
NXT1,15
MIR4463,15
PGPEP1L,15
INHBC,15
FAM246C,15
LOC124904695,15
TET2,15
PROB1,15
LOC107986979,15
TFAM,15
TMEM179B,15
LOC105372321,15
CERNA3,15
SELENOF,15
EGR4,15
LIPT2,15
EXOSC1,15
OR6Q1,15
INIP,15
MOS,15
LOC105374647,15
ART4,15
TGFB2,15
CDRT8,15
LOC730101,15
LOC105378735,15
LINC03156,15
MOCS2,15
MIR6760,15
DINOL,15
JMJD1C-AS2,15
LINC02496,15
LOC124903281,15
CFAP95,15
LOC124902881,15
TSSK4,15
TNRC18P1,15
LOC124902620,15
PIN1P1,15
CHAER1,15
OR10G8,15
C1orf202,15
LOC100506551,15
MRPL33,15
LOC102723403,15
PNLIPRP3,15
DNM1P50,15
LOC105374283,15
LOC124900555,15
NOTCH2NLC,15
GOLGA6L1,15
GOLGA6L26,15
DSC1,15
MIR548AY,15
INO80D-AS1,15
OR5F1,15
PDILT,15
SMIM10L2B,15
BRS3,15
UBE2G2,15
GDF6,15
LOC105370456,15
HPS6,15
PLEK,15
LOC124902811,15
LOC101929551,15
LOC124904907,15
HSPA14,15
MIR7844,15
ERVE-5,15
LOC105378561,15
LINC02434,15
LINC02876,15
NRXN3-AS1,15
KRTAP5-4,15
ACSL3-AS1,15
LINC01002,15
PRPH2,15
LOC105369373,15
LOC107986772,15
SNORA49,15
KRTAP2-3,15
TMEM184B-AS1,15
MIR541,15
LOC105371372,15
CCL21,15
LINC01465,15
LOC105376242,15
MIR1913,15
LOC124900928,15
COMMD5,15
LOC124904394,15
LOC107984554,15
LOC105377853,15
LOC105371313,15
HNRNPKP3,15
LINC00244,15
PCED1B-AS1,15
SNORA11,15
LOC105379360,15
CRNDE,15
LOC107984778,15
LOC107986054,15
LOC101928608,15
LOC124906030,15
TIPIN,15
NAGPA-AS1,15
NAXD-AS1,15
DMRTA1,15
LOC105371206,15
BRCC3,15
MIR3924,15
MIR4312,15
GTF2H5,15
LOC105375889,15
MIR4448,15
ITFG1-AS2,15
LINC02398,15
TREML2,15
C8orf17,15
LOC124904060,15
LOC105376300,15
MIR7856,15
LOC101929617,15
MRPS10,15
SPARCL1,15
CRIPTO,15
TCP11X1,15
LOC105375567,15
NDNF-AS1,15
LINC01945,15
TMEM60,15
LINC02401,15
FBXW2,15
TEDDM1,15
MIR137HG,15
HCG14,15
METTL1,15
LINC01456,15
MIR4302,15
MIR643,15
LOC124900701,15
GZMH,15
LOC124900650,15
H2AZ2,15
LOC124905024,15
LOC105379437,15
LOC124904882,15
LOC124902783,15
LOC124900382,15
MIR675,15
LOC105376250,15
LOC124902163,15
LOC124901658,15
MIR922,15
ARF4-AS1,15
LOC105371922,15
LOC101927950,15
GOLGA8K,15
GOLGA8R,15
GOLGA8O,15
LOC105370447,15
LOC124901408,15
SCARNA18B,15
RNF4BP,15
LOC107984859,15
MIR133B,15
LOC105372045,15
LOC105372059,15
OR7D2,15
SPIN2A,15
LOC124907879,15
MRPS21,15
LOC105373394,15
NAF1,15
LINC00564,15
LOC124904114,15
CCDC183-AS1,15
MYH2,15
MMP25-AS1,15
SIAH2-AS1,15
DCTN6-DT,15
NBPF10,15
NBPF14,15
LOC124902369,15
OR2I1,15
LOC107984555,15
COX7A1,15
LOC105370668,15
MMD2,15
LOC124900447,15
OLMALINC,15
PRAMEF20,15
PLCL1,15
SEPTIN7-DT,15
LOC124903447,15
SOWAHC,15
NPTXR,15
LOC105369663,15
OR1J1,15
EIF2AK3-DT,15
SCARNA14,15
LOC124900463,15
PAPLN-AS1,15
LINC01950,15
RP2,15
LOC124904116,15
LOC124900295,15
DPM3,15
DIPK1A,15
LOC105378075,15
LINC00921,15
IGSF22-AS1,15
LOC105377033,15
MAP2K4P1,15
LINC00449,15
SLITRK4,15
LOC105377128,15
SLC25A52,15
GZMM,15
LOC124904864,15
LOC105378464,15
FOS,15
LOC101927461,15
WDR54,15
CACNB2-AS2,15
PDHA2,15
PCDHB8,15
LOC105375905,15
LOC112268227,15
LOC124900852,15
LINC02039,15
LOC124900959,15
MIR8058,15
LOC105373562,15
LINC01796,15
LOC124904547,15
LOC105377696,15
SNORD13D,15
ZNF141,15
LOC105370314,15
LOC105372475,15
OR9I1,15
PANK2-AS1,15
EIF3G,15
LOC105376306,15
PHKA1-AS1,15
ZNF252P-AS1,15
LINC01386,15
OPCML-IT1,15
OR51T1,15
LOC124900391,15
OPRD1,15
LOC105370773,15
LINC02454,15
NRG3-AS1,15
LOC101927560,15
BLOC1S5-TXNDC5,15
SNORD65C,15
LINC01998,15
FTLP10,15
SAA2,15
LL22NC01-81G9.3,15
CCNG1,15
LOC124904905,15
LOC124903662,15
LLPH,15
LOC105378268,15
ODC1,15
LOC105370122,15
SEPHS2,15
VRTN,15
PCMT1,15
ADAM23,15
LOC124901924,15
MIR29B2,15
MAML2,15
P3H2-AS1,15
MIR4443,15
HAPLN3,15
LOC124903875,15
TUBG1,15
GPKOW,15
RNU1-2,15
RIMKLA,15
RHOQ-AS1,15
MIR548AA2,15
OR4N5,15
LOC124904635,15
OR6K2,15
LOC101929996,15
FOXF2,15
RNU105B,15
CDK20,15
CLEC14A,15
EZHIP,15
LOC107985703,15
CTCF-DT,15
MAX,15
LOC105372309,15
PIGK,15
LINC01309,15
SRFBP1,15
LINC02216,15
MIR1914,15
SNORD115-5,15
LOC105375484,15
LOC124902414,15
LOC124905122,15
BRINP3-DT,15
LINC01404,15
LOC101927793,15
LOC124902681,15
OR4F6,15
RMI1,15
IL22RA2,15
LOC124903886,15
LOC107985461,15
LOC124901893,15
LOC105370457,15
CHSY3-AS1,15
LOC105370304,15
LINC01903,15
LOC105371236,15
LOC107985856,15
LOC105379228,15
LINC02186,15
SPX,15
FRS2,15
LOC107985676,15
BLOC1S2,15
PCDHB17P,15
MMP13,15
LOC107985728,15
RNPC3-DT,15
LOC105377315,15
MIR302E,15
PMS2P2,15
XAGE1A,15
IL2RG,15
MIR589,15
LOC105377073,15
LINC02563,15
PBX3-DT,15
RAP2A,15
CES1P1,15
LOC124901151,15
ZNF99,15
RAB3D,15
USP29,15
FAM236D,15
FAM236C,15
LOC101928077,15
LOC105370430,15
RNF32-AS1,15
MAPRE1,15
AGAP1-IT1,15
UGDH-AS1,15
LOC105378895,15
LINC01182,15
GJA3,15
MIR130A,15
CSGALNACT2,15
LOC107984407,15
DEFT1P2,15
RBPJ-AS1,15
ANAPC11,15
SYT13,15
SNORD68,15
TEX13B,15
DEFB109B,15
LINC02517,15
LOC124905172,15
LOC124905173,15
ARIH2OS,15
NDC1,15
LOC124904278,15
ACTG1P17,15
TLX3,15
LOC105373686,15
LOC124901631,15
LOC101928032,15
LOC112268080,15
SHISA7,15
ST7-AS1,15
LOC102723392,15
LOC112268445,14
LOC105375909,14
LOC124904433,14
KDM4D,14
HLA-DRB6,14
LOC124903489,14
STAG1-DT,14
LOC124903231,14
CAGE1,14
LOC124904521,14
LOC105375688,14
PLP2,14
SLC30A9,14
GNG11,14
MIR6509,14
LINC00448,14
LINC01997,14
LOC105371227,14
ATXN1-AS1,14
LRP11-AS1,14
SNORD115-28,14
MIR4803,14
LOC124903978,14
MYL1,14
LOC102723370,14
F10-AS2,14
MIR371B,14
PHF10,14
PHF6,14
LOC107987247,14
LOC107984681,14
ELOVL5,14
H2AC8,14
KBTBD8,14
LINC01640,14
MIRLET7G,14
ZNF607,14
CFAP298,14
LOC101926968,14
LOC124902775,14
HDGFL1,14
RPF1,14
SNORD113-4,14
MIS18A-AS1,14
LOC124901994,14
HTR2A,14
FGF12-AS1,14
MIR4657,14
LINC02770,14
LINC00852,14
SPINK8,14
LOC102724421,14
LINC01410,14
MIR4721,14
MIR6505,14
LOC105372641,14
LOC107986865,14
PTPRD-DT,14
TCF21,14
RTL6,14
MIR6736,14
XKRX,14
DLX3,14
MIR1272,14
LOC105376194,14
LOC105376078,14
LOC107987112,14
CLYBL-AS1,14
CAMTA1-AS2,14
MAGI3,14
ABRAXAS2,14
LINC02276,14
PRB1,14
SDAD1P1,14
SMIM29,14
MIR503HG,14
LOC107986366,14
MIR378D1,14
RB1-DT,14
H3C4,14
LOC105378383,14
MIR155,14
OR10J3,14
MIR96,14
LOC107983987,14
SMIM34,14
GPX1,14
FANCF,14
LINC02741,14
LOC124903823,14
LINC01476,14
LOC124900716,14
NUDT11,14
DCTN1-AS1,14
RAD21-AS1,14
LOC728660,14
HCRTR2,14
OTULIN-DT,14
XPC-AS1,14
REPIN1,14
CERNA2,14
PCDHGB1,14
OR2T6,14
LOC124902366,14
MIR129-2,14
MIR1302-9,14
LOC124901254,14
LOC124902651,14
LOC105369177,14
OPRPN,14
LOC101928855,14
N4BP3,14
LOC124902177,14
LOC124906269,14
LOC112268145,14
COMMD4P2,14
LOC105372734,14
OR52B2,14
NPVF,14
LOC105375845,14
LOC105369140,14
LEKR1,14
LINC01702,14
LOC105377567,14
LHX8-AS1,14
RPS18P9,14
LOC105377171,14
IFT22,14
MIR320B2,14
LOC101927871,14
SLC22A24,14
FEM1A,14
MIR624,14
GPAT4-AS1,14
LOC124903478,14
BEND3P3,14
ZNF233,14
TRMT10B,14
LOC101928409,14
DNAJC3,14
TSSK2,14
LRRK2-DT,14
LOC105373575,14
HTR1A,14
SRY,14
LOC124902550,14
LOC107984079,14
HSFX2,14
RASAL2-AS1,14
MIR148B,14
MIR8065,14
LINC02010,14
MIR4272,14
DCAF12L1,14
LOC105374966,14
LOC124904498,14
BETALINC1,14
TMEM126B,14
NBPF19,14
LOC105375172,14
IGBP1,14
SNORD3B-1,14
SNORD3B-2,14
SNORD3D,14
LOC105377143,14
MIR378A,14
FBP2,14
AKR1C1,14
LOC124901598,14
LOC105376873,14
CAV1,14
MIR4482,14
LOC105369867,14
MIR5787,14
IFNB1,14
LOC124902980,14
LOC105369457,14
ERVMER34-1,14
XACT,14
LOC124902897,14
LOC124901196,14
RNF7,14
LOC101927602,14
LINC02270,14
ACTR2,14
LOC124907864,14
LOC105374459,14
LOC102724194,14
MT1M,14
SNORD13E,14
C14orf132,14
LOC100132077,14
LINC02817,14
LOC105369622,14
ENTHD1,14
LOC105372773,14
LOC107984881,14
LGR4-AS1,14
BHLHE22-AS1,14
LINC01584,14
LOC101928764,14
MT1A,14
GON7,14
KCNIP1-AS1,14
PANDAR,14
LOC124904594,14
ZNF626,14
LOC105373193,14
LOC124900448,14
LOC105376209,14
LOC105373163,14
MIR548AP,14
STIMATE,14
LOC105370618,14
SNORD113-1,14
PCDH11X,14
LOC124904058,14
MIR7114,14
RPS16P5,14
FOXL1,14
INKA2-AS1,14
LOC105378930,14
H3C7,14
LOC105374795,14
TEX51,14
PPP1R2B,14
LOC105374513,14
LOC105378839,14
IGFL3,14
GRTP1-AS1,14
LOC105373582,14
EPB41L4A-AS1,14
MIR1273C,14
MIR4279,14
TNFAIP6,14
LINC02484,14
CD200R1L,14
LOC105372766,14
LINC02136,14
AMY1C,14
C18orf63,14
LOC105372460,14
ADO,14
LINC01527,14
FLYWCH1-AS1,14
LOC124902759,14
PMVK,14
HSPA6,14
ZDHHC12,14
F2R,14
TMEM31,14
ADAM6,14
OR9A2,14
LOC124906229,14
LOC124901769,14
LOC105374007,14
LINC02958,14
OR4C12,14
SPANXN5,14
LOC124903645,14
LOC105372317,14
ZNF778-DT,14
AGAP6,14
MIR15A,14
OR4A5,14
SARNP,14
ANAPC10,14
RNVU1-8,14
TNFAIP8L2,14
SPATA4,14
LOC124900525,14
LOC101927711,14
TLL1,14
LOC107984254,14
LOC729737,14
ROPN1L-AS1,14
LOC105375782,14
CPHXL2,14
LINC00903,14
OR13H1,14
YPEL3,14
IQSEC3-AS2,14
LOC124905290,14
LOC105376085,14
LOC124900414,14
TMEM276,14
MIR635,14
TTTY21,14
ATOH1,14
LOC124904459,14
LOC105372448,14
LRP4-AS1,14
LOC105374820,14
TMEM252,14
BEX2,14
LINC00552,14
CXCR2P1,14
OR7C2,14
MIR621,14
LOC105373349,14
ZNF816,14
ZNF705G,14
ZNF705B,14
SNORD90,14
MIR4297,14
LOC124900429,14
KLRF1,14
AADACL2,14
UQCRQ,14
LOC105378437,14
ZFP69B,14
MIR4652,14
SGTB,14
AGTR2,14
HOXD4,14
LOC105378394,14
LOC107984643,14
LOC105376412,14
MEIS1-AS2,14
LOC105372358,14
CD5,14
ASCL2,14
LOC124904143,14
FAM88B,14
CD300A,14
MIR4536-1,14
LOC107984447,14
C4orf46,14
LACTBL1,14
LINC02143,14
RPL22L1,14
LYRM1,14
MIR4540,14
LOC105372432,14
KRTAP10-5,14
LOC107985345,14
TIMMDC1,14
PGM5P2,14
LOC105373108,14
MYOM3-AS1,14
NRN1L,14
LOC107984871,14
TTTY20,14
MIR5194,14
LOC285097,14
LIX1L-AS1,14
PSMB7,14
HSPA1A,14
MIR558,14
LOC102724327,14
HEXIM2,14
TEDC2,14
OR5B3,14
LOC124904771,14
LINC02470,14
LOC105375091,14
TPRG1L,14
ELN-AS1,14
LINC02303,14
TNFRSF10A-DT,14
LOC124903079,14
LOC105379135,14
AZGP1P1,14
MAN1B1-DT,14
MIR548B,14
LINC03123,14
LOC107984522,14
TOX-DT,14
ZNF263,14
ANKRD60,14
CD1A,14
MKRN2OS,14
OR10J5,14
TFDP3,14
LOC101927439,14
DIO2-AS1,14
LOC101927375,14
PLET1,14
LOC124909498,14
LOC105371968,14
LOC124900487,14
ZMYM4-AS1,14
LOC112268307,14
ZNF557,14
THAP7-AS1,14
LOC105370076,14
HSFY2,14
LOC101928532,14
LOC105372282,14
NUFIP2,14
POM121L4P,14
NECTIN3-AS1,14
LOC105378879,14
OR5M3,14
RARB-AS1,14
LOC105369902,14
LOC105370586,14
LOC124900633,14
LINC02511,14
LOC101927066,14
LOC101927604,14
HEAT2,14
LOC105373857,14
FCF1,14
LOC124902004,14
LOC107984671,14
GPR141,14
MIR7151,14
OSGIN2,14
SF3B6,14
HAUS2,14
GJC2,14
CDC14C,14
TAS2R43,14
LOC105373950,14
MIR4295,14
SOST,14
LOC124906379,14
LOC124904423,14
LOC107986448,14
LHX4-AS1,14
EBAG9,14
LOC105373876,14
LOC124900353,14
MIR5680,14
LINC02258,14
CHRNB2,14
LOC107986138,14
OR9K2,14
LOC105372922,14
LOC107985404,14
BTBD6,14
DERL1,14
LOC124902195,14
CCL3,14
LOC105374490,14
IL22,14
LOC105377647,14
LOC124905058,14
LOC124903343,14
LOC124900209,14
LOC105373596,14
RSF1-IT1,14
MIR1262,14
RBMS3-AS2,14
C6orf132,14
LOC107986872,14
LOC107985632,14
LINC02734,14
CYP2U1-AS1,14
TRDN-AS1,14
LOC105373265,14
LMO7DN-IT1,14
MYOC,14
MYT1L-AS1,14
FAM83B,14
UMLILO,14
RPL9,14
CD48,14
LOC105374807,14
LOC105377733,14
SEPSECS-DT,14
MIR298,14
FGG,14
CIDECP1,14
PPP3R1,14
DNAJC3-DT,14
LINC01738,14
LINC02881,14
GPR135,14
LOC107985081,14
DUX4,14
F10-AS1,14
LINC02519,14
LOC107986525,14
LOC105374471,14
LOC124902128,14
EVA1B,14
MIR4318,14
EPB41L4B,14
LINC02343,14
TRIM58,14
LYZ,14
MIR7156,14
LINC01675,14
SPATA31C1,14
NEIL2,14
LOC124902422,14
MIR374C,14
LOC124903675,14
LOC105377018,14
SYCE1,14
DTD1-AS1,14
LOC124902923,14
LOC124901689,14
OR52D1,14
MEOX1,14
TMEM271,14
DKFZP586I1420,14
PAK2,14
RPS15,14
C8orf44-SGK3,14
LINC00856,14
LINC00628,14
GREM1,14
MBD3L5,14
MBD3L4,14
TRIM43,14
RPP38,14
LOC124905218,14
MIR3159,14
MPLKIP,14
C16orf96,14
LOC124906198,14
LOC124903949,14
LINC02238,14
LOC105376823,14
SBF1P1,14
MIR7977,14
MIR550A2,14
LOC107986619,14
CYP1A2,14
LOC124905056,14
FBXL4,14
LOC112268467,14
SMCR8,14
BEST4,14
LINC01867,14
CPLX3,14
C1orf162,14
MRPL54,14
ODAPH,14
LOC124904400,14
KCNE2,14
FAM209B,14
CYB561D2,14
LOC124901509,14
LOC124901589,14
LOC124903309,14
H2BW4P,14
H2BW3P,14
LOC124903014,14
OR14K1,14
ZNF559-ZNF177,14
RSPH1-DT,14
LOC124905017,14
LOC101927418,14
CXADR,14
LOC124902231,14
ITLN1,14
TRIM38,14
SH3GL1P1,14
MIR3622B,14
CISD3,14
RNU6ATAC35P,14
CCL5,14
TBL1XR1-AS1,14
UBE2T,14
LOC107984302,14
GCAT,14
DAB1-AS1,14
LOC124903845,14
LINC01392,14
MAK,14
LOC124903749,14
TMSB10,14
MIR1973,14
COXFA4P5,14
LOC105370655,14
KRTAP16-1,14
LOC105374846,14
GP9,14
LINC03013,14
ZNF805,14
RPP38-DT,14
CTNNA3-AS1,14
LOC124907903,14
ZNF837,14
MIR6070,14
TMCO1-AS1,14
XKR4,14
LOC105370751,14
LOC105374773,14
LOC105376429,14
RCC2,14
LOC105377015,14
RPL10A,14
TLR4,14
SNORA72,14
RNF227,14
LOC124900517,14
TSPY26P,14
DNLZ,14
OXA1L-DT,14
LOC105374137,14
LOC105373487,14
PRSS48,14
ZBED6,14
MIR124-1HG,14
PLPPR5-AS1,14
LOC124900435,14
GOLGA6L6,14
GOLGA6L22,14
GOLGA6L24,14
GOLGA6L25,14
LOC105371802,14
LINC01595,14
DPYD-AS1,14
LOC107985814,14
SCARA3,14
MIR4788,14
TAB3-AS1,14
RPP25,14
LOC124901178,14
TENM2-AS3,14
LOC124903329,14
UGT1A10,14
LOC124900504,14
LOC124901528,14
DRD3,14
LOC105372010,14
LINC00865,14
LOC124907998,14
LOC105377383,14
MIR1972-2,14
LOC107986262,14
LOC124901076,14
KRTAP1-4,14
MIR651,14
LOC105375220,14
TBC1D1-AS1,14
MIR302F,14
BLZF1,14
LOC105379303,14
HOXD13,14
MYOD1,14
PTPRT-AS1,14
QTMAN-AS1,14
NRAS,14
LOC105376455,14
MFFP3,14
RAB6D,14
RSC1A1,14
ESX1,14
GABPB1-AS1,14
LOC124902595,14
LOC102724848,14
LOC102724875,14
CRNN,14
LOC100506474,14
TMEM50A,14
LOC105376030,14
LIPT2-AS1,14
LOC105371009,14
VWC2L,14
LINC00396,14
MIR8068,14
UBQLNL,14
LOC102725238,14
LOC124900187,14
MIR4490,14
LOC105378507,14
LOC112267988,14
LOC124902144,14
GRWD1,14
KLF4,14
MIR548AL,14
MED20,14
LINC02271,14
ATP11B-DT,14
LOC124900222,14
PRSS44P,14
MIR4494,14
MIR4705,14
VPS37D,14
IMP3,14
H4C16,14
EXOC1L,14
LOC105376533,14
ZNF468,14
LINC00682,14
NCAM1-AS2,14
RDM1,14
RPL31P11,14
DLEU1-AS1,14
NTM-AS2,14
LSP1P3,14
MIR3928,14
DEFB1,14
MAPK10-AS1,14
KIF14,14
LOC124904895,14
LOC105376344,14
LOC124900803,14
MYLIP,14
SNORD115-33,14
APOOL,14
LOC102724410,14
LOC107984240,14
LOC105375249,14
ZNF804A,14
LOC124900383,14
LOC124902957,14
CTSG,14
EIF1AX,14
CCDC138,14
RTL8B,14
SMG1-DT,14
CFAP184,14
MIR222HG,14
LOC102724357,14
MIR1538,14
KCNH7,14
CLIC6,14
MIR3201,14
HOXB8,14
TIGD2,14
BEND4,14
OR52M1,14
TOMM20L,14
LOC105377993,14
LOC105376926,14
LOC105378808,14
LOC124904362,14
NOXA1,14
LOC124903709,14
PIK3R6,14
LOC105372842,14
LOC105369777,14
LOC124905186,14
DDX19A-DT,14
LOC112268472,14
MIR3667,14
CXCL10,14
SNORA16B,14
LOC124909396,14
KMT2E-AS1,14
MIR409,14
SNORD105,14
DNAJC6-AS1,14
LOC105377000,14
LOC105375956,14
SPANXB1,14
SLC71A1,14
LINC02992,14
MIR4430,14
LOC107986946,14
LOC729254,14
LINC02063,14
TLR8-AS1,14
CRP,14
LOC124903365,14
PPP1R14D,14
LOC105378073,14
FREM2-AS1,14
LOC124902689,14
MIR339,14
NME3,14
LOC105370219,14
DET1,14
COLEC12,14
GSX2,14
LOC105376993,14
CHIC1,14
DLGAP1-AS1,14
POTEB2,14
POTEB,14
GUCY1A2,14
TRMT10A,14
LOC105374138,14
MIR766,14
MIR5697,14
VN1R1,14
PHACTR3-AS1,14
LOC105375723,14
LOC124900243,14
PCDHGB2,14
MEIS1-AS3,14
LOC124902257,14
LOC124903636,14
ANKRD13C-DT,14
UFL1,14
OR6N1,14
LOC124904339,14
MRPS14,14
LINC02619,14
LOC105372035,14
AGMAT,14
SUPT7L,14
SLX1B-SULT1A4,14
SLX1A-SULT1A3,14
LAPTM4A-DT,14
LOC105376583,14
LOC105378646,14
OR1B1,14
MIR6879,14
MIR24-1,14
LOC105378123,14
LOC105375303,14
KIF4A,14
OR2AK2,14
MIR3692,14
LOC105372238,14
RTN4RL1,14
COQ10B,14
RPS19,14
RPL32,14
LOC124903446,14
ANP32AP1,14
GID8,14
MIR5591,14
LOC124902101,14
SNORA31B,14
LINC02759,14
PTGER3,14
LOC105375994,14
MIR1252,14
LOC124907986,14
LOC124900775,14
INA,14
LOC107984552,14
LOC124903989,14
PRAMEF18,14
LOC105378866,14
LOC101927180,14
LOC124902518,14
PPT2-EGFL8,14
IRS2,14
TEX12-AS1,14
AMMECR1L,14
JMJD7-PLA2G4B,14
OR13C4,14
PRELID3B,14
LOC105369715,14
SNAP29,14
LOC124903031,14
GPR119,14
MIR6840,14
LHFPL7,14
ADH1C,14
MCPH1-DT,14
VNN1,14
LINC02307,14
PATE2,14
SNORD116-9,14
LOC105370839,14
LINC01720,14
OR6C68,14
ANAPC1P4,14
LOC105378236,14
ANKRD36BP1,14
OR2AE1,14
ERVV-2,14
LOC124907821,14
DIP2C-AS2,14
PRPF38A,14
MIR6753,14
ISM1,14
OR51Q1,14
MIR6839,14
LOC730098,14
LOC105370338,14
LOC105379104,14
SCIMP,14
INTS6-AS1,14
MIR3909,14
NKX2-5,14
ABRACL,14
H2BK1,14
LOC124900715,14
SLC10A3,14
LOC105370220,14
TMEM238,14
MIR3619,14
LINC02098,14
LOC124900618,14
C6orf47,14
LOC107986640,14
LINC02281,14
ARHGAP5-AS1,14
LINC02088,14
TM4SF18-AS1,14
LOC107984393,14
LOC107984966,14
INHBB,14
KU-MEL-3,14
CELA2A,14
ACTL7B,14
SNORD114-9,13
GBP7,13
NDUFA8,13
SNORD115-21,13
MIR1302-4,13
MIR542,13
LOC105372019,13
INMT-MINDY4,13
FBXO33,13
LOC124903158,13
LIPJ,13
LOC105377234,13
IFT70A,13
MIR6743,13
LOC107984676,13
LOC101928009,13
LINC02864,13
ANKRD42,13
ZKSCAN8,13
MIR3130-1,13
LINC03136,13
OR5D14,13
DEFB132,13
RGPD2,13
LINC01038,13
ZNF217-AS1,13
LOC112268046,13
MINAR2,13
LOC105377282,13
ZBTB22,13
ZNF280C,13
PCDHB11,13
MORC1,13
LOC105369484,13
LOC124909367,13
PRKAG3,13
FBLL1,13
LOC101928198,13
KRT34,13
MIR3156-1,13
LOC101928392,13
KIAA0087,13
SNTA1,13
MIR4643,13
LOC124900341,13
LOC101927089,13
MIR1244-4,13
SETD1B,13
POU5F1P5,13
LOC105379078,13
LINC03083,13
LINC01847,13
LOC124901662,13
LOC102723633,13
LOC105377612,13
VEZF1,13
LOC112268095,13
ZNF134,13
CAPNS2,13
LOC101927756,13
CPVL-AS1,13
LINC02850,13
MIR4486,13
FUT9,13
MIR6742,13
HOXA10-HOXA9,13
LINC02899,13
LINC02748,13
LOC124902186,13
LINC00976,13
LOC107984931,13
ZNF543,13
LOC107984956,13
LOC124909399,13
LOC124906348,13
POMGNT2-AS1,13
POGK,13
NDST4,13
MIR548F1,13
LOC105372394,13
LOC124905979,13
LINC01477,13
LOC124901346,13
TFAMP1,13
LOC107985238,13
LOC124901177,13
SNORD3G,13
LOC124904912,13
LOC107984573,13
LOC105377791,13
PEG13,13
LOC105378711,13
TINAG-AS1,13
MIR3193,13
EOMES,13
OR6K3,13
OR2M4,13
ACTR5,13
MIR888,13
TAPT1-AS1,13
ADAM30,13
DCAF13,13
TAF1A,13
HSFY1,13
CLCA3P,13
PCDHGA2,13
POU5F1P3,13
SNORA10B,13
LOC124906121,13
LOC107985384,13
CFAP95-DT,13
LOC101927078,13
LOC105374620,13
MIR4763,13
LINC02226,13
ZNF445,13
MIR676,13
SNORD38C,13
MAPT-IT1,13
MYO16-AS2,13
LOC105373383,13
LOC124904876,13
UBL4A,13
LOC107986281,13
LOC107985916,13
OR7E2P,13
TNNI3K,13
SOX12,13
LINC01893,13
LOC105371001,13
OCA2,13
LOC124902322,13
NECTIN4-AS1,13
HSPA8,13
ICAM5,13
LOC105378858,13
PPARGC1A-AS2,13
LOC124905038,13
LOC105371980,13
PRAMEF2,13
LOC124903301,13
SNHG30,13
OR52Z1P,13
LOC124902157,13
ZSCAN23,13
LOC105375711,13
LOC105377899,13
LOC124900876,13
LOC107986286,13
LOC107984321,13
DRGX,13
LOC124901180,13
LOC105371253,13
SNORA38,13
LOC124904072,13
GPC6-AS2,13
PANX3,13
LOC105370821,13
NANOS1,13
PRR23D1,13
PRR23D2,13
LINC02132,13
LOC105377179,13
MIR8077,13
LOC124903029,13
LINC02425,13
AICDA,13
SAMD9L,13
LOC105374491,13
LOC124904945,13
WSPAR,13
SNORD118,13
LOC105376489,13
LOC124901310,13
SCFD2-AS1,13
LOC107985250,13
NUDT4B,13
LINC02678,13
NUDT19-DT,13
LINC02875,13
LENEP,13
LOC124901678,13
MIR600,13
LOC124904902,13
PRR22,13
WFDC8,13
LOC124902247,13
COL4A2-AS2,13
ZNF474,13
LOC124902081,13
FKBP1C,13
LOC105377801,13
BAG2,13
LOC105372509,13
BMP6,13
CTSS,13
LOC124903460,13
LOC105375800,13
CYB5R4,13
RAB37-AS1,13
MPP4,13
LOC124903885,13
MIR548AR,13
LOC100996720,13
LOC100996740,13
LOC105373002,13
MIR6886,13
LOC124903497,13
LOC105371004,13
LOC124904681,13
MIR1912,13
MIR6756,13
MIR5197,13
NAT8,13
LOC105375812,13
ZNRF4,13
LOC107986743,13
MIR3130-2,13
LOC105373717,13
LINC02023,13
TIFAB,13
LOC105375342,13
LOC124901358,13
EBLN1,13
LOC107985486,13
LOC105375879,13
LOC124906289,13
LINC03106,13
PAK1IP1,13
LOC124901013,13
LINC01424,13
LOC124905269,13
LINC03131,13
LOC124904137,13
LOC124904139,13
LOC124904141,13
LOC124904142,13
LOC124904145,13
MIR1182,13
ANKRD44-IT1,13
OR51B5,13
NPSR1,13
LOC105376318,13
SMIM10,13
MIR562,13
LOC107985173,13
TMEM26,13
ORMDL2,13
LOC105369334,13
DNAAF6,13
PCDHB18P,13
MIR6511A1,13
MIR6511A2,13
LOC124900893,13
MIP,13
LNX1-AS1,13
SPIC,13
MIR1233-2,13
WASF2,13
NRGN,13
VAV3-AS1,13
PDGFD,13
LOC105373119,13
LOC105374140,13
CDH18-AS1,13
RGS9BP,13
KRTAP20-4,13
LOC107986306,13
LOC105375463,13
HCG23,13
ZNF761,13
HNRNPA1P10,13
LOC105376943,13
LOC105372841,13
MIR7-2,13
RAB44,13
LINC03077,13
FNDC1-IT1,13
TDRD6,13
KCND3-IT1,13
LOC105377843,13
CLMAT3,13
KLHL33,13
LOC105378012,13
LOC105376299,13
LOC124907761,13
MIR6780B,13
SPPL2C,13
STAG2-AS1,13
FRAT2,13
OR5D3,13
GPR50,13
SLC25A21-AS1,13
ZNF528-AS1,13
LOC124909428,13
LOC105375150,13
LOC124903436,13
PRRT3-AS1,13
SNN,13
OPN4,13
GJA9-MYCBP,13
TRIM64GP,13
MIR569,13
LOC124901011,13
BCAN-AS2,13
SIMALR,13
KRTAP22-2,13
LOC124900293,13
CCSAP,13
APOC4,13
TRMT10C,13
LOC124901580,13
ZNF729,13
LOC107985282,13
GJA10,13
ENSA,13
MIR6772,13
LOC105370756,13
FAM170B-AS1,13
MIR4727,13
LIPT1,13
ZNF366,13
ZNF597,13
LINC03070,13
LOC124904059,13
OR1E2,13
TAS2R7,13
GCM2,13
LOC101927191,13
PPIAP46,13
SSU72L6,13
GNB1-DT,13
LOC124900986,13
LOC124901926,13
LOC105378457,13
LINC02697,13
PRDM16-DT,13
OR51B2,13
OPN3,13
TMDD1,13
MIR6732,13
MIR4527,13
LOC105375880,13
LOC124904466,13
LOC124901697,13
SZRD1P1,13
MIR3913-2,13
LOC105377462,13
MIR6768,13
MAGEB17,13
KRTAP15-1,13
LRRC3,13
RBM27-POU4F3,13
CPA3,13
LOC107984315,13
ZNF880,13
LOC105378961,13
CTBS,13
SYNJ2-IT1,13
BRF2,13
PIP4P2,13
SERTAD2-AS1,13
LINC00850,13
CFAP184-OT1,13
LOC107986552,13
MIR1233-1,13
TNFRSF17,13
LOC100421746,13
ATP5IF1,13
LOC107984897,13
MED28-DT,13
LOC105376958,13
LOC124905000,13
OR52J3,13
LOC105377609,13
LOC124903198,13
RWDD1,13
LOC105379343,13
TMTC3,13
LOC105372188,13
LOC105379380,13
LOC112268239,13
OR51A2,13
LOC105378157,13
SCARNA4,13
SNCB,13
ATP2B2-IT1,13
FLJ42393,13
FAM124A,13
GPR137C,13
LOC105377106,13
LOC124908054,13
LOC124904052,13
SOS2,13
LOC105373648,13
MBLAC2,13
LOC101928866,13
LINC02408,13
NALF2,13
LINC00622,13
HNRNPA3P1,13
LINC00330,13
LINC01087,13
LOC105374998,13
SPRR1B,13
LOC105376099,13
LOC107985096,13
LINC02653,13
IYD,13
SNORA79,13
LINC01181,13
CCNA2,13
CLDN3,13
KDM7A-DT,13
LINC01248,13
CTF1,13
SDR42E2,13
NPTN-IT1,13
LOC105373298,13
MIR6833,13
LOC105370453,13
MIR760,13
SVIL-AS1,13
LOC128092246,13
LINC02872,13
BNIP3,13
LOC105377916,13
MIR8088,13
CLVS2,13
SIDT1-AS1,13
LOC124904889,13
MIR3670-1,13
MIR3670-2,13
MIR3670-3,13
MIR3670-4,13
LINC02515,13
LOC124905171,13
TTTY21B,13
LOC644554,13
SFR1,13
NIHCOLE,13
CRCT1,13
HFE,13
LOC124901030,13
LOC105373437,13
LOC124900235,13
LINC01957,13
CCL11,13
CCDC28A-AS1,13
DGCR6L,13
MIR4770,13
LOC107985664,13
LOC100131943,13
RECK,13
NKX2-1-AS1,13
KRTAP29-1,13
LOC105377085,13
LINC01023,13
LOC107987270,13
ZNF143-AS1,13
HCST,13
PCARE,13
PRKCE-AS1,13
LOC124901804,13
LINC02977,13
SIRPB3P,13
LINC02543,13
RAMP3,13
LOC105378751,13
LYPD9P,13
LOC105375580,13
LOC102723996,13
ZNF326,13
PCDHA3,13
LINC03024,13
CDKN2AIP,13
ZNF567-DT,13
CD300LD,13
CCDC86-AS1,13
LOC105376271,13
ATP6V1F,13
LOC124903235,13
LOC124901745,13
OSBPL11,13
ZNF311,13
LOC101927369,13
MIR4441,13
OIP5,13
TTC27,13
OR14J1,13
SNRNP27,13
XXYLT1-AS1,13
LOC105377350,13
GPR32,13
RSPH1,13
LOC107986620,13
PMPCB,13
FLRT3,13
OR2B6,13
LOC100507221,13
ZNF587B,13
HARS2,13
MIR151A,13
RAB13,13
OR51M1,13
LOC107986995,13
CDX4,13
LOC124900367,13
LINC00513,13
LINC01365,13
NEUROD1,13
LOC100132686,13
NAA11,13
GNA14-AS1,13
LOC105376212,13
ERVH48-1,13
LOC105369850,13
POMGNT2,13
LOC105377225,13
LOC105378880,13
CHCHD5,13
DEFB116,13
SAP30-DT,13
LOC105372082,13
YIPF5,13
LOC105375434,13
LOC105378299,13
LOC124900503,13
KERA,13
ZKSCAN3,13
MIR5583-2,13
FTHL17,13
MBNL1-AS1,13
LOC105378126,13
LOC124904140,13
LGALSL,13
SSTR1,13
LOC105376140,13
LOC105375715,13
NDP,13
TAS2R31,13
LOC105378847,13
LINC02299,13
CD69,13
LOC124901179,13
LOC105374468,13
LINC02537,13
LOC102724102,13
LOC105377616,13
LOC124902826,13
LOC105376739,13
LOC107984545,13
LOC105376416,13
LOC124904313,13
PSMB6,13
LOC101928084,13
NORAD,13
LOC107984197,13
LINC00891,13
SNORD88A,13
LOC124902065,13
PEX13,13
GOLPH3L,13
LOC124900227,13
C16orf82,13
LOC107986363,13
SLC39A2,13
MGAT4D,13
MS4A18,13
MIR34B,13
MIR550A3HG,13
LOC105370299,13
LINC02917,13
CCNO-DT,13
NEGR1-IT1,13
ZNF80,13
LOC124900497,13
LOC101928618,13
LOC105370624,13
LOC105372503,13
FFAR1,13
ZSWIM2,13
LINC03023,13
LINC02438,13
LOC124903561,13
LOC124906219,13
ZNF582,13
LOC101929298,13
LOC105379444,13
LINC01717,13
LOC124901446,13
LY6G6F-LY6G6D,13
MIR1302-5,13
FAM230E,13
LOC105375524,13
SCARNA9,13
ARMC1,13
SNORA59A,13
OR6C74,13
LOC124902388,13
LOC105374336,13
PEAK3,13
FAM215A,13
ANGPTL1,13
LOC124906224,13
GCSAM,13
CEP20,13
APP-DT,13
CCDC85B,13
LOC105370986,13
USP7-AS1,13
LOC105373998,13
TUBA3E,13
NFKBIB,13
LOC107985216,13
SPN,13
RNF141,13
MIR23A,13
LOC124901071,13
SMIM40,13
RNASE9,13
LOC102724646,13
AMER2,13
LINC02393,13
LOC105372793,13
OR8U1,13
LINC01442,13
MANEAL,13
LOC105371655,13
SNORD63B,13
LOC105371578,13
SLCO4C1,13
GP1BB,13
MIR938,13
KCNJ6,13
CATSPERQ,13
MIR1323,13
SNORD112,13
USP30-AS1,13
GPC5-AS1,13
LOC124902660,13
F2RL2,13
CLSTN2-AS1,13
NEU3,13
SCARNA1,13
MIR26A2,13
POLR2G,13
VCPKMT,13
TTC9-DT,13
MIR4522,13
ODAD4,13
LOC105377909,13
LINC02849,13
LOC105376520,13
CDKN1C,13
POTEB3,13
MRS2,13
CARNMT1-AS1,13
LOC112267888,13
TCF15,13
LOC100131472,13
MIR3686,13
KRT33B,13
SCGB2A1,13
TAF5L,13
CAHM,13
LOC102724625,13
RAB5IF,13
TMEM156,13
LINC02976,13
TBC1D22A-DT,13
LOC105370327,13
FRG2KP,13
SUNO1,13
ASCL3,13
MIR4438,13
LOC105376650,13
TGOLN2,13
LOC112268449,13
LINC02336,13
SPATA45,13
CCNYL1B,13
TPMT,13
LINC00691,13
NKX6-2,13
TERC,13
SNORD74B,13
PTGER2,13
LOC124901407,13
LOC105374218,13
SCARNA9L,13
OR2T29,13
MIR3665,13
WAC-AS1,13
LOC107985915,13
LOC105371006,13
TENM3-AS1,13
LOC124906017,13
LOC107985683,13
OR9A4,13
LOC102724793,13
LINC01745,13
LOC105370152,13
CYP1A1,13
WASL-DT,13
ZNF225-AS1,13
MIR124-1,13
LOC105371168,13
LOC105378472,13
LOC124904255,13
LIMD1-AS1,13
LOC112267896,13
LOC283045,13
MED8,13
NKX2-3,13
MAD2L1,13
CHUK-DT,13
RNF122,13
PI15,13
LINCMD1,13
H2AZ2-DT,13
CTSL3P,13
ZNF566-AS1,13
LINC01643,13
PRAMEF19,13
LOC105369853,13
LOC105376384,13
MIR4259,13
LINC00842,13
MIR8054,13
SNORD17,13
RAB39A,13
ZNF189,13
MIR553,13
FABP5P3,13
PRRT1B,13
LOC101927627,13
JMJD1C-AS1,13
C1orf35,13
LINC01315,13
LOC107986903,13
BORCS6,13
SNORD3J,13
NUDT3,13
PRSS42P,13
MIR603,13
DSCAM-IT1,13
ZFP3-DT,13
LOC105378193,13
LOC105379327,13
TIGD6,13
TMEM132D-AS1,13
FRAT1,13
LOC105369399,13
DUSP11,13
LOC105370789,13
DIRAS3,13
ZNF620,13
SPRR3,13
LOC105374151,13
C9orf43,13
TFPI2-DT,13
MIR3605,13
LOC105376156,13
PPP1R13B-DT,13
LOC124901488,13
LOC105375467,13
MIR183,13
PLEKHA8P1,13
LOC105373874,13
CT47A12,13
NLRP14,13
MAGEB5,13
ARHGEF38-IT1,13
LOC105375861,13
MIR548D1,13
POLR3H,13
TEPSIN-AS1,13
LOC124900697,13
LOC729968,13
HLA-DRA,13
LOC105378977,13
B3GAT2,13
SPANXD,13
STAU1,13
LOC105369203,13
GOLGA7B,13
LOC124902876,13
LOC102723608,13
LOC105378813,13
LOC105370210,13
ANKRD37,13
HSD17B7P2,13
UGT2B10,13
UGT2B28,13
LOC124900229,13
MIR1200,13
GREB1L-AS1,13
LOC124902959,13
RPS12,13
TUBA3C,13
IRS4,13
WWC2-AS1,13
HSCB,13
LOC124906350,13
MIR3175,12
CAPN6,12
LOC105370552,12
P2RY10,12
LOC124903080,12
LRCH2,12
TMEM256,12
SNORD115-35,12
SNORD115-29,12
ATP5MF-PTCD1,12
MESTIT1,12
ZNF90,12
LOC105371629,12
UFM1,12
LINC02857,12
LOC101929633,12
LOC107985933,12
LOC124900798,12
ASIC2-AS2,12
LRRCC1,12
HSD17B13,12
HS3ST1,12
GSTA5,12
AGBL4-IT1,12
LOC105372668,12
LOC124903554,12
LINC00294,12
ABCD2,12
LOC105371658,12
LINC00615,12
LINC01994,12
LOC105372064,12
LINC03020,12
CXXC4-AS1,12
ZNF385D-AS1,12
HULC,12
LOC102723725,12
LOC646813,12
HOXB5,12
MIR371A,12
PCDHB9,12
COCH-AS1,12
LOC107984380,12
PDE4B-AS1,12
CARD11-AS1,12
LOC105370249,12
MIR3126,12
MIR1244-1,12
LOC101928254,12
FAM151B,12
LOC105369673,12
RPF2,12
LOC105373780,12
MIR433,12
LOC105370784,12
FAM242C,12
LINC02389,12
MIR6507,12
LOC107984043,12
LOC124903777,12
NRXN3-AS2,12
LOC124902949,12
SCARNA21,12
GAGE12E,12
LINC01549,12
OR5I1,12
NPY4R,12
NPY4R2,12
LINC02845,12
YDJC,12
CPO,12
LOC124906100,12
ZXDB,12
LOC105372256,12
LINC01055,12
LOC124900322,12
LOC127898557,12
GPR27,12
LINC02390,12
MIR4797,12
CILP,12
LINC01450,12
LOC124906140,12
LOC124900989,12
MIR10394,12
LOC105370263,12
LOC124904476,12
LOC124901918,12
UBTFL1,12
MIR924,12
PABPC5-AS1,12
SNORD116-8,12
LOC107986901,12
RSPO3,12
PTCHD3,12
SPTBN1-AS1,12
MIR4738,12
IZUMO2,12
TIMM8A,12
LOC124906120,12
LOC124900191,12
RBM5-AS1,12
LOC124903149,12
PDCD6IP-DT,12
MMP27,12
LOC105373258,12
HOXD1,12
LOC105376142,12
PDZRN4-AS1,12
MIR3620,12
HIF1A-AS1,12
LOC107986307,12
LOC124903421,12
BAZ1B,12
MRI1,12
LINC02740,12
FGF10-AS1,12
LOC124902226,12
ASH1L-AS1,12
LINC02903,12
LOC105374171,12
LOC124904098,12
GJA8,12
LOC124902828,12
GUCY2GP,12
LOC124909384,12
RHOJ,12
TNFSF15,12
LOC124900820,12
MIR5690,12
INO80B,12
TMEM263-DT,12
LOC124901626,12
LOC101928512,12
MIR6746,12
ARRDC4,12
MIR4769,12
HNRNPUL2-BSCL2,12
LOC105377356,12
LOC124902650,12
LOC102724434,12
LOC105373447,12
NAP1L6P,12
OOSP4A,12
LOC107985417,12
IL2,12
NUDT13,12
RALGPS2-AS1,12
FCER1G,12
LOC124902862,12
RGS16,12
FZD7,12
GABRG1,12
LOC105374000,12
LINC01340,12
UBE2L5,12
LINC02920,12
BECN2,12
LOC124900462,12
HTR1D,12
MIR606,12
NOPCHAP1,12
MIRLET7A1,12
MIR320C2,12
FOXE1,12
CRTC3-AS1,12
LCE1B,12
LOC124902062,12
LOC107987189,12
LINC03065,12
LOC102725168,12
MIR340,12
MIR1225,12
LOC105369682,12
LOC105372575,12
LINC02782,12
HSPA7,12
ISL1-DT,12
MIR4680,12
H2AL3,12
LOC102723401,12
LOC105370069,12
MTMR9-AS1,12
EDN1,12
TFAP2B,12
SNORD115-16,12
LOC105372100,12
MIR519C,12
LOC101930434,12
WDR33,12
LOC105369313,12
LINC01541,12
GRHL3-AS1,12
LOC102724027,12
LOC124903983,12
GDAP2,12
LOC107985684,12
TSIX,12
DOCK7-DT,12
LIX1,12
LINC02984,12
LOC105379369,12
LOC124903547,12
SNORD111B,12
LCE5A,12
PXT1,12
LOC124902418,12
LOC107984256,12
RASSF10-DT,12
TGFA-IT1,12
TMEM212,12
MOCS3,12
PARP9,12
MED6,12
LOC105373716,12
LOC105372568,12
LOC105374174,12
TIMM8B,12
LOC124906147,12
ALG10B,12
LOC124903316,12
LINC02252,12
LOC124904136,12
LOC124904146,12
LOC105377841,12
LOC105375696,12
GTF2E1,12
LOC105377603,12
OR4L1,12
DNPEP-AS1,12
LINC02330,12
LOC105369823,12
CDKN2D,12
OR6C4,12
LOC105374736,12
IGFBP4,12
HPCAL4,12
MIR4533,12
ARL9,12
LOC105375250,12
MIR6862-2,12
LINC02324,12
ESS2,12
OR52R1,12
LOC124901395,12
EIF3A,12
RPLP1,12
LPP-AS2,12
LOC124900226,12
LOC107985162,12
LOC124909363,12
ZBTB8A,12
MIR4501,12
FCHO2-DT,12
LOC124906146,12
LOC124903443,12
LOC112268154,12
MIR379,12
PRR34,12
KCNA3,12
DPPA2P3,12
LOC105376190,12
KRT31,12
PDCL3P4,12
KRTAP10-10,12
SOX11,12
OCLNP1,12
PRSS58,12
LOC105371995,12
LOC107984006,12
LOC105372106,12
UQCRHL,12
DEFB115,12
TARS1-DT,12
LOC105374010,12
LOC105375489,12
LINC02121,12
LOC124904966,12
CTCFL,12
SNORA14A,12
RAB33B,12
LDLRAD4-AS1,12
UXT,12
LOC112267993,12
LOC124902978,12
TPI1P3,12
LOC124902274,12
LOC105378919,12
LOC105376786,12
CFAP300,12
TTC14,12
LOC105371078,12
HAVCR1P1,12
LOC101928733,12
OR52A1,12
KIAA1586,12
GLIPR1,12
RNF19B,12
HOXD9,12
RAB9BP1,12
LOC105377352,12
LOC107984783,12
LOC105376689,12
GRM7-AS1,12
MIR548I1,12
NUDCD2,12
CRYGA,12
STARD3NL,12
CARD17P,12
LOC124900729,12
ZNF2,12
MIR548X2,12
LOC105370538,12
PRSS1,12
LOC105370195,12
LRRC8D-DT,12
LOC107985534,12
FAM133CP,12
ZNF473-AS1,12
LOC107987020,12
LOC105378899,12
LOC105371689,12
TEFM,12
STARD6,12
TRIM63,12
SPMIP3,12
WDR3,12
CIBAR1P2,12
EXOC3-AS1,12
CST9L,12
FAM106C,12
FAM106A,12
ZNF571,12
CCT4,12
DNTT,12
LOC107986644,12
VTRNA1-2,12
LOC124906306,12
LMOD1,12
LINC02900,12
PRSS2,12
LOC105377114,12
LINC00701,12
CCL3L3,12
TAL2,12
LOC105377515,12
PPP1R3C,12
LOC105374776,12
HMHB1,12
RIOX1,12
H3P14,12
LOC105371840,12
SKAP1-AS2,12
LINC02225,12
PEX26,12
TOP1P1,12
LOC105372029,12
RUSF1-DT,12
LOC105371434,12
MIR7111,12
LCMT1P1,12
KRTAP7-1,12
SOAT1,12
C8orf48,12
INKA1,12
TCTN2,12
MIR7854,12
LINC00644,12
OR4F5,12
OR4F17,12
MIR216A,12
GKN2,12
ARL4AP5,12
MIR4724,12
MIR505,12
LOC105372186,12
LOC105371636,12
RNF181,12
OR6C3,12
TMEM270,12
LOC107984377,12
LOC124905065,12
LOC105374126,12
LOC124906252,12
MIR6504,12
OR2Z1,12
LOC124901612,12
LOC105377056,12
TSNAX-DT,12
LOC112268152,12
GJB5,12
RAD51L3-RFFL,12
SHB,12
FZD8,12
LOC105376088,12
PGM2L1,12
LOC105374957,12
LOC105375932,12
TRIM43B,12
LOC105377167,12
LOC105375972,12
MIR599,12
HSP90B2P,12
UBTD2,12
LOC107986829,12
LOC124902202,12
MIR6854,12
LOC100506235,12
LINC02295,12
ALG14-AS1,12
LOC105375988,12
NOVA1,12
ARHGEF9-IT1,12
LOC124901119,12
SAGE2P,12
STAU2-AS1,12
CBX3P2,12
OR13C5,12
LINC02197,12
H2BW1,12
IL3,12
N4BP2L2-IT2,12
MIR4706,12
LOC124902630,12
LINC01561,12
SPRR2B,12
ABHD10,12
DTD2,12
VPREB3,12
LINC03018,12
MIR1297,12
LINC02632,12
UTP20,12
SH3GL1P2,12
GIMAP2,12
LOC105379370,12
LOC107986676,12
LINC01099,12
MIR486-2,12
HCG4,12
LOC105376390,12
LOC105376509,12
LINC02075,12
LOC107986856,12
LOC124900936,12
LOC124900202,12
LOC105374102,12
LINC02183,12
LOC124901107,12
LOC124906194,12
HCG15,12
MIR744,12
TOR3A,12
LOC124902677,12
PALLD-AS1,12
SPINK14,12
LOC124903956,12
LOC124903257,12
LINC02688,12
LINC02400,12
KLC4-AS1,12
OOEP-AS1,12
LOC105370074,12
SPADH,12
MIR8075,12
LOC105374768,12
PCDHGB7,12
MIR1227,12
LOC107987064,12
LOC107987046,12
LOC124907966,12
FLJ30679,12
UGT2B11,12
LINC01299,12
LOC124905292,12
LOC105371661,12
LOC124904013,12
ZBTB8B,12
ZNF735,12
U2SURP-AS1,12
MIR583,12
LOC105377039,12
LOC107983998,12
LOC101928044,12
LINC01676,12
LOC105377502,12
NOC2LP2,12
LOC124902974,12
MIR6880,12
LOC105378085,12
LOC101929359,12
HNRNPD-DT,12
LOC101929492,12
LOC124900203,12
GRPR,12
LOC124903713,12
PIGBOS1,12
RPS20,12
SPANXN4,12
MAGI1-IT1,12
LOC112268289,12
LOC105379173,12
RPRM,12
LOC124900304,12
LINC02799,12
LOC105369187,12
PSAT1,12
LOC124904943,12
MIR6865,12
LOC105378135,12
MIR8069-1,12
MIR8069,12
LOC105374704,12
MIR639,12
EVI2A,12
ACTRT3,12
MIR649,12
CRTAP,12
LOC105378772,12
LOC105375457,12
LOC124904890,12
MIR934,12
LOC107987280,12
LOC124909398,12
LOC124900223,12
SNORD30,12
LOC101927661,12
ZNF540,12
NAT8L,12
LOC124900933,12
LOC124900269,12
SUSD5,12
CAVIN2,12
ZNF876P,12
MIR6811,12
SNORD73B,12
SIRPG-AS1,12
SNORA79B,12
LOC646214,12
OR5M8,12
MIR4795,12
MIR4447,12
LOC124904947,12
LOC124903922,12
LOC105376083,12
LOC105374933,12
NUS1,12
LOC105372461,12
LCE1C,12
SMC2-DT,12
ZKSCAN4,12
SNED1-AS1,12
NKX2-4,12
LOC105373992,12
FAM27C,12
FAM27B,12
MIR8067,12
LOC124901025,12
GOLGA8H,12
EPDR1,12
LINC02839,12
LINC02418,12
KCNJ2,12
PCDHA5,12
RRP7A,12
ACTRT1,12
LOC124900719,12
LOC107985323,12
B3GALT6,12
LOC102723427,12
PHKA1,12
LOC105369440,12
SCGB1D4,12
RPL30,12
LOC124902217,12
UGT1A7,12
LINC01432,12
LOC107986182,12
MRPL35,12
LNX1-AS2,12
MIR4693,12
LOC124904202,12
KIAA0408,12
OR2J3,12
SLC7A4,12
LOC124900433,12
LOC105379382,12
PDZD11,12
PCAT6,12
SPIN4-AS1,12
ANKEF1,12
MIR3939,12
LOC105376476,12
FER1L6,12
LOC101928627,12
LINC01602,12
HSPB8-AS1,12
LOC105378118,12
LINC02173,12
MIRLET7B,12
CMPK1,12
LOC101927048,12
EPHA3,12
ZNF660-ZNF197,12
GNG10,12
LOC105376475,12
OR11G2,12
LINC02855,12
KCNRG,12
MIR6782,12
LY6E,12
ARSJ,12
MIR4742,12
RAB6A,12
SIAH3,12
MIR3161,12
ISL1,12
LOC105378814,12
OR52E6,12
GPC3-AS1,12
PCBP2-OT1,12
NFIL3,12
ANKRD39,12
PTPMT1,12
MIR6127,12
LOC124902227,12
LOC107986886,12
FAM136A,12
LOC105375557,12
ARFGEF3,12
LOC128092252,12
MIR3591,12
FOXB1,12
SRSF6,12
MIR27B,12
OR1E1,12
BACH1-IT3,12
TAS2R9,12
BBIP1,12
LMCD1-AS1,12
LOC105371672,12
LINC01231,12
LOC105378214,12
LINC02918,12
OR51I1,12
LOC107986133,12
LOC105375733,12
LOC112268411,12
LOC101927759,12
MC2R,12
LOC102724520,12
OR11H2,12
OR9G4,12
LOC124902682,12
CHURC1,12
LINC00575,12
SCYGR6,12
MIR6841,12
REEP5,12
LOC105378560,12
DNM3-IT1,12
LOC105374170,12
ARRDC3-AS1,12
LY86,12
ZNF71-SMIM17,12
LOC105375859,12
LOC105372719,12
LOC105373591,12
SPANXN2,12
DOCK1-AS1,12
LOC105370866,12
LOC107984168,12
SPEM3,12
LOC124903290,12
LINC01628,12
LINC03099,12
BZW1-AS1,12
LOC107984763,12
MIR1208,12
LOC124901579,12
MIR4713HG,12
EDAR,12
INVS,12
TMEM276-ZFTRAF1,12
GARIN4,12
LOC105371460,12
ELOVL2,12
IFNK,12
THSD1,12
MIR4255,12
LOC124900366,12
EXO5,12
MIR6800,12
FRG1HP,12
IQCK-AS1,12
DEFB131B,12
COX6A2,12
ADRA2A,12
MIR1236,12
PRMT6,12
ARCN1,12
PEX6,12
LOC105374458,12
CNOT10-AS1,12
LOC107984943,12
MIR384,12
SNORA80E,12
SNORD115-26,12
MIR6757,12
LOC105370599,12
ZMAT3,12
LOC124901174,12
FGFBP3,12
LOC407835,12
MIR6793,12
PRAMEF17,12
H4C1,12
MIR3178,12
EIF2B1,12
PMS2P7,12
LOC105377561,12
NIPSNAP3A,12
LOC124909340,12
LOC105370061,12
LOC124900323,12
OR1G1,12
DR1,12
LOC107984627,12
LOC100505555,12
LINC01722,12
KRTAP19-7,12
OR8H2,12
LMO7DN,12
COX5B,12
LOC124904790,12
LOC101927610,12
MIR5088,12
ZBTB3,12
CRSP8P,12
NUDT16,12
DXO,12
ARB2BP,12
CT47A10,12
CT47A9,12
CT47A8,12
CT47A6,12
CT47A5,12
CT47A4,12
CT47A3,12
CT47A2,12
LOC105372895,12
MIR3675,12
SMIM43,12
DYNC1LI2-DT,12
LINC01567,12
CCNYL6,12
MIR659,12
LOC101928295,12
OR4K2,12
SLC25A51P4,12
LOC102724245,12
NUP133-DT,12
SMIM10L1,12
LOC124904693,12
MAK16,12
MYCL,12
ITGA2-AS1,12
LOC390705,12
MIR3907,12
MIR4718,12
LOC105371102,12
LOC124903677,12
GTSF1L,12
LOC124900379,12
KPNA5,12
LOC124900313,12
RNY4,12
AKT3-IT1,12
LOC105370470,12
MRGPRX2,12
LOC124906074,12
OSER1,12
LOC105379396,12
MIR3133,12
PIPSL,12
LOC101929552,12
H2AB1,12
H2AB2,12
H2AB3,12
LOC105374823,12
LOC102724883,12
LOC124900370,12
IER3,12
INSM1,12
PLA2G2D,12
CBX6,12
LOC105377146,12
LOC105379827,12
DEPDC1-AS1,12
RHOU,12
LOC101928882,12
LOC105379198,12
LOC100996637,12
LOC105370481,12
MIR3191,12
RGS2,12
ZBED9-AS1,12
PHLDA1,12
LOC105375259,12
LINC00459,12
B3GNT8,12
LOC124903913,12
SPANXN1,12
RAB23,12
F8A3,12
LOC105369728,12
MIR548V,12
LOC124903975,12
MIR4760,12
LOC124902788,12
LOC124902537,12
LOC102724120,12
LOC112267986,12
LOC105369923,12
C3orf80,12
PGK2,12
ANKRD1,12
NFIX-AS1,12
LOC102724479,12
LOC105375753,12
BISPR,12
KAAG1,12
HSPB3,12
LINC02972,12
TYW5,12
DCAF16,12
TMEM14EP,11
OR6P1,11
EBLN2,11
LINC02200,11
LOC105374625,11
LOC114841035,11
LOC124900409,11
LOC101928516,11
PRB4,11
AK6,11
SOX7-AS1,11
C1QTNF3-AMACR,11
ZNF69,11
PCDHGA10,11
LRRC63,11
LOC107985937,11
LOC124903242,11
LOC124903594,11
MIR6855,11
LOC105369895,11
DPRXP4,11
LOC100506851,11
LOC101927131,11
SNORD3H,11
LOC105370507,11
LOC124909487,11
NAP1L3,11
LOC105372399,11
DDX39B,11
LOC124903862,11
MIR876,11
LOC101927358,11
LOC105377364,11
LINC01928,11
P2RY13,11
LOC124900452,11
GCSAML-AS1,11
SCARNA5,11
LOC124903843,11
GTF3C2-AS1,11
TBX20,11
RDH14,11
LOC124903081,11
CETN4P,11
LOC105372541,11
LOC101929124,11
MIR6514,11
MIR1322,11
RNU5F-1,11
LOC107986541,11
MIR124-2,11
OR6C76,11
LOC105372767,11
MIS12,11
MIR218-1,11
LOC107985567,11
MIR1302-2HG,11
SNORA65,11
TTTY16,11
CEP19,11
LOC107986240,11
LOC124902158,11
LOC124902496,11
MIR8055,11
LOC124900314,11
MIR4529,11
LOC105373996,11
MIR5706,11
LOC124901261,11
KIF9-AS1,11
LINC02335,11
LOC102724737,11
MIR4320,11
OR2B3,11
LOC112267899,11
LOC124902248,11
MAN1A1,11
LOC124901858,11
LOC105373271,11
MIR5701-1,11
TRPS1-AS1,11
LOC107983960,11
BEND3,11
ZCCHC13,11
PSMG3-AS1,11
MIR1238,11
LOC107985179,11
LINC02890,11
LOC102723896,11
LINC01115,11
CAPSL,11
LOC105372269,11
LOC105375999,11
SNORD23,11
MIR933,11
LOC124905001,11
LOC107985116,11
MIR3677,11
PI4K2B-DT,11
LOC107986571,11
NF1P2,11
LOC101929269,11
XAGE-4,11
LOC124904039,11
HPYR1,11
SNORA74A,11
MIR4329,11
FUNDC1,11
LOC102724431,11
LINC01228,11
TTTY17A,11
KCNMB1,11
LOC105370466,11
LOC124903652,11
LOC105376058,11
NPS,11
LOC124907968,11
MIR512-1,11
MIR1537,11
LOC124905953,11
MIR5007,11
VIRMA-DT,11
LINC00603,11
PATE4,11
LOC105372338,11
SEC14L1P1,11
LOC105373311,11
MIR4637,11
LINC03114,11
ASMTL-AS1,11
LOC105375262,11
LOC124903416,11
LOC105377034,11
TMEM30CP,11
GSPT2,11
BNC1-AS1,11
LOC124900773,11
LOC124900741,11
LOC124901588,11
LOC105376713,11
LOC102546299,11
DBIL5P,11
LOC124907876,11
LOC100128966,11
CXorf58,11
LDOC1,11
LOC105375130,11
LOC101928937,11
CCDC195,11
TMA7B,11
LOC107984001,11
CLYBL-AS2,11
LOC124904238,11
C8orf33,11
PRLH,11
LOC124901972,11
MIR1910,11
LOC124901145,11
LOC124903094,11
ANO3-AS1,11
OR10X1,11
LOC124904960,11
IER3IP1,11
MAGI2-AS2,11
COA6-AS1,11
LOC105373000,11
RRS1,11
PKNOX2-AS1,11
PARD6A,11
ZC3HAV1L,11
LOC124904409,11
CNTNAP3C,11
MIR548AE2,11
LOC124903536,11
OR5E1P,11
LOC105376912,11
LIAT1,11
LINC00940,11
LOC105373345,11
LOC105378676,11
MIR4288,11
LINC02304,11
OR13C3,11
LOC124903199,11
LOC107986126,11
H4C2,11
MED14OS,11
LEMD1-AS1,11
LOC105372717,11
LINC01842,11
JMJD4,11
LINC02705,11
MIR30A,11
C4orf54,11
MIR890,11
MAML3-AS1,11
LOC107985219,11
LOC105375044,11
LOC105375024,11
SLC5A4-AS1,11
LOC124902649,11
MIR4260,11
LOC101928385,11
LOC105379267,11
LOC124904389,11
SPCS3,11
LARGE1-AS1,11
EMSY-DT,11
DNAAF4,11
LOC124904057,11
PLBD2,11
VENTXP7,11
C2orf49,11
LOC124901160,11
LOC102724429,11
OR2G6,11
LOC124900703,11
LINC01593,11
NBPF22P,11
LOC105376876,11
OXGR1,11
RNF170,11
SPTY2D1,11
ACTA2-AS1,11
LINC01920,11
ZNF850,11
LINC02042,11
HOXC-AS2,11
CBSLR,11
LINC01791,11
KRT4,11
TMX2,11
LOC124904291,11
PELI1,11
OR2A25,11
SCGB1C1,11
LOC105370406,11
OR8J2,11
MIR28,11
BLID,11
MIR3936,11
LOC107984781,11
LOC105372665,11
FOXD4L6,11
MIR4730,11
OR6S1,11
OR52I1,11
MIR4662B,11
LOC124903047,11
SNORD32B,11
C11orf24,11
RPL13AP6,11
BTBD3-AS1,11
LOC124902542,11
MIR3606,11
HGH1,11
RPS7P5,11
MIR3664,11
LINC01757,11
LORICRIN,11
MIR429,11
LOC105374389,11
PPP4R3B-DT,11
HMMR,11
LOC124901015,11
PCDHB1-AS1,11
CCDC172,11
RING1,11
CYB561D1,11
LINC02242,11
KIAA1958,11
MIR4751,11
LOC102724830,11
EEF1E1-BLOC1S5,11
KIR3DL3,11
LOC124900501,11
LOC107985033,11
LOC105372354,11
LIX1L,11
MIR496,11
TUSC1,11
OR4N4C,11
OR4N4,11
SNORD71,11
LOC107986203,11
TUSC7,11
LOC124900318,11
IL2RA-AS1,11
BRD7P3,11
KRT25,11
EIF1B,11
LOC124903712,11
LOC124903087,11
UBQLN2,11
LOC105375113,11
CCDC87,11
LOC105376100,11
PRR23A,11
GUCY2C,11
MIR4773-2,11
LOC107986954,11
EPM2AIP1,11
LOC124904030,11
C9orf50,11
LOC105373932,11
LINC01419,11
HIF1A-AS3,11
LINC02695,11
TEX54,11
GS1-279B7.1,11
UBOX5,11
CCL15,11
LOC124904290,11
GIMAP8,11
LINC02338,11
CCNG2,11
LOC107985841,11
LOC389199,11
ILF3-DT,11
ACTL9,11
LOC101928361,11
LOC105375376,11
LOC100286922,11
LOC105373666,11
ADAM2,11
OR13F1,11
LOC124900231,11
MRPL57,11
OR5AU1,11
SNORD109B,11
LOC107984249,11
LOC124902417,11
KHDC1L,11
AKIP1,11
P2RX5-TAX1BP3,11
LOC105372797,11
MIR574,11
LOC107984372,11
LOC105374325,11
TACR3,11
LOC105375641,11
LOC101927664,11
LCDR,11
LOC105370770,11
RNY1,11
LINC01337,11
LOC124904576,11
CCN2,11
LOC105371985,11
IL9,11
H4C4,11
LOC101928832,11
LOC124900877,11
GPR3,11
ST7-OT4,11
LOC105378841,11
LOC124904205,11
PCDHA4,11
LOC105370344,11
LINC01734,11
LOC729930,11
LOC107984192,11
MMP12,11
TMEM108-AS1,11
LOC124903060,11
LOC124901343,11
RIMS4,11
LINC03086,11
LOC124903302,11
LOC105378796,11
LOC101928081,11
RIC3-DT,11
OR2C1,11
MIR3166,11
LOC105375005,11
LOC112268117,11
LOC105373535,11
TDO2,11
SNORD116-3,11
CYP26C1,11
MIR3937,11
HPSE,11
LINC02643,11
LOC124902466,11
LINC03075,11
MIR4804,11
TNFAIP8L2-SCNM1,11
CNPY3,11
LOC105375169,11
LOC105378342,11
DOCK3,11
LOC105377351,11
MIR4423,11
MIR1972-1,11
LINC00999,11
AURKAP1,11
ZNF222,11
ASPHD2,11
KCNH7-AS1,11
LOC107986112,11
OR5K2,11
LINC03047,11
LOC105370213,11
EEF1AKMT4,11
MIR4528,11
TCIM,11
OR5AR1,11
CARF,11
LOC124902631,11
LOC105377166,11
LOC124903544,11
MSGN1,11
MIR4457,11
LOC105378467,11
ZNF30-AS1,11
LOC105373756,11
MDH1B,11
MIR1909,11
OR2A2,11
SNORD4B,11
LOC105379144,11
RWDD2B,11
ZNF25-DT,11
LOC105377125,11
LINC01813,11
LOC375196,11
ISM1-AS1,11
MIR521-1,11
MIR3176,11
MIR4772,11
IQCB1,11
MIR601,11
LINC01912,11
LOC105373835,11
PARM1-AS1,11
MIR548A3,11
MIR448,11
H3-5,11
LOC124900542,11
LOC107984887,11
LOC124901447,11
USP27X-DT,11
POU2AF2,11
ZBTB20-AS5,11
RPS15AP10,11
PET100,11
MIR1245A,11
LOC124901480,11
LINC02860,11
LOC105370988,11
LOC124902407,11
LOC124904392,11
RGS13,11
MPZL2,11
MIRLET7A2,11
KHDC1,11
TMEM128,11
SHISAL2A,11
LOC112268123,11
THAP2,11
PMCHL1,11
PMCHL2,11
MT1IP,11
LOC105370363,11
DNAJB8,11
FAM24B,11
LOC124901581,11
TAAR8,11
CMA1,11
KRTAP19-1,11
SNORD11B,11
C6orf147,11
MIR647,11
MIR1915,11
LOC101929004,11
LOC124904149,11
LOC105378468,11
LOC107986042,11
LSM10,11
FIGLA,11
MIR6088,11
PTX3,11
LOC107985766,11
LOC101929279,11
LOC124906086,11
LRFN2,11
LOC124905068,11
LINC01812,11
GLIPR1L2,11
LOC105370255,11
LOC112268140,11
LOC105377715,11
RANBP3L,11
LOC105375535,11
LOC102724200,11
PODXL2,11
SMN1-AS1,11
LINC01035,11
LOC105372646,11
MIR196A1,11
LOC105371446,11
TAS2R46,11
LOC124901492,11
MIR7112,11
MIR4759,11
MIR548F3,11
LOC124904996,11
CLEC12B,11
MIR544B,11
LOC105372131,11
CTXND1,11
PTENP1,11
SNORD136,11
LOC105370278,11
MIR5700,11
LOC105377259,11
FAM181B,11
RPP14,11
LOC105371936,11
MIR29C,11
LOC105369304,11
MIR5585,11
EID2,11
CARD8-AS1,11
LOC105378770,11
SNORA36C,11
LOC124900205,11
GRK5-AS1,11
LOC105375487,11
LOC124909472,11
CADM1-AS1,11
SPRR4,11
SNORA55,11
BCAS2,11
ACKR4,11
PPP1R15A,11
LINC00851,11
SHISA3,11
LIPN,11
ZNF497-AS1,11
LOC124901701,11
MIR3162,11
JRKL-AS1,11
AGR3,11
PCDHB13,11
LL22NC03-13G6.2,11
AKIRIN1,11
LOC124906123,11
LOC107986179,11
LNMICC,11
CAPZA3,11
ETS1-AS1,11
LOC124900419,11
IKBIP,11
LOC124903883,11
C3orf49,11
LOC105374576,11
LINC03113,11
MIR6722,11
TAF4B,11
TSC22D1-AS1,11
MIR3666,11
LOC105377516,11
TEX13C,11
SRGAP2B,11
LOC105372167,11
LOC613266,11
SNORD62A,11
LOC105374558,11
LOC124902438,11
LOC124901813,11
LOC101928961,11
LOC110091777,11
LOC112268283,11
LOC105375242,11
LOC107984236,11
CA3,11
LOC102723846,11
LOC105374435,11
LINC01242,11
MIR3167,11
MRC1,11
LOC105377376,11
BCL10,11
LOC105370803,11
LOC124901566,11
LUNAR1,11
ZNF879,11
LINC01872,11
LOC107986738,11
PKD1L3,11
LINC02482,11
LOC124900296,11
LOC105374685,11
LOC107985767,11
RPRD2,11
LOC124902965,11
LOC105377705,11
FOXO3B,11
LOC105373742,11
LOC124903721,11
LOC105374024,11
LOC105379028,11
PAXIP1-DT,11
ZNF530,11
RNVU1-2A,11
LOC124901671,11
GPR149,11
UPK1A-AS1,11
LOC105372319,11
MIR3941,11
LOC105374052,11
ZNF883,11
LOC105371010,11
GZMB,11
ABT1,11
LOC128071545,11
SNORA80D,11
LOC105372191,11
LOC105373461,11
LOC112268270,11
SLC25A28-DT,11
ATP6V1B2,11
LENG1,11
LINC01780,11
CMTR2,11
LINC02314,11
KBTBD13,11
SEC61G,11
RABEPK,11
FRG1KP,11
LOC124908058,11
LOC105369302,11
LINC01359,11
SNORA68B,11
LOC124900749,11
CCNYL3,11
LOC107987417,11
MYPOP,11
H2AC1,11
RLIM,11
PJA1,11
ZNF32-AS3,11
LOC124903722,11
GPRC6A,11
TUSC2,11
ACER2,11
C8orf88,11
LOC107984607,11
JAZF1-AS1,11
RAB9A,11
MIR3915,11
LOC124901768,11
PROK2,11
LOC124903388,11
FBXO3-DT,11
LOC124902913,11
EPC1-AS1,11
LOC105378198,11
UBR7,11
VCAN-AS1,11
TM4SF5,11
LOC105369839,11
LOC105371343,11
SUPT20HL1,11
LOC105379030,11
LINC02146,11
LOC107985821,11
LMX1A-AS2,11
LOC107986197,11
OR6Y1,11
ZNF830,11
LOC105377285,11
LOC124900524,11
LIG4,11
SSU72L4,11
SSU72L1,11
ADAMTS19-AS1,11
LOC124902045,11
LINC00504,11
LOC105371958,11
UGT1A9,11
LOC124901906,11
SSU72L5,11
OR52E4,11
CKAP2,11
LOC102725220,11
TAS2R13,11
LOC124901448,11
TCF4-AS1,11
H2BC21,11
WDSUB1,11
MEP1A,10
LOC105377815,10
H3Y2,10
SERPINB13,10
FOXR2,10
LINC01761,10
MIR8066,10
LOC105369806,10
GLYATL3,10
MIR4719,10
LINC01126,10
LOC105376016,10
LINC02644,10
LINC01397,10
OR5M11,10
LOC124900441,10
GPR65,10
LOC105377559,10
THAP3P1,10
LOC124905985,10
GDF1,10
LMOD2,10
SLIT2-IT1,10
MIR610,10
LOC107986625,10
PRG4,10
PAGR1,10
KHDC3L,10
LOC124900677,10
TLR7,10
MIR548H4,10
LOC124903927,10
LOC105372083,10
EXOC8,10
IFNA1,10
LINC01362,10
MIR490,10
ARHGAP26-IT1,10
LOC124901993,10
OR2D3,10
MIR26B,10
CADM3,10
MIR30C2,10
LINC01787,10
LINC02297,10
HSFX1,10
H4C3,10
LOC105374039,10
POU5F1P4,10
LOC124901973,10
LOC124904023,10
LINC00492,10
LINC01673,10
MIR4676,10
LOC105370657,10
CCDC54-AS1,10
IZUMO3,10
CHMP4B,10
LINC02947,10
NFYA,10
MIR2054,10
ADM5,10
MIR4771-2,10
LOC124905265,10
LOC105377382,10
C9orf163,10
LOC124900816,10
LOC124901611,10
RPSAP52,10
LOC105373830,10
MT1JP,10
EIF2S3B,10
MTPN,10
RAB32,10
MIR6835,10
OR2G3,10
LOC105378076,10
LINC00272,10
C16orf54,10
MRPL47,10
LOC124902572,10
EFHD2,10
LOC105372930,10
IL27RA,10
H1-4,10
LOC105370759,10
HSDL1,10
OR4S1,10
OTOL1,10
MIR194-1,10
SLC22A9,10
LOC102724586,10
TMEM158,10
ICOS,10
LOC105370591,10
LOC105376403,10
RNASE11-AS1,10
LOC105369666,10
SNORA10,10
AMY1B,10
LOC105371342,10
DHX9-AS1,10
LINC02262,10
VTA1,10
KRT20,10
COXFA4L3,10
KDM2B-DT,10
LOC124900806,10
MIR617,10
RSPH4A,10
LACTB2-AS1,10
MIR34BHG,10
GIMAP7,10
SPRR2C,10
ZNF396,10
MIR3651,10
COX16,10
RBAK-RBAKDN,10
PNLIP,10
KRT10,10
LLPH-DT,10
LOC105370941,10
PRSS45P,10
MIR6734,10
LOC105373947,10
FAM170B,10
MIR4794,10
LCAL1,10
LOC124900240,10
LOC124904144,10
GALNT13-AS1,10
LOC105378393,10
ZNF502,10
LOC124906144,10
MIR548I2,10
LOC105373727,10
LOC124904083,10
LOC105377492,10
TSPAN5-DT,10
MIR6129,10
LOC124900272,10
C10orf71-AS1,10
LOC105370617,10
PART1,10
OR51B6,10
KRTAP19-2,10
LOC105375155,10
OR2T3,10
LOC124901122,10
TYRO3P,10
MIR548G,10
MIR6727,10
TRPA2P,10
SNORA68,10
LIMCH1-AS1,10
ARL6IP5,10
MIR1224,10
MIR4282,10
LOC107986419,10
UBE2NL,10
SNORD111,10
A2M-AS1,10
PARGP1-AGAP4,10
GLT6D1,10
LOC124902491,10
SSX7,10
LOC105377890,10
LOC124901181,10
FAM24A,10
LINC02957,10
LOC105377869,10
LOC105371960,10
DEFA3,10
LOC107986440,10
TCEANC,10
FOXD4L3,10
LOC124901441,10
BIK,10
LOC124901827,10
LOC105375635,10
STYX,10
LOC105371693,10
HCAR2,10
CCL14,10
LINC01333,10
CIB3,10
LHFPL6,10
LOC107986391,10
ECI2,10
EIF1AY,10
LOC101927888,10
G6PC2,10
LOC105378834,10
MIR6817,10
MIR3156-2,10
LOC105375021,10
HIPK1-AS1,10
HSPA13,10
LOC105372361,10
LOC105369863,10
LOC124902219,10
MIR577,10
OR10Z1,10
LOC124903310,10
MIR6773,10
MIR526B,10
DIP2C-AS1,10
LOC124900224,10
LOC124906143,10
LINC02856,10
NELFB,10
C7orf33,10
LOC124906381,10
LOC100508046,10
LOC101929572,10
SERTM2,10
LOC105376636,10
SND1-IT1,10
LOC124900560,10
MIR1298,10
EXTL2,10
ETHE1,10
LOC101927588,10
LOC105376076,10
MIR3925,10
TMA7,10
MIR6754,10
LOC100533997,10
MIR1185-2,10
KRT40,10
OR2C3,10
H2AC7,10
OR5D16,10
MMP7,10
LOC105379053,10
EQTN,10
LOC105371680,10
UGT1A8,10
H2BC3,10
LOC105372990,10
HBBP1,10
TPTEP2-CSNK1E,10
GCC1,10
SPRR2D,10
LOC124902267,10
LOC124901988,10
OR6C2,10
LOC124904468,10
CFTR-AS1,10
LOC112268291,10
C2orf68,10
LOC105371656,10
LOC124900669,10
NMS,10
PLPP6,10
OR4A16,10
MIR337,10
LOC124904239,10
MIR3140,10
LOC105377908,10
GSTM2P1,10
ZC3H10,10
LOC124903055,10
BCAR4,10
OR7E12P,10
KCNK6,10
LOC107986052,10
PNMA1,10
MIR548Q,10
C22orf39,10
ZNF33A,10
TCHHL1,10
LOC105378199,10
LOC124900960,10
GPC5-IT1,10
LOC124900863,10
MIR4276,10
MIR641,10
HTR3C,10
LOC105377982,10
MIR1307,10
CXCR1,10
LOC101929626,10
NRIR,10
MIR8080,10
LOC105369747,10
MIR644A,10
LOC124904551,10
LOC105379403,10
FAM184B,10
SPEM1,10
SDCBP2-AS1,10
LOC124904396,10
MIR3182,10
MIR122,10
LOC105375937,10
LOC124903854,10
LOC124900200,10
ZFHX3-AS1,10
LOC105373285,10
LOC107985213,10
LOC124900562,10
LOC124901487,10
LINC01596,10
LOC105376556,10
MIR4421,10
LOC105373616,10
MIR4695,10
MIR1296,10
FAM89B,10
MIR466,10
LINC01825,10
LINC01916,10
LOC107984180,10
LOC105371903,10
LUZP4,10
LOC124900732,10
LOC105377418,10
FAM241A,10
PIGY-DT,10
LOC105370639,10
AMY2A,10
MIR592,10
MIR1321,10
CFL1P1,10
LOC124902205,10
RBM12B-DT,10
LOC105376286,10
LINC02485,10
ZNF184,10
MIR522,10
LOC112268465,10
LOC124900768,10
TAAR6,10
LINC02461,10
MBOAT4,10
LOC105369489,10
TTN,10
LOC124903238,10
LOC124904669,10
CENATAC-DT,10
LOC105371635,10
LOC124902738,10
MIR4474,10
PSMD6-AS2,10
TLCD4,10
KRT32,10
STEAP1,10
RRS1-DT,10
LOC105376652,10
SNORD12,10
LOC124907995,10
KRTAP1-3,10
BTF3-DT,10
LOC105374496,10
LOC124904901,10
LOC124900522,10
LOC105372714,10
LOC107986882,10
LOC124902919,10
LOC105370163,10
LOC124906307,10
KRTAP9-9,10
RALBP1,10
MIR4268,10
LINC01922,10
LOC105371734,10
CCNY-AS1,10
LOC124900979,10
LOC105375369,10
LOC124902294,10
TMEM109-DT,10
LOC102724222,10
PCDHGC3,10
AKR7A2P1,10
POU6F2-AS2,10
PCDHGB6,10
UTF1,10
WDFY3-AS1,10
LOC105374029,10
TBCEL-TECTA,10
PPP1R3D,10
LOC101927822,10
CEBPD,10
LOC107986131,10
LOC124900829,10
FHL1P1,10
LOC102724955,10
FOXG1,10
LOC105375289,10
TKTL2,10
LOC112268068,10
LOC124909412,10
JUN,10
EEF1B2,10
CREBL2,10
MIR5009,10
MC3R,10
LOC105379183,10
INGX,10
LOC101927213,10
LOC414300,10
LOC124900208,10
SNORA27,10
NCKAP5-AS1,10
LRRC70,10
LOC105373348,10
LOC105373286,10
LOC124909437,10
LOC112267903,10
RUNX2-AS1,10
LINC00102,10
LOC124901257,10
MIR320E,10
KRTAP8-1,10
LINC01941,10
PRAMEF11,10
LOC124900423,10
SNX32,10
LINC00550,10
LOC107985694,10
MIR6769B,10
LINC01803,10
DLSTP1,10
VN1R4,10
LOC105371277,10
PBDC1,10
IADEN,10
CASP1P2,10
LINC01324,10
LOC101928551,10
LOC105378781,10
SNHG5,10
INKILN,10
IFIT5,10
LOC124901727,10
MSH4,10
LOC124909463,10
LOC105376740,10
MIR4787,10
LINC00380,10
NALF1-IT1,10
LOC124901669,10
LINC01963,10
MIR513A1,10
LOC124905205,10
BTG1,10
LOC105374711,10
POC1B-GALNT4,10
MRPL44,10
LOC124904808,10
TMEM35B,10
PEG3-AS1,10
OR9H1,10
LOC105377873,10
LOC105373924,10
VAMP7,10
MIR6859-2,10
SNORD115-31,10
LOC107984569,10
LOC105370990,10
LOC105377499,10
LOC105374402,10
EIF5-DT,10
LOC107987349,10
LOC105377379,10
LOC124901185,10
RNF39,10
RNU4ATAC,10
PPP4R3C,10
CARD6,10
LCE6A,10
LOC105379015,10
GLUD1P3,10
MIRLET7D,10
CXCL3,10
LOC105369451,10
UQCC2,10
MIR451A,10
H2BC8,10
MIR373,10
SCYGR3,10
LOC105373793,10
MIR628,10
LOC124900400,10
MICB-DT,10
MIR4723,10
LOC105376043,10
SEPTIN14,10
LOC124904135,10
GOLGA2P6,10
LOC107987170,10
MIR365BHG,10
LOC124903751,10
MIR181D,10
MIR4427,10
LOC105378068,10
KCNQ1DN,10
LOC100192426,10
LINC02114,10
LOC105375816,10
LOC647264,10
LOC101928046,10
UGT1A1,10
LOC107986549,10
LOC107985303,10
KRTAP5-11,10
LOC105370148,10
LOC107987110,10
TPD52L3,10
TRIM48,10
MRM1,10
PHF13,10
LOC124904784,10
MIR326,10
H2BC14,10
LOC124904758,10
MIR4420,10
MIR12133,10
LINC02512,10
LOC105373122,10
SULT1C4,10
CT47A11,10
CT47A7,10
BRIX1,10
LOC105371125,10
LOC101929752,10
SETBP1-DT,10
TRIM51,10
OLIG3,10
H3C12,10
MIR6895,10
ZNF579,10
LOC124901081,10
POLR3GL,10
FAM47B,10
LOC105369952,10
LINC01262,10
CSN1S2AP,10
POTED,10
LOC105369705,10
MIR7108,10
LOC105377816,10
LOC107985145,10
LINC00566,10
LOC124902462,10
LOC107984806,10
LOC105378116,10
EFCAB9,10
LOC124904778,10
SPATA13-AS1,10
ANKMY2,10
LOC105378827,10
BBS7-DT,10
LOC105369421,10
SNORA1B,10
LOC105377775,10
MIR6762,10
HAND1,10
LOC124901404,10
LAMA4-AS1,10
LOC105372116,10
LOC101928166,10
LOC105370838,10
ZNF235,10
MIR30E,10
LOC105372977,10
ZNF726,10
LOC124903211,10
WWC3,10
ZNF777,10
LOC105378004,10
LOC105375628,10
IRAK3,10
ABCF2,10
FOXN3-AS3,10
BBS10,10
VTRNA1-3,10
HLTF-AS1,10
LOC107987227,10
SPANXA2,10
CACNA2D1-AS1,10
LOC105371993,10
CCNA1,10
MIR521-2,10
MASCRNA,10
MIR6883,10
CCDC152,10
MIR571,10
RAN,10
LOC100996385,10
LOC124904326,10
SNORA11G,10
LOC105372561,10
TRARG1,10
LINC01058,10
PDGFDDN,10
LOC105378927,10
LINC02220,10
MIR941-5,10
LOC124900440,10
LOC105374054,10
LOC124904012,10
LINC01854,10
LOC107986173,10
LOC124905304,10
PRR20A,10
TLR6,10
ERICH5,10
SSU72L2,10
LOC105375989,10
LOC105375644,10
MIR6503,10
LOC105379129,10
LOC105372252,10
LOC105377864,10
LOC105371957,10
PLN,10
PRDM4-AS1,10
LOC105372672,10
FBXO30,10
LINC02915,10
LINC02424,10
C3orf33,10
CDK19,10
FOXI3,10
LOC105377384,9
HECW2-AS1,9
NPBWR1,9
SNORD115-36,9
SNORD98,9
KCND3-AS1,9
MIR181A2HG,9
NUTF2P4,9
LOC102723436,9
LOC105375098,9
SNORD116-28,9
LOC124906318,9
LOC107986446,9
LOC124901365,9
LINC00706,9
STX19,9
CPB2,9
MIR570,9
SERINC1,9
SLC25A31,9
LOC107986763,9
PRB3,9
SNORA2B,9
LINC01402,9
ARL4A,9
ST18-AS3,9
LOC107986637,9
MIR6819,9
GPR63,9
LOC124901197,9
LIPI,9
LINC01479,9
LOC107987111,9
SNORA35B,9
LYRM2,9
LOC105376473,9
GAGE10,9
LOC105376182,9
LOC124900422,9
MIR4484,9
IFNA13,9
PCF11-AS1,9
LINC03012,9
ATXN8OS,9
LINC01897,9
FAM168B,9
LINC00189,9
CCDC182,9
XGY2,9
LINC02388,9
LOC124905291,9
LOC124904002,9
TRAM1L1,9
LOC107985086,9
GPR31,9
BIRC8,9
TBCC,9
LOC107987097,9
ESM1,9
LOC105379150,9
XAGE3,9
LOC107984378,9
DLX2,9
LOC124904964,9
MIR4771-1,9
RFX3-DT,9
JAK2,9
ZNF92,9
MIR4691,9
LINC02316,9
LINC01822,9
GPX8,9
SAMD9,9
ZBTB7C-AS2,9
LOC105372240,9
LOC124901917,9
LINC01080,9
LOC105375830,9
LOC105372204,9
LOC124901490,9
EEF1E1,9
LINC01448,9
TMEM170B,9
KRTAP21-3,9
MIR4458,9
CLTRN,9
LOC124900599,9
FDX1,9
LOC124902554,9
FKBP7,9
TTC7B-AS1,9
LCE7A,9
LOC124901249,9
MIR3668,9
MIR513C,9
PABIR1,9
LOC124903145,9
LOC101929667,9
RPL24,9
LOC105375195,9
CLDN17,9
LOC102723838,9
LOC124904578,9
B3GALT1,9
LOC401324,9
STAM-DT,9
LOC105376598,9
LOC105370834,9
LOC124904299,9
OR56B1,9
LOC105371589,9
NHLH2,9
LOC101927297,9
VCAM1,9
SLC71A2,9
CTAGE8,9
SMIM46,9
FLJ20712,9
LOC107987038,9
AGA,9
OR4E2,9
WDR87,9
ANKRD44-DT,9
MIR8081,9
ZNF716,9
MIR100,9
C10orf143,9
SNORA6,9
SNORD14C,9
SNORA80A,9
LOC124900835,9
E2F5-DT,9
CCDC54,9
SCARNA3,9
LOC124905083,9
OR5W2,9
MIR4773-1,9
HPGDS,9
LOC101927404,9
LOC105369873,9
ZNF484,9
LOC105377927,9
OR2M5,9
SMIM2-IT1,9
LOC105370482,9
PABPC1L2A,9
LOC124901103,9
HTN1,9
MIR548U,9
KRTAP10-11,9
UST-AS1,9
MIR6858,9
MIR548I3,9
KRTAP11-1,9
LOC105377635,9
MIR548AJ2,9
MIR940,9
LOC101927879,9
LOC105370169,9
LOC105374352,9
LOC101927388,9
CCL8,9
JARID2-AS1,9
PPARGC1A-AS1,9
LOC101928002,9
MIR135B,9
KLRC3,9
MIR1228,9
PABPC1L2B,9
LOC105377879,9
LOC105370346,9
LOC105372189,9
LOC105374929,9
LINC02684,9
LOC124901946,9
CDYL-AS1,9
BTF3L4,9
CAPSL-DT,9
LOC105375705,9
ZNF322,9
LINC02364,9
LOC124905089,9
LOC124903954,9
LINC01391,9
FIBIN,9
MIR613,9
MIR6803,9
H3C6,9
MIR507,9
LOC124902070,9
RPA4,9
LOC105374034,9
FOXD4L5,9
LOC107987346,9
OR8G1,9
MIR6729,9
FBXL21P,9
MIR7851,9
COX7B,9
LOC107984856,9
TMEM207,9
LOC105378773,9
LOC105374200,9
MIR3156-3,9
LOC124901262,9
LOC124901294,9
OR2H2,9
OR51A7,9
LINC00992,9
ZNF212,9
C8orf89,9
LOC112268286,9
TTTY3,9
SCEL-AS1,9
C4orf51,9
MIR8070,9
POTEH-AS1,9
LOC105378469,9
PFN1P2,9
VIP,9
LOC124901527,9
TDRD1,9
LOC105369577,9
ZYG11A,9
PCNA-AS1,9
LOC105376572,9
LOC105379119,9
LOC124908059,9
LINC00161,9
OR1N1,9
SGPP2,9
STEAP4,9
MIR410,9
LOC124904812,9
LOC124903974,9
LRIT2,9
OR5H1,9
LOC107987116,9
MIR661,9
GNB1L,9
MIR550A3,9
LOC105373579,9
SLITRK1,9
LOC105372421,9
LOC105378811,9
LINC02789,9
LOC105374703,9
LINC00477,9
RTL3,9
ECHS1,9
LOC105378142,9
VWC2L-IT1,9
LOC124907894,9
MIR3921,9
PCDHA7,9
GBP6,9
MIR937,9
LOC105378835,9
LOC107986910,9
RNF144B,9
H3C1,9
MIR3674,9
LOC124901939,9
LINC02858,9
RTCA,9
LINC01826,9
LOC105377562,9
LINC00363,9
PF4,9
MIR6804,9
CER1,9
LOC107985810,9
LOC124900704,9
PURG,9
LOC102725159,9
OR56A4,9
APELA,9
SPAAR,9
SAMD15,9
LOC101929662,9
AGBL3,9
LRRIQ4,9
LOC124901158,9
AMH,9
MIR6770-1,9
MIR6770-2,9
LOC101928437,9
MIR764,9
LOC101927182,9
LOC101929881,9
MPV17L-BMERB1,9
HRH4,9
LOC124904227,9
MIR3192,9
LOC107984252,9
FER1L6-AS2,9
SYTL3,9
LOC105379225,9
MIR3912,9
MIR495,9
LOC105374153,9
ZNF33BP1,9
SNORA41B,9
CSTF2T,9
CTU1,9
SORBS2-AS1,9
LOC124904216,9
LOC124901761,9
GAPLINC,9
LOC105373594,9
ARMCX6,9
LINC02061,9
KISS1,9
LOC107985965,9
PCDHGA8,9
ELAVL4-AS1,9
LOC124900259,9
LOC107986539,9
FAM151B-DT,9
MIR548AG1,9
SMIM2,9
ALKBH8,9
SNORD99,9
H4C5,9
LOC124904031,9
BLOC1S1,9
OR6K6,9
LOC101928421,9
PCBP1,9
LOC107985648,9
MIR519A1,9
OR56B2,9
NCRUPAR,9
ROS1,9
LOC105378017,9
RPL23P8,9
MIR8053,9
LOC105370112,9
ZNF345,9
LINC02067,9
OR51G1,9
APOOP5,9
ERVV-1,9
ARL1,9
LOC107984624,9
LOC107986110,9
LOC124903938,9
LRRC40,9
LOC105374960,9
MIR103B2,9
ADAM3A,9
ACBD7,9
RAB39B,9
LOC105372527,9
LINC02779,9
LOC124900406,9
IGFBP5,9
LOC101927786,9
LOC107986397,9
LOC101928156,9
MIR877,9
HOXA-AS2,9
GRM7-AS2,9
SPMIP1,9
ZNF723,9
BMPR1B-DT,9
LOC124900817,9
LOC105375222,9
LOC107984243,9
NCCRP1,9
MMP24,9
LOC105370251,9
MIR6812,9
OR7A10,9
MIR8076,9
ZC2HC1A,9
ZFP37,9
LINC00408,9
LOC105375267,9
MIR518C,9
MAB21L2,9
OR2A5,9
LOC112268311,9
MIR101-2,9
INTS6L-AS1,9
HEXD-IT1,9
MIR3610,9
MIR488,9
GTF3C6,9
GABRG3-AS1,9
LOC105371703,9
LOC124904593,9
LOC124900349,9
MIR4254,9
C2orf15,9
TP53RK,9
LOC102725080,9
LOC105376698,9
MIR5708,9
LOC105373593,9
DEFB110,9
LINC01585,9
LOC101930276,9
PARD6G,9
LOC105372507,9
MIR1291,9
MIR633,9
LOC105376374,9
LOC124901860,9
LOC105373332,9
LOC105371683,9
LOC124907985,9
LOC105374124,9
LOC105377465,9
MIR3618,9
MIR1295B,9
KCNA4,9
C20orf141,9
SOX5-AS1,9
LOC105375805,9
LOC105375525,9
LINC01947,9
LINC01455,9
LINC02503,9
LOC124901481,9
AQP9,9
ELAC1,9
OR1S1,9
LIN28B-AS1,9
PLXNA4-AS2,9
CCDC148-AS1,9
LOC124902234,9
PCDHB3,9
MIR3173,9
LOC105373864,9
GRK5-IT1,9
LINC01865,9
LOC124900271,9
LOC101928215,9
H2BC9,9
MDP1,9
LOC101928051,9
CD200R1L-AS1,9
LOC105378402,9
TRIM51HP,9
HFE-AS1,9
LOC105370546,9
MIR516A2,9
LOC105370216,9
OR4B1,9
MIR190B,9
MIR221,9
ASCL4,9
KRT81,9
LOC124900425,9
FOXD4,9
FOXD4L1,9
SLC30A1,9
KLRB1,9
LOC112267897,9
MIR425,9
LOC124903935,9
OR4D1,9
CMTM1,9
LOC107986047,9
MINDY2-DT,9
LOC105378993,9
KIAA1549,9
PAGE2,9
MIR6785,9
OR1L4,9
LOC124901270,9
MIR4750,9
LOC105377302,9
ACOT4,9
LOC124900774,9
PP12613,9
LOC105377121,9
MIR219A2,9
NDUFB6,9
C21orf91,9
OR1J4,9
LOC100507002,9
MIR3684,9
LOC442132,9
TMEM274P,9
MIR4755,9
KLHL11,9
LOC105375366,9
B3GALT9,9
METTL21EP,9
LOC105370167,9
MIR4271,9
GALR3,9
LOC105371668,9
GTF2A2,9
LOC124900297,9
LOC105371536,9
TMED2-DT,9
C4orf46P3,9
LOC102724202,9
LINC01970,9
LOC105370232,9
MIR4632,9
SNORD70,9
MIR10393,9
LRRN4CL,9
C2CD4A,9
LOC105373459,9
MTX2,9
OR10H4,9
GLUD2,9
DSG4,9
LINC02431,9
RBM12,9
NCOA5,9
MIR514B,9
LOC105379412,9
ANXA2R-AS1,9
RANBP6,9
LOC124905127,9
ZNF705D,9
PKIA-AS1,9
SPANXC,9
SHPK,9
ZC3H11C,9
VAMP4,9
MAPK6-DT,9
LOC124903280,9
MIR6787,9
LOC105374009,9
LINC02665,9
CFAP144P1,9
FIGN,9
CRPPA-AS1,9
LOC105374111,9
LOC101928622,9
STRCP1,9
LINC01866,9
LOC105369249,9
USP26,9
LINC02483,9
LOC124900965,9
LOC107985340,9
LOC105374016,9
MIR6128,9
LOC124901295,9
OR10W1,9
PIWIL2-DT,9
LOC105374643,9
LINC02096,9
RPL37A-DT,9
IFIT1,9
SAP30,9
SNORA57,9
RNY5,9
WAPL-DT,9
PURB,9
SPATA31H1,9
LRRC58,9
CCDC15-DT,9
H2BC18,9
C10orf53,9
LOC105375870,9
LOC105369309,9
DPY30,9
RRM2B,9
KNG1,9
LOC124901641,9
CUZD1,9
SLC25A30-AS1,9
LOC105372107,9
LOC124900371,9
MTF1,8
ASPN,8
SNORD6,8
CREG2,8
LINC01674,8
PPP2R2B-IT1,8
AOC2,8
MIR548N,8
H2AC25,8
OR5AL1,8
LOC124906262,8
LOC102723862,8
LOC124900291,8
LINC00641,8
MIR4450,8
OR4C16,8
MIR548H5,8
LOC105370472,8
MIR3189,8
LOC124900526,8
OR11H7,8
LOC124909495,8
C11orf40,8
MIR335,8
LOC105370248,8
NPB,8
TADA1,8
LOC124903247,8
MIR548Z,8
FABP9,8
LOC105374651,8
RABGAP1L-DT,8
SERP1,8
LOC102724808,8
MIR6829,8
FHIP1A-DT,8
LOC124901336,8
SPCS3-AS1,8
LINC02083,8
LINC01109,8
LINC02645,8
LOC124904452,8
MFFP2,8
LOC124902425,8
LOC642929,8
LINC02035,8
LOC112268402,8
DGCR11,8
APMAP,8
LOC100507384,8
MIR4273,8
LOC124900540,8
CARD18,8
MID1IP1-AS1,8
TRIM4,8
RAP2B,8
ANXA2R,8
MIR548AV,8
LOC105373522,8
SMARCAD1-DT,8
LOC102723831,8
TRIM32,8
LOC107985508,8
LOC105375194,8
LOC105371792,8
CD2,8
ZXDA,8
LOC105370317,8
LINC02838,8
CADM2-AS2,8
CYP7A1,8
MIR1246,8
LOC105369711,8
LOC124909482,8
LOC105371068,8
LINC02123,8
LOC124902168,8
MIR7973-2,8
MIR518A2,8
OR8S1,8
LOC128031836,8
LOC105375012,8
DAD1,8
ZNF722,8
PERPP2,8
MIR128-1,8
LOC105377614,8
LOC124900882,8
MIR618,8
LOC105374386,8
LOC101927385,8
PCDHB4,8
LOC107984630,8
LINC02233,8
OR2W5P,8
SNORD116-27,8
MIR4774,8
LOC105378039,8
LOC105374461,8
MIR874,8
LOC107985161,8
SCARNA11,8
LOC105377757,8
LOC107983963,8
MIR548X,8
LOC124903324,8
LIPC-AS1,8
MIR3199-1,8
MIR3657,8
FUCA1,8
LINC02863,8
LOC124906090,8
LOC124904363,8
ATP2C2-AS1,8
LINC02821,8
LOC124901276,8
LOC107984626,8
MIR5691,8
LINC01810,8
LOC124908001,8
LOC105376936,8
CALCRL,8
TMEM244,8
CYLC1,8
LINC01737,8
MC4R,8
CMBL,8
LOC107985940,8
LOC124904666,8
GRPEL2-AS1,8
SNORD115-2,8
MIR1302-1,8
LOC105373689,8
OR4D10,8
ST7-OT3,8
LOC105371306,8
RHOXF1,8
GINS3,8
LOC107985437,8
ACTG1P4,8
MIR3136,8
C11orf87,8
KRTAP24-1,8
SNORA24B,8
LUZP2,8
FAM226B,8
LOC124902898,8
H4C12,8
LINC02309,8
EIF3JP1,8
KRT28,8
OR51S1,8
TPRG1-AS2,8
MIR4662A,8
BMS1P4-AGAP5,8
LINC02986,8
LOC112268418,8
TTTY3B,8
DBET,8
LOC124904944,8
PSMD10,8
LOC105378043,8
LOC107984566,8
MIR578,8
PRSS37,8
KCNJ13,8
MIR561,8
LOC124907974,8
LOC105375079,8
LOC105375920,8
LOC124909491,8
LOC124901494,8
MIR498,8
MAGEB4,8
LOC124900984,8
CTB-49A3.2,8
LOC105371677,8
PRELP,8
LOC105371201,8
LOC105376988,8
ATL3,8
MIR103A1,8
MIR4514,8
LOC124904983,8
LOC124900212,8
P2RY1,8
LOC124904638,8
PEX5L-AS2,8
TMEM44-AS2,8
ZNF807P,8
LOC128092251,8
LOC124904034,8
MIR551B,8
CHPF2,8
LOC105376381,8
LOC124901307,8
LINC00381,8
FAM180B,8
MIR548F5,8
PEX11A,8
LOC124905051,8
FAM218A,8
LINC02339,8
C22orf31,8
RNASE2,8
SCHLAP1,8
LOC124901685,8
OR2T1,8
LOC105375521,8
MIR548H3,8
LOC124901292,8
GABRA6-AS1,8
MIR8074,8
HCAR3,8
OR8H1,8
LOC107984198,8
CLEC6A,8
LOC112268175,8
MIR3147,8
KRTAP22-1,8
MIR3622A,8
MIA-RAB4B,8
LOC105369509,8
OR52E2,8
MIR4791,8
LOC105376010,8
LINC01007,8
LOC124907862,8
MRPL12,8
MIR4477A,8
MIR4477B,8
OR5A1,8
LINC01372,8
GJC3,8
ZNF703,8
LINC02760,8
MIR136,8
LPA,8
CACNB2-AS1,8
KRTAP13-2,8
CFAP126,8
LOC105379148,8
SNORA63E,8
BDKRB1-AS1,8
LOC105371077,8
LOC124900175,8
MIR5087,8
MIR3115,8
LOC105379050,8
ARHGEF7-AS1,8
EMC7,8
CD14,8
LOC101928373,8
LOC105370104,8
SNORD116-17,8
MIR374B,8
MTNAP1,8
COA6,8
MAFB,8
LOC105375377,8
OR1S2,8
LOC105376095,8
MIR548AE1,8
LOC105379002,8
LOC105374353,8
ZBTB20-AS3,8
FMC1-LUC7L2,8
NPY6R,8
OR6C75,8
SELENOKP3,8
LOC124901290,8
UBE2N,8
RPS6KA2-IT1,8
MIR548AC,8
EEF1AKMT1,8
FAM239C,8
LOC102724046,8
LOC101928007,8
SNORD114-3,8
MIR6512,8
LOC124901155,8
MIR4286,8
LASP1NB,8
SFT2D2,8
LOC102723728,8
LOC124900266,8
OR10G6,8
LOC128706665,8
PRH2,8
SPTSSA,8
LOC124904387,8
SPMIP10,8
DLEU2L,8
IDI2,8
LOC124902541,8
LOC107984553,8
LRRC26,8
MIR7-3,8
LOC124900537,8
UBE2FP1,8
LOC105375224,8
LOC101928863,8
LOC124904421,8
LOC105376234,8
MIR17HG,8
ZNF426-DT,8
OR5AS1,8
LOC124904151,8
SNORA12,8
LOC124902051,8
LINC00314,8
LOC105369406,8
MIR519B,8
MIR518D,8
LOC124902134,8
CH25H,8
SNORD126,8
MIR196A2,8
H2AC2P,8
LINC01672,8
SNORD83A,8
HAT1,8
DDX39B-AS1,8
CMC1P1,8
HOATZ,8
LOC124901913,8
LINC01052,8
RCSD1,8
MIR8062,8
SPRR2F,8
LOC105371087,8
LOC105369545,8
LOC105377271,8
OR1N2,8
LOC124903724,8
SPRR2A,8
LOC105375915,8
MIR6764,8
MBOAT1,8
LOC105373645,8
LOC124900632,8
LOC107984352,8
LOC124903717,8
SAPCD1,8
LINC02184,8
ZNRF2P1,8
OR1D5,8
OR1D4,8
CT47B1,8
LINC01139,8
ABCA11P,8
LOC105369945,8
STAG3L5P,8
OR13C2,8
MSL3-DT,8
MIR6726,8
LOC105379089,8
H2BN1,8
C1QL3,8
MIR6871,8
SNORD1A,8
LOC102724594,8
PDE3A-AS1,8
ZBTB20-AS4,8
TSPYL1,8
SLC39A12,8
GSTCD-AS1,8
MIR3663,8
MIR3976,8
MIR4263,8
RPL13,8
LOC124900508,8
LINC02711,8
H4C14,8
H4C15,8
LOC124909454,8
LOC124900857,8
LOC124902100,8
MIR4683,8
OR7G2,8
LOC105376249,8
LINC00968,8
TSTD1,8
LOC107985154,8
THAP11,8
SOX15,8
ZDHHC15,8
LOC105372593,8
LOC124904184,8
POTEC,8
PPIC-AS1,8
SNORD35B,8
SOX2,8
LOC124904161,8
SPATC1L,8
RPS11,8
LOC124901479,8
MRPS17,8
LOC105373576,8
LOC107985225,8
MAGEA10,8
LOC105373777,8
KRTAP9-3,8
C11orf98,8
EPGN,8
PDCL,8
SNORD116-25,8
YIPF1,8
OR8D1,8
MIR4779,8
LOC124903565,8
LOC107984602,8
CACNA1C-AS4,8
LINC02118,8
STPG2-AS1,8
H4C6,8
SYCN,8
LOC107984137,8
NUFIP1,8
VSTM2L,8
LOC105377672,8
MIR4753,8
SNORD115-13,8
LOC105372554,8
MIR4439,8
PCDHGA7,8
SMIM30,8
MIR8085,8
NOTCH2NLR,8
NOTCH2NLA,8
SPESP1-NOX5,8
RPL27A,8
PLBD1-AS2,8
LOC105369539,8
LOC105378404,8
EFCAB6-DT,8
LOC340512,8
LOC124900362,8
WDR89,8
LOC124905198,8
LOC124902005,8
OR14A16,8
MIR588,8
FBXW7-AS1,8
LOC124903815,8
LOC101927623,8
MIR224,8
CDC7,8
SUCNR1,8
LOC105374391,8
LY6G6E,8
LOC124906380,8
LOC124902744,8
DEFB126,8
LOC124909366,8
LOC105370020,8
LOC105373709,8
CABS1,8
EIF2S2,8
DIP2A-IT1,8
DCAF13P3,8
MTMR6,8
MIA2-AS1,8
CENPA,8
DSCAM-AS1,8
OR4C15,8
ERCC6L,8
FUT8-AS1,8
LINC02119,8
LOC112268273,8
OR2T5,8
LOC124903687,8
RAB35-AS1,8
MIR153-1,8
LOC105379169,8
TGILR,8
TTTY17B,8
LOC105376449,8
LOC124901117,8
RIT2,8
TRIM39,8
PF4V1,8
LOC101926994,8
LOC107985358,8
MIR6516,8
LOC124905233,8
MIR3135A,8
MIR1202,8
PPBPP2,8
PTPRD-AS1,8
JAGN1,8
NKX2-1,8
LOC124902860,8
GLP1R,8
LOC105377642,8
LOC124904809,8
ZNF416,8
CTAGE7P,8
PCDHB1,8
INSRR,7
SUMO4,7
MIR3165,7
LOC124902679,7
MIR7703,7
MIR660,7
SNORD65,7
CSNK2A2IP,7
PFN3,7
THSD4-AS1,7
MIR1244-2,7
ASAH1-AS1,7
OR4A15,7
OR4C6,7
SPANXN3,7
MIR6745,7
IFNA6,7
MIR4639,7
LOC107984791,7
TXNDC16,7
LOC105369698,7
MIR378G,7
LOC112268030,7
LOC105379331,7
LOC124900947,7
LOC124904360,7
SNORA58,7
MIR4677,7
SNORD91B,7
MIR6885,7
LOC124900810,7
FSCB,7
LOC105375002,7
SNORD19C,7
MIR4512,7
LOC124902925,7
LOC124903101,7
LOC102723914,7
MIR4431,7
LINC02530,7
SNORD138,7
MIR6857,7
LOC112268470,7
CTAGE10P,7
LOC107986368,7
LOC124904208,7
MROCKI,7
MIR383,7
PRICKLE2-AS3,7
MIR4775,7
MIR615,7
CTAGE4,7
NELL1-AS1,7
BTG3-AS1,7
LOC107985360,7
MIR22,7
LINC01718,7
LINC01601,7
RNF182,7
COMMD3-BMI1,7
PYGO1,7
LOC100289230,7
CYYR1,7
LOC105370450,7
FAM88D,7
H1-1,7
PCDHA1,7
LOC102724652,7
LOC105369475,7
LINC01043,7
MIR378D2HG,7
LOC105372802,7
CDCA4,7
LINC01352,7
OR2T34,7
LINC01728,7
OR1Q1,7
PCDHB12,7
LOC127898564,7
LOC107985958,7
MIR548O2,7
LOC124904428,7
MIR101-1,7
SNORA47,7
LOC105373636,7
LOC105370008,7
MIR492,7
GCSHP3,7
LOC105378842,7
LOC124903370,7
LOC124902233,7
MIR517B,7
MIR320D2,7
MIR4445,7
CYP2C18,7
PIGM,7
ZNF286A,7
MIR4308,7
PGAM4,7
LINC02944,7
MT1HL1,7
PIGC,7
SMCO3,7
LINC00216,7
TEX55,7
MIR567,7
OR8I2,7
MIR153-2,7
LOC124903236,7
CAVIN4,7
LOC101927013,7
LOC124900797,7
LOC645485,7
MIR4537,7
MIR3929,7
LOC105376364,7
MIR6738,7
FTH1,7
CHD1-DT,7
LOC124901964,7
SHLD3,7
TRIM42,7
ZNF404,7
OR51F2,7
RPS10,7
LINC00881,7
ST13P4,7
ACTE1P,7
POM121L2,7
LOC105370256,7
OR4K1,7
LOC105373484,7
GPR52,7
LOC105373737,7
IFNL1,7
PCDHB10,7
IQCF5-AS1,7
MYH1,7
JAKMIP2-AS1,7
LOC105376090,7
CLDN25,7
NPY2R,7
LOC105369989,7
LOC112267952,7
AMBN,7
FHL5,7
LOC124907875,7
H2BP1,7
LOC105369452,7
MIR8084,7
TRIM53AP,7
LOC124904601,7
SNHG15,7
MIR6810,7
LOC105379110,7
OR52P1,7
MIR3184,7
LINC02475,7
PRPF19-DT,7
MIR502,7
FAM216B,7
SGPP1,7
OR10G7,7
SPATA31F2P,7
MIR6770-3,7
MIR6838,7
LINC01179,7
GNG5B,7
LOC105379039,7
LSM6,7
CCDC43,7
TXNDC12-AS1,7
CTAGE11P,7
LOC124900413,7
LOC105376923,7
LOC105379087,7
LOC124903319,7
MIR520E,7
LOC112268036,7
LOC105374657,7
SNAPC5,7
LOC101927141,7
LINC03147,7
LOC124900822,7
MIR1183,7
LOC124901789,7
DEFB104B,7
KRTAP3-3,7
LINC00705,7
KIR2DL1,7
LOC101929321,7
LOC105377275,7
LINC01074,7
LOC102723910,7
LOC112268017,7
MIR25,7
MIR607,7
LOC105379025,7
SNORD116-6,7
NKX3-1,7
LOC124904115,7
OR2A7,7
OR2M1P,7
CLDN10-AS1,7
LOC107986562,7
ZSCAN5C,7
OR10H3,7
SCARNA13,7
PCDHA12,7
MIR6501,7
LOC105373284,7
LOC124900267,7
SNORD45B,7
PRNCR1,7
LOC105375202,7
MIR889,7
LOC124901698,7
HTR3B,7
SLC25A51P1,7
NOP35P1,7
MIR30C1,7
MIR548AO,7
HIKESHIP2,7
LOC105373598,7
HAO2-IT1,7
KRT33A,7
MIR1229,7
LOC124902982,7
MIR509-2,7
CLLU1,7
SNORD88B,7
LOC105377370,7
LOC107986347,7
LOC124902918,7
LOC550113,7
LOC124903580,7
SLC45A2,7
SNORD127,7
LOC105370600,7
MIR5092,7
LOC101928201,7
XKR5,7
TRIM39-RPP21,7
C18orf32,7
SNORD105B,7
LOC105374192,7
MIR4300,7
MIR3157,7
MIR1258,7
CLK2P1,7
MIR6847,7
LOC124903495,7
MIR147B,7
LOC105371191,7
PAGE5,7
MIR381,7
MTNR1A,7
LOC105378789,7
CT55,7
PDIA3P1,7
OR4C11,7
MIR1206,7
LOC124900546,7
MIR548L,7
LOC105372768,7
LOC105372121,7
ZNF669,7
PGBD1,7
LOC105377702,7
LOC105378644,7
LINC01247,7
LOC105372772,7
SNORD51,7
LOC107985707,7
LOC102724523,7
OVCA2,7
YAE1-DT,7
NLGN1-AS1,7
BGLT3,7
OR13C9,7
LOC128125816,7
LINC01861,7
MIR33A,7
MIR543,7
LOC105375472,7
EEF1AKMT4-ECE2,7
LOC105371841,7
SNORD115-8,7
LOC105372126,7
OR6C1,7
SNORA11B,7
KCTD11,7
KIR3DL1,7
LOC105373013,7
SNORD72,7
SNORD114-7,7
LOC105370231,7
OR14C36,7
B3GALT4,7
CCDC8,7
HGC6.3,7
LOC101927189,7
OR2L2,7
MIR212,7
LOC124902079,7
EIF4EBP2,7
TSPYL4,7
LOC101929141,7
FTH1P3,7
LINC02451,7
LOC124903423,7
LOC105371293,7
MIR454,7
GUCA1C,7
LINC01209,7
LOC107985725,7
MIR378F,7
MIR1285-1,7
LCMT2,7
CCDC169,7
GPR15,7
LINC01150,7
TMEM216,7
MIR5093,7
ZNF793-AS1,7
LOC107983976,7
CETN1,7
LINC02164,7
MIR6780A,7
MIR6821,7
MIR3661,7
LOC105371630,7
LINC01078,7
SMR3A,7
LOC115308161,7
MIR664A,7
GADD45B,7
SNORD115-9,7
LOC107986528,7
KCNJ2-AS1,7
MIR7-3HG,7
LOC105375683,7
FASTKD5,7
LOC124909424,7
MIR4715,7
TTC21B-AS1,7
IL21R-AS1,7
BRWD1-AS1,7
NCBP2AS2,7
TBC1D22A-AS1,7
SMIM17,7
UCN,7
ATXN7L3B,7
MIR4661,7
ZC3H11B,7
CENPBD2P,7
SPATA25,7
LOC105374988,7
LOC105372172,7
MIR4502,7
LOC101929460,7
LOC105377524,7
LCMT1-AS2,7
LOC124900328,7
MIR1271,7
MIR4424,7
LOC105372676,7
NXPE2,7
CBR1-AS1,7
MIR513A2,7
LOC124902825,7
LOC105373524,7
LOC105376349,7
SNORD13J,7
LOC105369534,7
LOC124901392,7
LOC107986899,7
OR5B2,7
LINC02500,7
LOC124901943,7
BRDTP1,7
OGN,7
OR5L2,7
KLHL9,7
SCARNA6,7
SSU72L3,7
SNORD66,7
SLC35B3,7
LOC124903246,7
SNORD116-11,7
OSTC,7
LOC124902875,7
LOC105376981,7
MIR6859-3,7
LINC00317,7
MMD,7
INS-IGF2,7
LOC100996318,7
LY6G6F,7
LOC124903667,7
MIR8057,7
LINC02680,7
OR4C3,7
MIR3713,7
RPL21P28,7
GZMA,7
LINC02240,7
LOC124902286,7
LOC124909395,7
SPDYC,7
LIN7C,7
LOC124905262,7
LINC01966,7
MIR4764,7
KRTAP27-1,7
UGT2A3,7
CNST,7
JUNB,7
QRSL1,7
LOC105377156,7
YBX3P1,7
RN7SL832P,7
TMEM78,7
HOXD8,7
MIR3919,6
LOC124904307,6
LOC124904298,6
LINC02553,6
LOC107985714,6
LOC105370315,6
LOC124904254,6
LOC105370113,6
LOC124902442,6
OR2B8,6
MSANTD7,6
LINC02571,6
MIR1302-10,6
LINC03017,6
MIR5698,6
LOC124900185,6
LOC105369736,6
LINC01817,6
LINC01375,6
ARSK,6
IFT56,6
LINC01987,6
LOC124906098,6
DAOA,6
ZNF222-DT,6
SNORD65B,6
LOC124902896,6
RPL19P12,6
MIR519D,6
MSTN,6
H1-3,6
OR10G9,6
PCDHA8,6
ARL14,6
CTAGE9,6
MIR6831,6
NSMCE3,6
LOC124901968,6
LOC105374148,6
OR5M10,6
LOC105376474,6
SLC10A5,6
OR52N1,6
H3C10,6
TAS2R50,6
RAP1GAP2-AS1,6
LOC124901184,6
LOC103352541,6
SAA4,6
MIR548AH,6
OR5AP2,6
MIR582,6
LOC124902724,6
LOC107985490,6
OOSP2,6
KRTAP1-5,6
SNORD9,6
FOXS1,6
PCDHB19P,6
MIR5692C2,6
NADK2-AS1,6
MIR520A,6
ID4,6
LOC124900539,6
LINC02540,6
LINC00308,6
RNASE4,6
LINC02445,6
LOC107985001,6
KRTAP20-1,6
MIR202,6
LOC124902268,6
LOC105373239,6
SNORD35A,6
H2AC20,6
ZNNT1,6
SNORA77,6
MIR626,6
MIR382,6
MIR6769A,6
YTHDF3-DT,6
MTOR-AS1,6
GDF11,6
LOC105378988,6
FDX2,6
MIR517A,6
LOC124900849,6
LOC105373724,6
SPATA31F1,6
LOC124906206,6
LOC102723335,6
ATOH7,6
LOC124903228,6
LOC107987325,6
LOC124904766,6
MIR3650,6
CHP1P2,6
KRTAP21-1,6
C3AR1,6
LOC124904223,6
MIR516A1,6
LOC124900325,6
OR6X1,6
PRKACG,6
WDR5B-DT,6
LOC107987191,6
ZIM3,6
PEDS1-UBE2V1,6
LOC105373909,6
LOC124904228,6
LOC105373627,6
LOC124901987,6
LOC105373699,6
NRXN3-AS3,6
LOC105370345,6
LOC124902482,6
MYH8,6
LOC107984521,6
MIR6892,6
MIR616,6
PCDHGA9,6
SDHC,6
PIRT,6
LOC105377861,6
SHISA6,6
LOC105376243,6
LPP-AS1,6
DBX2,6
LOC105377290,6
CSN1S2BP,6
RAD51AP2,6
LOC124900842,6
LOC105379168,6
FDCSP,6
LOC107984564,6
LINC02837,6
LOC105377378,6
BMP10,6
GAR1-DT,6
LOC107984878,6
LOC101927023,6
IFNA22P,6
MIR6082,6
MIR29A,6
LINC03121,6
LOC105374828,6
MIR1911,6
LOC392196,6
NBDY,6
MIR515-1,6
MIR518B,6
MIR520G,6
TRAT1,6
MIR4633,6
MIR518E,6
MIR3129,6
THAP6,6
OR10AD1,6
MIR3180-1,6
MIR3180-2,6
MIR3180-3,6
SOX9,6
LINC01546,6
SLITRK6,6
LOC105371059,6
LOC107986292,6
LOC105372084,6
PCDHB16,6
LOC105375468,6
LOC102724874,6
OR2A14,6
PAPOLA-DT,6
MIR515-2,6
OR8B8,6
MIR758,6
LOC107984174,6
TSHB,6
LOC102724572,6
GPR176-DT,6
SNX9-AS1,6
LINC00619,6
MIR548P,6
KDM5D-DT,6
LOC124903685,6
LOC107985769,6
KRTAP12-1,6
OR4K14,6
LINC02616,6
ZNF8-ERVK3-1,6
EPCIP,6
MIR6074,6
S100G,6
MIR514A2,6
MIR421,6
LOC124906148,6
MIR376C,6
LRRC2-AS1,6
MIR1306,6
KRTAP13-1,6
MIR4642,6
SNORD82,6
LINC03085,6
LINC02301,6
LINC01075,6
LOC124901699,6
LOC102467216,6
RNU4-2,6
LOC105376370,6
LOC124901826,6
LOC107985464,6
GABRA4,6
LINC01616,6
MIR4433A,6
LOC105377881,6
OR5J2,6
LOC130494219,6
LOC124900505,6
MIR6784,6
MIR3064,6
MIR4679-1,6
LOC105377183,6
LOC124900735,6
LINC00563,6
MIR6740,6
MIR891B,6
MIR4667,6
SNORD14A,6
LOC107985518,6
MIR4737,6
SNORA56,6
NAALADL2-AS2,6
KRR1,6
OR2L5,6
LINC02108,6
LOC124901077,6
MIR3160-1,6
FAM163A,6
LINC00353,6
SNORD114-16,6
CNGA2,6
OR6C65,6
MIR6816,6
LINC00587,6
LOC124904105,6
DPEP2NB,6
LOC101928718,6
LOC124900444,6
NDUFV2-AS1,6
C16orf46,6
SPTSSB,6
SNORA11C,6
MIR1284,6
MMP8,6
LINC00467,6
LOC107987054,6
LINC02218,6
MIR6873,6
MIR489,6
KIF2B,6
LOC105377437,6
THAP5,6
SNORA74C-2,6
LOC105374488,6
RHEBL1,6
LOC107986019,6
AHCTF1P1,6
PELO,6
VMAC,6
LOC124900541,6
FEN1,6
LOC780529,6
LINC01011,6
MIR6511B1,6
MIR6511A4,6
DEFA11P,6
LOC102724159,6
MIR942,6
LOC105370475,6
LOC124905271,6
PMF1,6
MPEG1,6
MIR6084,6
LOC105373665,6
KRTAP20-2,6
LINC01707,6
MIR501,6
LOC652276,6
RABIF,6
RPS27,6
LINC02383,6
ZKSCAN8P1,6
SEMA5A-AS1,6
LOC105370286,6
LOC105375992,6
LOC107985968,6
UBXN7-AS1,6
MIR192,6
LOC124903099,6
STX16,6
MYCBP,6
PINK1-AS,6
TOMM6,6
LINC01205,6
TAF7,6
LOC105375473,6
MIR3180-5,6
ASDURF,6
PCDHB5,6
EID1,6
LINC01733,6
STIM2-AS1,6
MIR4659A,6
LOC105377009,6
TFPI2,6
LOC124901616,6
GAS1,6
LOC112268225,6
LOC124901592,6
LINC00499,6
PPBP,6
COMMD7,6
LOC105379300,6
CTXN2-AS1,6
LOC105373201,6
LINC02104,6
LINC01930,6
MIR1193,6
MPZL3,6
GUCA1ANB-GUCA1A,6
MYF5,6
ZNF248-AS1,6
LOC107986045,6
LOC105372016,6
OR5H15,6
STT3A-AS1,6
SNORD38B,6
SNORD91A,6
PRR20B,6
PRR20C,6
PRR20D,6
PRR20E,6
LINC02499,6
MIR133A1,6
LOC105375553,6
LOC107985704,6
LINC00582,6
LOC105274304,6
MIR504,6
LINC01493,6
MIR6867,6
PRM2,6
GLRA2,6
DDC-AS1,6
OR2T10,6
LINC02229,6
LINC01751,6
MIR6759,6
LOC124904411,6
MIR4789,6
LOC124901732,6
LOC105370480,6
LOC124900879,6
MIR487B,6
KIF1C-AS1,6
LOC105370446,6
MIR23B,6
MIR4784,6
LOC124901057,6
OR5H14,6
OR9Q2,6
MIR4675,6
ST20-AS1,6
LINC00399,6
LOC105374413,6
OR52N4,6
MIR211,6
LOC101927573,6
MIR4466,6
MIR6837,6
LOC128071544,6
OR7G1,6
YWHAEP1,6
LOC124903026,6
MIR98,6
PTH,6
LOC105378782,6
SNORA67,6
MIR548AJ1,6
LINC00402,6
MIR3181,6
MIR1283-2,6
LOC107985057,6
SNORD8,6
LOC101928008,6
LOC124904117,6
LOC107985713,6
LOC124906236,6
MIR4444-2,6
LOC124904780,6
MIR663B,6
RNF133,6
LOC105371259,6
LOC124900485,6
LOC102723663,6
MIR524,6
MIR6792,6
GALNT4,6
LOC105377840,5
KRT24,5
MIR548M,5
SCG2,5
MIR222,5
LOC105375477,5
LINC02597,5
LOC105374141,5
MIR1302-11,5
MIR1302-3,5
MIR6733,5
MIR548H1,5
LOC105374641,5
SNORA23,5
LOC105375955,5
OR10T2,5
MIR31,5
MIR186,5
LOC124904343,5
BCHE,5
MIR3648-1,5
GUCY2F,5
ITGA6-AS1,5
LRG1,5
CHORDC1P4,5
LOC107986667,5
RGS21,5
MIR6776,5
C1orf115,5
LINC02414,5
BMP5,5
LOC124903275,5
LOC105375470,5
MIR4471,5
SNORD1C,5
KRTAP6-1,5
MIR7113,5
LOC101928196,5
PAPPA-AS1,5
LOC124901895,5
MIR223,5
MIR1205,5
CPA2,5
LOC124901634,5
ARHGEF3-AS1,5
RPS6KA2-AS1,5
LOC105377622,5
LOC124900885,5
EXOSC6,5
PCDHA9,5
FSIP2-AS1,5
SNORA46,5
OR3A3,5
SNORD116-30,5
MIR548AS,5
MIR216B,5
CLTA,5
LOC105370312,5
LOC124900230,5
MIR4668,5
LOC124902131,5
LOC124904726,5
LOC107985436,5
NLGN4Y-AS1,5
LOC124905012,5
LOC124900978,5
LOC107985144,5
DDX3ILA1,5
MIR3128,5
LINC02561,5
MIR7978,5
LOC105379375,5
STRIT1,5
COX18,5
RNU11,5
NRG1-IT3,5
LOC101928359,5
RBM48,5
LINC01288,5
ACSS3-AS1,5
GAS2L1P2,5
LOC124903331,5
LOC124901043,5
LOC102723842,5
SNORD141B,5
LOC100652758,5
LOC105374656,5
FAM47C,5
SMILR,5
LOC107987338,5
LOC124903664,5
HS6ST3,5
ZNF816-ZNF321P,5
PCDHB14,5
MIR6866,5
LOC105377563,5
MIR497,5
MIR3688-2,5
LOC105378319,5
LOC124903422,5
LOC105377262,5
OR51L1,5
RAB4B-EGLN2,5
MIR7702,5
LOC107987133,5
LOC105378031,5
TTLL7-IT1,5
ADAM20P1,5
MIR30D,5
ASIP,5
MIR191,5
PRR20G,5
AMIGO2,5
MIR5006,5
DEFB114,5
SNORA40B,5
MIR361,5
MIR632,5
LOC124904380,5
LOC105372185,5
LOC105375629,5
LOC124901048,5
LINC02020,5
LOC105374702,5
ACTR3BP5,5
ACTR3BP2,5
OR4K5,5
LOC124908060,5
SORCS3-AS1,5
AKR7A3,5
LOC124903528,5
LOC105374556,5
LYZL2,5
RN7SL3,5
LOC124902523,5
LOC105379099,5
LOC124904735,5
KLRA1P,5
OR8G2P,5
MIR518A1,5
SULT1C5P,5
FRMPD4-AS1,5
MIR3180-4,5
TMPRSS11F,5
GNRHR,5
MIR452,5
SNORA71B,5
LOC107986709,5
MIR3169,5
KRTAP9-4,5
MIR520C,5
MIR516B2,5
CBLL1-AS1,5
MIR520F,5
LOC124901224,5
MIR6513,5
SNORD87,5
PCAT5,5
SGO1-AS1,5
LINC01784,5
MIR146B,5
HTR1E,5
ZNF286B,5
LOC105371986,5
GNRH1,5
MIR3609,5
DIS3,5
FRMD6-AS1,5
MIR128-2,5
LOC124902240,5
MIR4307,5
MIR4649,5
LINC01609,5
MIR4517,5
MIR215,5
PVRIG2P,5
IFT74-AS1,5
LOC107984217,5
LOC105370254,5
LOC102723364,5
SCARNA12,5
POLGARF,5
MIR181A2,5
SCARNA8,5
MIR6755,5
MIR4725,5
MIR4735,5
MIR4714,5
LOC105372345,5
LINC02686,5
SNORD114-18,5
SNORD113-3,5
LOC107986088,5
SCARNA22,5
LOC124903737,5
PCDHGA11,5
MIR6872,5
MIR526A2,5
EEF1DP3,5
SNORD58C,5
LINC02444,5
SNORA74C-1,5
PRMT5-DT,5
LOC124905021,5
OR5AC2,5
LOC124909470,5
DNAJC30,5
MIR3978,5
TTC5,5
OR5BS1,5
LOC105376817,5
SNORD11,5
LOC100507547,5
RNVU1-4,5
RNVU1-30,5
LOC124904385,5
MIRLET7BHG,5
MIR6508,5
COX19,5
TAS2R42,5
CHL1-AS2,5
CNIH1,5
LOC105378072,5
MYH4,5
MIR5692B,5
LOC124904233,5
SNORD19B,5
RNF225,5
KRTAP13-3,5
MIR210,5
SPANXA1,5
MIR548AB,5
LOC105377560,5
IL1RAPL1,5
LOC124906023,5
ADAM29,5
LOC105369714,5
LINC02353,5
OR2T2,5
LOC124902189,5
SNORA36B,5
LOC124904528,5
MIR3973,5
LINC02426,5
RNF148,5
MIR154,5
TERB2,5
LOC124900345,5
LOC105374163,5
ZBTB9,5
LOC105372760,5
RBM27,5
RNVU1-17,5
HTN3,5
LOC105370335,5
TEX50,5
POU3F3,5
LOC124907750,5
CSN2,5
MYRACL,5
DUXAP10,5
OR51F1,5
LOC105370904,5
LOC112268027,5
LOC124903656,5
MIR296,5
KIF4B,5
MIR6076,5
ZSCAN22,5
LINC02469,5
LOC105378419,5
LOC107987240,5
SNORD92,5
GAP43,5
CCDC70,5
PCDH9-AS3,5
OR4K3,5
LOC105369483,5
ADAM21P1,5
FAS-AS1,5
MIR6823,5
LUM,5
MIR1263,5
OR13G1,5
CSN1S1,5
MAGEF1,5
MRPS26,5
MIR3714,5
MIR205,5
MIR6818,5
LOC124902847,5
LARGE1-AS2,5
MIR103B1,5
MIR6869,5
MIR658,5
LOC105377246,5
BCL10-AS1,5
OR8G5,5
MIR1269A,5
LOC100130268,5
LINC01898,5
SELENOT,5
C1orf56,5
LOC107986270,5
H2AC4,5
LOC102724207,5
LOC105369746,5
LOC105377905,5
SNORD73A,5
PCDHB15,5
LOC107984328,5
ITPR1-DT,5
OR5M9,5
LOC105377159,5
CASP12,5
HNMT,5
MIR586,5
LOC124903769,5
MIR642A,5
ZNF733P,5
LOC105369527,5
MIR7-1,5
MIR4796,5
COL5A1-AS1,5
MIR1305,5
PTGS2,5
MIR4433B,5
LOC124903137,5
MIR584,5
GLRA3,5
LOC124903581,5
MIR331,5
MIR4701,5
ALG10,5
LOC124902695,5
MPC1-DT,5
LINC01148,5
MIR370,5
FZD6,5
LOC122526780,5
LINC00373,5
SESN3,5
LOC124902508,5
RMP24,5
PPM1E,5
LINC01907,5
LINC02629,5
LOC105371308,5
LOC105369932,5
FAM229B,5
LINC02051,5
LOC105370339,4
NARS2-AS1,4
LOC105370159,4
LOC124903595,4
LOC124902740,4
LOC105372069,4
PMCH,4
TEX47,4
LOC105375001,4
OR5T3,4
MIR6822,4
LINC01753,4
DNAJB7,4
OR2L8,4
LOC124905169,4
AADACL4,4
MIR657,4
LINC02329,4
MCTP1-AS1,4
LOC105379171,4
LOC107985043,4
LOC124900848,4
LOC118567325,4
LOC105378066,4
ZNF165,4
LOC124900552,4
LOC101929348,4
KIR2DL3,4
CLDN34,4
LOC124903394,4
ADK-AS1,4
OR4P4,4
OR5M1,4
LOC105370805,4
LOC105373712,4
RNVU1-1,4
MIR519A2,4
LOC105375237,4
SNORD115-34,4
HSF5,4
CBY2,4
OR8U3,4
LOC124904424,4
SNORD67,4
LOC124902387,4
TSNAX,4
LOC124901496,4
LOC105369171,4
PTENP1-AS,4
SERPINB3,4
MIR4465,4
LMLN-AS1,4
MIR6794,4
TTC14-DT,4
RGS18,4
MIR4671,4
PCDHGB8P,4
MCTS2,4
MIR943,4
LOC105374004,4
OR2M7,4
LOC124904270,4
MIR548BB,4
KLB,4
LOC105373523,4
LOC107985846,4
LOC105374548,4
POF1B,4
LOC105378026,4
SNAI2,4
GUSBP5,4
LOC105373458,4
MIR6825,4
GPR22,4
MIR299,4
MAGEB10,4
LOC124900319,4
MIR508,4
LOC124900670,4
MIR548AZ,4
LOC124900772,4
LOC105378095,4
LOC124901915,4
PRO1804,4
LOC105375181,4
LOC124900890,4
LOC124900559,4
LOC124900197,4
LOC105374705,4
MIR4434,4
LOC124900180,4
MIR3119-2,4
LOC107984620,4
MIR3199-2,4
MIR7852,4
LOC124900688,4
LINC00307,4
MIR3145,4
LOC105369408,4
LOC105370476,4
MIR6836,4
MIR525,4
MIR7705,4
MIR4688,4
LOC124901507,4
MIR6834,4
LOC101928626,4
LINC01680,4
ATP2B1-AS1,4
MIR1302-6,4
LSM8,4
LOC124905178,4
MIR509-3,4
LOC105378915,4
MIR520B,4
RAB40AL,4
IMPG2,4
LOC107986228,4
LOC107984542,4
FAM200C,4
LOC124900225,4
LOC105373781,4
LOC124900246,4
LINC00557,4
CEBPG,4
MIR8078,4
MIR6884,4
MIR2110,4
MIR1279,4
NDFIP2-AS1,4
C11orf97,4
LOC100996437,4
MIR4802,4
LOC105377410,4
MIR4508,4
MIR5187,4
CHTF8,4
RPS10-NUDT3,4
FUT4,4
SNORA14B,4
MIR939,4
C1QTNF2,4
MIR323B,4
LINC03129,4
LINC00375,4
SNORD94,4
MIR664B,4
LINC02693,4
MIR1289-1,4
FTMT,4
LOC100131257,4
MIR3683,4
LOC124904304,4
LOC105371456,4
OR2T35,4
SNORA71C,4
LOC128462377,4
ARMS2,4
MIR500B,4
LOC105375731,4
KANSL1L-AS1,4
RXFP1-AS1,4
MIR362,4
MIR16-1,4
TCHH,4
LOC105369797,4
LOC124904683,4
LOC124900464,4
MIR548AT,4
LOC105374497,4
LOC124907771,4
SNORD53,4
LINC02210-CRHR1,4
LOC124903435,4
LOC101060553,4
MBD3L2B,4
MBD3L2,4
MIR4280HG,4
DYNLRB1,4
LOC124900724,4
LOC105379292,4
SNORD114-24,4
TTTY22,4
RPSAP9,4
MIR1256,4
LOC105373673,4
MIR4453,4
PFN4,4
LOC105374430,4
MIR6748,4
GNAT3,4
SNORA84,4
NEUROD6,4
DGUOK,4
LOC107986386,4
LOC105370989,4
LOC124905170,4
LOC124900702,4
MIR5011,4
IFNE,4
PIP5K1P1,4
KRTAP26-1,4
MIR5579,4
SIM1-AS1,4
LOC107985051,4
LOC107986964,4
LOC124906264,4
LOC105372759,4
LINC01004,4
LOC105371486,4
LOC105373162,4
TRIM49B,4
GLA,4
MIR6875,4
XKRY,4
XKRYP7,4
MS4A2,4
CIMIP6,4
LOC124905987,4
MIR611,4
SNORD59A,4
LOC124900561,4
LOC105371207,4
KCNH1-IT1,4
MIR4257,4
MIR5687,4
DNAJC12,4
LOC124904668,4
DCAF8L2,4
LOC124902007,4
LOC124900498,4
LOC105370175,4
MIR4679-2,4
LOC101927790,4
P3R3URF-PIK3R3,4
MIR4765,4
RNA45SN2,4
MIR3648-2,4
UNC5C,4
SNORA15B-1,4
KIR3DL2,4
SOCS5,4
LOC107983989,4
LOC101929935,4
LINC02041,4
LOC105377847,4
TAAR3P,4
OR2W1-AS1,4
LOC107985259,4
OR2B2,4
LINC02106,4
MIR548C,4
LOC124901736,4
MIR3689F,4
SLC5A8,4
SNORD114-21,4
LOC105369744,4
MIR8063,4
COX6A1,4
TAS2R14,4
MIR8086,4
LINC02796,4
LOC101926908,4
LRRC10B,4
LOC124909417,4
MUC21,4
LOC124906347,3
PSMD6-AS1,3
DEFB107B,3
DEFB107A,3
MIR548E,3
MIR5090,3
LOC105379011,3
PNN-AS1,3
MIR548AD,3
LOC105376188,3
LOC128092247,3
ATP6V0D2,3
LOC124900819,3
LOC107985223,3
MIR5588,3
LOC124908048,3
LOC105374076,3
MIR21,3
LOC124905168,3
SNORD116-26,3
MIR3188,3
DNAJC25-GNG10,3
MIR125A,3
IFNA2,3
SNHG3,3
LOC124901726,3
MIR518F,3
LOC124903020,3
SNORA38B,3
LOC124900450,3
SNORD116-21,3
LOC124902977,3
MIR4496,3
LOC124904232,3
LOC124900434,3
SNORD114-25,3
LINC00254,3
MIR6795,3
MIR30B,3
CHMP4C,3
SNORD10,3
NAP1L2,3
SNORD14E,3
SNORD46,3
CREG1,3
LOC124900807,3
LOC124901274,3
LINC02059,3
LOC124901788,3
LINC01938,3
DEFB125,3
MIR630,3
LOC124900521,3
OR2M3,3
PGBD4,3
MIR181A1,3
MIR105-2,3
LOC105377627,3
LOC105375404,3
SNORD114-27,3
MIR520H,3
LOC124900174,3
VN1R10P,3
LOC124907888,3
LOC124903048,3
LOC107986057,3
LNCSRLR,3
LOC107986613,3
SNORA50C,3
MIR181B1,3
GACAT1,3
ALMS1-IT1,3
OSTN,3
OR4F21,3
OR4F29,3
OR4F3,3
LOC124903077,3
LOC105375370,3
MIR548AX,3
MIR514A1,3
LOC124906010,3
SNORD54,3
MIR4741,3
MIR484,3
CDKL4,3
SNORD104,3
MIR4489,3
MIR6845,3
ZNRF2P2,3
LOC105376356,3
LOC105375426,3
LOC122455342,3
SOD2-OT1,3
LOC107983958,3
MIR875,3
PCDHB6,3
SNORA31,3
LOC105374735,3
MIR4733,3
LOC110091776,3
LOC107986269,3
OR2T8,3
ASB3,3
SMIM18,3
LOC124901250,3
MIR6789,3
EHD3,3
LOC124906142,3
MIR449A,3
LINC00680-GUSBP4,3
SNORA53,3
LRRC39,3
PLCH1-AS2,3
ATP6V0CP3,3
ZNF365,3
FAM133DP,3
SNORD27,3
MIR1303,3
LOC105377670,3
GLRA1,3
LINC02504,3
LINC03084,3
LOC124900623,3
SNORD42A,3
SRD5A1,3
MIR4640,3
SNORA30,3
ZNF649-AS1,3
LOC124906112,3
SNORD49B,3
MIR3943,3
LOC107984568,3
MIR6894,3
LOC105373768,3
MIR3689C,3
LOC124902891,3
OR52A5,3
OR9G1,3
LOC107985132,3
MIR581,3
LOC105371019,3
LINC01327,3
MIR514A3,3
GPR82,3
TMIGD1,3
MIR302C,3
SNORD36B,3
LOC105372926,3
MIR4428,3
LOC124903073,3
MIR6778,3
LOC101929967,3
MIR6737,3
LRTM3,3
LINC02477,3
LOC107984533,3
MIR6130,3
CCDC126,3
LINC00534,3
CLDN22,3
KRTAP9-8,3
LOC124901281,3
OR52E1,3
DIRC1,3
OR5K1,3
LOC107984536,3
LINC02047,3
MIR4999,3
LOC105373292,3
LINC02605,3
OR4M2B,3
LOC124901526,3
SNORD113-2,3
TLCD4-RWDD3,3
LURAP1L,3
LOC124905242,3
LOC107986314,3
GPR171,3
PHLDA1-DT,3
LOC124900991,3
LOC105378662,3
LOC644215,3
MIR6844,3
LOC105370360,3
SNORA73B,3
LOC124906377,3
OR5P2,3
ATPSCKMT,3
LOC729681,3
CD1B,3
SNORA5C,3
MIR4503,3
LOC124904164,3
MIR380,3
DSPP,3
LOC105376634,3
LRRN3,3
MIR873,3
KCNA1,3
OR2L1P,3
LOC102724150,3
LOC128031835,3
SNORD50B,3
MKRN3,3
SNORA75,3
SNRPB2,3
MIR6848,3
LOC105370241,3
FAM47A,3
LOC102724491,3
MIR6808,3
MIR6791,3
IFNA14,3
LINC02950,3
MKRN7P,3
SNORA28,3
LOC101927855,3
LINC02202,3
SNORA74D,3
LOC124902645,3
KRTAP25-1,3
KRTAP6-2,3
SNORD117,3
LOC107986596,3
LINC00583,3
LOC105374682,3
LOC107987420,3
PTPRK-AS1,3
SOX4,3
MIR1469,3
LOC124903074,3
LOC124906053,3
TMEM42,3
MIR544A,3
KRTAP4-16,3
LOC105371662,3
OMG,3
LOC107986305,3
LINC02433,3
LOC107984613,3
LOC645967,3
SNORA51,3
LOC124904288,3
LOC124900387,3
LINC02549,3
OMD,3
MIR329-2,3
SNORA80B,3
ZNF527,3
PCYT1B-AS1,3
LOC105377961,3
SNORD114-17,3
LOC107985241,3
MIR520D,3
MIR3942,3
MIR125B2,2
LINC01243,2
LOC107986540,2
LOC124902905,2
LOC124907973,2
LINC00210,2
LOC124907784,2
LOC124903179,2
LINC01323,2
SNORA24,2
OR5B17,2
SNORD114-14,2
OR10A6,2
MIR214,2
FAM88C,2
MIR6751,2
OR10A3,2
SNORD114-20,2
OR2T12,2
SNORD114-29,2
LOC124900343,2
LOC105377611,2
LOC124902561,2
SNORA58B,2
LINC02079,2
SNORD114-28,2
LOC124904563,2
TAS2R60,2
OR51A4,2
MIR2113,2
MIR6500,2
LOC105373436,2
LOC124903420,2
MIR1245B,2
LOC105378247,2
LOC105377340,2
LOC107986931,2
LOC105378851,2
LOC124904963,2
SNORD113-7,2
LOC105379167,2
LOC107984982,2
MIR523,2
SNORA21,2
WDR5B,2
LOC124905034,2
LOC105379070,2
LOC124904381,2
PMP2,2
LOC124900518,2
MIR1251,2
MIR6720,2
OR5H6,2
HMGN3-AS1,2
MIR555,2
MIR4324,2
MIR580,2
LOC124906345,2
MIR6741,2
SNORD115-47,2
SNORA59B,2
LINC02472,2
MIR637,2
MIR532,2
SNORA32,2
MIR6870,2
LINC01014,2
PCDHGA12,2
BNC2-AS1,2
LOC105372155,2
MIRLET7I,2
RNU5D-1,2
LOC124904613,2
RNVU1-3,2
MIR4469,2
MIR32,2
LOC107983961,2
MIR134,2
SNORD115-15,2
LOC124903383,2
SNORA78,2
MIR34C,2
MIR5696,2
LOC105376941,2
MIR653,2
MIR193B,2
TRIM51G,2
THBS1-IT1,2
LOC105379333,2
LINC00349,2
SNORD110,2
RAB40A,2
ZBED2,2
LINC02792,2
UBE2E4P,2
CXADRP2,2
OR8J1,2
TMPRSS11BNL,2
MMADHC,2
SNORD2,2
TRIM77,2
LOC105377508,2
MIR491,2
OR5H2,2
MIR3926-1,2
OR5D13,2
MIR3135B,2
LOC105377507,2
SNORD114-23,2
LOC105375964,2
MIR604,2
MIR8061,2
FOXF2-DT,2
LOC124903418,2
TAS2R10,2
LOC124902888,2
PCDH9-AS4,2
TIGD1,2
OR4M2,2
MIR4670,2
LOC105375371,2
NRAL,2
MIR3146,2
LOC105375846,2
RPL17-C18orf32,2
IFITM4P,2
H3C2,2
WFDC10B,2
MIR3613,2
MIR1255A,2
MIR1302-2,2
SPMIP7,2
GPM6A-DT,2
MIR3122,2
SNORD48,2
LOC105379090,2
LOC401442,2
H2BC5,2
LOC124901457,2
LOC105376963,2
MIR4523,2
KCNK4-CATSPERZ,2
OR51H1,2
OR1L8,2
LYPLA1-TCEA1,2
MIR3116-1,2
LOC105375478,2
LOC124904504,2
LOC105374666,2
MIR17,2
SNORA52,2
SNORA9B,2
OXCT1-AS1,2
MIR297,2
MIR188,2
MIR1247,2
SNORA3B,2
MIR2276,2
MIR548F2,2
MIR19B2,2
SNORA37,2
LOC107986252,2
LOC100507250,2
MIR656,2
LOC105376004,2
LOC105369912,2
SNORD70B,2
MIR1261,2
LOC105376005,2
LINC02797,2
LOC105374242,2
BMS1P2,2
SNORA15B-2,2
LOC124907970,2
MIR378D2,2
SNORA22,2
LOC124901442,2
MIR3910-1,2
LOC105372362,2
MIR559,2
LOC124906114,2
LOC105369441,2
LOC105375509,2
SNORD36C,2
SNORD53B,2
MIR1283-1,2
MIR527,2
IQCJ,2
MIR4500,2
LOC124902994,2
LOC105370432,2
MMP10,2
MIR4767,2
MIR1253,2
CAPN9-AS1,2
MIR4498,2
LOC107984239,2
MIR2117,2
RPS10P7,2
MIR365B,2
SNORA75B,2
LOC105370420,2
TMED7,2
ANKHD1-EIF4EBP3,2
SNORD115-45,2
MIR5193,2
LOC107986781,2
LOC128092253,2
MIR2861,2
GBX2-AS1,2
MIR4539,2
MIR4258,2
LOC124901349,2
MIR941-4,2
MIR6802,2
SNORA54,2
LOC128125814,2
SNORA64,2
SNORD69,1
SNORA2A,1
LOC105377411,1
MIR3685,1
TRIM6-TRIM34,1
LOC124906220,1
HYAL6P,1
LOC107986764,1
LOC128125818,1
DSTNP2,1
LOC124903449,1
LINC02172,1
LINC02509,1
LOC124900399,1
LOC107985900,1
LOC124904193,1
VTRNA1-1,1
LOC105374021,1
SNORD18B,1
LOC101928326,1
MIR3143,1
LOC107985018,1
MIR106B,1
MIR300,1
LOC102724261,1
RBMS3-AS1,1
SNORD84,1
SNORD61,1
OR8K1,1
LOC105369164,1
SNORD115-48,1
SNORA66,1
LOC124900519,1
MIR510,1
MIR1255B2,1
PWAR6,1
LINC01111,1
MIR301A,1
MIR3171,1
MIR1299,1
LOC124904935,1
SNORD100,1
LOC124902827,1
MIR450A2,1
MIR548AN,1
TAAR9,1
PABPC3,1
SLC5A3,1
LINC01070,1
LOC105377846,1
LOC112268153,1
SNORD114-2,1
LOC107985858,1
LOC105377882,1
LOC124900410,1
MIR330,1
LOC105369143,1
INO80B-WBP1,1
SNORD113-9,1
SNORA5A,1
SNORD81,1
MIR668,1
LOC124901269,1
SNORD18C,1
MIR432,1
TRIM59,1
RETNLB,1
SNORA71E,1
MIR761,1
KRTAP4-12,1
KRT222,1
MIR3153,1
SNORA15,1
SNORD41,1
SNORD123,1
SNORA41,1
MIR367,1
MIR4720,1
PCDHGA6,1
UPK3BL1,1
SNORD107,1
MIR2909,1
TAS2R16,1
SYNE1-AS1,1
LOC124906141,1
LOC128031834,1
MIR29B1,1
SNORA20,1
SNORD113-5,1
LOC124909465,1
SNORD116-29,1
SNORA2C,1
MIR516B1,1
TAS2R8,1
MIR4761,1
SNORD88C,1
SNORD114-22,1
LOC124908046,1
MIR6766,1
LOC124901383,1
SNORA73A,1
SNORA62,1
LOC101927857,1
LOC124900306,1
LOC105370244,1
LOC107986091,1
SNORD32A,1
POU1F1,1
SNORD114-6,1
LOC107986050,1
MIR5692C1,1
SNORD45A,1
SNORA5B,1
LOC124900347,1
SNORA25,1
LOC124902941,1
SNORD38A,1
MIR6790,1
LOC128031837,1
SNORA3A,1
SNORD62B,1
MIR6881,1
MIR4749,1
LOC124900962,1
LOC127898562,1
SNHG19,1
MIR10A,1
LOC112267901,1
NME1-NME2,1
MIR6878,1
MIR6089,1
MIR1249,1
MIR6758,1
MIR545,1
TM4SF19-DYNLT2B,1
ATF7-NPFF,1
SNORD101,1
SNORD20,1
LOC124909433,1
MIR3195,1
CPS1-IT1,1
LOC107985843,1
TNFSF12-TNFSF13,1
LOC101927919,1
MIRLET7E,1
LOC124900604,1
ZNF511-PRAP1,1
RNU5E-1,1
MIR374A,1
SNORD56,1
MIR1281,1
MIR4722,1
SNORA71D,1
LOC124904974,1
LOC124900922,1
LOC105370168,1
SNORD22,1
LOC149684,1
SNORA33,1
MSRA-DT,1
LOC124907766,1
MIR4658,1
LOC124905998,1
HAUS3,1
LOC107986044,1
MIR152,1
LOC124902968,1
LOC107984950,1
LY75-CD302,1
SNORD55,1
MIR376B,1
MIR378E,1
LOC124902192,1
PRORP-PSMA6,1
MIR423,1
MIR33B,1
MIR196B,1
UTP14C,1
SNORD33,1
MIR6786,1
MIR3150B,1
LOC124900945,1
SNORA48,1
MIR4782,1
LOC105374817,1
LOC128092248,1
MIR941-2,1
MIR941-3,1
LOC105371822,1
MIR597,1
LOC107986890,1
KIR2DS4,1
DOCK8-AS1,1
SNORA63,1
