gene,n_hits
OBSCN,443
TBCD,427
ABR,387
RBFOX3,372
KCNT1,347
KCNQ2,345
MCF2L,343
COL13A1,339
TNS1,338
MAD1L1,326
CAMK2B,324
EHMT1,318
KIF1A,311
MYO18A,299
MICAL2,298
KALRN,294
MYLK,294
NCOR2,292
PPP2R3B,284
PRKCZ,279
SH3BP2,276
HDAC4,274
LAMA5,271
TNK2,271
HSPG2,268
NEDD4L,262
LMF1,261
MSI2,261
AGAP3,258
GSE1,258
PHLDB1,257
MTA1,255
FOXP1,254
ANKRD11,251
LDLRAD4,251
KMT2D,250
ADAP1,249
AUTS2,248
LSP1,248
ACTN1,247
NRXN2,247
BAIAP2,246
RPH3AL,246
RGS12,244
DPP6,243
MACF1,242
COL16A1,241
SEMA4D,241
TSC2,240
INF2,239
CACNA1C,237
CAMTA1,237
HDAC7,236
LTBP4,235
NFASC,234
PTPRF,234
TTC7A,234
PACS2,233
PDE2A,232
BRSK2,231
GPC1,231
PLA2G6,230
PLEC,230
NLRC5,229
PLEKHG5,229
KCNAB2,227
MYO15B,226
SHANK2,226
ITPR1,225
PEPD,225
SBF1,223
ARHGAP23,220
OSBPL5,220
PLXND1,220
WNK2,219
MYT1L,218
LLGL2,217
CACNA1D,216
UBR4,216
ADGRB2,215
PLXNB1,215
BCR,214
MYH9,214
PKD1,214
ARAP1,213
BCAR1,210
TNS3,209
ITGB2,208
ARHGEF1,206
ADCY5,205
ABCC8,204
KCNMA1,204
ABCA7,203
FLNA,203
MICAL3,203
PCSK6,203
SYNGAP1,203
DGKZ,202
CACNA1A,201
LMNA,201
NDRG1,201
C3,200
DAB2IP,200
SPEG,200
IGF1R,199
NBEAL2,198
PPFIBP2,198
RGS3,198
SBNO2,198
ABCA2,197
DNM1,197
MPRIP,197
AP2A2,196
ARHGAP22,196
GGT1,196
GRAMD1B,195
MYO15A,195
PLXNB2,195
PRKCH,195
POLE,194
AGPAT3,193
BAHCC1,193
SSBP3,193
CD81,192
LIMS2,192
MYO7A,192
SNED1,192
TCF4,192
CTBP1,191
GRIN1,191
EPS8L2,190
SLC19A1,190
SRCIN1,190
TRIO,190
AATK,189
AP3D1,189
ARHGEF2,189
DOCK6,188
RALGDS,188
IFT122,187
PDE4DIP,187
PPFIA4,187
TMC6,187
HDLBP,186
MYO1C,186
ARHGAP27,185
GDPD5,185
GNAI2,185
SPG7,185
NINL,183
NRXN1,183
ADGRG1,182
CACNA2D4,182
OSBP2,182
PSTPIP1,182
SORBS3,182
ANO1,181
CELSR1,181
SPTAN1,181
ADCY3,180
COL7A1,180
HTT,180
KMT2B,180
DYSF,179
KDM2B,179
MAPK8IP3,179
TP73,179
GAK,178
ITGB4,178
RNF213,178
SCRIB,178
ARVCF,177
COL1A1,177
TNNT3,177
ACAP3,176
ASPSCR1,176
CCDC85C,176
PCBP3,176
PTCH1,176
RARA,176
SMARCA2,176
ARHGEF10L,175
COL18A1,175
DST,175
GNAO1,175
PIEZO1,175
UVSSA,175
GNAS,174
ANK2,173
CASZ1,173
NFATC1,173
SMARCA4,173
DMD,172
KSR1,172
RNF220,172
TCF25,172
TRAPPC12,172
BANP,171
CABIN1,171
GRM4,171
L1CAM,171
NDRG4,171
SMG6,171
COL20A1,170
DLG4,170
MICALL2,170
CBFA2T3,169
ADGRD1,168
GIT1,168
PLCXD1,168
RYR3,168
ZFAT,168
ASPG,167
BRF1,167
DNAH17,167
DNMT1,167
PLCH2,167
ATP2B2,166
CARS2,166
LTBP3,166
PPP2R5C,166
SFXN5,166
TRAPPC9,166
BCL11A,165
FGFR2,165
STAB1,165
SZT2,165
ABCC3,164
FGFR1,164
SH3TC1,164
TECPR1,164
TNS2,164
ANK1,163
CHD3,163
NISCH,163
PTK2B,163
SND1,163
VAC14,163
DNM2,162
GABBR2,162
IQSEC1,162
KNDC1,162
PTPRU,162
CLSTN3,161
CREBBP,161
KCNH2,161
KDM4B,161
NTM,161
ADCY7,160
ATP11A,160
CACNA1H,160
COL2A1,160
MED15,160
MMEL1,160
TUBGCP2,160
ACSL6,159
ESPN,159
SMARCD3,159
ARID1B,158
KIF5C,158
MLPH,158
PIGQ,158
POR,158
RHBDF2,158
RBFOX1,157
SHANK3,157
SLC16A3,157
CELF4,156
FHAD1,156
NR4A1,156
PLEKHA6,156
ARHGEF10,155
ARHGEF4,155
CYB5R3,155
DENND3,155
FAAP20,155
FYN,155
HR,155
SEC16A,155
ATP6V1B1,154
COL9A3,154
DGKD,154
DPP9,154
EXD3,154
KIFC3,154
LINGO1,154
PARVB,154
PI4KA,154
RAI1,154
JAKMIP3,153
MED24,153
MEGF6,153
PLB1,153
PLCG2,153
POU2F2,153
SMTN,153
STAT6,153
TBC1D9B,153
TTC7B,153
AKT2,152
ATP6V0D1,152
BEGAIN,152
CDH23,152
CROCC,152
GPSM1,152
LDB3,152
TCEA2,152
TMEM63A,152
WDR1,152
COL11A2,151
DLG5,151
EPB41L3,151
NOTCH1,151
TRPM4,151
ITGA7,150
PLEKHA7,150
RABL6,150
SLC4A2,150
ADGRV1,149
ANKMY1,149
HOXB3,149
PSD,149
SMAD3,149
ARHGAP4,148
ATP9B,148
EPB41L1,148
EVL,148
PPP1R12C,148
PTK2,148
PXDN,148
SIGIRR,148
SYNE1,148
TNNT2,148
ATP10A,147
HMCN2,147
MAU2,147
PFKL,147
PRKCD,147
RAPGEF3,147
RTN4R,147
TFEB,147
ANKRD6,146
CAMK2G,146
CLCNKB,146
COL6A1,146
CTNNA1,146
CXXC5,146
FARP2,146
GRAMD4,146
LRP1,146
PACS1,146
PLXDC1,146
RXRA,146
SAMD11,146
STRA6,146
VILL,146
AGRN,145
CFAP46,145
EPAS1,145
OBSL1,145
PKP3,145
TNIP1,145
ACSF2,144
AKT1,144
CAMTA2,144
CUEDC1,144
GLIS3,144
INTS1,144
MUC5B,144
MYO19,144
NOL4L,144
PDE4D,144
PDXK,144
PHGDH,144
PIEZO2,144
RNF123,144
SPTB,144
BCOR,143
FBLN1,143
FLT4,143
GABBR1,143
PIK3CD,143
STRN4,143
TTYH2,143
DLG3,142
HDAC5,142
PRDM16,142
TANGO2,142
USP13,142
XXYLT1,142
ZNF423,142
ARRB1,141
BAIAP3,141
BMP1,141
GRB10,141
INPP5A,141
INPPL1,141
ITIH4,141
MBP,141
MNT,141
PER1,141
SYNE2,141
CCDC57,140
CCDC88C,140
CDK5RAP2,140
CNTN2,140
CPAMD8,140
EHBP1L1,140
L3MBTL1,140
PITPNM1,140
STXBP2,140
TCF20,140
TCIRG1,140
TG,140
VDAC1,140
ZBTB16,140
ACO2,139
CHD4,139
DCTN1,139
ELFN2,139
INPP4A,139
KIAA0930,139
KMT2C,139
PNPLA6,139
TIE1,139
TSNARE1,139
ZFYVE28,139
CDK18,138
CHD5,138
DNMT3A,138
DPF3,138
FBRSL1,138
GAS7,138
GSK3A,138
NAV1,138
OSBPL2,138
PLCB2,138
SGSM2,138
SLC12A7,138
SREBF1,138
UBE2I,138
VPS13D,138
ACE,137
ASS1,137
JAG2,137
LIG1,137
MAGI2,137
PAX6,137
PRDM15,137
RASA3,137
SHANK1,137
SSBP4,137
CIC,136
CIRBP,136
CLK3,136
CMIP,136
HSF2BP,136
KCNIP2,136
LZTR1,136
MYO9B,136
NOS3,136
NPAS2,136
OSBPL10,136
SLC1A2,136
UCKL1,136
CUX1,135
EXOC7,135
HGS,135
ITGA3,135
MYOM2,135
NTRK3,135
PTP4A3,135
ST3GAL3,135
TSPAN4,135
VPS53,135
CPNE2,134
EEF1D,134
MUC6,134
MYRF,134
NBEA,134
PITPNM2,134
PLCD1,134
RECQL5,134
XPO6,134
AACS,133
ADCY4,133
COL5A1,133
CUL9,133
ERICH1,133
FMNL1,133
PIK3R5,133
POMT2,133
RHBDF1,133
SLC12A5,133
TAF4,133
TBC1D1,133
UNKL,133
WWP2,133
APBB2,132
ATP2B3,132
FLII,132
FSCN2,132
MYO5B,132
NAV2,132
RRBP1,132
SIPA1,132
SPTBN2,132
TACC2,132
TMEM94,132
ULK1,132
WWC1,132
ARHGAP26,131
CAST,131
CCDC33,131
DEAF1,131
LGR6,131
MEIS2,131
MUC4,131
NECAB3,131
NUMA1,131
SPPL2B,131
USH1C,131
ARHGEF17,130
CARD10,130
DDR1,130
DYNC1H1,130
FADS2,130
FLNB,130
GNB1,130
MIB2,130
MTCL1,130
PANK4,130
PCNT,130
PPFIA3,130
SLC25A48,130
TACC3,130
TNRC18,130
TOP1MT,130
CHID1,129
CPNE7,129
DNAH1,129
ERGIC1,129
MGRN1,129
PRRC2B,129
PTPRS,129
TXNRD2,129
ACSF3,128
ADAM8,128
EVI5L,128
FAM53A,128
IGF2R,128
KLC1,128
LARP4B,128
PBX1,128
PDE10A,128
PEMT,128
RYR1,128
SOX6,128
WT1,128
AMPD2,127
C1orf159,127
CLCN2,127
DLGAP2,127
DLGAP4,127
NTRK1,127
PRKAG2,127
RAP1GAP,127
SHC2,127
TRIM29,127
ADGRL1,126
ADORA2A,126
BOC,126
DUSP8,126
HIP1R,126
LRP5,126
PIGG,126
SLCO2B1,126
SORBS1,126
TLE3,126
TSPAN18,126
ABLIM2,125
CSNK1G2,125
EML1,125
GALNT9,125
KLHDC4,125
NDRG2,125
NIN,125
SLC12A8,125
SULF2,125
AHRR,124
ANKS1B,124
EXOC3L4,124
OTOF,124
PPP1R16A,124
PTH1R,124
RHOBTB2,124
TKT,124
TRAF7,124
UNC13D,124
VIPR1,124
ALDH3B1,123
CLPTM1L,123
CTSH,123
LARP1,123
SCUBE2,123
TRMT44,123
ABLIM1,122
ARHGEF7,122
ATP2A3,122
BRD4,122
COL27A1,122
COL6A3,122
DLG2,122
DMTN,122
ERBB2,122
FOXN3,122
GPR35,122
HSPA12A,122
ITGA5,122
MGLL,122
MYO5A,122
PHACTR1,122
PHACTR3,122
PPFIA1,122
SEMA3F,122
SLC12A4,122
TLN2,122
TNXB,122
ABCB9,121
ADAMTS10,121
ASCC2,121
ASIC1,121
CEP250,121
CRHR1,121
CTSD,121
DPEP1,121
GATA3,121
GET4,121
IFT140,121
IGF2,121
NUP214,121
PLEKHM1,121
PRPF40B,121
RASGEF1A,121
RBPMS,121
RERE,121
TBC1D10A,121
ANK3,120
AP1M1,120
CALML4,120
CEP164,120
DMKN,120
DNHD1,120
DTNB,120
ITGB5,120
LPIN1,120
MADD,120
MAN2B1,120
MARK2,120
MATN2,120
PTDSS2,120
RAP1GAP2,120
SEC14L1,120
SGSH,120
STIM1,120
SUN2,120
TCF7L2,120
TSPAN9,120
WIZ,120
ZNF827,120
ACACA,119
ACACB,119
BRD3,119
CADPS,119
CNOT3,119
DGKQ,119
EPN2,119
GSN,119
INPP5D,119
JAKMIP1,119
KCNK9,119
KIF5A,119
LAMB2,119
LRRK1,119
MRC2,119
PIK3C2B,119
PRKDC,119
TTLL5,119
ADARB2,118
ADGRB1,118
BRD9,118
CEP131,118
CYFIP2,118
EPB41L2,118
FRMD4A,118
GABRB3,118
HDAC10,118
MAP3K12,118
MFSD12,118
PLCB1,118
PLEKHG3,118
PRCD,118
PTPRE,118
SEMA4B,118
SPIRE2,118
CADM1,117
DENND4B,117
DIP2A,117
EP400,117
FSTL4,117
GAD1,117
KIAA1217,117
MACROD1,117
MGAT5B,117
MTUS1,117
PLCG1,117
RRP12,117
SETD5,117
TSPAN32,117
ANAPC2,116
ANP32A,116
CACNB3,116
CBS,116
CCDC88B,116
CIT,116
CLVS1,116
DDX11,116
DIS3L2,116
HOOK2,116
MED12,116
NEU4,116
PRKAR1B,116
SATB2,116
SFI1,116
SLC24A4,116
THRA,116
TPCN1,116
TRPM2,116
UPF1,116
ABCG1,115
AMDHD2,115
BAZ2A,115
FBLN2,115
FOXP4,115
GALNT14,115
GBF1,115
HUWE1,115
IQSEC2,115
LFNG,115
MINK1,115
PHF24,115
PROM2,115
RASSF4,115
SH3BP1,115
SLC22A23,115
SRC,115
THBS3,115
AKAP13,114
C1orf167,114
CAD,114
GALNS,114
GGA1,114
LMO7,114
LOXHD1,114
MOB2,114
MYL2,114
MYO1F,114
NCAM1,114
POLG,114
PRR5,114
SDK1,114
SRPK3,114
TBC1D24,114
TNKS1BP1,114
VGLL4,114
ZBTB7C,114
ADAM11,113
ANO2,113
AP3B2,113
ARHGEF16,113
CPT1C,113
DNAI1,113
EML2,113
LRIG1,113
MMRN2,113
PASK,113
PFKFB4,113
PXN,113
RARG,113
SLC4A8,113
SMYD3,113
THBS2,113
ZDHHC11,113
DOCK2,112
ECE1,112
FZR1,112
KCNC1,112
MAST2,112
MX2,112
RIN3,112
SBF2,112
SLC17A7,112
SQSTM1,112
SUPT5H,112
ZEB2,112
ZMIZ2,112
AHNAK,111
ARHGEF40,111
ATP1A2,111
CLCN7,111
CLUH,111
DHRS3,111
EGFL7,111
HERC2,111
HYDIN,111
IDUA,111
KDM6B,111
MEGF8,111
NAPA,111
NELFA,111
NPHP4,111
PALM,111
PHKA2,111
PLXNA3,111
RFX2,111
RPTOR,111
SEMA6A,111
ZIC4,111
ABCC10,110
ADORA1,110
B4GALNT4,110
CASKIN2,110
CFAP221,110
DGKA,110
EDC4,110
EFTUD2,110
FANCA,110
FASN,110
GOLGA2,110
HPS1,110
ITFG2,110
NFIA,110
NXN,110
PDGFRB,110
PNCK,110
PPP6R2,110
PTBP1,110
PTPRM,110
RAB11FIP4,110
SLC26A9,110
SNAP47,110
AHDC1,109
CELSR2,109
CREB5,109
HECTD4,109
IL9R,109
KIF25,109
OLFM1,109
RFTN1,109
TCF7,109
TMEM255B,109
WNT3,109
ALS2CL,108
AP5Z1,108
CHTF18,108
DENND1A,108
DTX2,108
EHD1,108
FHL1,108
FMN2,108
GON4L,108
IGSF9B,108
ITGAE,108
MAPK10,108
MED13L,108
MTCH1,108
NGEF,108
NPLOC4,108
NRP2,108
PDE4C,108
PDE6B,108
PDZRN3,108
PITX2,108
PRKCE,108
PRMT1,108
RASGRF1,108
SLC38A10,108
SLC38A3,108
SMPD4,108
SUN1,108
TECR,108
UBTF,108
ZSWIM8,108
ADD1,107
ARID3A,107
CHD2,107
EBF4,107
FARP1,107
GCN1,107
KIAA0319L,107
LTBP2,107
MAN1C1,107
MCAM,107
MDGA1,107
NEURL4,107
OSBPL7,107
PAX5,107
PPP1R12B,107
RPH3A,107
SAMD4A,107
STK25,107
TGFBI,107
TGM1,107
TK2,107
TTYH1,107
VARS2,107
AGO2,106
AQP1,106
ATN1,106
CCDC93,106
CELF5,106
CSMD1,106
FAM107B,106
GLRA4,106
ITSN1,106
JADE2,106
KLF13,106
KMT2A,106
NADK,106
NFIC,106
NKAIN4,106
PAPLN,106
PARP10,106
PC,106
PDE4A,106
PKM,106
PPP2R2C,106
PRKACA,106
RADIL,106
TBX4,106
ZDHHC3,106
ATP13A2,105
ATP2A1,105
BEND7,105
CAPN1,105
CARD14,105
DUOX1,105
GARNL3,105
IFT172,105
LHPP,105
MAPKBP1,105
MUS81,105
NRXN3,105
NUDT14,105
PCSK7,105
PLEKHG6,105
PPM1F,105
SH3PXD2A,105
SORL1,105
SPTBN4,105
ST3GAL4,105
TEP1,105
TRABD,105
ZNF185,105
ZNF462,105
ADCYAP1R1,104
CD82,104
CDC25B,104
CTBP2,104
CUL7,104
DMPK,104
DNAH2,104
DNAH9,104
FLI1,104
GTPBP6,104
LPP,104
MAGI1,104
MAP7D1,104
MEF2D,104
NSMF,104
PLXNB3,104
PRRC2A,104
RHBDD1,104
SLC29A1,104
SRRM2,104
SVIL,104
SYMPK,104
TERT,104
TUBGCP6,104
ZC3H18,104
ACSBG1,103
ASAP1,103
ATP6V0A1,103
CAPN3,103
CNPY1,103
CROCC2,103
CYTH1,103
DNMT3B,103
EPHA10,103
EPS15L1,103
GATAD2A,103
HIF3A,103
LRRFIP1,103
MKNK1,103
MMP11,103
NRG1,103
P2RY6,103
PLXNC1,103
PNPLA7,103
ROBO3,103
SEMA4A,103
SHF,103
SKI,103
SLC52A2,103
TBL1X,103
ATP2C2,102
B4GALNT3,102
CHN2,102
CIZ1,102
CSMD2,102
DCAF8,102
DEPDC5,102
DMBT1,102
DOC2A,102
ERBB3,102
FAM193B,102
GTPBP1,102
LASP1,102
MAPK12,102
MEF2C,102
PKN1,102
PLEKHH1,102
PODNL1,102
POLN,102
RAB40B,102
RGMA,102
SEMA3B,102
SIPA1L3,102
SPECC1,102
TAOK2,102
TRIM8,102
TYK2,102
USP2,102
VEGFA,102
VOPP1,102
ZNF276,102
AEBP1,101
AHNAK2,101
CLPTM1,101
CSNK1E,101
FADS3,101
GPR137,101
GTF2I,101
HSD17B12,101
HSF1,101
KAT2A,101
MYH10,101
NLRP1,101
PHF19,101
PSEN2,101
RCN1,101
RIMBP2,101
SLC48A1,101
SRGAP2,101
TBX1,101
TMEM181,101
TP53I11,101
TWF2,101
WDR27,101
ZBTB20,101
ZBTB38,101
ZNF469,101
ACVR1,100
BCL3,100
CAPG,100
CAPN2,100
CCDC88A,100
CHAF1A,100
DUS2,100
EPHB1,100
FHOD1,100
GATA2,100
GRIPAP1,100
INTS3,100
IQGAP2,100
LOXL2,100
LRRC27,100
METRNL,100
MYBBP1A,100
NECAB2,100
PDZD2,100
PLXNA2,100
PRPF18,100
PRR5L,100
RORC,100
SH2B1,100
SH3KBP1,100
SLC6A12,100
SORBS2,100
STX1A,100
TJP2,100
TTLL10,100
WDR18,100
AKAP1,99
ARHGEF25,99
ASB2,99
CDK16,99
CHD8,99
ESPNL,99
FGFR4,99
FHOD3,99
GTF3C1,99
INPP5K,99
KDM2A,99
LDLRAP1,99
MAEA,99
MTSS1,99
NEB,99
NEK6,99
NUP210,99
PCGF3,99
PPP6R1,99
PPRC1,99
SEC31B,99
SLC22A5,99
SLC41A3,99
SLCO4A1,99
STAT5B,99
STK32C,99
TMC8,99
AMPD3,98
ARHGEF11,98
ARID1A,98
ATP13A1,98
BCAP31,98
C2,98
CD247,98
CDC42BPB,98
CDK5RAP3,98
DGAT2,98
DOCK9,98
ELMO1,98
EML3,98
FCHO1,98
FGD3,98
IRF1,98
KCP,98
KRT8,98
LETM1,98
MAST3,98
MECP2,98
MEIS1,98
MIDN,98
NOP9,98
PDE9A,98
PEAR1,98
PRODH,98
PTPRN,98
PUF60,98
SLC6A8,98
TCOF1,98
TIAM2,98
TRAIP,98
UBN1,98
ATAD3B,97
CDC34,97
CDHR2,97
CPSF1,97
CSNK1D,97
CTNNA2,97
DOT1L,97
EPS8L1,97
FBF1,97
ITGA11,97
MUC16,97
NHSL2,97
PFKP,97
PLA2G4E,97
PLCE1,97
POLRMT,97
PSD4,97
SAG,97
SARDH,97
SH3D21,97
SNTG2,97
SPNS2,97
TPRG1,97
TRAF3,97
ZNF532,97
ACIN1,96
AKNA,96
ANO7,96
CAMK2A,96
CAPN15,96
CARD11,96
CHRNA7,96
CORO7,96
CRIP2,96
CSF1R,96
CSF2RA,96
CTTN,96
DIXDC1,96
DPYSL2,96
ENTPD6,96
EPHB6,96
EPS8L3,96
FAH,96
FGFR3,96
FGGY,96
GAL3ST1,96
GPS1,96
HIVEP3,96
ITIH1,96
MAN2C1,96
PAX8,96
PFKFB3,96
POMGNT1,96
PPP6R3,96
RAB3IL1,96
RASGEF1C,96
RUNDC3A,96
TPO,96
TRRAP,96
USP7,96
WNT5B,96
ADCY6,95
ALK,95
BAHD1,95
CCDC183,95
CDHR1,95
CELF1,95
CNTNAP2,95
CSK,95
DAPK2,95
DDB1,95
DEF8,95
DENND5A,95
ERC2,95
HAUS7,95
IL16,95
ITGAL,95
LMTK3,95
LRBA,95
LRP8,95
MORC2,95
MROH1,95
MYL5,95
NFIX,95
PPIL2,95
PRKD2,95
PRUNE2,95
PTK7,95
SLC25A29,95
SLC37A1,95
SUPT6H,95
TENM2,95
TTC21A,95
UMODL1,95
UXS1,95
ZDHHC11B,95
ADARB1,94
ANXA11,94
APLP1,94
ARPP21,94
ASPRV1,94
CYTH2,94
DBN1,94
DHX38,94
DKK3,94
DTNA,94
ESRRB,94
FAM20C,94
FTCD,94
GLDC,94
GREB1,94
LRCH4,94
MAFG,94
MAP3K11,94
MAST1,94
MYO18B,94
NPDC1,94
OGFOD3,94
PARP1,94
PLEKHG2,94
POLD1,94
POMT1,94
PTPN23,94
RASGRP2,94
RUFY4,94
SLC25A25,94
SLC26A11,94
SLC26A6,94
SLC2A9,94
SMG5,94
SYBU,94
SYNJ2,94
TET3,94
TMEM184B,94
TSC22D3,94
USP20,94
ACOT7,93
APPL2,93
ARMC9,93
CACNA1E,93
CELSR3,93
COL6A2,93
CSGALNACT1,93
CTU2,93
ETNK2,93
HK3,93
ILF3,93
JAK3,93
KANSL1,93
KCNH3,93
LPCAT1,93
MAN1B1,93
MBD6,93
MFN2,93
MXRA8,93
MYLK3,93
NCLN,93
PAK4,93
PDK2,93
PLD3,93
RNPEPL1,93
RTN4,93
SAFB2,93
SP100,93
STARD10,93
TEX2,93
TNFRSF14,93
TSPAN15,93
TTC39A,93
ABI3BP,92
ACAP1,92
ACTN2,92
ARHGEF3,92
CACNA1G,92
CFAP61,92
DROSHA,92
EIF3B,92
EML6,92
ESYT1,92
EXTL3,92
FBRS,92
GABRD,92
GRIN2A,92
IKZF4,92
JAG1,92
KDM5B,92
KLC4,92
KLHL29,92
MBD5,92
PALLD,92
PLK5,92
POLR1A,92
RNF31,92
SCN4A,92
SCNN1A,92
SIK3,92
STAG3,92
THADA,92
TMEM132A,92
TMEM175,92
TRIOBP,92
ABCB6,91
ADGRD2,91
AGAP2,91
AXIN2,91
BBX,91
BDH1,91
CFAP99,91
COLQ,91
CRAMP1,91
FGF11,91
IL2RB,91
KANK1,91
KCNQ1,91
KIAA0513,91
MAPK8IP1,91
MAPT,91
MARK4,91
NHS,91
PCBP4,91
PHF12,91
POLR3E,91
SAMD14,91
SH2D6,91
SLC39A14,91
SMPD3,91
SPIDR,91
SRGAP3,91
THOP1,91
TTYH3,91
UNC45A,91
WDR59,91
ZNF385A,91
BCL9L,90
C15orf39,90
CHIT1,90
CLCNKA,90
COL4A2,90
DPYSL4,90
FLOT2,90
GSK3B,90
MAP3K14,90
MYO1B,90
NEBL,90
POLR2A,90
SCN5A,90
SPON2,90
STARD3,90
TMEM63C,90
TTLL3,90
WDR62,90
ZFYVE21,90
ACADVL,89
ATP8B2,89
CANT1,89
CCDC136,89
CNTN4,89
COL23A1,89
CYGB,89
DGKG,89
DYRK4,89
GHRHR,89
GRIP2,89
HDGF,89
LRPPRC,89
MAP3K6,89
PAH,89
PALD1,89
PDE1C,89
PHF21A,89
PHLDB2,89
PITRM1,89
RAPGEF1,89
SEMA4G,89
SEZ6,89
SLC25A22,89
SSUH2,89
TEX264,89
TSPAN31,89
UBAP2L,89
ULK3,89
USP36,89
WDR81,89
WNK1,89
XRCC1,89
ABLIM3,88
ADAM15,88
ADAMTSL4,88
AFF3,88
AIFM3,88
ANKRD13D,88
ATP1A3,88
ATXN2L,88
CHMP1A,88
CLPB,88
CYB561,88
DLEC1,88
FAM174B,88
HK1,88
JUP,88
KCNIP3,88
KRT7,88
LRP5L,88
LRRC37A2,88
MAN2A2,88
MGAT4B,88
MMP17,88
MTHFD1,88
NFATC4,88
NFIB,88
NRL,88
PAX2,88
PER2,88
PRKCB,88
RAB11FIP3,88
RGS6,88
RUNX1T1,88
SCAP,88
SDK2,88
SEMA5B,88
SORCS1,88
SRRT,88
TBCE,88
TCF3,88
TMEM63B,88
TPM1,88
TTC28,88
VCP,88
ZFHX3,88
ACSS2,87
ADAMTSL1,87
ALDH1L1,87
ANPEP,87
APEH,87
BACE2,87
BCAN,87
CCND2,87
CD276,87
COPE,87
DHX30,87
DHX58,87
DIRC3,87
ELL,87
FAM193A,87
FRMD5,87
GRAMD1A,87
HCFC1,87
HID1,87
IMPDH1,87
IPO13,87
IRX4,87
KAT6B,87
KCTD1,87
KLF16,87
NDUFS2,87
PPIP5K1,87
PTOV1,87
SCN8A,87
SEMA6C,87
SHARPIN,87
SNRNP200,87
TMIE,87
TRIM66,87
ACTN4,86
ALDH3B2,86
ARFGAP1,86
BCAR3,86
BLK,86
C1QTNF1,86
CACNB1,86
CAPN5,86
CD9,86
CHAT,86
DVL1,86
ELN,86
ESRRG,86
EXOC4,86
FAM120B,86
FAM234A,86
GIGYF1,86
GNA11,86
GOLGA8B,86
HIC2,86
HOXA3,86
IRF5,86
KCNN1,86
LAMA3,86
LIMS1,86
LRP3,86
MTFR1L,86
NKD2,86
NT5DC2,86
PERM1,86
PLXNA1,86
PML,86
PNKP,86
POU2AF1,86
PPP1R13B,86
PRLR,86
PWP2,86
RAPGEF4,86
RELN,86
SEMA4C,86
SLC4A3,86
SOX13,86
ST3GAL1,86
ST3GAL5,86
ST6GAL1,86
STK10,86
SYT7,86
TENM4,86
TLE2,86
TMBIM1,86
TMEM201,86
UBAP2,86
USP35,86
ZDHHC8,86
ADD2,85
AP1G2,85
APBA2,85
CALD1,85
CLASP1,85
CLN3,85
CNDP2,85
CNTROB,85
CPNE4,85
D2HGDH,85
DOK4,85
EGFR,85
ENO3,85
HPCAL1,85
IFITM10,85
MAPKAP1,85
MAST4,85
MFGE8,85
MLLT6,85
MVB12B,85
NAA60,85
PDPK1,85
PIDD1,85
PPARG,85
PYGM,85
RASSF5,85
REXO1,85
SCYL1,85
SFXN3,85
SHKBP1,85
SKOR1,85
SLC12A9,85
TOP3B,85
TUBA8,85
TYRO3,85
UBXN6,85
XPNPEP1,85
ACTR3C,84
ACVRL1,84
BSG,84
DGCR2,84
DZIP1L,84
EXOC3,84
FBXO38,84
FURIN,84
GRIK5,84
KDM5C,84
KLHL3,84
LHX2,84
LMNB2,84
MAP4K1,84
MCF2L2,84
MOV10,84
MROH6,84
NF1,84
OGDHL,84
PCYT2,84
PLCD3,84
PLEKHG1,84
PLEKHN1,84
RAB40C,84
RANBP3,84
RCOR2,84
RELT,84
RFX4,84
SAP30BP,84
SIN3A,84
SIN3B,84
SLC9A5,84
SLCO3A1,84
SMAD7,84
SMOX,84
ST6GALNAC2,84
STOX2,84
TACC1,84
TINAGL1,84
WRAP73,84
ZBTB17,84
ATP8B3,83
BOP1,83
CACNA1F,83
CACNA2D3,83
CASK,83
CCND1,83
COL9A1,83
DPH1,83
FLRT1,83
GOLGA3,83
GPR108,83
GPRC5C,83
GRM6,83
IKBKB,83
INTS9,83
KAZN,83
MCC,83
MORN1,83
MTRR,83
NID2,83
NUP188,83
OPLAH,83
PAK6,83
POLD4,83
PRCC,83
PRKCSH,83
PTPRK,83
RAB11FIP5,83
RNF166,83
SLC2A1,83
SLC43A2,83
SLC6A1,83
SOX10,83
SRRM3,83
SYTL2,83
TMEM184A,83
ABCD4,82
ALPL,82
ANO9,82
ARPC1B,82
ASMTL,82
ATXN2,82
AVIL,82
BIN1,82
CASKIN1,82
CLIP2,82
CREB3L1,82
DHX37,82
EPN1,82
FBN1,82
FUBP3,82
GREB1L,82
GRK6,82
HECW2,82
HNRNPUL1,82
IGDCC3,82
INPP5E,82
KANSL3,82
LHX6,82
LMNTD2,82
MEGF11,82
NCAPG2,82
NCAPH2,82
NCKIPSD,82
NPR2,82
NTRK2,82
PKNOX2,82
PLEKHG4B,82
RXRB,82
SIDT2,82
SPOCK1,82
TBC1D2B,82
TPM4,82
TRIM3,82
ZNF687,82
ARHGAP39,81
BAIAP2L2,81
BMP7,81
CHCHD6,81
CHRDL2,81
COL12A1,81
DGAT1,81
E4F1,81
FTO,81
GBA2,81
GMIP,81
HGFAC,81
HM13,81
HNRNPL,81
HOXC4,81
KHSRP,81
KRT15,81
MCOLN1,81
PISD,81
PPP1CA,81
RAPGEF2,81
RBM10,81
RNH1,81
SHC1,81
SLC7A6,81
STARD13,81
SYNPO,81
TF,81
TKFC,81
TMEM259,81
TUBGCP5,81
UCK2,81
UNK,81
USP5,81
WFS1,81
ZAP70,81
ZDHHC14,81
ACAA1,80
AFAP1,80
CHD9,80
CLIP1,80
COL17A1,80
CYP4B1,80
DDX54,80
DGCR8,80
DNAJC7,80
DPF1,80
DUSP22,80
EHMT2,80
FADS1,80
FGD5,80
GCGR,80
GLI4,80
GPR89B,80
GRIP1,80
IGHMBP2,80
IL1R1,80
KCNAB3,80
KCNC4,80
KDM4C,80
KIAA1671,80
KMT5C,80
LIPE,80
LRP2,80
LRRC45,80
LTBR,80
MAP2,80
MCPH1,80
MN1,80
MOK,80
MTOR,80
MYH7B,80
NACC2,80
NBAS,80
NOMO3,80
NT5DC4,80
PHC2,80
POFUT2,80
POU2F3,80
RAB17,80
RBM19,80
S100A16,80
SALL3,80
SIL1,80
SLC17A9,80
SLC1A3,80
SLC25A42,80
SPATA20,80
SPRED2,80
TNC,80
TNFAIP2,80
UNC13A,80
VWA7,80
WDFY4,80
ZMYND8,80
ZNF385C,80
ABHD16A,79
AK5,79
ANXA6,79
APBB3,79
ARHGEF9,79
B3GAT1,79
BCAT2,79
BCKDHA,79
BCORL1,79
C3orf18,79
CARD9,79
CCAR2,79
CCM2,79
COPZ2,79
CRLF1,79
CTSZ,79
EHBP1,79
ERAP1,79
FAM117A,79
GPM6A,79
HAL,79
ITPK1,79
KIF7,79
MAP4K2,79
MXI1,79
NCAPD3,79
OTOG,79
P4HA2,79
PARP6,79
PLEKHA4,79
PLEKHH3,79
PPP2R1A,79
RAB26,79
RGL2,79
RGS14,79
SIRT7,79
SMG1,79
SNX14,79
SNX8,79
TMEM131,79
TMPRSS4,79
TOM1L2,79
TRIP12,79
TRPV2,79
VASH1,79
ZBTB7B,79
ABCA4,78
ADAM33,78
ALOX5,78
APC2,78
ASPH,78
ATP7B,78
BNC2,78
CCDC154,78
CIITA,78
CPLX1,78
DCUN1D4,78
DNPEP,78
DOCK10,78
DOCK4,78
DOCK8,78
EFHC1,78
EPHA4,78
ETV5,78
FAIM2,78
FRMD4B,78
FRMD6,78
FRYL,78
GRIK4,78
GRM8,78
GTF2IRD1,78
HOXD3,78
IQGAP1,78
JAK1,78
KANK2,78
KATNB1,78
KRTCAP2,78
LRRC8D,78
MAD2L2,78
MAP2K2,78
MVD,78
NOSIP,78
OSGIN1,78
PDE8A,78
PDGFA,78
PLD4,78
POU6F1,78
PPP2R5B,78
PPT2-EGFL8,78
PRKAG1,78
PRPF8,78
PTPN6,78
RGL4,78
RNF212,78
SCARB1,78
SDHA,78
SGCA,78
SGK2,78
SLC27A5,78
SLC44A4,78
SORCS2,78
SPSB1,78
SSH3,78
ST18,78
STK11IP,78
TCF12,78
TGFB3,78
TMEM120A,78
ZMIZ1,78
ZNF219,78
ABCA3,77
ARHGAP35,77
ATP8A2,77
C8orf58,77
CHD7,77
CLMN,77
CNGB1,77
CYFIP1,77
DSE,77
EGFLAM,77
ETV4,77
FASTK,77
FAT3,77
FERMT3,77
FLYWCH1,77
FRMD3,77
GAREM2,77
GCK,77
HBM,77
IGDCC4,77
IKZF1,77
MAPKAPK3,77
MLXIPL,77
NFKB1,77
PIK3R1,77
PLCB3,77
PLD2,77
PPARGC1A,77
PTGDS,77
RALGPS1,77
RORA,77
SAMD4B,77
SARS2,77
SH2D3C,77
SLC24A1,77
SLC27A1,77
SLC4A11,77
TAPT1,77
TBC1D26,77
TJAP1,77
TRIP10,77
TRMU,77
WDR91,77
ZBTB47,77
A1BG,76
ADAMTSL5,76
ADGRL2,76
ALG9,76
AP1B1,76
ARHGAP44,76
ARRDC1,76
ATAD3A,76
BTG4,76
C2CD2,76
CAMSAP1,76
CDHR3,76
CEACAM1,76
CENPT,76
CEP192,76
CFL1,76
CNKSR2,76
CTIF,76
DCTN2,76
DGKI,76
DHRS11,76
DOK7,76
ELAVL4,76
FAS,76
FES,76
GANAB,76
GUK1,76
HELZ2,76
HYPK,76
IGSF1,76
KEL,76
KIFC2,76
LAMA2,76
LPIN3,76
NADSYN1,76
NPHS1,76
NR3C2,76
NT5C2,76
NUDCD3,76
PDLIM7,76
PES1,76
PLAT,76
PMEL,76
RNF215,76
SETD2,76
SLC38A5,76
TBC1D14,76
TLN1,76
TMEM59L,76
TPM3,76
UBASH3B,76
VWA3B,76
ZP3,76
ABHD12,75
ACTG1,75
ALMS1,75
APBB1,75
ARFRP1,75
ARID3B,75
ATG16L2,75
ATG2A,75
ATP1B1,75
ATXN7L2,75
BACE1,75
BAZ2B,75
CACNA2D2,75
CACTIN,75
CALCOCO1,75
CORO6,75
CRELD1,75
CRMP1,75
DLGAP1,75
DNAJB1,75
ENGASE,75
ENO2,75
EPB41,75
FAM167A,75
ITGB7,75
KCNN4,75
KLK2,75
LEMD2,75
LYST,75
MAP4,75
MBTPS1,75
MEIS3,75
MKNK2,75
MUC12,75
NAPRT,75
NFYC,75
NRP1,75
OPRL1,75
PDLIM4,75
PIANP,75
PIPOX,75
PITPNA,75
PLEKHM2,75
PSD3,75
RBM20,75
REV1,75
RMDN3,75
SCAMP5,75
SIPA1L2,75
SLC22A11,75
SLC25A23,75
SLIT2,75
SMTNL2,75
SYT15,75
SYTL1,75
TBC1D3B,75
TENM3,75
TRPM1,75
UROS,75
VPS51,75
VPS8,75
ARHGAP8,74
BAP1,74
BCL6,74
BRD1,74
CALM3,74
CHFR,74
CLASRP,74
CPXM2,74
CRTC3,74
DECR2,74
DNAJC17,74
EIF2AK3,74
ENTPD2,74
FAM178B,74
FAM83H,74
FANCC,74
FBXW4,74
FCHSD1,74
GAB1,74
GMDS,74
HRC,74
LDB1,74
LIG3,74
LMAN1L,74
MAP3K4,74
MATN1,74
MEI1,74
MID1,74
MLF2,74
MPP2,74
MYCBP2,74
MYH11,74
MYL3,74
MYO1D,74
NAP1L4,74
NCS1,74
NEURL1,74
NOC2L,74
PAM,74
PILRA,74
PRMT7,74
RAB31,74
RAD51B,74
RBPJ,74
REEP1,74
RPAP1,74
SGIP1,74
SLC43A1,74
SOX5,74
SYN3,74
TPRN,74
TRIM65,74
TRPM3,74
UBA7,74
VDR,74
XAB2,74
ZCWPW1,74
ZNF516,74
ADAMTS7,73
ADD3,73
ANKS3,73
ARNT2,73
ATXN7,73
BRPF1,73
C10orf90,73
CAPN12,73
CAPN8,73
CD44,73
CRACR2B,73
DPP4,73
DTX1,73
DUS1L,73
FAAP100,73
FAM13A,73
FNDC3B,73
FRMPD3,73
GABRE,73
GALNT6,73
GGA3,73
GSDMD,73
INO80,73
KIF1C,73
LAD1,73
MAP2K7,73
MCM3AP,73
MECOM,73
MGAT3,73
MUC17,73
NDUFAF6,73
NPC1,73
NXPH4,73
PCDH1,73
PLOD2,73
RGL3,73
RHOC,73
SGTA,73
SH3GLB2,73
SHH,73
SIPA1L1,73
SLC30A3,73
SLC7A5,73
SMARCB1,73
SMUG1,73
STON2,73
TBXAS1,73
TRAF4,73
TUBB3,73
USP11,73
WDFY3,73
XRCC3,73
ZNF598,73
ZSCAN18,73
ACOX3,72
ADA,72
AGAP1,72
ALDH1A2,72
C1QTNF5,72
CATSPERG,72
CD99,72
CDC37,72
CDC42BPG,72
CELF2,72
DAAM2,72
ELAVL2,72
EP300,72
FBXO24,72
FEZ1,72
FGF8,72
FOXO3,72
FSD1,72
INS-IGF2,72
IST1,72
KCNC3,72
KIAA1755,72
KLF15,72
KLF17,72
MDC1,72
MFNG,72
MLXIP,72
MOB3A,72
MTMR4,72
N4BP1,72
NPAS3,72
NPRL3,72
PAK1,72
PGAP2,72
PNPLA2,72
PRPSAP1,72
RNASET2,72
SLC25A10,72
SLC44A2,72
SLC47A2,72
SPHK1,72
SS18L1,72
SSH1,72
STK3,72
TBC1D8,72
TBL1XR1,72
TELO2,72
TP53BP1,72
TRAK1,72
TRAP1,72
TRPV3,72
VASP,72
VAT1,72
VPS41,72
VWF,72
ZNF574,72
ATP8B4,71
BRCA1,71
CAPN13,71
CARM1,71
CDH11,71
CFAP100,71
CFAP65,71
CSPP1,71
DAAM1,71
DNASE1,71
ELFN1,71
EPHB4,71
FBXO15,71
FLVCR2,71
FUT7,71
GALNT13,71
GDI1,71
GLB1,71
GLI1,71
GORASP1,71
GRIK2,71
GRIK3,71
GSDMB,71
GUCD1,71
IBA57,71
IRAK1,71
ITGA6,71
MADCAM1,71
MED16,71
MUC3A,71
NOL3,71
NOTCH4,71
NYAP1,71
PDE11A,71
PHF8,71
PLA2G4D,71
PMP22,71
PPP5C,71
RAB24,71
RCAN1,71
RET,71
RNF44,71
RTTN,71
SCML4,71
SCUBE1,71
SEC14L6,71
SGSM3,71
SH3D19,71
SLC29A4,71
SLC47A1,71
SLC51A,71
SOS1,71
STK36,71
STRC,71
TFAP2A,71
TMC4,71
TMPRSS6,71
TNPO2,71
TTC34,71
UTRN,71
VEPH1,71
WDPCP,71
WDR97,71
WNT5A,71
ZYX,71
ABTB1,70
ASAP3,70
BRD2,70
CASQ1,70
CC2D1B,70
CEP83,70
CGN,70
CLTCL1,70
CNTRL,70
COL22A1,70
COMT,70
CRTC2,70
DHRSX,70
ELP2,70
ENAH,70
ENG,70
ERN1,70
ESR1,70
F7,70
FPGS,70
FSTL3,70
GPS2,70
GSS,70
HDAC6,70
ING5,70
LDB2,70
LRRC23,70
MARK3,70
MGAT1,70
MIER2,70
MSN,70
NCALD,70
NRG2,70
NTHL1,70
NUP85,70
PCK2,70
PCOLCE,70
PDE4B,70
PIWIL1,70
PRRT2,70
PRX,70
RAPGEF5,70
RGS10,70
RNF207,70
SDF4,70
SFTA3,70
SH3YL1,70
SLC6A3,70
SLC8A3,70
SPEF2,70
SPRYD3,70
SSC5D,70
SYN2,70
TFR2,70
THBS4,70
TRABD2B,70
TRANK1,70
TYMP,70
U2AF2,70
USP32,70
WNK4,70
ZBTB48,70
ZC3H4,70
ZFHX4,70
ALOX12B,69
ARAP3,69
ARHGAP15,69
ARHGAP32,69
ARSG,69
ATG4B,69
BCL2,69
CAPZB,69
CCDC120,69
CCDC40,69
CD22,69
CD6,69
CDH1,69
CDH24,69
CDH3,69
CEP170,69
CEP170B,69
CEP72,69
CERCAM,69
CES2,69
CHRNE,69
CPSF4,69
CPT1A,69
CTDSP2,69
DAPK1,69
DIAPH1,69
DNAAF5,69
EPHA1,69
EXTL1,69
FBLIM1,69
FGF13,69
FOXP2,69
GAA,69
GALNT2,69
GAS6,69
GATB,69
GPR17,69
KCNQ4,69
LAMA4,69
LOXL3,69
MAOA,69
MAP4K4,69
MASP1,69
MBD1,69
MSANTD1,69
MYCBPAP,69
NSD1,69
OPA1,69
P3H1,69
PACSIN2,69
PARP12,69
PCMTD2,69
PKNOX1,69
PLEKHA5,69
PLPP3,69
PNKD,69
PPP1R18,69
PROSER3,69
RTN2,69
RUSC1,69
SCN4B,69
SIM2,69
SLC2A4RG,69
SMCHD1,69
SPNS3,69
STX16-NPEPL1,69
SULT2B1,69
TNRC6C,69
TOLLIP,69
UBA1,69
USP34,69
VPS16,69
VRK3,69
WIPF1,69
ACOXL,68
ADAM12,68
ADCY2,68
AQP7,68
ARHGAP17,68
ARHGAP33,68
ATP6V1H,68
BCAM,68
BMPER,68
C17orf99,68
CLEC16A,68
CPEB1,68
CYP19A1,68
DCAF15,68
DENND2A,68
ECHDC2,68
ELAVL1,68
ELMO2,68
EPHA2,68
ERCC6L2,68
ERI3,68
FAM153A,68
FAM50A,68
FLT1,68
GABRG3,68
GFAP,68
HOMER2,68
IGFN1,68
JOSD2,68
KHNYN,68
KIT,68
LCNL1,68
LGALS9,68
LHFPL2,68
LRRC37A3,68
LZTFL1,68
METTL22,68
MOV10L1,68
MPP3,68
MYO7B,68
NCAN,68
NEIL1,68
NELL2,68
NLGN3,68
PFKM,68
PLEKHG4,68
PLPPR2,68
PPIE,68
PPP1R7,68
PPP2R1B,68
PRDM11,68
PREX1,68
PTPN18,68
RANBP1,68
RASGRP1,68
RGS7,68
RNF157,68
ROBO2,68
SARM1,68
SEC31A,68
SEZ6L2,68
SLC7A8,68
SNAPC4,68
SP140L,68
TAOK3,68
TCHP,68
TIGAR,68
TLE4,68
TNRC6A,68
USP54,68
VPS9D1,68
WAS,68
ZDHHC1,68
ZNF331,68
ZNF385D,68
ZNF75D,68
ADTRP,67
AKAP8,67
AP2A1,67
BTBD2,67
C1R,67
C2CD3,67
CFB,67
CHL1,67
CPS1,67
CRIP1,67
DLC1,67
DPCD,67
DUOX2,67
FN1,67
GLUD1,67
GRIA2,67
HDAC3,67
IL11RA,67
INPP5J,67
KRI1,67
LAMA1,67
LOXL1,67
LTF,67
MMP23B,67
MPP1,67
MTA3,67
MYH6,67
MYO1A,67
NAV3,67
NBPF3,67
NOTCH3,67
NTNG2,67
NUP98,67
P3H3,67
PBX2,67
PCSK4,67
PKMYT1,67
PMEPA1,67
PTPN5,67
RAB5C,67
RABGAP1L,67
RBMS1,67
RHOF,67
RNF10,67
RUNX1,67
SERGEF,67
SH3TC2,67
SHISA5,67
SLC13A5,67
SLC27A3,67
SLC37A2,67
SPEN,67
SPTBN5,67
SREBF2,67
TAF6,67
TPP1,67
TRIM5,67
USF2,67
WDR46,67
ZFHX2,67
AATF,66
ABCB1,66
ABI3,66
ACOX2,66
APP,66
ATOH8,66
BAG6,66
CAPN10,66
CDAN1,66
CERS2,66
COL4A1,66
CPT1B,66
CRY2,66
DLEU1,66
DLG1,66
DLGAP3,66
EBF1,66
ELF3,66
EMID1,66
FBXW7,66
FLNC,66
FSCN1,66
GCLC,66
GLS2,66
GMPPA,66
GRB7,66
HLF,66
HOXA9,66
HOXB7,66
HPS4,66
HSF4,66
ITIH5,66
ITM2C,66
LILRB3,66
LONP1,66
MAMSTR,66
MAP2K3,66
MSLN,66
MYO1G,66
NACAD,66
NDE1,66
NOC4L,66
PARP3,66
PARVG,66
PGS1,66
PIAS4,66
PITPNM3,66
POLR3A,66
RTKN,66
RUFY1,66
SAFB,66
SLC22A8,66
SLC6A16,66
SMOC1,66
TGIF1,66
TMEM108,66
TRAPPC3,66
TRPM8,66
TTC12,66
UNC5CL,66
WDR6,66
ZC3H12A,66
ZCCHC2,66
ADAMTS2,65
AMZ1,65
ANKFY1,65
ANKLE2,65
ASL,65
ATG16L1,65
ATG7,65
ATP2C1,65
C16orf95,65
CBARP,65
CCND3,65
CHD6,65
CRB2,65
CRTAC1,65
CTDSPL,65
DCAF4,65
DES,65
DPAGT1,65
EBF2,65
EMC1,65
GATA4,65
GFRA2,65
GNB3,65
GPI,65
GPM6B,65
HAGH,65
HPCA,65
IDH3G,65
IFFO1,65
IGF2BP1,65
IL17RC,65
IQCE,65
ITGAX,65
KCND3,65
KCNK4,65
LAIR1,65
LEF1,65
MAP3K3,65
MAPK15,65
MDN1,65
MYO9A,65
NCOA2,65
NLGN4X,65
NOS1AP,65
PADI2,65
PAX9,65
PDE1B,65
PDE5A,65
PEX16,65
PHC1,65
PI4KB,65
PKP1,65
PKP4,65
PLD1,65
PPP1R1A,65
PROM1,65
PSG4,65
PTPRD,65
RASGRP3,65
RBM33,65
REEP2,65
RIC8A,65
ROBO4,65
RUFY3,65
SHROOM3,65
SMO,65
SORT1,65
SPAG9,65
STAP2,65
STAT3,65
TBC1D17,65
TTLL12,65
UPK2,65
USP22,65
USP3,65
VAV1,65
VIL1,65
WDR45,65
WDR45B,65
WNT7B,65
WWTR1,65
ZZEF1,65
ADCY1,64
ADGRA1,64
AHCYL2,64
ANO4,64
ANTXRL,64
ARHGEF28,64
ATP2B4,64
ATP6V1G2-DDX39B,64
BGN,64
C2CD5,64
CA4,64
CACNB4,64
CCDC13,64
CCDC159,64
CCDC171,64
CDK11A,64
CEMIP,64
CLEC18A,64
COL4A3,64
CUL4B,64
CYP2E1,64
DAZAP1,64
DCAKD,64
DENND2D,64
DHCR7,64
DMXL1,64
DNAJB5,64
DOCK5,64
DYRK1A,64
ESPL1,64
GALNT16,64
HEXA,64
IGF2BP2,64
INSC,64
LAT,64
LBX2,64
LIMK1,64
MFSD2A,64
MSI1,64
MST1R,64
MYO10,64
MYT1,64
NR1H3,64
PFKFB2,64
PPP1R1B,64
RARB,64
RASAL3,64
RASIP1,64
RAVER1,64
RECQL4,64
RIMS2,64
RUBCN,64
SCMH1,64
SDC3,64
SEC13,64
SEMA6B,64
SFTPC,64
SH3RF2,64
SHOX,64
SLC45A1,64
SLC6A13,64
SRPK2,64
SULT1A1,64
TAB1,64
THPO,64
TTLL4,64
TUB,64
UBXN11,64
USP9X,64
XYLT1,64
ABAT,63
ABCC12,63
ACSL1,63
AFAP1L2,63
AKAP8L,63
AMN,63
ANKRD52,63
B9D1,63
CACNG7,63
CLSTN1,63
CNOT1,63
COPA,63
CTNNBL1,63
DAB1,63
EIF4ENIF1,63
F11R,63
FOXP3,63
GABRP,63
GFI1,63
GMEB2,63
GPER1,63
HS1BP3,63
IL1R2,63
INTS10,63
KDM3A,63
KPNB1,63
KREMEN1,63
MICAL1,63
MTERF4,63
NBL1,63
NCDN,63
NOSTRIN,63
NPEPPS,63
NR1H2,63
NRCAM,63
NUP93,63
P4HB,63
PAQR5,63
PODN,63
PRRT1,63
PTPRN2,63
PXYLP1,63
RBFOX2,63
SCRG1,63
SECTM1,63
SIGLEC15,63
SLC6A6,63
SLIT3,63
SMARCC2,63
SMYD5,63
SNX25,63
SOD2,63
SP7,63
ST3GAL2,63
STAT1,63
SUGP2,63
TAF1,63
TAGLN,63
TBC1D10B,63
TRPV1,63
TSPAN14,63
UACA,63
UBE2J2,63
USP19,63
WNT11,63
ZBTB46,63
ZNF76,63
AAAS,62
ABCB8,62
ADGRG3,62
AIM2,62
AIRE,62
ANKRD23,62
ARHGAP24,62
ATG9B,62
BRPF3,62
C2CD2L,62
CALB2,62
CDH2,62
CFLAR,62
CHKB,62
CIDEB,62
COL5A3,62
CPNE1,62
CTDNEP1,62
DNAH10,62
DNAJA4,62
EFEMP2,62
EMP3,62
ENOSF1,62
ERCC6,62
EVA1C,62
FAM83G,62
FMN1,62
FOXO1,62
FRMPD2,62
GNA12,62
GPBP1L1,62
GPR161,62
HOMER3,62
HYAL2,62
IDS,62
ITPRIP,62
ITSN2,62
IVD,62
LRRC14,62
LSAMP,62
LTBP1,62
MBOAT2,62
MPDZ,62
NCKAP5,62
NFKB2,62
NRBP2,62
OXR1,62
P2RX6,62
PAPOLA,62
PCM1,62
PIK3AP1,62
PLA2G4C,62
PLOD1,62
PLOD3,62
PRICKLE1,62
PRSS27,62
QSOX2,62
RASSF7,62
RNF126,62
SCARF1,62
SCARF2,62
SEMA6D,62
SLC7A10,62
SLC7A7,62
SLC9A3,62
SLCO2A1,62
SNX29,62
SNX5,62
SP110,62
STK11,62
SYT5,62
TEAD2,62
TECPR2,62
THSD4,62
TJP3,62
TMPRSS2,62
TNNI2,62
TNNT1,62
TOX2,62
TPRA1,62
WDR25,62
YBX2,62
ZDHHC7,62
ZNF384,62
ABCC11,61
ACLY,61
ACTB,61
AGBL5,61
AMT,61
ANXA4,61
APOBEC3A,61
ARHGAP1,61
ARHGAP9,61
ARRB2,61
ASRGL1,61
ATP1A1,61
ATP2A2,61
BDNF,61
BTK,61
CC2D2A,61
CEP95,61
CES4A,61
CFAP74,61
CGB7,61
CNKSR1,61
COL1A2,61
CORO1C,61
CPLX2,61
CRYAB,61
CSAD,61
DOCK7,61
EFHD1,61
EIF6,61
ENKD1,61
EPHB2,61
FAM78A,61
FBLN5,61
FBXW5,61
FIG4,61
GDPD2,61
IGSF9,61
IPO4,61
ITGA2B,61
ITPR2,61
KAT5,61
LMBR1,61
LPIN2,61
MATK,61
MLLT10,61
NACA,61
NARF,61
NELL1,61
NFATC3,61
NOD2,61
NPIPB3,61
NR2E1,61
NUTM2D,61
OSBPL3,61
PAX3,61
PDIA5,61
PLEKHO1,61
POM121C,61
PPFIA2,61
PPM1N,61
PTPN2,61
RABGEF1,61
RUNX3,61
SCAMP4,61
SDCCAG8,61
SLC2A8,61
SLC5A1,61
SP140,61
SRPX2,61
ST7,61
STK32B,61
SYNDIG1L,61
SYNE3,61
SYT3,61
TBC1D10C,61
TIMP2,61
TRAF3IP3,61
TRMT2A,61
UQCC1,61
VAV2,61
XRRA1,61
ZIM2,61
ABCA13,60
ABCD1,60
AGPAT1,60
AMFR,60
AQP5,60
ARF1,60
BIN3,60
BRAT1,60
BRD8,60
BTBD19,60
CDK13,60
CHST1,60
CMTR1,60
CNIH2,60
CNIH3,60
COL9A2,60
CTDP1,60
CUL3,60
DALRD3,60
DDC,60
DOC2B,60
DUSP9,60
FAM135B,60
FAM13C,60
FBXL16,60
GPR146,60
GPT,60
GTPBP3,60
GYG1,60
HBEGF,60
INPP4B,60
INPP5B,60
ITFG1,60
KIF17,60
LILRB4,60
LLGL1,60
LNX1,60
LPO,60
LRRC4B,60
LRRC71,60
MDFI,60
MED12L,60
MISP,60
NCAPD2,60
NCOR1,60
NLGN2,60
NTF4,60
OFCC1,60
ONECUT2,60
PDCD11,60
PHF1,60
PKDCC,60
PLCD4,60
PPFIBP1,60
PRKCG,60
PTPN7,60
PYGB,60
RAB37,60
RAF1,60
RENBP,60
RINL,60
RNF112,60
RNF167,60
SIK1,60
SLC15A3,60
SLC8B1,60
SMARCD2,60
SPTBN1,60
SRP68,60
STARD9,60
STRADA,60
SUGP1,60
SUSD4,60
SYN1,60
TARBP2,60
TMEM43,60
TRIM41,60
UBAC1,60
UNC93B1,60
ZNF775,60
ABCC4,59
ACSM3,59
ADCY9,59
ADHFE1,59
ARHGAP25,59
ARHGDIG,59
BEST2,59
CCDC12,59
CDK14,59
CDK4,59
CDON,59
CHI3L2,59
CLIP4,59
CTNND1,59
DCST2,59
DENND1C,59
DHRS12,59
EEPD1,59
EHF,59
EIF2D,59
EPS8,59
EVC,59
EYA1,59
FAM3A,59
FBXL19,59
FIBCD1,59
FKBP4,59
FOXRED1,59
FSTL1,59
FXR2,59
GCKR,59
GLI3,59
GRAP2,59
GRID2IP,59
GSTZ1,59
GTPBP2,59
HES2,59
JARID2,59
KHDRBS3,59
KIF12,59
KTN1,59
MAFK,59
MAP2K5,59
MAPK4,59
MBOAT7,59
MPPED2,59
MYBPC1,59
MYH3,59
MYO5C,59
MYOZ3,59
NAA38,59
NCF4,59
NINJ2,59
NPEPL1,59
NTMT1,59
OLFM2,59
PARP14,59
PCBP2,59
PLA2G15,59
PPP1R13L,59
PRICKLE3,59
PROC,59
PTMS,59
R3HDM1,59
RNF40,59
S100A13,59
SCNN1D,59
SEC24D,59
SENP3,59
SHROOM1,59
SIGLEC1,59
SLC23A2,59
SLC25A45,59
SLC39A4,59
SLC41A1,59
SLC5A10,59
SLC6A9,59
SPATS2L,59
STAB2,59
TAPBP,59
TBL3,59
THEMIS2,59
THNSL2,59
TLK2,59
TMCC2,59
TMEM204,59
TMPRSS3,59
TNFRSF1A,59
TNKS,59
TPM2,59
VAV3,59
XYLB,59
XYLT2,59
ZFPM2,59
ZGPAT,59
ABHD17A,58
ACKR2,58
ACOT11,58
ADAMTS17,58
ADAMTS4,58
AKAP6,58
AKT3,58
ALDH16A1,58
ANXA2,58
ARHGAP21,58
ARHGEF5,58
ASIC4,58
ATP13A3,58
ATXN7L1,58
C19orf47,58
CARD19,58
CERK,58
CSRP1,58
CTC1,58
CYP26A1,58
DAB2,58
DDT,58
DDX51,58
DRC3,58
ELP3,58
EMILIN1,58
ENDOV,58
ESRP2,58
ETS1,58
EYA4,58
FAM149A,58
FANK1,58
FAT1,58
FKBP10,58
GIGYF2,58
GNB5,58
GPR132,58
GRN,58
GSDMA,58
HMGA1,58
HNRNPM,58
HYAL3,58
IL15RA,58
KCNQ5,58
KDM3B,58
KIDINS220,58
KIF21B,58
KIF26A,58
MAF,58
MAMLD1,58
MCRS1,58
MICALL1,58
MTX1,58
MXD4,58
NKX2-2,58
NPIPB4,58
NUMBL,58
P4HTM,58
PACSIN3,58
PDIA6,58
PLP1,58
POLM,58
PPL,58
PRMT8,58
RAD54L,58
RALGAPA1,58
RBCK1,58
RNF144A,58
SART3,58
SEMA7A,58
SLC11A2,58
STK24,58
TANC1,58
TNRC6B,58
TXNDC5,58
USP39,58
VPS52,58
WDR83,58
WIPI1,58
WNT2B,58
YPEL2,58
ZCCHC14,58
ZNF395,58
AAMP,57
AGER,57
ALDH3A1,57
ANKH,57
APLP2,57
ARHGEF15,57
ATXN7L3,57
AXIN1,57
BAD,57
BEAN1,57
C5,57
CCR6,57
CD34,57
CDK12,57
CHKA,57
CHRNA2,57
COPG1,57
CPVL,57
CRAT,57
CRISPLD2,57
CSF3R,57
CTTNBP2,57
DBNDD1,57
DDX41,57
DNAJC11,57
DOK3,57
DPP7,57
DRD2,57
EBF3,57
FBLN7,57
FBXO25,57
FLYWCH2,57
GAB4,57
GDAP1,57
GDNF,57
GFI1B,57
GLYR1,57
GOLGA8N,57
GOLGB1,57
GUCY2D,57
HCN3,57
HERC1,57
HIC1,57
HLA-DMA,57
IFRD1,57
IGF2BP3,57
IRF7,57
KCND1,57
KCNQ3,57
KIAA0753,57
LAMB1,57
LAT2,57
LIFR,57
LMBRD1,57
LRRC37B,57
LRRC8A,57
MBD3,57
MVP,57
MYO1E,57
NCSTN,57
NDEL1,57
NDUFV1,57
NFE2L2,57
NNMT,57
NOM1,57
NR4A2,57
PDGFRA,57
PICALM,57
PLA2G4F,57
PLCB4,57
POLDIP3,57
POLR1D,57
PRSS36,57
PYY,57
RALY,57
RAPGEFL1,57
RBM5,57
RIN2,57
SEC16B,57
SERF2,57
SF1,57
SF3B3,57
SGMS1,57
SH2D4B,57
SLA,57
SLC2A11,57
SLC3A2,57
SMARCAL1,57
SMCO4,57
SNX19,57
SPG11,57
STAT5A,57
SYNPO2L,57
TFAP2E,57
TGFBR3L,57
THBS1,57
TIMM44,57
TMCO4,57
TMEM161A,57
TMEM9,57
TMTC4,57
TNS4,57
USHBP1,57
WSCD1,57
ZDHHC18,57
ZNF536,57
ABCG4,56
ACSS1,56
ADPGK,56
ALDH1A3,56
AMOTL2,56
ANKFN1,56
ARFGAP2,56
ATP8A1,56
ATP8B1,56
CABLES2,56
CBX8,56
CD151,56
CD79B,56
CEP104,56
CEP128,56
CRIM1,56
CYB5R2,56
DCTN3,56
DDX10,56
DDX42,56
DNAJC13,56
DPP10,56
ERC1,56
FAAH,56
FAM222A,56
FKBP9,56
FNTB,56
FRMPD4,56
FUT8,56
GLG1,56
GNG4,56
GNL1,56
GOLGA6L4,56
GPR162,56
HDAC9,56
HPN,56
HPX,56
IFT27,56
ISG20,56
KATNAL2,56
KCNIP4,56
KMT5B,56
KRT80,56
KRT86,56
LTB4R2,56
MAP1S,56
MCTP1,56
MLLT1,56
MMP14,56
MMS19,56
MST1,56
MYOM1,56
NEK8,56
NEMP2,56
NOP2,56
NPR1,56
NR2F6,56
NRN1,56
OSBPL9,56
P3H2,56
PACSIN1,56
PDCD6,56
PLK3,56
PPP1R12A,56
PRICKLE4,56
PSME2,56
PWWP2B,56
REV3L,56
RFPL1,56
RNPS1,56
SAP25,56
SERPINF1,56
SF3B2,56
SFSWAP,56
SIRT2,56
SLC12A1,56
SLC25A34,56
SLC5A6,56
SLC5A9,56
SMIM5,56
SPAG17,56
SPSB3,56
SRCAP,56
ST3GAL6,56
SYNGR3,56
SYT17,56
SYT2,56
TAL1,56
TANC2,56
TMEM132E,56
TSC1,56
TSC22D1,56
TTC3,56
USP49,56
VSIG8,56
WSB2,56
ZNF280D,56
ZNRF1,56
ACD,55
ACY1,55
AMPH,55
ARHGAP42,55
ARHGEF19,55
ATP6V0A4,55
BRSK1,55
C12orf42,55
C1orf21,55
C8orf82,55
CA14,55
CABP1,55
CD63,55
CD72,55
CDH20,55
CDHR4,55
CEACAM21,55
CFAP157,55
CHAD,55
CHN1,55
CNTNAP1,55
COL8A2,55
COMP,55
CORO1A,55
CSNK2A1,55
CYP2A6,55
CYP51A1,55
DNASE1L1,55
DPP3,55
DPYSL3,55
EEF2,55
EPB42,55
EWSR1,55
FOXK2,55
FRS3,55
FXYD3,55
GIT2,55
GOLGA6A,55
GRHL3,55
HECTD3,55
HJURP,55
HLA-DPA1,55
INHBE,55
IQSEC3,55
ITGAM,55
JDP2,55
KLHL17,55
LARS2,55
LCK,55
LGALS3BP,55
LIMK2,55
LITAF,55
LMBR1L,55
LONRF1,55
LPCAT4,55
LRRC26,55
LRRC74B,55
LRSAM1,55
MKLN1,55
MPO,55
MROH2A,55
MTMR11,55
NAGK,55
NCKAP1L,55
NMNAT2,55
NNT,55
NRDE2,55
NSF,55
NUDT22,55
NXF1,55
NYNRIN,55
OPHN1,55
PAN2,55
PBX4,55
PDGFB,55
PDIA2,55
PGF,55
PHACTR2,55
PLEKHB1,55
PLPP2,55
POLR2E,55
POU2F1,55
PPM1H,55
PRDM6,55
PTP4A2,55
QRICH2,55
R3HDM2,55
RABGAP1,55
RABL2A,55
RHBDL3,55
RREB1,55
SF3A2,55
SHTN1,55
SLC13A4,55
SLC23A1,55
SLC39A5,55
SPTLC1,55
STIP1,55
STRIP1,55
STX18,55
TBC1D16,55
TIAM1,55
TLE6,55
TNFSF4,55
TNNC1,55
TOP2B,55
TRIP13,55
UBE3B,55
WDR37,55
WWC2,55
ZNF23,55
ADAR,54
ALDH3A2,54
ANKRD13A,54
ANTXR1,54
ARMC5,54
ASIC3,54
AVEN,54
BACH1,54
C6,54
CACNA1S,54
CCDC78,54
CDC45,54
CEACAM7,54
CFAP45,54
CLDN6,54
CPLX3,54
CTNNB1,54
DCHS1,54
DNMT3L,54
ELF2,54
EPHX1,54
ETV6,54
FAM118A,54
FAM86B1,54
FGF17,54
G3BP2,54
GPRC5B,54
GRM2,54
GSAP,54
HAUS8,54
HRAS,54
HYOU1,54
IFRD2,54
IGSF22,54
IL17RD,54
IRF8,54
JAZF1,54
KCTD15,54
KIF22,54
KRT19,54
LEMD1,54
LENG8,54
LGI4,54
LMO1,54
LRWD1,54
LYPLA2,54
MATR3,54
MICB,54
MMP2,54
MTA2,54
MVK,54
NCKAP5L,54
NDST1,54
NMT1,54
NOTUM,54
PABPC1L,54
PABPC4,54
PAM16,54
PARN,54
PHF20L1,54
PHKB,54
PIAS3,54
PIP5KL1,54
PLAGL1,54
PLPP4,54
PSG7,54
RABEP2,54
RASGRP4,54
RGSL1,54
RTN1,54
SASH1,54
SCAPER,54
SCLY,54
SERPINH1,54
SH2B2,54
SH3GL1,54
SHISA9,54
SLC16A8,54
SLC1A6,54
SLC37A3,54
SLC45A4,54
SLC9A6,54
SMARCD1,54
SRRM1,54
ST14,54
ST8SIA5,54
STRBP,54
STX1B,54
STXBP1,54
TMEM129,54
TMEM214,54
TMEM229B,54
TNFRSF25,54
TOMM40,54
TOP3A,54
TRAPPC10,54
TRIM28,54
UBE2O,54
USF1,54
USP21,54
VEGFB,54
WDR86,54
XPO7,54
ABCC1,53
ADAMTSL3,53
AFF1,53
AGPAT2,53
ALDOA,53
ALG12,53
AP2B1,53
BCKDK,53
BIRC7,53
BMP4,53
BPTF,53
C10orf105,53
C1orf226,53
CCDC80,53
CDK5,53
CDKN1B,53
CDYL,53
CEP63,53
CHSY1,53
CKAP5,53
CLK2,53
CTDSP1,53
CTRL,53
CUL2,53
CYP26B1,53
DIP2C,53
DTX3,53
DUS3L,53
EFNA1,53
EIF3C,53
EME2,53
EPB41L4A,53
EPN3,53
ERCC1,53
EVPL,53
EYA2,53
FANCD2,53
FBN2,53
FBXL12,53
FBXO31,53
FBXO41,53
FIZ1,53
FKBP1B,53
FLRT2,53
FOXO6,53
GAPDH,53
GIPC1,53
GPAT2,53
GRK1,53
HSD17B4,53
IFI27,53
IGFBP2,53
IL6R,53
ITPA,53
JRK,53
KCNH1,53
KIRREL3,53
KLF7,53
KLK1,53
LAMB3,53
LCAT,53
LEFTY1,53
LGI1,53
LRP4,53
LRRC49,53
MAZ,53
MCTP2,53
NFKBIE,53
NINJ1,53
NR2F2,53
OSTM1,53
P2RX1,53
PCDH15,53
PHF7,53
PHKG2,53
PHYHIP,53
PHYKPL,53
PIP4K2A,53
PODXL,53
PPP1R9B,53
PPP2CA,53
PRKD1,53
PSAP,53
RACGAP1,53
RAD23A,53
RGMB,53
RIN1,53
SAMD3,53
SEC14L2,53
SETD1A,53
SIDT1,53
SKAP1,53
SLC6A4,53
SPIB,53
SULF1,53
SUV39H1,53
SYNDIG1,53
SYNGR1,53
TAGLN2,53
TARBP1,53
TOM1,53
TPD52L2,53
TRPS1,53
XPO5,53
YJEFN3,53
YWHAZ,53
ACAD9,52
AIF1L,52
ALCAM,52
ALS2,52
ANGEL1,52
ANKRD28,52
ARHGAP10,52
ATF3,52
ATPAF2,52
BMPR1B,52
CA12,52
CACNA2D1,52
CDH4,52
CECR2,52
CMTM3,52
CTCFL,52
CYP11A1,52
CYP2W1,52
CYTH4,52
DICER1,52
DNAJC14,52
DVL2,52
EFCAB6,52
EPG5,52
EXOC6,52
EXT2,52
FA2H,52
FAM81A,52
FAT4,52
FOXN4,52
GFOD1,52
GPAT4,52
GPHN,52
HDAC8,52
IKBKG,52
INO80E,52
KCTD10,52
KDM1A,52
KLHL21,52
KLHL35,52
LBR,52
LIMCH1,52
MB,52
MPPE1,52
MSTO1,52
MTMR3,52
MX1,52
MXRA7,52
MYOF,52
NCBP3,52
NMUR1,52
NOL4,52
NPIPB5,52
NPW,52
NRDC,52
NTF3,52
OSR1,52
OTOP2,52
PCCA,52
PDZD4,52
PEX10,52
PMFBP1,52
POLD2,52
PPARGC1B,52
PROCA1,52
PTPRO,52
R3HDM4,52
RAB33A,52
RABL2B,52
RAI14,52
RASSF8,52
RFX1,52
RGPD8,52
RHPN1,52
RIMS1,52
RSRP1,52
S100A4,52
SCARB2,52
SERPINA1,52
SEZ6L,52
SF3A1,52
SH3BP5L,52
SHMT2,52
SIGLEC9,52
SLC4A1,52
SMAD4,52
SPOCD1,52
SUSD3,52
TAPBPL,52
TFAP4,52
TFDP2,52
TFE3,52
TLE1,52
TNFAIP8,52
TRIM11,52
TSSK3,52
TTC17,52
TTC31,52
USP40,52
VPS39,52
WDR13,52
ZMYM3,52
ZMYND11,52
ZMYND15,52
ZNF217,52
ZNF385B,52
ACAD8,51
ANKRD26,51
ARC,51
ARFGEF2,51
ARID4B,51
ARIH2,51
ASB1,51
ATM,51
BLCAP,51
BSN,51
C11orf21,51
CDHR5,51
CDRT4,51
CEP68,51
CEPT1,51
CERS4,51
CHI3L1,51
CLEC3B,51
CLN6,51
CLU,51
COBLL1,51
COL4A5,51
COLEC11,51
COLGALT1,51
CRTC1,51
DCBLD1,51
DNAJC22,51
EIF4G3,51
ELAC2,51
ERG,51
ETFB,51
FBXO2,51
FGD4,51
FMNL3,51
FNIP2,51
FUOM,51
G6PD,51
GAL3ST3,51
GFRA1,51
GNAI1,51
GNG2,51
GPC2,51
HAPLN4,51
HEMK1,51
HMG20B,51
IL19,51
INHBA,51
IRX2,51
ITGB1,51
JSRP1,51
KCNA2,51
KIF3C,51
LHX9,51
LILRB1,51
LRRFIP2,51
LYPD6B,51
MFSD1,51
MIP,51
MMP15,51
MORF4L1,51
MTG2,51
MUTYH,51
MYL6B,51
NEO1,51
NFE2L1,51
NHSL1,51
NKD1,51
NLRX1,51
NOTCH2,51
NR2C2,51
NRBP1,51
NT5DC3,51
PDAP1,51
PPM1M,51
PRRX1,51
PSMB9,51
PSMD1,51
PTDSS1,51
PYGL,51
QSOX1,51
RCC1,51
REEP6,51
RER1,51
RRM2,51
SDCBP2,51
SHROOM4,51
SLC39A13,51
SLC44A3,51
SLC4A9,51
SLIT1,51
SMYD2,51
SPATA3,51
STXBP5,51
SYT12,51
THTPA,51
TIMM50,51
TMEM145,51
TMEM18,51
TPPP2,51
TRADD,51
TRHDE,51
TSFM,51
TSPAN1,51
TSPEAR,51
TTBK1,51
UBE2M,51
UNC5A,51
UPP2,51
URI1,51
USP43,51
XPO1,51
ZFP36L1,51
ZNF521,51
ZNF638,51
ZNF710,51
ACSM2B,50
ADGRE5,50
AIFM2,50
ALAS1,50
ALG13,50
ANKRD29,50
AP4M1,50
APTX,50
ARMC12,50
ARPC2,50
ASXL1,50
ATG13,50
ATP1A4,50
AXL,50
BBC3,50
BBS2,50
BCL2L11,50
BRI3,50
C19orf81,50
C1QTNF6,50
CAMSAP3,50
CAPRIN2,50
CCDC74B,50
CCDC92,50
CEP112,50
CPQ,50
CTSB,50
CYP4F3,50
DAXX,50
DBP,50
DCDC2C,50
DNAJB6,50
DSCAML1,50
EEF1G,50
ELMO3,50
ELP4,50
ESAM,50
FABP3,50
FAM20A,50
FAM3B,50
FBXL6,50
FNDC5,50
FOXN1,50
FTSJ3,50
GBX1,50
GIPR,50
GPR143,50
GRM7,50
GUSB,50
HERC3,50
ICOSLG,50
IGSF21,50
IRF3,50
JPH4,50
KAT8,50
KCNE1,50
KCNK10,50
KLHDC8B,50
LGALS8,50
LRRC24,50
LTC4S,50
MCM4,50
MECR,50
MPG,50
MVB12A,50
NANOS3,50
NDST2,50
NPHP1,50
NSMAF,50
NSUN2,50
PADI1,50
PCGF2,50
PFAS,50
PIGR,50
PLXNA4,50
PRICKLE2,50
PRR14,50
PUM1,50
RALB,50
RBM47,50
REC8,50
RND3,50
ROM1,50
SECISBP2,50
SEL1L3,50
SGCE,50
SIAH1,50
SLC20A2,50
SLC25A12,50
SPOCK2,50
SPSB4,50
STAT2,50
SUSD1,50
TBC1D5,50
TBRG4,50
TESC,50
TGFBR3,50
THOC5,50
TMEM17,50
TMEM52,50
TNFRSF10B,50
TOMM40L,50
TPGS2,50
TRIM2,50
TRIM7,50
TTC23,50
TTF2,50
TUBB2B,50
TUBGCP4,50
UBE4B,50
UBQLN4,50
VANGL2,50
VLDLR,50
WBP2,50
WIPI2,50
ZHX3,50
ZMYND10,50
ZNF668,50
ZNF821,50
ZNF83,50
ZNF846,50
ACAD10,49
ACR,49
ACRBP,49
ACSL5,49
ACTL6B,49
ADGRA3,49
AKAP7,49
AKR1B1,49
AKR1E2,49
ALDH5A1,49
ANHX,49
AQP3,49
ARHGAP6,49
ARTN,49
ASAH1,49
B3GNT7,49
BBS9,49
BIRC6,49
BLVRA,49
BRAF,49
BRWD1,49
C14orf180,49
C21orf58,49
CADM4,49
CAT,49
CDC14B,49
CDH15,49
CDKN2A,49
CHRM1,49
CHRNB1,49
CNGA3,49
CNR1,49
CPA1,49
CPEB4,49
DCPS,49
DLL4,49
DNAJB2,49
DOCK1,49
DPYSL5,49
EBNA1BP2,49
EEF2KMT,49
EMC3,49
ENPP1,49
EPPK1,49
ERGIC3,49
ESRRA,49
FAM53C,49
FGF14,49
FTSJ1,49
GDPD3,49
GNAZ,49
GPNMB,49
GRIN2C,49
HHIPL1,49
IL4I1,49
ISG15,49
JMJD7-PLA2G4B,49
KCNAB1,49
KIF26B,49
LAMTOR1,49
LCP1,49
LIMD1,49
LPCAT2,49
MAPK8,49
MDK,49
MEST,49
MFAP2,49
MFAP3L,49
MFSD2B,49
MPHOSPH9,49
MRAS,49
MTG1,49
MYLK4,49
NAALADL1,49
OAZ2,49
PA2G4,49
PDE8B,49
PEAK1,49
PHF20,49
PHYHD1,49
PICK1,49
PM20D1,49
PPOX,49
PSMG2,49
PTPRJ,49
RAC2,49
RASL11B,49
RBBP7,49
RFFL,49
RGR,49
RHCE,49
RIIAD1,49
RIMKLB,49
RNF4,49
RNF43,49
RRAD,49
RUVBL1,49
RUVBL2,49
SBK1,49
SERPINE2,49
SERPINF2,49
SH3BP4,49
SHD,49
SLC12A6,49
SLC16A5,49
SLC45A3,49
SLC8A2,49
SNX24,49
SPARC,49
SPRED3,49
STOML1,49
TANGO6,49
TBCB,49
TCAF2,49
TCTN1,49
TEF,49
THOC6,49
TMCC1,49
TMEM102,49
TMEM253,49
TPI1,49
TRABD2A,49
TRIP6,49
TTC38,49
TUBGCP3,49
UIMC1,49
UNC13B,49
UTP4,49
ZFYVE27,49
ZNF19,49
ZNF232,49
ZNRF3,49
ZP1,49
ADAMTSL2,48
ALPK1,48
AMBRA1,48
ARPC5L,48
ARRDC2,48
ASTN2,48
ATF6B,48
ATG9A,48
ATP4A,48
ATP6V0A2,48
BAALC,48
BCAS3,48
BUB1,48
C12orf75,48
CABP4,48
CAMK1,48
CCDC91,48
CD8A,48
CLDN14,48
CLDN5,48
COL28A1,48
COPS7B,48
CRACR2A,48
CSNK2A2,48
DCT,48
DDB2,48
DIDO1,48
DKKL1,48
DNAJC4,48
DRC7,48
EIF4E1B,48
ENPEP,48
FAM182B,48
FANCE,48
FBXL15,48
FBXL5,48
FOLR3,48
GCNT2,48
GTF3C5,48
GTSE1,48
HECTD1,48
HECW1,48
HELZ,48
IGFLR1,48
IPCEF1,48
IZUMO1,48
KCNJ12,48
KCNJ15,48
KCNK7,48
KIF1B,48
KIZ,48
KLF12,48
KRT18,48
LIMA1,48
LSR,48
LTB4R,48
MAGED1,48
MAPK6,48
MDH2,48
MGA,48
MGAM,48
NALCN,48
NBN,48
NR2F1,48
NXF3,48
PATL2,48
PBX3,48
PIP5K1C,48
PPP2R2A,48
PRAME,48
PRDM1,48
PSMC5,48
PTEN,48
PUSL1,48
RBM39,48
RBMS3,48
RFNG,48
RGS19,48
RHOBTB3,48
RNASEH2B,48
RNF38,48
RSF1,48
SAMD8,48
SFTA2,48
SGPL1,48
SHBG,48
SLC25A6,48
SMG9,48
SMOC2,48
SPOP,48
SPTA1,48
SSRP1,48
ST6GALNAC6,48
STK33,48
STMN1,48
TBX5,48
TGFB1,48
TGM4,48
TGM5,48
TKTL1,48
TMEM132B,48
TMEM163,48
TNNI1,48
TNNI3,48
TPD52L1,48
TPST2,48
TSNAXIP1,48
TTLL8,48
UCP2,48
UQCRC1,48
USB1,48
VPS13C,48
WNT6,48
ZNF282,48
ZNF358,48
A4GALT,47
AASS,47
ACSL3,47
ACSM2A,47
ACSS3,47
ADAD2,47
ADGRA2,47
ADGRL3,47
ANAPC5,47
ANKDD1A,47
ATP10B,47
ATP2B1,47
B3GALT5,47
BCLAF1,47
BPI,47
BTBD16,47
C16orf74,47
C17orf107,47
CALM1,47
CCDC146,47
CCDC28B,47
CDK6,47
CES3,47
CHD1L,47
CHRM3,47
CILP2,47
CLASP2,47
CLCN6,47
CNKSR3,47
CNTNAP3B,47
CTSA,47
CYP4F11,47
DEDD2,47
DHRS1,47
DHRS7B,47
DISP2,47
DNAJC6,47
DUSP10,47
EIF3E,47
EIF4E2,47
EIF4E3,47
EMP1,47
EPHA7,47
ERCC2,47
F10,47
FANCL,47
FAP,47
FAR2,47
FCGR3A,47
FGR,47
FLAD1,47
FOCAD,47
FRMD8,47
FUS,47
FUT6,47
GAREM1,47
GJB1,47
GLI2,47
GPAM,47
HIBCH,47
HNRNPH1,47
HS6ST1,47
HSD17B2,47
ICAM5,47
IDH3A,47
IMPA2,47
IMPDH2,47
INTS8,47
KCNIP1,47
KCNN3,47
LIMD2,47
LRIG3,47
LUC7L2,47
LYPD5,47
MAP4K3,47
MAPKAPK5,47
MIIP,47
MIOX,47
MME,47
MMP28,47
MPZ,47
MTHFR,47
MYOM3,47
NCOA1,47
NCOA7,47
NDUFS8,47
NEK11,47
NOXO1,47
OCRL,47
P3H4,47
PCSK9,47
PDGFC,47
PITPNC1,47
POLR2F,47
PRPH,47
PSMA7,47
PYCR1,47
PYROXD2,47
RANBP17,47
RASAL2,47
RASGRF2,47
RBM17,47
RBM24,47
RDH13,47
RGS8,47
RNASEH2A,47
ROBO1,47
ROR2,47
SGK1,47
SIGLEC7,47
SLC39A11,47
SLMAP,47
SMC4,47
SON,47
STC2,47
STX3,47
SULT1A2,47
SYNGR4,47
TADA2B,47
TBC1D28,47
TCEA3,47
TJP1,47
TLCD1,47
TMEM44,47
TNIP2,47
TRAPPC5,47
TRIM47,47
TSEN54,47
TSPAN7,47
UNC93A,47
USP28,47
WNT9B,47
YAP1,47
YEATS2,47
YIF1A,47
AK1,46
AKNAD1,46
ALX3,46
ANKS6,46
AOC3,46
ARHGEF37,46
ARMC8,46
ATL1,46
ATL2,46
ATP11C,46
ATXN1,46
BCKDHB,46
BCL2L12,46
BCL2L2,46
BCL9,46
BDKRB1,46
C1orf54,46
C4orf50,46
C6orf136,46
CABP2,46
CACNA1B,46
CASQ2,46
CBX4,46
CCL16,46
CCNL2,46
CDC25C,46
CDIP1,46
CDK10,46
CDK9,46
CFD,46
CFDP1,46
CLTC,46
CORO2B,46
CPNE8,46
CRHR2,46
CSNK1G1,46
CYP2B6,46
CYTH3,46
DCUN1D3,46
DDX49,46
DDX56,46
DGKH,46
DMRTC2,46
DNAH11,46
DNAI2,46
DOK1,46
DPYS,46
DSP,46
DUSP15,46
EMD,46
EMSY,46
FAM114A1,46
FAT2,46
FERMT2,46
FRY,46
GART,46
GAS2L1,46
GFPT2,46
GOLGA8A,46
GPBP1,46
HEG1,46
HHIP,46
HIVEP1,46
HNRNPK,46
HTRA1,46
ICA1,46
IDE,46
IL34,46
INPP5F,46
IRS1,46
ISYNA1,46
KCNMB3,46
KCTD19,46
KLF6,46
LAMC1,46
LCP2,46
LGMN,46
LRRC32,46
LRRC37A,46
MASP2,46
MTURN,46
MYB,46
MYL10,46
NDUFB2,46
NFKBID,46
NIT1,46
NLRC3,46
NLRP3,46
NRIP3,46
NUCB2,46
OSBPL1A,46
PABPC1,46
PAG1,46
PDLIM5,46
PDXDC1,46
PEX5,46
PHTF2,46
PIF1,46
PNP,46
POLA1,46
PRAF2,46
PSG8,46
PTCD3,46
QKI,46
RAB11FIP1,46
RAPGEF6,46
RASA4B,46
RASSF2,46
RHOBTB1,46
RHOG,46
RIMS3,46
RNF130,46
ROCK2,46
SALL1,46
SART1,46
SCN1B,46
SEC14L5,46
SFMBT2,46
SH2B3,46
SHROOM2,46
SLC11A1,46
SLC14A1,46
SLC22A7,46
SLC39A1,46
SMAD6,46
SMARCE1,46
SNCAIP,46
SNCG,46
SPHK2,46
ST7L,46
STOML2,46
TAP1,46
TBK1,46
TM9SF3,46
TMEM178B,46
TMEM40,46
TMEM86A,46
TNK1,46
TSC22D4,46
TSSC4,46
TTLL9,46
UBE2D3,46
UBE2Z,46
UBR3,46
USP47,46
USP48,46
VASH2,46
WDR24,46
WDR7,46
WDR82,46
YBX3,46
ZBTB7A,46
ZHX2,46
ZNF48,46
ZNF558,46
ZNF568,46
AARS2,45
ACAN,45
ACBD4,45
ADAMTS6,45
ADAMTS9,45
AJAP1,45
AK2,45
AMOT,45
AOC1,45
AP3B1,45
APBA1,45
ARHGEF12,45
ASPHD1,45
ATAD2B,45
ATP1B2,45
ATP6V1C2,45
B4GALNT1,45
C2orf76,45
CA9,45
CAMKK2,45
CBX7,45
CCHCR1,45
CELA2B,45
CHRFAM7A,45
CITED1,45
CKB,45
CLIC5,45
CNTNAP3,45
CTNND2,45
CUX2,45
CYP4F12,45
CYP4V2,45
DAGLB,45
DBNL,45
DERL3,45
DMXL2,45
DTX4,45
DYRK1B,45
EFCAB5,45
EIF2AK4,45
EIF4A1,45
ELOVL1,45
ENPP2,45
ERN2,45
ETFDH,45
ETV2,45
FAM120A,45
FAM25G,45
FHL3,45
FOXJ3,45
FSCN3,45
FXYD5,45
GAMT,45
GAS2,45
GLB1L,45
GLIS1,45
GSG1L,45
GTF3A,45
HAUS4,45
HEBP1,45
HEPH,45
ID1,45
IGSF11,45
IPO5,45
ISLR2,45
IZUMO4,45
JAM3,45
KANK4,45
KCNG2,45
KDM6A,45
KIFC1,45
KLK15,45
KRT14,45
LHFPL5,45
MAGEC3,45
MAPRE2,45
MMP21,45
MPDU1,45
MSX1,45
MYRFL,45
NAMPT,45
NCF2,45
NCOA4,45
NDUFS7,45
NFATC2,45
NONO,45
NOS1,45
NRG3,45
NTAN1,45
OSR2,45
PARVA,45
PAXIP1,45
PIGN,45
PLEK2,45
POU5F1,45
POU6F2,45
PPARA,45
PRDM8,45
PRKD3,45
PSCA,45
PTRH1,45
RAB3GAP2,45
RASAL1,45
RBM23,45
RBM28,45
RBM6,45
RCOR3,45
RMDN2,45
RND1,45
ROGDI,45
SCN9A,45
SEL1L2,45
SERPINB8,45
SLC1A7,45
SLC34A1,45
SLC38A1,45
SLC6A15,45
SLC9A1,45
SNX9,45
SSBP2,45
STT3A,45
SVOPL,45
SYVN1,45
TALDO1,45
TDRD9,45
TECTA,45
TESPA1,45
TMEM143,45
TP53TG5,45
TPPP3,45
TRA2B,45
TRAF3IP1,45
TRIM50,45
TRO,45
TTLL7,45
UBE2E1,45
UBR5,45
UROD,45
USP15,45
VWCE,45
ZC3H14,45
ZMAT4,45
ZNF584,45
ZNF608,45
ZNF609,45
ZNF618,45
ZNF782,45
ABCA8,44
ACTR1A,44
ADAMTS12,44
AFAP1L1,44
AGO1,44
AK8,44
ALDH2,44
ANKRD9,44
ANXA8L1,44
ASB8,44
ATF7IP,44
ATP6V1E2,44
AUP1,44
B4GALT6,44
BACH2,44
BBS1,44
BECN1,44
BRICD5,44
C17orf67,44
CAPRIN1,44
CC2D1A,44
CCDC106,44
CCDC150,44
CDH5,44
CDYL2,44
CENPP,44
CEP85L,44
CLEC10A,44
COL11A1,44
CORO1B,44
CUEDC2,44
CXXC1,44
CYBA,44
CYLD,44
DAPK3,44
DMAP1,44
DNAH14,44
DNAH5,44
DNAJC16,44
ECI1,44
EEF1A2,44
EGR3,44
ELL3,44
ELP5,44
ESYT3,44
ETV1,44
EVA1A,44
FAM107A,44
FBXO32,44
FKBP5,44
FN3KRP,44
FRAS1,44
GALNT10,44
GGA2,44
GGT5,44
GHR,44
GJB6,44
GLB1L3,44
GLT8D2,44
GLUL,44
GRHL2,44
GRID2,44
HADH,44
HEXB,44
HRK,44
IGF1,44
IL32,44
IL4R,44
INCA1,44
INHA,44
ITGAV,44
ITPR3,44
JMJD8,44
KCNJ4,44
KDM4A,44
KIF21A,44
KLHDC8A,44
LAMC3,44
LAMP1,44
LANCL2,44
LGALS4,44
LY6D,44
MAN2A1,44
MAP3K10,44
MAP3K9,44
MDGA2,44
METTL13,44
MIA3,44
MPPED1,44
MTHFD1L,44
MYO16,44
NAB2,44
NFAM1,44
NR3C1,44
NUDT1,44
ORMDL3,44
PACRGL,44
PALM3,44
PCID2,44
PEA15,44
PECAM1,44
PELP1,44
PFN1,44
PIGO,44
PIP4K2B,44
PKP2,44
PLG,44
POGZ,44
PPCDC,44
PPP1R10,44
PPP2R5D,44
PPP3CB,44
PROZ,44
PRSS23,44
PRSS56,44
PSG1,44
RAB15,44
RABGGTA,44
RAD9A,44
RBPJL,44
RNF17,44
RPA1,44
RRAGC,44
S100A5,44
SCTR,44
SET,44
SETBP1,44
SETD7,44
SH2D2A,44
SKIL,44
SLC25A39,44
SLC26A1,44
SLC35F4,44
SLC9A7,44
SNAP25,44
SRSF1,44
ST6GALNAC1,44
STIM2,44
STMN3,44
TCAP,44
TFRC,44
TGFBR2,44
TGM2,44
TM6SF2,44
TMEM176B,44
TMEM8B,44
TNIK,44
TPP2,44
TTC16,44
ULK2,44
VWA1,44
WSCD2,44
XPC,44
ZFAND3,44
ZFP62,44
ZFYVE26,44
ZNF207,44
ZNF514,44
ZNF839,44
ABCC5,43
ABI2,43
ACER3,43
AGTPBP1,43
ANKRD24,43
ANTXR2,43
APRT,43
AREL1,43
ARFGAP3,43
ARHGEF33,43
ATOX1,43
ATP6AP2,43
ATPAF1,43
BPIFB1,43
C1orf105,43
C9,43
CANX,43
CASP7,43
CDIPT,43
CDK2,43
CDKL3,43
CFTR,43
CHST8,43
CLDN15,43
CNNM3,43
COBL,43
COL4A6,43
CS,43
CYP3A4,43
DDX23,43
DHRS4L2,43
DHX34,43
DLL1,43
DUSP7,43
ELK3,43
ELL2,43
ENTPD4,43
EXT1,43
FAM156A,43
FAM72A,43
FBXO11,43
FCGR2A,43
FEZ2,43
FOXK1,43
GABRB2,43
GALE,43
GALNT7,43
GATAD2B,43
GJC2,43
GLIPR2,43
GPRC5A,43
GPSM3,43
GRIN2B,43
GRK4,43
HDAC1,43
HLA-DPB1,43
HSPB7,43
IL21R,43
IPO11,43
JMJD1C,43
JPH3,43
KAZALD1,43
KHK,43
KIAA0232,43
KIF2A,43
KMT5A,43
LILRB2,43
LMO2,43
LPAR5,43
LRRC3B,43
LY6G5B,43
MAP3K15,43
MAP7,43
MAP7D3,43
MAPK11,43
MAPKAPK2,43
MBNL3,43
MCFD2,43
MCM2,43
MEPCE,43
MFSD6,43
MITF,43
MKS1,43
MMP25,43
MPV17,43
MYC,43
NADK2,43
NCK2,43
NLN,43
NR6A1,43
OGFR,43
OPN4,43
PAOX,43
PATZ1,43
PCDH7,43
PDCD6IP,43
PEX5L,43
PITX1,43
PIWIL4,43
PNMT,43
POC1B,43
POLR1C,43
PPHLN1,43
PRCP,43
PRKG1,43
PROSER1,43
PRR22,43
PSORS1C1,43
PTGS1,43
PVALB,43
PXDC1,43
RAB35,43
RAB5B,43
RAD50,43
RBP5,43
RFX3,43
RHBG,43
RIPK1,43
SAE1,43
SCAMP2,43
SCN1A,43
SERINC2,43
SERPINA3,43
SIX1,43
SLC12A3,43
SLC22A2,43
SLC25A13,43
SLC39A7,43
SMC1A,43
SMG7,43
SOCS2,43
SPINT1,43
SRRM4,43
SSR4,43
STAG2,43
STKLD1,43
STX10,43
STX8,43
TBXA2R,43
TCERG1L,43
TDRD10,43
TFDP1,43
TGFA,43
TMEM165,43
TMEM176A,43
TMEM92,43
TMPRSS9,43
TMUB1,43
TNFRSF12A,43
TRAF3IP2,43
TRMT1,43
TSKS,43
TULP3,43
TXNDC11,43
UBE2Q1,43
UBE3A,43
UCN2,43
VPS13A,43
VWA3A,43
WDR19,43
WDR20,43
WRAP53,43
ZBP1,43
ZC3H7A,43
ZDHHC16,43
ZNF316,43
ZNF454,43
ACCS,42
ADAM28,42
ADAMTS18,42
ADGRG6,42
AEN,42
AGBL1,42
AGPAT5,42
AHCYL1,42
ANKRD44,42
AP1G1,42
ASAP2,42
ATRNL1,42
ATRX,42
BCL6B,42
C20orf173,42
CACHD1,42
CALN1,42
CARHSP1,42
CCDC149,42
CCDC157,42
CCZ1B,42
CD36,42
CDC14A,42
CLIP3,42
CLP1,42
CLUAP1,42
COL14A1,42
CPA5,42
CRADD,42
CREM,42
CRYGN,42
CYP1B1,42
CYP27B1,42
DCLK1,42
DDAH1,42
DDX3X,42
DGKB,42
DIRAS1,42
DNAH3,42
DOK2,42
DRG2,42
ECM1,42
ENPP6,42
ENPP7,42
F13A1,42
F8,42
FAM222B,42
FAM228B,42
FAM234B,42
FAM47E,42
FAM83F,42
FAXDC2,42
FBXO16,42
FOSB,42
FRMPD1,42
FTL,42
GGACT,42
GPD2,42
HAP1,42
HLCS,42
HMG20A,42
HMGCR,42
HTR3A,42
IL7R,42
ING1,42
INTS12,42
IP6K2,42
IRF2,42
ISM2,42
KCTD21,42
KDM8,42
LRRC41,42
LVRN,42
LYZL4,42
LZTS2,42
MAP4K5,42
MAPK8IP2,42
MARCO,42
MARK1,42
MFHAS1,42
MLST8,42
MTMR14,42
MZB1,42
NAALADL2,42
NAIF1,42
NQO2,42
NR4A3,42
NRN1L,42
NUBP1,42
OAZ1,42
OSBPL6,42
PANO1,42
PDCD2L,42
PHF21B,42
PHOSPHO1,42
PINLYP,42
PLA2G2C,42
PNOC,42
PPP1R14B,42
PPP2R2B,42
PRKAR1A,42
PSMD13,42
PTMA,42
PTPN11,42
RBPMS2,42
RDH10,42
RFXANK,42
RGS11,42
RHBDD3,42
RMDN1,42
SCFD1,42
SCPEP1,42
SEC24C,42
SEC61A2,42
SELENBP1,42
SEMA3G,42
SKAP2,42
SLC20A1,42
SLC22A17,42
SLC25A37,42
SLC2A5,42
SLTM,42
SNTG1,42
SNX30,42
SORCS3,42
SPAG7,42
SUDS3,42
SYCP2L,42
TBC1D31,42
TCP11,42
THOC2,42
THRB,42
TMTC1,42
TNFRSF18,42
TPD52,42
TSEN34,42
TTLL6,42
UBE2L3,42
UNC80,42
USP46,42
VANGL1,42
VPS26B,42
ZC3H3,42
ZDHHC5,42
ZIC1,42
ZMYM2,42
ZNF277,42
ZNF496,42
ZNF692,42
A2ML1,41
AAK1,41
AANAT,41
ADCK2,41
ADORA2B,41
AHSA1,41
AIP,41
ALKBH5,41
AMH,41
ANKRD10,41
ANKRD27,41
ANKS1A,41
AP3S2,41
ARHGAP40,41
ARL8A,41
ARMC6,41
ASB13,41
ASNS,41
B4GALT3,41
BCS1L,41
BFSP1,41
BMF,41
BST1,41
BTNL9,41
CABLES1,41
CACNB2,41
CAPS,41
CBL,41
CDC42BPA,41
CDC42EP1,41
CDCA2,41
CDH8,41
CEP350,41
CEP41,41
CES1,41
CKMT2,41
CLDN2,41
CLEC18B,41
CNTD1,41
COA1,41
CRABP2,41
CRYL1,41
CYP2F1,41
CYP4A11,41
DBI,41
DCAF17,41
DCC,41
DCUN1D2,41
DMWD,41
DNASE1L2,41
DPY19L1,41
ECH1,41
EZH1,41
FAM110A,41
FAM89A,41
FANCI,41
FBXO44,41
FERMT1,41
FGF9,41
FGFRL1,41
FLOT1,41
FMR1,41
FOSL2,41
FXYD2,41
GCC2,41
GJC1,41
GPC3,41
GRAPL,41
GRB14,41
GRHPR,41
GRTP1,41
HES6,41
HIP1,41
HS3ST6,41
HSD17B8,41
HTRA2,41
IGSF8,41
IL17B,41
KCNN2,41
KLK11,41
KNTC1,41
LONP2,41
LRRC8E,41
LSM7,41
MAPK13,41
MAPK9,41
MEGF10,41
MIER3,41
MLC1,41
MSRB3,41
MTMR7,41
MTUS2,41
NAPSA,41
NASP,41
NAT9,41
NCF1,41
NEK9,41
NELFCD,41
NFKBIA,41
NR1I2,41
ODF2,41
OPRM1,41
OPTN,41
PIP5K1A,41
PLEKHA2,41
PLPP7,41
PPIL6,41
PROX1,41
PRR12,41
PSTPIP2,41
PTK6,41
PTPRQ,41
PTTG1IP,41
PXMP2,41
RAB30,41
RAB8A,41
RAD52,41
RNF13,41
RNF145,41
RNF150,41
RSPH6A,41
RSPO2,41
SCML2,41
SGF29,41
SGSM1,41
SKP1,41
SLC15A4,41
SLC36A1,41
SLC38A8,41
SLC4A7,41
SNAP91,41
SOX8,41
STX4,41
TAF1C,41
TDP1,41
TEAD4,41
TERF2,41
TFIP11,41
TMC5,41
TMEM105,41
TMEM134,41
TMEM260,41
TNNC2,41
TRAF1,41
TRIM36,41
TSHZ1,41
TSHZ3,41
TSKU,41
TTC6,41
TUFT1,41
TULP1,41
TXNRD3,41
UHRF2,41
USP30,41
VPS28,41
VSX1,41
VWA5B1,41
ZBTB25,41
ZBTB45,41
ZFP92,41
ZIK1,41
ZNF467,41
ADCK1,40
ADGRF1,40
ADRA1D,40
AFMID,40
AGT,40
AKAP12,40
ALDOB,40
AMOTL1,40
ANAPC1,40
ANKRD17,40
ANKZF1,40
ANXA5,40
AOAH,40
AOX1,40
ARAF,40
ARHGEF39,40
ARL6IP4,40
ATG4D,40
ATP13A4,40
B4GALT7,40
BCL11B,40
BCL2L14,40
BPHL,40
CA11,40
CACNA1I,40
CAMK2N1,40
CBLB,40
CCDC142,40
CD33,40
CDK8,40
CDKL5,40
CERS5,40
CFAP44,40
CHRND,40
CLMP,40
CNN1,40
CNOT10,40
CNOT2,40
COL21A1,40
CPNE5,40
CRYM,40
CSMD3,40
CSPG5,40
CUBN,40
CUTA,40
CXCL12,40
CYB561A3,40
DDOST,40
DLK1,40
DUOXA1,40
E2F4,40
EXOC3L1,40
EXOSC10,40
FAM72D,40
FBXL13,40
FHL2,40
GALNT15,40
GCNT3,40
GDA,40
GDF15,40
GNB2,40
GNPDA1,40
GPD1,40
GPLD1,40
GPR78,40
HDDC3,40
HGD,40
HMGA2,40
HSP90B1,40
IAH1,40
IFFO2,40
IL1RN,40
INMT,40
KCNJ14,40
KLK3,40
KPTN,40
KRT78,40
L3MBTL3,40
LAPTM5,40
LMF2,40
LRCH3,40
LRP10,40
MAF1,40
MAN2B2,40
MBNL2,40
MBTD1,40
MCM7,40
MED25,40
METTL6,40
MOCOS,40
MPND,40
MRTO4,40
MSL1,40
MSL3,40
MTFR1,40
MUC20,40
MYL6,40
MYO3A,40
NDUFAF5,40
NFATC2IP,40
NLGN1,40
NMRAL1,40
NPAS1,40
NPIPA8,40
NUTM2E,40
OAT,40
OFD1,40
ONECUT3,40
OPN1LW,40
ORAI3,40
ORC4,40
PACRG,40
PAF1,40
PAQR4,40
PCDH10,40
PDPR,40
PGBD5,40
PLIN1,40
PLPPR1,40
POLR3GL,40
PPP1R21,40
PPP4R1,40
PRDM5,40
PRPF40A,40
PRSS55,40
PTPN3,40
PTPRR,40
RAB34,40
RAB7A,40
RAG1,40
RASL12,40
RCL1,40
RDH8,40
RNASEK-C17orf49,40
RNF14,40
RNF214,40
RPRD1B,40
RRP1,40
RUSC2,40
S100A2,40
SENP2,40
SFRP1,40
SLC2A14,40
SLC34A2,40
SLC35F5,40
SLC3A1,40
SLC5A2,40
SLC6A17,40
SLC8A1,40
SMAP2,40
SOBP,40
SOX7,40
SPATS2,40
SRM,40
ST8SIA1,40
STPG1,40
STX6,40
SUSD2,40
SYT1,40
SYT16,40
TCAF1,40
TCF7L1,40
TDRP,40
TIGIT,40
TIRAP,40
TM9SF4,40
TMEM200B,40
TMEM234,40
TP53,40
TPSAB1,40
TTC21B,40
UBE2H,40
VPS13B,40
VPS4A,40
WDR11,40
WWOX,40
YLPM1,40
ZFYVE19,40
ZNF274,40
ZNF28,40
ZNF704,40
ZNF787,40
ABHD8,39
ACE2,39
ADAM17,39
ADGRB3,39
ALG1L2,39
ALOX12,39
ALOXE3,39
ANAPC4,39
AP1S3,39
ARFGEF1,39
ARID5A,39
ARMC10,39
ARSD,39
ASB10,39
ATR,39
C1QTNF8,39
C2CD4C,39
C5orf67,39
CALCOCO2,39
CAP1,39
CAPN11,39
CCDC102A,39
CCDC187,39
CCDC24,39
CCL27,39
CCNE1,39
CCNF,39
CD59,39
CDCA5,39
CDK2AP1,39
CERKL,39
CES5A,39
CHCHD10,39
CHMP2A,39
CHST15,39
CLEC4G,39
COG4,39
COPZ1,39
COX7A2L,39
CPEB2,39
CRELD2,39
CRLS1,39
CTNS,39
CUL4A,39
DAO,39
DCAF11,39
DDX5,39
DFFB,39
DHX32,39
DKC1,39
DMTF1,39
DNAJB12,39
DNAJC18,39
DNALI1,39
DRAM1,39
DYRK2,39
E2F8,39
EDRF1,39
EGF,39
EIF3K,39
ERCC5,39
FAF2,39
FAM13B,39
FAM72C,39
FCRL1,39
FKBP8,39
FNBP1,39
FNDC1,39
GABRA5,39
GAL,39
GAL3ST4,39
GALK2,39
GALNT8,39
GGT7,39
GIMAP5,39
GLS,39
GNAL,39
GNAT2,39
GOLGA6B,39
GOLGA8Q,39
GPIHBP1,39
GPX3,39
GRIA3,39
GRK5,39
GRK7,39
HAUS5,39
HDAC11,39
HIPK2,39
HOXA7,39
HSPB8,39
IGFBP6,39
INAFM1,39
KCNJ5,39
KCTD2,39
KIAA1614,39
KMT2E,39
L3MBTL4,39
LMO3,39
LUC7L,39
MAG,39
MAP1B,39
MAP3K19,39
MAPK3,39
MAPRE3,39
MARCKSL1,39
MCCC2,39
MED17,39
MERTK,39
METTL9,39
MLH1,39
MOCS1,39
MPZL1,39
MTMR1,39
MYBPC2,39
MYL4,39
NCL,39
NFE2,39
NOL8,39
NPM2,39
NTSR1,39
NUDC,39
OAS3,39
OXCT1,39
P2RX3,39
PARP16,39
PBXIP1,39
PCDH19,39
PCGF5,39
PDE7A,39
PER3,39
PHIP,39
PI16,39
PI4K2A,39
PIK3CB,39
PKD2,39
PPIP5K2,39
PPM1L,39
PRAM1,39
PRELID1,39
PREP,39
PRKAR2B,39
PTAFR,39
PUM3,39
PYM1,39
RAC3,39
RAET1E,39
RALGAPB,39
RASSF1,39
RELL1,39
REPS1,39
RGS22,39
RHOQ,39
RMND5B,39
RNF217,39
RNF25,39
RRM1,39
RYR2,39
SAMD13,39
SAP30L,39
SCARA5,39
SCRN2,39
SCX,39
SERTAD2,39
SESN1,39
SFPQ,39
SGK3,39
SLC13A3,39
SLC22A13,39
SLC27A6,39
SLC35B1,39
SLC43A3,39
SLC50A1,39
SNX1,39
SPAG8,39
SPATA9,39
SPESP1,39
SPTLC2,39
SRL,39
SSH2,39
TAB3,39
TBC1D4,39
TBCK,39
TBX3,39
TEAD1,39
TMC2,39
TMEM127,39
TMEM208,39
TNFRSF13C,39
TNFRSF1B,39
TOPBP1,39
TPCN2,39
TPSG1,39
TREML1,39
TRIM25,39
TRMT61A,39
TRPA1,39
TSPAN33,39
TUBA4A,39
TUBA4B,39
TVP23A,39
UBAC2,39
UBE2E3,39
UBE2Q2,39
UBE3C,39
URB1,39
UVRAG,39
VAMP5,39
VCAN,39
VIPR2,39
WNT10B,39
YIPF2,39
ZBTB4,39
ZNF335,39
ZNF513,39
ZNF75A,39
ABCA10,38
ABHD14A,38
ABHD2,38
ACTR1B,38
ADAMTS13,38
ADCYAP1,38
ADRA1A,38
AKR7A2,38
ALOX15,38
AMPD1,38
ANP32B,38
ARAP2,38
ASIC2,38
ATP1B3,38
ATP7A,38
BID,38
C1orf35,38
CBFA2T2,38
CDC27,38
CDH26,38
CFAP69,38
CHEK2,38
CHMP7,38
CNDP1,38
CPED1,38
CRB1,38
CRYBA4,38
CSDE1,38
CSF1,38
CSF2RB,38
CTNNBIP1,38
CWC27,38
CYP3A5,38
DCST1,38
DENND6B,38
DOLPP1,38
DZANK1,38
EFR3B,38
EGR2,38
EIF2B4,38
EPHX2,38
EPM2A,38
ERBB4,38
EXPH5,38
F12,38
FADS6,38
FAM131B,38
FAM229A,38
FBL,38
FCHSD2,38
FDFT1,38
FDPS,38
FDXR,38
FOXRED2,38
FREM1,38
FUZ,38
GATM,38
GGN,38
GKAP1,38
GLYCTK,38
HGSNAT,38
HHIPL2,38
HIPK1,38
HMCN1,38
HRH1,38
HTR4,38
IGSF3,38
IL11,38
IL1RL2,38
ISOC2,38
ITGB8,38
KANSL1L,38
KAT2B,38
KCNG1,38
KCNK1,38
KEAP1,38
KIF19,38
KRIT1,38
LAMC2,38
LHX4,38
LRRC43,38
M6PR,38
MAML1,38
MAP2K1,38
MAT1A,38
MCF2,38
MCM9,38
ME3,38
MEA1,38
MEFV,38
METTL1,38
MEX3D,38
MTMR10,38
MYL7,38
NAP1L1,38
NAT14,38
NCOA6,38
NFKBIZ,38
NKIRAS2,38
NOL6,38
NT5M,38
NUP50,38
NUSAP1,38
OCLN,38
OLA1,38
PDGFRL,38
PELI3,38
PEX19,38
PGAP3,38
PGM1,38
PGR,38
PHF23,38
PHLDB3,38
PIH1D1,38
PIP5K1B,38
PKIB,38
PLEKHS1,38
PLK1,38
PPP1R16B,38
PRDM2,38
PRSS50,38
PSMD4,38
QSER1,38
RAB1B,38
RCCD1,38
REPS2,38
SLC16A2,38
SLC22A4,38
SLC25A11,38
SLC25A26,38
SLC25A35,38
SLC26A4,38
SLC35A2,38
SLC38A2,38
SLC38A6,38
SLC7A1,38
SMAD2,38
SNX18,38
SPINT2,38
SPPL3,38
SRPX,38
SRSF11,38
SSPN,38
ST8SIA2,38
STAU2,38
STK40,38
SUB1,38
SV2B,38
SYCE1L,38
TCN2,38
TEX29,38
TFAP2C,38
TMEM130,38
TMEM178A,38
TMEM54,38
TMOD1,38
TNR,38
TOR4A,38
TSPYL2,38
TTL,38
UBE2D2,38
UBL4A,38
UCK1,38
USP24,38
USP4,38
UST,38
UTP18,38
VAX2,38
VTN,38
WBP1L,38
XRCC5,38
ZDHHC9,38
ZFP64,38
ZNF407,38
ZSCAN30,38
ABCB4,37
ABCC6,37
ACADM,37
ACP6,37
ADAP2,37
AFG3L2,37
AIFM1,37
ALDH18A1,37
AMY2B,37
ANAPC7,37
ANKDD1B,37
ANKRD18A,37
ANKRD62,37
ANXA9,37
AP2S1,37
APCDD1,37
APLF,37
ARHGAP28,37
ARHGDIA,37
ASB18,37
ASCC1,37
AZIN2,37
B3GNT2,37
BANF2,37
BFSP2,37
BTBD3,37
C1RL,37
CBLN3,37
CCDC3,37
CCDC30,37
CCDC69,37
CCDC86,37
CCS,37
CDC42EP3,37
CDT1,37
CETP,37
CHD1,37
CISD3,37
CLIC3,37
CNP,37
COLGALT2,37
CYP17A1,37
DCAF5,37
DDHD1,37
DDIT3,37
DDX55,37
DECR1,37
DUSP2,37
DUSP5,37
DZIP1,37
E2F3,37
EME1,37
ENDOU,37
ERCC3,37
ERRFI1,37
ETV3L,37
EXOSC4,37
EYS,37
EZH2,37
FAM186B,37
FAM217B,37
FAM72B,37
FBXO10,37
FBXO3,37
FCRL5,37
FCRLB,37
FNDC4,37
G2E3,37
GAB2,37
GALC,37
GALNT1,37
GGTLC2,37
GNPTG,37
GPAA1,37
GRAP,37
GRID1,37
HLA-C,37
HLX,37
HNF4A,37
HSPD1,37
IGFBP3,37
IKBKE,37
IL1RAP,37
IL27,37
ILK,37
INTS7,37
IRX3,37
ITK,37
JPH1,37
KAT7,37
KCTD17,37
KIAA0586,37
KIF6,37
KLF8,37
KLHL22,37
KLHL36,37
KREMEN2,37
KRTCAP3,37
LILRA4,37
LMX1B,37
LRRC28,37
LRRC42,37
LRRC75B,37
LRRN1,37
LYPD2,37
MAP2K6,37
MAP3K13,37
MBNL1,37
MFSD11,37
MICA,37
MSANTD2,37
MTM1,37
MUC13,37
MXD3,37
MYBPHL,37
NBEAL1,37
NBPF26,37
NBPF9,37
NDUFA11,37
NEMF,37
NOL12,37
NOP14,37
NPNT,37
NR5A2,37
NUAK1,37
NUMB,37
NXPH3,37
OVGP1,37
PADI4,37
PAK3,37
PAMR1,37
PAX7,37
PCLO,37
PDSS1,37
PEBP4,37
PEX11G,37
PIGL,37
PKN3,37
PLIN5,37
PORCN,37
PRKAB1,37
PSMD11,37
PTHLH,37
PTPN21,37
RAB27A,37
REEP4,37
RFC1,37
RGP1,37
RHOH,37
RIC1,37
RMND5A,37
RNF121,37
RNF41,37
RNF5,37
RSPH10B2,37
RSPH14,37
RYBP,37
SEC23A,37
SEC61A1,37
SERPINB6,37
SFT2D1,37
SHISA8,37
SIM1,37
SLC22A1,37
SLC26A5,37
SLC44A5,37
SLC6A18,37
SNRPA,37
SNX17,37
SRGAP1,37
SRXN1,37
ST6GALNAC4,37
STAMBP,37
STRIP2,37
SURF4,37
SYCE1,37
SYCP2,37
TAF15,37
TBC1D30,37
TCERG1,37
TCP10L2,37
TESK1,37
TIMELESS,37
TLR5,37
TMEM114,37
TMEM240,37
TMEM256,37
TMEM256-PLSCR3,37
TMEM61,37
TMEM79,37
TMEM86B,37
TNIP3,37
TONSL,37
TOP1,37
TOX3,37
TRAF5,37
TRIM45,37
TRPC6,37
TRPM7,37
TRPT1,37
TSTD1,37
TXLNB,37
TXNRD1,37
U2AF1,37
UBA2,37
UBE2A,37
USF3,37
USP31,37
VPS11,37
VSIG10L,37
WNT4,37
XAF1,37
ZNF664,37
ABHD14B,36
ACAP2,36
ACSL4,36
ACVR1B,36
ADM5,36
ADPRHL1,36
ADRA1B,36
AGFG2,36
ALG3,36
ANKIB1,36
ANO10,36
ANO5,36
APBA3,36
ARID2,36
ARID4A,36
ARMC2,36
ATAT1,36
ATXN10,36
AZI2,36
BAG1,36
BPIFB4,36
BRINP2,36
C16orf86,36
CACFD1,36
CADPS2,36
CAMP,36
CASP2,36
CASP8,36
CATSPER1,36
CBLN2,36
CCDC25,36
CCNL1,36
CCNY,36
CDC42,36
CDCA3,36
CDH13,36
CDH16,36
CDK17,36
CFAP43,36
CKAP4,36
CLCN1,36
CLYBL,36
CNGB3,36
COL25A1,36
COMTD1,36
CTCF,36
CTPS1,36
CTXN1,36
CXCL16,36
CYB5R1,36
CYP46A1,36
DDX47,36
DPF2,36
EIF3D,36
ERMARD,36
ESRP1,36
FAM91A1,36
FSIP2,36
GALNT3,36
GALP,36
GANC,36
GDI2,36
GGCX,36
GK,36
GMPR2,36
GOLGA1,36
GPR157,36
GPR61,36
GPSM2,36
GRINA,36
GSPT1,36
GTF3C3,36
HAPLN1,36
HAPLN3,36
HEATR4,36
HIF1A,36
HIRA,36
HMGB3,36
HSD11B2,36
IFI16,36
IFNAR2,36
IFNGR2,36
ILKAP,36
IMP4,36
INSR,36
INTS6,36
IRX5,36
ISLR,36
KCNJ10,36
KIF18B,36
LCOR,36
LDLRAD3,36
LMX1A,36
LNX2,36
LRFN4,36
LRRC36,36
LYPLAL1,36
MACROD2,36
MEX3A,36
MIB1,36
MON1B,36
MTFP1,36
MYEF2,36
MYH14,36
MYLK2,36
NDUFAF3,36
NDUFS3,36
NETO1,36
NFYB,36
NLGN4Y,36
NOMO2,36
NOS2,36
NOVA2,36
NPIPA3,36
NPRL2,36
NR2E3,36
NRARP,36
NSG1,36
NSMCE1,36
NT5E,36
NUPR1,36
OGT,36
PAFAH1B1,36
PARD3,36
PARD3B,36
PCDH17,36
PCK1,36
PDZD7,36
PHB2,36
PHLPP2,36
PIK3R3,36
PLA1A,36
PLCL2,36
PLEKHF1,36
POLR2B,36
POLR2L,36
POP4,36
PPP3CA,36
PRPSAP2,36
PRRC2C,36
PRRG3,36
PTPDC1,36
PTPN12,36
PTPN13,36
RAB3D,36
RBM38,36
RCBTB1,36
RGS20,36
RNASEH1,36
RRAGB,36
RSPH10B,36
RSRC1,36
RTN4IP1,36
SCG5,36
SCN3A,36
SCN3B,36
SCOC,36
SEMA4F,36
SEMA5A,36
SERTAD4,36
SFTPD,36
SIX5,36
SLC25A28,36
SLC38A7,36
SLC5A4,36
SMYD4,36
SNRK,36
SNX10,36
SRSF9,36
STK38L,36
STX5,36
SURF6,36
SYNPR,36
SYT6,36
TBKBP1,36
TBX6,36
TEAD3,36
TEKT2,36
TGM7,36
THAP4,36
TIMP1,36
TLK1,36
TM7SF2,36
TMEM185A,36
TMEM88,36
TNFRSF4,36
TRIM9,36
TSPAN17,36
TSR1,36
TTC39C,36
TULP4,36
UNC5D,36
UQCRH,36
USP8,36
UTP14A,36
WBP2NL,36
WDTC1,36
WFIKKN1,36
WNT9A,36
WWP1,36
YY1,36
ZCCHC24,36
ZCCHC7,36
ZDHHC13,36
ZFC3H1,36
ZNF18,36
ZNF292,36
ZNF334,36
ZNF444,36
ZNF7,36
ZNF862,36
ACHE,35
ADIPOR2,35
AGK,35
AGPAT4,35
AHCY,35
AHI1,35
ANGPT1,35
ANGPTL8,35
APOL3,35
ARHGAP5,35
ASXL2,35
ATAD3C,35
BCAT1,35
BUB1B-PAK6,35
C1S,35
C1orf198,35
C4orf36,35
C9orf78,35
CAB39,35
CALCB,35
CALR,35
CAMK2D,35
CAPN9,35
CAPNS1,35
CCKBR,35
CCL17,35
CD68,35
CDCP2,35
CEACAM3,35
CHPF,35
CKMT1B,35
CLDN16,35
CNN2,35
CNNM2,35
CNTFR,35
COL5A2,35
CPB1,35
CSDC2,35
DCBLD2,35
DIABLO,35
DLX3,35
DMRTC1,35
DNAAF1,35
DNAJA3,35
DNAJC5,35
DNAJC9,35
DQX1,35
DYNC1LI2,35
EDA,35
EFNB3,35
EFS,35
ENTPD5,35
ERCC4,35
ERO1B,35
EVC2,35
FAM110D,35
FBXO17,35
FBXO46,35
FBXO9,35
FER,35
FGD2,35
FXR1,35
GHRL,35
GMFG,35
GNL2,35
GPX4,35
GTF2H4,35
GTF3C2,35
GULP1,35
HBP1,35
HKDC1,35
HPS5,35
ICAM3,35
ID2,35
IDH1,35
IFT43,35
IL10RA,35
IL18BP,35
IL1RAPL2,35
IL23A,35
IL25,35
IRF6,35
JAM2,35
JAML,35
KAT6A,35
KCNB1,35
KCNH5,35
KLHL2,35
KLHL26,35
KLHL42,35
LCORL,35
LIF,35
LIN28B,35
LINGO2,35
M1AP,35
MAEL,35
MAP1A,35
MAP3K7,35
MBD2,35
MEF2A,35
MIF4GD,35
MLLT3,35
MNX1,35
MSRB1,35
MYADM,35
MYPN,35
MYRIP,35
MZT2B,35
NAGLU,35
NBPF1,35
NFAT5,35
NIPBL,35
NMT2,35
NOLC1,35
NPL,35
NTN5,35
NXPE3,35
OSBPL8,35
OSM,35
PAQR6,35
PARD6A,35
PBLD,35
PDCD10,35
PDE6A,35
PHOX2A,35
PMM1,35
POLB,35
PPM1A,35
PPP1R27,35
PPP4R3A,35
PRKX,35
PRR36,35
PRRT3,35
PSMA1,35
PSMB3,35
PTPRT,35
RALGAPA2,35
RCN3,35
RFT1,35
RGPD6,35
RIBC1,35
RNF19A,35
RSAD1,35
RSPRY1,35
S100A14,35
SDR9C7,35
SDSL,35
SETD3,35
SF3B1,35
SHQ1,35
SLC26A7,35
SLC28A2,35
SLC6A11,35
SLC6A5,35
SMIM1,35
SNAPC2,35
SNRNP70,35
SNX33,35
SOX18,35
SPAG4,35
SPON1,35
SRGAP2C,35
SRPRA,35
STARD8,35
STXBP6,35
SUCLA2,35
SULT4A1,35
SUPT20H,35
SYNRG,35
TAB2,35
TAS1R3,35
THSD7B,35
TICRR,35
TMEM150A,35
TMEM25,35
TMEM39A,35
TNFRSF10C,35
TRIM16L,35
TSPAN5,35
TTC22,35
TTC39B,35
UBP1,35
UFSP1,35
URGCP,35
VEZF1,35
VPS50,35
VSIG1,35
WAC,35
WDFY1,35
WFDC2,35
XDH,35
XKR6,35
YOD1,35
ZFPM1,35
ZNF236,35
ZNF273,35
ZNF343,35
ZNF362,35
ZNF541,35
ZNF763,35
ABCF1,34
ABHD5,34
ADAM22,34
ADRA2B,34
AK9,34
AKAP9,34
ALG6,34
ALPK2,34
AMHR2,34
AMZ2,34
ARHGAP30,34
ARSI,34
ASMT,34
ATE1,34
AVPR2,34
AZIN1,34
BATF3,34
C12orf54,34
C19orf12,34
C19orf73,34
C20orf144,34
C7,34
C8B,34
CA10,34
CACNG5,34
CALM2,34
CASP9,34
CCL24,34
CCT7,34
CD19,34
CD244,34
CD2AP,34
CEP152,34
CLDN19,34
CLINT1,34
CMTM2,34
COG5,34
CORIN,34
COX14,34
CTR9,34
CTRB2,34
CYSRT1,34
DACT1,34
DEFB124,34
DENND5B,34
DNAJB11,34
DNAJB14,34
DOCK11,34
DOK6,34
DPEP2,34
DRAP1,34
EFCAB8,34
EGLN3,34
EIF3F,34
ELF5,34
ELMOD3,34
EMC2,34
EXOSC7,34
FAHD2A,34
FAM149B1,34
FAM184A,34
FAM186A,34
FAM25C,34
FAM89B,34
FBXO6,34
FCMR,34
FGF1,34
FIS1,34
FKBP2,34
FOXO4,34
FXYD1,34
FXYD6-FXYD2,34
GCC1,34
GHDC,34
GLYATL1,34
GM2A,34
GPR20,34
GTPBP4,34
GUCA1A,34
HAMP,34
HAPLN2,34
HAS1,34
HBA1,34
HES4,34
HHAT,34
HINFP,34
HMBS,34
HMGXB3,34
HNRNPF,34
HNRNPH3,34
HSD17B3,34
HSPB2-C11orf52,34
IFITM3,34
IL17REL,34
ILDR1,34
IQCK,34
ITGB3BP,34
KIF13A,34
KNCN,34
KNOP1,34
LBH,34
LCA5L,34
LEPR,34
LGALS3,34
LGSN,34
LPAR2,34
LRRK2,34
MAGED2,34
MALT1,34
MANF,34
MAP1LC3B,34
MED14,34
METTL8,34
MGAT5,34
MKI67,34
MPST,34
MSMP,34
N4BP2L2,34
NAA15,34
NKTR,34
NMRK2,34
NREP,34
NTNG1,34
ODF2L,34
ONECUT1,34
OTUD7B,34
PAPPA2,34
PDE6G,34
PDIA4,34
PDPN,34
PFDN1,34
PGD,34
PHF11,34
PHLPP1,34
PIK3C3,34
PINK1,34
PNMA2,34
PNPLA1,34
PPP1R1C,34
PPP1R26,34
PRC1,34
PRR5-ARHGAP8,34
PRSS21,34
PSMD3,34
PSTK,34
PTBP2,34
PTPRZ1,34
RAB3IP,34
RANBP2,34
RASL10A,34
RELA,34
RELB,34
RP1,34
RPUSD1,34
SAMM50,34
SCAF11,34
SDC1,34
SDC2,34
SETX,34
SH2D3A,34
SH3BGR,34
SIAE,34
SIGLEC8,34
SIRPG,34
SLC25A36,34
SLC6A20,34
SLC9A2,34
SLC9A8,34
SMIM20,34
SNX31,34
SORD,34
SPRY4,34
SULT1A4,34
SYS1-DBNDD2,34
TAC3,34
TEKT3,34
TENM1,34
TEX35,34
THAP3,34
TIGD3,34
TMEM120B,34
TMEM150B,34
TMEM200A,34
TMEM222,34
TMPRSS5,34
TNFAIP1,34
TNFAIP8L3,34
TOM1L1,34
TSLP,34
TUBA1C,34
TXN,34
UCP3,34
UPB1,34
UPRT,34
USP10,34
VTI1A,34
WDR12,34
ZBTB18,34
ZGLP1,34
ZMYM4,34
ZNF254,34
ZNF446,34
ZNF451,34
ZNF667,34
ZNF792,34
ABCC2,33
ACOT12,33
ACVR2B,33
ADK,33
ADRA2C,33
AFF4,33
AGTRAP,33
AKR1A1,33
ALAD,33
ALKBH6,33
AMD1,33
ANGPTL2,33
ANKRD30B,33
ANLN,33
APOLD1,33
ASAH2,33
ASGR1,33
AZGP1,33
B3GNT5,33
BCAS1,33
BCL7C,33
BCO2,33
BLVRB,33
C17orf58,33
C5orf47,33
CA7,33
CABYR,33
CALHM2,33
CATIP,33
CATSPER4,33
CBX3,33
CCR7,33
CCSER2,33
CD300LG,33
CDCA7L,33
CDH18,33
CELA3A,33
CEP85,33
CGREF1,33
CHODL,33
CLHC1,33
CLN8,33
CMYA5,33
COL19A1,33
COPS7A,33
COX11,33
CPM,33
CPTP,33
CREB1,33
CTSV,33
CYP2S1,33
DCP1B,33
DDRGK1,33
DHX9,33
DIAPH3,33
DMRT2,33
DNMBP,33
DPH2,33
EEF1A1,33
EFNA5,33
EPC1,33
ERI2,33
ESR2,33
ESYT2,33
ETFA,33
ETS2,33
F2,33
FAM219B,33
FAM83E,33
FANCG,33
FOXM1,33
FST,33
GABARAP,33
GABRA6,33
GABRR2,33
GLB1L2,33
GLCE,33
GNL3,33
GNPTAB,33
GPR107,33
GYS1,33
HDAC2,33
HES5,33
HHLA2,33
HMGB1,33
HNF1B,33
HNRNPC,33
HOPX,33
HSP90AA1,33
HSPB6,33
IDH3B,33
IFT52,33
IL12RB1,33
INPP1,33
ITPKA,33
ITPKC,33
KCNH8,33
KCNS3,33
KCTD7,33
KDELR3,33
KDM5A,33
KLHL5,33
KLRG1,33
LEFTY2,33
LIM2,33
LINS1,33
LIPC,33
LNPEP,33
LRRC56,33
LRRC75A,33
LYL1,33
LZTS1,33
MAFA,33
MAP3K8,33
MAP6,33
MESP2,33
MLIP,33
MLX,33
MORN5,33
MPHOSPH8,33
MTR,33
NAA16,33
NAT16,33
NEDD9,33
NKPD1,33
NLRP10,33
NPR3,33
OAZ3,33
OLFML2B,33
OSCP1,33
OTUD5,33
PARG,33
PBRM1,33
PCCB,33
PCYT1A,33
PDK1,33
PDLIM1,33
PHC3,33
PHLDA3,33
PIGV,33
PIM2,33
PITPNB,33
PLCH1,33
PMPCA,33
POLA2,33
PON3,33
PPP1CC,33
PRDM12,33
PROP1,33
PRSS12,33
PSMB10,33
PSMF1,33
PTPN4,33
PTPRG,33
PYGO2,33
QPCT,33
RAB2A,33
RAMP3,33
RDH5,33
RDX,33
RGS9,33
RICTOR,33
RILPL1,33
RING1,33
RNF111,33
RNF208,33
RNF32,33
RS1,33
RSRC2,33
S100A1,33
SACM1L,33
SAMD5,33
SCO2,33
SEH1L,33
SERP2,33
SH2D4A,33
SH3BP5,33
SLC39A6,33
SLC41A2,33
SLC7A9,33
SMAD1,33
SMIM22,33
STON1-GTF2A1L,33
SULT1A3,33
SYNE4,33
SYT14,33
TACR1,33
TAF6L,33
TARS2,33
TBCEL,33
TFCP2L1,33
TM7SF3,33
TMC1,33
TMCC3,33
TMEM164,33
TMIGD3,33
TOB2,33
TPSB2,33
TRIM26,33
TRIM27,33
TRIM54,33
TRIM62,33
TRIM73,33
TSPAN2,33
TULP2,33
TWIST1,33
TXNDC15,33
UAP1L1,33
UGP2,33
USP37,33
USP42,33
VASN,33
VENTX,33
VRK1,33
VSIG2,33
WLS,33
WNT3A,33
ZDHHC24,33
ZFYVE1,33
ZNF181,33
ZNF320,33
ZNF414,33
ZNF761,33
ZNF776,33
ZNFX1,33
A2M,32
ABCB11,32
ABHD16B,32
ABHD17C,32
ABL1,32
ACKR1,32
ACKR3,32
ADAMTS8,32
ADCY8,32
ADRM1,32
AMBP,32
ANKK1,32
ANKRD18B,32
ANKRD30BL,32
ANKRD53,32
ANO3,32
ANOS1,32
APOBEC3D,32
ARFIP1,32
ARHGEF38,32
ARMCX2,32
ARSA,32
ART5,32
ATP6V0B,32
AXDND1,32
B4GALT2,32
BAZ1A,32
BHLHE40,32
BIVM,32
BTG2,32
BTN2A1,32
BUB1B,32
C1QL4,32
C1QTNF9,32
C2orf72,32
C5orf24,32
CACNG6,32
CAMKK1,32
CAPN14,32
CARNS1,32
CCBE1,32
CCDC137,32
CCNE2,32
CD226,32
CDC42SE1,32
CDS2,32
CEBPB,32
CISD1,32
CLCA2,32
CLOCK,32
CLUL1,32
CMKLR1,32
CMSS1,32
COL26A1,32
CRHBP,32
CRIP3,32
CSNK1A1,32
CSRP2,32
CTNNA3,32
CTSF,32
CXADR,32
CYP21A2,32
CYP39A1,32
DDIT4,32
DEXI,32
DNTTIP1,32
DRD4,32
DTHD1,32
DTNBP1,32
ECSIT,32
EDC3,32
ELAVL3,32
EMC6,32
EOGT,32
EPX,32
F11,32
FAM135A,32
FAM181A,32
FAM20B,32
FAM86B2,32
FEM1B,32
FMNL2,32
FMO1,32
FOXH1,32
GATA6,32
GJA5,32
GMPPB,32
GNA14,32
GNLY,32
GNPAT,32
GPR137B,32
GPT2,32
GRAMD1C,32
GRIN2D,32
GRM5,32
GSTO2,32
GSTP1,32
HAAO,32
HAX1,32
HBA2,32
HCFC1R1,32
HIF1AN,32
HK2,32
HLA-F,32
HMGN2,32
HSBP1L1,32
HSD17B10,32
IKZF2,32
IQCH,32
IRF2BP2,32
IRX1,32
ITGA4,32
ITGA8,32
KCNC2,32
KCNH6,32
KCNJ11,32
KCNK2,32
KIF16B,32
KIF2C,32
KLC3,32
KLF4,32
LCTL,32
LDHA,32
LGALS1,32
LRRC4,32
LRRN4CL,32
LTA4H,32
LUZP1,32
LY6G5C,32
LYN,32
LYRM4,32
MAGIX,32
MALRD1,32
MAN1A2,32
MCMBP,32
MFSD8,32
MIPEP,32
MLEC,32
MLYCD,32
MMP19,32
MTAP,32
MTMR12,32
MYOCD,32
N4BP2,32
NAGS,32
NAT10,32
NEFH,32
NGFR,32
NOL10,32
NPAT,32
NRIP1,32
NT5C3A,32
NTN4,32
NUB1,32
NUP205,32
NXNL2,32
OLFML2A,32
OSGEP,32
PDXP,32
PEX14,32
PHF3,32
PHLDA2,32
PID1,32
PIGT,32
PILRB,32
PLBD1,32
PLEKHH2,32
PLSCR1,32
PNPO,32
POMK,32
PREB,32
PRMT2,32
PRODH2,32
PRPF6,32
PRR3,32
PRSS3,32
PRTG,32
PSME1,32
RAB25,32
RASGEF1B,32
RELL2,32
RFPL3S,32
RHEB,32
RHPN2,32
RNF8,32
RPGRIP1,32
SAMSN1,32
SCAF1,32
SCAMP1,32
SCAMP3,32
SCGB2B2,32
SCGB3A1,32
SEL1L,32
SERPINA12,32
SERPINB1,32
SERPINB2,32
SFTPB,32
SH3BGRL3,32
SH3RF1,32
SLC24A2,32
SLC29A3,32
SLC30A10,32
SNX27,32
SPAG6,32
SPATA22,32
SPATA6,32
SS18L2,32
SSU72,32
STT3B,32
STX16,32
SUPT4H1,32
SV2C,32
SWI5,32
SYDE1,32
TBC1D23,32
TCP10L,32
THSD7A,32
TMEM100,32
TMEM62,32
TNFRSF9,32
TNPO1,32
TRAPPC2L,32
TRIB1,32
TRIM22,32
TRIM69,32
TRMT11,32
TROAP,32
TSHZ2,32
TUSC3,32
UBL7,32
UBN2,32
VPS33B,32
VPS37B,32
WDR26,32
YIF1B,32
YPEL4,32
ZBTB22,32
ZBTB42,32
ZFP90,32
ZFR,32
ZNF205,32
ZNF410,32
ZNF500,32
ZNF567,32
ZNF683,32
ABL2,31
ACTC1,31
AGTR1,31
ALKBH7,31
ALPK3,31
ANKRD30A,31
APAF1,31
APOO,31
ARHGEF6,31
ARL10,31
ASH1L,31
ATG2B,31
ATIC,31
BCL2L13,31
BCL2L2-PABPN1,31
BCL7B,31
BHMT2,31
BLNK,31
BOLA3,31
BPIFA2,31
BTN2A2,31
C1orf94,31
C20orf202,31
CA1,31
CACUL1,31
CARD8,31
CASC3,31
CCDC9,31
CCNJL,31
CCT2,31
CCT3,31
CD101,31
CD300LF,31
CD99L2,31
CDC25A,31
CDH22,31
CEACAM6,31
CENPM,31
CERS3,31
CFAP97,31
CHDH,31
CHMP6,31
CHRNA10,31
CHRNG,31
CIB2,31
CIB4,31
CKM,31
CLCF1,31
CLCN3,31
CLCN4,31
CLDN10,31
CLSPN,31
CMC1,31
CMTM7,31
CNNM4,31
COASY,31
CP,31
CPD,31
CPNE3,31
CTNNAL1,31
CTPS2,31
CYB5D1,31
DAG1,31
DDX39A,31
DENND4C,31
DHRS7,31
DHX35,31
DIO2,31
DKK2,31
DNAJC21,31
DNER,31
DTL,31
DUSP16,31
DYM,31
E2F5,31
EFHD2,31
EIF1AD,31
EIF2B5,31
EMB,31
ENC1,31
ENOX1,31
ENTPD1,31
ERI1,31
ESCO2,31
EVI5,31
EVPLL,31
FAM227A,31
FAM98A,31
FANCM,31
FGD6,31
FNBP4,31
FTCDNL1,31
GABRB1,31
GALNT11,31
GAPVD1,31
GGH,31
GINS1,31
GLP2R,31
GMPR,31
GNA15,31
GNGT2,31
GPANK1,31
GPBAR1,31
GPR160,31
GPR89A,31
GRB2,31
GTF2F1,31
HMBOX1,31
HNRNPLL,31
HOXB2,31
HPGD,31
HSH2D,31
HSPA12B,31
ICAM4,31
IK,31
IQCF3,31
ITGB6,31
JUNB,31
KCNMB2,31
KCTD11,31
KCTD9,31
KDELR1,31
KIAA1328,31
KLK10,31
KSR2,31
LGR4,31
LHFPL3,31
LMAN2L,31
LRRC18,31
MAP3K7CL,31
MCM5,31
MDM1,31
MFF,31
MIEF1,31
MKX,31
MORC4,31
MOXD1,31
MROH7-TTC4,31
MYD88,31
MYSM1,31
N4BP2L1,31
NBPF19,31
NBR1,31
NET1,31
NME2,31
NOP56,31
NPTX2,31
NRG4,31
NT5DC1,31
NTN1,31
NUDT8,31
OPA3,31
OPCML,31
OS9,31
OSMR,31
PCF11,31
PCTP,31
PDCD1,31
PDZD8,31
PFDN6,31
PFKFB1,31
PGK1,31
PHF13,31
PIK3CA,31
PIM1,31
PIM3,31
PLS1,31
PLS3,31
PNPLA8,31
PPCS,31
PPDPF,31
PPME1,31
PPP2R5E,31
PRH1,31
PROCR,31
PRPF19,31
PRR16,31
PSEN1,31
PSME4,31
PXK,31
QRICH1,31
R3HCC1,31
RAB4B-EGLN2,31
RAB7B,31
RAET1L,31
RAMP2,31
RANBP9,31
RBBP6,31
RBP1,31
RCAN3,31
RCOR1,31
REN,31
RFX5,31
RFX7,31
RILP,31
RNPEP,31
ROCK1,31
RP1L1,31
RRP36,31
RRP9,31
RUNX2,31
RYK,31
SACS,31
SAMD12,31
SERPINB7,31
SERPINI1,31
SHISA4,31
SKP2,31
SLC19A3,31
SLC25A38,31
SLC25A44,31
SLC2A2,31
SLC38A11,31
SLC5A5,31
SLC6A2,31
SLFNL1,31
SNRNP40,31
SNX22,31
SPACA5,31
SS18,31
STRA8,31
SYNJ1,31
SYPL2,31
TBC1D2,31
TBX10,31
TBX19,31
TBX2,31
TBX22,31
TC2N,31
TCP1,31
TCP11L2,31
TEKT5,31
TMEFF2,31
TMEM232,31
TMEM38A,31
TNFRSF10A,31
TNFRSF8,31
TOR2A,31
TRAPPC1,31
TRAPPC11,31
TRAPPC13,31
TRERF1,31
TRIM16,31
TRIM68,31
TRMT112,31
TRNT1,31
TRPV4,31
TUBB2A,31
U2SURP,31
UAP1,31
USP33,31
VCL,31
VPS35,31
WDR41,31
WDR74,31
WEE1,31
WFDC3,31
WRN,31
XRN1,31
ZNF106,31
ZNF135,31
ZNF415,31
ZNF544,31
ZNF596,31
ZNF610,31
ZNF641,31
ZNF706,31
ABHD1,30
ACP2,30
ACYP2,30
ADGRG5,30
ADM,30
AFF2,30
AGAP4,30
AKAP10,30
ALB,30
ALG5,30
ANKRD16,30
ANXA8,30
APOE,30
ARHGAP20,30
ARHGAP31,30
ARMCX4,30
ARNT,30
B3GNT8,30
BAIAP2L1,30
BBS4,30
BNIPL,30
C16orf89,30
C1QL1,30
C2orf81,30
CABP7,30
CACNG8,30
CADM2,30
CADM3,30
CASD1,30
CATSPERD,30
CCDC18,30
CCDC38,30
CCDC85A,30
CCDC97,30
CCNYL1,30
CCSER1,30
CD53,30
CDC42EP4,30
CEACAM18,30
CEP290,30
CFAP161,30
CHRNA3,30
CHSY3,30
CIDEA,30
CLDN7,30
CLDND1,30
CMPK2,30
CNTN5,30
CNTNAP4,30
COPS3,30
COPS5,30
COX4I1,30
CPEB3,30
CXCR4,30
DCAF12,30
DCUN1D1,30
DDAH2,30
DDX6,30
DDX60,30
DENND1B,30
DESI1,30
DHX36,30
DNAH7,30
DPY19L3,30
DRG1,30
DUSP18,30
DUSP4,30
ECT2,30
EDEM1,30
EDN2,30
EFCAB14,30
EFR3A,30
ELMOD2,30
EMP2,30
ENO4,30
ERAS,30
EXOC6B,30
FAM25A,30
FAM3D,30
FANCD2OS,30
FBXW10,30
FCGR1A,30
FCRL2,30
FER1L5,30
FGFBP2,30
FYTTD1,30
FZD10,30
G3BP1,30
GDE1,30
GFY,30
GGNBP2,30
GGT6,30
GLMN,30
GNG8,30
GOLGA8M,30
GOLM1,30
GPAT3,30
GPATCH8,30
HACE1,30
HCRTR1,30
HEATR5A,30
HEY2,30
HGF,30
HIVEP2,30
HLA-B,30
HLA-DQB1,30
HMOX2,30
HNRNPA1L2,30
HP1BP3,30
HS3ST4,30
HS6ST2,30
HSPA1L,30
IFT20,30
IL10RB,30
IL17RE,30
INHBB,30
INSIG1,30
INSIG2,30
INTS5,30
INTU,30
IPO8,30
ITGA1,30
ITGAD,30
KCNG3,30
KCNK5,30
KCTD6,30
KIAA1549L,30
KLHL13,30
KLK14,30
KPNA4,30
KRTDAP,30
KY,30
LACRT,30
LAMB4,30
LCMT1,30
LMAN2,30
LRRN2,30
MGST3,30
MMAA,30
MTMR2,30
MYL12A,30
MZF1,30
NCAM2,30
NCBP2L,30
NEURL2,30
NEXN,30
NFX1,30
NGLY1,30
NKX3-2,30
NME3,30
NOD1,30
NPM3,30
NR2C1,30
NRSN2,30
NSUN4,30
NUP88,30
OLFM3,30
OTOP1,30
OVCH1,30
P2RY8,30
PAPPA,30
PAQR7,30
PCSK2,30
PCSK5,30
PDCD4,30
PDLIM3,30
PDZK1,30
PEX1,30
PGM5,30
PGPEP1,30
PHF14,30
PLEKHM3,30
POLR3C,30
PPIH,30
PPP1R3F,30
PPP3CC,30
PPP4R4,30
PRDM7,30
PSMG4,30
PTCHD1,30
PTPN20,30
PWWP2A,30
RAB3GAP1,30
RALYL,30
RAPSN,30
RARRES1,30
RBBP8,30
RC3H1,30
RNF138,30
RSAD2,30
RSBN1L,30
RTF1,30
SALL4,30
SCN7A,30
SERPINA10,30
SH2D7,30
SHCBP1,30
SHE,30
SIGLEC6,30
SIRPA,30
SIRPD,30
SLAMF8,30
SLAMF9,30
SLC46A1,30
SLC6A19,30
SLX1A,30
SNCA,30
SPSB2,30
SSNA1,30
STEAP3,30
STRADB,30
SYNCRIP,30
TADA3,30
TAMM41,30
TCF19,30
TCP11L1,30
TEC,30
TES,30
TGFBR1,30
THOC7,30
THRAP3,30
TLX1,30
TMED3,30
TMEM109,30
TMEM138,30
TMEM255A,30
TMEM65,30
TMEM97,30
TRAK2,30
TRIB3,30
TRIP4,30
TTI1,30
TTK,30
TYW3,30
UBR1,30
UPK3B,30
VDAC3,30
VWA8,30
YTHDC2,30
ZBTB1,30
ZDHHC2,30
ZDHHC23,30
ZEB1,30
ZHX1-C8orf76,30
ZNF142,30
ZNF143,30
ZNF160,30
ZNF263,30
ZNF341,30
ZNF578,30
ZNF623,30
ZNF644,30
ZNF70,30
ZNF736,30
ABTB2,29
ACAA2,29
ACAD11,29
ACCSL,29
ACOT9,29
ACP1,29
ADAMTS19,29
ADGRF5,29
ADNP,29
AHCTF1,29
AMMECR1,29
AMMECR1L,29
ANAPC15,29
ARHGAP12,29
ARID3C,29
ARIH1,29
ART3,29
ATAD1,29
ATAD2,29
ATP11B,29
AZU1,29
BET1L,29
BLMH,29
BORCS8,29
BRINP3,29
CA5B,29
CALCA,29
CALML6,29
CAPZA1,29
CBX5,29
CCDC6,29
CCDC68,29
CCDC77,29
CCDC81,29
CD163L1,29
CD1D,29
CD2BP2,29
CD47,29
CDC123,29
CDC6,29
CETN2,29
CHRNB4,29
CIART,29
CISH,29
CREB3,29
CT62,29
CX3CL1,29
CYTIP,29
DCAF6,29
DCAF7,29
DCXR,29
DDX4,29
DHTKD1,29
DHX15,29
DNAJC24,29
DNM1L,29
DPH7,29
DPP8,29
EED,29
EFCAB13,29
EFCC1,29
EIF3G,29
EPHA8,29
EPOR,29
EYA3,29
FAN1,29
FBXW11,29
FCRL4,29
FGF23,29
FIBP,29
FOXF1,29
FOXL1,29
FREM2,29
FXYD7,29
FYCO1,29
GAD2,29
GBP1,29
GFM1,29
GGPS1,29
GGTLC1,29
GNG3,29
GNG7,29
GPATCH2L,29
GPN2,29
GPR176,29
GPR68,29
GPRIN2,29
GRXCR2,29
GSTM4,29
GTF2IRD2,29
GTSF1,29
GYG2,29
GZF1,29
H6PD,29
HADHB,29
HNRNPA2B1,29
HNRNPDL,29
HOOK3,29
HPCAL4,29
HPD,29
HRH2,29
HS3ST5,29
HSD17B7,29
HSD3B7,29
HTR5A,29
ICAM1,29
IL13,29
IL17RA,29
IP6K3,29
IPPK,29
ITCH,29
ITIH6,29
JMJD6,29
JPH2,29
KCNE3,29
KCNMB4,29
KIRREL2,29
KLC2,29
KLHL30,29
KLHL7,29
LDHB,29
LHX8,29
LILRA5,29
LPL,29
LRCH1,29
LRCOL1,29
LSM14B,29
LYPD6,29
MAGEA11,29
MANBA,29
MAP6D1,29
MED13,29
MED6,29
MEMO1,29
METAP1,29
MGST1,29
MOG,29
MOGAT3,29
MPP7,29
MSH6,29
MSR1,29
MYO3B,29
NAA10,29
NAA50,29
NAE1,29
NANS,29
NBPF11,29
NDUFA10,29
NDUFV3,29
NEMP1,29
NIFK,29
NKAIN3,29
NKIRAS1,29
NPM1,29
NPTN,29
NUCB1,29
NUP58,29
OPN5,29
OPRK1,29
OTP,29
OTUD3,29
PCP2,29
PDE3B,29
PDE6D,29
PET100,29
PGC,29
PHEX,29
PKHD1L1,29
PKIG,29
PLAC1,29
PLAC9,29
PLCZ1,29
PLEKHG7,29
PLIN3,29
POLD3,29
POLL,29
PPEF1,29
PRB2,29
PRPF3,29
PSMC2,29
PVR,29
QTRT1,29
RAI2,29
RANGAP1,29
RAP1GDS1,29
RB1CC1,29
RBL2,29
RFX8,29
RIC8B,29
RNF149,29
RNF34,29
RNMT,29
RPP21,29
RPP25,29
RRAS2,29
RTN4RL2,29
SALL2,29
SCGB1A1,29
SCN2A,29
SEC22A,29
SEC63,29
SF3B4,29
SGCD,29
SH3PXD2B,29
SLC22A15,29
SLC24A3,29
SLC25A1,29
SLC2A4,29
SLC35C1,29
SLC38A4,29
SLC4A4,29
SMPD1,29
SNPH,29
SNRPN,29
SNTB1,29
SOD3,29
SPATA32,29
SPATA33,29
SPIRE1,29
SRD5A3,29
SREK1,29
SRRD,29
SRSF5,29
ST6GAL2,29
SULT1C2,29
TACR2,29
TBRG1,29
TBX15,29
TEX9,29
THY1,29
TMEM147,29
TMEM161B,29
TMEM171,29
TMEM177,29
TMEM198,29
TMEM218,29
TMOD3,29
TNFRSF10D,29
TRIM67,29
TRPC3,29
TSC22D2,29
TSGA10,29
TXNDC12,29
TXNL4A,29
UBFD1,29
UGGT1,29
UGGT2,29
UMOD,29
UNC5B,29
USP44,29
WAPL,29
YPEL5,29
ZBTB44,29
ZFP36L2,29
ZHX1,29
ZNF148,29
ZNF41,29
ZNF691,29
ZNF703,29
ZNF746,29
ZNF853,29
ABCA5,28
ABCG8,28
ADAMTS3,28
ADGB,28
ADGRE2,28
ADGRG2,28
AK4,28
AKR1C3,28
AKR1D1,28
AKTIP,28
ALDH7A1,28
ANKRD33B,28
ANKUB1,28
AP1S1,28
AP4S1,28
APCDD1L,28
ARPC4,28
ASPHD2,28
ATF2,28
BICD1,28
BMX,28
BZW1,28
C15orf62,28
C19orf33,28
C6orf62,28
CACNG4,28
CCDC141,28
CCDC22,28
CCDC50,28
CCNK,28
CD7,28
CDSN,28
CEND1,28
CEP70,28
CFP,28
CHIC2,28
CKS1B,28
CLDN9,28
CLK4,28
CMAS,28
COMMD6,28
COPS8,28
CPOX,28
CR2,28
CSPG4,28
CTAG2,28
CTSC,28
CTSK,28
CUL1,28
CYP24A1,28
CYP27C1,28
DCDC1,28
DCLK2,28
DCLK3,28
DDHD2,28
DDX24,28
DDX25,28
DDX31,28
DDX59,28
DEGS2,28
DNAJB13,28
DNAJC10,28
DNM3,28
DRICH1,28
DSTN,28
DYNC2H1,28
DYNLL1,28
EGLN1,28
EIF3H,28
EIF4H,28
EIF5,28
ELMOD1,28
EMC9,28
EPHA6,28
ERMAP,28
ETF1,28
EXOSC2,28
FABP6,28
FAM110C,28
FAM210A,28
FAM83A,28
FAM90A26,28
FBXO36,28
FCRL3,28
FGF12,28
FIP1L1,28
FNDC3A,28
FUBP1,28
FUT1,28
GAL3ST2,28
GALK1,28
GATAD1,28
GBE1,28
GCNT4,28
GCSAML,28
GDF5,28
GFOD2,28
GLCCI1,28
GLT8D1,28
GPR153,28
GPRASP1,28
GPRASP2,28
GRM1,28
GSTM5,28
GSTT2B,28
GTF2F2,28
HADHA,28
HAVCR2,28
HCN1,28
HEATR3,28
HOOK1,28
HUNK,28
HVCN1,28
ICE2,28
IL17RB,28
IL6ST,28
IQCC,28
IVNS1ABP,28
JOSD1,28
KCNE5,28
KCNJ3,28
KDSR,28
KIAA1210,28
KIF23,28
KLHL32,28
LARP7,28
LETM2,28
LMAN1,28
LONRF3,28
LPCAT3,28
LRPAP1,28
LRRC2,28
LRRC20,28
LSS,28
LUC7L3,28
LYPD4,28
MAP2K4,28
MBD3L1,28
MCM3,28
METAP1D,28
METTL17,28
METTL2B,28
MIEF2,28
MRGBP,28
MSC,28
MTHFD2,28
NAPEPLD,28
NBPF10,28
NGF,28
NHLH1,28
NKG7,28
NPIPA7,28
NSMCE2,28
NSUN7,28
NUP107,28
NYAP2,28
OBP2A,28
OPN3,28
ORAI2,28
OVOL2,28
PAXBP1,28
PDHA1,28
PFDN2,28
PIAS2,28
PIK3C2G,28
PLAG1,28
PLEKHB2,28
PLEKHD1,28
PLEKHF2,28
PLK2,28
PLLP,28
PM20D2,28
POM121,28
PPP1R3G,28
PPP1R9A,28
PPWD1,28
PRDX4,28
PRDX5,28
PRELID3A,28
PRKAR2A,28
PRLHR,28
PRTN3,28
PSG5,28
PTCH2,28
PTPN9,28
PTPRB,28
PUM2,28
PUS1,28
RAB11FIP2,28
RAB12,28
RAB21,28
RAB6B,28
RAD21,28
RAET1G,28
RAP2C,28
RBM45,28
RBSN,28
RCC2,28
RGL1,28
RGPD5,28
RHBDD2,28
S100PBP,28
SAT2,28
SBSPON,28
SDCBP,28
SEC22C,28
SERBP1,28
SFXN1,28
SH3GLB1,28
SIRPB2,28
SKOR2,28
SLC16A7,28
SLC25A14,28
SLC25A27,28
SLC25A32,28
SLC37A4,28
SLC39A8,28
SLC46A2,28
SLCO5A1,28
SMCO2,28
SNAP23,28
SOCS6,28
SPATA7,28
SPRY2,28
SRGAP2B,28
SSX2IP,28
STRN3,28
SUPT16H,28
TAF8,28
TBC1D20,28
TBL2,28
TEKT4,28
TFF3,28
TGM3,28
THNSL1,28
THOC3,28
THUMPD2,28
TMBIM6,28
TMEM139,28
TMEM144,28
TMEM50A,28
TMIGD2,28
TNF,28
TOX4,28
TP53BP2,28
TPRX1,28
TPSD1,28
TPTE2,28
TRAPPC8,28
TREM1,28
TRIM52,28
TSPAN12,28
UBE2L6,28
UNC13C,28
USP6,28
VDAC2,28
VEZT,28
VIM,28
WFIKKN2,28
WRNIP1,28
ZACN,28
ZBTB14,28
ZC4H2,28
ZCWPW2,28
ZDHHC6,28
ZFAND2A,28
ZFAND6,28
ZNF268,28
ZNF275,28
ZNF550,28
ZNF721,28
ZNF778,28
ZNF841,28
ZPR1,28
ZSCAN10,28
ZSWIM4,28
ABCB10,27
ABCG5,27
ACSBG2,27
ACSM1,27
ADAM9,27
ADAMTS1,27
ADCK5,27
ADIPOR1,27
ALKBH3,27
AMIGO3,27
ANKRD20A1,27
ARHGAP29,27
ARID5B,27
ARL6IP6,27
ARMC7,27
ARPC1A,27
ASB5,27
ASB7,27
ATF7,27
ATG4A,27
ATP13A5,27
ATP6AP1L,27
ATP6V1A,27
BMI1,27
BOLA1,27
BRMS1,27
BTN3A3,27
BUD13,27
C11orf68,27
C12orf76,27
C14orf39,27
C3orf52,27
C8A,27
C8orf74,27
CCDC102B,27
CCDC180,27
CCDC66,27
CCL19,27
CCL25,27
CCNB3,27
CCZ1,27
CD37,27
CD4,27
CD40,27
CDC42SE2,27
CDKL1,27
CEACAM19,27
CEP120,27
CEP76,27
CFAP20,27
CFAP57,27
CHCHD7,27
CHMP5,27
CHRNA9,27
CHST11,27
CHST12,27
CLIC6,27
CLTB,27
CMTM5,27
CNGA4,27
COL3A1,27
CPNE9,27
CYP4F22,27
DAP3,27
DCHS2,27
DDA1,27
DDX50,27
DENND4A,27
DHODH,27
DLEU7,27
DLX1,27
DMRT3,27
DYDC1,27
E2F2,27
EDA2R,27
EIF4EBP1,27
EIF5B,27
ENPP3,27
EPC2,27
FAAH2,27
FABP5,27
FAM110B,27
FAM76B,27
FAR1,27
FAXC,27
FBXL20,27
FCAMR,27
FCGBP,27
FKRP,27
FPGT-TNNI3K,27
FSIP1,27
GAB3,27
GABRG2,27
GALNT12,27
GATA5,27
GDF7,27
GIPC2,27
GJB2,27
GLRX3,27
GNG5,27
GNS,27
GORAB,27
GRHL1,27
HBS1L,27
HCN2,27
HEATR6,27
HEPACAM,27
HES7,27
HINT2,27
HLA-DMB,27
HLA-DOA,27
HMCES,27
HMGXB4,27
HMOX1,27
HOMEZ,27
HSPB9,27
ICA1L,27
IL5RA,27
INCENP,27
IRX6,27
JADE1,27
JKAMP,27
KBTBD2,27
KCNK12,27
KHDC1,27
KIN,27
KLF10,27
KLF5,27
KRT6A,27
LARP1B,27
LGI3,27
LRAT,27
LRP11,27
LRP12,27
LRRC9,27
LRTM1,27
LYPD1,27
MAD2L1BP,27
MAFF,27
MAP3K1,27
MCCC1,27
MDH1,27
MEDAG,27
METTL25,27
MID2,27
MIER1,27
MIPOL1,27
MLLT11,27
MORC3,27
MPL,27
MRGPRF,27
MRM1,27
MS4A1,27
MT1G,27
MTF2,27
MTHFD2L,27
MZT2A,27
NAGPA,27
NCKAP1,27
NCMAP,27
NDFIP2,27
NDUFA3,27
NELFB,27
NFKBIL1,27
NIPAL2,27
NKAIN1,27
NLRP2,27
NOL9,27
NPPC,27
NRK,27
NXPH1,27
OARD1,27
OTUB2,27
OTUD4,27
PAQR8,27
PARP15,27
PCDH9,27
PDE7B,27
PDGFD,27
PDZRN4,27
PENK,27
PGAP1,27
PHF2,27
PLA2G10,27
PLAUR,27
PNRC2,27
POLR1B,27
PPP2R2D,27
PRDM4,27
PRDX6,27
PRKACB,27
PUDP,27
PXDNL,27
RABAC1,27
RALGPS2,27
RAP1B,27
RBP4,27
REL,27
RFC4,27
RGS9BP,27
S100A6,27
S1PR4,27
SASH3,27
SBSN,27
SCAF4,27
SCAI,27
SCIN,27
SENP8,27
SERPING1,27
SERTAD3,27
SETD1B,27
SETDB1,27
SH2D5,27
SH3GL3,27
SIRT3,27
SLAIN1,27
SLC35F2,27
SLX1B,27
SMAD9,27
SMC3,27
SMPD2,27
SNRPD3,27
SNUPN,27
SNX11,27
SOX30,27
SPAG1,27
SPECC1L,27
SPG21,27
SSC4D,27
STAC,27
STEAP2,27
STK16,27
STK4,27
STXBP3,27
SURF1,27
SWAP70,27
SYNC,27
TEX22,27
TFAP2D,27
TFB1M,27
TIAL1,27
TIMM13,27
TLR2,27
TM2D3,27
TM6SF1,27
TMCO6,27
TMEM117,27
TMEM154,27
TMEM243,27
TMEM52B,27
TMEM82,27
TNFAIP3,27
TNN,27
TPBGL,27
TPST1,27
TREX2,27
TRIM21,27
TRIM39,27
TRIM46,27
TRIM55,27
TTC13,27
TWIST2,27
UBE2D4,27
UBE3D,27
USP18,27
VMO1,27
WDFY2,27
WDR48,27
WDR54,27
WNT2,27
YIPF3,27
YWHAB,27
YWHAH,27
ZBBX,27
ZBED4,27
ZDHHC17,27
ZDHHC19,27
ZDHHC20,27
ZFAND2B,27
ZFPL1,27
ZFX,27
ZKSCAN7,27
ZMYM1,27
ZNF239,27
ZNF317,27
ZNF517,27
ZNF524,27
ZNF652,27
ZNF740,27
ZNF773,27
ZSCAN32,27
A3GALT2,26
ABCC9,26
ABHD6,26
ACAT1,26
ACTA1,26
ACTA2,26
ADAMTS5,26
ADNP2,26
AEBP2,26
AGO4,26
AIG1,26
AKAP17A,26
ALDH1A1,26
ANKHD1-EIF4EBP3,26
ANKRD39,26
ANXA3,26
AP3M2,26
AP4B1,26
APC,26
APOBEC3G,26
ARG2,26
ARL16,26
ARRDC3,26
ASH2L,26
ATG10,26
ATP10D,26
ATP6V0E2,26
ATP9A,26
AWAT2,26
B3GALNT2,26
BIN2,26
BNC1,26
BNIP1,26
BOK,26
C19orf38,26
C1QC,26
C1orf210,26
CALCR,26
CCDC175,26
CCDC47,26
CCDC71,26
CCNG2,26
CCP110,26
CD3D,26
CD46,26
CEP89,26
CGNL1,26
CLDN11,26
CLEC2L,26
CLIC1,26
CNOT6L,26
CNTN1,26
COCH,26
COQ9,26
CORO2A,26
CR1L,26
CRBN,26
CSNK2B,26
CST3,26
CWF19L1,26
CYC1,26
CYP2A13,26
CYSTM1,26
DACH1,26
DDX3Y,26
DENND2C,26
DENND6A,26
DGKE,26
DHDDS,26
DHX16,26
DNASE1L3,26
DPH6,26
DPT,26
DTD1,26
DUSP1,26
DUSP14,26
EFCAB11,26
EGR1,26
EIF2AK1,26
ELOVL6,26
EMC8,26
EML5,26
ENOPH1,26
ERCC8,26
EXOSC5,26
FAM156B,26
FAM78B,26
FAM90A1,26
FBXL2,26
FBXO42,26
FCGRT,26
FGFR1OP2,26
FILIP1L,26
FOS,26
FXYD4,26
GABRA2,26
GAS2L3,26
GBGT1,26
GCFC2,26
GDPGP1,26
GEMIN8,26
GLDN,26
GLIS2,26
GLT1D1,26
GOLGA6L9,26
GOLGA7,26
GPATCH1,26
GRPEL1,26
HAS3,26
HCG27,26
HNF4G,26
HPS3,26
HSP90AB1,26
HSPA9,26
HSPBAP1,26
HYI,26
ICAM2,26
IER5L,26
IFIH1,26
IFIT3,26
IFT46,26
IGFBP5,26
IGSF5,26
IL2RA,26
IMMP2L,26
INSRR,26
INTS4,26
IP6K1,26
IPO9,26
ITGB1BP2,26
ITLN2,26
ITM2A,26
KCNK17,26
KLHDC3,26
KLHDC9,26
KRCC1,26
LAMTOR4,26
LAP3,26
LHFPL4,26
LRRC14B,26
LRRC73,26
LSMEM2,26
LY75-CD302,26
MAFB,26
MAGEB1,26
MAP7D2,26
MCMDC2,26
MCOLN2,26
METTL23,26
MFAP5,26
MLKL,26
MSH2,26
MYBPH,26
MYH15,26
NDNF,26
NDUFAF7,26
NDUFS6,26
NEK10,26
NFRKB,26
NFXL1,26
NLK,26
NME7,26
NOG,26
NOX5,26
NPB,26
NPC1L1,26
NPIPB11,26
NPIPB6,26
NR1D1,26
NR1D2,26
NSMCE4A,26
NT5C3B,26
NUDT21,26
OBP2B,26
OCIAD2,26
OST4,26
OTUD7A,26
OXTR,26
P2RX4,26
P4HA3,26
PANK2,26
PARP2,26
PCGF1,26
PDCD5,26
PDK4,26
PDS5A,26
PGRMC2,26
PHGR1,26
PHTF1,26
PIK3R4,26
PLD5,26
PLEKHA3,26
PLEKHA8,26
PNMA5,26
POLK,26
POPDC2,26
POT1,26
PPIL3,26
PPP1R42,26
PRDM10,26
PRDM14,26
PRIMA1,26
PRKCA,26
PRMT5,26
PRR14L,26
PRR7,26
PRRT4,26
PSENEN,26
PSMD14,26
PTPRC,26
PYROXD1,26
QPCTL,26
RAB1A,26
RAB36,26
RASD2,26
RASSF3,26
RBMY1J,26
RETSAT,26
RFC5,26
RHOT1,26
RIBC2,26
RIF1,26
RMND1,26
RNF175,26
RNF2,26
RNF212B,26
RNFT2,26
RPGR,26
SBK3,26
SCN2B,26
SCP2,26
SCUBE3,26
SDHB,26
SELP,26
SEMA3A,26
SEMA3D,26
SEMA3E,26
SEPHS1,26
SERAC1,26
SESTD1,26
SFXN4,26
SHISA6,26
SHPK,26
SHPRH,26
SIX2,26
SLAIN2,26
SLC18A2,26
SLC1A5,26
SLC2A13,26
SLC35G6,26
SLC36A3,26
SLC44A1,26
SMAD5,26
SMC5,26
SMC6,26
SMURF1,26
SNAI3,26
SOAT2,26
SPATA21,26
SPDYE2B,26
SRSF10,26
SRSF2,26
SUCO,26
SYNM,26
TAX1BP1,26
TBC1D9,26
TBCCD1,26
TBX21,26
TCL1B,26
TDRD3,26
TDRD5,26
TGFBRAP1,26
THBD,26
TIPARP,26
TLCD2,26
TMEM101,26
TMEM106C,26
TMEM121,26
TMEM217,26
TMEM231,26
TMEM39B,26
TMEM87A,26
TMX3,26
TPPP,26
TPR,26
TPTE,26
TRIM14,26
TRNP1,26
TRUB2,26
TTC9C,26
UBALD1,26
UBE2B,26
UBXN2A,26
UCHL1,26
UGT8,26
UNC79,26
UPF2,26
UQCRC2,26
USE1,26
USP9Y,26
UTS2B,26
VAMP8,26
VAT1L,26
VIPAS39,26
VPS37A,26
VTCN1,26
WNK3,26
ZBTB12,26
ZC3H12D,26
ZC3H15,26
ZFAND1,26
ZFP36,26
ZKSCAN1,26
ZNF112,26
ZNF32,26
ZNF418,26
ZNF576,26
ZNF580,26
ZNF674,26
ZNF865,26
ZPBP,26
ZRANB3,26
ABCA1,25
ABCA6,25
ABHD11,25
ACP5,25
ACTL6A,25
ADAMTS16,25
ADGRL4,25
ADI1,25
ALG11,25
ALYREF,25
ANAPC11,25
ANGPTL7,25
ANKRD12,25
ANKRD2,25
ANKRD34A,25
AP5B1,25
APH1A,25
APOM,25
ARF3,25
ARHGAP11A,25
ARL13A,25
ARL14EP,25
ATP6V1G2,25
B3GALT4,25
BEST1,25
BMP2,25
BOD1L1,25
BOLL,25
BORCS8-MEF2B,25
BPIFB2,25
BTRC,25
C10orf71,25
C10orf88,25
C9orf152,25
CAMSAP2,25
CAND2,25
CAPZA2,25
CBFB,25
CBX2,25
CCDC178,25
CCDC7,25
CCNH,25
CCNI2,25
CCR10,25
CCT5,25
CD1E,25
CD27,25
CD300A,25
CDC73,25
CEACAM4,25
CENPF,25
CEP135,25
CEP57,25
CHKB-CPT1B,25
CHRNA5,25
CLN5,25
COG2,25
CPSF3,25
CXCR6,25
CYB561D1,25
CYP4X1,25
DBH,25
DCAF10,25
DCDC2,25
DCLRE1C,25
DDN,25
DDX60L,25
DHRS4,25
DIP2B,25
DKK1,25
DLK2,25
DNAAF3,25
DOCK3,25
DPM1,25
DUSP28,25
DUSP6,25
EARS2,25
EDEM3,25
EDIL3,25
EFEMP1,25
EIF3J,25
ELANE,25
ELF1,25
EMILIN2,25
EPS15,25
ERAP2,25
EXO1,25
EXOC2,25
F3,25
FAM200A,25
FARSA,25
FBXO5,25
FGF5,25
FHIT,25
FOXD2,25
FOXJ2,25
FRMD7,25
GADD45G,25
GALR1,25
GALR3,25
GALT,25
GAN,25
GEMIN6,25
GID4,25
GLMP,25
GOLIM4,25
GPA33,25
GPD1L,25
GPR3,25
GPR39,25
GREM1,25
GRIA1,25
GRWD1,25
GSC,25
HAND2,25
HCFC2,25
HCN4,25
HHEX,25
HNRNPU,25
HS3ST3A1,25
HSPA8,25
HTR1F,25
ID3,25
IDH2,25
IL12RB2,25
ITGA10,25
KATNA1,25
KCTD16,25
KCTD5,25
KIAA0040,25
KIAA0319,25
KLHL33,25
KLK6,25
LAMTOR2,25
LATS2,25
LDLR,25
LENG9,25
LGR5,25
LIG4,25
LIN7A,25
LOXL4,25
LRRC4C,25
LYRM1,25
MAL,25
MAL2,25
MARVELD1,25
MAT2B,25
MATN4,25
MBIP,25
MED29,25
METTL21A,25
MEX3B,25
MGAT4A,25
MICU1,25
MKRN1,25
MLF1,25
MMD2,25
MMP20,25
MRO,25
MSRA,25
NAB1,25
NEIL2,25
NETO2,25
NEU1,25
NHLH2,25
NLRP6,25
NNAT,25
NSDHL,25
NTPCR,25
NUBP2,25
NXF2,25
OTOA,25
OXER1,25
P2RY11,25
PABPC4L,25
PARK7,25
PCBD1,25
PFDN5,25
PHKG1,25
PHYH,25
PLAC8,25
PLIN2,25
PNISR,25
PNPLA3,25
POGLUT1,25
POPDC3,25
PPA2,25
PPEF2,25
PPIG,25
PROSER2,25
PRPS1,25
PSMD8,25
PTP4A1,25
PTPN14,25
PTPRA,25
QDPR,25
QPRT,25
RAB11A,25
RAB3C,25
RAB5A,25
RAD17,25
RAD18,25
RBM14-RBM4,25
RBM44,25
RBMS2,25
REM1,25
RGCC,25
RGN,25
RGS5,25
RHCG,25
RNF125,25
RNF216,25
RPP30,25
RPUSD3,25
RUFY2,25
S1PR3,25
SAP130,25
SAR1B,25
SCYL2,25
SEMA3C,25
SENP5,25
SERPINA5,25
SLC22A14,25
SLC25A15,25
SLC25A20,25
SLC25A5,25
SLC26A2,25
SLC27A2,25
SLC2A3,25
SLC7A11,25
SLFN13,25
SMARCC1,25
SOCS1,25
SP3,25
SPI1,25
SPRY3,25
STAG1,25
STAT4,25
STK39,25
SUGCT,25
SUN3,25
SUSD6,25
SYP,25
SYT9,25
SYTL4,25
TAF1D,25
TANK,25
TBCA,25
TCEAL8,25
TGFB2,25
THOC1,25
TIA1,25
TM2D2,25
TMEM182,25
TMEM37,25
TMEM50B,25
TMEM87B,25
TMPRSS13,25
TMX4,25
TP63,25
TPT1,25
TRIM24,25
TRIM60,25
TSPAN11,25
TSPAN6,25
TSPAN8,25
TST,25
TUBB4B,25
TUFM,25
TXNDC9,25
UBR7,25
UBXN10,25
UPF3A,25
URAD,25
USP45,25
VMP1,25
VWDE,25
WDR5,25
WDR55,25
WDR70,25
WFDC1,25
WIPF2,25
XIRP2,25
YTHDC1,25
YWHAQ,25
ZBTB11,25
ZBTB24,25
ZBTB32,25
ZC3H11A,25
ZNF182,25
ZNF528,25
ZNF529,25
ZNF585B,25
ZNF599,25
ZNF701,25
ZNF730,25
ZNF765,25
ZNF768,25
ZSWIM6,25
ABHD15,24
ACADSB,24
ACMSD,24
ACOX1,24
ADAM19,24
AK3,24
AKR1B10,24
ALDH6A1,24
ALOX5AP,24
ANKRD36C,24
ANKRD54,24
AP1S2,24
AP5M1,24
AQP4,24
ATF5,24
BAG3,24
BANF1,24
BCL2L1,24
BHLHE41,24
BHMT,24
BICD2,24
BLM,24
BRD7,24
BRWD3,24
BSDC1,24
BTC,24
BTG3,24
BUB3,24
BZW2,24
C12orf57,24
C16orf46,24
C17orf75,24
C1QBP,24
C1orf174,24
C1orf74,24
C2orf80,24
C4BPB,24
CAB39L,24
CAMK1D,24
CAPS2,24
CATSPER3,24
CCDC42,24
CCNDBP1,24
CD164,24
CD300C,24
CD93,24
CDC20,24
CDCP1,24
CDK5R1,24
CDPF1,24
CFAP54,24
CFAP58,24
CHCHD3,24
CIB1,24
CILP,24
CLCN5,24
CLEC4A,24
CNNM1,24
CNOT8,24
COG8,24
COL4A4,24
COL8A1,24
COTL1,24
CPE,24
CRY1,24
CTLA4,24
CTRB1,24
CTTNBP2NL,24
CYP2D6,24
DACT3,24
DHH,24
DHRS13,24
DHRS9,24
DSC2,24
EFHC2,24
EFNB1,24
EIF3I,24
EIF3L,24
EIF4A2,24
EIF4G2,24
EML4,24
ENO1,24
ERICH2,24
ERP27,24
FAM131C,24
FAM169A,24
FAM204A,24
FAM227B,24
FBXO34,24
FCER2,24
FNTA,24
FOLR1,24
G0S2,24
GAPDHS,24
GCSH,24
GDF6,24
GLOD5,24
GLTP,24
GNA13,24
GOLGA4,24
GOLT1A,24
GOT1,24
GPR139,24
GPR37L1,24
GRIA4,24
GRM3,24
GSG1L2,24
GTF2H1,24
GYPA,24
HBG2,24
HDC,24
HEATR5B,24
HEBP2,24
HERPUD1,24
HES1,24
HIPK4,24
HNRNPD,24
HOMER1,24
HS3ST1,24
HTRA3,24
IL10,24
IREB2,24
IRF4,24
ISY1,24
ITGB1BP1,24
ITGBL1,24
ITPKB,24
IWS1,24
KDM7A,24
KIAA2012,24
KIF20A,24
KLF11,24
KLHDC2,24
KLHL38,24
KMO,24
LAYN,24
LETMD1,24
LIN52,24
LINGO4,24
LMO4,24
LPAR1,24
LPXN,24
LRRC59,24
LRRC7,24
LTK,24
LYPD8,24
MATN3,24
MCM10,24
MED22,24
MIF,24
MKRN2,24
MPC1,24
MPHOSPH10,24
MYDGF,24
MYL9,24
NAA40,24
NAAA,24
NBPF14,24
NDFIP1,24
NDUFB11,24
NEK7,24
NEUROD2,24
NID1,24
NKX2-5,24
NPIPA1,24
NRTN,24
NUCKS1,24
NUDT3,24
NUTM2A,24
OGDH,24
OGG1,24
OPALIN,24
P2RY2,24
PARP4,24
PCIF1,24
PDP1,24
PFN2,24
PGAM2,24
PGLS,24
PIGA,24
PIGW,24
PLA2R1,24
PLAA,24
PLAU,24
PMS1,24
POLR2C,24
PPM1B,24
PPP1R3B,24
PPP2R3A,24
PPP2R3C,24
PQBP1,24
PRELID2,24
PREX2,24
PROS1,24
PRR18,24
PSIP1,24
PSMD5,24
PSMD6,24
PTGES2,24
PTGIR,24
RAB38,24
RAB3A,24
RAMP1,24
RARS2,24
RASA2,24
RASD1,24
RCBTB2,24
REM2,24
RHOA,24
RIPK4,24
RMI2,24
RNASEK,24
RPN1,24
RPP25L,24
SCLT1,24
SDAD1,24
SEC14L3,24
SENP1,24
SENP7,24
SHOC2,24
SIT1,24
SKIDA1,24
SLC13A2,24
SLC17A3,24
SLC17A6,24
SLC1A4,24
SLC35E4,24
SLC5A11,24
SLC6A7,24
SLC9B1,24
SMARCA5,24
SMIM23,24
SNF8,24
SOCS5,24
SPATA2L,24
SPDEF,24
SPDYE2,24
SPDYE3,24
SRPRB,24
SUMO3,24
SYNPO2,24
TAF10,24
TAF11,24
TAGAP,24
TBC1D8B,24
TBL1Y,24
TBP,24
TBPL1,24
TEX15,24
TEX38,24
TM9SF2,24
TMEM14B,24
TMEM205,24
TMEM219,24
TMEM263,24
TMEM45A,24
TMEM51,24
TMEM59,24
TMEM74B,24
TMEM9B,24
TMTC2,24
TMUB2,24
TNFSF8,24
TPRG1L,24
TPRXL,24
TRIM33,24
TRIM44,24
TRMT61B,24
TRPC5,24
TRPV5,24
TSTD2,24
TUBB,24
TUBB4A,24
TXNDC17,24
UBE2D1,24
UBE2G1,24
UBXN7,24
UFSP2,24
ULBP2,24
ULK4,24
UNC45B,24
UPP1,24
USP53,24
WDR17,24
WNT16,24
XPR1,24
YES1,24
YTHDF1,24
ZBTB21,24
ZBTB39,24
ZC3H12C,24
ZC3HAV1,24
ZFP91-CNTF,24
ZFR2,24
ZFYVE16,24
ZMYND19,24
ZNF346,24
ZNF592,24
ZNF677,24
ZNF707,24
ZNF808,24
ZNHIT1,24
ABHD12B,23
ABHD14A-ACY1,23
ACER1,23
ACTR3B,23
ADAMTS14,23
ADAT1,23
ADSL,23
AIMP1,23
AMDHD1,23
AMIGO1,23
AP1AR,23
APH1B,23
APOB,23
APOBR,23
AQR,23
ARF5,23
ARL5C,23
ARPC5,23
ARPP19,23
ATCAY,23
ATP6AP1,23
BAG4,23
BFAR,23
BMPR2,23
BNIP3,23
BST2,23
BTBD7,23
C16orf92,23
C18orf54,23
C1GALT1,23
C1QB,23
C1QTNF4,23
CA5A,23
CACNG1,23
CACNG3,23
CALB1,23
CAND1,23
CASP6,23
CAV2,23
CBLN1,23
CCDC17,23
CCDC27,23
CCDC61,23
CCDC63,23
CCDC82,23
CCPG1,23
CCSAP,23
CD24,23
CD40LG,23
CDH7,23
CDKN1A,23
CDKN1C,23
CELA3B,23
CENPK,23
CEP57L1,23
CHMP4A,23
CHPT1,23
CITED2,23
CLPSL1,23
CNFN,23
CNOT7,23
CNPPD1,23
CNPY4,23
COG1,23
COX6B2,23
CRABP1,23
CREB3L2,23
CSH2,23
CSNK1G3,23
CUZD1,23
CX3CR1,23
DDI2,23
DDIAS,23
DDX17,23
DDX46,23
DEF6,23
DEPDC1B,23
DERA,23
DGCR6,23
DHX33,23
DHX57,23
DMGDH,23
DNAJC5B,23
DRAXIN,23
DRC1,23
DSCAM,23
DUSP23,23
DUSP3,23
DXO,23
DYRK3,23
EDARADD,23
EDNRA,23
EEA1,23
EFCAB12,23
ELK4,23
EMC10,23
ETNK1,23
ETNPPL,23
EXOSC6,23
EXOSC8,23
EZR,23
FAM111A,23
FAM228A,23
FBXL8,23
FBXO27,23
FGF16,23
FGF22,23
FMO5,23
FMOD,23
FOXC1,23
FOXC2,23
FRA10AC1,23
FRK,23
FRS2,23
GABRA1,23
GALNT18,23
GCHFR,23
GCNT1,23
GDAP1L1,23
GDAP2,23
GEM,23
GFER,23
GMNC,23
GMPS,23
GOLGA5,23
GOLGA6L6,23
GP2,23
GPCPD1,23
GPN3,23
GSTM3,23
HABP2,23
HACD3,23
HDHD2,23
HERPUD2,23
HMGCS2,23
HNF1A,23
HNRNPA1,23
IFITM2,23
IGFBP7,23
IGFL4,23
IL13RA1,23
IL18RAP,23
IL6,23
IQUB,23
ISCU,23
KCNJ1,23
KCTD13,23
KDM1B,23
KHDRBS1,23
KYNU,23
L3HYPDH,23
LRRC38,23
LRRIQ1,23
LRRN4,23
LSM14A,23
MANEAL,23
MANSC1,23
MCEE,23
MCOLN3,23
MDFIC,23
MED8,23
MMP1,23
MMP24,23
MRGPRE,23
MS4A6A,23
MSL2,23
MTDH,23
MXRA5,23
NAT2,23
NCK1,23
NDUFAF2,23
NECAB1,23
NEDD4,23
NEFM,23
NELFE,23
NFS1,23
NLE1,23
NMB,23
NODAL,23
NOP16,23
NOXA1,23
NPPB,23
NPY1R,23
NSFL1C,23
NUP210L,23
NYX,23
OAS2,23
OCIAD1,23
ORC6,23
OVCH2,23
PABPN1,23
PARD6B,23
PCNA,23
PDCD7,23
PDK3,23
PECR,23
PEX11B,23
PGLYRP3,23
PIGU,23
PIGZ,23
PLK4,23
PLPP5,23
PNMA6A,23
POLR3D,23
POMZP3,23
PPARD,23
PPP1CB,23
PPP1R35,23
PPP1R36,23
PROB1,23
PRR19,23
PRR29,23
PRR34,23
PSMD7,23
PTGER4,23
PTGES3L-AARSD1,23
PURA,23
RAB18,23
RABEP1,23
RAD54L2,23
RAP1A,23
RAPH1,23
RB1,23
RBKS,23
RBM4B,23
RBMX,23
REXO2,23
RGPD4,23
RMI1,23
RNF152,23
ROR1,23
RPAP3,23
RRAGD,23
RTKN2,23
S100B,23
SAMD1,23
SBK2,23
SDR39U1,23
SERINC4,23
SERPINC1,23
SETD6,23
SFMBT1,23
SFRP2,23
SH3RF3,23
SIK2,23
SIRT6,23
SLC13A1,23
SLC16A10,23
SLC16A9,23
SLC18A1,23
SLC22A16,23
SLC22A6,23
SLC25A3,23
SLC35B2,23
SLC35D2,23
SLC35E2B,23
SLC40A1,23
SLC9C2,23
SLFN12L,23
SLITRK5,23
SMARCAD1,23
SMC1B,23
SMDT1,23
SMIM9,23
SMURF2,23
SNRPB,23
SNX21,23
SOX15,23
SP1,23
SPIN3,23
SPOCK3,23
SPP1,23
SQLE,23
SRA1,23
SRD5A2,23
SRPK1,23
STAC2,23
STK17A,23
SUCLG1,23
SYDE2,23
SYPL1,23
TADA2A,23
TARDBP,23
TBX18,23
TET2,23
THEM6,23
THYN1,23
TLDC2,23
TMEM132C,23
TMEM187,23
TMEM235,23
TMEM69,23
TMEM98,23
TMSB15B,23
TRAPPC2,23
TRIB2,23
TSPAN3,23
TTC1,23
TTC27,23
TTC29,23
TTLL11,23
TXLNG,23
TYROBP,23
UBAP1L,23
UBE2R2,23
UBE2S,23
UBQLN1,23
UBXN8,23
UNC50,23
VEGFC,23
VPS26A,23
VPS45,23
VRTN,23
VSIG4,23
WBP1,23
WWC3,23
YIPF7,23
YKT6,23
ZC2HC1C,23
ZFAND5,23
ZFP2,23
ZFP37,23
ZMYM5,23
ZNF100,23
ZNF319,23
ZNF34,23
ZNF397,23
ZNF408,23
ZNF420,23
ZNF432,23
ZNF512B,23
ZNF569,23
ZNF600,23
ZNF696,23
ZNF785,23
ZNF800,23
ZSCAN2,23
ZSCAN29,23
ZSCAN5A,23
ZWILCH,23
ABHD4,22
ACBD5,22
ACOT8,22
ACVR1C,22
ADAM23,22
AFP,22
AGBL4,22
AIF1,22
ALDH8A1,22
ALKBH4,22
ALLC,22
ANKLE1,22
ANKRD31,22
ANKRD65,22
ANP32E,22
ANXA2R,22
AP3M1,22
APOA1,22
APOBEC3H,22
APOC1,22
APOL6,22
ARG1,22
ARHGAP11B,22
ARL17B,22
ASB6,22
ASB9,22
ASCL2,22
ASTN1,22
ATG5,22
AURKB,22
B2M,22
B3GNT4,22
BARD1,22
BET1,22
BICC1,22
BIVM-ERCC5,22
BMP8A,22
BRIP1,22
BTBD1,22
BTBD17,22
C19orf25,22
C2CD4D,22
C8orf34,22
CAMK4,22
CASP14,22
CAV1,22
CCDC127,22
CCDC190,22
CCK,22
CCNI,22
CD163,22
CD58,22
CD86,22
CD8B,22
CDC42EP2,22
CDCA7,22
CDH10,22
CDKN2C,22
CEACAM8,22
CEMP1,22
CFAP52,22
CHMP2B,22
CHST13,22
CHTF8,22
CMC2,22
CNOT4,22
COG6,22
COQ10A,22
CPSF7,22
CRX,22
CSRNP1,22
CSRNP2,22
CTSL,22
CYB5B,22
CYP1A1,22
CYP2C8,22
CYP2R1,22
CYS1,22
DAW1,22
DDR2,22
DDX19A,22
DDX21,22
DERL2,22
DLST,22
DMRT1,22
DNAH6,22
DNAJC2,22
DNLZ,22
DOK5,22
DPY19L2,22
DYNC1I2,22
EBP,22
ECHDC3,22
EFCAB10,22
EHD2,22
EIF2B2,22
ENOX2,22
EPHX3,22
EPSTI1,22
ERAL1,22
ERICH4,22
ERMP1,22
F2RL3,22
FABP1,22
FAM171A1,22
FAM199X,22
FAM98C,22
FBXL17,22
FCGR3B,22
FH,22
FILIP1,22
FNBP1L,22
FOXD1,22
FOXI2,22
FRRS1L,22
FZD2,22
FZD5,22
GABRA3,22
GALNTL6,22
GBP2,22
GCAT,22
GEMIN5,22
GFRA3,22
GIN1,22
GK5,22
GLP1R,22
GOLGA6D,22
GOLGA6L1,22
GORASP2,22
GPR19,22
GYS2,22
HBD,22
HEXIM2,22
HFM1,22
HSD17B1,22
HSPE1,22
HSPE1-MOB4,22
IFT81,22
IFT88,22
IL18R1,22
IPMK,22
IQGAP3,22
KCNT2,22
KCTD8,22
KDR,22
KIF11,22
KIF15,22
KIF18A,22
KIF9,22
KIR3DX1,22
KLK5,22
KRAS,22
KRT4,22
LDHD,22
LEAP2,22
LEKR1,22
LGALS12,22
LIAS,22
LMTK2,22
LPAR3,22
LRP6,22
LY6G6C,22
LYNX1,22
MANSC4,22
MAOB,22
ME2,22
METTL16,22
METTL24,22
MICU2,22
MLANA,22
MNAT1,22
MOB3B,22
MRI1,22
MRRF,22
MSANTD3,22
MTERF3,22
MTMR8,22
MYNN,22
MYO1H,22
N4BP3,22
NAT8L,22
NBPF20,22
NEGR1,22
NIPAL3,22
NMU,22
NOL11,22
NOX4,22
NPPA,22
NR1I3,22
NUP160,22
NXPE1,22
OGFOD2,22
OTOP3,22
OXNAD1,22
PANK1,22
PARP8,22
PAWR,22
PCED1B,22
PCMTD1,22
PCYT1B,22
PDE12,22
PDE1A,22
PDE3A,22
PDIA3,22
PDS5B,22
PHF10,22
PKN2,22
PLEKHJ1,22
PLPPR4,22
PLPPR5,22
PNPLA5,22
POFUT1,22
PPIF,22
PPP1R17,22
PPP2R5A,22
PRKRA,22
PRR15L,22
PSG9,22
PSME3,22
PSMG1,22
RAB4A,22
RASEF,22
RBAK-RBAKDN,22
RBM15,22
RBM22,22
RBX1,22
RC3H2,22
RCAN2,22
REST,22
RFC2,22
RFPL2,22
RHOD,22
ROPN1B,22
RPN2,22
RRM2B,22
RSPO1,22
RSPO3,22
RTCB,22
RUNDC1,22
RWDD2A,22
S100A10,22
SAAL1,22
SAC3D1,22
SAR1A,22
SARNP,22
SCAF8,22
SCD5,22
SCNN1B,22
SEC62,22
SERPINB12,22
SFRP4,22
SIRT5,22
SLC12A2,22
SLC16A1,22
SLC25A19,22
SLC25A43,22
SLC26A8,22
SLC30A2,22
SLC4A10,22
SLF2,22
SLFN11,22
SLITRK4,22
SOCS3,22
SOX2,22
SPACA1,22
SPDYE1,22
SPEF1,22
SPIN1,22
SPNS1,22
SPOPL,22
SPPL2A,22
SPRY1,22
STK17B,22
SUCLG2,22
SUFU,22
SUPT3H,22
SUV39H2,22
SVEP1,22
SYCE3,22
SYT10,22
TAF12,22
TATDN1,22
TBCC,22
TET1,22
TFAP2B,22
TGM6,22
TIGD5,22
TMCO1,22
TMEM116,22
TMEM151A,22
TMEM183A,22
TMEM223,22
TMEM266,22
TMSB4X,22
TOB1,22
TP53INP2,22
TRA2A,22
TRAF6,22
TRAFD1,22
TSPAN10,22
TTC36,22
TTC4,22
TUBG1,22
UBA5,22
UBC,22
UCHL5,22
UGT3A2,22
UTY,22
VAMP1,22
VAMP3,22
VAPB,22
VGLL2,22
VPS18,22
VSTM4,22
VSTM5,22
VWA5A,22
WDR64,22
WDR73,22
XKR7,22
XKRX,22
YAF2,22
YTHDF2,22
ZMAT1,22
ZNF10,22
ZNF133,22
ZNF136,22
ZNF296,22
ZNF367,22
ZNF471,22
ZNF577,22
ZP2,22
AAGAB,21
ABCD3,21
ABO,21
ACBD3,21
ACSM5,21
ACYP1,21
ALDH1L2,21
AMER3,21
ANKRD42,21
ANKRD55,21
AP3S1,21
APLNR,21
ARHGEF35,21
ARL4C,21
ARMCX6,21
ART1,21
ASXL3,21
ATF4,21
AURKAIP1,21
B3GALNT1,21
B3GAT3,21
B4GALT4,21
BASP1,21
BATF2,21
BCCIP,21
BDH2,21
BEND6,21
BEST3,21
BNIP3L,21
BRINP1,21
BSX,21
BTNL8,21
C3orf20,21
C6orf118,21
CAPN7,21
CASR,21
CATSPER2,21
CAV3,21
CBR4,21
CCAR1,21
CCDC134,21
CCDC158,21
CCDC184,21
CCDC74A,21
CCL18,21
CCR9,21
CCT6B,21
CD274,21
CDCA8,21
CDR2,21
CDV3,21
CGGBP1,21
CHCHD4,21
CHST14,21
CHST9,21
CLDN18,21
CLDN4,21
CNRIP1,21
COG3,21
COPG2,21
COX4I2,21
CRK,21
CRYBB1,21
CTF1,21
CWC25,21
CWH43,21
DCDC2B,21
DEGS1,21
DHPS,21
DHX8,21
DIS3L,21
DNAJC8,21
DNASE2,21
DSC3,21
DUT,21
DYNLL2,21
E2F1,21
ECHDC1,21
EDNRB,21
EGFL6,21
EIF2B3,21
EIF5A,21
EIF5AL1,21
ELF4,21
ELK1,21
ELOVL7,21
ELSPBP1,21
EN2,21
ERICH3,21
ETV3,21
EXD2,21
EXOC1,21
EXOC5,21
FAM221B,21
FBXW2,21
FCN3,21
FHDC1,21
FKBP15,21
FOXA3,21
FPR2,21
GABRA4,21
GADD45A,21
GADL1,21
GEN1,21
GINS2,21
GLOD4,21
GLRX5,21
GNAQ,21
GPATCH3,21
GPR158,21
GPR179,21
GPR55,21
GSTA4,21
GSTM2,21
HAO2,21
HERC5,21
HSBP1,21
HSPH1,21
HTATSF1,21
HTR2C,21
IBTK,21
IFI35,21
IGLL1,21
IL20RB,21
IMPG1,21
ING2,21
IQCJ-SCHIP1,21
IRGQ,21
ISG20L2,21
ITM2B,21
JMJD4,21
KATNBL1,21
KCND2,21
KCNH4,21
KCNRG,21
KIF13B,21
KIF27,21
KIF3A,21
KLHL10,21
KLHL14,21
KLLN,21
KLRD1,21
KPNA6,21
LAPTM4A,21
LAS1L,21
LGI2,21
LIN28A,21
LMBRD2,21
LMLN,21
LOX,21
LPGAT1,21
LRFN1,21
LRR1,21
LRRC10B,21
LRRC47,21
LRRC52,21
LY6E,21
LY6H,21
LYG2,21
MAP1LC3A,21
MARVELD2,21
MAT2A,21
MBLAC1,21
MEI4,21
METTL4,21
MFAP4,21
MIS18BP1,21
MITD1,21
MLH3,21
MPZL2,21
MROH2B,21
MSH3,21
MTPAP,21
MTRF1L,21
MXD1,21
MYOG,21
NAA30,21
NAT1,21
NCBP1,21
NDOR1,21
NDUFB8,21
NECAP1,21
NEK2,21
NEURL3,21
NFE2L3,21
NIF3L1,21
NKAIN2,21
NME9,21
NOVA1,21
NRSN1,21
NUDT16L1,21
NUDT18,21
NUDT5,21
NUP155,21
NUTF2,21
NUTM2B,21
OASL,21
OCEL1,21
OTULIN,21
OXSR1,21
OXT,21
PAPSS1,21
PCDH12,21
PCDH18,21
PCED1A,21
PCOLCE2,21
PCP4,21
PCYOX1L,21
PDHX,21
PDP2,21
PGGT1B,21
PHRF1,21
PHYHIPL,21
PIAS1,21
PIGF,21
PIK3CG,21
PINX1,21
PIP4K2C,21
PKD2L1,21
PLA2G12A,21
PLPPR3,21
PLTP,21
PNLDC1,21
PNLIPRP1,21
POLDIP2,21
POLG2,21
PPIL1,21
PPP1R14A,21
PPP1R2,21
PRDX3,21
PSMA5,21
PSMC4,21
PSMC6,21
PTCD1,21
PTH2R,21
RAB22A,21
RAB3B,21
RAB8B,21
RAD23B,21
RAD51AP1,21
RALA,21
RANGRF,21
RBM18,21
RBM25,21
RCE1,21
RCN2,21
RD3,21
RLN2,21
RNF103-CHMP3,21
RRP8,21
S1PR5,21
SATL1,21
SCD,21
SCML1,21
SCN10A,21
SEPSECS,21
SETD4,21
SIAH2,21
SIX4,21
SLC10A3,21
SLC10A7,21
SLC15A1,21
SLC16A6,21
SLC1A1,21
SLC30A1,21
SLC39A10,21
SLC52A3,21
SLC7A14,21
SLCO6A1,21
SLF1,21
SPATA24,21
SPDYA,21
SRSF7,21
SSR1,21
SSTR2,21
STAMBPL1,21
SUOX,21
SYCE2,21
SYT13,21
SZRD1,21
TAC1,21
TAF2,21
TAGLN3,21
TAS1R1,21
TBC1D19,21
TCEAL3,21
TCEAL4,21
TCN1,21
TDRD12,21
TEX10,21
TGFB1I1,21
TMCO5A,21
TMEM106A,21
TMEM150C,21
TMEM190,21
TMEM209,21
TMEM237,21
TMEM238,21
TMSB4Y,21
TNFRSF11A,21
TNFRSF19,21
TRAPPC3L,21
TRDMT1,21
TREML4,21
TRIM17,21
TRPC1,21
TRPC7,21
TSEN2,21
TTC19,21
TUBD1,21
TXNL1,21
TXNL4B,21
TYRP1,21
UBE2F-SCLY,21
USP38,21
USP51,21
USP6NL,21
VAPA,21
VGLL1,21
WDR83OS,21
XG,21
XRCC6,21
YRDC,21
YY1AP1,21
ZBTB37,21
ZBTB8A,21
ZDHHC21,21
ZMAT2,21
ZNF107,21
ZNF215,21
ZNF24,21
ZNF318,21
ZNF394,21
ZNF512,21
ZNF573,21
ZNF646,21
ZNF648,21
ZNF793,21
ZSCAN25,21
ZSCAN31,21
ZXDC,21
AAMDC,20
ABCA9,20
ABCB7,20
ABCE1,20
ACADS,20
ACOT13,20
ACP7,20
ACTN3,20
ACTR3,20
ADAMTS20,20
ADGRF3,20
AGO3,20
AMER1,20
ANGPT4,20
API5,20
APOA4,20
ASB4,20
ASGR2,20
ASTL,20
ATG3,20
B3GAT2,20
BAG5,20
BANK1,20
BEX1,20
BLOC1S2,20
BMPR1A,20
BPGM,20
C12orf56,20
C1orf122,20
C4orf46,20
C9orf153,20
CA8,20
CACNG2,20
CASP3,20
CATSPERB,20
CCDC14,20
CCDC73,20
CCNO,20
CCRL2,20
CD248,20
CD300E,20
CD55,20
CFAP77,20
CHGB,20
CHST2,20
CHTOP,20
CHURC1-FNTB,20
CIAPIN1,20
CLDN1,20
CLEC11A,20
CLPP,20
CNN3,20
CNTNAP5,20
COL15A1,20
COQ2,20
COX6A2,20
CPSF4L,20
CRIPT,20
CRTAM,20
CTDSPL2,20
CTXN3,20
CYP3A7-CYP3A51P,20
DAGLA,20
DCTD,20
DHX40,20
DISP1,20
DLL3,20
DMRTB1,20
DNAJA1,20
DNAJA2,20
DNAJB9,20
DRAM2,20
DRGX,20
DRP2,20
DUSP26,20
DYDC2,20
EAF1,20
ECT2L,20
EDDM3A,20
EEFSEC,20
EFNB2,20
EIF4EBP3,20
ELOVL4,20
ENHO,20
ENKUR,20
EPCAM,20
EPHA5,20
ERP29,20
ERP44,20
EXOC3L2,20
FAM120AOS,20
FAM162A,20
FAM168A,20
FAM219A,20
FBXL14,20
FBXL22,20
FBXL3,20
FBXO21,20
FGF6,20
FOXR1,20
FRG1,20
FUCA2,20
GATA1,20
GC,20
GCA,20
GDF11,20
GLE1,20
GLYATL2,20
GOLGA6L10,20
GOLGA8J,20
GOLGA8T,20
GOT2,20
GPATCH4,20
GUCY1A2,20
HACD4,20
HCK,20
HCLS1,20
HEY1,20
HIBADH,20
HMGB2,20
HMGCS1,20
HOXD9,20
HRG,20
HSD11B1,20
HSD17B14,20
HTR6,20
HYAL1,20
INA,20
ING4,20
INVS,20
IRAK4,20
KATNAL1,20
KBTBD4,20
KCNJ8,20
KCNK3,20
KL,20
KLHL24,20
LAIR2,20
LENG1,20
LILRA6,20
LIMS3,20
LIX1L,20
LMCD1,20
LMNB1,20
LRIG2,20
LRRC1,20
LSM12,20
LYSMD3,20
LZIC,20
MAGEB17,20
MAGEB2,20
MALL,20
MAP3K5,20
MAPK1,20
MAPK7,20
MAS1,20
MAX,20
MC1R,20
MCU,20
MED10,20
MET,20
MEX3C,20
MFN1,20
MPC2,20
MT1A,20
MTCH2,20
MTIF3,20
MYCBP,20
MYEOV,20
MYH7,20
MYO6,20
NABP2,20
NAP1L5,20
NDUFV2,20
NEDD8,20
NFIL3,20
NHP2,20
NIM1K,20
NIPA1,20
NME6,20
NMNAT3,20
NOB1,20
NOBOX,20
NOCT,20
NR1H4,20
NRGN,20
NXF5,20
OLFML3,20
OLIG1,20
OR51E1,20
ORC2,20
PAFAH2,20
PAICS,20
PANK3,20
PAPSS2,20
PCDH20,20
PDSS2,20
PEBP1,20
PELI2,20
PIK3C2A,20
PIR,20
PITX3,20
PIWIL2,20
PLD6,20
PLEKHA1,20
PLIN4,20
PLSCR2,20
PLVAP,20
PMF1-BGLAP,20
PNMA3,20
POMP,20
POSTN,20
POU5F1B,20
PPP1R14C,20
PPP4R2,20
PRDX1,20
PRKAB2,20
PRPF38B,20
PRRX2,20
PRTFDC1,20
PSMB1,20
PTPRH,20
RAB14,20
RAC1,20
RASSF10,20
RBM41,20
RBMX2,20
RIMS4,20
RNASE4,20
RNF183,20
RNPC3,20
RRP1B,20
S1PR1,20
SAPCD2,20
SBNO1,20
SCN11A,20
SCRN1,20
SESN3,20
SFXN2,20
SH3BGRL2,20
SIGLEC10,20
SIVA1,20
SKA2,20
SLBP,20
SLC15A2,20
SLC16A13,20
SLC25A24,20
SLC2A10,20
SLC35F3,20
SLC7A2,20
SMARCA1,20
SMPX,20
SNN,20
SNRPA1,20
SNTA1,20
SOX12,20
SPAST,20
SPRYD7,20
SRI,20
SRR,20
SRSF4,20
ST6GALNAC5,20
STIL,20
STK38,20
STMN2,20
STYXL1,20
SYK,20
SYNGR2,20
SYT11,20
TAOK1,20
TBC1D22A,20
TBC1D32,20
TCAIM,20
TFCP2,20
TFG,20
THAP7,20
THEM4,20
TLL1,20
TMED1,20
TMED10,20
TMEM123,20
TMEM170B,20
TMEM245,20
TMEM258,20
TMEM47,20
TMLHE,20
TOP2A,20
TP53INP1,20
TP53TG3C,20
TP53TG3D,20
TPH2,20
TREML2,20
TRIM71,20
TRMT1L,20
TSSK4,20
UBA3,20
UBXN1,20
ULBP1,20
UPK1B,20
USP25,20
UTP23,20
VPS54,20
WARS2,20
WASL,20
WDR49,20
XKR4,20
XRN2,20
YBX1,20
YEATS4,20
ZC3H6,20
ZC3H8,20
ZCRB1,20
ZDBF2,20
ZMYND12,20
ZNF141,20
ZNF195,20
ZNF197,20
ZNF200,20
ZNF213,20
ZNF324B,20
ZNF398,20
ZNF438,20
ZNF439,20
ZNF493,20
ZNF518B,20
ZNF575,20
ZNF587,20
ZNF616,20
ZNF630,20
ZNF639,20
ZNF697,20
ZSWIM7,20
ZZZ3,20
ACBD6,19
ACTR8,19
ADAM10,19
AKAP5,19
ANGPTL4,19
ANKAR,19
ANKRD36,19
ANXA7,19
APBB1IP,19
ARHGAP18,19
ARL5A,19
ARMCX3,19
ARPC3,19
ARR3,19
AWAT1,19
BARX2,19
BAZ1B,19
BIRC5,19
BMP6,19
BOLA2,19
BTBD8,19
C14orf93,19
C1orf216,19
C6orf52,19
CALU,19
CCDC170,19
CCDC87,19
CCER2,19
CCL23,19
CCNB1,19
CCNB1IP1,19
CCNT2,19
CCR3,19
CCT6A,19
CD209,19
CDC23,19
CDC40,19
CDH17,19
CDK15,19
CDKAL1,19
CDNF,19
CDO1,19
CEBPA,19
CFAP47,19
CHMP3,19
CHORDC1,19
CHRAC1,19
CLEC3A,19
CLEC4F,19
CLEC9A,19
CLIC4,19
CLNS1A,19
CMTM4,19
COL24A1,19
COL6A6,19
COMMD5,19
COQ6,19
COX20,19
CREB3L4,19
CRNKL1,19
CROT,19
CTHRC1,19
CXCL17,19
CYB5A,19
DACH2,19
DBF4,19
DCP1A,19
DCP2,19
DDX18,19
DEDD,19
DGCR6L,19
DISC1,19
DLAT,19
DLD,19
DNAJC5G,19
DUS4L,19
DYNLT1,19
E2F6,19
EDN1,19
EGR4,19
EIF2S1,19
EIF3A,19
EIF4A3,19
EIF4E,19
ELOF1,19
ENPP5,19
ERICH6B,19
EXOSC9,19
FAM118B,19
FAM216A,19
FAM217A,19
FAM3C,19
FAM43B,19
FAM76A,19
FAM9B,19
FBXL7,19
FBXO7,19
FBXW8,19
FCRL6,19
FECH,19
FIGN,19
FLVCR1,19
FOXN2,19
FSD1L,19
FSHR,19
FSTL5,19
FZD3,19
FZD4,19
GABPA,19
GALM,19
GCOM1,19
GDF10,19
GEMIN4,19
GINS4,19
GML,19
GNAI3,19
GOLGA7B,19
GOSR1,19
GPATCH2,19
GPC4,19
GPR155,19
GPX1,19
GRSF1,19
GSTO1,19
GTF2E2,19
GTF2IRD2B,19
HAS2,19
HCCS,19
HCST,19
HECTD2,19
HEPACAM2,19
HERC4,19
HEYL,19
HGH1,19
HLA-DRB1,19
HLTF,19
HNRNPR,19
HORMAD2,19
HS3ST3B1,19
HSDL2,19
HSPA4,19
ICE1,19
IER2,19
IKZF5,19
IRS2,19
ITGA9,19
ITPRIPL1,19
IYD,19
JUND,19
KANSL2,19
KCMF1,19
KCNB2,19
KCNJ6,19
KLHDC10,19
KPNA2,19
KRT23,19
LIN9,19
LIPA,19
LIPG,19
LMNTD1,19
LRFN5,19
LRRC15,19
LRRC25,19
LRRC57,19
LY96,19
LYPD3,19
MAD2L1,19
MAP3K2,19
MAPK14,19
MBLAC2,19
MDM2,19
MED23,19
MGARP,19
MND1,19
MOGS,19
MTCP1,19
MTF1,19
MTHFSD,19
MYBPC3,19
MYOD1,19
MYPOP,19
NABP1,19
NCAPG,19
NCAPH,19
NDC80,19
NDUFA5,19
NDUFB4,19
NECAP2,19
NEK1,19
NEK3,19
NLRP12,19
NME4,19
NPC2,19
NPIPB8,19
NR2C2AP,19
NSUN5,19
NUDT16,19
NVL,19
NXPH2,19
OAF,19
OLAH,19
OOEP,19
OR51E2,19
OXSM,19
P2RX5-TAX1BP3,19
PAPOLG,19
PAQR9,19
PCSK1,19
PGLYRP2,19
PGM2,19
PHACTR4,19
PHF5A,19
PIGX,19
PIN1,19
PMS2,19
POC5,19
POMGNT2,19
PPAT,19
PPID,19
PPM1K,19
PPP1R3E,19
PRAP1,19
PRIM2,19
PRLH,19
PRNP,19
PROKR2,19
PRR11,19
PSMA3,19
PSMB8,19
PSMC1,19
PSORS1C2,19
PTAR1,19
PTER,19
PTGDR,19
PTGS2,19
RABGGTB,19
RAG2,19
RBM4,19
RBP2,19
RDH11,19
RGPD3,19
RGS2,19
RIOK3,19
RNF128,19
RNF187,19
RNFT1,19
ROPN1,19
RPL17-C18orf32,19
RPRD1A,19
RSPH1,19
RSPH9,19
RTN4RL1,19
RUNDC3B,19
RXRG,19
S100P,19
SARAF,19
SAXO1,19
SERPINB11,19
SERPINB5,19
SERPINB9,19
SESN2,19
SF3A3,19
SFRP5,19
SGMS2,19
SGPP2,19
SHCBP1L,19
SHOX2,19
SIGLECL1,19
SIMC1,19
SIRT1,19
SLAMF7,19
SLC16A12,19
SLC17A8,19
SLC18B1,19
SLC25A18,19
SLC25A53,19
SLC26A3,19
SLC27A4,19
SLC2A6,19
SLC35B4,19
SLC7A13,19
SLC7A6OS,19
SLK,19
SLU7,19
SLX4,19
SLX4IP,19
SMIM14,19
SMIM19,19
SNAP29,19
SNRPD2,19
SNX13,19
SNX2,19
SNX20,19
SP4,19
SPCS1,19
SPIN2B,19
SPRTN,19
SRF,19
ST6GALNAC3,19
STX17,19
STX2,19
TBC1D15,19
TBX20,19
TCEAL1,19
TDO2,19
TIFA,19
TIGD4,19
TIMM21,19
TIPIN,19
TMA16,19
TMEM192,19
TMEM220,19
TMEM60,19
TMEM68,19
TPBG,19
TPK1,19
TRIML1,19
TRIML2,19
TRIT1,19
TRMT10B,19
TRPC4,19
TSG101,19
TSN,19
TTF1,19
TUBA1B,19
TUBA3D,19
TUBB6,19
TUBG2,19
TUSC2,19
TXNIP,19
TYMS,19
UGCG,19
UQCR11,19
USP27X,19
USP50,19
VSTM2B,19
WDR77,19
XIRP1,19
XPNPEP2,19
YWHAE,19
ZBTB49,19
ZBTB8OS,19
ZFYVE9,19
ZMAT5,19
ZNF347,19
ZNF44,19
ZNF654,19
ZNF678,19
ZNF71,19
ZNF774,19
ZNF790,19
ZNF891,19
ZSCAN1,19
ABCA12,18
ACO1,18
ADH5,18
ADIRF,18
ADRB1,18
AFTPH,18
AGAP5,18
AGMAT,18
ALDH9A1,18
ALX4,18
AMIGO2,18
ANAPC16,18
ANKRD13C,18
ANKRD35,18
AR,18
AREG,18
ARFIP2,18
ARL6,18
ASB14,18
ATP6V1D,18
ATP6V1F,18
AUH,18
AUNIP,18
AURKC,18
B3GLCT,18
BAX,18
BCL7A,18
BOD1,18
BTBD10,18
BUD31,18
C19orf44,18
C6orf141,18
C7orf25,18
CA2,18
CAMK2N2,18
CAP2,18
CARNMT1,18
CBLC,18
CD109,18
CD180,18
CDK1,18
CDS1,18
CENPE,18
CENPO,18
CEP162,18
CEP78,18
CEP97,18
CFAP53,18
CFI,18
CHST6,18
CKAP2L,18
CLEC1B,18
CLEC2D,18
CLEC4M,18
CLK1,18
CLPX,18
CNBP,18
CNGA1,18
CNPY2,18
COL6A5,18
COMMD10,18
COMMD4,18
COPS6,18
COQ5,18
CPSF6,18
CREBRF,18
CREBZF,18
CREG2,18
CRLF3,18
CRYBG3,18
CXCR2,18
CXXC4,18
DBF4B,18
DCK,18
DCN,18
DCX,18
DDTL,18
DEK,18
DHFR,18
DNAJB4,18
DND1,18
DONSON,18
DPPA4,18
DPY19L4,18
DPYD,18
EBI3,18
ECHS1,18
EDF1,18
EEF1B2,18
EFHB,18
EIF2AK2,18
EIF4B,18
ENY2,18
EOMES,18
ERH,18
ETV7,18
FAHD1,18
FAM136A,18
FAM161A,18
FAM200B,18
FAM83B,18
FAM9C,18
FANCB,18
FASTKD3,18
FBP1,18
FCER1G,18
FICD,18
FOXS1,18
FRZB,18
FZD8,18
GADD45B,18
GALNT5,18
GBP5,18
GCM2,18
GHITM,18
GJA1,18
GJA4,18
GNL3L,18
GNPDA2,18
GPC6,18
GPR12,18
GRIN3B,18
GSDMC,18
GSTCD,18
GXYLT2,18
GYPC,18
GZMM,18
HELLS,18
HIRIP3,18
HLA-DOB,18
HLA-G,18
HMGCLL1,18
HRCT1,18
HS3ST2,18
HSD17B6,18
HSPA2,18
HSPA4L,18
HSPA5,18
IDI1,18
IFT57,18
IGSF10,18
IL12B,18
IL27RA,18
IL7,18
IRF2BPL,18
JAKMIP2,18
KCNF1,18
KCTD12,18
KCTD3,18
KDM5D,18
KLHL15,18
KLHL34,18
KLHL41,18
KPNA3,18
KRT72,18
LANCL1,18
LAX1,18
LBHD1,18
LRGUK,18
LRRC17,18
LRRTM1,18
LSM4,18
LSMEM1,18
LTA,18
LUZP2,18
LYPLA1,18
LYSMD2,18
LYSMD4,18
MAB21L2,18
MAGEA10,18
MAP1LC3B2,18
MARCKS,18
MCTS1,18
MEGF9,18
MEIOC,18
MEOX2,18
MESP1,18
MGMT,18
MMRN1,18
MOB1B,18
MOSPD3,18
MR1,18
MRLN,18
MYOZ1,18
NANOG,18
NAPG,18
NARS2,18
NDUFA13,18
NDUFS1,18
NFKBIB,18
NGB,18
NIPAL4,18
NIPSNAP1,18
NIPSNAP3A,18
NLRP4,18
NMD3,18
NMRK1,18
NMUR2,18
NPIPA5,18
NRM,18
NUDCD1,18
NUP54,18
NWD2,18
OCA2,18
OGFRL1,18
OR11A1,18
OTOGL,18
PAIP1,18
PARP9,18
PCBP1,18
PCDH11X,18
PDCL3,18
PEX26,18
PFDN4,18
PGM2L1,18
PGM3,18
PI4K2B,18
PLPP1,18
POLR2I,18
PPA1,18
PPP1R15A,18
PPP2CB,18
PRELID3B,18
PRIMPOL,18
PROX2,18
PSMC3IP,18
PTGIS,18
PTGR1,18
PTH2,18
RAB39A,18
RDH12,18
REG1B,18
RGS7BP,18
RHOXF1,18
RIOK1,18
RNF170,18
RPIA,18
RPUSD4,18
RRAS,18
S100A9,18
SCNM1,18
SCYL3,18
SDF2L1,18
SDHAF1,18
SDR16C5,18
SDS,18
SELL,18
SENP6,18
SERINC5,18
SHC3,18
SLC16A11,18
SLC22A3,18
SLC25A21,18
SLC25A40,18
SLC36A2,18
SLC9B2,18
SMCR8,18
SMIM13,18
SMIM2,18
SMKR1,18
SNAPC5,18
SNX12,18
SOX9,18
SPA17,18
SRP54,18
SRP72,18
SSR2,18
SSR3,18
SSX5,18
ST20-MTHFS,18
STARD5,18
STMN4,18
STRAP,18
STXBP4,18
SUPV3L1,18
SVOP,18
SWT1,18
TAF7L,18
TCEAL2,18
TEKT1,18
TEX26,18
THAP8,18
THAP9,18
THEMIS,18
TINF2,18
TLL2,18
TMEM115,18
TMEM135,18
TMEM158,18
TMEM185B,18
TMEM196,18
TMEM26,18
TMEM41A,18
TMEM67,18
TNFAIP8L1,18
TNPO3,18
TOX,18
TPGS1,18
TPH1,18
TPMT,18
TRMT5,18
TSHR,18
TSPO,18
TYSND1,18
UBE2C,18
UBXN2B,18
UCN,18
UCP1,18
URB2,18
USP12,18
UTP6,18
VIP,18
VPS4B,18
VTI1B,18
WDR35,18
WDR43,18
WDR53,18
WDSUB1,18
XKR8,18
XPA,18
YIPF6,18
YTHDF3,18
ZBTB5,18
ZDHHC12,18
ZFP91,18
ZMAT3,18
ZNF12,18
ZNF131,18
ZNF175,18
ZNF248,18
ZNF260,18
ZNF287,18
ZNF329,18
ZNF436,18
ZNF470,18
ZNF485,18
ZNF511,18
ZNF518A,18
ZNF525,18
ZNF565,18
ZNF570,18
ZNF606,18
ZNF620,18
ZNF689,18
ZNF705A,18
ZNF77,18
ZNF844,18
ZNF852,18
ZNHIT3,18
ZRANB1,18
ZW10,18
ABHD3,17
ACTR10,17
ACTR6,17
ADGRG7,17
ADRA2A,17
ADRB3,17
AGA,17
AGBL2,17
AIDA,17
AIPL1,17
AK6,17
AK7,17
ALG1,17
ANKRD34B,17
ANO6,17
ANXA1,17
AOC2,17
APEX2,17
APOH,17
ARFGEF3,17
ARL4D,17
ARMCX5,17
ARRDC4,17
ARSB,17
ASPA,17
ATG12,17
ATP12A,17
ATP6V1E1,17
B4GAT1,17
BBOF1,17
BEX2,17
BMP3,17
BTAF1,17
BTBD6,17
BTF3,17
C11orf65,17
C11orf96,17
C14orf119,17
C1QTNF7,17
C1orf50,17
C1orf56,17
C22orf39,17
C5AR2,17
C6orf132,17
C9orf43,17
CALHM3,17
CASP1,17
CCDC112,17
CCDC34,17
CCR1,17
CD160,17
CD52,17
CD80,17
CD84,17
CDC16,17
CDX1,17
CEACAM16,17
CEL,17
CELA1,17
CENPV,17
CEP295,17
CHRNA1,17
CHST4,17
CIAO1,17
CITED4,17
CLSTN2,17
CNBD2,17
COLEC12,17
COPB2,17
COQ4,17
COX19,17
CPSF2,17
CPT2,17
CRISP1,17
CRKL,17
CRYZ,17
CSTB,17
CTH,17
DARS2,17
DMC1,17
DNTTIP2,17
DOLK,17
DPM2,17
DSG2,17
DSN1,17
DSTYK,17
DYNC1I1,17
DYNC1LI1,17
EEF2K,17
EFNA3,17
ENTPD3,17
ENTPD7,17
EPDR1,17
ESD,17
F5,17
FAM161B,17
FAM171A2,17
FAM171B,17
FAM209A,17
FASTKD1,17
FATE1,17
FBXO22,17
FBXO33,17
FBXO48,17
FCHO2,17
FGF2,17
FGL1,17
FIGNL1,17
FKBP1A,17
FKBP3,17
FKBP6,17
FMO4,17
FNDC8,17
FNIP1,17
FOLH1,17
FUT2,17
FZD7,17
GABPB1,17
GABPB2,17
GBP3,17
GCH1,17
GNE,17
GNG12,17
GNPNAT1,17
GOLGA8K,17
GOLGA8O,17
GOLGA8S,17
GPC5,17
GPR37,17
GPX6,17
GSTA1,17
HARS2,17
HBB,17
HLA-A,17
HNRNPA3,17
HOXD8,17
HSPA14,17
HSPA1B,17
HSPB1,17
IDO1,17
IFI27L2,17
IFNAR1,17
IL24,17
IMMP1L,17
INO80D,17
IRF2BP1,17
ISCA1,17
ITLN1,17
JMY,17
KBTBD12,17
KCNA5,17
KCNA7,17
KCNE4,17
KCNMB1,17
KCTD14,17
KIAA1191,17
KIAA1549,17
KIF24,17
KIF4A,17
KLHL8,17
KLK12,17
LACC1,17
LCN15,17
LEPROTL1,17
LRFN2,17
LRTOMT,17
LSG1,17
LSM5,17
LST1,17
LTB,17
LY9,17
LYZL6,17
MACC1,17
MBD4,17
ME1,17
MED20,17
MIXL1,17
MMACHC,17
MMP26,17
MOB4,17
MON2,17
MSRB2,17
MTBP,17
MTTP,17
MUC22,17
MYOT,17
NAALAD2,17
NACC1,17
NAPB,17
NDUFAB1,17
NDUFB5,17
NEDD1,17
NEK4,17
NICN1,17
NIPAL1,17
NLRP11,17
NOP58,17
NPY5R,17
NXT1,17
ODF4,17
OLR1,17
OPTC,17
OSBP,17
OSCAR,17
P2RY14,17
PAAF1,17
PAIP2B,17
PALMD,17
PAN3,17
PAQR3,17
PARL,17
PCMT1,17
PDIK1L,17
PEX3,17
PGBD2,17
PHAX,17
PKIA,17
PLCXD2,17
PLGLB1,17
PMM2,17
PNRC1,17
POGK,17
POLR1E,17
POLR3G,17
POLR3K,17
PON2,17
POP5,17
POP7,17
POTEM,17
PPP4R3B,17
PPT1,17
PPTC7,17
PRADC1,17
PRKAA1,17
PRKRIP1,17
PRRG1,17
PSPN,17
PTGDR2,17
PYGO1,17
RAB19,17
RAB20,17
RAB27B,17
RAB28,17
RAB6A,17
RARRES2,17
RASA1,17
RBBP4,17
RBM3,17
RBM46,17
RCVRN,17
RFXAP,17
RHD,17
RINT1,17
RND2,17
RNF115,17
RNF139,17
RNF7,17
SCARA3,17
SDF2,17
SEC22B,17
SEC23IP,17
SEC24A,17
SEC24B,17
SELPLG,17
SERP1,17
SERPINE3,17
SF3B6,17
SHC4,17
SLC10A1,17
SLC16A4,17
SLC17A1,17
SLC25A30,17
SLC30A5,17
SLC35F1,17
SLC38A9,17
SLC39A9,17
SLCO1B3,17
SLFN5,17
SMAP1,17
SMN2,17
SNX4,17
SOCS7,17
SP2,17
SPACA3,17
SPATA25,17
SRSF3,17
STAR,17
STEAP1B,17
STK31,17
STOM,17
STPG2,17
STYX,17
SULT6B1,17
SUN5,17
SWSAP1,17
TAC4,17
TAT,17
TAX1BP3,17
TBC1D22B,17
TCEAL5,17
TCF15,17
TCF24,17
TCTN2,17
TDRD6,17
THAP5,17
TIMMDC1,17
TIMP3,17
TMEM167A,17
TMEM168,17
TMEM170A,17
TMEM179B,17
TMEM200C,17
TMOD2,17
TMPRSS7,17
TOR1AIP1,17
TOR3A,17
TRIM37,17
TRIM38,17
TRIM74,17
TWF1,17
TYW1,17
UBLCP1,17
UBOX5,17
UGDH,17
UHRF1,17
UMPS,17
UNC5C,17
UPK3A,17
UQCR10,17
USO1,17
VPS29,17
VSIG10,17
VSTM2L,17
WASF3,17
WDR44,17
WEE2,17
WSB1,17
WTIP,17
XBP1,17
XPOT,17
YPEL3,17
ZAR1L,17
ZBTB10,17
ZER1,17
ZFAND4,17
ZFP30,17
ZNF155,17
ZNF250,17
ZNF280B,17
ZNF333,17
ZNF337,17
ZNF354A,17
ZNF382,17
ZNF433,17
ZNF460,17
ZNF480,17
ZNF57,17
ZNF628,17
ZNF672,17
ZNF682,17
ZNF727,17
ZNF770,17
ZNF804A,17
ZNF836,17
ZNF860,17
A1CF,16
ABRACL,16
ACADL,16
ACAT2,16
ACSM4,16
ACVR2A,16
ADAMTS15,16
ADCY10,16
ADH4,16
ADPRM,16
AGFG1,16
AGL,16
AGXT2,16
AHR,16
ALAS2,16
ALKBH1,16
ANAPC13,16
ANKMY2,16
ANKRD50,16
ANO8,16
APIP,16
APOL4,16
APPL1,16
ARF6,16
ARL15,16
ARL4A,16
ARL6IP1,16
ASF1B,16
ASPM,16
ATG14,16
ATP1B4,16
ATP6V1G1,16
ATRAID,16
AVL9,16
AVPR1A,16
B3GNT9,16
B4GALT5,16
BBIP1,16
BRDT,16
BROX,16
BTN3A1,16
BYSL,16
C19orf67,16
C22orf15,16
C3orf70,16
C4orf51,16
C5orf52,16
C6orf47,16
C8orf33,16
C9orf85,16
CA13,16
CAMKMT,16
CARD16,16
CCDC148,16
CCDC174,16
CCDC186,16
CCDC191,16
CCDC39,16
CCDC51,16
CCDC85B,16
CCNC,16
CCNG1,16
CD3G,16
CDK2AP2,16
CDKN2AIP,16
CEBPD,16
CEBPZ,16
CENPC,16
CFAP70,16
CHADL,16
CHAF1B,16
CLC,16
CLEC19A,16
CLRN1,16
CLTA,16
CNTN3,16
COA5,16
COG7,16
COLEC10,16
CRCP,16
CRYBB2,16
CSF3,16
CST6,16
CXCL11,16
CXCR3,16
CXorf38,16
DAPP1,16
DCLRE1A,16
DCTN4,16
DCUN1D5,16
DDX1,16
DDX28,16
DESI2,16
DGAT2L6,16
DNA2,16
DPH5,16
DR1,16
DSEL,16
DYNC2LI1,16
EAF2,16
EBAG9,16
EDN3,16
EIF5A2,16
EMILIN3,16
EPB41L4B,16
EPB41L5,16
EREG,16
ERO1A,16
ESCO1,16
EVA1B,16
F8A1,16
F8A3,16
FAM114A2,16
FAM151A,16
FAM8A1,16
FBXO45,16
FBXO8,16
FBXW9,16
FCGR2B,16
FGF18,16
FGF7,16
FKBP7,16
FNDC7,16
FOLR2,16
FOXB1,16
FUNDC1,16
GATC,16
GCLM,16
GJB3,16
GLRA3,16
GLRB,16
GLYAT,16
GMCL1,16
GNB1L,16
GOLGA6L2,16
GOLGA8H,16
GOLGA8R,16
GOT1L1,16
GPALPP1,16
GPHB5,16
GPR135,16
HACD2,16
HAND1,16
HAUS2,16
HERC6,16
HIPK3,16
HMGN1,16
HMGN5,16
HP,16
HPSE2,16
HS2ST1,16
HTATIP2,16
HTRA4,16
HYKK,16
IFI27L1,16
IGLON5,16
IL17D,16
IL20RA,16
IL3RA,16
ILF2,16
IMMT,16
ING3,16
IQCB1,16
ISCA2,16
ISM1,16
JAK2,16
JUN,16
KBTBD3,16
KBTBD8,16
KCNA3,16
KCNA4,16
KCNK13,16
KCNK18,16
KDF1,16
KIF5B,16
KIFAP3,16
KLF3,16
KLHL23,16
KLHL28,16
KNSTRN,16
KRT3,16
LACTB,16
LAGE3,16
LAMTOR5,16
LARP6,16
LBP,16
LCLAT1,16
LEMD3,16
LILRA1,16
LNP1,16
LRFN3,16
LRIF1,16
LRIT1,16
LRRC69,16
LSM1,16
LYSMD1,16
MAB21L1,16
MAB21L3,16
MAK,16
MAML3,16
MAN1A1,16
MASTL,16
MB21D2,16
MDM4,16
MED9,16
METTL15,16
MICU3,16
MINPP1,16
MIOS,16
MOBP,16
MPI,16
MS4A10,16
MS4A14,16
MT3,16
MYCL,16
MZT1,16
NAIP,16
NANOS1,16
NBPF6,16
NCOA3,16
NDRG3,16
NDUFA6,16
NDUFB1,16
NDUFB9,16
NEK5,16
NES,16
NHLRC2,16
NHLRC3,16
NIT2,16
NOA1,16
NOTO,16
NT5C1A,16
NUDT10,16
NUP153,16
NUP43,16
NUTM2G,16
ODC1,16
OLFM4,16
ORAI1,16
PADI6,16
PATL1,16
PCBD2,16
PCDH11Y,16
PEF1,16
PIGP,16
PIK3IP1,16
PIRT,16
PJA2,16
PLA2G2A,16
PLCL1,16
PLEK,16
POLE2,16
POLR2M,16
POTEG,16
PPM1D,16
PRKAA2,16
PRKG2,16
PRMT3,16
PROKR1,16
PRPF4,16
PSMA4,16
PSPC1,16
PTBP3,16
PTGES3,16
PZP,16
RAB23,16
RAB9B,16
RASSF9,16
RBM15B,16
RERG,16
RFX6,16
RGS16,16
RHOB,16
RIPPLY3,16
RNF11,16
RNF182,16
RNF20,16
RNF222,16
ROMO1,16
RSBN1,16
SCT,16
SECISBP2L,16
SERHL2,16
SERTM1,16
SHMT1,16
SLC25A16,16
SLC25A4,16
SLC25A46,16
SLC35A5,16
SLC35D1,16
SLC35E3,16
SLC35G2,16
SLC36A4,16
SMAGP,16
SMIM10L2A,16
SMIM3,16
SNAI1,16
SNU13,16
SNX32,16
SOWAHC,16
SOX11,16
SPATC1,16
SPC25,16
SPHKAP,16
SPIN2A,16
SPINK2,16
SPRED1,16
SSB,16
STARD7,16
STEAP1,16
STK26,16
STK35,16
STS,16
SV2A,16
TASP1,16
TCEAL7,16
TCEANC2,16
TCTA,16
TDRD7,16
TEX14,16
TFF1,16
TIGD1,16
TLR3,16
TM4SF4,16
TMED7-TICAM2,16
TMEM107,16
TMEM179,16
TMEM233,16
TMEM33,16
TMEM41B,16
TMEM45B,16
TMEM53,16
TNFAIP6,16
TRIM35,16
TRIM56,16
TRIM6-TRIM34,16
TRIQK,16
TRMO,16
TRMT2B,16
TRPM6,16
TSR3,16
TTPAL,16
TUBA1A,16
UBA6,16
UBE2G2,16
UBE2J1,16
UBL5,16
UBTD2,16
UCHL3,16
UCN3,16
UEVLD,16
UQCC3,16
USH2A,16
USP14,16
UTP15,16
VPS25,16
VPS37C,16
WASF1,16
WBP11,16
WBP4,16
WDR3,16
WDR76,16
WDR88,16
WNT8A,16
WTAP,16
XPO4,16
YBEY,16
YWHAG,16
ZBTB33,16
ZC2HC1A,16
ZCCHC18,16
ZFP82,16
ZGRF1,16
ZNF146,16
ZNF20,16
ZNF251,16
ZNF266,16
ZNF267,16
ZNF284,16
ZNF3,16
ZNF30,16
ZNF37A,16
ZNF396,16
ZNF431,16
ZNF449,16
ZNF490,16
ZNF507,16
ZNF519,16
ZNF526,16
ZNF593,16
ZNF611,16
ZNF615,16
ZNF74,16
ZNF789,16
ZNF837,16
AASDHPPT,15
ABCF2,15
ABI1,15
ACOT2,15
ADAM18,15
ADIG,15
AKAP11,15
ALDH1B1,15
ALG2,15
ANKRA2,15
ANKRD1,15
ANKRD36B,15
ANKRD45,15
AP1M2,15
APLN,15
APOBEC3C,15
APPBP2,15
ASB16,15
ASCC3,15
ASIP,15
ASTE1,15
ATG101,15
ATP6V1B2,15
ATRN,15
AVPI1,15
B3GNT3,15
B4GALT1,15
BBS12,15
BCDIN3D,15
BDP1,15
BEND2,15
BEND3,15
BEST4,15
BIRC2,15
BMP2K,15
BPIFC,15
BRCA2,15
BRCC3,15
BTBD18,15
BTBD9,15
BTG1,15
C2orf42,15
C3orf62,15
C5orf22,15
C7orf33,15
C7orf57,15
CA3,15
CACYBP,15
CBR3,15
CBX6,15
CCDC110,15
CCDC121,15
CCDC124,15
CCDC125,15
CCDC160,15
CCDC62,15
CCL4,15
CCL8,15
CCM2L,15
CCNT1,15
CD5,15
CD96,15
CDA,15
CDC5L,15
CDH6,15
CDK19,15
CDKL2,15
CENPA,15
CENPQ,15
CEP126,15
CH25H,15
CHCHD5,15
CHIA,15
CHP1,15
CHUK,15
CINP,15
CLEC17A,15
CLEC5A,15
CLGN,15
CNOT11,15
COPS2,15
COX15,15
COX7C,15
CPA4,15
CPN2,15
CRB3,15
CRISPLD1,15
CSE1L,15
CSTF3,15
CTAGE1,15
CTSW,15
CXCL3,15
CYCS,15
CYP7B1,15
DAP,15
DCLRE1B,15
DDX19B,15
DDX27,15
DEPDC4,15
DEPTOR,15
DHRS7C,15
DHX29,15
DNAH8,15
DNAJC1,15
DNAJC19,15
DNAJC27,15
DOHH,15
DPH3,15
DTX3L,15
ECI2,15
EEF1E1,15
EFCAB7,15
EI24,15
EIF2A,15
EMCN,15
ENSA,15
EPHX4,15
ERGIC2,15
ERLIN2,15
EXOG,15
F2R,15
FAM117B,15
FAM133B,15
FAM177A1,15
FAM180B,15
FAM81B,15
FBXL18,15
FBXO30,15
FDX1,15
FRAT2,15
FREM3,15
FUT9,15
FZD1,15
GDPD1,15
GOLPH3,15
GPR137C,15
GPR27,15
GPR63,15
GPR83,15
GREM2,15
GSKIP,15
GSTK1,15
HEATR9,15
HECA,15
HELQ,15
HEXIM1,15
HIGD1B,15
HPS6,15
HSF2,15
HSF5,15
HSPA1A,15
HSPA6,15
ICMT,15
IDO2,15
IFT74,15
IGFBP1,15
IKBIP,15
INTS2,15
IRGM,15
ISOC1,15
KCNH7,15
KCNJ16,15
KCNJ2,15
KCNK6,15
KCNU1,15
KLHL18,15
KLRC4-KLRK1,15
LAMP2,15
LDHAL6A,15
LDLRAD2,15
LIN54,15
LIN7B,15
LPAR6,15
LRRC34,15
LRRC74A,15
LXN,15
MANEA,15
MARVELD3,15
MAVS,15
MCM6,15
METTL14,15
MGAM2,15
MGAT4D,15
MGME1,15
MGP,15
MMP16,15
MOGAT2,15
MOSPD2,15
MPP4,15
MREG,15
MSMO1,15
MT1M,15
MT2A,15
MTFR2,15
MTHFS,15
MYBL1,15
MYLIP,15
MYOC,15
NDN,15
NIPA2,15
NKRF,15
NPHS2,15
NPIPB9,15
NPTXR,15
NRIP2,15
NT5C,15
NUAK2,15
NUDT11,15
NUDT17,15
OAS1,15
OLFML1,15
ORMDL1,15
ORMDL2,15
OSBPL11,15
OSER1,15
OSTF1,15
OTUB1,15
OTUD1,15
PARD6G,15
PDRG1,15
PGAM5,15
PIKFYVE,15
PKD2L2,15
PLA2G2F,15
PLAGL2,15
PLGLB2,15
PLXDC2,15
PON1,15
POTEH,15
PPIB,15
PPIC,15
PPM1G,15
PPP1R15B,15
PRPF31,15
PRRG4,15
PSAT1,15
PSMB4,15
PSMC3,15
PSRC1,15
PTGER3,15
PTGFRN,15
PUS10,15
RAB33B,15
RAD54B,15
RBM26,15
RBM7,15
RHBDL2,15
RIOK2,15
RIPK2,15
RIPPLY2,15
RIT1,15
RNF181,15
RNF24,15
ROPN1L,15
RPGRIP1L,15
RSL24D1,15
RSPO4,15
S100A11,15
S100A8,15
SAMHD1,15
SBDS,15
SEC14L4,15
SERPINI2,15
SGCB,15
SIRT4,15
SLC22A25,15
SLC30A4,15
SLC30A8,15
SLC30A9,15
SLC35A1,15
SLC5A7,15
SLC7A4,15
SMIM10L2B,15
SMIM12,15
SMYD1,15
SNRNP25,15
SOHLH2,15
SOX17,15
SPAG16,15
SRSF6,15
SSX2,15
SSX2B,15
SSX3,15
ST13,15
STAC3,15
STC1,15
STOX1,15
STX11,15
STXBP5L,15
SUMO1,15
SURF2,15
SYAP1,15
TAF9B,15
TCTN3,15
TEX30,15
THSD1,15
TIGD7,15
TK1,15
TMED5,15
TMED8,15
TMEM106B,15
TMEM11,15
TMEM119,15
TMEM126B,15
TMEM132D,15
TMEM169,15
TMEM19,15
TMEM203,15
TMEM213,15
TMEM254,15
TMEM30A,15
TMEM38B,15
TMPO,15
TOPAZ1,15
TRAM2,15
TRAPPC4,15
TRAPPC6A,15
TRIM23,15
TSSK6,15
TUBB1,15
TUBB8,15
UBAP1,15
UBB,15
UBE2K,15
UBL3,15
UBR2,15
UBTD1,15
UNG,15
UQCC2,15
USP1,15
USPL1,15
UTF1,15
UTS2,15
VBP1,15
VSNL1,15
VSX2,15
WDR47,15
WDR75,15
WDR87,15
WIF1,15
WNT8B,15
XIAP,15
XRCC4,15
YPEL1,15
ZBTB34,15
ZC3HAV1L,15
ZDHHC4,15
ZFP28,15
ZFY,15
ZG16,15
ZKSCAN5,15
ZMYM6,15
ZNF132,15
ZNF180,15
ZNF212,15
ZNF33B,15
ZNF428,15
ZNF43,15
ZNF442,15
ZNF45,15
ZNF473,15
ZNF497,15
ZNF552,15
ZNF563,15
ZNF579,15
ZNF621,15
ZNF627,15
ZNF649,15
ZNF665,15
ZNF680,15
ZNF699,15
ZNF708,15
ZNF711,15
ZNF714,15
ZNF786,15
ZNF835,15
ZP4,15
ZPBP2,15
ZPLD1,15
ABHD13,14
ABRA,14
ACER2,14
ADRB2,14
AGGF1,14
AIMP2,14
ALG14,14
ALX1,14
ANGEL2,14
ANXA13,14
APOBEC4,14
ARHGDIB,14
ARL17A,14
ARMC3,14
ASF1A,14
ATMIN,14
B3GALT6,14
B4GALNT2,14
BAMBI,14
BEND4,14
BEX4,14
BEX5,14
BHLHE22,14
BMP8B,14
BNIP2,14
BORA,14
BSPRY,14
BTF3L4,14
BTLA,14
C11orf16,14
C11orf58,14
C12orf50,14
C1D,14
C1orf141,14
C1orf52,14
C1orf87,14
C2CD4B,14
C8orf48,14
CASP4,14
CCDC116,14
CCDC138,14
CCDC83,14
CCDC90B,14
CCIN,14
CCL2,14
CCL3,14
CCL4L2,14
CD200,14
CDC42EP5,14
CDH12,14
CDKN2D,14
CERS6,14
CFAP73,14
CFHR5,14
CHPF2,14
CHRDL1,14
CHST10,14
CHST3,14
CKAP2,14
CMTM8,14
CNTLN,14
COA3,14
COMMD1,14
COMMD7,14
COQ7,14
COX6B1,14
CPA6,14
CRYBB3,14
CXCL14,14
CXorf58,14
CYP2U1,14
CYP8B1,14
DDIT4L,14
DDX20,14
DEPDC7,14
DERL1,14
DLGAP5,14
DNAL1,14
DSG1,14
EFCAB3,14
EIF1,14
EIF1AX,14
EIF1B,14
ELOVL2,14
ERICH6,14
ERLEC1,14
EXOC8,14
EXOSC1,14
FAF1,14
FAM163A,14
FAM174A,14
FARS2,14
FIGLA,14
FJX1,14
FRRS1,14
GAGE10,14
GALNTL5,14
GFM2,14
GFPT1,14
GINM1,14
GLRA1,14
GMNN,14
GPR62,14
GPR88,14
GRIN3A,14
GTF2H3,14
GTPBP10,14
HABP4,14
HCRTR2,14
HDDC2,14
HDHD3,14
HELB,14
HENMT1,14
HMGCL,14
HMSD,14
HSCB,14
HSDL1,14
ID4,14
IFIT2,14
IFNGR1,14
IGFBP4,14
IGSF23,14
IL18,14
IL23R,14
IL5,14
IMPA1,14
INHBC,14
ITIH2,14
KBTBD11,14
KCTD18,14
KLRG2,14
LARP4,14
LATS1,14
LDOC1,14
LEO1,14
LIPH,14
LRP1B,14
LRP2BP,14
LSM2,14
LY6K,14
LYAR,14
MAGOH,14
MALSU1,14
MCHR1,14
METAP2,14
METTL2A,14
METTL3,14
MGAT2,14
MIS18A,14
MKKS,14
MLN,14
MMGT1,14
MMP9,14
MOAP1,14
MORF4L2,14
MS4A4A,14
MSANTD4,14
MSMB,14
MT1E,14
MUSK,14
MYL1,14
NBPF12,14
NCEH1,14
NCR3LG1,14
NDUFB3,14
NEDD8-MDP1,14
NKAP,14
NKX2-6,14
NKX3-1,14
NLRP5,14
NME5,14
NMNAT1,14
NOX1,14
NPFFR1,14
NPFFR2,14
NPHP3-ACAD11,14
NRF1,14
NSUN6,14
NUDT4,14
NUS1,14
NUTM2F,14
PADI3,14
PAFAH1B3,14
PAIP2,14
PAK2,14
PBK,14
PCYOX1,14
PDCL2,14
PDHB,14
PDZD11,14
PEX12,14
PEX6,14
PGLYRP4,14
PGP,14
PGRMC1,14
PIGB,14
PIGC,14
PKHD1,14
PKLR,14
PLCXD3,14
PLRG1,14
PNMA1,14
POLQ,14
POTEF,14
PPP1R11,14
PRKCI,14
PRKCQ,14
PRPF39,14
PRSS35,14
PSKH2,14
PSPH,14
PTGER2,14
PURG,14
R3HCC1L,14
RAB32,14
RAB9A,14
RAD9B,14
RAE1,14
RANBP10,14
RASL11A,14
RDH14,14
RFWD3,14
RGPD1,14
RGS4,14
RHOU,14
RIC3,14
RIMBP3C,14
RLN1,14
RNF122,14
RNF169,14
RNF180,14
RNF26,14
RP9,14
RPA3,14
RPAP2,14
RTN3,14
SAT1,14
SAXO2,14
SCGB1D2,14
SDC4,14
SEC11A,14
SEC61B,14
SETD9,14
SGTB,14
SLC17A5,14
SLC19A2,14
SLC25A17,14
SLC4A1AP,14
SLIRP,14
SLITRK2,14
SMC2,14
SMS,14
SNW1,14
SNX6,14
SOD1,14
SOS2,14
SPINK4,14
SPO11,14
SPTLC3,14
SPTSSB,14
ST8SIA6,14
STAM,14
STYK1,14
SUZ12,14
SYCP1,14
TACR3,14
TADA1,14
TAF5L,14
TBC1D3L,14
TDG,14
TDP2,14
TEX36,14
THAP2,14
THRSP,14
TICAM1,14
TIGD6,14
TIMM17B,14
TM2D1,14
TMEM14C,14
TMEM191B,14
TMEM247,14
TMEM248,14
TNFRSF11B,14
TNNI3K,14
TRMT13,14
TSPYL5,14
TTI2,14
TYR,14
TYW1B,14
UBE2E2,14
UBXN4,14
UCMA,14
UGT3A1,14
UQCRB,14
UXT,14
VAMP7,14
VCX3A,14
VNN2,14
WDR93,14
WHAMM,14
XPNPEP3,14
ZC3H12B,14
ZFP14,14
ZNF124,14
ZNF235,14
ZNF286B,14
ZNF300,14
ZNF354B,14
ZNF366,14
ZNF391,14
ZNF441,14
ZNF546,14
ZNF717,14
ZNF729,14
ZNF766,14
ZNF812P,14
ZNF823,14
ZNF831,14
ZNHIT2,14
ZNRF2,14
ZSCAN22,14
ZSWIM3,14
ZWINT,14
ZXDA,14
AARD,13
AASDH,13
ABHD17B,13
ACTG2,13
ACTR2,13
ADAT2,13
ADGRE3,13
ALG8,13
AMN1,13
ANAPC10,13
ANGPTL6,13
ANKRD40,13
ANKRD46,13
ANKRD7,13
APOBEC2,13
APOD,13
ARHGEF26,13
ARL1,13
ARL11,13
ARL2-SNX15,13
ARL3,13
ARMCX1,13
ASB15,13
ATP6V1C1,13
BBS7,13
BCAS4,13
BIK,13
BRAP,13
BRI3BP,13
BRMS1L,13
BTN3A2,13
C11orf42,13
C15orf61,13
C16orf54,13
C1QL3,13
C1QTNF9B,13
C1orf116,13
C21orf91,13
C2orf74,13
C4BPA,13
C4orf33,13
C5orf15,13
C8orf44-SGK3,13
C9orf40,13
C9orf50,13
CABP5,13
CAMLG,13
CBX1,13
CCDC122,13
CCDC172,13
CCDC59,13
CCDC71L,13
CCL21,13
CCR2,13
CD177,13
CD3E,13
CD83,13
CDADC1,13
CDK5RAP1,13
CDKN2B,13
CDKN3,13
CENPB,13
CENPL,13
CENPN,13
CFAP36,13
CFL2,13
CHAC1,13
CLDN20,13
CLEC14A,13
CLRN2,13
CLVS2,13
CNEP1R1,13
COX7A2,13
CPA3,13
CPN1,13
CREB3L3,13
CSNK1A1L,13
CSRP3,13
CTRC,13
CXCL1,13
CXCL5,13
CYP27A1,13
CYTL1,13
DACT2,13
DAD1,13
DAPL1,13
DAZAP2,13
DCAF13,13
DFFA,13
DIMT1,13
DIRAS3,13
DNAH12,13
DNASE2B,13
DTYMK,13
DYTN,13
EBPL,13
EHD4,13
EIF2S3,13
EIF3M,13
ELP6,13
ERVMER34-1,13
ESF1,13
ESM1,13
FABP4,13
FAIM,13
FAM111B,13
FAM124A,13
FAM180A,13
FAM181B,13
FAM43A,13
FAM47E-STBD1,13
FBP2,13
FBXO39,13
FBXW12,13
FCER1A,13
FKBP14,13
FKTN,13
FLT3,13
FOSL1,13
FUNDC2,13
FZD9,13
GABARAPL1,13
GABARAPL2,13
GAST,13
GCDH,13
GDF9,13
GIMAP8,13
GIPC3,13
GLRX,13
GMEB1,13
GNB4,13
GP6,13
GPN1,13
GPR156,13
GPR173,13
GPRC5D,13
GPX2,13
GPX5,13
GSG1,13
GTF2H5,13
GTF3C4,13
GXYLT1,13
HAUS6,13
HCRT,13
HDX,13
HLA-E,13
HMGN4,13
HSPBP1,13
HTR3D,13
IDNK,13
IFI44,13
IFT22,13
IKZF3,13
JADE3,13
KCNE2,13
KCTD20,13
KIAA0825,13
KLF2,13
KLHDC1,13
KLHL12,13
KPNA1,13
LCT,13
LGALSL,13
LHFPL1,13
LMOD1,13
LRRIQ3,13
LSM11,13
LURAP1L,13
MAGOHB,13
MAPRE1,13
MBOAT1,13
MCL1,13
MCUR1,13
MED30,13
MED31,13
MED4,13
MEN1,13
MID1IP1,13
MMAB,13
MMS22L,13
MON1A,13
MORN3,13
MOSPD1,13
MRAP2,13
MROH8,13
MS4A3,13
MTIF2,13
MTRF1,13
MYADML2,13
MYL12B,13
NANP,13
NATD1,13
NBPF15,13
NDUFA8,13
NDUFB10,13
NDUFC1,13
NFYA,13
NHLRC1,13
NLRP13,13
NLRP14,13
NOL7,13
NR0B2,13
NUDT7,13
NUDT9,13
NUP35,13
OGFOD1,13
OR4N2,13
OXGR1,13
OXLD1,13
P2RY1,13
PANX1,13
PARM1,13
PCSK1N,13
PDCD1LG2,13
PET117,13
PEX13,13
PHLDA1,13
PIGH,13
PIK3R6,13
PKDREJ,13
PLA2G7,13
PLGRKT,13
PLSCR4,13
PMVK,13
PNPLA4,13
POLE3,13
POLE4,13
POLI,13
POMC,13
POTEI,13
PPIA,13
PPP1R8,13
PPP4C,13
PRAMEF6,13
PREPL,13
PRF1,13
PRKAG3,13
PRPS2,13
PRR4,13
PSMB2,13
PTCRA,13
PTPN1,13
PTTG1,13
PUS3,13
PUS7,13
PWP1,13
PYCARD,13
PYURF,13
RAB13,13
RAB2B,13
RABL3,13
RAD51,13
RAVER2,13
RBL1,13
RBM12B,13
RBM34,13
RBP7,13
REEP3,13
RFC3,13
RGS17,13
RIMKLA,13
RNGTT,13
RORB,13
RP2,13
RRS1,13
RWDD4,13
S100Z,13
SAV1,13
SCGB2A1,13
SCIMP,13
SCO1,13
SERINC3,13
SFR1,13
SFT2D2,13
SHISA3,13
SLC28A1,13
SLC30A7,13
SLC51B,13
SLC6A14,13
SMN1,13
SMTNL1,13
SNRPF,13
SNX7,13
SOAT1,13
SPATA6L,13
SPDYE16,13
SPICE1,13
SPIN4,13
SPINK5,13
SPX,13
SRD5A1,13
SRGN,13
SRSF12,13
SSMEM1,13
STRN,13
SUMF1,13
SUMF2,13
SVBP,13
TAAR2,13
TATDN3,13
TBC1D13,13
TCF21,13
TCHH,13
TERF1,13
TERF2IP,13
TFPT,13
TIGD2,13
TIMM17A,13
TIMM9,13
TLR1,13
TM4SF5,13
TMEM230,13
TMEM242,13
TMEM30B,13
TMEM31,13
TMEM64,13
TMEM70,13
TNFSF11,13
TOMM22,13
TRIM32,13
TRIM58,13
TRMT10A,13
TRNAU1AP,13
TRPC4AP,13
TSACC,13
TSPAN16,13
TSPAN19,13
TSPYL4,13
TTC23L,13
TTC32,13
TTC8,13
TUBA3C,13
TXK,13
TXNDC16,13
UBALD2,13
UBASH3A,13
UBE2V2,13
UBL4B,13
VKORC1L1,13
VPS72,13
WDR72,13
WIPF3,13
XKR9,13
YDJC,13
YIPF5,13
YME1L1,13
ZBTB2,13
ZBTB40,13
ZC3H7B,13
ZCCHC9,13
ZFP1,13
ZNF114,13
ZNF16,13
ZNF169,13
ZNF26,13
ZNF264,13
ZNF383,13
ZNF430,13
ZNF487,13
ZNF502,13
ZNF555,13
ZNF560,13
ZNF629,13
ZNF675,13
ZNF681,13
ZNF777,13
ZNF783,13
ZNF791,13
ZNF85,13
ZNF92,13
ZRSR2,13
ZYG11B,13
ABCB5,12
ACTR5,12
ADAD1,12
ADH6,12
AGAP14P,12
AGAP6,12
AGR2,12
AKIP1,12
AKIRIN1,12
ALOX15B,12
ANKRD37,12
ANXA10,12
AP4E1,12
ATF1,12
ATL3,12
BCAP29,12
BORCS5,12
C11orf71,12
C12orf43,12
C12orf60,12
C19orf53,12
C2orf69,12
C5orf34,12
C8orf76,12
CCDC167,12
CCL13,12
CCL28,12
CCR5,12
CCR8,12
CD70,12
CDC20B,12
CDC26,12
CDCA4,12
CELA2A,12
CEP44,12
CEP55,12
CFH,12
CGRRF1,12
CHMP4B,12
CHRM2,12
CIDEC,12
CISD2,12
CLDN22,12
CNIH4,12
COA4,12
COMMD8,12
COMMD9,12
COPRS,12
COX5A,12
CPXM1,12
CRISP2,12
CSRNP3,12
CUL5,12
CUTC,12
CXCL13,12
CXCL2,12
CXCR1,12
CXCR5,12
CYBRD1,12
CYP2C9,12
DAZL,12
DBX2,12
DCAF16,12
DDO,12
DIAPH2,12
DIO1,12
DIRAS2,12
DNAJC28,12
DNAJC3,12
DNPH1,12
DTWD2,12
DUSP12,12
DYNLRB2,12
EAPP,12
ECSCR,12
EDEM2,12
EPHA3,12
EXD1,12
FABP7,12
FAM106A,12
FAM120C,12
FAM50B,12
FEM1C,12
FFAR4,12
FGF10,12
FMO2,12
FMO3,12
FMR1NB,12
FRAT1,12
FTH1,12
G6PC3,12
GABRG1,12
GAP43,12
GAS2L2,12
GGCT,12
GPRIN1,12
GPRIN3,12
GPX7,12
GRIK1,12
GTF2E1,12
GZMB,12
GZMK,12
HEPHL1,12
HLA-DQB2,12
HNRNPAB,12
HTR1E,12
HTR3B,12
HTR7,12
HYLS1,12
IFNA1,12
IGIP,12
IL21,12
IL33,12
ILDR2,12
IMPACT,12
INO80C,12
KCNG4,12
KCNK15,12
KIAA1958,12
KIAA2013,12
KRT28,12
KRT39,12
KRTAP10-7,12
LAMP3,12
LCE3C,12
LEUTX,12
LRRC61,12
LRRC66,12
LRRC72,12
LRRC8B,12
LRRCC1,12
LRRTM3,12
LTN1,12
LYRM7,12
MAGEH1,12
MANBAL,12
MAP9,12
MAPK1IP1L,12
MCHR2,12
MCM8,12
MEIG1,12
MEP1B,12
METTL18,12
METTL21C,12
MFAP1,12
MOB1A,12
MPLKIP,12
MS4A4E,12
MSH4,12
MSX2,12
MUCL1,12
MYF6,12
NDUFA1,12
NDUFAF1,12
NPIPB15,12
NUP37,12
NWD1,12
ODF1,12
OIP5,12
ORC3,12
P2RX7,12
P2RY12,12
P4HA1,12
PAFAH1B2,12
PANX3,12
PCDHGA1,12
PCP4L1,12
PEG10,12
PELI1,12
PGAM1,12
PIBF1,12
PITHD1,12
PJA1,12
PLP2,12
PNPT1,12
POLR2G,12
POP1,12
PRAMEF26,12
PRB4,12
PRELP,12
PRRC1,12
PRSS54,12
PTGFR,12
PTN,12
PTRH2,12
PTS,12
PXT1,12
RAB10,12
RAB29,12
RAB6C,12
RAP2A,12
RETN,12
RITA1,12
RNASE1,12
RNF146,12
RNF6,12
RPL36A-HNRNPH2,12
RPP40,12
RPRD2,12
RPUSD2,12
RRH,12
RTP4,12
RXFP1,12
SAMD7,12
SCAND1,12
SDE2,12
SEC11C,12
SERPINE1,12
SFT2D3,12
SGCZ,12
SH3BGRL,12
SIAH3,12
SLC10A2,12
SLC10A4,12
SLC16A14,12
SLC24A5,12
SLC31A2,12
SLC35G1,12
SLC35G5,12
SLC39A2,12
SLC46A3,12
SLPI,12
SMIM15,12
SMIM21,12
SNAI2,12
SNAPC1,12
SNCB,12
SNX16,12
SPACA7,12
SPATA16,12
SPATA17,12
SRP9,12
STAM2,12
STARD6,12
SUMO2,12
SUSD5,12
TAS2R1,12
TBC1D7,12
TCF23,12
TDRKH,12
TESK2,12
TFEC,12
TIMD4,12
TIMM10,12
TIMM23,12
TM4SF1,12
TMC3,12
TMEM126A,12
TMEM14A,12
TMF1,12
TMPRSS11D,12
TNKS2,12
TOE1,12
TOR1A,12
TRDN,12
TREM2,12
TRIM13,12
TSPAN13,12
TSPYL6,12
TTBK2,12
TTC14,12
TTN,12
TUBA3E,12
TUBE1,12
TUSC1,12
TVP23B,12
TWSG1,12
UBE2N,12
UHMK1,12
UNC119B,12
UPK1A,12
VCPIP1,12
VCX,12
VGLL3,12
VKORC1,12
VRK2,12
VSTM1,12
VTA1,12
VWA2,12
ZBED3,12
ZBTB43,12
ZCCHC3,12
ZCCHC4,12
ZCCHC8,12
ZKSCAN2,12
ZNF140,12
ZNF2,12
ZNF211,12
ZNF224,12
ZNF256,12
ZNF283,12
ZNF326,12
ZNF345,12
ZNF429,12
ZNF540,12
ZNF594,12
ZNF79,12
ZNF804B,12
ZNF81,12
ZNF830,12
ZNF843,12
ZNF99,12
ZRANB2,12
ZSCAN20,12
ZSCAN21,12
ZXDB,12
A4GNT,11
AADAT,11
ABCG2,11
ABHD18,11
ADAM32,11
ADGRF4,11
ADH7,11
ADO,11
ADPRH,11
AGAP9,11
AGPS,11
AKAP14,11
AKAP3,11
AKR1C2,11
ANGPTL5,11
ANKRD49,11
APEX1,11
ARF4,11
ARGFX,11
ARL9,11
ARSJ,11
ART4,11
ARV1,11
ASAH2B,11
ATAD5,11
ATXN3,11
AURKA,11
BATF,11
BORCS6,11
BTN1A1,11
BTNL2,11
C10orf67,11
C1QA,11
C1orf53,11
C6orf58,11
C6orf89,11
CASP8AP2,11
CBR1,11
CBY1,11
CCDC144NL,11
CCDC181,11
CCL26,11
CCNA2,11
CCNB2,11
CCNJ,11
CD1C,11
CD302,11
CDC37L1,11
CDH19,11
CDKN2AIPNL,11
CENPH,11
CHIC1,11
CHM,11
CLEC1A,11
CLEC4D,11
CNBD1,11
CNPY3,11
COMMD2,11
COMMD3-BMI1,11
COQ3,11
COX7A1,11
CRYBA1,11
CT47A6,11
CTSG,11
CTU1,11
CWF19L2,11
CYB5D2,11
CYP4A22,11
DCTPP1,11
DDX43,11
DEFB118,11
DPEP3,11
DSC1,11
DUX4,11
DYNLT3,11
DZIP3,11
E2F7,11
EIF4EBP2,11
EMC7,11
ENDOD1,11
EPO,11
ERV3-1,11
ETHE1,11
EXO5,11
EXTL2,11
FAAP24,11
FAM162B,11
FAM167B,11
FAM168B,11
FANCF,11
FBXO43,11
FCF1,11
FEM1A,11
FITM1,11
FITM2,11
GABRR1,11
GJC3,11
GPATCH11,11
GPR85,11
GSTA3,11
GTF2A1,11
GTF2A2,11
GTF2B,11
GTF2H2,11
GTPBP8,11
GUCA1B,11
GUF1,11
HARBI1,11
HAUS1,11
HAVCR1,11
HEPN1,11
HINT3,11
HMGN3,11
HNRNPA0,11
HPSE,11
HUS1,11
IAPP,11
IFNLR1,11
IL1RAPL1,11
INIP,11
INSL3,11
IPO7,11
IRAK1BP1,11
JRKL,11
JTB,11
KBTBD7,11
KHDRBS2,11
KIF3B,11
KLHL1,11
KLHL25,11
KLHL40,11
KLRC1,11
KPNA7,11
LDLRAD1,11
LEP,11
LRCH2,11
LRRC3,11
LRRC53,11
LTV1,11
LURAP1,11
LY86,11
LYG1,11
MAGI3,11
MAMDC2,11
MAP10,11
MED27,11
MNDA,11
MOGAT1,11
MORC1,11
MPV17L2,11
MRS2,11
MTMR9,11
NAA35,11
NAGA,11
NCBP2,11
NDUFA2,11
NDUFAF4,11
NDUFB7,11
NDUFS4,11
NEURL1B,11
NFU1,11
NIP7,11
NLRP7,11
NRBF2,11
NUP62CL,11
NUTM1,11
OPN1SW,11
OR13A1,11
OR9Q1,11
ORC5,11
OSGIN2,11
OTUD6B,11
PALB2,11
PBDC1,11
PCDHB11,11
PCGF6,11
PDC,11
PDE6C,11
PFN4,11
PHF6,11
PHOSPHO2,11
PI15,11
PLA2G1B,11
PLBD2,11
PLPP6,11
POLH,11
POLR2D,11
POLR2K,11
PPM1E,11
PPP1R14D,11
PPP1R3D,11
PRB3,11
PRIM1,11
PRMT6,11
PRR13,11
PRSS57,11
PTPN22,11
PTRHD1,11
PUS7L,11
PXMP4,11
R3HDML,11
RALBP1,11
RAP2B,11
RBM11,11
RBM8A,11
RERGL,11
RHAG,11
RNASEL,11
RNF135,11
RPE65,11
RRN3,11
RSPH3,11
SAA1,11
SAGE1,11
SAMD15,11
SASS6,11
SAYSD1,11
SC5D,11
SCCPDH,11
SCEL,11
SCG3,11
SCNN1G,11
SCRN3,11
SDHD,11
SEC23B,11
SERINC1,11
SERPIND1,11
SGCG,11
SIKE1,11
SLA2,11
SLAMF1,11
SLC17A4,11
SLC22A10,11
SLC29A2,11
SLC2A12,11
SLC31A1,11
SLC35A3,11
SLC9C1,11
SMIM17,11
SMPDL3A,11
SNAPIN,11
SNRNP27,11
SNRPB2,11
SNRPE,11
SNRPG,11
SNTB2,11
SPATA18,11
SPATA31D3,11
ST8SIA4,11
STAP1,11
STMND1,11
TACO1,11
TAF1B,11
TAF5,11
TBC1D12,11
TBC1D21,11
TBC1D25,11
TEFM,11
TEK,11
TFB2M,11
TFPI,11
TGOLN2,11
TGS1,11
THG1L,11
TIFAB,11
TIMM23B,11
TLR4,11
TLR8,11
TMBIM4,11
TMED4,11
TMEM184C,11
TMEM221,11
TMEM252,11
TMPRSS11E,11
TMSB10,11
TOMM20,11
TREH,11
TRHR,11
TRIM63,11
TRIM72,11
TSEN15,11
TTLL1,11
TXLNA,11
UBE4A,11
USP16,11
UTP3,11
VAMP4,11
VCX3B,11
VIT,11
VMA21,11
WASF2,11
WDHD1,11
WDR36,11
YIPF4,11
ZBED5,11
ZBTB3,11
ZNF117,11
ZNF14,11
ZNF214,11
ZNF229,11
ZNF230,11
ZNF233,11
ZNF257,11
ZNF440,11
ZNF445,11
ZNF461,11
ZNF491,11
ZNF501,11
ZNF595,11
ZNF622,11
ZNF737,11
ZNF738,11
ZNF750,11
ZNF771,11
ZNF829,11
ZNHIT6,11
ZSCAN9,11
ZSWIM1,11
AADAC,10
ABCD2,10
ACTL8,10
ADAM21,10
ADAM29,10
ADAM7,10
ADGRE1,10
ADH1B,10
AKR7A3,10
ALKBH8,10
ANKRD22,10
AP5S1,10
APOBEC1,10
AQP11,10
AQP8,10
ARGLU1,10
ARL6IP5,10
ASNSD1,10
ATG4C,10
B3GALT1,10
BAK1,10
BBOX1,10
BCAS2,10
BIRC3,10
BLOC1S5-TXNDC5,10
BMS1,10
BPIFA3,10
BRF2,10
BTNL3,10
C16orf78,10
C16orf87,10
C18orf63,10
C3orf22,10
C5AR1,10
C5orf63,10
C6orf120,10
CARF,10
CASP10,10
CBLL1,10
CCDC179,10
CCL11,10
CCT8,10
CD14,10
CD5L,10
CD74,10
CDC7,10
CEACAM20,10
CEBPZOS,10
CENPU,10
CHEK1,10
CHRM5,10
CLDN12,10
CLNK,10
CMBL,10
CMTM6,10
CNR2,10
CNST,10
CNTN6,10
COX5B,10
COX6C,10
CRLF2,10
CST7,10
CWC15,10
CYB5R4,10
CYP2J2,10
DCTN5,10
DDX52,10
DEFB119,10
DGKK,10
DMRTA1,10
DNAAF2,10
DNAJC30,10
DSCC1,10
EHHADH,10
EID2B,10
EIF2S2,10
ENPP4,10
ERLIN1,10
ERMN,10
FABP12,10
FADD,10
FAM184B,10
FAM218A,10
FAM221A,10
FAM24B,10
FFAR2,10
FGF20,10
FGL2,10
FIBIN,10
FLG2,10
FN3K,10
FUT3,10
GAS1,10
GCSAM,10
GID8,10
GIMAP7,10
GLO1,10
GMFB,10
GNG10,10
GP1BA,10
GPKOW,10
GTF2H2C,10
GZMH,10
HAT1,10
HEATR1,10
HILPDA,10
HINT1,10
HMMR,10
HS6ST3,10
HSFY2,10
HSPA13,10
IARS2,10
IFIT1B,10
IGBP1,10
IL12A,10
IL15,10
IL22RA1,10
IL2RG,10
IL31,10
INSL6,10
ITGA2,10
KBTBD6,10
KDM4D,10
KIF14,10
KLHL6,10
KLKB1,10
KLRC2,10
KRT27,10
KRT34,10
KRTAP12-3,10
L2HGDH,10
LACTBL1,10
LAMP5,10
LDHC,10
LRRC10,10
MDP1,10
MED19,10
MED21,10
METTL5,10
MIEN1,10
MMD,10
MOCS2,10
MPHOSPH6,10
MRFAP1,10
MRFAP1L1,10
MSS51,10
MT4,10
MTMR6,10
MUL1,10
MYBL2,10
NAA20,10
NF2,10
NGDN,10
NLRC4,10
NQO1,10
NRAP,10
NRAS,10
NTS,10
NUBPL,10
NUF2,10
NUFIP2,10
PABPC5,10
PARPBP,10
PCDHB13,10
PCDHB8,10
PDZD9,10
PEX2,10
PIH1D2,10
PLA2G4A,10
POC1A,10
PODXL2,10
POLR3F,10
POM121L2,10
POTEC,10
POTED,10
PPP1R3C,10
PRH2,10
PROK1,10
PROK2,10
PRRG2,10
PSMB5,10
PSMD12,10
PSMG3,10
PYHIN1,10
RBM43,10
RCHY1,10
RCSD1,10
RDH16,10
RECK,10
RECQL,10
REG4,10
RFESD,10
RHOJ,10
RILPL2,10
RLBP1,10
RLF,10
RNASEH2C,10
RNF168,10
RPA2,10
RPEL1,10
RPRML,10
RPS10-NUDT3,10
RRAGA,10
RRP7A,10
RWDD1,10
SDHC,10
SEC61G,10
SERPINA9,10
SH3GL2,10
SIGMAR1,10
SLC14A2,10
SLC15A5,10
SLC33A1,10
SLC35B3,10
SLC35G3,10
SLC52A1,10
SLC9A9,10
SLCO1A2,10
SLCO1B1,10
SLCO4C1,10
SLFN14,10
SLN,10
SNRNP48,10
SOX4,10
SPATA2,10
SPCS3,10
SPDL1,10
STBD1,10
STEAP4,10
STX12,10
STX7,10
SUGT1,10
SVIP,10
TEX11,10
TFAM,10
TFPI2,10
TGDS,10
THAP1,10
THAP10,10
THUMPD1,10
TIMM22,10
TIMM8A,10
TIMP4,10
TINAG,10
TLR10,10
TMC7,10
TMEM128,10
TMEM167B,10
TMPRSS15,10
TNFRSF21,10
TNMD,10
TOMM7,10
TPRKB,10
TRAM1,10
TRIL,10
TRIM59,10
TRIP11,10
TRMT6,10
TRUB1,10
TSNAX-DISC1,10
TSPYL1,10
TTC9,10
UBE2QL1,10
UPF3B,10
UQCRQ,10
VWC2,10
WFDC9,10
XKR3,10
YARS2,10
ZAN,10
ZBTB41,10
ZC3HC1,10
ZKSCAN8,10
ZNF202,10
ZNF225,10
ZNF234,10
ZNF281,10
ZNF324,10
ZNF350,10
ZNF365,10
ZNF492,10
ZNF530,10
ZNF554,10
ZNF561,10
ZNF582,10
ZNF625-ZNF20,10
ZNF728,10
ZNF780A,10
ZNF784,10
ZNF98,10
ZSWIM5,10
ACBD7,9
ACOT6,9
ACTRT3,9
AGMO,9
APMAP,9
APOL1,9
ARIH2OS,9
ARL13B,9
ARL2BP,9
ARL5B,9
ARL8B,9
ASB17,9
ASB3,9
ATP6V0E1,9
B9D2,9
C11orf24,9
C15orf40,9
C16orf96,9
C1GALT1C1,9
C1orf115,9
C22orf23,9
C2orf78,9
C3orf49,9
CAPN6,9
CASS4,9
CBY3,9
CCDC60,9
CCDC8,9
CCL22,9
CCR4,9
CD300LB,9
CDR2L,9
CENPW,9
CETN3,9
CHCHD1,9
CHST7,9
CLCA1,9
CLEC2B,9
COPB1,9
COX10,9
COX17,9
CPLX4,9
CREG1,9
CSGALNACT2,9
CXCL8,9
CYP3A43,9
CYYR1,9
DAND5,9
DBR1,9
DBT,9
DEFB104B,9
DEFB123,9
DHCR24,9
DNAJC25-GNG10,9
DRD3,9
ECD,9
EEF1E1-BLOC1S5,9
EHD3,9
EIF3CL,9
ELOVL5,9
EMC4,9
ENDOG,9
ENTHD1,9
EVI2B,9
F2RL1,9
FAM32A,9
FAM83D,9
FASLG,9
FBXL4,9
FGD1,9
FGFBP3,9
FHL5,9
FKBPL,9
FLRT3,9
FPR1,9
FUCA1,9
FXN,9
FZD6,9
GAPT,9
GBP4,9
GIP,9
GJB7,9
GNG11,9
GNGT1,9
GOLT1B,9
GOPC,9
GPR180,9
GSPT2,9
GYPB,9
HEMGN,9
HESX1,9
HIGD1C,9
HLA-DRB5,9
HPR,9
HPRT1,9
HSD17B11,9
IL13RA2,9
KCNV2,9
KIF20B,9
KIR2DL4,9
KLHL31,9
KRR1,9
KRT12,9
KXD1,9
L1TD1,9
L3MBTL2,9
LCA5,9
LGALS2,9
LIN7C,9
LINC01620,9
LONRF2,9
LRRC40,9
LRRC46,9
LSM3,9
LUZP4,9
LYVE1,9
LYZL1,9
MAK16,9
MEOX1,9
MNS1,9
MRAP,9
MRC1,9
MS4A15,9
MT1HL1,9
MTERF1,9
MTERF2,9
MTO1,9
MTX3,9
MYH13,9
NAA25,9
NDP,9
NDUFA12,9
NENF,9
NEU3,9
NKAPL,9
NMBR,9
NMI,9
NSA2,9
NUP133,9
OIT3,9
OR4C3,9
OR8S1,9
OSGEPL1,9
OVOL3,9
P2RY10,9
PAK1IP1,9
PARS2,9
PCNP,9
PDCL,9
PERP,9
PEX7,9
PIGM,9
PIN4,9
PMP2,9
PNO1,9
POLR2J,9
PPIL4,9
PRAMEF20,9
PRPH2,9
PRSS48,9
PSMB7,9
PTGES,9
PTX3,9
QRSL1,9
RABIF,9
RAD1,9
RAD51C,9
RAN,9
REP15,9
RGPD2,9
RHEBL1,9
RNF113A,9
RNF114,9
RNF19B,9
RNLS,9
RPAIN,9
SAP18,9
SCGB1D4,9
SCGN,9
SELE,9
SERPINB13,9
SERTAD1,9
SGPP1,9
SKA1,9
SLC10A5,9
SLC10A6,9
SLC25A33,9
SLC2A7,9
SLC5A8,9
SLCO1C1,9
SMG8,9
SNIP1,9
SNX15,9
SNX3,9
SOWAHA,9
SPINK1,9
SPR,9
SPTY2D1,9
SRBD1,9
SREK1IP1,9
SRP14,9
STAU1,9
SULT1E1,9
SULT2A1,9
SYCP3,9
TEX101,9
TEX28,9
THUMPD3,9
TMEM140,9
TMEM212,9
TMEM74,9
TMPRSS12,9
TNFSF13B,9
TNFSF18,9
TOMM20L,9
TOR1B,9
TRAPPC6B,9
TRIM4,9
TRIM40,9
TSGA10IP,9
UBE2U,9
UBQLN2,9
UFL1,9
UGT2A3,9
UQCRFS1,9
VPS36,9
WFDC10B,9
XKR5,9
YIPF1,9
ZBTB26,9
ZC3H13,9
ZCCHC10,9
ZCCHC17,9
ZFP42,9
ZFP57,9
ZKSCAN4,9
ZMPSTE24,9
ZNF134,9
ZNF154,9
ZNF226,9
ZNF280A,9
ZNF322,9
ZNF425,9
ZNF488,9
ZNF566,9
ZNF571,9
ZNF597,9
ZNF619,9
ZNF688,9
ZNF732,9
ZNF813,9
ZNF84,9
ZSCAN16,9
ADH1A,8
ADIPOQ,8
AHSG,8
AKIRIN2,8
AMACR,8
ANGPT2,8
ANKEF1,8
APOL5,8
ARCN1,8
ASPN,8
ASZ1,8
ATF6,8
BAG2,8
BCL10,8
BRIX1,8
BRK1,8
BTD,8
C19orf18,8
C19orf84,8
C1QTNF2,8
C20orf96,8
C2orf68,8
C3orf38,8
C4orf17,8
CA6,8
CAAP1,8
CALCRL,8
CCDC126,8
CCDC152,8
CCDC169-SOHLH2,8
CCT4,8
CD200R1,8
CD38,8
CDH9,8
CDK20,8
CDKL4,8
CEBPG,8
CENPI,8
CHAC2,8
CHRNA6,8
CIB3,8
CNIH1,8
CNOT6,8
COA7,8
CR1,8
CRISP3,8
CRYGB,8
CRYGS,8
CSTA,8
CSTF1,8
CSTF2T,8
CTSO,8
CYP1A2,8
CYP4Z1,8
CYSLTR1,8
DCAF4L1,8
DCTN6,8
DENR,8
DEPDC1,8
DIS3,8
DPM3,8
DPRX,8
DSG4,8
ECM2,8
EDAR,8
EPM2AIP1,8
ERCC6L,8
ETAA1,8
F2RL2,8
FAM133A,8
FAM151B,8
FAM177B,8
FAM185A,8
FAM187B,8
FAM216B,8
FAM98B,8
GAR1,8
GCM1,8
GCNT7,8
GDPD4,8
GEMIN2,8
GJA3,8
GJD4,8
GLRA2,8
GLT6D1,8
GLUD2,8
GNAT3,8
GNMT,8
GPR18,8
GPR87,8
GPX8,8
GSR,8
GSTA2,8
GUCY2C,8
GYPE,8
GZMA,8
HLA-DRA,8
HNMT,8
HNRNPCL1,8
ICOS,8
IER5,8
IFNA4,8
IL26,8
IRAK2,8
IRAK3,8
IZUMO2,8
KLF14,8
KLF9,8
LAPTM4B,8
LCMT2,8
LDAH,8
LIPK,8
LLPH,8
LMOD3,8
LRIT3,8
LRRC58,8
LRRC63,8
LRRIQ4,8
LRRTM2,8
LSM6,8
LYRM2,8
MAGEE1,8
MBTPS2,8
MEAF6,8
MED1,8
MEIOB,8
MGST2,8
MIS12,8
MMP12,8
MMP13,8
MMP27,8
MORN4,8
MS4A6E,8
MS4A8,8
MTPN,8
MYH1,8
NAA11,8
NAF1,8
NCOA5,8
NCR1,8
NDST3,8
NOC3L,8
NOP10,8
NPSR1,8
NSUN3,8
NUDT2,8
NUDT6,8
OPRD1,8
OR5V1,8
OXA1L,8
P2RY13,8
PCDHB3,8
PCDHB7,8
PDCD2,8
PIGK,8
PLA2G12B,8
PLA2G2D,8
PMAIP1,8
PMPCB,8
PNN,8
POLR3B,8
PPBP,8
PPP6C,8
PRB1,8
PRMT9,8
PRSS38,8
PSKH1,8
PSMA8,8
PSMB6,8
PSMD10,8
PTCD2,8
PTCHD3,8
RAB11B,8
RAB40AL,8
RAB42,8
RASSF6,8
RBM42,8
RBM48,8
RD3L,8
REC114,8
REEP5,8
RETNLB,8
RFK,8
RFTN2,8
RLIM,8
RNF144B,8
ROS1,8
RPP14,8
RSU1,8
SAP30,8
SCFD2,8
SDHAF4,8
SDR42E1,8
SDR42E2,8
SERF1A,8
SERF1B,8
SLC28A3,8
SLC45A2,8
SLC5A12,8
SLFN12,8
SMIM10L1,8
SMR3B,8
SNAPC3,8
SNRNP35,8
SOSTDC1,8
SPARCL1,8
SPATA19,8
SPDYC,8
SPDYE6,8
SPINK13,8
SRSF8,8
STK32A,8
TAF3,8
TAF4B,8
TBPL2,8
TDRD1,8
TECRL,8
TIMM8B,8
TMED7,8
TMEM186,8
TMEM81,8
TOPORS,8
TTC33,8
TTPA,8
TYW5,8
UFM1,8
UGT1A8,8
UGT2A1,8
URGCP-MRPS24,8
VCPKMT,8
VN1R2,8
VPREB3,8
VPS37D,8
XCL1,8
ZNF189,8
ZNF208,8
ZNF543,8
ZNF556,8
ZNF589,8
ZNF607,8
ZNF676,8
ZNF69,8
ZNF705G,8
ZNF718,8
ZNF749,8
ZNF780B,8
ZNF805,8
ZNF850,8
ZNF879,8
AADACL3,7
ABHD10,7
ADGRG4,7
AGBL3,7
ALG10,7
ANKS4B,7
APOOL,7
AQP9,7
ARHGAP19-SLIT1,7
ATF7IP2,7
BCO1,7
BLID,7
BLOC1S4,7
BLOC1S6,7
BLZF1,7
BSPH1,7
C18orf32,7
C1GALT1C1L,7
C9orf72,7
CASP5,7
CCDC117,7
CCDC15,7
CCDC28A,7
CCDC89,7
CD2,7
CD28,7
CD69,7
CFAP126,7
CGA,7
CHAMP1,7
CHMP4C,7
CHRNB3,7
CHURC1,7
CLEC4E,7
CMPK1,7
CMTR2,7
COL10A1,7
COX18,7
COX8A,7
CPA2,7
CT55,7
DEFB103B,7
DNAJC15,7
DTWD1,7
DUSP11,7
EID2,7
EIF1AY,7
ERICH5,7
ERVK3-1,7
FABP2,7
FAHD2B,7
FAM124B,7
FASTKD2,7
FBXO4,7
FBXO47,7
FCN1,7
FOXD4,7
FPR3,7
GHRH,7
GIMAP4,7
GNRHR,7
GPR171,7
GSTA5,7
HACL1,7
HFE,7
HLA-DQA1,7
HLA-DQA2,7
HMHB1,7
IBSP,7
IER3,7
IER3IP1,7
IFI44L,7
IL4,7
IMP3,7
INO80B,7
IPP,7
KCNJ13,7
KIAA1143,7
KITLG,7
KLHL11,7
KLHL20,7
KLHL4,7
KPNA5,7
KRTAP5-11,7
LPAR4,7
LRRC31,7
LRRTM4,7
MAGT1,7
MDS2,7
MED7,7
MFAP3,7
MILR1,7
MKRN2OS,7
MOCS3,7
MPEG1,7
MRGPRX4,7
MROH9,7
MTFMT,7
MUC21,7
MYCT1,7
NAP1L3,7
NDC1,7
NDUFC2-KCTD14,7
NDUFS5,7
NEIL3,7
NUDCD2,7
NUDT12,7
NUDT15,7
NUFIP1,7
NUGGC,7
NXPE4,7
OCSTAMP,7
PARP11,7
PCDHB10,7
PEX11A,7
PGAM4,7
PGBD4,7
PGLYRP1,7
PLAC8L1,7
PLSCR5,7
PRAMEF15,7
PRR27,7
QRFPR,7
RBBP5,7
REG1A,7
REXO4,7
RNASE3,7
RPE,7
RTCA,7
RTP1,7
SCGB3A2,7
SDHAF3,7
SETDB2,7
SETMAR,7
SKA3,7
SLC17A2,7
SLC22A9,7
SLC25A31,7
SLC30A6,7
SMCO3,7
SMNDC1,7
SMU1,7
SPATA12,7
SPCS2,7
SPINK9,7
SPRYD4,7
SRRM5,7
SSTR1,7
STARD4,7
STOML3,7
SULT1B1,7
SULT1C4,7
SYNJ2BP-COX16,7
TAF1L,7
TDRD15,7
TMA7,7
TMEM160,7
TMEM202,7
TMEM216,7
TMTC3,7
TNFSF10,7
TNFSF15,7
TP53I3,7
TRIM61,7
TSGA13,7
TTLL2,7
TUBAL3,7
TXN2,7
TXNDC8,7
UGT2B11,7
UQCRHL,7
USP29,7
UTP14C,7
VNN1,7
WFDC13,7
WFDC8,7
XRCC2,7
ZNF101,7
ZNF165,7
ZNF184,7
ZNF22,7
ZNF221,7
ZNF25,7
ZNF302,7
ZNF304,7
ZNF330,7
ZNF35,7
ZNF416,7
ZNF486,7
ZNF559-ZNF177,7
ZNF613,7
ZNF614,7
ZNF624,7
ZNF66,7
ZNF671,7
ZNF684,7
ZSCAN12,7
ZSCAN4,7
ABT1,6
ACOT1,6
ACRV1,6
ADAM2,6
ADAMDEC1,6
AICDA,6
ALG10B,6
AMELX,6
ANGPTL1,6
ANP32D,6
APOL2,6
ARSK,6
ASB12,6
ASCL4,6
ATOH7,6
BAAT,6
BCL2L10,6
C11orf40,6
C17orf78,6
C1orf146,6
C1orf162,6
C3AR1,6
C5orf46,6
C8orf88,6
C8orf89,6
CAGE1,6
CCDC107,6
CCDC43,6
CCL15-CCL14,6
CCL5,6
CD48,6
CEP19,6
CFHR3,6
CLIC2,6
COPS4,6
COQ10B,6
COX16,6
COX6A1,6
CPB2,6
CPPED1,6
CSTF2,6
CTBS,6
CYP20A1,6
DAZ2,6
DEFB1,6
DYNLRB1,6
EDDM3B,6
ENAM,6
EPGN,6
ERVV-2,6
FAM209B,6
FAM210B,6
FAM229B,6
FBXO28,6
FCAR,6
FKBP1C,6
G6PC2,6
GABRR3,6
GADD45GIP1,6
GBP6,6
GDF3,6
GINS3,6
GLA,6
GLIPR1L2,6
GLRX2,6
GOLPH3L,6
GPR183,6
GPR33,6
GPR65,6
GRPR,6
GUCA1C,6
HACD1,6
HPGDS,6
HRNR,6
HTR2B,6
HTR3C,6
IGSF6,6
IL22RA2,6
IL31RA,6
INO80B-WBP1,6
ISY1-RAB43,6
KIAA1586,6
KRTAP13-2,6
KRTAP9-9,6
LACTB2,6
LIPI,6
LIPJ,6
LIPN,6
LRRD1,6
LYZ,6
MAGEB3,6
MAGEF1,6
MAML2,6
MAP1LC3C,6
MKRN3,6
MRGPRX3,6
MS4A13,6
MS4A18,6
MUC7,6
MYH2,6
MYH8,6
NACA2,6
NCR3,6
NIPSNAP3B,6
NLRP8,6
NME1,6
NME1-NME2,6
NSRP1,6
NTSR2,6
NXT2,6
ORC1,6
PABPC3,6
PCDHB1,6
PCDHB16,6
PCDHB2,6
PDE6H,6
PDILT,6
PHKA1,6
PIGBOS1,6
PNLIP,6
POLR3H,6
PP2D1,6
PPIAL4G,6
PRPF38A,6
PTCHD4,6
RAB44,6
RABEPK,6
RANBP3L,6
RBBP9,6
RGS1,6
RNASE2,6
RNF141,6
RSPH4A,6
S100A12,6
SEPHS2,6
SETSIP,6
SF3B5,6
SI,6
SLC22A24,6
SMCP,6
SMIM10,6
SMIM8,6
SNRPC,6
SNTN,6
SOCS4,6
SPATA45,6
SPIC,6
SPP2,6
SRFBP1,6
STARD3NL,6
SUPT7L,6
TARM1,6
TCFL5,6
THAP6,6
TIPRL,6
TMED2,6
TMED9,6
TMEM207,6
TMEM71,6
TMIGD1,6
TOMM34,6
TP53RK,6
TRIAP1,6
TRMT10C,6
UBE2T,6
UBIAD1,6
UTP20,6
VCAM1,6
VHL,6
VWC2L,6
WDR4,6
WDR5B,6
WDR89,6
ZBTB6,6
ZFP69,6
ZNF280C,6
ZNF33A,6
ZNF484,6
ZNF506,6
ZNF510,6
ZNF534,6
ZNF549,6
ZNF572,6
ZNF583,6
ZNF658,6
ZNF670-ZNF695,6
ZNF80,6
ZNF880,6
ZNF91,6
ZSWIM2,6
ZYG11A,6
AAR2,5
ACSM6,5
AKR1B15,5
ALKBH2,5
AMBN,5
ANKRD61,5
ARMC1,5
ARSF,5
ARSH,5
B3GNT6,5
BBS10,5
BCL2L15,5
BLACE,5
BMP5,5
BORCS7,5
BORCS7-ASMT,5
BPNT1,5
C2orf49,5
C3orf33,5
CHCHD2,5
CKS2,5
CLEC12A,5
COX7B2,5
CREBL2,5
CRTAP,5
CTAGE9,5
CTSS,5
CXCL9,5
DEFB108B,5
DET1,5
DUXA,5
EID1,5
EIF2B1,5
FER1L6,5
FSD2,5
GIMAP2,5
GLYATL3,5
GNRH1,5
GPRC6A,5
GRXCR1,5
HNRNPH2,5
HORMAD1,5
HTR2A,5
HTR3E,5
IDI2,5
JCHAIN,5
KIR3DL1,5
KLRF1,5
KLRF2,5
KNG1,5
KRT10,5
KRT20,5
KRT24,5
KRTAP19-7,5
LAMTOR3,5
LECT2,5
LIPT2,5
LPA,5
LRRC19,5
LSM8,5
MAGEB10,5
MED28,5
MELK,5
MGAT4C,5
MMP7,5
MRGPRX2,5
MTX2,5
MYH4,5
MYOZ2,5
NDUFB6,5
NSL1,5
NUDT13,5
NUDT19,5
NUPR2,5
PATE2,5
PCDHB4,5
PLA2G5,5
PLN,5
POF1B,5
PRDM9,5
PRR32,5
PURB,5
RANBP6,5
RDM1,5
RGS21,5
RIT2,5
RNASE10,5
SH2D1B,5
SLAMF6,5
SLC25A41,5
SLITRK6,5
SPATC1L,5
SPDYE5,5
TAF7,5
TAL2,5
TCEANC,5
THAP11,5
TM4SF20,5
TMPRSS11B,5
TNFRSF13B,5
TOR1AIP2,5
TPX2,5
TRIM49B,5
URM1,5
XCR1,5
ZFP69B,5
ZKSCAN3,5
ZNF121,5
ZNF138,5
ZNF157,5
ZNF426,5
ZNF479,5
ZNF557,5
ZNF562,5
ZNF586,5
ZNF669,5
ZNF716,5
ZNF726,5
ZNF735,5
ZNF90,5
ACKR4,4
ACOT4,4
ADH1C,4
AKR1C1,4
AMTN,4
ARMS2,4
ARRDC5,4
ASB11,4
B3GALT2,4
BCHE,4
BCL2A1,4
C10orf53,4
C22orf31,4
CARD6,4
CDK11B,4
CDK7,4
CLEC12B,4
CLEC2A,4
CLEC4C,4
CLEC6A,4
CWC22,4
CXCL10,4
CXCL6,4
CYSLTR2,4
DCAF8L2,4
DNAJB7,4
DNTT,4
DPPA2,4
DSG3,4
DUSP19,4
F9,4
FARSB,4
FBXO40,4
FLG,4
GIMAP6,4
GLIPR1L1,4
GPR149,4
GPR22,4
GTF3C6,4
GUCY2F,4
HCAR2,4
HCAR3,4
HHLA1,4
HIGD2B,4
HSD17B13,4
IFIT1,4
IL36B,4
IMPG2,4
IQCF2,4
KLHL9,4
KRT26,4
KRT40,4
KRTAP4-7,4
LMOD2,4
LUM,4
MBOAT4,4
MDH1B,4
MED11,4
MEP1A,4
MEPE,4
MMADHC,4
MORN2,4
MPZL3,4
NAP1L2,4
NDST4,4
NMS,4
NOXRED1,4
OCM,4
OCM2,4
OMD,4
OMG,4
OR2A14,4
PASD1,4
PCDHB12,4
PCDHB14,4
PCDHB15,4
PCDHB6,4
PKD1L3,4
PLET1,4
POLR2J3,4
PPP1R3A,4
PRNT,4
RAB39B,4
RAD51AP2,4
RGS13,4
RGS18,4
RNASE6,4
RPF1,4
RPF2,4
RRP15,4
RSL1D1,4
RWDD2B,4
SMCO1,4
SMPDL3B,4
SPAM1,4
SPANXA1,4
SPINK6,4
TAF1A,4
TECTB,4
TLR7,4
TMCO2,4
TMEM156,4
TMEM236,4
TMEM244,4
TMEM78,4
TMPRSS11A,4
TMPRSS11F,4
TMX1,4
TNFSF14,4
TRAM1L1,4
TRAT1,4
TRIM42,4
TSR2,4
UGT2B15,4
UGT2B4,4
USP26,4
WDR31,4
WFDC11,4
ZFP3,4
ZNF227,4
ZNF253,4
ZNF404,4
ZNF474,4
ZNF483,4
ZNF527,4
ZNF679,4
ZNF814,4
ZSCAN5B,4
AADACL4,3
AFM,3
AGR3,3
APELA,3
ASIC5,3
ATP6V0D2,3
BPY2,3
C10orf55,3
C1QTNF3-AMACR,3
C9orf57,3
CAPSL,3
CLRN3,3
COA6,3
COIL,3
CPO,3
DHDH,3
DNAJC12,3
DPPA3,3
DPY30,3
EQTN,3
FABP9,3
GBP7,3
GLIPR1,3
GPR34,3
GPR82,3
GRPEL2,3
HAO1,3
HSPB3,3
IFIT5,3
JAGN1,3
KLB,3
MCAT,3
MED18,3
MS4A2,3
NOX3,3
OGN,3
OR2L13,3
OR7D2,3
OSTC,3
OTUD6A,3
PGBD1,3
POU1F1,3
PRG4,3
RPP38,3
RXFP2,3
SLC39A12,3
SMIM18,3
SPATA4,3
SPINT4,3
SSBP1,3
SSX1,3
SYF2,3
SYTL3,3
TAF13,3
TCEA1,3
TM4SF18,3
TNFRSF17,3
TRIM77,3
UFC1,3
UGT2B28,3
WDR33,3
ZDHHC15,3
ZNF311,3
ZNF354C,3
ZSCAN23,3
ATXN7L3B,2
C2orf66,2
CARD18,2
CLCA4,2
CYLC1,2
DGUOK,2
DSCR4,2
EVI2A,2
HYAL4,2
IFI6,2
LIX1,2
LMO7DN,2
LRRC39,2
LRRN3,2
LSM10,2
MS4A12,2
MS4A5,2
MSANTD3-TMEFF1,2
NLRP9,2
OOSP2,2
OSTN,2
PCDHB5,2
PNLIPRP3,2
RAB40A,2
RNF185,2
SNRPD1,2
TTC5,2
UGT2B7,2
ZIM3,2
CD200R1L,1
CLEC7A,1
COX7B,1
CYP7A1,1
EFCAB9,1
GFRAL,1
LYZL2,1
NXPE2,1
OR52A1,1
OR5H15,1
OR7A5,1
PTH,1
S100G,1
SAMD9,1
SPC24,1
SPINK8,1
C1orf185,0
DIRC1,0
DSCR8,0
ERVFRD-1,0
ERVW-1,0
HRH4,0
KLRB1,0
NANOGNB,0
PIWIL3,0
SAMD9L,0
STX19,0
ZNF705D,0
