gene,n_hits
HRC,57
DVL1,56
PLCXD1,56
TRPM4,55
TSPAN31,51
LRRC24,50
PCGF3,50
CDH15,49
SERPINF2,49
FES,48
MMP23B,48
SAP25,48
THOC6,48
WNT6,48
C8orf82,47
COL11A2,47
COL18A1,47
CTCFL,47
KRTCAP2,47
TNNI2,47
C17orf107,46
OBSCN,46
TBC1D24,46
CPLX1,45
EGFL7,45
KCNN1,45
KIFC2,45
LCNL1,45
SEMA3B,45
ASPHD1,44
CRIP1,44
DNAH2,44
DUSP8,44
FGF8,44
GAL3ST1,44
HDAC10,44
IFITM10,44
INS-IGF2,44
MAPK12,44
MSANTD1,44
TCAP,44
TMEM52,44
TYMP,44
AQP5,43
CFD,43
FGF11,43
GJC2,43
LRRC26,43
MAPK11,43
MICALL2,43
MMEL1,43
PBX2,43
PNMT,43
PRR22,43
PTGDS,43
RGS19,43
SIGIRR,43
TSPAN32,43
TTC34,43
UCN2,43
ZBTB7B,43
AATK,42
CDK5,42
DIRAS1,42
FASTK,42
FTL,42
GPS1,42
HGFAC,42
JOSD2,42
KCNT1,42
KLF16,42
LAMA5,42
MYH6,42
PANO1,42
PRKD2,42
SEMA3G,42
SH3BP2,42
SLC16A8,42
SLC2A4RG,42
SNED1,42
SORBS3,42
CIRBP,41
CLDN6,41
CYBA,41
DEAF1,41
DHX58,41
DUSP7,41
FAM83H,41
GPT,41
HDAC3,41
HIC1,41
IGF2,41
INCA1,41
LCAT,41
PRDM16,41
PRRT2,41
PTK6,41
RCOR2,41
RORC,41
SH3D21,41
TIGAR,41
ZFP92,41
ABCA2,40
AEBP1,40
AMDHD2,40
BCORL1,40
CD79B,40
CHRND,40
CRABP2,40
EEF1A2,40
ELMO3,40
EMD,40
EPPK1,40
FBXL15,40
GNB1,40
NOL3,40
NR2F6,40
ONECUT3,40
OPRL1,40
PITPNM1,40
PKP3,40
PLCD1,40
RANBP1,40
RARG,40
S100A16,40
SEZ6L2,40
SLC25A22,40
SRPK3,40
TRABD,40
VAV2,40
ZNF574,40
ANKRD13D,39
ATP2A1,39
ATP6V1B1,39
BAHD1,39
BCL3,39
C11orf21,39
C2CD4C,39
CFAP99,39
CHKB,39
CLCN2,39
COL8A2,39
DLL4,39
DMPK,39
ENTPD2,39
FSCN2,39
GAL,39
GPIHBP1,39
GPR108,39
INAFM1,39
KIF26A,39
MARCKSL1,39
MCAM,39
NELFA,39
NKD2,39
OTOP2,39
PLCB3,39
PTPRN2,39
RFNG,39
RUFY4,39
SCX,39
SIPA1,39
SLC6A8,39
SOX8,39
SSC5D,39
TARBP2,39
TMEM105,39
TNFRSF13C,39
TRIM65,39
TRMT61A,39
TTLL8,39
ADAM8,38
AHRR,38
ARC,38
BAD,38
BCAP31,38
BRICD5,38
BTBD19,38
C16orf74,38
CBARP,38
CHMP2A,38
FBXW5,38
GCGR,38
GPC1,38
GPR17,38
HES2,38
ISG15,38
ITGB2,38
KCNK7,38
LFNG,38
LOXL3,38
MAP3K12,38
MIOX,38
NAT14,38
NOTUM,38
NPHP4,38
NTRK1,38
PIGQ,38
PIWIL1,38
PLEKHG6,38
POLE,38
PRPSAP1,38
PTPN7,38
RAB1B,38
SLC25A34,38
SNCG,38
TAGLN2,38
TOR4A,38
VAX2,38
ACE,37
ADAMTS4,37
ADGRA1,37
AHNAK2,37
ANKRD9,37
ARHGEF16,37
ASIC4,37
ATN1,37
B3GNT7,37
CBFA2T3,37
CUEDC1,37
DNAJB5,37
DNAJC22,37
EML3,37
FBXL16,37
FOXO3,37
FUOM,37
GAB4,37
GAPDH,37
GCKR,37
GGN,37
KCNK9,37
KIAA0319L,37
LMX1B,37
LRRC23,37
LY6D,37
LYPD2,37
MDK,37
MFSD12,37
NOSIP,37
NPDC1,37
NRN1L,37
PLEKHN1,37
PNCK,37
PRCC,37
PRCD,37
SCRIB,37
SEC16A,37
SFXN3,37
SHC2,37
SLC16A3,37
SLC6A18,37
SMIM5,37
SSH3,37
TGFBR3L,37
TMEM132A,37
TMEM86B,37
TNS2,37
UBL4A,37
WNT7B,37
ACO2,36
ADGRG3,36
ADM5,36
ATP1A2,36
C1QTNF8,36
CABP2,36
CACNG7,36
CARS2,36
CDK18,36
CHRNB1,36
CLCNKA,36
CTXN1,36
DNMT3L,36
FUT7,36
GDI1,36
GNB3,36
GRIN2C,36
HAPLN3,36
HPCA,36
IRX4,36
JRK,36
KREMEN2,36
LIG1,36
MAD2L2,36
MLF2,36
MUC12,36
MUC17,36
NRARP,36
NXPH4,36
P3H3,36
PLCB2,36
PLK5,36
POLR2L,36
RNF167,36
RRAD,36
SCUBE1,36
SH3BP1,36
SLC12A9,36
SLC47A2,36
SLC52A2,36
SPSB3,36
SQSTM1,36
TMEM102,36
TMEM256,36
TMEM256-PLSCR3,36
TMEM88,36
UCKL1,36
WFIKKN1,36
WNT9A,36
ZBTB47,36
ZBTB7A,36
ZNF467,36
AKT1,35
ASS1,35
CARM1,35
CCAR2,35
CELSR3,35
CEP170B,35
CRB2,35
CSNK1D,35
DGAT1,35
DOK7,35
DPYSL4,35
DUS2,35
DUSP9,35
EFNB3,35
ENKD1,35
ETFB,35
FAAP20,35
FAM110D,35
FSTL3,35
GDPD2,35
GPRC5C,35
ICAM5,35
IL25,35
KCNAB3,35
KCNH2,35
KCNJ14,35
KMT2B,35
LAMB2,35
LAT,35
LIF,35
LRRC75B,35
MCF2L,35
MEIS3,35
MMP11,35
NEK8,35
NOP9,35
NTN5,35
PAQR6,35
PCOLCE,35
PCSK4,35
PRKCZ,35
RASGRP2,35
RGPD8,35
RNF31,35
SBF1,35
SDR9C7,35
SLIT1,35
SOX18,35
SPATA20,35
TAS1R3,35
TCIRG1,35
TEAD3,35
TP73,35
TRAPPC3,35
TWF2,35
UFSP1,35
VWA7,35
WDR97,35
ACAP3,34
ADGRL1,34
ADRA2B,34
ALS2CL,34
ARHGEF25,34
C19orf73,34
C20orf144,34
CACNA1G,34
CACNB3,34
CAMP,34
CCDC28B,34
CDH24,34
CHD4,34
CHMP1A,34
CLDN19,34
CNTROB,34
COL7A1,34
COX14,34
CPT1C,34
CYSRT1,34
DCST1,34
EBF4,34
ESPNL,34
FAM25C,34
GBA2,34
GPER1,34
GPR20,34
GPSM1,34
HBA1,34
HES6,34
HSD11B2,34
IL17REL,34
ITGA5,34
LMNA,34
LRP1,34
LRRC45,34
LTC4S,34
MAPK8IP1,34
MISP,34
MUC5B,34
NOC2L,34
NSMF,34
PARD6A,34
PDE2A,34
PDGFA,34
PLPP2,34
PML,34
POU2F2,34
PPARA,34
PUSL1,34
REEP6,34
RHOC,34
RINL,34
RNPS1,34
ROM1,34
RSPH6A,34
RTN4R,34
S100A5,34
SAMD14,34
SCUBE2,34
SEMA4A,34
SH2B2,34
SLC12A7,34
SLC25A29,34
SMIM1,34
SNAPC4,34
SSBP4,34
STAG3,34
STOML2,34
TBC1D3B,34
TIGD3,34
TMEM143,34
TMEM240,34
TP53TG5,34
USF2,34
ZNF385A,34
ZNF423,34
ABTB1,33
ACSF2,33
ADRA2C,33
AMH,33
ANO1,33
ARHGAP22,33
ATP6V1E2,33
BAIAP2L2,33
BCL11B,33
BIRC7,33
C16orf86,33
C1orf54,33
C2orf76,33
CA4,33
CABLES2,33
CADM4,33
CASQ1,33
CATSPER4,33
CCDC154,33
CCDC187,33
CCL16,33
CCNF,33
CDH11,33
CHTF18,33
CLDN15,33
CNTFR,33
COL9A3,33
CRIP2,33
CROCC2,33
DLK1,33
DOK3,33
DPCD,33
EGR3,33
ELP5,33
F11R,33
FAM25G,33
FAM72A,33
FBXO24,33
FGF17,33
FLNC,33
FNDC4,33
GALP,33
GDPD5,33
GMIP,33
GPR132,33
HES5,33
HLX,33
HMGA1,33
HSPB6,33
HTRA2,33
JSRP1,33
KCND1,33
KCNQ4,33
KCP,33
KCTD21,33
KIF7,33
KMT5B,33
KRI1,33
KRT80,33
LIM2,33
LRFN4,33
LTBR,33
LYL1,33
MAFA,33
MAP3K11,33
MEX3D,33
MIDN,33
MNT,33
MPG,33
MTX1,33
MZB1,33
NONO,33
NUDT22,33
NXPH3,33
ORAI3,33
PFKFB4,33
PFN1,33
PHF7,33
PPP1R16A,33
PPP1R1A,33
PRDM12,33
PROP1,33
PRPH,33
PWWP2B,33
RABEP2,33
RAMP3,33
RAP1GAP,33
RASA3,33
RASIP1,33
REEP4,33
RIMS2,33
RNF208,33
SLC17A7,33
SLC26A6,33
SP140L,33
STX10,33
SYNE4,33
TMUB1,33
TOB2,33
TRAF4,33
TRAPPC5,33
TSEN54,33
TSTD1,33
ULK3,33
UNC13D,33
UPK2,33
UQCRH,33
VASN,33
VEGFA,33
VENTX,33
VSIG2,33
VWA1,33
WDR6,33
WNT10B,33
WNT3A,33
ZCWPW1,33
ZDHHC24,33
ZFPM1,33
ZNF48,33
ABHD16B,32
ACKR1,32
ADGRD2,32
AIRE,32
ANAPC2,32
ARF1,32
ARFGAP2,32
ASB10,32
ATP8B3,32
BAIAP3,32
BTG2,32
C1QL4,32
CAMK2B,32
CDC25B,32
CDC34,32
CEBPB,32
CES2,32
CFL1,32
CLIC3,32
CNIH2,32
COL20A1,32
COMTD1,32
CPNE7,32
CRMP1,32
CTDSPL,32
CUTA,32
CXCL12,32
DCHS1,32
DCTN3,32
DDIT4,32
DEFB124,32
DENND4B,32
DOC2A,32
DTX3,32
DUOX2,32
EFS,32
EHBP1L1,32
EMC6,32
EPX,32
FBRSL1,32
FKBP5,32
FOXH1,32
GAL3ST3,32
GRIN2D,32
GSDMA,32
HBA2,32
IRX1,32
ISYNA1,32
KCNK4,32
KDM6B,32
KMT2A,32
KRT19,32
LLGL2,32
LRRC3B,32
LRRN4CL,32
MAPK13,32
MAZ,32
MN1,32
MTFR1L,32
MUS81,32
NAA38,32
NEFH,32
NISCH,32
NKPD1,32
NOTCH1,32
NTF3,32
NUMBL,32
PAX2,32
PAX7,32
PDIA2,32
PEPD,32
PEX10,32
PLXDC1,32
PLXNB2,32
PPIL6,32
PRICKLE3,32
PRKCD,32
PRPF6,32
PRSS55,32
PYGM,32
RAB40B,32
RAB40C,32
RAC3,32
RARA,32
RBP5,32
RENBP,32
RET,32
RGL3,32
RTN2,32
SAMD11,32
SH3BGRL3,32
SHARPIN,32
SLC6A4,32
SLCO4A1,32
STMN1,32
STOML1,32
STX5,32
SYNGAP1,32
SYNGR3,32
TAGLN,32
TGFA,32
TMEM176B,32
TMEM253,32
TNNC1,32
TNS1,32
TOMM40L,32
TPSG1,32
TSEN34,32
VDR,32
VEGFB,32
WDR86,32
WIZ,32
ZNF181,32
ACR,31
ADCYAP1R1,31
ADGRB2,31
ARHGAP30,31
ARHGDIG,31
ARHGEF3,31
ARRDC1,31
ATP2B2,31
ATXN7L2,31
BAIAP2,31
BHLHE40,31
CARD19,31
CCDC12,31
CCL27,31
CHPF,31
CISD3,31
CKM,31
CPTP,31
CRACR2B,31
DBP,31
DLG4,31
DNAH1,31
DNAJB1,31
DNASE1L2,31
FKBP10,31
GATA3,31
GIT1,31
GMPPB,31
GPR137,31
GRTP1,31
HSPA12B,31
HSPB7,31
ICAM4,31
ICOSLG,31
INF2,31
INHBE,31
ITGAX,31
ITIH5,31
JUNB,31
KCNH6,31
KDELR1,31
KHNYN,31
KLK1,31
KRT15,31
KRTCAP3,31
LCK,31
LRRC4B,31
MEGF6,31
NDRG2,31
NKAIN4,31
NTSR1,31
NUDT8,31
NXNL2,31
PCBP3,31
PDE6B,31
PER2,31
PFDN6,31
PHF13,31
PIK3CD,31
PILRB,31
PIM3,31
PLEKHG4B,31
POLD1,31
PPDPF,31
PPP2R5B,31
PPP2R5C,31
PRICKLE4,31
PRKCG,31
RAET1L,31
RRP9,31
SALL1,31
SCN4A,31
SGSM2,31
SHH,31
SIGLEC9,31
SLC23A1,31
SLC39A7,31
SLC6A12,31
SPTBN5,31
ST3GAL3,31
SUSD2,31
SYT2,31
TBX1,31
TBX10,31
TINAGL1,31
TM7SF2,31
TMC6,31
TMC8,31
TMIE,31
TNFRSF18,31
TOMM40,31
TPP1,31
TRIP6,31
TSHZ3,31
TSNARE1,31
TSPAN17,31
UBE2M,31
ABCB9,30
ABCD1,30
ABI3,30
ACADVL,30
ADAM11,30
ADARB1,30
ADGRB1,30
ADGRG1,30
ADORA2A,30
AGPAT1,30
AHNAK,30
AIFM3,30
ALDH1A3,30
ATP2B3,30
AUP1,30
AXIN1,30
BCL11A,30
BLVRB,30
C16orf95,30
C1QL1,30
C6orf136,30
CABP7,30
CACNA2D2,30
CACNG8,30
CAMK2G,30
CASKIN1,30
CASP2,30
CCDC3,30
CCDC78,30
CCND1,30
CHRNG,30
CILP2,30
CLCF1,30
CLEC18A,30
CLP1,30
CNTD1,30
COL1A1,30
CXCL16,30
CYP2A6,30
CYP2E1,30
DBN1,30
DCST2,30
EHMT2,30
ENO3,30
ERAS,30
EXOC7,30
FAM25A,30
FAM78A,30
FAM83E,30
FOXP4,30
FSCN1,30
FXYD5,30
FZD10,30
GLB1L,30
GPR162,30
GRIK4,30
GRM2,30
GSDMB,30
HAUS8,30
HES4,30
HOXA7,30
HPX,30
HSPA1L,30
HSPB2-C11orf52,30
IGSF22,30
INHBB,30
INPPL1,30
IRAK1,30
IRX3,30
ITPKC,30
JMJD8,30
KCNJ11,30
KCNK5,30
KLF13,30
KNDC1,30
LDB3,30
LOXL1,30
LPCAT1,30
LRRC74B,30
MAP4K2,30
MGAT3,30
MLLT6,30
MOB3A,30
MYO1C,30
NFATC1,30
NINJ1,30
NLRC3,30
NR3C2,30
NYNRIN,30
OTOP1,30
PAQR5,30
PERM1,30
PHF1,30
PKMYT1,30
PLPPR2,30
PNMA2,30
POLD4,30
PROM2,30
PSME2,30
PTH1R,30
RALB,30
RAVER1,30
RBFOX3,30
RIN1,30
SEMA6B,30
SH2D4B,30
SHANK2,30
SHISA8,30
SLC38A3,30
SLC6A19,30
SNAPC2,30
SORCS3,30
SOX10,30
SSBP3,30
SSNA1,30
STEAP3,30
SYT7,30
TAOK2,30
TBC1D10B,30
TBXA2R,30
TFAP2C,30
TMEM132E,30
TMEM145,30
TMEM38A,30
TPPP2,30
TPPP3,30
TTYH2,30
VPS28,30
VPS9D1,30
WRAP73,30
WSB2,30
ZBTB16,30
ZBTB22,30
ZNF142,30
ZNF70,30
AAAS,29
AAMP,29
ACAP1,29
ALAS1,29
ALKBH6,29
ALPL,29
APOE,29
ARHGEF40,29
ARID3C,29
C3orf18,29
CA7,29
CACNA1S,29
CCNL2,29
CDYL2,29
CGB7,29
CHMP6,29
CHRM1,29
CISH,29
CLMN,29
CXXC5,29
CYB5D1,29
CYP4F11,29
DUSP2,29
E2F8,29
EBNA1BP2,29
EDC4,29
EPS8L2,29
EVI5L,29
EWSR1,29
EXD3,29
FAM20C,29
FAM50A,29
FAM72D,29
FBXL6,29
FERMT3,29
FGFR3,29
FIBCD1,29
FOXF1,29
FOXL1,29
FSD1,29
FXYD7,29
GDPD3,29
GNG3,29
GNGT2,29
GRAMD4,29
GRIN1,29
HCFC1R1,29
HPN,29
HR,29
HSD3B7,29
HSF1,29
IGF2BP1,29
IGFBP6,29
IL11,29
IP6K3,29
ITGA7,29
JADE2,29
JPH2,29
KCNAB2,29
KCNB1,29
KCNC3,29
KCNMA1,29
KCNQ1,29
KCNS3,29
KCTD11,29
KIF1C,29
KLHL30,29
KLHL35,29
KRT7,29
KRT8,29
LAMTOR1,29
LGI4,29
LNX2,29
MAMSTR,29
MIF4GD,29
MNX1,29
MOGAT3,29
MPDU1,29
MTA2,29
MXD4,29
MYL7,29
MYO1G,29
NECAB3,29
NEURL2,29
NME3,29
NMUR1,29
NPW,29
NR6A1,29
NRP1,29
NTF4,29
OPLAH,29
PAOX,29
PCYT2,29
PDLIM4,29
PEX19,29
PFKP,29
PPIE,29
PPP1R14B,29
PRDM6,29
PROCA1,29
PROSER3,29
PRR12,29
PSMB10,29
PTPRE,29
PXMP2,29
RASSF1,29
ROBO3,29
ROBO4,29
RPP21,29
RPP25,29
SAMD4A,29
SEMA4G,29
SHISA4,29
SIM2,29
SIX5,29
SLC24A3,29
SLC25A1,29
SLC25A10,29
SLC4A2,29
SLC5A1,29
SMARCD3,29
SPATA33,29
SPRY4,29
SUSD3,29
SYCE1,29
SYMPK,29
TBCE,29
TEAD2,29
TEX264,29
TMEM171,29
TMEM97,29
TNFRSF10D,29
TPI1,29
TRAPPC1,29
TRERF1,29
TWIST1,29
UNC5B,29
WBP2NL,29
WNT11,29
WT1,29
YBX2,29
ZFP36L2,29
ZMIZ1,29
ZNF703,29
ZNF853,29
ACAA1,28
ACD,28
ACVRL1,28
ADM,28
AGAP3,28
APEH,28
ARTN,28
ASPHD2,28
ATP1A3,28
ATP9B,28
ATXN1,28
BCAT2,28
BCL2L12,28
BCL6B,28
C15orf62,28
C17orf99,28
CACNA2D3,28
CACNG4,28
CADM3,28
CARNS1,28
CBLN3,28
CBX4,28
CCDC136,28
CD151,28
CD34,28
CD7,28
CDCA2,28
CDH3,28
CDK2AP1,28
CDSN,28
CHAT,28
CIDEA,28
CLDN9,28
CNKSR3,28
COL4A1,28
CPT1B,28
CREB3,28
CSPG4,28
CTAG2,28
DGKZ,28
DLX3,28
DNAJC4,28
DPYSL2,28
DSTN,28
DUOXA1,28
EDN2,28
EEF2KMT,28
EFNA1,28
EGFLAM,28
ELAVL3,28
EMILIN1,28
EMP3,28
EPAS1,28
EPHA8,28
EPN3,28
ETNK2,28
FAM72B,28
FAM72C,28
FAM90A26,28
FASN,28
FBXO6,28
FHOD1,28
FKBP1B,28
FNDC5,28
FOXP2,28
FTCD,28
GAL3ST2,28
GAREM2,28
GGPS1,28
GMPPA,28
GPD1,28
GPR153,28
GPRASP2,28
GREB1L,28
GTPBP6,28
HAUS7,28
HAX1,28
HOXA3,28
HPCAL4,28
IBA57,28
IL17RB,28
INO80E,28
IQCC,28
IRF5,28
ISLR,28
JMJD7-PLA2G4B,28
KCNC1,28
KCNE5,28
KCTD9,28
KHSRP,28
KIF21B,28
KLHL17,28
KMT5C,28
KRT14,28
KRT18,28
LEFTY2,28
LMO1,28
LRRC4,28
LRRC42,28
LZTR1,28
MANF,28
MAP7D1,28
MBD6,28
MEX3A,28
MLX,28
MRGBP,28
MSX1,28
MYH3,28
NETO1,28
NEURL4,28
NFKBIE,28
NFYB,28
NHLH1,28
NKD1,28
NPAS3,28
OBP2A,28
OSBPL2,28
OSBPL7,28
PFDN2,28
PFKL,28
PLEC,28
PLEKHD1,28
PLEKHG2,28
PLXNB1,28
POLR2A,28
PPFIA3,28
PPOX,28
PPP1R3G,28
PRDX5,28
PRELID1,28
PRKACA,28
PRLHR,28
PRR36,28
PRRX1,28
PTBP1,28
PTCHD1,28
PTMS,28
PTPN18,28
RAET1G,28
RBM24,28
RDH5,28
RFX4,28
RHBDF2,28
RHBDL3,28
RIC8A,28
RNF38,28
SAMD8,28
SCGB3A1,28
SCO2,28
SEMA3F,28
SGK2,28
SGSH,28
SIGLEC8,28
SIRT7,28
SKI,28
SKOR1,28
SLC17A9,28
SLC35A2,28
SLC46A2,28
SLC4A1,28
SP100,28
SPAG7,28
SPATA32,28
SPON2,28
SPRED3,28
SS18L1,28
ST3GAL4,28
STAB1,28
STX16-NPEPL1,28
TANGO2,28
TAPBPL,28
TBC1D1,28
TBX6,28
TCEA2,28
TCF25,28
TEKT4,28
TGM1,28
TMEM132B,28
TMEM147,28
TMEM178B,28
TMEM200B,28
TMEM59L,28
TMIGD2,28
TNFRSF4,28
TNNI3,28
TNNT2,28
TNRC18,28
TPSD1,28
TRRAP,28
TSR1,28
UBE2J2,28
WDR45B,28
ZBTB1,28
ZGPAT,28
ZMYM2,28
ABCG5,27
ADAMTS7,27
ADAMTSL5,27
ADCK5,27
ADCY4,27
AGBL1,27
AIP,27
AMIGO3,27
ANGPTL8,27
ANKK1,27
ANKRD62,27
AP2A2,27
APRT,27
AQP1,27
ARID3A,27
ARSD,27
ARVCF,27
ASB1,27
B3GAT1,27
BEAN1,27
BET1L,27
BRPF1,27
C10orf105,27
C11orf68,27
C19orf81,27
C9orf78,27
CACFD1,27
CALHM2,27
CAMTA2,27
CAPG,27
CARD9,27
CCDC85C,27
CDC25C,27
CDH16,27
CDIPT,27
CEND1,27
CEP72,27
CHAD,27
CHRNE,27
CKMT1B,27
CMIP,27
CNTN2,27
COBL,27
CPLX3,27
CTRL,27
CTSD,27
CUL9,27
CYTH1,27
DCTN2,27
DHRSX,27
DLGAP3,27
DMRT3,27
DOC2B,27
DYRK2,27
EEF1D,27
EFHD2,27
EIF3K,27
ELFN1,27
ELFN2,27
ELP2,27
EME2,27
EPHA10,27
ERICH1,27
ETV3L,27
EVC,27
EXOC3L4,27
F10,27
FAAP100,27
FADS1,27
FBRS,27
FBXO36,27
FIZ1,27
FKBP2,27
GABBR2,27
GABRD,27
GAL3ST4,27
GANAB,27
GATA5,27
GDF7,27
GGT1,27
GJB2,27
GNG8,27
GPRIN2,27
HAPLN4,27
HBM,27
HCN2,27
HEMK1,27
HES7,27
HSBP1L1,27
HSPB9,27
IRX5,27
ITIH1,27
KANK2,27
KCNC4,27
KCND3,27
KCNJ12,27
KCNJ4,27
KCNQ2,27
KDM2A,27
KHDRBS3,27
KIAA0232,27
KIAA1217,27
KLHL21,27
KLHL26,27
LEMD2,27
LIMD2,27
LRPAP1,27
MBD1,27
MEGF8,27
MFAP2,27
MKNK2,27
MLLT11,27
MMP15,27
MMRN2,27
MOCOS,27
MRGPRF,27
MT1G,27
MVB12A,27
MYO15A,27
MYO7A,27
NACC2,27
NADK,27
NAT16,27
NCDN,27
NCOA2,27
NCOR2,27
NDRG4,27
NELFB,27
NOC4L,27
NPPC,27
OTOG,27
PACS1,27
PARP14,27
PAX8,27
PCK2,27
PHF12,27
PLXNA1,27
PLXND1,27
POU2AF1,27
PPP1CA,27
PPP1R12C,27
PPP1R1B,27
PPP3CB,27
PROC,27
PSD,27
PXDN,27
RAB24,27
RASAL1,27
RGS9BP,27
RIIAD1,27
RNPEPL1,27
RREB1,27
RTN4RL2,27
S1PR4,27
SASH3,27
SCAMP3,27
SCRG1,27
SENP3,27
SETD5,27
SFMBT2,27
SH2B3,27
SHD,27
SHKBP1,27
SKIL,27
SLC25A25,27
SLC2A4,27
SLC41A1,27
SLC4A8,27
SLC7A5,27
SLCO3A1,27
SNRPD3,27
SNX33,27
SORCS2,27
STC2,27
SWI5,27
SYNC,27
SYNJ2,27
SYNPO,27
TAC3,27
TACC3,27
TBCB,27
TBXAS1,27
TCERG1L,27
TERT,27
TEX22,27
TFAP2A,27
THBS3,27
THRA,27
TIMM13,27
TLR2,27
TM6SF2,27
TMEM127,27
TMEM198,27
TMEM208,27
TMEM82,27
TNFRSF1A,27
TNFRSF25,27
TPBGL,27
TREX2,27
TRIM67,27
TRIP10,27
TRPM2,27
TSSK3,27
TTC16,27
TTYH3,27
TUBB2A,27
TUBGCP6,27
UBE2L3,27
USF1,27
USH1C,27
VMO1,27
WDR82,27
WDR83,27
WNT2,27
ZACN,27
ZBED4,27
ZNF207,27
ZNF524,27
ZNF584,27
ZNF652,27
ZNF687,27
A3GALT2,26
ABHD14A,26
ABLIM2,26
ACTA1,26
ACTL6B,26
ACTR3C,26
ADAMTS2,26
ADCY5,26
ADGRA2,26
ADPGK,26
AGO2,26
AHDC1,26
ANKRD23,26
ANKRD39,26
ANO9,26
APCDD1,26
AQP7,26
ARFGAP1,26
ARMC10,26
ASPG,26
ATP1B1,26
ATP6V0D1,26
ATP8B2,26
BACE2,26
BEST2,26
BSN,26
C1orf210,26
C20orf202,26
CALM3,26
CALML6,26
CASK,26
CASKIN2,26
CCDC71,26
CD2BP2,26
CDC14B,26
CERK,26
CERKL,26
CHST1,26
CKB,26
CLEC16A,26
CMTM2,26
CNR1,26
COL2A1,26
CPA1,26
CPAMD8,26
CRELD1,26
CRTC2,26
CYP2A13,26
DALRD3,26
DMTN,26
DUSP1,26
EFHC1,26
EGR1,26
ELK3,26
ENOPH1,26
EPHA4,26
ERRFI1,26
ESAM,26
ESPN,26
EVPL,26
FADS6,26
FAM86B1,26
FAM89A,26
FBXL13,26
FBXO44,26
FBXW7,26
FKBP4,26
FOXP3,26
GATA2,26
GBX1,26
GDPGP1,26
GLI1,26
GNAT2,26
GNAZ,26
GRM8,26
GSE1,26
GTPBP2,26
HAMP,26
HDAC7,26
HDLBP,26
HGS,26
HMCES,26
HOXB3,26
HPCAL1,26
HSP90B1,26
IER5L,26
IGF2BP2,26
IL17RC,26
INPP5B,26
INPP5J,26
INPP5K,26
INSRR,26
IRF1,26
IRS1,26
ISOC2,26
JDP2,26
JPH4,26
KCNA2,26
KCNIP2,26
KCNJ5,26
KCNK17,26
KIF12,26
KIF5A,26
KLC4,26
KLF15,26
KREMEN1,26
LBX2,26
LDLRAD4,26
LMF1,26
LPAR2,26
LRP2,26
LRRC14B,26
LRRC73,26
LRRN2,26
LSMEM2,26
LTB4R2,26
LY75-CD302,26
MAFB,26
MECOM,26
MICAL2,26
MTA1,26
MXD3,26
MXRA7,26
MYADM,26
MYBPH,26
NAB2,26
NCAPH2,26
NDUFS6,26
NKG7,26
NLGN2,26
NOG,26
NOVA2,26
NPAS2,26
NPB,26
NPC1L1,26
NR1D1,26
NRCAM,26
OBP2B,26
OST4,26
OSTM1,26
PADI2,26
PAQR8,26
PBXIP1,26
PCK1,26
PER3,26
PET100,26
PHGR1,26
PHKA2,26
PITPNM2,26
PNPLA2,26
PODNL1,26
PPP1R9B,26
PRDM14,26
PRKCE,26
PRKX,26
PRRG3,26
PRRT3,26
PRSS56,26
PTRH1,26
PYGO2,26
PYY,26
RAB11FIP4,26
RAI14,26
RASD2,26
RBM20,26
RBM38,26
RBMY1J,26
RBPMS2,26
RNF123,26
RPUSD1,26
RRP36,26
RUNDC3A,26
RUNX3,26
SBK1,26
SBK3,26
SBSN,26
SCN4B,26
SCUBE3,26
SERPINH1,26
SF3B4,26
SFXN5,26
SHPK,26
SIK1,26
SIK3,26
SIM1,26
SIX2,26
SLC18A2,26
SLC22A23,26
SLC25A11,26
SLC25A42,26
SLC27A3,26
SLC37A2,26
SLC38A8,26
SLC9A3,26
SLC9A5,26
SNAI3,26
SOAT2,26
ST6GALNAC6,26
STK25,26
STXBP2,26
SULT2B1,26
SYNGR4,26
SYT5,26
TBC1D17,26
TBX2,26
TCF7,26
THBD,26
THTPA,26
TMEM184A,26
TPPP,26
TRAIP,26
TRIM45,26
TRIM8,26
TRMT112,26
TRNP1,26
TTLL9,26
TUBA4B,26
UAP1L1,26
UPP2,26
UVSSA,26
WFIKKN2,26
WNK3,26
WNT3,26
ZBTB12,26
ZBTB42,26
ZIC4,26
ZNF277,26
ZNF865,26
ABCA3,25
ABCC3,25
ACBD4,25
ADCY2,25
AGPAT2,25
AMOT,25
AMZ1,25
ANK1,25
ANKRD2,25
ANKRD33B,25
ANO4,25
AP1G2,25
AP5B1,25
APBB2,25
APOBEC3A,25
ASIC3,25
ATL2,25
ATP2A3,25
ATP8A1,25
B3GALT4,25
B4GALT2,25
BAP1,25
BAZ2A,25
BCL2L11,25
BCR,25
BEGAIN,25
BGN,25
BMP1,25
BMP2,25
BNC2,25
BPIFB2,25
C10orf71,25
C10orf88,25
C1orf226,25
CACNA1E,25
CAMK2N1,25
CBL,25
CCL25,25
CD27,25
CD68,25
CDC37,25
CDH5,25
CDK4,25
CEACAM7,25
CHST8,25
CIDEB,25
CLEC18B,25
CLMP,25
CLSTN3,25
COL13A1,25
COL22A1,25
CPEB1,25
CPNE5,25
CRLF1,25
CSK,25
CSNK2A2,25
CUX1,25
CYSTM1,25
DBH,25
DCAF5,25
DDN,25
DDX6,25
DES,25
DEXI,25
DIP2C,25
DKKL1,25
DNAJC13,25
DOCK1,25
DOCK3,25
DQX1,25
ECM1,25
EIF1AD,25
ELN,25
ENPP7,25
EPHB2,25
EPHB6,25
EPN2,25
EPS8L3,25
ESRRA,25
ETFDH,25
EXOC2,25
FAM86B2,25
FAM90A1,25
FBLN2,25
FEM1B,25
FLII,25
FOXD2,25
FSTL1,25
GABRB2,25
GADD45G,25
GALR3,25
GBGT1,25
GLCE,25
GNAO1,25
GNPTG,25
GOLGA2,25
GPR3,25
GPS2,25
GRIK3,25
GRWD1,25
GSC,25
GSDMD,25
HAS1,25
HBEGF,25
HCN4,25
HEBP1,25
HECTD3,25
HLF,25
HMGN2,25
HRK,25
HSD17B12,25
HTR1F,25
IL1RAPL2,25
INPP5A,25
ITGA6,25
IZUMO4,25
KALRN,25
KCNN4,25
KIF17,25
KIF25,25
KIRREL2,25
KLF4,25
KLHDC3,25
KLHDC8B,25
KLHL33,25
KMT2D,25
KNCN,25
LAMB3,25
LAMTOR2,25
LDLRAP1,25
LENG9,25
LHX9,25
LMX1A,25
LOXL4,25
LRRC14,25
LSM14B,25
LYPD1,25
LYPD4,25
MAG,25
MAN2B1,25
MAPK4,25
MATN1,25
MED29,25
MEDAG,25
MEF2D,25
MEX3B,25
MIEF2,25
MMD2,25
MMP21,25
MOXD1,25
MST1,25
MTA3,25
MTCL1,25
MYL3,25
MZT2A,25
NAV1,25
NCKIPSD,25
NECAB2,25
NFATC3,25
NNAT,25
NRXN2,25
NSDHL,25
NTNG2,25
NUBP2,25
OBSL1,25
OSBPL5,25
OSM,25
OTOF,25
OXER1,25
P2RX6,25
P2RY11,25
PA2G4,25
PCDH1,25
PDPN,25
PDZD7,25
PEX16,25
PHC1,25
PHLDA3,25
PI4K2A,25
PITX1,25
PLA2G15,25
PLCG1,25
PLEKHF1,25
PLXNA4,25
POFUT2,25
POLR1D,25
POLRMT,25
POU2F3,25
PPM1M,25
PPP1R13B,25
PREX1,25
PRKAR1B,25
PRSS27,25
PSENEN,25
PSTPIP1,25
RAB1A,25
RAB5C,25
RAD9A,25
RAI1,25
RALGDS,25
RELT,25
REM1,25
RHOF,25
RNF212,25
S100A1,25
SCN5A,25
SECTM1,25
SEZ6,25
SHTN1,25
SLC16A2,25
SLC26A9,25
SLC27A1,25
SLC27A6,25
SLC2A8,25
SLC48A1,25
SLC50A1,25
SLC51A,25
SMG5,25
SMTNL2,25
SOCS1,25
SPIB,25
SPRED2,25
ST8SIA2,25
STX16,25
STX1A,25
SULT1A3,25
SULT1A4,25
SYVN1,25
TAF4,25
TBKBP1,25
TBL1XR1,25
TCEAL8,25
TFR2,25
TMEM176A,25
TMEM204,25
TMEM63A,25
TNF,25
TNFRSF10C,25
TNFRSF12A,25
TNFRSF1B,25
TNNC2,25
TPD52L2,25
TREML1,25
TRIM29,25
TRIP12,25
TSHZ1,25
TSSC4,25
TTC21A,25
TTLL10,25
TUBB4B,25
UBXN10,25
USB1,25
USP19,25
USP39,25
VCP,25
VEZF1,25
XRCC1,25
ZBTB25,25
ZBTB45,25
ZBTB48,25
ZDHHC11B,25
ZDHHC8,25
ZFYVE28,25
ZHX1-C8orf76,25
ZNF135,25
ZNF182,25
ZNF316,25
ZNF618,25
ZNF736,25
ZNF787,25
ZSWIM6,25
ZYX,25
ABHD14B,24
ABHD15,24
ACTG1,24
ADAM12,24
ADCK2,24
ALG1L2,24
ANGEL1,24
ANKRD16,24
ANKRD27,24
ANXA4,24
AOC3,24
AP4M1,24
ARFRP1,24
ARHGAP21,24
ARID4B,24
ARID5A,24
ARL16,24
ARL8A,24
ARMC12,24
ATP6V1G2,24
ATP6V1G2-DDX39B,24
ATPAF2,24
B3GNT2,24
BCL7C,24
BICD2,24
BOP1,24
BRD1,24
BRSK2,24
C1R,24
C1RL,24
C1orf174,24
C1orf35,24
CACNB1,24
CALR,24
CAMK1D,24
CAPN10,24
CAPN11,24
CAPN15,24
CARD10,24
CBX2,24
CBX3,24
CD300LF,24
CDC25A,24
CDC42BPB,24
CDCA5,24
CDK5R1,24
CETN2,24
CFAP157,24
CFAP46,24
CHCHD7,24
CHD5,24
CHRFAM7A,24
CIART,24
CILP,24
CISD1,24
CLCN6,24
CLIP1,24
COL27A1,24
CRTAC1,24
CSNK1G2,24
CTDSP2,24
CTSZ,24
CYB561D1,24
DCXR,24
DGKQ,24
DHH,24
DISP2,24
DNAJC14,24
DPAGT1,24
DTX1,24
EDA,24
EFNB1,24
EGFR,24
EML1,24
ESRP2,24
ETV5,24
EVC2,24
EXOC3,24
FAM131C,24
FAM135B,24
FAM3A,24
FAM78B,24
FBLN7,24
FBXL12,24
FBXO41,24
FLI1,24
FLNA,24
FMNL1,24
FOXN1,24
FRMPD3,24
FSTL4,24
G0S2,24
GABRA5,24
GALNT9,24
GDF6,24
GFAP,24
GGT5,24
GMFG,24
GPR35,24
GRXCR2,24
GSK3A,24
HDDC3,24
HES1,24
HIC2,24
HIF3A,24
HIPK4,24
HNRNPDL,24
HS6ST1,24
HTRA3,24
HYPK,24
ID2,24
IGSF8,24
IGSF9B,24
ITGA11,24
ITGB7,24
JUP,24
KCNG1,24
KCNMB4,24
KCTD15,24
KDELR3,24
KDM3B,24
KDM5B,24
KIDINS220,24
KIF26B,24
KLF12,24
KRT86,24
L1CAM,24
LAD1,24
LBH,24
LGALS1,24
LGI3,24
LHFPL3,24
LINGO4,24
LSM7,24
LTB4R,24
MAFG,24
MAL,24
MAP3K8,24
MCOLN1,24
METTL1,24
MINK1,24
MORN1,24
MPPED1,24
MRC2,24
MSC,24
MSI2,24
MSRB1,24
MTG1,24
MYD88,24
MYL9,24
MYO9B,24
NCAPG2,24
NCS1,24
NEUROD2,24
NFAM1,24
NGF,24
NID1,24
NKX2-2,24
NKX2-5,24
NOXO1,24
NPTX2,24
NR2F2,24
NRTN,24
NUTM2A,24
NUTM2D,24
OPN4,24
OPTN,24
PAQR4,24
PARP3,24
PBX3,24
PCGF5,24
PCP2,24
PDXK,24
PENK,24
PGAM2,24
PHACTR3,24
PHGDH,24
PHOX2A,24
PIPOX,24
POLDIP3,24
PPP2R2C,24
PRDX4,24
PRR18,24
PSCA,24
PSMA7,24
PTGIR,24
RABL6,24
RADIL,24
RASD1,24
RASL10A,24
REEP2,24
RELL2,24
REM2,24
RER1,24
RGL4,24
RGS10,24
RGS11,24
RHBDF1,24
RHOQ,24
RIBC1,24
RIMS3,24
RNASEH2A,24
RNASEK-C17orf49,24
RNF2,24
RNF214,24
ROGDI,24
RPP25L,24
RRM1,24
S100A14,24
S100A6,24
SCAMP5,24
SEMA5A,24
SERF2,24
SF3B2,24
SFTPC,24
SGSM1,24
SH3PXD2A,24
SIRPA,24
SLC24A4,24
SLC25A6,24
SLC35E4,24
SLC4A11,24
SLC6A7,24
SMG1,24
SMURF1,24
SP7,24
SPDEF,24
SPNS2,24
SPTBN4,24
SRXN1,24
SSBP2,24
ST14,24
STAT5B,24
STK16,24
STRIP1,24
TACR2,24
TAF8,24
TBC1D10A,24
TBX3,24
TDRD10,24
TECR,24
TENM1,24
TFEB,24
TLE3,24
TMEFF2,24
TMEM17,24
TMEM178A,24
TMPRSS13,24
TMPRSS4,24
TNKS1BP1,24
TNS3,24
TONSL,24
TOX3,24
TPM4,24
TPRG1L,24
TRABD2B,24
TRAF3,24
TRAF7,24
TRIM11,24
TRIM52,24
TRPC5,24
TRPT1,24
TRPV3,24
TSC2,24
TSPAN11,24
TTC9C,24
TXN,24
UBQLN4,24
ULBP2,24
UROD,24
USF3,24
USP24,24
USP46,24
VILL,24
VPS51,24
WDFY3,24
WFDC2,24
WNK4,24
YTHDF1,24
ZBTB18,24
ZBTB39,24
ZFYVE21,24
ZHX2,24
ZMIZ2,24
ZNF185,24
ZNF276,24
ZNF358,24
ZNF513,24
ZNF668,24
ZNF768,24
ZNHIT1,24
ABCB6,23
ACTC1,23
ACY1,23
ADAMTS12,23
ADAMTS14,23
ADAMTSL2,23
ADAMTSL4,23
ADCY9,23
AGPAT3,23
AKAP8,23
AMHR2,23
AMIGO1,23
ANHX,23
ANP32A,23
AP3B2,23
APOB,23
APOBR,23
ARHGAP23,23
ARHGEF1,23
ARHGEF17,23
ARL6IP4,23
ARRDC2,23
ART5,23
AXL,23
BCAM,23
BEND7,23
BNIP3,23
BRCA1,23
BRD9,23
C12orf57,23
C1QC,23
C1QTNF4,23
C1orf21,23
C20orf173,23
C2CD2L,23
C4orf36,23
C6orf62,23
CACNA1B,23
CACNG1,23
CACNG3,23
CADPS,23
CAPN9,23
CARD11,23
CCDC42,23
CCDC47,23
CCDC86,23
CCNK,23
CCS,23
CD300C,23
CDK13,23
CDK2,23
CELSR2,23
CHD3,23
CKS1B,23
CLDN7,23
CLN3,23
CLSTN1,23
CNFN,23
COL12A1,23
CORO6,23
CPT1A,23
CSAD,23
CSH2,23
CSNK2A1,23
CSRP2,23
CTBP2,23
CUEDC2,23
CYP26B1,23
CYP4F12,23
DCUN1D1,23
DCUN1D3,23
DDIT3,23
DEF6,23
DENND2D,23
DMKN,23
DNAJC16,23
DOK4,23
DPYSL5,23
DRAXIN,23
DRD2,23
DSCAML1,23
DUOX1,23
DUSP23,23
DYNC1H1,23
EBF2,23
EEF1A1,23
EEPD1,23
EIF4A1,23
EPHA2,23
ERGIC1,23
ERI2,23
ETV1,23
ETV2,23
EXOSC6,23
FAIM2,23
FAM107A,23
FAM193A,23
FAM83G,23
FAM89B,23
FGF16,23
FGF22,23
FOXC1,23
FOXC2,23
FOXK1,23
FSCN3,23
FST,23
FUT6,23
GALNS,23
GALNT14,23
GALNT18,23
GAREM1,23
GATA6,23
GDNF,23
GFOD1,23
GLTP,23
GMEB2,23
GNA13,23
GOLGA6L6,23
GPBP1L1,23
GPR68,23
GPSM3,23
GPX4,23
HAAO,23
HCFC1,23
HELZ,23
HIP1R,23
HMCN2,23
HMG20A,23
HMGA2,23
HNF4G,23
HNRNPK,23
HNRNPL,23
HOXB2,23
HOXC4,23
HRAS,23
HS3ST4,23
HSD17B2,23
IGF1R,23
IL32,23
IL9R,23
IQSEC1,23
IRF4,23
ITGA8,23
JPH1,23
KCNH3,23
KCNH8,23
KCNQ5,23
KY,23
LDB1,23
LGALS4,23
LHX4,23
LIN52,23
LNPEP,23
LRRC32,23
LRRC38,23
LRRFIP1,23
LRRN1,23
LTBP2,23
LYRM1,23
LZTFL1,23
MAEL,23
MAP2K3,23
MAP3K9,23
MAP7,23
MAST1,23
MED12L,23
MEIS1,23
MFNG,23
MICALL1,23
MIP,23
MMP14,23
MMP24,23
MRGPRE,23
MSI1,23
MTMR11,23
MUC3A,23
MXRA5,23
MYBBP1A,23
MYC,23
MYOZ3,23
MYRF,23
NDUFAF3,23
NDUFS2,23
NEU1,23
NFATC4,23
NLRP3,23
NOP16,23
NOXA1,23
NPHS1,23
NPPB,23
NR4A3,23
NRG1,23
NRIP1,23
NRN1,23
NT5C2,23
NTRK3,23
NUP210,23
P2RX1,23
P2RY2,23
P3H4,23
PALD1,23
PARD6B,23
PAX3,23
PAX5,23
PCDH7,23
PDE4C,23
PEAK1,23
PGPEP1,23
PHF2,23
PHKB,23
PIDD1,23
PIGV,23
PKDCC,23
PLA2G4D,23
PLD4,23
PLEKHH3,23
PLXNB3,23
PNMA6A,23
PNP,23
PPARD,23
PPIP5K1,23
PPP1R13L,23
PRAME,23
PRDM8,23
PRKCA,23
PRKCB,23
PROB1,23
PROCR,23
PRR29,23
PRR34,23
PSORS1C1,23
PTAFR,23
PTEN,23
PTK7,23
PURA,23
PYGL,23
PYROXD2,23
RAB31,23
RAB33A,23
RAB3A,23
RAB4B-EGLN2,23
RAB5B,23
RBFOX1,23
RBP4,23
RFTN1,23
RGPD4,23
RIPK4,23
RMI1,23
RNF144A,23
RNF145,23
RNF152,23
RRBP1,23
RRM2,23
RUSC1,23
SARM1,23
SAT2,23
SCN1B,23
SCRN2,23
SDK1,23
SDK2,23
SEMA4D,23
SEMA6C,23
SERP2,23
SERPINA1,23
SETBP1,23
SETD3,23
SFRP1,23
SFRP2,23
SFTA2,23
SH3PXD2B,23
SH3RF3,23
SHISA5,23
SHISA6,23
SLC20A1,23
SLC25A48,23
SLC27A5,23
SLC29A1,23
SLC39A5,23
SLC39A6,23
SMARCA2,23
SMC1B,23
SMUG1,23
SOCS5,23
SOX15,23
SPG7,23
SPI1,23
STAG2,23
STARD3,23
STAT3,23
SUN1,23
SVIL,23
SYNDIG1,23
SYNGR1,23
TAOK3,23
TBCD,23
TDRD5,23
THAP3,23
THBS1,23
THOC7,23
THY1,23
TLCD1,23
TLR5,23
TMEM129,23
TMEM130,23
TMEM132C,23
TMEM69,23
TMEM74B,23
TNS4,23
TOP3A,23
TRIM3,23
TSPAN4,23
TST,23
TTC31,23
TTC7B,23
TUBB3,23
TUBB4A,23
TXNDC5,23
UBE2I,23
UBE2R2,23
UBE2S,23
USP42,23
USP5,23
UTP18,23
VDAC1,23
VSX1,23
WAPL,23
WNT9B,23
XRCC3,23
XYLT2,23
ZCCHC24,23
ZHX1,23
ZIC1,23
ZMYND10,23
ZNF34,23
ZNF384,23
ZNF469,23
ZNF512B,23
ZNF846,23
ABCC8,22
ACER3,22
ADAP2,22
ADCY6,22
ADNP2,22
ADRA1A,22
AGPAT5,22
AJAP1,22
AKR7A2,22
ALKBH4,22
ALOXE3,22
AMMECR1L,22
ANGPTL2,22
APBB3,22
APC2,22
APOA1,22
APOL6,22
ARF3,22
ARHGDIA,22
ARHGEF5,22
ARMC7,22
ARPC5,22
ASCL2,22
ATP6V0B,22
ATXN7,22
ATXN7L3,22
BCL7B,22
BMP8A,22
BNC1,22
BRD3,22
BTBD17,22
C16orf92,22
C19orf25,22
C8orf58,22
C9orf152,22
CAMK2D,22
CAMTA1,22
CASP9,22
CASZ1,22
CCDC120,22
CCDC127,22
CD300A,22
CD72,22
CD8B,22
CD93,22
CDCA3,22
CDK14,22
CEACAM8,22
CEMIP,22
CEMP1,22
CHI3L2,22
CHIT1,22
CHL1,22
CHRDL2,22
CHST13,22
CITED1,22
CITED2,22
CLCNKB,22
COL4A5,22
COMP,22
CPNE2,22
CRABP1,22
CRAT,22
CTDSP1,22
CUL7,22
CYP4F22,22
CYS1,22
CYTH2,22
DAO,22
DAPK2,22
DBNDD1,22
DCUN1D2,22
DDR1,22
DGKH,22
DKK3,22
DLGAP4,22
DNAI1,22
DNLZ,22
DOCK9,22
DPH2,22
DRAP1,22
DYDC1,22
DYRK3,22
E2F3,22
EFEMP2,22
EFNA5,22
EGLN3,22
EIF2AK3,22
ELF3,22
ELL3,22
ELOVL1,22
EMC3,22
EMP1,22
ENO2,22
EPHA1,22
EPHB1,22
ERBB4,22
ERICH4,22
ERN1,22
ESRP1,22
ESRRG,22
EVL,22
F13A1,22
FABP1,22
FABP5,22
FADS2,22
FAM222A,22
FAM81A,22
FAM83F,22
FCGR2A,22
FOSL2,22
FOXD1,22
FOXI2,22
FXYD6-FXYD2,22
FZD2,22
FZD5,22
GALNT6,22
GCC1,22
GFY,22
GGTLC1,22
GLI4,22
GLIS1,22
GLP1R,22
GLS2,22
GNAS,22
GOLGA6B,22
GOLGA6D,22
GOLGA6L1,22
GORASP1,22
GRB14,22
GRIP1,22
GRK6,22
GRM1,22
GTF3A,22
HAL,22
HCRTR1,22
HIPK2,22
HSD17B1,22
HSPE1,22
HSPE1-MOB4,22
IFFO2,22
IKBKE,22
IKZF1,22
IL18BP,22
IL4I1,22
ING1,22
INTS12,22
IPMK,22
IRF3,22
ITM2C,22
ITPK1,22
JAG1,22
JARID2,22
KAZALD1,22
KCNG2,22
KHK,22
KLC1,22
KLHL29,22
KRT78,22
KSR1,22
LANCL2,22
LARP4B,22
LEAP2,22
LEF1,22
LMAN1L,22
LOXHD1,22
LPIN1,22
LRRC8D,22
LTBP1,22
LY6G5B,22
MANSC4,22
MAOB,22
MAP3K1,22
MAPK10,22
MAPK8IP2,22
MAPKAPK3,22
MATR3,22
MED22,22
MERTK,22
MESP2,22
MIER3,22
MORF4L1,22
MRI1,22
MSN,22
MTCH1,22
MTMR4,22
MYH10,22
MYL6,22
MYO5B,22
MYT1,22
N4BP2,22
N4BP3,22
NAIF1,22
NAT8L,22
NDST2,22
NDUFB11,22
NF1,22
NFKBIA,22
NGFR,22
NHS,22
NKX3-2,22
NLGN1,22
NOL4L,22
NR1H2,22
NTMT1,22
NUDT14,22
NUP188,22
OGFR,22
OLFM1,22
OLFM2,22
OTOP3,22
OXR1,22
PACSIN1,22
PCGF2,22
PCSK7,22
PDCD6,22
PDE3B,22
PDE9A,22
PDXP,22
PHF23,22
PHYHIP,22
PIGW,22
PIK3R5,22
PIM1,22
PITRM1,22
PKNOX1,22
PLA2G4E,22
PLAG1,22
PLPP7,22
PNPLA5,22
POMT2,22
PPM1L,22
PRICKLE1,22
PRR15L,22
PRR5,22
PRSS21,22
PRTG,22
PSD4,22
PSG8,22
PSG9,22
PSMA1,22
PSMC5,22
PTDSS2,22
PTHLH,22
PTPRF,22
PTPRT,22
RAB3D,22
RAB3GAP2,22
RASGEF1C,22
RASSF5,22
RCN1,22
RECQL4,22
REN,22
RGL1,22
RGMB,22
RGS8,22
RHBDD3,22
RHOD,22
RIBC2,22
RNF25,22
RUNDC1,22
RUVBL2,22
RWDD2A,22
S1PR3,22
SCD5,22
SDC1,22
SDC3,22
SEC13,22
SEMA4C,22
SEMA7A,22
SETD1B,22
SH2B1,22
SH2D6,22
SH3GLB1,22
SH3TC1,22
SHCBP1,22
SHISA9,22
SIT1,22
SLC1A2,22
SLC22A7,22
SLC2A1,22
SLC43A2,22
SLC45A4,22
SLC4A3,22
SLC6A9,22
SLC7A10,22
SLC7A6,22
SLC9A7,22
SLCO2A1,22
SMAD7,22
SMIM22,22
SNTG1,22
SOCS3,22
SOX2,22
SPAG8,22
SPATA2L,22
SPEF1,22
SPESP1,22
SPTB,22
SRRM4,22
SRSF2,22
STRA8,22
SUSD4,22
SYT6,22
TAF11,22
TBC1D10C,22
TBCC,22
TBX4,22
TCF20,22
TET1,22
TIGD5,22
TMEM120A,22
TMEM151A,22
TMEM218,22
TMEM25,22
TMEM63C,22
TNIP2,22
TNK2,22
TPM2,22
TPSAB1,22
TRAPPC12,22
TRIM54,22
TSC22D1,22
TSPAN14,22
TSPAN15,22
TUBGCP4,22
TVP23A,22
TXNDC17,22
TXNRD3,22
TYROBP,22
UBALD1,22
UBE2B,22
UMODL1,22
UNC45B,22
USP20,22
VGLL2,22
VPS18,22
XKR7,22
XPO1,22
YES1,22
ZFHX3,22
ZFP37,22
ZNF296,22
ZNF319,22
ZNF32,22
ZNF367,22
ZNF576,22
ZNF696,22
ZNF7,22
ZNFX1,22
ABAT,21
ABCA1,21
ABCA7,21
ABCG4,21
ABHD8,21
ACSF3,21
ACSL6,21
ACSS3,21
ACTR1A,21
ACVR1,21
ADAMTS10,21
ADCY8,21
AFMID,21
AHCYL1,21
AK3,21
AK5,21
AKAP10,21
ALKBH7,21
ANAPC11,21
ANAPC4,21
ANKRD18A,21
ANTXRL,21
APOC1,21
AQP3,21
ARFGEF2,21
ARHGEF35,21
ARL4C,21
ARMCX4,21
ARMCX6,21
ARNT2,21
ART1,21
ASB6,21
ASB8,21
ASIC1,21
ATAD3A,21
ATP13A2,21
ATP2A2,21
ATP2B1,21
ATXN2,21
ATXN2L,21
ATXN7L1,21
AUTS2,21
B3GNT4,21
BACH2,21
BAG4,21
BHLHE41,21
BMP4,21
BMP7,21
BSX,21
BTG4,21
C1QTNF5,21
C1orf159,21
C1orf94,21
CA9,21
CAP1,21
CAV3,21
CBX7,21
CCDC134,21
CCDC184,21
CCDC88C,21
CCL19,21
CCND2,21
CCR6,21
CD63,21
CD99L2,21
CDC42EP1,21
CDCA8,21
CDHR2,21
CDHR3,21
CDKL3,21
CELF4,21
CEP152,21
CEP95,21
CERCAM,21
CERS2,21
CERS4,21
CETP,21
CGNL1,21
CHST14,21
CLDN2,21
CLDN4,21
CLIC6,21
CLIP2,21
CLIP3,21
CNN1,21
CNOT6L,21
CNRIP1,21
COL5A1,21
COL6A2,21
COPG2,21
COX4I2,21
CPEB3,21
CPVL,21
CRHR2,21
CRIM1,21
CS,21
CSF1R,21
CST3,21
CT62,21
CTDNEP1,21
CTF1,21
CTTNBP2,21
CTU2,21
CYP1A1,21
CYP27B1,21
DCDC2B,21
DCDC2C,21
DDOST,21
DDX51,21
DIAPH1,21
DLGAP1,21
DNAH3,21
DNAI2,21
DNASE1L1,21
DNMT3B,21
DPP3,21
DPT,21
DRD4,21
DUSP22,21
DUSP4,21
DYNLL2,21
E2F1,21
ECE1,21
EEA1,21
EIF5AL1,21
EN2,21
ENOX1,21
EPB41L4A,21
ESRRB,21
ETV3,21
EZR,21
F7,21
FAM131B,21
FAM135A,21
FAM221B,21
FAM91A1,21
FARP2,21
FBLN1,21
FBXO32,21
FCGR3A,21
FGFR1,21
FLOT2,21
FLYWCH2,21
FOXA3,21
FXYD2,21
GAD2,21
GCAT,21
GFI1B,21
GFRA2,21
GFRA3,21
GGTLC2,21
GIPC1,21
GLB1L3,21
GOLGA6L4,21
GPAA1,21
GPBP1,21
GPR139,21
GPR179,21
GPRASP1,21
GPRC5B,21
GRB7,21
GRIK5,21
GRM6,21
GSTM5,21
HADHA,21
HADHB,21
HBP1,21
HEBP2,21
HNRNPA2B1,21
HS3ST1,21
HS3ST5,21
HSF4,21
HTR2C,21
HYAL3,21
IAH1,21
IDH3G,21
IGFBP5,21
IGLL1,21
IGSF21,21
IL12RB1,21
IL6ST,21
INPP5F,21
ITGAE,21
ITGB4,21
ITGB8,21
ITIH4,21
ITSN1,21
KATNB1,21
KHDRBS1,21
KIN,21
KLF7,21
KLK5,21
KLLN,21
KPNA4,21
LIN28A,21
LRFN1,21
LRRC10B,21
LRRC52,21
LRRK1,21
LTBP3,21
MAGI1,21
MAP3K14,21
MBLAC1,21
MBTD1,21
MEA1,21
MEF2A,21
MFAP4,21
MKLN1,21
MSMP,21
MTM1,21
MYL5,21
MYLK2,21
MYO9A,21
MYOG,21
N4BP1,21
NAA50,21
NACAD,21
NALCN,21
NBR1,21
NCK2,21
NDOR1,21
NDUFS7,21
NELL1,21
NLGN3,21
NMB,21
NNMT,21
NPM3,21
NPRL2,21
NR1H3,21
NRK,21
NRSN2,21
NT5DC2,21
NUAK1,21
NUDT18,21
NUP210L,21
NUTM2B,21
OAZ2,21
ONECUT2,21
OSBPL3,21
OSR2,21
OXT,21
PAM,21
PARD3,21
PAX6,21
PCDH12,21
PCDH17,21
PDGFB,21
PEX11B,21
PHTF2,21
PITPNM3,21
PIWIL4,21
PKD2L1,21
PLA2G2C,21
PLEKHA2,21
PLPPR3,21
PLS3,21
PLXNA2,21
PNKD,21
POLG,21
POR,21
PPIF,21
PPP1R27,21
PPP2CA,21
PPP2R5A,21
PPP6R1,21
PRKAG1,21
PRKAG2,21
PRKDC,21
PRR5-ARHGAP8,21
PTGS1,21
PTPRJ,21
PXDC1,21
PXYLP1,21
QSER1,21
RAB3B,21
RAB8B,21
RAMP1,21
RAPGEF4,21
RASGRF2,21
RCOR1,21
RGS12,21
RHBG,21
RHOA,21
RHPN1,21
RIN3,21
RMND5A,21
RNASEH1,21
RNASEK,21
RNF103-CHMP3,21
RNF112,21
RNF166,21
RNF40,21
ROR2,21
RRAGD,21
RSAD2,21
RSRP1,21
SAP130,21
SBK2,21
SCAMP1,21
SCD,21
SDF4,21
SEC14L5,21
SEC22A,21
SERTAD2,21
SERTAD3,21
SGMS1,21
SH3BP5L,21
SHANK1,21
SKP1,21
SLC12A4,21
SLC13A5,21
SLC16A6,21
SLC26A1,21
SLC30A1,21
SLC35B2,21
SLC35C1,21
SLC39A14,21
SLC45A1,21
SLC45A3,21
SLC46A1,21
SLC5A5,21
SLC6A5,21
SLC7A14,21
SLC7A7,21
SLC9A2,21
SLFNL1,21
SLX1B,21
SMAD2,21
SMAD6,21
SMOC2,21
SMPD3,21
SNTG2,21
SNX1,21
SOBP,21
SRGAP2,21
SSTR2,21
ST7L,21
STX1B,21
SUDS3,21
SV2C,21
SYNDIG1L,21
SYT15,21
TAF10,21
TBX21,21
TCEAL3,21
TCP1,21
TCP10L,21
THRB,21
THSD7B,21
TIMP1,21
TM9SF3,21
TMEM190,21
TMEM200A,21
TMEM238,21
TMEM43,21
TMSB4Y,21
TNIP1,21
TNNI1,21
TNNT1,21
TPM1,21
TPRN,21
TSPAN5,21
TSPYL2,21
TTC36,21
TTC39A,21
TUB,21
UBE2F-SCLY,21
UBXN11,21
UGT8,21
ULK1,21
UNKL,21
USP51,21
VASP,21
WDR24,21
WDR83OS,21
WNT5B,21
WWC2,21
XAB2,21
YOD1,21
YRDC,21
ZBTB21,21
ZBTB37,21
ZC3H12A,21
ZNF596,21
ZNF646,21
ZPR1,21
ACAA2,20
ACP1,20
ACVR2B,20
ADAMTS8,20
ADCY3,20
ADORA1,20
ADRA1D,20
AFF1,20
AFF2,20
AK2,20
ALDH5A1,20
ALG12,20
ALKBH5,20
AMBP,20
AMER1,20
ANGPT4,20
ANKRD52,20
ANKS1A,20
APLNR,20
APOA4,20
APOLD1,20
ARF5,20
ARHGEF4,20
ARL6IP6,20
ARPC5L,20
ASGR2,20
ASTL,20
ATG16L1,20
ATP6AP2,20
ATRNL1,20
AURKAIP1,20
B4GALNT3,20
BAALC,20
BAG5,20
BATF3,20
BCL9L,20
BCOR,20
BEX1,20
BMF,20
BMPER,20
BRF1,20
BRPF3,20
BTN2A1,20
BTNL9,20
C19orf38,20
C1QTNF6,20
C1QTNF9,20
C4orf46,20
CACNA1F,20
CACNG2,20
CACNG6,20
CALCA,20
CALM1,20
CAPS,20
CASD1,20
CBLN1,20
CCDC22,20
CCNO,20
CD248,20
CD9,20
CDHR1,20
CDK16,20
CDK9,20
CDKN2A,20
CEACAM1,20
CEP104,20
CEP83,20
CFAP57,20
CFAP58,20
CFAP77,20
CHCHD4,20
CHST2,20
CLASRP,20
CLEC11A,20
CMPK2,20
CNTNAP1,20
COL6A1,20
COX6A2,20
CPNE9,20
CPSF4L,20
CRY2,20
CSF1,20
CSMD1,20
CYFIP2,20
CYP26A1,20
CYP4V2,20
CYP51A1,20
DCAF12,20
DCAF6,20
DCBLD1,20
DDB1,20
DDX41,20
DDX42,20
DDX47,20
DENND5B,20
DGKG,20
DHRS3,20
DHX33,20
DKK1,20
DLEU7,20
DLG3,20
DLGAP2,20
DLL3,20
DNAH9,20
DOLPP1,20
DRG1,20
DRGX,20
DSC2,20
DUSP6,20
DVL2,20
EAF1,20
EIF2B4,20
EIF4E1B,20
EIF4EBP3,20
ELF2,20
ELF4,20
ELK4,20
ELOVL4,20
EMB,20
EML2,20
EMP2,20
ENAH,20
ENHO,20
EPB41L2,20
ESYT2,20
EVA1A,20
EVA1C,20
EXOC3L2,20
EXOSC4,20
EYA4,20
FAM20B,20
FAM219A,20
FAM229A,20
FAT1,20
FAT4,20
FBXL20,20
FBXL8,20
FGFR1OP2,20
FGFR2,20
FKRP,20
FLRT1,20
FOS,20
FOXP1,20
FREM2,20
FTSJ3,20
GABARAP,20
GABRA4,20
GABRE,20
GAD1,20
GALE,20
GALNT2,20
GAS6,20
GATA1,20
GATAD2A,20
GFER,20
GFRA1,20
GGT7,20
GJB6,20
GLUD1,20
GNA14,20
GNPDA1,20
GOLGA6A,20
GOLGA6L10,20
GREM1,20
GRK4,20
GRPEL1,20
GUCY1A2,20
GYG2,20
HAUS4,20
HCK,20
HOOK2,20
HOXB7,20
HOXD9,20
HS3ST3A1,20
HTR6,20
ID1,20
ID3,20
IFT172,20
IL10RB,20
IL11RA,20
ILDR1,20
INA,20
INSIG1,20
INTS5,20
IQGAP2,20
IQSEC2,20
IRX6,20
ISM2,20
ITGAD,20
ITGB5,20
JAG2,20
KAT2A,20
KCNH1,20
KCNH4,20
KCNIP4,20
KCNJ10,20
KCNK3,20
KIAA1671,20
KIF19,20
KL,20
KLF17,20
KLF6,20
KLHDC9,20
KLHL10,20
KLK15,20
KLK2,20
KPTN,20
KRIT1,20
LASP1,20
LEMD1,20
LENG1,20
LHX2,20
LIX1L,20
LMCD1,20
LOXL2,20
LPCAT2,20
LRCH1,20
LRIG1,20
LRRC36,20
LYPLA2,20
LYSMD3,20
LZTS1,20
MACROD1,20
MAD1L1,20
MAF1,20
MAGEB2,20
MAGI2,20
MALL,20
MAN2C1,20
MAPK9,20
MARK2,20
MARK3,20
MAS1,20
MC1R,20
MCTP2,20
MDGA2,20
MEI1,20
METTL6,20
MGAT5B,20
MIEF1,20
MLF1,20
MOV10,20
MST1R,20
MT1A,20
MYH7,20
MYO7B,20
N4BP2L1,20
NADK2,20
NAGS,20
NAP1L5,20
NCOA4,20
NDUFA11,20
NDUFB2,20
NFASC,20
NFX1,20
NOLC1,20
NOS3,20
NPIPA8,20
NPPA,20
NPR2,20
NRGN,20
NUTF2,20
NYAP1,20
OAZ3,20
OLIG1,20
ONECUT1,20
OPA3,20
PACSIN3,20
PANK2,20
PAPLN,20
PATZ1,20
PAX9,20
PCDH15,20
PCSK9,20
PDCD10,20
PDE1B,20
PDE8A,20
PDK2,20
PDZD8,20
PFDN5,20
PFKFB3,20
PHF21B,20
PHYKPL,20
PIEZO1,20
PIEZO2,20
PIGZ,20
PITX3,20
PLA2G4F,20
PLD6,20
PLEKHA6,20
PLEKHG1,20
PLEKHG3,20
PLIN4,20
PLPP4,20
PMF1-BGLAP,20
PNMA3,20
PNOC,20
POLDIP2,20
PPFIBP2,20
PPM1A,20
PPM1F,20
PPM1N,20
PPP1R14C,20
PPP1R16B,20
PPP2R1A,20
PPP3CA,20
PRAM1,20
PRIMA1,20
PRR7,20
PRRX2,20
PRTFDC1,20
PSG1,20
PSG7,20
PSME1,20
PTCH1,20
PTGES3L-AARSD1,20
PTPRA,20
RAB22A,20
RAET1E,20
RANBP9,20
RASSF10,20
RCN3,20
REV1,20
RGMA,20
RHCE,20
RNASET2,20
RNF207,20
RSRC1,20
RXRA,20
SAP30L,20
SAPCD2,20
SARDH,20
SCAF4,20
SCAF8,20
SCMH1,20
SCYL1,20
SDCBP2,20
SELENBP1,20
SGIP1,20
SH2D7,20
SH3RF1,20
SHC1,20
SHROOM1,20
SIAH2,20
SKOR2,20
SLBP,20
SLC10A3,20
SLC13A2,20
SLC15A3,20
SLC16A13,20
SLC22A8,20
SLC29A4,20
SLC38A1,20
SLC38A5,20
SLF2,20
SLITRK5,20
SLX1A,20
SMARCC2,20
SMO,20
SMPX,20
SNCAIP,20
SNN,20
SNTA1,20
SOCS6,20
SOX12,20
SPPL2B,20
SPTAN1,20
SSH2,20
ST3GAL1,20
ST6GALNAC2,20
STAC2,20
STIP1,20
STK3,20
STON1-GTF2A1L,20
STRBP,20
STRIP2,20
STX6,20
SUFU,20
SYNCRIP,20
SYNE2,20
SYNE3,20
SYT11,20
SZT2,20
TACR1,20
TBC1D2B,20
TBX5,20
TCP11L2,20
TEAD4,20
TET2,20
THPO,20
TMC2,20
TMEM121,20
TMEM170B,20
TMEM175,20
TMEM205,20
TMEM217,20
TMEM229B,20
TMEM47,20
TMEM8B,20
TMTC2,20
TNFAIP1,20
TNFAIP3,20
TNFSF4,20
TOP1MT,20
TOP2B,20
TP53INP1,20
TPGS2,20
TPM3,20
TPT1,20
TRAK1,20
TREML2,20
TRIM41,20
TRIM71,20
TRIP13,20
TRMT1,20
TSC22D3,20
TSFM,20
TSLP,20
TSPAN2,20
TSPEAR,20
TUFT1,20
TYRO3,20
UBE2E3,20
ULBP1,20
UNC93B1,20
USP11,20
USP3,20
USP35,20
USP36,20
USP9X,20
UTRN,20
VAMP5,20
VASH1,20
VIPR2,20
VPS35,20
VWCE,20
WASL,20
WBP1,20
WDR1,20
WDR45,20
WDR5,20
WNK2,20
WWC3,20
XKR4,20
XKRX,20
XRN2,20
YBX1,20
YWHAQ,20
ZBTB46,20
ZDHHC14,20
ZDHHC18,20
ZEB1,20
ZFPL1,20
ZHX3,20
ZIK1,20
ZMYM5,20
ZMYND15,20
ZMYND8,20
ZNF141,20
ZNF385C,20
ZNF454,20
ZNF462,20
ZNF518B,20
ZNF609,20
ZNF697,20
ZNF706,20
ZNF710,20
AAK1,19
ABCC4,19
ABI2,19
ACAD8,19
ACADS,19
ACBD5,19
ACIN1,19
ACSS2,19
ADAM9,19
ADAMTS5,19
ADHFE1,19
ADRM1,19
AGAP2,19
AKAP5,19
AKAP8L,19
ALDH6A1,19
AMPH,19
ANO7,19
ANTXR1,19
ANXA11,19
ANXA9,19
AP1S2,19
AP4S1,19
ARAP3,19
ARHGAP27,19
ARHGAP35,19
ARHGEF10L,19
ARID2,19
ARL10,19
ARMCX2,19
ARPC4,19
ARR3,19
ASAP1,19
ASB7,19
ASXL1,19
ASXL2,19
ATP11A,19
ATP6V0E2,19
ATP8B1,19
AWAT1,19
AZIN1,19
BANF1,19
BARX2,19
BAZ2B,19
BCL2,19
BDNF,19
BEND6,19
BIN3,19
BMP6,19
BOLA2,19
BOLA3,19
BZW1,19
C17orf67,19
C1QB,19
C1orf167,19
CA14,19
CABP4,19
CACNA1H,19
CACNA2D4,19
CADM1,19
CALM2,19
CAPZB,19
CASQ2,19
CATIP,19
CCDC13,19
CCDC159,19
CCDC24,19
CCDC25,19
CCDC57,19
CCDC87,19
CCDC92,19
CCHCR1,19
CCNE1,19
CCT3,19
CD276,19
CD81,19
CDAN1,19
CDCP1,19
CDK5RAP3,19
CDV3,19
CEBPA,19
CFAP65,19
CHMP5,19
CHRNA10,19
CHST11,19
CHTF8,19
CKMT2,19
CLDN5,19
CLEC2L,19
CLEC4F,19
CLIC4,19
CLPTM1L,19
CNDP1,19
CNDP2,19
CNTN4,19
COL4A6,19
COL5A3,19
CORO1A,19
CPEB2,19
CTBP1,19
CTNNBIP1,19
CTNS,19
CTTN,19
CX3CL1,19
CXADR,19
CXCL17,19
CYP27C1,19
CYP2W1,19
CYTH3,19
DBI,19
DCAF11,19
DDX50,19
DENND2A,19
DERL3,19
DGCR6,19
DGCR6L,19
DGKA,19
DIXDC1,19
DMAP1,19
DMRTC2,19
DNAJB14,19
DOCK5,19
DUSP10,19
DUSP5,19
EDN1,19
EFCC1,19
EFTUD2,19
EGR4,19
EHMT1,19
EIF3J,19
EIF5,19
EIF6,19
ELMOD2,19
EMC10,19
EMC9,19
ENG,19
EP300,19
EPB42,19
ERAP1,19
ERO1B,19
ESCO2,19
ETF1,19
ETV4,19
EVPLL,19
EXOSC7,19
EXT1,19
F2,19
F2RL3,19
FAM110C,19
FAM149A,19
FAM43B,19
FBN1,19
FBXL5,19
FBXO31,19
FERMT1,19
FGD5,19
FGFR4,19
FGR,19
FHIT,19
FHOD3,19
FIGN,19
FNDC3B,19
FRMD3,19
FSD1L,19
FZD4,19
GAA,19
GABRA6,19
GABRG3,19
GALNT16,19
GDF10,19
GFOD2,19
GFPT2,19
GID4,19
GIGYF1,19
GKAP1,19
GLDN,19
GLIPR2,19
GNAI3,19
GOLGA7B,19
GPC4,19
GPR39,19
GPRC5A,19
GSG1L,19
GTF2IRD1,19
HAND2,19
HAS2,19
HCCS,19
HCST,19
HELZ2,19
HEYL,19
HGF,19
HHIPL1,19
HIP1,19
HIVEP2,19
HMG20B,19
HMGB3,19
HNRNPA1L2,19
HOMER1,19
HS3ST3B1,19
HVCN1,19
HYAL2,19
ICAM1,19
IDH3A,19
IDS,19
IER2,19
IGFBP2,19
IGFLR1,19
IKZF5,19
IL1RL2,19
IMPDH2,19
INHA,19
IRGQ,19
IRS2,19
IRX2,19
ITFG1,19
ITGA3,19
ITPRIPL1,19
JKAMP,19
JUND,19
KAT6B,19
KBTBD2,19
KBTBD4,19
KCNB2,19
KCNIP3,19
KCNK12,19
KIAA1549L,19
KIF3C,19
KLF11,19
KLHL42,19
KLK11,19
KLK3,19
KLRG1,19
KRAS,19
LARP1B,19
LEFTY1,19
LGR6,19
LHFPL2,19
LIN7A,19
LINGO1,19
LINS1,19
LIPG,19
LMF2,19
LPGAT1,19
LPIN2,19
LPP,19
LPXN,19
LRCH4,19
LRP4,19
LRRC25,19
LRSAM1,19
MACF1,19
MADD,19
MAN1B1,19
MAN2A1,19
MAP1B,19
MAP4K1,19
MAX,19
MBLAC2,19
MBP,19
ME3,19
MEPCE,19
METTL21A,19
METTL23,19
METTL24,19
MFSD2A,19
MGAT5,19
MICAL3,19
MLLT1,19
MLST8,19
MLXIPL,19
MMP17,19
MMS19,19
MOCS1,19
MPZL1,19
MROH1,19
MTSS1,19
MYBPC2,19
MYBPC3,19
MYEOV,19
MYOD1,19
MYPOP,19
MZF1,19
NAA30,19
NAALADL1,19
NBEAL2,19
NDE1,19
NDUFAF6,19
NEDD4L,19
NEURL1,19
NHSL1,19
NINJ2,19
NINL,19
NKAIN3,19
NLRC5,19
NR2E1,19
NR4A1,19
NRBP2,19
NSUN7,19
NT5C3B,19
NUCKS1,19
NUDT16,19
NUDT16L1,19
NXPH2,19
OAZ1,19
OPN1LW,19
OSR1,19
OTP,19
OTUD7B,19
P2RX3,19
P2RX5-TAX1BP3,19
PALM,19
PCDH10,19
PCDH19,19
PCID2,19
PDE10A,19
PEA15,19
PECR,19
PGC,19
PHLDB1,19
PI4KB,19
PIGR,19
PIK3R3,19
PKP4,19
PLK2,19
PMEL,19
PNPO,19
PPP1R35,19
PRAP1,19
PRDM11,19
PRDM15,19
PREB,19
PREX2,19
PRLH,19
PRSS36,19
PSG4,19
PSG5,19
PSTK,19
PSTPIP2,19
PTGES2,19
PTP4A2,19
PTPN20,19
PTPN5,19
PTPN6,19
PUS1,19
PWWP2A,19
QSOX1,19
R3HDM4,19
RAB34,19
RAB6B,19
RALGAPA2,19
RANGRF,19
RASA2,19
RASSF4,19
RBBP7,19
RBFOX2,19
RBM44,19
RCBTB2,19
RD3,19
RDH8,19
RFX1,19
RGPD3,19
RGS2,19
RNF138,19
RNF187,19
RNF44,19
ROCK2,19
RSPH1,19
RSPH9,19
RTN4RL1,19
S100P,19
S1PR5,19
SAC3D1,19
SAFB2,19
SBF2,19
SCAF11,19
SCAP,19
SERPINB9,19
SERPINI1,19
SESN2,19
SETD1A,19
SETD2,19
SEZ6L,19
SFRP5,19
SGCA,19
SGPL1,19
SGPP2,19
SKAP1,19
SLC12A8,19
SLC22A11,19
SLC22A4,19
SLC25A23,19
SLC25A37,19
SLC25A5,19
SLC25A53,19
SLC27A4,19
SLC2A6,19
SLC30A2,19
SLC40A1,19
SLC7A9,19
SLC8A2,19
SMARCA1,19
SMC1A,19
SMG7,19
SMOC1,19
SNAP29,19
SND1,19
SNRPD2,19
SNX18,19
SOCS2,19
SORCS1,19
SP4,19
SPIN2B,19
SRC,19
SREBF1,19
SRF,19
SRGAP2B,19
SRGAP2C,19
SS18L2,19
SSH1,19
SSRP1,19
ST6GALNAC4,19
ST8SIA5,19
STAU2,19
STK24,19
STK38,19
STKLD1,19
STRN4,19
SUPT4H1,19
SURF4,19
SYDE2,19
SYNPR,19
SYT9,19
SYTL1,19
TBX20,19
TCEA3,19
TDRP,19
TEX2,19
TFF3,19
TIGD4,19
TM2D3,19
TMEM150C,19
TMEM37,19
TMEM60,19
TMEM9,19
TMPRSS6,19
TNFAIP2,19
TNRC6B,19
TPRXL,19
TRAF5,19
TRIM17,19
TRIM46,19
TRIOBP,19
TSKS,19
TSPAN6,19
TULP3,19
TUSC2,19
UBE2E1,19
UBE2Q2,19
UBE3A,19
UBR4,19
USP21,19
USP27X,19
USP32,19
VANGL1,19
VANGL2,19
VPS13A,19
VPS16,19
VSIG8,19
VSTM2B,19
VSTM4,19
VTCN1,19
WRN,19
WWC1,19
XIRP1,19
XPNPEP2,19
YWHAB,19
ZCCHC14,19
ZDHHC11,19
ZDHHC9,19
ZFP36,19
ZFR2,19
ZFYVE9,19
ZMAT5,19
ZNF232,19
ZNF274,19
ZNF280D,19
ZNF408,19
ZNF536,19
ZNF623,19
ZNF664,19
ZNF667,19
ZNF683,19
ZNF71,19
ZNF740,19
ZNF891,19
ZNRF3,19
AAMDC,18
ABCG8,18
ABHD17A,18
ABHD6,18
ABLIM3,18
ACHE,18
ACO1,18
ADAM15,18
ADAMTS19,18
ADAMTSL1,18
ADAMTSL3,18
ADARB2,18
ADIRF,18
ADRB1,18
AGBL5,18
AGMAT,18
ALDH3B1,18
ALLC,18
ALX4,18
ANGPTL4,18
ANKFY1,18
ANKLE1,18
ANKRD11,18
ANKRD35,18
ANKS3,18
ANOS1,18
AP1S1,18
AP1S3,18
AP2A1,18
ARFGEF1,18
ARFIP2,18
ARHGAP1,18
ARHGAP6,18
ARSI,18
ASAH1,18
ATF5,18
ATF6B,18
ATG2A,18
ATP2B4,18
ATP6V1A,18
ATP8A2,18
ATP9A,18
B3GNT8,18
B4GALNT4,18
B4GALT6,18
BAG1,18
BAIAP2L1,18
BCAN,18
BCL2L2-PABPN1,18
BHMT,18
BID,18
BMPR1B,18
BOLA1,18
BPIFB4,18
BRAT1,18
BRI3,18
BRMS1,18
BST1,18
BUD13,18
C15orf39,18
C21orf58,18
C2orf81,18
CA2,18
CACNA1I,18
CACNG5,18
CALML4,18
CAMK2A,18
CAMK2N2,18
CAP2,18
CCDC102A,18
CCNG2,18
CCRL2,18
CD244,18
CD2AP,18
CD82,18
CD8A,18
CD99,18
CDC42BPG,18
CDH22,18
CDH23,18
CDKL5,18
CDNF,18
CDS1,18
CELA2B,18
CELSR1,18
CFAP53,18
CGN,18
CHD8,18
CHST6,18
CLOCK,18
CMTM5,18
CNBP,18
CNNM3,18
CNNM4,18
CNPPD1,18
CNTNAP5,18
COL14A1,18
COL1A2,18
COL24A1,18
CORO2B,18
CREB3L1,18
CREG2,18
CRELD2,18
CRIPT,18
CRYAB,18
CSDC2,18
CTDP1,18
CTSA,18
CYB561,18
CYB5R1,18
CYLD,18
CYP4F3,18
CYP4X1,18
DAAM2,18
DAGLA,18
DDT,18
DDTL,18
DECR1,18
DEF8,18
DENND1B,18
DENND3,18
DGCR2,18
DIP2A,18
DKC1,18
DLAT,18
DLG5,18
DLL1,18
DNAJC17,18
DNAJC7,18
DNAJC9,18
DND1,18
DNMT3A,18
DNPEP,18
DNTTIP1,18
DOCK11,18
DOCK4,18
DST,18
DYRK1B,18
EBF3,18
ECHDC3,18
ECHS1,18
EIF4E,18
ELK1,18
EMC1,18
ENDOU,18
EPB41,18
EPB41L3,18
EPHB4,18
ESYT3,18
EXTL1,18
FAF2,18
FAHD1,18
FAM114A1,18
FAM156A,18
FAM228B,18
FAM83B,18
FAR2,18
FARP1,18
FBN2,18
FBXL19,18
FBXL22,18
FBXO2,18
FBXW4,18
FCHSD1,18
FDXR,18
FGD3,18
FGF9,18
FMOD,18
FMR1,18
FOSB,18
FOXN2,18
FOXRED1,18
FOXS1,18
FRMD8,18
FRMPD1,18
FRZB,18
FUS,18
FZD8,18
G3BP1,18
GAB2,18
GALNT7,18
GAS2L1,18
GCM2,18
GDF11,18
GFI1,18
GGT6,18
GJA4,18
GLIS2,18
GLT1D1,18
GLYATL2,18
GLYR1,18
GML,18
GNG7,18
GPC6,18
GPR12,18
GPR78,18
GRIN3B,18
GRM7,18
GTPBP3,18
GUCD1,18
GZMM,18
H6PD,18
HAPLN1,18
HDAC6,18
HEG1,18
HERC1,18
HID1,18
HIRIP3,18
HORMAD2,18
HOXA9,18
HOXD3,18
HRCT1,18
HSPA5,18
IFITM3,18
IFRD2,18
IGDCC3,18
IGSF3,18
IK,18
IKBKB,18
IKZF4,18
IL27RA,18
ILK,18
ING2,18
INMT,18
INPP4B,18
INTS10,18
IPO13,18
IPPK,18
IQSEC3,18
IRF2BPL,18
ITGB1BP2,18
ITPKA,18
ITPR3,18
ITSN2,18
IVD,18
JPH3,18
KATNA1,18
KCNF1,18
KCNQ3,18
KCTD12,18
KIAA0753,18
KIAA1210,18
KLF10,18
KLHL34,18
KRT72,18
LCOR,18
LCORL,18
LCTL,18
LEPR,18
LETM1,18
LGALS3,18
LRCOL1,18
LRP5,18
LRP8,18
LRRC1,18
LRRC15,18
MAB21L2,18
MAD2L1BP,18
MAN1A2,18
MAP2K7,18
MAP3K10,18
MAP3K6,18
MAP4,18
MAP4K3,18
MAPK8,18
MAPRE3,18
MARCKS,18
MARK1,18
MARK4,18
MBD2,18
MCFD2,18
MDFI,18
MEGF9,18
MEOX2,18
MESP1,18
MEST,18
MFN2,18
MGMT,18
MKNK1,18
MOB1B,18
MPND,18
MPPED2,18
MPST,18
MROH7-TTC4,18
MTRR,18
MX2,18
MYCBP,18
MYCBPAP,18
MYOCD,18
MYOZ1,18
MYRIP,18
NCAN,18
NDUFA13,18
NDUFS8,18
NEGR1,18
NFKBIB,18
NFKBIL1,18
NGB,18
NHLH2,18
NHP2,18
NHSL2,18
NLRP10,18
NLRP6,18
NME2,18
NOS1,18
NPC2,18
NPRL3,18
NTN4,18
NTNG1,18
NUTM2E,18
NWD2,18
NXN,18
NXPH1,18
OCA2,18
OLA1,18
OR51E1,18
OSGIN1,18
P4HB,18
PBRM1,18
PBX4,18
PCBP1,18
PDE4A,18
PDGFRB,18
PDP2,18
PEBP4,18
PGBD5,18
PGLYRP3,18
PGM1,18
PGM2L1,18
PHF5A,18
PIAS3,18
PIK3C2B,18
PLA2R1,18
PLIN3,18
PLP1,18
PNKP,18
PNPLA6,18
POLK,18
POLR3D,18
PPCDC,18
PPFIA4,18
PPM1H,18
PPME1,18
PPP1R26,18
PPP1R9A,18
PPP6R3,18
PRB2,18
PRELID3B,18
PRKCH,18
PRLR,18
PRNP,18
PROSER2,18
PRPF40A,18
PRPF40B,18
PSMB1,18
PSMC3IP,18
PSMD1,18
PTGDR,18
PTGIS,18
PTH2,18
PTPN13,18
PTPRR,18
PVALB,18
RAB11FIP1,18
RAB12,18
RAB17,18
RAB39A,18
RAB3IL1,18
RAD23A,18
RAD54L,18
RAP1B,18
RASSF8,18
RBM33,18
RBM4,18
RBMS3,18
RDH10,18
REEP1,18
RELA,18
RFX3,18
RFX7,18
RFX8,18
RHEB,18
RICTOR,18
RND1,18
RNH1,18
RPIA,18
RRAS,18
RSF1,18
RSPO1,18
RTKN2,18
S100A4,18
S100A9,18
S100B,18
S100PBP,18
SBNO2,18
SCAF1,18
SDF2L1,18
SDHA,18
SDHAF1,18
SDR16C5,18
SEC14L3,18
SEL1L,18
SERPINE2,18
SERPING1,18
SERTAD4,18
SESN3,18
SF3A2,18
SH3RF2,18
SHCBP1L,18
SHROOM2,18
SIGLEC1,18
SIGLEC7,18
SIK2,18
SLAMF8,18
SLC12A6,18
SLC1A7,18
SLC22A3,18
SLC22A6,18
SLC25A45,18
SLC41A3,18
SLC4A7,18
SLIT2,18
SLIT3,18
SMARCD1,18
SMCR8,18
SMIM2,18
SMYD2,18
SNX20,18
SOX5,18
SOX9,18
SPAG6,18
SPECC1,18
SPIN1,18
SPIRE2,18
SPOCK3,18
SPRY2,18
SPRYD7,18
SRCAP,18
SRPRA,18
SS18,18
SSR4,18
ST3GAL2,18
STAP2,18
STARD5,18
STARD8,18
STAT5A,18
STK36,18
STMN4,18
STXBP5,18
SULF2,18
SWAP70,18
SYBU,18
SYN2,18
SYPL1,18
SYPL2,18
SYT13,18
SYT14,18
SYT17,18
SYTL2,18
TAF6,18
TAPT1,18
TBC1D5,18
TBX15,18
TCEAL1,18
TCEAL2,18
TCF7L2,18
TEF,18
TESK1,18
TET3,18
TGM5,18
THBS2,18
THEM6,18
THNSL2,18
TIMM50,18
TIRAP,18
TKFC,18
TLL2,18
TM2D2,18
TMCC2,18
TMED1,18
TMEM115,18
TMEM158,18
TMEM164,18
TMEM18,18
TMEM185B,18
TMEM187,18
TMEM263,18
TNPO3,18
TOM1L1,18
TOX,18
TP53,18
TPCN1,18
TPGS1,18
TPMT,18
TPST1,18
TRADD,18
TRAK2,18
TREML4,18
TRIM5,18
TTLL7,18
U2AF2,18
UACA,18
UBAP2L,18
UBN1,18
UBXN2A,18
UBXN7,18
UCK1,18
UCN,18
UCP1,18
UCP3,18
UPF2,18
USE1,18
USP31,18
USP53,18
VEGFC,18
VWA3B,18
WDFY1,18
WDSUB1,18
WEE1,18
WIPF1,18
XPR1,18
YJEFN3,18
YY1,18
ZBTB44,18
ZBTB5,18
ZBTB7C,18
ZCCHC2,18
ZDHHC12,18
ZDHHC2,18
ZFP91,18
ZFP91-CNTF,18
ZGLP1,18
ZNF282,18
ZNF439,18
ZNF485,18
ZNF496,18
ZNF570,18
ZNF610,18
ZNF678,18
ZNF691,18
ZNF746,18
ZNF77,18
ZSCAN1,18
ZSCAN10,18
ZW10,18
ABCB10,17
ABL2,17
ABLIM1,17
ABTB2,17
ACADSB,17
ACKR3,17
ACLY,17
ACOT11,17
ADAP1,17
ADIPOR2,17
ADRA1B,17
ADRA2A,17
AFF3,17
AIPL1,17
AK8,17
ALG11,17
ALG6,17
ALK,17
ALPK3,17
AMFR,17
AMIGO2,17
AMN,17
AMOTL1,17
AMOTL2,17
ANKH,17
ANKRD10,17
ANKRD31,17
ANKRD34B,17
ANO10,17
ANP32B,17
ANTXR2,17
ANXA5,17
AOC2,17
APAF1,17
APBA1,17
APEX2,17
ARFGEF3,17
ARFIP1,17
ARHGEF7,17
ARID3B,17
ARL4D,17
ARL5C,17
ARMC5,17
ARRB1,17
ARRDC4,17
ASAP3,17
ASMTL,17
ATAD3B,17
ATF2,17
ATF4,17
ATG9B,17
ATP12A,17
ATP6V1F,17
ATP7B,17
AZU1,17
B4GAT1,17
B9D1,17
BEX2,17
BIN1,17
BIRC5,17
BMP3,17
BMPR2,17
BORCS8,17
BORCS8-MEF2B,17
BRAF,17
BRINP1,17
BTBD2,17
BTN2A2,17
C11orf96,17
C14orf119,17
C1orf56,17
C22orf39,17
C2CD3,17
C6orf132,17
CALCOCO1,17
CALHM3,17
CAMK1,17
CAPNS1,17
CAPZA1,17
CARD14,17
CBX8,17
CCBE1,17
CCDC142,17
CCDC171,17
CCDC33,17
CCKBR,17
CCR1,17
CD209,17
CD33,17
CD37,17
CD47,17
CD52,17
CDC42EP4,17
CDK11A,17
CDT1,17
CDX1,17
CEL,17
CELA1,17
CEP68,17
CHGB,17
CHST15,17
CHSY3,17
CIAO1,17
CITED4,17
CLEC4G,17
CLK3,17
CLSTN2,17
CLUH,17
CMAS,17
CMYA5,17
CNGA3,17
CNPY1,17
COBLL1,17
COCH,17
COL23A1,17
COLEC12,17
COMMD5,17
COPA,17
CORO2A,17
COX19,17
CPOX,17
CPQ,17
CRKL,17
CRTC3,17
CRX,17
CRYBG3,17
CSNK1A1,17
CSTB,17
CTNNAL1,17
CUX2,17
CYC1,17
CYP11A1,17
CYP3A4,17
DCP1B,17
DDHD1,17
DDX31,17
DEGS2,17
DENND1A,17
DGKE,17
DGKI,17
DHX30,17
DIABLO,17
DLG2,17
DMRT1,17
DNAJA1,17
DNAJB9,17
DNAJC5B,17
DNER,17
DOK2,17
DOLK,17
DPM2,17
DPP4,17
DRAM2,17
DRC3,17
DSE,17
DSN1,17
DUSP28,17
DUSP3,17
DYNLL1,17
DYRK4,17
E2F4,17
EBP,17
EDEM1,17
EDF1,17
EEF1G,17
EFNA3,17
EHD1,17
EIF4ENIF1,17
EMID1,17
ENPP1,17
ENPP2,17
ENPP6,17
ENTPD6,17
EPHA5,17
EPN1,17
ERBB3,17
EXTL3,17
FAH,17
FAM169A,17
FAM171B,17
FAM174B,17
FAM217B,17
FAM9C,17
FANCE,17
FAR1,17
FAT3,17
FBL,17
FBLIM1,17
FBXL14,17
FBXO25,17
FBXO3,17
FBXO48,17
FBXO5,17
FCER1G,17
FDPS,17
FGD4,17
FGF2,17
FHL2,17
FHL3,17
FLT1,17
FLVCR2,17
FNDC1,17
FNDC8,17
FNIP1,17
FOXM1,17
FZD7,17
GADD45B,17
GALT,17
GAMT,17
GAS7,17
GCK,17
GEM,17
GEMIN6,17
GJA5,17
GK,17
GLIS3,17
GLRX3,17
GLUL,17
GOLGA8S,17
GOLGA8T,17
GPAT4,17
GPBAR1,17
GPC2,17
GPM6B,17
GPR143,17
GPR146,17
GPR37,17
GRIA3,17
GRID1,17
GRIP2,17
GRK7,17
GSAP,17
GYG1,17
GYPC,17
HDGF,17
HECW1,17
HEPH,17
HEY2,17
HINT2,17
HJURP,17
HMGB2,17
HMGCR,17
HNRNPUL1,17
HOOK3,17
HSP90AA1,17
HSP90AB1,17
HTATSF1,17
HTR5A,17
ICE2,17
IFT140,17
IFT20,17
IL13RA1,17
IL15RA,17
IL17B,17
IL19,17
IL2RB,17
INPP5E,17
INTS9,17
IQGAP1,17
IRF2,17
IRF2BP1,17
ISCA1,17
IZUMO1,17
JMJD6,17
KATNAL2,17
KCMF1,17
KCNA5,17
KCNA7,17
KCND2,17
KCNE4,17
KCNK1,17
KCNN3,17
KDM1B,17
KIAA1191,17
KIAA1328,17
KIAA1549,17
KIF13A,17
KIF4A,17
KIRREL3,17
KLHL38,17
KLK6,17
KRT6A,17
L3MBTL4,17
LACRT,17
LAMC1,17
LAPTM5,17
LEKR1,17
LGALS3BP,17
LHFPL4,17
LIMS2,17
LMBR1,17
LPAR1,17
LPAR5,17
LRFN2,17
LRP12,17
LRP3,17
LRRC59,17
LRRC8A,17
LTBP4,17
LYG2,17
MACROD2,17
MAF,17
MAGEA10,17
MAGEB17,17
MAMLD1,17
MAP2K6,17
MAPK3,17
MAPKAPK2,17
MARCO,17
MARVELD1,17
MAST4,17
MATK,17
MBD3L1,17
MBD5,17
MBNL3,17
MCOLN2,17
MDFIC,17
ME1,17
MED13L,17
MED6,17
MEFV,17
MGAT4B,17
MIA3,17
MIXL1,17
MLEC,17
MLXIP,17
MMACHC,17
MPC1,17
MSL2,17
MSRB3,17
MTF1,17
MTUS1,17
MVB12B,17
MYH9,17
MYL10,17
MYL12A,17
MYO18A,17
NAP1L1,17
NAT9,17
NCALD,17
NCKAP5,17
NCMAP,17
NCOA1,17
NDUFS1,17
NFIL3,17
NIPAL4,17
NLK,17
NMRK2,17
NMT1,17
NMT2,17
NPAS1,17
NPR1,17
NPY5R,17
NR2C2AP,17
NRL,17
NRXN3,17
NSD1,17
NSUN2,17
NUPR1,17
NXPE3,17
NXT1,17
OAF,17
OAT,17
ODF2,17
OLFML3,17
OPHN1,17
OPTC,17
ORAI2,17
ORMDL3,17
PAIP2B,17
PANK1,17
PAPSS2,17
PAWR,17
PCDH9,17
PDCD4,17
PDK4,17
PDLIM5,17
PDZD2,17
PELI2,17
PEMT,17
PES1,17
PHF8,17
PIK3AP1,17
PIP5K1B,17
PLA2G6,17
PLAU,17
PLOD3,17
PLPP5,17
PLXNA3,17
PLXNC1,17
PNPLA7,17
PNPLA8,17
POGZ,17
POLR1E,17
POLR3G,17
POMGNT1,17
POMT1,17
PON3,17
POP7,17
POTEM,17
POU2F1,17
PPHLN1,17
PPM1B,17
PPP1CB,17
PPP1R2,17
PRADC1,17
PRDM10,17
PSPN,17
PTDSS1,17
PTGDR2,17
PTK2,17
PTPDC1,17
PTPN12,17
PTPN4,17
QKI,17
RAB11FIP2,17
RAB20,17
RAB25,17
RAB3IP,17
RAB4A,17
RAB5A,17
RAP1GAP2,17
RAPGEF2,17
RAPGEF6,17
RASGRF1,17
RBM10,17
RBPJL,17
RCAN1,17
RCC2,17
RGS14,17
RGS7,17
RIMS4,17
RNF126,17
RNF170,17
RNF215,17
RNF7,17
RPTOR,17
RSPO2,17
SAMD3,17
SARNP,17
SATB2,17
SCAPER,17
SCML1,17
SCN10A,17
SEC24B,17
SEMA6A,17
SERINC4,17
SF3B6,17
SFPQ,17
SH3KBP1,17
SHMT2,17
SHOX2,17
SIAE,17
SIGLEC10,17
SIGLEC15,17
SIRT5,17
SLC10A1,17
SLC22A13,17
SLC25A30,17
SLC25A39,17
SLC26A11,17
SLC35F2,17
SLC38A2,17
SLC3A1,17
SLC43A3,17
SLC6A17,17
SLFN5,17
SMCO4,17
SMIM13,17
SNX24,17
SP2,17
SPACA1,17
SPATA25,17
SPCS1,17
SPHK2,17
SPOCK1,17
SPSB4,17
SPTBN1,17
SRL,17
SRRM2,17
SRRT,17
ST20-MTHFS,17
ST6GAL1,17
STAT6,17
STMN2,17
STOM,17
STRN3,17
STYX,17
SULT1A2,17
SUN2,17
SUN5,17
SUSD1,17
SUV39H2,17
SWSAP1,17
SWT1,17
SYCP2,17
TAC4,17
TBC1D16,17
TBC1D22B,17
TBC1D9B,17
TBP,17
TBPL1,17
TBX18,17
TCEAL5,17
TCF15,17
TCF19,17
TCF3,17
TECPR1,17
TEX29,17
TEX35,17
TFAP2E,17
TFAP4,17
THAP5,17
THAP8,17
TIMP2,17
TIMP3,17
TM6SF1,17
TMC4,17
TMEM201,17
TMEM50A,17
TMEM63B,17
TMEM9B,17
TMPRSS2,17
TMSB4X,17
TMX4,17
TPTE2,17
TRAPPC2L,17
TRIB1,17
TRIM38,17
TRIM44,17
TRIM50,17
TRMT2A,17
TRMT5,17
TRPS1,17
TSC22D4,17
TSPAN12,17
TSPO,17
TUBA8,17
TUBGCP2,17
TXNL4A,17
TXNL4B,17
UAP1,17
UBA3,17
UBASH3B,17
UBE2D1,17
UBE3B,17
UBN2,17
UBOX5,17
UBQLN1,17
UBTF,17
UCHL5,17
UNC5C,17
UPB1,17
UPK3A,17
UQCR10,17
USP34,17
VIL1,17
VIPAS39,17
VSTM2L,17
WAS,17
WBP1L,17
WDPCP,17
WDR26,17
WDR27,17
WNK1,17
XDH,17
YBX3,17
YEATS2,17
YPEL5,17
ZBTB20,17
ZCWPW2,17
ZDHHC13,17
ZFAND5,17
ZMYM4,17
ZNF133,17
ZNF250,17
ZNF254,17
ZNF268,17
ZNF407,17
ZNF514,17
ZNF592,17
ZNF606,17
ZNF628,17
ZNF677,17
ZNF727,17
ZNF75D,17
ZNF770,17
ZNF775,17
ZNF785,17
ZNF804A,17
ZNF821,17
ZNF860,17
ABHD11,16
ABR,16
ABRACL,16
ACE2,16
ACOT13,16
ACTR6,16
ACVR1B,16
ADAMTS1,16
ADAMTS15,16
ADCY1,16
ADCY7,16
ADCYAP1,16
ADD1,16
ADK,16
AFAP1L1,16
AIF1L,16
AIFM2,16
AKAP1,16
AKAP12,16
ALDH18A1,16
ALDH3A1,16
ALOX12,16
ALOX12B,16
ALX3,16
AMDHD1,16
AMER3,16
ANK3,16
ANKHD1-EIF4EBP3,16
ANKMY2,16
ANKRD28,16
ANKRD50,16
ANKRD53,16
ANKRD6,16
ANKZF1,16
AP1AR,16
AP5Z1,16
APCDD1L,16
APIP,16
APLP1,16
ARF6,16
ARHGAP12,16
ARHGAP40,16
ARID4A,16
ARL4A,16
ARL6IP1,16
ASF1B,16
ASL,16
ATAD2B,16
ATG4D,16
ATOH8,16
ATP10A,16
ATP1B4,16
ATP2C2,16
AZI2,16
B3GALNT2,16
B3GAT2,16
B3GNT9,16
B4GALT5,16
BACE1,16
BAG3,16
BANP,16
BBIP1,16
BCAT1,16
BCCIP,16
BCL2L2,16
BCS1L,16
BFSP2,16
BIN2,16
BLOC1S2,16
BRD4,16
BTBD16,16
BTBD3,16
BTC,16
C12orf42,16
C19orf12,16
C19orf67,16
C1QTNF1,16
C2CD2,16
C3orf70,16
C4orf50,16
C5orf52,16
C6orf47,16
C8orf33,16
C8orf74,16
C9orf43,16
CA11,16
CA5B,16
CACHD1,16
CACNA2D1,16
CADM2,16
CALCR,16
CALN1,16
CAMKK1,16
CANT1,16
CAPN13,16
CAPN14,16
CAPN5,16
CC2D1B,16
CCDC148,16
CCDC157,16
CCDC85B,16
CCP110,16
CCR10,16
CCR9,16
CD160,16
CD3D,16
CD3G,16
CD58,16
CDC40,16
CDC42BPA,16
CDH13,16
CDH4,16
CDHR4,16
CDK8,16
CDKN2AIP,16
CDO1,16
CEBPD,16
CELF2,16
CEP131,16
CEP57L1,16
CHAF1A,16
CHD6,16
CHDH,16
CHKA,16
CHMP2B,16
CHRNA2,16
CIC,16
CLC,16
CLCN1,16
CLEC3B,16
CLHC1,16
CNP,16
COL11A1,16
COL16A1,16
COPZ1,16
CPD,16
CPEB4,16
CPT2,16
CRACR2A,16
CREBRF,16
CREM,16
CSDE1,16
CSF3,16
CSRNP1,16
CST6,16
CTNNBL1,16
CTNND2,16
CUZD1,16
CX3CR1,16
CXCR3,16
CXorf38,16
CYP2B6,16
CYP2F1,16
CYP39A1,16
DAB2IP,16
DCLRE1A,16
DDAH2,16
DDX28,16
DDX3Y,16
DGAT2L6,16
DGKD,16
DMWD,16
DNAAF5,16
DNAJC5,16
DNM2,16
DOCK10,16
DOK5,16
DPH1,16
DRICH1,16
DSTYK,16
DYRK1A,16
EAF2,16
ECI1,16
EFCAB8,16
EHF,16
EIF3A,16
EIF3I,16
EIF4EBP1,16
EIF5A2,16
ELF5,16
ELMO1,16
ELOVL7,16
EMILIN2,16
EMILIN3,16
ENTPD3,16
EOMES,16
EPC2,16
EPHX1,16
EPHX3,16
ESYT1,16
ETV7,16
EXOC3L1,16
EXOSC5,16
EYA1,16
EZH2,16
F8A1,16
F8A3,16
FADS3,16
FAM136A,16
FAM151A,16
FAM171A2,16
FAM200A,16
FAM222B,16
FAM47E,16
FAM98A,16
FATE1,16
FBXO45,16
FBXW9,16
FCHSD2,16
FGF18,16
FGF6,16
FGFRL1,16
FICD,16
FKBP6,16
FLRT2,16
FN1,16
FN3KRP,16
FNBP1,16
FOXB1,16
FPGS,16
FRAS1,16
FRK,16
FRS3,16
FRYL,16
FSIP2,16
FTSJ1,16
FUT2,16
FXYD1,16
FZR1,16
GADD45A,16
GADL1,16
GAK,16
GALNT1,16
GALNT8,16
GCHFR,16
GCLM,16
GDF15,16
GEMIN4,16
GGA3,16
GHITM,16
GHRHR,16
GLI2,16
GLI3,16
GLOD4,16
GLS,16
GMDS,16
GMPR,16
GNG12,16
GOLGA8H,16
GOLGA8Q,16
GOLGA8R,16
GON4L,16
GPAT3,16
GPN2,16
GPR155,16
GPX1,16
GRIA2,16
GRSF1,16
GSG1L2,16
GSK3B,16
GTPBP1,16
GTSE1,16
GTSF1,16
GUCY2D,16
GYS1,16
HAGH,16
HAND1,16
HAS3,16
HCN1,16
HCN3,16
HDAC5,16
HECW2,16
HHIP,16
HLA-DPB1,16
HMGB1,16
HNRNPH1,16
HOOK1,16
HOXD8,16
HS3ST2,16
HSD17B14,16
HTR3A,16
HTR4,16
HTRA4,16
ICA1,16
IDH2,16
IGFBP7,16
IGLON5,16
IL12B,16
IL13,16
IL17RA,16
IL24,16
INPP5D,16
INSC,16
IQCB1,16
IQCJ-SCHIP1,16
IQUB,16
IRF2BP2,16
ISCA2,16
ISM1,16
ITPR2,16
IYD,16
JAK1,16
JAKMIP1,16
JAM2,16
JMJD4,16
JUN,16
KANSL1L,16
KAT7,16
KATNAL1,16
KCNA3,16
KCNK13,16
KCNK18,16
KCNMB1,16
KCTD1,16
KCTD5,16
KDF1,16
KDM5C,16
KIAA0513,16
KIAA0930,16
KLHDC8A,16
KLK10,16
KLK14,16
KRT3,16
KRTDAP,16
L3HYPDH,16
LAGE3,16
LAMB1,16
LAMTOR5,16
LAYN,16
LBP,16
LCLAT1,16
LGI2,16
LHX8,16
LIMD1,16
LINGO2,16
LMBRD1,16
LONRF3,16
LPAR3,16
LRIT1,16
LRRC27,16
LRRC37B,16
LRRN4,16
LSM1,16
LSR,16
LTB,16
LY6H,16
LYNX1,16
LYPD6,16
LYSMD1,16
LYZL4,16
LZTS2,16
M6PR,16
MAB21L1,16
MAFK,16
MAK,16
MAN1A1,16
MAN1C1,16
MANEAL,16
MANSC1,16
MAP2,16
MAP2K2,16
MAP3K7,16
MAST2,16
MAT2A,16
MATN2,16
MATN3,16
MB21D2,16
MCM7,16
MCPH1,16
MED9,16
MEGF11,16
MFAP3L,16
MGST3,16
MLYCD,16
MMP19,16
MOB4,16
MON1B,16
MORC2,16
MORN5,16
MPRIP,16
MS4A10,16
MSH3,16
MSTO1,16
MTAP,16
MTERF3,16
MTFP1,16
MTHFR,16
MTURN,16
MYCL,16
MYH7B,16
MYO3A,16
MZT1,16
NANOS1,16
NASP,16
NBPF14,16
NCAM1,16
NCBP3,16
NCL,16
NCSTN,16
NEFM,16
NES,16
NFE2,16
NFE2L1,16
NFE2L3,16
NHLRC2,16
NIFK,16
NIM1K,16
NIPA1,16
NIPSNAP1,16
NIT1,16
NME6,16
NMU,16
NNT,16
NOA1,16
NOB1,16
NOD2,16
NOL12,16
NOS1AP,16
NOTO,16
NOVA1,16
NPC1,16
NPEPPS,16
NR4A2,16
NT5C1A,16
NT5DC1,16
NT5DC4,16
NTHL1,16
NUCB1,16
NUDT10,16
NUP153,16
NYX,16
OLFM4,16
OSBPL10,16
OSBPL6,16
OTUD5,16
OVCH1,16
P2RX4,16
PACSIN2,16
PADI6,16
PAG1,16
PAH,16
PAIP1,16
PAK1,16
PAQR9,16
PARP8,16
PARP9,16
PARVG,16
PASK,16
PCDH11X,16
PCMTD2,16
PCP4,16
PDE4B,16
PDE6D,16
PDSS2,16
PEX5,16
PFKFB1,16
PGAP1,16
PGF,16
PGM3,16
PHF21A,16
PHTF1,16
PI4KA,16
PIAS4,16
PICALM,16
PIRT,16
PKM,16
PLEKHA3,16
PLEKHA5,16
PLEKHH2,16
PMEPA1,16
POLR3GL,16
POLR3K,16
PORCN,16
POTEG,16
PPIP5K2,16
PPP1R12A,16
PPP1R3F,16
PPP1R7,16
PPP2R5D,16
PPP2R5E,16
PPP4R1,16
PRIMPOL,16
PRKAA2,16
PRKACB,16
PRKCSH,16
PRKD3,16
PROKR2,16
PRR11,16
PRR14,16
PRRC2B,16
PRSS12,16
PSMD13,16
PSMD7,16
PTPRD,16
PUM2,16
QPCTL,16
QPRT,16
R3HDM1,16
RAB9B,16
RAD50,16
RAPGEF1,16
RAPGEFL1,16
RAPH1,16
RARRES2,16
RASGEF1B,16
RASGRP1,16
RASL11B,16
RASSF9,16
RBM15B,16
RBM46,16
RBPMS,16
RCE1,16
REST,16
RFXANK,16
RGS16,16
RGS22,16
RHD,16
RHOB,16
RHPN2,16
RNF217,16
RNF222,16
RNF41,16
RNF8,16
RPAP3,16
RSBN1L,16
RSPRY1,16
RYR2,16
SALL4,16
SCOC,16
SCT,16
SEC14L1,16
SEC14L2,16
SEC24A,16
SERINC2,16
SERPINB8,16
SERTM1,16
SETD6,16
SGTA,16
SH3GL1,16
SH3GLB2,16
SHBG,16
SHE,16
SHF,16
SHOX,16
SIPA1L1,16
SIVA1,16
SLC22A14,16
SLC22A16,16
SLC24A1,16
SLC25A13,16
SLC25A15,16
SLC25A28,16
SLC25A4,16
SLC25A43,16
SLC30A3,16
SLC35D1,16
SLC37A1,16
SLC38A10,16
SLC4A9,16
SLC5A10,16
SLC5A4,16
SLC6A1,16
SLC6A6,16
SLC8B1,16
SLC9A6,16
SMARCA5,16
SMIM10L2A,16
SMIM3,16
SMYD3,16
SNAI1,16
SNAP25,16
SNCA,16
SNX17,16
SNX19,16
SNX22,16
SNX27,16
SNX32,16
SORL1,16
SOS1,16
SOWAHC,16
SOX11,16
SOX30,16
SP1,16
SPATS2,16
SPEG,16
SPPL3,16
SPRED1,16
SQLE,16
SRGAP1,16
SRP68,16
STAT2,16
STK26,16
STK32C,16
STK35,16
STX4,16
SV2A,16
SYN1,16
SYNGR2,16
SYT10,16
SYT16,16
TADA3,16
TAX1BP3,16
TBC1D14,16
TBCK,16
TCAIM,16
TCEAL7,16
TCTA,16
TESC,16
TEX26,16
TFF1,16
TFG,16
TFRC,16
TGM2,16
THAP7,16
THOP1,16
THRAP3,16
THYN1,16
TIE1,16
TIGD1,16
TKT,16
TLE1,16
TLE4,16
TLN1,16
TMEM107,16
TMEM114,16
TMEM131,16
TMEM161B,16
TMEM235,16
TMEM255A,16
TMEM258,16
TMEM41A,16
TMEM45B,16
TMEM53,16
TMEM92,16
TMEM98,16
TMOD3,16
TMTC4,16
TNFAIP8,16
TNFAIP8L1,16
TNFRSF9,16
TOM1L2,16
TOP2A,16
TOR2A,16
TOX2,16
TP53INP2,16
TPD52,16
TPRX1,16
TRAF6,16
TRIB3,16
TRIM47,16
TRIM6-TRIM34,16
TRIM66,16
TRMT1L,16
TSNAXIP1,16
TSPAN1,16
TTC4,16
TTLL3,16
TUBG1,16
TXNDC11,16
UBAC1,16
UBE2J1,16
UBE2L6,16
UBL5,16
UBR5,16
UBTD2,16
UCN3,16
UCP2,16
UNC13A,16
UPF3A,16
UPK3B,16
UROS,16
USP47,16
UST,16
UTP4,16
VDAC2,16
VOPP1,16
VPS25,16
VPS37B,16
VRK3,16
VSIG10L,16
VTI1A,16
WASF1,16
WBP4,16
WDFY2,16
WDR18,16
WDR3,16
WDR77,16
WDR88,16
WDR91,16
WFS1,16
WIPI1,16
WNT4,16
WNT8A,16
XPO4,16
XPO7,16
YAP1,16
YBEY,16
YIF1A,16
YPEL2,16
YPEL4,16
YWHAG,16
YWHAH,16
YWHAZ,16
ZBTB8OS,16
ZC2HC1A,16
ZDHHC3,16
ZEB2,16
ZFX,16
ZKSCAN1,16
ZMAT3,16
ZMAT4,16
ZNF10,16
ZNF148,16
ZNF239,16
ZNF267,16
ZNF292,16
ZNF335,16
ZNF346,16
ZNF396,16
ZNF449,16
ZNF512,16
ZNF519,16
ZNF526,16
ZNF558,16
ZNF593,16
ZNF600,16
ZNF761,16
ZNF827,16
ZNF837,16
A1BG,15
AASS,15
ABCA5,15
ABCF2,15
ACAD11,15
ACTN3,15
ACTR1B,15
ADAMTS17,15
ADAMTS18,15
ADGRB3,15
ADGRD1,15
ADGRG6,15
ADI1,15
ADIG,15
ADIPOR1,15
ADRB3,15
AFAP1,15
AGO4,15
AIG1,15
AIM2,15
AKAP11,15
AKR1D1,15
ALDH1B1,15
ALDOA,15
ALG2,15
ANAPC5,15
ANKIB1,15
ANKRD1,15
ANKRD13A,15
ANKRD17,15
ANKRD65,15
ANKUB1,15
ANO2,15
ANO8,15
ANXA8,15
AP3D1,15
AP3S1,15
APLF,15
APLN,15
APOBEC3C,15
APOBEC3H,15
APOM,15
APP,15
APPL2,15
ARHGAP4,15
ARHGAP8,15
ARHGEF10,15
ARHGEF39,15
ARID1A,15
ARL14EP,15
ARL15,15
ARPP19,15
ASB16,15
ASTN2,15
ATG101,15
ATP4A,15
ATP6V0A4,15
ATP6V1B2,15
ATRN,15
AVPI1,15
B3GNT3,15
BCAR3,15
BCDIN3D,15
BEND2,15
BEST4,15
BIVM,15
BIVM-ERCC5,15
BMI1,15
BNIP1,15
BOC,15
BOLL,15
BPIFB1,15
BRINP2,15
BROX,15
BUB1,15
BZW2,15
C16orf46,15
C1orf216,15
C1orf74,15
C2CD4D,15
C2orf72,15
C3orf52,15
C7orf33,15
C7orf57,15
C9orf85,15
CAND2,15
CAPRIN1,15
CATSPERD,15
CBR3,15
CBX6,15
CCDC106,15
CCDC121,15
CCDC160,15
CCDC50,15
CCDC6,15
CCDC88A,15
CCDC9,15
CCDC93,15
CCDC97,15
CCL8,15
CCM2L,15
CCSAP,15
CCSER1,15
CD164,15
CD5,15
CDA,15
CDC45,15
CDC5L,15
CDH1,15
CDH7,15
CDK5RAP2,15
CDK6,15
CDKN1B,15
CENPM,15
CENPQ,15
CENPT,15
CEP350,15
CES4A,15
CFAP69,15
CFP,15
CH25H,15
CHCHD5,15
CHEK2,15
CHID1,15
CHST9,15
CLCN7,15
CLEC17A,15
CLGN,15
CLINT1,15
CLK4,15
CLN8,15
CLTC,15
CLUAP1,15
CMC1,15
CNKSR2,15
CNOT1,15
COL25A1,15
COL26A1,15
COL9A2,15
COPE,15
COPS7B,15
CORO1B,15
CORO1C,15
COX7C,15
CPN2,15
CPSF2,15
CRAMP1,15
CRTAM,15
CRTC1,15
CRYBB1,15
CRYGN,15
CSF3R,15
CSGALNACT1,15
CSMD2,15
CSMD3,15
CSNK1E,15
CTNND1,15
CTPS2,15
CTSW,15
CUL4A,15
CXCL3,15
CYCS,15
CYP19A1,15
CYP2S1,15
D2HGDH,15
DCBLD2,15
DCUN1D4,15
DDAH1,15
DDX4,15
DDX5,15
DENND4A,15
DENND4C,15
DENND5A,15
DEPDC5,15
DESI1,15
DESI2,15
DHFR,15
DLX1,15
DMXL1,15
DMXL2,15
DNAH11,15
DNAJC21,15
DNAJC27,15
DNASE2,15
DOCK6,15
DOK6,15
DPH3,15
DTX3L,15
DUSP16,15
ECH1,15
ECT2L,15
EEF2,15
EGR2,15
ELOVL6,15
EML6,15
EMSY,15
ENC1,15
ENGASE,15
ENO1,15
EPB41L1,15
EPB41L4B,15
EPHX2,15
ERP44,15
ETS2,15
EXOSC2,15
F2R,15
FAM110B,15
FAM117A,15
FAM13B,15
FAM162A,15
FAM180B,15
FAM20A,15
FAM216A,15
FAM3D,15
FAM53A,15
FANK1,15
FBXO30,15
FBXO46,15
FCMR,15
FDX1,15
FGD2,15
FGF5,15
FHL1,15
FIBP,15
FIGNL1,15
FKBP7,15
FKBP8,15
FMO5,15
FOXN4,15
FOXO1,15
FRAT2,15
FUCA2,15
FUNDC1,15
FUT9,15
FYN,15
FZD1,15
GABRB3,15
GALNT10,15
GAS2,15
GCSH,15
GDAP2,15
GET4,15
GINS1,15
GIT2,15
GLB1L2,15
GLRA4,15
GMPS,15
GNAQ,15
GNB1L,15
GNPAT,15
GOLGA3,15
GOLGA7,15
GOLGA8O,15
GOLGB1,15
GOLIM4,15
GOLPH3,15
GOT1,15
GPR137B,15
GPR157,15
GPR27,15
GPR61,15
GPR63,15
GPR83,15
GRHL1,15
GRIA1,15
GRIN2A,15
GRIN2B,15
GSS,15
GSTP1,15
GTF3C3,15
HCLS1,15
HECA,15
HERPUD2,15
HEXIM1,15
HEY1,15
HHEX,15
HIBADH,15
HIVEP3,15
HNRNPD,15
HOMEZ,15
HPGD,15
HPS6,15
HSD17B10,15
HSDL2,15
HSF5,15
HSPA6,15
HSPA8,15
HSPBAP1,15
ICMT,15
IFFO1,15
IFI27,15
IGFBP1,15
IGFBP3,15
IKBIP,15
IL10RA,15
IL16,15
IL20RA,15
IMPDH1,15
INHBA,15
INO80,15
INO80D,15
INPP4A,15
INSR,15
INTS3,15
INVS,15
IP6K2,15
IPO11,15
IRF6,15
ISOC1,15
ITGA1,15
ITGB3BP,15
ITPR1,15
JAZF1,15
KAT6A,15
KAZN,15
KBTBD8,15
KCNJ1,15
KCNJ2,15
KCNK10,15
KCNT2,15
KCTD6,15
KCTD7,15
KIAA0040,15
KIAA2012,15
KIF11,15
KIF18B,15
KIF21A,15
KIF2A,15
KLF3,15
KLHL14,15
KLHL18,15
KLHL23,15
KLHL7,15
LACTB,15
LAMA1,15
LAMP1,15
LAX1,15
LDHAL6A,15
LDLRAD3,15
LGR4,15
LLGL1,15
LNP1,15
LPIN3,15
LRBA,15
LRFN3,15
LRRC8E,15
LRRTM1,15
LRTOMT,15
LY6E,15
LYN,15
LYPD6B,15
MAD2L1,15
MAGEB1,15
MARVELD3,15
MASP2,15
MATN4,15
MAVS,15
MBOAT2,15
MBTPS1,15
MCM2,15
MCM4,15
MCOLN3,15
MED15,15
MED16,15
MICB,15
MIPEP,15
MPC2,15
MPHOSPH9,15
MRRF,15
MSL1,15
MT1M,15
MT2A,15
MTHFD1L,15
MVD,15
MXI1,15
MYCBP2,15
MYLIP,15
MYNN,15
MYO10,15
MYO19,15
MYO1F,15
MYOC,15
MYOM2,15
MYOM3,15
MYSM1,15
NAA10,15
NAGK,15
NAPB,15
NCAPD3,15
NCBP2L,15
NCKAP5L,15
NCLN,15
NDC80,15
NDN,15
NDRG1,15
NDUFB1,15
NEDD8,15
NIN,15
NLRX1,15
NOP14,15
NPAT,15
NPHS2,15
NPIPA3,15
NPIPA7,15
NPIPB6,15
NPIPB9,15
NPTXR,15
NRG3,15
NRP2,15
NSF,15
NSUN4,15
NT5C3A,15
NTN1,15
NUAK2,15
NUDT11,15
NUP50,15
NXF1,15
OCIAD2,15
OCLN,15
ODC1,15
ODF4,15
OGFRL1,15
OLFML1,15
ORAI1,15
ORC4,15
OSBPL11,15
OSTF1,15
OTUD1,15
OTUD4,15
OXCT1,15
OXSR1,15
PACRG,15
PADI1,15
PAK3,15
PAPOLA,15
PAQR7,15
PARD6G,15
PATL2,15
PCDH11Y,15
PCF11,15
PCMTD1,15
PDE5A,15
PDE7A,15
PDGFC,15
PDK1,15
PDRG1,15
PDZD4,15
PEX26,15
PFDN4,15
PGGT1B,15
PHEX,15
PHF3,15
PHLDB3,15
PHYHD1,15
PIANP,15
PICK1,15
PIK3C2A,15
PIK3CB,15
PIK3R1,15
PIM2,15
PITPNA,15
PKD2L2,15
PKN2,15
PKNOX2,15
PKP1,15
PLA1A,15
PLA2G2F,15
PLAGL2,15
PLCE1,15
PLEKHB1,15
PLEKHB2,15
PLEKHG4,15
PLEKHJ1,15
PLK3,15
PMPCA,15
PNLDC1,15
PODN,15
POGK,15
POLR2C,15
POLR2I,15
POLR2M,15
POLR3C,15
POMP,15
POTEH,15
POU6F1,15
POU6F2,15
PPARGC1B,15
PPIC,15
PPM1G,15
PPP3CC,15
PPWD1,15
PRDM5,15
PRKG2,15
PRMT3,15
PRRG4,15
PSAT1,15
PSD3,15
PSMG1,15
PTBP2,15
PTGES3,15
PTK2B,15
PTMA,15
PTPN23,15
PTPRM,15
PYM1,15
QRICH2,15
QSOX2,15
RAB23,15
RAB6A,15
RABAC1,15
RABGAP1L,15
RABGEF1,15
RALGPS1,15
RARRES1,15
RASAL2,15
RASL12,15
RASSF2,15
RBBP4,15
RBKS,15
RBM4B,15
RC3H1,15
REL,15
REV3L,15
RFC5,15
RHCG,15
RHOBTB2,15
RHOG,15
RIC1,15
RILPL1,15
RIPPLY3,15
RND2,15
RNF115,15
RNF157,15
RNF175,15
RNF181,15
RNF182,15
RNF24,15
RNF32,15
ROCK1,15
ROMO1,15
RSPO4,15
RTF1,15
RUSC2,15
RYBP,15
S100A10,15
S100A8,15
SAR1A,15
SATL1,15
SCAI,15
SCGB1A1,15
SCML2,15
SCN9A,15
SCNN1A,15
SEC14L6,15
SEC23A,15
SEC61A2,15
SEC63,15
SEL1L3,15
SEMA3D,15
SEMA6D,15
SERPINA5,15
SERPINC1,15
SFMBT1,15
SGMS2,15
SH2D4A,15
SH3D19,15
SH3YL1,15
SHOC2,15
SIN3A,15
SIRT3,15
SLC10A7,15
SLC12A2,15
SLC12A5,15
SLC16A12,15
SLC16A7,15
SLC20A2,15
SLC22A2,15
SLC29A3,15
SLC35D2,15
SLC35G2,15
SLC37A3,15
SLC38A6,15
SLC5A7,15
SLC7A4,15
SLCO5A1,15
SMARCD2,15
SMC3,15
SMIM10L2B,15
SMIM20,15
SMKR1,15
SNRPA,15
SNX13,15
SNX5,15
SON,15
SORT1,15
SOX17,15
SPA17,15
SPACA5,15
SPATA24,15
SPATC1,15
SPG21,15
SPINT1,15
SPON1,15
SPOPL,15
SPSB1,15
SREBF2,15
SRPK1,15
SRRD,15
STK32B,15
STK40,15
STRA6,15
STT3B,15
STX18,15
SULT1C2,15
SUMO3,15
SYCE3,15
TAF9B,15
TAGAP,15
TBK1,15
TBL1Y,15
TCAF2,15
TCEANC2,15
TCF7L1,15
TCP10L2,15
TEAD1,15
TEX38,15
TEX9,15
TFCP2,15
TFDP1,15
TGFBRAP1,15
THOC5,15
TIAM1,15
TIMM44,15
TK1,15
TMCC3,15
TMCO4,15
TMED8,15
TMEM11,15
TMEM116,15
TMEM117,15
TMEM119,15
TMEM126B,15
TMEM169,15
TMEM196,15
TMEM200C,15
TMEM203,15
TMEM213,15
TMEM59,15
TMEM61,15
TMEM79,15
TMEM87B,15
TOPAZ1,15
TOPBP1,15
TP53I11,15
TPRA1,15
TRABD2A,15
TRAF1,15
TRAM2,15
TRAPPC10,15
TRAPPC6A,15
TRIM24,15
TRIM33,15
TRIM62,15
TRIM7,15
TRNT1,15
TRPC1,15
TRPM3,15
TRPV2,15
TSPAN18,15
TSSK6,15
TTC17,15
TTC3,15
TTC39B,15
TTLL11,15
TTLL12,15
TUBA1B,15
TUBA4A,15
TUBB1,15
TUBB6,15
TWF1,15
TYW3,15
UBAC2,15
UBAP1,15
UBAP2,15
UBE2G1,15
UBE2H,15
UBE2K,15
UBE3C,15
UBL3,15
UBR2,15
UBTD1,15
UGDH,15
UGP2,15
ULK2,15
UNG,15
UNK,15
USP12,15
USPL1,15
UTF1,15
UXS1,15
VAC14,15
VAMP1,15
VAPA,15
VAT1,15
VAV3,15
VIM,15
VPS26A,15
VPS54,15
VSX2,15
VWA3A,15
VWA5B1,15
WDR62,15
WDR87,15
WFDC3,15
WIPF2,15
WNT2B,15
WNT5A,15
WNT8B,15
WTIP,15
XPNPEP1,15
YIPF6,15
ZBTB33,15
ZBTB34,15
ZC3H15,15
ZC3HAV1L,15
ZCCHC18,15
ZDHHC21,15
ZDHHC23,15
ZER1,15
ZFHX4,15
ZFR,15
ZG16,15
ZMYND19,15
ZNF132,15
ZNF180,15
ZNF200,15
ZNF205,15
ZNF24,15
ZNF260,15
ZNF318,15
ZNF37A,15
ZNF428,15
ZNF438,15
ZNF446,15
ZNF473,15
ZNF497,15
ZNF516,15
ZNF563,15
ZNF598,15
ZNF616,15
ZNF630,15
ZNF639,15
ZNF665,15
ZNF672,15
ZNF708,15
ZNF774,15
ZNF786,15
ZNF835,15
ZP4,15
ZPBP2,15
ZSCAN2,15
ZSCAN29,15
ZXDC,15
AAGAB,14
ABCF1,14
ABHD13,14
ABHD2,14
ABL1,14
ABRA,14
ACCSL,14
ACER2,14
ACOX2,14
ACP2,14
ACSL4,14
ACTN1,14
ACTR3,14
ADAMTS6,14
ADGRF1,14
ADGRG2,14
ADORA2B,14
ADRB2,14
AEN,14
AGAP5,14
AGGF1,14
AGTR1,14
AIMP2,14
AK4,14
ALDH1A2,14
ALG3,14
ALOX5,14
ALOX5AP,14
ALX1,14
ANKRD36C,14
AP3B1,14
AP3M1,14
AP3M2,14
APOBEC3D,14
APOBEC3G,14
APOBEC4,14
APPBP2,14
AR,14
ARG2,14
ARHGAP33,14
ARHGAP39,14
ARHGAP5,14
ARHGEF12,14
ARHGEF28,14
ARID5B,14
ASIC2,14
ASTN1,14
ATCAY,14
ATG14,14
ATM,14
ATP10D,14
ATP11B,14
ATP1B3,14
ATP6V1C2,14
AVPR1A,14
B3GALT6,14
B3GLCT,14
B4GALNT2,14
B4GALT1,14
B4GALT7,14
BAMBI,14
BBX,14
BCKDHB,14
BCL2L13,14
BCL2L14,14
BEND4,14
BEX4,14
BEX5,14
BHLHE22,14
BIRC6,14
BLCAP,14
BMP8B,14
BMPR1A,14
BORA,14
BPIFA2,14
BRD7,14
BRD8,14
BRWD1,14
BSPRY,14
BST2,14
BTBD10,14
BTF3L4,14
BUB3,14
C11orf16,14
C1orf52,14
C22orf15,14
C2CD4B,14
C3,14
C5orf47,14
C6orf141,14
C8orf48,14
C9,14
CA8,14
CAB39,14
CACNB2,14
CACTIN,14
CADPS2,14
CARNMT1,14
CATSPERG,14
CBR4,14
CBS,14
CC2D1A,14
CCDC116,14
CCDC137,14
CCDC180,14
CCDC68,14
CCDC88B,14
CCIN,14
CCL24,14
CCNL1,14
CCT2,14
CCT7,14
CD247,14
CD44,14
CDC20,14
CDC42EP5,14
CDH2,14
CDH20,14
CDK1,14
CDKN2D,14
CDON,14
CEACAM18,14
CENPK,14
CENPP,14
CEP57,14
CEPT1,14
CERS6,14
CFAP61,14
CHPT1,14
CHRAC1,14
CHRDL1,14
CHST3,14
CHST4,14
CHSY1,14
CIITA,14
CKAP4,14
CKAP5,14
CLASP1,14
CLRN1,14
CLTA,14
CMTM8,14
CNOT7,14
CNTNAP2,14
COA3,14
COL4A3,14
COL8A1,14
COLGALT1,14
COMMD7,14
COMT,14
COPS7A,14
CORIN,14
COX6B2,14
CPED1,14
CPSF1,14
CPSF4,14
CPSF7,14
CRLF3,14
CRYBB3,14
CSF2RB,14
CSPP1,14
CUL3,14
CYP24A1,14
CYP2U1,14
CYP8B1,14
DAGLB,14
DAP,14
DAP3,14
DAPK3,14
DAW1,14
DAZAP1,14
DBF4,14
DCT,14
DCTD,14
DDB2,14
DDHD2,14
DDIT4L,14
DDR2,14
DDX59,14
DENND6A,14
DHRS1,14
DHRS12,14
DLST,14
DNAJA4,14
DNAJC1,14
DNAJC11,14
DNAJC18,14
DNAJC19,14
DNASE1,14
DNM3,14
DPYD,14
DSC3,14
DTD1,14
DTX2,14
DUT,14
DYNLT1,14
EBAG9,14
ECHDC2,14
EDA2R,14
EFCAB14,14
EFR3B,14
EGFL6,14
EIF1AX,14
EIF2D,14
EIF4E3,14
EIF4H,14
EIF5B,14
ELL2,14
ELMOD1,14
ELOVL2,14
EME1,14
ENOX2,14
ENSA,14
EP400,14
EPM2A,14
EPOR,14
ERCC8,14
ERG,14
ERLIN2,14
ESCO1,14
ESR2,14
ETFA,14
EXOC8,14
EXOSC1,14
EXOSC8,14
FAM118A,14
FAM163A,14
FAM181A,14
FAM199X,14
FAM76A,14
FAM76B,14
FAM8A1,14
FASTKD3,14
FAT2,14
FBF1,14
FBXO33,14
FBXO9,14
FCER2,14
FCN3,14
FER1L5,14
FERMT2,14
FGF13,14
FHDC1,14
FIGLA,14
FJX1,14
FKBP15,14
FOXO4,14
FOXRED2,14
FTCDNL1,14
FUT1,14
GABRR2,14
GAGE10,14
GALNT13,14
GALNTL6,14
GAPVD1,14
GFPT1,14
GIN1,14
GINS2,14
GK5,14
GLDC,14
GLRA1,14
GNA15,14
GNL3,14
GNPNAT1,14
GOLGA5,14
GPD1L,14
GPHN,14
GPN3,14
GPR137C,14
GPR160,14
GPR62,14
GPR88,14
GPR89B,14
GRAMD1B,14
GRINA,14
GSKIP,14
GSPT1,14
GSTA4,14
GSTM4,14
GSTZ1,14
GUCA1A,14
HABP4,14
HAO2,14
HAP1,14
HAUS2,14
HDAC4,14
HIPK3,14
HIRA,14
HK3,14
HMBOX1,14
HMGCLL1,14
HNRNPA3,14
HNRNPH3,14
HNRNPLL,14
HRH2,14
HS1BP3,14
HSCB,14
HSDL1,14
HSPA14,14
HSPG2,14
HTRA1,14
HTT,14
HYOU1,14
IBTK,14
ICA1L,14
ID4,14
IDH1,14
IFITM2,14
IGF2R,14
IGFBP4,14
IL1R2,14
IL1RAP,14
IL21R,14
IL34,14
IL6,14
IMPA2,14
INHBC,14
IPO4,14
IQCH,14
ISLR2,14
IST1,14
ITM2A,14
ITPA,14
ITPRIP,14
KAT2B,14
KBTBD11,14
KCNH7,14
KCNJ3,14
KCNJ8,14
KCNN2,14
KDM6A,14
KDM7A,14
KIAA1614,14
KIAA1755,14
KIF16B,14
KIF1B,14
KIF5C,14
KIZ,14
KLRG2,14
KPNA3,14
KRT23,14
KRT4,14
LARP6,14
LATS2,14
LDOC1,14
LETM2,14
LETMD1,14
LILRB3,14
LILRB4,14
LIMK2,14
LIN54,14
LMO4,14
LMTK2,14
LPCAT3,14
LRFN5,14
LRGUK,14
LRP11,14
LRPPRC,14
LRRC74A,14
LRRC75A,14
LZIC,14
MAEA,14
MAOA,14
MAP1A,14
MAP1LC3B,14
MAP1S,14
MAP2K5,14
MAP3K2,14
MAP4K4,14
MCF2L2,14
MDH2,14
MECR,14
MED13,14
MED8,14
MEIS2,14
METAP1,14
METTL22,14
MFAP5,14
MFGE8,14
MFSD1,14
MGAT2,14
MGAT4A,14
MGRN1,14
MIB1,14
MID2,14
MIER2,14
MKX,14
MLC1,14
MLLT10,14
MLN,14
MMGT1,14
MMP9,14
MPI,14
MPL,14
MPO,14
MPP3,14
MPZ,14
MRAS,14
MRTO4,14
MS4A1,14
MSANTD4,14
MSMO1,14
MT3,14
MTF2,14
MTHFD1,14
MTHFS,14
MYB,14
MYBPHL,14
MYO1B,14
MYO5A,14
NAA40,14
NAMPT,14
NAPA,14
NCAM2,14
NCK1,14
NCR3LG1,14
NDFIP1,14
NDUFA3,14
NDUFAF2,14
NDUFB3,14
NDUFB8,14
NECAB1,14
NEDD8-MDP1,14
NEDD9,14
NEK6,14
NEK7,14
NFXL1,14
NFYC,14
NID2,14
NIPAL1,14
NKIRAS1,14
NKX2-6,14
NLN,14
NOTCH3,14
NPFFR1,14
NPIPA1,14
NPL,14
NR2C2,14
NR2F1,14
NRIP3,14
NTPCR,14
NUS1,14
NUTM2F,14
NUTM2G,14
OGFOD2,14
OGG1,14
OPRM1,14
ORC6,14
OS9,14
OTUD7A,14
P4HA2,14
P4HTM,14
PABPC4L,14
PACS2,14
PADI3,14
PAF1,14
PAFAH1B3,14
PAPSS1,14
PAXIP1,14
PBK,14
PBLD,14
PCED1B,14
PCGF1,14
PCNT,14
PCSK6,14
PDCL2,14
PDE3A,14
PDE8B,14
PDHB,14
PDHX,14
PDLIM7,14
PDZRN3,14
PELI3,14
PEX12,14
PEX6,14
PFKFB2,14
PGLYRP4,14
PGP,14
PGR,14
PGRMC1,14
PHB2,14
PHC3,14
PHF20L1,14
PHLPP1,14
PHYHIPL,14
PIAS2,14
PIGC,14
PIGF,14
PIGP,14
PIP4K2A,14
PITPNB,14
PJA2,14
PKHD1,14
PLAT,14
PLBD1,14
PLCB4,14
PLCD4,14
PLCXD3,14
PLD5,14
PLEK2,14
PLEKHA1,14
PLEKHO1,14
PLPPR4,14
PMM1,14
PNMA1,14
PNMA5,14
PNPLA3,14
PNRC1,14
POLM,14
POLR1B,14
POLR2E,14
POM121,14
POMZP3,14
PPCS,14
PPIH,14
PPM1D,14
PPP1CC,14
PPP2R2A,14
PPP5C,14
PRDM1,14
PRDM4,14
PRDX6,14
PRKAR2A,14
PRKRA,14
PRPF38B,14
PRR16,14
PRR5L,14
PRRC2A,14
PRSS35,14
PSMG2,14
PTGER2,14
PTGER4,14
PTGR1,14
PTPRG,14
PTPRO,14
PXN,14
PYCR1,14
PYROXD1,14
QPCT,14
RAB30,14
RAB32,14
RAB9A,14
RAD9B,14
RALY,14
RANBP10,14
RAP1GDS1,14
RAPSN,14
RASA1,14
RASA4B,14
RASGRP4,14
RBM15,14
RCBTB1,14
RCCD1,14
RCN2,14
RDH14,14
RDX,14
RELN,14
RFFL,14
RFX5,14
RGS7BP,14
RHOBTB3,14
RHOU,14
RIC8B,14
RIMBP3C,14
RIPK1,14
RIPK2,14
RIPPLY2,14
RIT1,14
RNF122,14
RNF130,14
RNF169,14
RNF180,14
RNF26,14
RNMT,14
ROR1,14
RORA,14
RP1L1,14
RPL17-C18orf32,14
RSAD1,14
RUBCN,14
RUNDC3B,14
RUNX1,14
RUNX1T1,14
RYR3,14
S100A2,14
SAFB,14
SAMD12,14
SAXO2,14
SBNO1,14
SCGB1D2,14
SCP2,14
SDC4,14
SDCCAG8,14
SDHB,14
SEC14L4,14
SEC61B,14
SEMA5B,14
SERAC1,14
SERGEF,14
SERPINB1,14
SERPINB7,14
SESN1,14
SFSWAP,14
SFT2D1,14
SGTB,14
SH2D2A,14
SH2D3C,14
SH3GL3,14
SHQ1,14
SIDT1,14
SIL1,14
SIPA1L2,14
SIRT6,14
SKA2,14
SLC13A4,14
SLC16A11,14
SLC16A5,14
SLC22A15,14
SLC22A5,14
SLC24A2,14
SLC26A4,14
SLC2A13,14
SLC30A4,14
SLC35E2B,14
SLC36A3,14
SLC38A7,14
SLC43A1,14
SLC44A1,14
SLC5A9,14
SLC8A3,14
SLITRK2,14
SMARCA4,14
SMARCB1,14
SMCHD1,14
SMG6,14
SMIM12,14
SMS,14
SNTB1,14
SOD1,14
SOHLH2,14
SOX13,14
SPAST,14
SPATA22,14
SPATA3,14
SPIN2A,14
SRRM3,14
SRSF9,14
ST18,14
ST3GAL6,14
ST6GALNAC3,14
ST6GALNAC5,14
STMN3,14
STOX1,14
STS,14
STXBP5L,14
STYXL1,14
SUGP1,14
SULT1A1,14
SUPT3H,14
SURF1,14
SUSD6,14
SYAP1,14
SYCP2L,14
SYTL4,14
TACR3,14
TANC2,14
TASP1,14
TBC1D26,14
TBC1D3L,14
TBC1D8B,14
TCF24,14
TCN2,14
TCP11L1,14
TEKT3,14
TEX36,14
TG,14
TGFBI,14
TGIF1,14
THEM4,14
THRSP,14
TICAM1,14
TIFA,14
TIGD6,14
TIMELESS,14
TIMMDC1,14
TIPARP,14
TJP3,14
TLL1,14
TM4SF4,14
TM9SF4,14
TMBIM1,14
TMCC1,14
TMED10,14
TMEM109,14
TMEM120B,14
TMEM132D,14
TMEM14B,14
TMEM161A,14
TMEM170A,14
TMEM181,14
TMEM233,14
TMEM247,14
TMEM266,14
TMEM51,14
TMEM65,14
TMUB2,14
TNFRSF11A,14
TNIK,14
TNK1,14
TOLLIP,14
TOX4,14
TP53BP1,14
TP53TG3C,14
TP53TG3D,14
TRANK1,14
TRIB2,14
TRIM14,14
TRIO,14
TRMT11,14
TRPA1,14
TSPAN9,14
TSPYL5,14
TTBK1,14
TTC6,14
TTC7A,14
TTI1,14
TTL,14
TTLL4,14
TUBG2,14
TXNDC12,14
TXNDC15,14
TYW1B,14
UBE2C,14
UBE2E2,14
UBE2Z,14
UBR7,14
UCK2,14
UCMA,14
UNC5D,14
UQCC2,14
URB2,14
URI1,14
USP10,14
USP15,14
USP37,14
USP38,14
USP4,14
USP48,14
USP6NL,14
UVRAG,14
VAMP3,14
VAMP8,14
VCAN,14
VCX3A,14
VIPR1,14
VPS26B,14
VWA8,14
WBP11,14
WDFY4,14
WDR20,14
WDR47,14
XAF1,14
XRCC6,14
XYLB,14
YAF2,14
ZAP70,14
ZBTB10,14
ZBTB11,14
ZBTB14,14
ZC3H3,14
ZCCHC7,14
ZDBF2,14
ZFAND3,14
ZFP28,14
ZFP36L1,14
ZFYVE27,14
ZIM2,14
ZNF160,14
ZNF219,14
ZNF235,14
ZNF248,14
ZNF263,14
ZNF300,14
ZNF362,14
ZNF366,14
ZNF431,14
ZNF436,14
ZNF511,14
ZNF518A,14
ZNF578,14
ZNF579,14
ZNF580,14
ZNF711,14
ZNF721,14
ZNF729,14
ZNF76,14
ZNF823,14
ZNF83,14
ZNF836,14
ZNHIT2,14
ZP1,14
ZP3,14
ZRANB3,14
ZSCAN18,14
ZSCAN22,14
ZSWIM3,14
ZXDA,14
AANAT,13
AARD,13
ABCB4,13
ABCD3,13
ABHD16A,13
ABHD17B,13
ABI1,13
ACAP2,13
ACAT2,13
ACBD3,13
ACP6,13
ACSS1,13
ACTA2,13
ACTN2,13
ACTR2,13
ACVR1C,13
ACYP2,13
ADAM19,13
ADAM33,13
ADAMTS20,13
ADAMTS3,13
ADGRG5,13
ADGRV1,13
ADPRHL1,13
AFAP1L2,13
AFF4,13
AFTPH,13
AGAP1,13
AHSA1,13
AKAP13,13
AKAP17A,13
ALCAM,13
ALDH2,13
ALKBH1,13
ALMS1,13
AMMECR1,13
ANGPT1,13
ANGPTL7,13
ANKRD20A1,13
ANKRD30BL,13
ANXA8L1,13
AP5M1,13
APBB1,13
APOBEC2,13
APOD,13
ARAF,13
ARAP2,13
ARHGAP26,13
ARHGAP44,13
ARHGEF19,13
ARHGEF2,13
ARHGEF9,13
ARID1B,13
ARL11,13
ARL2-SNX15,13
ARL3,13
ARL5A,13
ARMCX1,13
ARMCX3,13
ASF1A,13
ATG10,13
ATG12,13
ATG16L2,13
ATG4B,13
ATG9A,13
ATP1A1,13
ATXN10,13
AURKC,13
BCAR1,13
BCAS3,13
BCAS4,13
BCL6,13
BCLAF1,13
BEST1,13
BICD1,13
BIK,13
BLVRA,13
BPGM,13
BPTF,13
BRCC3,13
BRIP1,13
BTBD18,13
BTBD7,13
BTF3,13
BTG3,13
BTRC,13
BUB1B,13
C11orf42,13
C12orf54,13
C12orf75,13
C16orf54,13
C1QL3,13
C1orf116,13
C21orf91,13
C2CD5,13
C4BPA,13
C4BPB,13
C5,13
C5orf15,13
C8orf34,13
C9orf40,13
CA10,13
CABIN1,13
CABLES1,13
CABP1,13
CABP5,13
CABYR,13
CALCOCO2,13
CAPRIN2,13
CASP7,13
CCDC38,13
CCDC71L,13
CCER2,13
CCL2,13
CCL3,13
CCNYL1,13
CD177,13
CD46,13
CD59,13
CDADC1,13
CDCA7L,13
CDH8,13
CDK2AP2,13
CDKN2B,13
CDS2,13
CENPB,13
CENPF,13
CEP126,13
CEP135,13
CEP76,13
CFAP20,13
CFAP221,13
CHCHD3,13
CHD1,13
CHI3L1,13
CHORDC1,13
CIB1,13
CIB4,13
CLDN1,13
CLDN20,13
CLEC14A,13
CLEC3A,13
CLPTM1,13
CLPX,13
CLRN2,13
CLVS1,13
CMTM3,13
CNGA4,13
CNGB1,13
CNNM2,13
CNOT4,13
CNOT8,13
CNPY2,13
COG1,13
COL6A6,13
COQ10A,13
CR1L,13
CRADD,13
CREB1,13
CREBBP,13
CRISPLD2,13
CSNK1A1L,13
CSNK1G3,13
CSRP1,13
CTSC,13
CUL1,13
CWH43,13
CXCL1,13
CXCL5,13
CXXC4,13
CYP2C8,13
CYP3A7-CYP3A51P,13
CYP46A1,13
CYTL1,13
DAAM1,13
DACH1,13
DCAF17,13
DCC,13
DCDC2,13
DCHS2,13
DCLK1,13
DCLK2,13
DDI2,13
DDIAS,13
DEDD,13
DFFA,13
DHDDS,13
DHRS13,13
DISP1,13
DLD,13
DLEU1,13
DMBT1,13
DMC1,13
DMRT2,13
DMRTB1,13
DNAAF1,13
DNAH10,13
DNAJA2,13
DNM1,13
DOCK2,13
DOCK7,13
DPF3,13
DPP8,13
DPP9,13
DPY19L3,13
DPY19L4,13
DPYSL3,13
DSG2,13
DTX4,13
E2F5,13
E2F6,13
EARS2,13
EBPL,13
EDIL3,13
EDN3,13
EFCAB11,13
EFHB,13
EFHD1,13
EHD4,13
EIF4G2,13
EML4,13
ENPP5,13
ENY2,13
EPS8L1,13
EREG,13
ERI3,13
ERVMER34-1,13
ESF1,13
ETNK1,13
ETV6,13
EXOC6B,13
EXT2,13
F3,13
FA2H,13
FAM124A,13
FAM13A,13
FAM156B,13
FAM168A,13
FAM171A1,13
FAM180A,13
FAM181B,13
FAM210A,13
FAM234A,13
FAM43A,13
FANCB,13
FANCD2OS,13
FAXC,13
FBP1,13
FBP2,13
FBXW10,13
FCGR3B,13
FECH,13
FEZ1,13
FKBP14,13
FKBP9,13
FLAD1,13
FLVCR1,13
FMNL3,13
FOLR3,13
FOSL1,13
FOXN3,13
FXYD3,13
FZD9,13
GABARAPL2,13
GABPA,13
GABPB1,13
GALM,13
GAN,13
GAST,13
GCC2,13
GCDH,13
GCH1,13
GCN1,13
GCOM1,13
GDAP1L1,13
GDE1,13
GIMAP8,13
GLG1,13
GLMN,13
GLMP,13
GLRB,13
GLT8D1,13
GLT8D2,13
GMCL1,13
GMNN,13
GOT2,13
GPAM,13
GPATCH8,13
GPC3,13
GPC5,13
GPD2,13
GPLD1,13
GPR135,13
GPR176,13
GPX2,13
GRK1,13
GRN,13
GSTM2,13
GTF3C4,13
GULP1,13
GXYLT1,13
HACD4,13
HADH,13
HCRT,13
HEATR4,13
HERC4,13
HERPUD1,13
HGH1,13
HHLA2,13
HIBCH,13
HIF1A,13
HIPK1,13
HMGN4,13
HNRNPF,13
HNRNPM,13
HNRNPR,13
HPS5,13
HSPA4L,13
ICAM3,13
IDNK,13
IFRD1,13
IFT22,13
IFT88,13
IGDCC4,13
IGF1,13
IGFN1,13
IGHMBP2,13
IL17D,13
IL23A,13
IL6R,13
ING4,13
INPP1,13
INTS1,13
ITGA10,13
JAM3,13
JOSD1,13
KANK4,13
KCNE3,13
KCTD10,13
KCTD13,13
KCTD20,13
KIAA0319,13
KLF2,13
KLHL13,13
KLHL22,13
KLHL24,13
KLHL5,13
KLK12,13
L3MBTL3,13
LAMA3,13
LAP3,13
LARP1,13
LARS2,13
LAT2,13
LDHA,13
LEPROTL1,13
LGI1,13
LHFPL1,13
LIFR,13
LIN9,13
LMBRD2,13
LMOD1,13
LNX1,13
LRP5L,13
LRP6,13
LRRC41,13
LRRC9,13
LRRFIP2,13
LRWD1,13
LSM11,13
LSM5,13
LSS,13
LVRN,13
LYRM4,13
LYZL6,13
MACC1,13
MAGIX,13
MAP3K4,13
MAPK14,13
MAPKBP1,13
MAPRE1,13
MBOAT1,13
MCL1,13
MCM3AP,13
MED17,13
MED24,13
METTL17,13
MFSD2B,13
MGLL,13
MGME1,13
MGST1,13
MIIP,13
MKKS,13
MLH1,13
MMAB,13
MMP16,13
MMP25,13
MON1A,13
MOSPD2,13
MOSPD3,13
MPDZ,13
MSANTD2,13
MSL3,13
MSLN,13
MTG2,13
MTMR12,13
MX1,13
MYADML2,13
MYH11,13
MYO1E,13
NAA15,13
NABP1,13
NABP2,13
NAGLU,13
NANOG,13
NANP,13
NATD1,13
NAV2,13
NAV3,13
NBL1,13
NBPF10,13
NBPF11,13
NCAPH,13
NDUFA8,13
NDUFB10,13
NEB,13
NEBL,13
NEMP2,13
NEURL3,13
NFATC2IP,13
NFIC,13
NFIX,13
NFKB1,13
NFKBID,13
NFYA,13
NHLRC1,13
NIPBL,13
NKX3-1,13
NLRP1,13
NLRP13,13
NLRP14,13
NMNAT1,13
NOL7,13
NOL8,13
NPIPB8,13
NQO2,13
NR0B2,13
NRIP2,13
NSMAF,13
NSMCE2,13
NT5E,13
NUMA1,13
NUP214,13
OGDH,13
OLFML2A,13
OPN5,13
ORMDL2,13
OSER1,13
OXLD1,13
OXNAD1,13
P2RY1,13
PABPC1,13
PABPN1,13
PAFAH2,13
PAICS,13
PAIP2,13
PAN2,13
PAN3,13
PANX1,13
PAPPA,13
PARK7,13
PARM1,13
PARVB,13
PATL1,13
PAXBP1,13
PCCB,13
PCDH18,13
PCIF1,13
PCMT1,13
PCNA,13
PCSK1,13
PCTP,13
PDCD1LG2,13
PDE6A,13
PDGFRA,13
PDIA3,13
PDK3,13
PDPR,13
PDZK1,13
PEAR1,13
PET117,13
PEX13,13
PEX14,13
PEX3,13
PGM5,13
PGRMC2,13
PHACTR2,13
PHC2,13
PHF20,13
PHKG1,13
PHLDA1,13
PHOSPHO1,13
PIK3R6,13
PITPNC1,13
PKD1,13
PKD2,13
PKDREJ,13
PKIA,13
PKP2,13
PLA2G7,13
PLCH1,13
PLEKHA8,13
PLIN1,13
PLIN5,13
PLTP,13
PLXDC2,13
PMS2,13
PMVK,13
PNPLA4,13
POMC,13
POPDC3,13
POTEI,13
PPEF1,13
PPFIBP1,13
PPIL3,13
PPP2R1B,13
PPP2R3C,13
PPP4R3A,13
PRF1,13
PRICKLE2,13
PRKAB2,13
PRKCQ,13
PRMT8,13
PRSS3,13
PSIP1,13
PTCD1,13
PTCRA,13
PTGER3,13
PTOV1,13
PTPN1,13
PTPN14,13
PTPN9,13
PTPRN,13
PUM3,13
PYCARD,13
PYGB,13
PYURF,13
RAB2B,13
RAB33B,13
RAB35,13
RAB36,13
RAB7B,13
RABEP1,13
RAD23B,13
RANBP3,13
RANGAP1,13
RAPGEF3,13
RASGEF1A,13
RASL11A,13
RBM23,13
RBM47,13
RBM7,13
RBP1,13
RBP7,13
RCAN3,13
REG1B,13
RELB,13
RELL1,13
RFPL1,13
RGPD6,13
RIMKLA,13
RIN2,13
RLN1,13
RMDN2,13
RMDN3,13
RNF121,13
RNF34,13
RNFT2,13
RNGTT,13
RNPEP,13
ROBO2,13
RP1,13
RP2,13
RPH3A,13
RPUSD3,13
RRAGB,13
RRS1,13
RSBN1,13
RSPO3,13
RTKN,13
RTN3,13
RUFY2,13
RWDD4,13
RYR1,13
S1PR1,13
SACM1L,13
SALL2,13
SAMD4B,13
SAMM50,13
SCARA3,13
SCARA5,13
SCGB2A1,13
SCLY,13
SDS,13
SEC24C,13
SEC62,13
SEH1L,13
SENP1,13
SERBP1,13
SESTD1,13
SF3A1,13
SFT2D2,13
SFTA3,13
SFTPB,13
SH2D3A,13
SH3TC2,13
SHISA3,13
SHROOM4,13
SIRPG,13
SIX1,13
SKIDA1,13
SLC12A3,13
SLC1A4,13
SLC1A6,13
SLC22A17,13
SLC25A14,13
SLC25A3,13
SLC25A40,13
SLC26A2,13
SLC28A1,13
SLC39A1,13
SLC39A9,13
SLC3A2,13
SLC41A2,13
SLC51B,13
SLC6A11,13
SLC6A2,13
SLC9A1,13
SLX4IP,13
SMAD9,13
SMAGP,13
SMAP1,13
SMC4,13
SMPD2,13
SMTNL1,13
SNX21,13
SNX8,13
SOAT1,13
SPAG9,13
SPDYE1,13
SPDYE2,13
SPDYE2B,13
SPEN,13
SPIN4,13
SPRY1,13
SPRYD3,13
SPTSSB,13
SRD5A1,13
SRGN,13
SRPX,13
SRRM1,13
SRSF10,13
SSX2IP,13
STAMBP,13
STAR,13
STK4,13
STON2,13
STOX2,13
STT3A,13
STXBP3,13
SUGCT,13
SUOX,13
SUPT16H,13
SUPT5H,13
SURF2,13
SUV39H1,13
SVOPL,13
SYCE1L,13
SYT1,13
SYT3,13
TAC1,13
TADA2B,13
TAF5L,13
TALDO1,13
TAS1R1,13
TBL2,13
TCF12,13
TCHH,13
TDP1,13
TEC,13
TEKT2,13
TERF2IP,13
TFCP2L1,13
TGFB1,13
TGFB3,13
TGM4,13
TIGD2,13
TLDC2,13
TLE2,13
TLX1,13
TM4SF5,13
TMED3,13
TMED5,13
TMEM106A,13
TMEM106C,13
TMEM135,13
TMEM150A,13
TMEM163,13
TMEM185A,13
TMEM209,13
TMEM255B,13
TMEM30B,13
TMEM31,13
TMEM64,13
TNN,13
TOP1,13
TOP3B,13
TP63,13
TPCN2,13
TPRG1,13
TRA2A,13
TRIM25,13
TRIM28,13
TRIM32,13
TRIM58,13
TRMT10B,13
TRMU,13
TRPC4AP,13
TSN,13
TSPAN8,13
TSPYL4,13
TSR3,13
TTC19,13
TUBA3C,13
TULP2,13
TXLNG,13
TXNDC16,13
TXNRD2,13
TYK2,13
TYW1,13
U2AF1,13
U2SURP,13
UBASH3A,13
UBB,13
UBL4B,13
UGT3A1,13
UGT3A2,13
UNC5A,13
UNC5CL,13
UNC80,13
UQCC1,13
URB1,13
USO1,13
USP54,13
USP9Y,13
UTS2B,13
VPS29,13
VPS37A,13
VPS39,13
VSIG1,13
VTI1B,13
WDR25,13
WDR35,13
WDTC1,13
WIPF3,13
WRNIP1,13
XIAP,13
YDJC,13
YIPF2,13
YIPF5,13
YTHDC2,13
ZBTB2,13
ZBTB49,13
ZC2HC1C,13
ZC3H12D,13
ZC3H4,13
ZDHHC5,13
ZFP30,13
ZFPM2,13
ZMAT1,13
ZNF136,13
ZNF18,13
ZNF20,13
ZNF264,13
ZNF275,13
ZNF286B,13
ZNF347,13
ZNF385D,13
ZNF41,13
ZNF415,13
ZNF430,13
ZNF441,13
ZNF502,13
ZNF517,13
ZNF541,13
ZNF552,13
ZNF555,13
ZNF608,13
ZNF611,13
ZNF615,13
ZNF629,13
ZNF674,13
ZNF681,13
ZNF717,13
ZNF766,13
ZNF777,13
ZNF783,13
ZNF791,13
ZNF831,13
ZNF92,13
ZNHIT3,13
ZNRF1,13
ZSCAN30,13
ZSCAN32,13
ZSWIM7,13
ZYG11B,13
A4GALT,12
AASDHPPT,12
ABCC1,12
ABCC9,12
ABHD12B,12
ABHD14A-ACY1,12
ABHD5,12
ACADM,12
ACOT7,12
ACOX1,12
ACOXL,12
ACRBP,12
ACTL6A,12
ACTR5,12
ACYP1,12
ADAD2,12
ADAM23,12
ADAT2,12
ADCK1,12
ADD2,12
AFG3L2,12
AGAP14P,12
AGAP4,12
AGAP6,12
AGO3,12
AGRN,12
AHCTF1,12
AIMP1,12
AK1,12
AK9,12
AKT2,12
AKTIP,12
ALDH16A1,12
ALOX15B,12
AMZ2,12
ANAPC15,12
ANGPTL6,12
ANKRD30B,12
ANKRD37,12
ANKS6,12
ANLN,12
ANP32E,12
ANXA7,12
AP2S1,12
AP4B1,12
ARFGAP3,12
ARHGAP31,12
ARHGEF38,12
ARNT,12
ASAH2,12
ASB13,12
ASCC2,12
ATF1,12
ATF7,12
ATG5,12
ATL1,12
ATL3,12
ATOX1,12
ATP11C,12
AUNIP,12
AZIN2,12
B3GNT5,12
BAX,12
BCKDHA,12
BHMT2,12
BLMH,12
BNIP3L,12
BNIPL,12
BPHL,12
BPI,12
BRINP3,12
BRSK1,12
BRWD3,12
BTBD1,12
BTBD6,12
BTG1,12
BUD31,12
C11orf71,12
C15orf61,12
C17orf58,12
C19orf53,12
C1orf50,12
C2orf69,12
C3orf62,12
C8orf44-SGK3,12
CACNB4,12
CACUL1,12
CAMLG,12
CAMSAP1,12
CAMSAP2,12
CAMSAP3,12
CAND1,12
CAPN1,12
CAPN7,12
CASP3,12
CAV1,12
CBLB,12
CBX5,12
CCDC158,12
CCDC167,12
CCDC17,12
CCDC174,12
CCDC175,12
CCDC183,12
CCDC80,12
CCDC81,12
CCK,12
CCL21,12
CCL4L2,12
CCR5,12
CCR7,12
CCR8,12
CD180,12
CD274,12
CD55,12
CD80,12
CDC20B,12
CDC26,12
CDCA4,12
CDCA7,12
CDK12,12
CDK17,12
CDKL2,12
CDKN3,12
CDPF1,12
CELA2A,12
CENPO,12
CEP170,12
CEP250,12
CEP63,12
CEP70,12
CEP89,12
CFAP161,12
CFAP43,12
CFAP54,12
CFAP74,12
CFB,12
CHAF1B,12
CHCHD6,12
CHD1L,12
CHD7,12
CHIC2,12
CHMP4B,12
CHRNA5,12
CHRNA9,12
CIB2,12
CINP,12
CISD2,12
CLDN11,12
CLDN22,12
CLEC5A,12
CLPP,12
CLTB,12
CNEP1R1,12
CNTN3,12
CNTNAP3,12
CNTNAP3B,12
COG2,12
COL6A3,12
COL6A5,12
COL9A1,12
COMMD8,12
COPS2,12
COPZ2,12
COQ9,12
COX20,12
COX5A,12
CPSF3,12
CPSF6,12
CPXM1,12
CRK,12
CRLS1,12
CTCF,12
CTDSPL2,12
CTHRC1,12
CTNNA1,12
CTSK,12
CTSL,12
CUL2,12
CXCL14,12
CXCL2,12
CXCR1,12
CXCR4,12
CXCR5,12
CYB5R2,12
CYB5R3,12
CYFIP1,12
CYP27A1,12
DACT2,12
DACT3,12
DAG1,12
DARS2,12
DAZAP2,12
DBX2,12
DCAF10,12
DCAF16,12
DCAF4,12
DCAF7,12
DCAF8,12
DCK,12
DCP1A,12
DCTN4,12
DDA1,12
DDO,12
DDX10,12
DDX23,12
DDX25,12
DDX3X,12
DENND2C,12
DEPDC7,12
DFFB,12
DHX38,12
DHX9,12
DIAPH2,12
DIP2B,12
DIRAS2,12
DIS3L,12
DNAJC2,12
DNAJC3,12
DNAJC5G,12
DNALI1,12
DNHD1,12
DPEP1,12
DPH5,12
DPM1,12
DPY19L2,12
DTL,12
DUS1L,12
DUS4L,12
DUSP15,12
DUSP18,12
DYNLRB2,12
DZIP1,12
EAPP,12
EBF1,12
ECSCR,12
EDEM2,12
EFCAB13,12
EHBP1,12
EIF1,12
EIF1B,12
EIF2B3,12
EIF3H,12
EMC8,12
EMCN,12
ENTPD7,12
EPHA6,12
ERC1,12
ERCC4,12
ERCC6,12
ERICH6B,12
ERMARD,12
ERP29,12
EYA2,12
FABP3,12
FABP7,12
FAM106A,12
FAM111B,12
FAM117B,12
FAM161A,12
FAM3B,12
FAM3C,12
FAM83A,12
FANCD2,12
FANCI,12
FANCM,12
FBXO11,12
FBXO17,12
FBXO34,12
FCGR2B,12
FCHO1,12
FCRL6,12
FCRLB,12
FEM1C,12
FER,12
FFAR4,12
FGD6,12
FGF23,12
FIP1L1,12
FLNB,12
FMN1,12
FMN2,12
FNIP2,12
FOLR1,12
FRAT1,12
FRMPD4,12
FSHR,12
FSTL5,12
FTH1,12
FUBP3,12
FXR2,12
FYCO1,12
FZD3,12
GAB1,12
GABRG1,12
GAP43,12
GAPDHS,12
GART,12
GAS2L2,12
GATAD2B,12
GBF1,12
GGA1,12
GIPC3,12
GLOD5,12
GLRX,12
GMPR2,12
GNA12,12
GNB2,12
GNB5,12
GNG4,12
GNL3L,12
GOLGA4,12
GOLGA8M,12
GPI,12
GPM6A,12
GPN1,12
GPR158,12
GPR89A,12
GPRIN1,12
GPX7,12
GRIA4,12
GRID2,12
GRID2IP,12
GRIN3A,12
GRK5,12
GTF2E1,12
GTF2E2,12
GYS2,12
GZMB,12
HDAC1,12
HDHD3,12
HEATR6,12
HELQ,12
HEPHL1,12
HERC3,12
HEXIM2,12
HLA-DOB,12
HLCS,12
HMGCS1,12
HMGN1,12
HNF4A,12
HP1BP3,12
HPSE2,12
HSD11B1,12
HSH2D,12
HSPA4,12
HSPB1,12
HSPBP1,12
HTR1E,12
HUNK,12
HUWE1,12
IDE,12
IDH3B,12
IDUA,12
IFI16,12
IFI27L1,12
IFNA1,12
IFT27,12
IGIP,12
IGSF9,12
IKZF2,12
IL17RE,12
ILDR2,12
IMP4,12
INTS7,12
IP6K1,12
IPO9,12
IQCK,12
ISG20L2,12
ITGA4,12
ITGBL1,12
ITM2B,12
IVNS1ABP,12
JAK3,12
KANK1,12
KAT5,12
KCNA4,12
KCNG4,12
KCNK15,12
KCTD16,12
KDM4B,12
KDM4C,12
KDM5A,12
KDSR,12
KIAA0825,12
KIAA1958,12
KIAA2013,12
KIF13B,12
KIF18A,12
KIF5B,12
KLHDC10,12
KLHL36,12
KNTC1,12
KRT28,12
KRTAP10-7,12
KTN1,12
KYNU,12
L3MBTL1,12
LCA5L,12
LCE3C,12
LGALS12,12
LGALSL,12
LGR5,12
LIMA1,12
LMAN1,12
LMNB1,12
LMO2,12
LONP2,12
LOX,12
LRIG2,12
LRP10,12
LRRC72,12
LRRC8B,12
LRRK2,12
LSAMP,12
LUC7L2,12
LYRM7,12
LYSMD2,12
LYSMD4,12
MAGED2,12
MAGEH1,12
MAP2K4,12
MAP3K3,12
MAP3K5,12
MAP7D3,12
MAPK1,12
MAPKAP1,12
MAST3,12
MAU2,12
MB,12
MBD3,12
MCHR1,12
MCHR2,12
MCM3,12
MCM5,12
MCM8,12
MDH1,12
MDM1,12
ME2,12
MED31,12
MEGF10,12
METTL15,12
METTL25,12
MFF,12
MGAT1,12
MGP,12
MIB2,12
MICU2,12
MID1IP1,12
MIS18A,12
MITF,12
MLKL,12
MLLT3,12
MLPH,12
MMP2,12
MMP28,12
MOGS,12
MPLKIP,12
MSANTD3,12
MSH4,12
MSX2,12
MT1E,12
MTHFSD,12
MTIF3,12
MTMR1,12
MTMR2,12
MTOR,12
MTRF1L,12
MYBL1,12
MYF6,12
MYO15B,12
NBEA,12
NBPF12,12
NBPF15,12
NBPF3,12
NCAPD2,12
NCF1,12
NDUFA1,12
NDUFV1,12
NECAP1,12
NELFCD,12
NFRKB,12
NFS1,12
NIPAL2,12
NIPSNAP3A,12
NIT2,12
NKAIN2,12
NLGN4X,12
NLGN4Y,12
NPM2,12
NPNT,12
NRF1,12
NRSN1,12
NT5DC3,12
NTRK2,12
NUDT1,12
NUDT17,12
NUMB,12
NUP88,12
NUP93,12
NXF2,12
OARD1,12
OCEL1,12
ODF1,12
OGDHL,12
OGFOD1,12
OGFOD3,12
OIP5,12
OPCML,12
OPRK1,12
ORC2,12
OSMR,12
OTUB1,12
OTUD3,12
OVGP1,12
OXGR1,12
P2RX7,12
PAK4,12
PALM3,12
PALMD,12
PANX3,12
PCBD1,12
PCDHGA1,12
PCP4L1,12
PDGFD,12
PDSS1,12
PDZRN4,12
PEBP1,12
PECAM1,12
PELI1,12
PGLS,12
PGS1,12
PHIP,12
PIGA,12
PIKFYVE,12
PILRA,12
PIP4K2C,12
PITX2,12
PKLR,12
PKN1,12
PLCD3,12
PLEKHA4,12
PLEKHF2,12
PLEKHH1,12
PLP2,12
PLVAP,12
PM20D2,12
PMM2,12
PNISR,12
POC1B,12
POLR3A,12
POM121C,12
POP5,12
POT1,12
PPARG,12
PPAT,12
PPIB,12
PPIG,12
PPIL2,12
PPP1R15A,12
PPP1R15B,12
PPP1R17,12
PPP4C,12
PPP4R3B,12
PRB4,12
PRELP,12
PRKAG3,12
PROX1,12
PROZ,12
PRR19,12
PRRG1,12
PRX,12
PSAP,12
PSMA4,12
PSMC6,12
PTAR1,12
PTCH2,12
PTPRZ1,12
PTRH2,12
PTTG1,12
PUDP,12
PURG,12
PWP2,12
PXK,12
PXT1,12
R3HCC1L,12
RAB13,12
RAB21,12
RAB3C,12
RAB6C,12
RABL3,12
RAC2,12
RAD52,12
RAI2,12
RAP2A,12
RAVER2,12
RB1CC1,12
RBM12B,12
RBM18,12
RBX1,12
REC8,12
RFC2,12
RFXAP,12
RGCC,12
RHBDD1,12
RHBDL2,12
RHOT1,12
RIOK3,12
RNF125,12
RNF146,12
RNF4,12
RPAP2,12
RPL36A-HNRNPH2,12
RPN1,12
RPRD2,12
RPUSD2,12
RRM2B,12
RS1,12
RSPH10B,12
RSPH10B2,12
RTP4,12
RYK,12
SCIMP,12
SCIN,12
SCN3B,12
SCNM1,12
SDCBP,12
SDE2,12
SDSL,12
SEC24D,12
SEC31A,12
SEC61A1,12
SEMA3E,12
SEMA4B,12
SENP7,12
SEPHS1,12
SERPINB12,12
SERPINE1,12
SET,12
SETD9,12
SFT2D3,12
SFXN2,12
SFXN4,12
SGCZ,12
SGK3,12
SH2D5,12
SH3BP4,12
SIAH1,12
SIAH3,12
SIGLEC6,12
SLAIN2,12
SLC10A2,12
SLC11A1,12
SLC13A1,12
SLC17A5,12
SLC19A2,12
SLC25A20,12
SLC25A36,12
SLC26A5,12
SLC2A10,12
SLC31A2,12
SLC35G5,12
SLC37A4,12
SLC39A11,12
SLC39A2,12
SLC44A2,12
SLC4A1AP,12
SLC6A13,12
SLC7A2,12
SLC9B1,12
SLFN11,12
SLITRK4,12
SLK,12
SLPI,12
SMAD1,12
SMIM14,12
SMIM15,12
SMIM21,12
SNAI2,12
SNAP47,12
SNX30,12
SNX4,12
SNX7,12
SOCS7,12
SOD2,12
SP140,12
SPAG17,12
SPAG4,12
SPATA6L,12
SPG11,12
SPHK1,12
SPHKAP,12
SPIRE1,12
SPO11,12
SPOP,12
SPRY3,12
SRD5A3,12
SRP9,12
SRPX2,12
SRR,12
SRSF12,12
SRSF6,12
SSPN,12
ST6GAL2,12
STARD13,12
STARD6,12
STC1,12
STIM2,12
STK38L,12
STRN,12
STXBP6,12
SUCLA2,12
SUSD5,12
SYP,12
TAF6L,12
TAOK1,12
TBC1D13,12
TBCEL,12
TBL3,12
TCAF1,12
TCF23,12
TDP2,12
TDRD9,12
TECPR2,12
TELO2,12
TEP1,12
TES,12
TEX30,12
TF,12
TFAP2D,12
TFE3,12
TGFB1I1,12
THAP2,12
THOC2,12
THSD7A,12
TIAL1,12
TICRR,12
TIMM10,12
TIMM23,12
TLE6,12
TMC3,12
TMEM106B,12
TMEM134,12
TMEM14A,12
TMEM223,12
TMEM234,12
TMEM242,12
TMEM30A,12
TMEM33,12
TMSB15B,12
TMTC1,12
TNFRSF10B,12
TNFSF8,12
TNKS2,12
TNR,12
TNRC6C,12
TOMM22,12
TRAFD1,12
TRAPPC11,12
TREM2,12
TRIM36,12
TRIM74,12
TRPV1,12
TRPV4,12
TSC22D2,12
TSHR,12
TSHZ2,12
TSPAN7,12
TSPYL6,12
TTC21B,12
TTLL6,12
TUBD1,12
TUBGCP3,12
TULP1,12
TUSC1,12
TWSG1,12
TXNIP,12
TYMS,12
UBA2,12
UBALD2,12
UBE2Q1,12
UBFD1,12
UCHL1,12
UNC119B,12
UPK1A,12
UQCR11,12
USP28,12
USP43,12
USP8,12
VASH2,12
VAT1L,12
VAV1,12
VCPIP1,12
VDAC3,12
VKORC1L1,12
VLDLR,12
VMP1,12
VPS13C,12
VPS13D,12
VPS37C,12
VPS8,12
VWDE,12
WASF3,12
WDR13,12
WDR44,12
WDR53,12
WDR54,12
WDR73,12
WWOX,12
XKR8,12
YIPF3,12
ZBTB4,12
ZBTB43,12
ZC3H11A,12
ZC3H12C,12
ZCCHC3,12
ZDHHC20,12
ZDHHC6,12
ZFAND4,12
ZFAND6,12
ZFAT,12
ZFC3H1,12
ZFHX2,12
ZFP2,12
ZMYND12,12
ZNF124,12
ZNF131,12
ZNF256,12
ZNF28,12
ZNF326,12
ZNF382,12
ZNF429,12
ZNF471,12
ZNF487,12
ZNF490,12
ZNF507,12
ZNF532,12
ZNF57,12
ZNF594,12
ZNF641,12
ZNF644,12
ZNF654,12
ZNF704,12
ZNF75A,12
ZNF765,12
ZNF79,12
ZNF792,12
ZNF793,12
ZNF830,12
ZNF844,12
ZNF862,12
ZNF99,12
ZSCAN20,12
ZXDB,12
A4GNT,11
AARS2,11
ABCA12,11
ABCE1,11
ABHD1,11
ABHD12,11
ABHD18,11
ACAN,11
ACBD6,11
ACSM3,11
ACSM4,11
ACTG2,11
ACTR10,11
ACTR3B,11
ADAM22,11
ADAMTS16,11
ADAMTS9,11
ADAT1,11
ADGRE5,11
ADGRF5,11
ADGRL3,11
ADNP,11
ADO,11
ADPRM,11
AGAP9,11
AGFG1,11
AGFG2,11
AGPAT4,11
AGTPBP1,11
AGTRAP,11
AGXT2,11
AHCY,11
AIDA,11
AKAP6,11
AKAP9,11
AKIP1,11
AKIRIN1,11
ALYREF,11
AMPD2,11
ANAPC10,11
ANKRD29,11
ANXA2R,11
ANXA6,11
AP2B1,11
APBB1IP,11
APC,11
AQP4,11
AREG,11
ARHGEF37,11
ARHGEF6,11
ARPC2,11
ARPC3,11
ARRB2,11
ARSB,11
ARSG,11
ASAH2B,11
ASB14,11
ASCC1,11
ASGR1,11
ASPH,11
ASRGL1,11
ATAD2,11
ATG2B,11
ATP2C1,11
ATP7A,11
ATPAF1,11
ATRAID,11
AURKA,11
AVL9,11
AVPR2,11
AZGP1,11
BANF2,11
BARD1,11
BAZ1B,11
BCL2L1,11
BCO2,11
BDKRB1,11
BEND3,11
BICC1,11
BORCS6,11
BTNL2,11
BTNL8,11
C11orf65,11
C12orf56,11
C12orf60,11
C18orf54,11
C19orf44,11
C1QTNF9B,11
C9orf153,11
CA5A,11
CALD1,11
CALU,11
CARHSP1,11
CBLC,11
CBR1,11
CCDC125,11
CCDC141,11
CCDC144NL,11
CCDC146,11
CCDC172,11
CCDC18,11
CCDC186,11
CCDC191,11
CCDC77,11
CCDC82,11
CCL17,11
CCNA2,11
CCNB1,11
CCNB3,11
CCNE2,11
CD109,11
CD1D,11
CD1E,11
CD24,11
CD40,11
CD96,11
CDC37L1,11
CDC42EP2,11
CDCP2,11
CDIP1,11
CDKN2AIPNL,11
CDYL,11
CELF1,11
CELF5,11
CEP162,11
CEP85L,11
CEP97,11
CES3,11
CFAP100,11
CFAP45,11
CFL2,11
CFTR,11
CHAC1,11
CHADL,11
CHD2,11
CHD9,11
CHIC1,11
CHMP3,11
CHST12,11
CHTOP,11
CKAP2,11
CLCA2,11
CLDN16,11
CLEC19A,11
CLPSL1,11
CLSPN,11
CLU,11
CLYBL,11
CMTM4,11
CMTM7,11
CNPY3,11
CNPY4,11
CNTLN,11
CNTN1,11
CNTN5,11
CNTRL,11
COA5,11
COG6,11
COL4A4,11
COLGALT2,11
COPS6,11
COX7A2L,11
CPS1,11
CRCP,11
CRY1,11
CRYBA1,11
CSE1L,11
CSPG5,11
CT47A6,11
CTRB1,11
CTSG,11
CTSH,11
CTTNBP2NL,11
CTU1,11
CYP2R1,11
DAB1,11
DAXX,11
DCAF13,11
DCLK3,11
DCP2,11
DCPS,11
DCTPP1,11
DCUN1D5,11
DDX1,11
DDX20,11
DDX54,11
DEFB118,11
DENND6B,11
DEPDC4,11
DEPTOR,11
DHCR7,11
DHX15,11
DHX35,11
DHX8,11
DICER1,11
DIDO1,11
DIS3L2,11
DISC1,11
DMGDH,11
DMTF1,11
DNAAF3,11
DNAH17,11
DNAJB11,11
DNAJB2,11
DNAL1,11
DOT1L,11
DPEP3,11
DPF1,11
DSC1,11
DSP,11
DTHD1,11
DTNA,11
DTNB,11
DTYMK,11
DUX4,11
DYNC1LI1,11
DZIP3,11
E2F2,11
E4F1,11
ECI2,11
EDARADD,11
EDEM3,11
EEF1B2,11
EFHC2,11
EFNB2,11
EFR3A,11
EIF2B2,11
EIF2S1,11
EIF3B,11
EIF3D,11
EIF3E,11
EIF4EBP2,11
EIF4G3,11
EIF5A,11
EMC7,11
ENDOD1,11
ENDOV,11
ENO4,11
ENPEP,11
EOGT,11
EPC1,11
EPG5,11
EPHA3,11
EPO,11
EPS15,11
EPS15L1,11
ERH,11
ERICH3,11
ERMAP,11
ERV3-1,11
ETHE1,11
EXD2,11
EXOC5,11
EXOG,11
FAM107B,11
FAM114A2,11
FAM120A,11
FAM120AOS,11
FAM162B,11
FAM167B,11
FAM168B,11
FAM174A,11
FAM193B,11
FAM234B,11
FAM47E-STBD1,11
FAM53C,11
FANCA,11
FANCF,11
FBXO43,11
FBXO8,11
FEM1A,11
FGF1,11
FGF10,11
FGF14,11
FGFBP2,11
FITM1,11
FITM2,11
FLT4,11
FNBP1L,11
FNBP4,11
FNDC3A,11
FNTB,11
FRMD4A,11
FRMD5,11
FRMD7,11
FRRS1L,11
FXYD4,11
FYTTD1,11
GALK2,11
GALNT12,11
GBE1,11
GCSAML,11
GDF5,11
GDF9,11
GDPD1,11
GGACT,11
GGCX,11
GHRL,11
GIMAP5,11
GJA1,11
GJC3,11
GLP2R,11
GNAI2,11
GNAL,11
GNL2,11
GPA33,11
GPATCH2L,11
GPR107,11
GPR37L1,11
GPT2,11
GPX3,11
GPX5,11
GRAP,11
GRAPL,11
GRB10,11
GRM3,11
GRM4,11
GTF2A1,11
GTF2A2,11
GTF2F1,11
GTF2H1,11
GTF2H5,11
GUCA1B,11
HACD2,11
HACE1,11
HAPLN2,11
HBD,11
HBG2,11
HDX,11
HECTD2,11
HEPACAM,11
HEPN1,11
HIF1AN,11
HINT3,11
HIVEP1,11
HKDC1,11
HM13,11
HNRNPA0,11
HNRNPAB,11
HOMER2,11
HPS1,11
HPS4,11
HS2ST1,11
HSPD1,11
HTATIP2,11
HTR7,11
HYKK,11
ICAM2,11
IFNGR1,11
IFNLR1,11
IFT43,11
IGSF11,11
IGSF23,11
IKZF3,11
IL18,11
IL1R1,11
IL1RAPL1,11
IL27,11
IL7,11
ILF3,11
IMMP2L,11
INCENP,11
INIP,11
INSIG2,11
INSL3,11
INTS8,11
IQCE,11
IREB2,11
IRF8,11
ITIH6,11
ITLN2,11
ITPKB,11
JADE3,11
JAK2,11
JAKMIP3,11
JRKL,11
JTB,11
KANSL3,11
KBTBD3,11
KBTBD7,11
KCNC2,11
KCNIP1,11
KCNK6,11
KCNRG,11
KCTD2,11
KDM1A,11
KDM4A,11
KDM8,11
KHDRBS2,11
KIF3B,11
KIFC3,11
KLHDC4,11
KLHL1,11
KLHL25,11
KLHL40,11
KLHL8,11
KMT2C,11
KMT5A,11
LAMA2,11
LAMB4,11
LAMP2,11
LATS1,11
LBHD1,11
LCP2,11
LDLRAD1,11
LEP,11
LHFPL5,11
LIG3,11
LIMCH1,11
LIMK1,11
LIN7B,11
LMAN2L,11
LMLN,11
LRAT,11
LRCH2,11
LRR1,11
LRRC2,11
LRRC28,11
LRRC3,11
LRRC49,11
LRRC53,11
LRRC61,11
LRRC7,11
LRRCC1,11
LRTM1,11
LTF,11
LTK,11
LTV1,11
LURAP1,11
LUZP2,11
LY86,11
LYAR,11
LYPLA1,11
MALT1,11
MAP10,11
MAP6,11
MAPK8IP3,11
MAPRE2,11
MAT1A,11
MDGA1,11
MDM2,11
MET,11
METTL18,11
MFSD11,11
MFSD6,11
MICU1,11
MIS18BP1,11
MKRN1,11
MOB3B,11
MOGAT1,11
MORC1,11
MPV17L2,11
MPZL2,11
MTFR2,11
MTMR10,11
MTPAP,11
MVP,11
MYL6B,11
MYO16,11
MYO18B,11
MYO1D,11
MYO6,11
NAB1,11
NADSYN1,11
NAGA,11
NAPG,11
NARF,11
NBPF9,11
NCBP2,11
NCOA6,11
NDFIP2,11
NDNF,11
NDUFA2,11
NDUFAF5,11
NDUFB7,11
NDUFS3,11
NEIL1,11
NEK11,11
NEK2,11
NEK5,11
NEK9,11
NET1,11
NEURL1B,11
NIPAL3,11
NKRF,11
NOD1,11
NOL9,11
NPIPA5,11
NR1D2,11
NR1I2,11
NRBF2,11
NRXN1,11
NSFL1C,11
NSMCE4A,11
NUDT4,11
NUDT9,11
NUP54,11
OCRL,11
ODF2L,11
OLFML2B,11
OPA1,11
OPN1SW,11
OR9Q1,11
ORMDL1,11
OSBPL8,11
OTUD6B,11
OVOL2,11
OXSM,11
P3H1,11
PAFAH1B1,11
PARD3B,11
PARP10,11
PARP12,11
PARP15,11
PARP2,11
PBDC1,11
PBX1,11
PCBP2,11
PCBP4,11
PCDHB11,11
PCM1,11
PCSK1N,11
PDCD6IP,11
PDE1C,11
PDE4DIP,11
PDIA6,11
PDIK1L,11
PDLIM1,11
PDPK1,11
PDZD11,11
PFN4,11
PGAP2,11
PGK1,11
PHACTR4,11
PHF24,11
PHF6,11
PHLDB2,11
PHLPP2,11
PHOSPHO2,11
PI4K2B,11
PIGL,11
PIGO,11
PIGU,11
PIK3CG,11
PIN1,11
PIP5K1C,11
PJA1,11
PKIB,11
PLA2G12A,11
PLAA,11
PLB1,11
PLBD2,11
PLCL1,11
PLD2,11
PLEKHA7,11
PLLP,11
PLPP1,11
PLPP6,11
PODXL,11
POFUT1,11
POLE2,11
POLH,11
POLR1A,11
POLR2B,11
POLR2D,11
POLR2K,11
PON2,11
POSTN,11
PPA1,11
PPM1E,11
PPP1R14D,11
PPP1R21,11
PPP1R3D,11
PPP1R3E,11
PPP1R8,11
PPP2R2B,11
PPP2R3B,11
PPRC1,11
PQBP1,11
PRAF2,11
PRDM2,11
PRDX1,11
PRELID3A,11
PRKAB1,11
PRKAR2B,11
PRKG1,11
PRMT1,11
PRMT2,11
PRMT5,11
PRMT6,11
PRPF4,11
PRPS2,11
PRR14L,11
PRRC1,11
PRRT4,11
PRSS57,11
PSMC3,11
PSMD5,11
PSPH,11
PTGFRN,11
PTGS2,11
PTN,11
PTPN3,11
PTPRU,11
PUS7L,11
PXMP4,11
PYGO1,11
R3HDML,11
RAB28,11
RAB29,11
RAB2A,11
RAB8A,11
RACGAP1,11
RALGPS2,11
RAP2B,11
RAP2C,11
RAPGEF5,11
RASAL3,11
RASEF,11
RBL1,11
RBM19,11
RBM39,11
RBM45,11
RBM8A,11
RBMX,11
RBMX2,11
RCOR3,11
RERE,11
RERG,11
RETN,11
RIMS1,11
RMND5B,11
RNASE4,11
RNASEH2B,11
RNASEL,11
RNF11,11
RNF149,11
RNF17,11
RNF19A,11
RNF20,11
RNF43,11
RNFT1,11
RRP12,11
RTTN,11
S100A13,11
SAA1,11
SAMD15,11
SART1,11
SART3,11
SASS6,11
SAXO1,11
SAYSD1,11
SCCPDH,11
SCG3,11
SCN11A,11
SCN7A,11
SCNN1G,11
SCO1,11
SCYL2,11
SDHD,11
SDR39U1,11
SECISBP2L,11
SERINC1,11
SERINC5,11
SERPINF1,11
SETX,11
SF1,11
SGCG,11
SH3BGR,11
SIPA1L3,11
SLA2,11
SLAIN1,11
SLC15A1,11
SLC25A16,11
SLC25A19,11
SLC25A35,11
SLC25A38,11
SLC2A12,11
SLC30A7,11
SLC31A1,11
SLC34A1,11
SLC35A5,11
SLC35B1,11
SLC35F1,11
SLC35F4,11
SLC35G1,11
SLC36A2,11
SLC36A4,11
SLC44A3,11
SLC6A15,11
SLC7A11,11
SMARCAL1,11
SMIM17,11
SMIM19,11
SMOX,11
SMPDL3A,11
SNAP91,11
SNAPIN,11
SNRPG,11
SNX25,11
SPATA31D3,11
SPATA7,11
SPP1,11
SPRTN,11
SPTBN2,11
SRPK2,11
SRSF5,11
SSC4D,11
SSMEM1,11
ST13,11
STAB2,11
STAG1,11
STAP1,11
STARD7,11
STEAP1,11
STK39,11
STRADA,11
STRC,11
SUGP2,11
SULT4A1,11
SUMO1,11
SUMO2,11
SUPT6H,11
SVBP,11
SYDE1,11
SYK,11
SYN3,11
SYNJ1,11
TAMM41,11
TANC1,11
TARS2,11
TBC1D2,11
TBC1D21,11
TBC1D25,11
TBC1D30,11
TBC1D4,11
TBC1D9,11
TC2N,11
TCF21,11
TDRD3,11
TDRD6,11
TDRKH,11
TEFM,11
TFB2M,11
TFDP2,11
TFIP11,11
TGOLN2,11
THAP9,11
THNSL1,11
THUMPD2,11
TIFAB,11
TIMM17B,11
TIMM23B,11
TIPIN,11
TLR8,11
TMBIM6,11
TMCO1,11
TMED4,11
TMEM101,11
TMEM138,11
TMEM167A,11
TMEM192,11
TMEM214,11
TMEM222,11
TMEM252,11
TMEM259,11
TMEM87A,11
TMPO,11
TMPRSS5,11
TMSB10,11
TNFRSF10A,11
TOM1,11
TPO,11
TPR,11
TRAP1,11
TRAPPC13,11
TRAPPC8,11
TRDMT1,11
TREH,11
TREM1,11
TRIM60,11
TRIM63,11
TRIM72,11
TRIM73,11
TRO,11
TROAP,11
TRPC3,11
TRPC4,11
TRUB2,11
TSC1,11
TSKU,11
TSPAN16,11
TSPAN33,11
TTC22,11
TTC27,11
TTC29,11
TTF1,11
TTF2,11
TUBA3D,11
TUBB2B,11
TUFM,11
TXLNA,11
UBA7,11
UBE2D3,11
UBE2G2,11
UBE2N,11
UBE3D,11
UBE4B,11
UBR3,11
UBXN1,11
UBXN2B,11
UHRF2,11
UMOD,11
UMPS,11
UPRT,11
USP1,11
USP22,11
UTP3,11
VAMP4,11
VCX3B,11
VEZT,11
VIP,11
VPS41,11
VPS45,11
VTA1,11
VTN,11
VWA5A,11
WAC,11
WARS2,11
WASF2,11
WBP2,11
WDR12,11
WHAMM,11
WSB1,11
WWP1,11
WWP2,11
XBP1,11
XPA,11
YLPM1,11
ZBED3,11
ZBTB8A,11
ZC3H7B,11
ZCRB1,11
ZDHHC16,11
ZDHHC19,11
ZFP62,11
ZFP64,11
ZFP82,11
ZFY,11
ZKSCAN2,11
ZKSCAN5,11
ZMYM3,11
ZNF117,11
ZNF14,11
ZNF140,11
ZNF143,11
ZNF146,11
ZNF197,11
ZNF213,11
ZNF214,11
ZNF224,11
ZNF229,11
ZNF257,11
ZNF273,11
ZNF320,11
ZNF354A,11
ZNF385B,11
ZNF461,11
ZNF491,11
ZNF493,11
ZNF501,11
ZNF521,11
ZNF528,11
ZNF529,11
ZNF540,11
ZNF567,11
ZNF573,11
ZNF595,11
ZNF622,11
ZNF648,11
ZNF675,11
ZNF682,11
ZNF701,11
ZNF730,11
ZNF738,11
ZNF750,11
ZNF763,11
ZNF771,11
ZNF790,11
ZNF841,11
ZNHIT6,11
ZSWIM1,11
ZWILCH,11
ZZZ3,11
AACS,10
AADAC,10
ABCB11,10
ABCB8,10
ABCD2,10
ACADL,10
ACP7,10
ACSL5,10
ADA,10
ADAM17,10
ADAM18,10
ADGB,10
ADGRA3,10
ADH1B,10
AGBL2,10
AGBL4,10
AGPS,10
AHCYL2,10
AIFM1,10
AKR1B1,10
AKR7A3,10
AKT3,10
ALG14,10
ALG8,10
ALKBH8,10
ALOX15,10
AMN1,10
AMPD3,10
ANAPC1,10
ANAPC13,10
ANAPC16,10
ANKDD1A,10
ANKLE2,10
ANKRD24,10
ANKRD30A,10
ANKRD42,10
ANKRD49,10
ANKS1B,10
ANO6,10
ANXA2,10
AOX1,10
APBA2,10
APEX1,10
APH1A,10
APH1B,10
APOBEC1,10
APOO,10
AQP11,10
ARAP1,10
ARF4,10
ARHGAP17,10
ARHGAP18,10
ARHGAP20,10
ARHGAP28,10
ARHGAP32,10
ARHGAP42,10
ARHGAP9,10
ARHGEF11,10
ARHGEF15,10
ARL6,10
ARL6IP5,10
ARMC8,10
ARSA,10
ARSJ,10
ARV1,10
ASCC3,10
ASH1L,10
ASNSD1,10
ASPSCR1,10
ASTE1,10
ATG13,10
ATP13A5,10
ATP1A4,10
ATP6V0A1,10
ATP6V1H,10
ATXN3,10
AVIL,10
B3GALT1,10
B4GALT3,10
BAK1,10
BATF2,10
BBS2,10
BCAS2,10
BECN1,10
BLNK,10
BLOC1S5-TXNDC5,10
BMS1,10
BPIFA3,10
BRCA2,10
BSDC1,10
BTBD9,10
BTN1A1,10
BTNL3,10
BYSL,10
C10orf67,10
C16orf78,10
C16orf89,10
C18orf63,10
C19orf33,10
C3orf22,10
C5AR2,10
C6orf120,10
C8A,10
C9orf50,10
CALCB,10
CAMKMT,10
CANX,10
CAPN2,10
CARF,10
CASR,10
CATSPER2,10
CATSPER3,10
CBX1,10
CCDC69,10
CCDC83,10
CCDC90B,10
CCL11,10
CCNI,10
CCNI2,10
CCNJ,10
CCNJL,10
CCNT2,10
CCT5,10
CCT6A,10
CCT6B,10
CD302,10
CD6,10
CDC42,10
CDC42SE1,10
CDC42SE2,10
CDC6,10
CDH10,10
CDH26,10
CEACAM20,10
CEBPZ,10
CENPA,10
CENPH,10
CEP120,10
CEP41,10
CEP85,10
CFAP36,10
CGRRF1,10
CHFR,10
CHN1,10
CHN2,10
CHPF2,10
CIAPIN1,10
CLTCL1,10
CLVS2,10
CNKSR1,10
CNN2,10
CNR2,10
CNST,10
COASY,10
COG3,10
COL15A1,10
COL19A1,10
COL4A2,10
COMMD10,10
COMMD2,10
COMMD3-BMI1,10
COMMD6,10
COPS8,10
COX5B,10
CPLX2,10
CRBN,10
CREB3L4,10
CROT,10
CRYBB2,10
CRYL1,10
CSRNP2,10
CST7,10
CTNNA3,10
CTNNB1,10
CTPS1,10
CTR9,10
CUL4B,10
CXCL11,10
CYB5R4,10
CYP17A1,10
CYP1B1,10
CYP4A22,10
CYP4B1,10
DACH2,10
DACT1,10
DAD1,10
DCLRE1C,10
DCTN5,10
DDX24,10
DENND1C,10
DEPDC1B,10
DERL2,10
DGKK,10
DIAPH3,10
DKK2,10
DLEC1,10
DLG1,10
DMRTA1,10
DMRTC1,10
DNAAF2,10
DNAJB6,10
DNAJC30,10
DONSON,10
DPH7,10
DSCC1,10
DSG1,10
DTWD2,10
DYM,10
DYNC1I1,10
DYNLT3,10
DYSF,10
DZIP1L,10
EBI3,10
ECSIT,10
ECT2,10
EFEMP1,10
EID2B,10
EIF2A,10
EIF2S2,10
EIF2S3,10
EIF3F,10
EIF3G,10
EIF4A2,10
EIF4B,10
EIF4E2,10
ELAVL2,10
ELAVL4,10
EMC2,10
EML5,10
ENPP4,10
EPHX4,10
ERC2,10
ERLIN1,10
ESD,10
EVA1B,10
EXO5,10
EXOSC9,10
EXPH5,10
EXTL2,10
F11,10
F5,10
FADD,10
FAM118B,10
FAM120C,10
FAM184B,10
FAM218A,10
FAM227B,10
FANCL,10
FARS2,10
FBXL17,10
FBXO22,10
FBXO38,10
FFAR2,10
FGL2,10
FIBIN,10
FIG4,10
FLG2,10
FMNL2,10
FOXJ3,10
FOXR1,10
FREM3,10
FRMD4B,10
FRMD6,10
FRMPD2,10
FRS2,10
FRY,10
G3BP2,10
GAB3,10
GABARAPL1,10
GALNT15,10
GALR1,10
GAS1,10
GCSAM,10
GDA,10
GEMIN5,10
GID8,10
GIGYF2,10
GIMAP7,10
GJB3,10
GJC1,10
GNG10,10
GOLGA1,10
GOLT1A,10
GORASP2,10
GP1BA,10
GPAT2,10
GPKOW,10
GPR173,10
GPR85,10
GPRIN3,10
GRIPAP1,10
GSTCD,10
GSTM3,10
GTF3C1,10
GXYLT2,10
GZF1,10
GZMH,10
HACD3,10
HARBI1,10
HCFC2,10
HECTD1,10
HECTD4,10
HERC5,10
HEXB,10
HGSNAT,10
HHIPL2,10
HILPDA,10
HK2,10
HMGN3,10
HMGXB3,10
HPS3,10
HPSE,10
HRG,10
HS6ST3,10
HSD17B4,10
HSD17B6,10
HSD17B7,10
HSPA13,10
HYI,10
ICE1,10
IDO2,10
IFIH1,10
IFIT1B,10
IFNAR1,10
IFT57,10
IFT81,10
IGBP1,10
IKBKG,10
IL10,10
IL12A,10
IL17RD,10
IL21,10
IL22RA1,10
IL2RG,10
IL31,10
IMPACT,10
ING3,10
ING5,10
INTS2,10
INTS6,10
IPO8,10
IRAK4,10
ITCH,10
ITFG2,10
ITGA2,10
ITGA2B,10
ITGAV,10
ITGB1BP1,10
ITLN1,10
JMJD1C,10
JMY,10
KATNBL1,10
KBTBD12,10
KBTBD6,10
KCNMB3,10
KCTD17,10
KCTD18,10
KCTD19,10
KCTD8,10
KDM4D,10
KEAP1,10
KIF20A,10
KIF24,10
KLF8,10
KLHDC1,10
KLHL3,10
KLRC4-KLRK1,10
KRTAP12-3,10
KSR2,10
L2HGDH,10
LACTBL1,10
LAMA4,10
LAMC2,10
LAMP3,10
LAMP5,10
LARP4,10
LBR,10
LDB2,10
LDHC,10
LEMD3,10
LIPC,10
LMAN2,10
LMO3,10
LRP2BP,10
LRRC10,10
LRRC20,10
LRRC57,10
MADCAM1,10
MAFF,10
MAGOH,10
MALSU1,10
MAMDC2,10
MAP3K13,10
MAP3K15,10
MAP6D1,10
MAPK1IP1L,10
MARVELD2,10
MASP1,10
MBD4,10
MBNL1,10
MCMBP,10
MCRS1,10
MED19,10
MED21,10
METTL21C,10
METTL2A,10
METTL2B,10
METTL8,10
MFAP1,10
MGAT4D,10
MIEN1,10
MITD1,10
MKI67,10
MMP26,10
MOB1A,10
MPHOSPH6,10
MRAP2,10
MRFAP1L1,10
MRS2,10
MSH2,10
MT4,10
MTMR3,10
MTMR6,10
MTR,10
MTUS2,10
MUL1,10
MUTYH,10
MXRA8,10
MYBL2,10
MYLK4,10
MYOM1,10
NAA35,10
NAA60,10
NAGPA,10
NAPSA,10
NBPF19,10
NBPF20,10
NCAPG,10
NCBP1,10
NCKAP1L,10
NCOA3,10
NCOR1,10
NDUFA10,10
NDUFAF4,10
NDUFAF7,10
NEDD1,10
NEMF,10
NEXN,10
NF2,10
NFAT5,10
NFATC2,10
NFE2L2,10
NGEF,10
NHLRC3,10
NLRP12,10
NMNAT3,10
NMRAL1,10
NMRK1,10
NOM1,10
NPIPB4,10
NPM1,10
NPR3,10
NPY1R,10
NQO1,10
NR5A2,10
NRAP,10
NRAS,10
NRDC,10
NRDE2,10
NUB1,10
NUBP1,10
NUDCD1,10
NUFIP2,10
NUP160,10
NUP85,10
NUP98,10
NYAP2,10
OFD1,10
OGT,10
OR4N2,10
OSBP2,10
OSBPL1A,10
OSGEP,10
P2RY14,10
P4HA1,10
P4HA3,10
PABPC1L,10
PALB2,10
PANK3,10
PARL,10
PARP1,10
PARP4,10
PARP6,10
PCBD2,10
PCDHB13,10
PCDHB8,10
PCLO,10
PCOLCE2,10
PCSK5,10
PCYOX1L,10
PDAP1,10
PDCD5,10
PDCD7,10
PDCL3,10
PDE11A,10
PDE4D,10
PDIA4,10
PDLIM3,10
PDS5A,10
PDZD9,10
PEG10,10
PER1,10
PGD,10
PHF14,10
PHYH,10
PI15,10
PIAS1,10
PIH1D2,10
PIK3IP1,10
PINK1,10
PINLYP,10
PINX1,10
PIP5K1A,10
PIR,10
PIWIL2,10
PLAGL1,10
PLD1,10
PLOD1,10
PLS1,10
PLSCR1,10
PODXL2,10
POGLUT1,10
POLE4,10
POLL,10
POM121L2,10
POP4,10
PPIA,10
PPIL1,10
PPM1K,10
PPP1R36,10
PPP1R3C,10
PPP2R2D,10
PPP6R2,10
PREPL,10
PRH2,10
PRKAA1,10
PRMT7,10
PROK1,10
PROK2,10
PRPS1,10
PRR4,10
PRRG2,10
PRSS23,10
PSMB5,10
PSMD3,10
PSMD8,10
PSME4,10
PTER,10
PTPN21,10
PTPRH,10
PTTG1IP,10
PVR,10
QDPR,10
RAB10,10
RAB19,10
RABGAP1,10
RABL2A,10
RABL2B,10
RAD21,10
RAD54L2,10
RAF1,10
RAG2,10
RALA,10
RALGAPB,10
RAMP2,10
RBM3,10
RBM41,10
RBM43,10
RBM5,10
RBMS1,10
RCL1,10
RCSD1,10
RCVRN,10
RECK,10
RECQL,10
REXO2,10
RFX2,10
RFX6,10
RGS17,10
RHOBTB1,10
RHOJ,10
RILPL2,10
RINT1,10
RIOK2,10
RITA1,10
RLF,10
RMI2,10
RMND1,10
RNASEH2C,10
RNF10,10
RNF220,10
RNPC3,10
RP9,10
RPEL1,10
RPP40,10
RPRML,10
RPUSD4,10
RRAGA,10
RRP7A,10
RSRC2,10
RTN4,10
RTN4IP1,10
SAMD5,10
SAR1B,10
SBDS,10
SCN8A,10
SCNN1B,10
SCTR,10
SDC2,10
SDHC,10
SELPLG,10
SEMA3A,10
SEMA3C,10
SFTPD,10
SGCB,10
SGK1,10
SH3GL2,10
SHC4,10
SHPRH,10
SIDT2,10
SIGMAR1,10
SIKE1,10
SIRT1,10
SLA,10
SLAMF1,10
SLC12A1,10
SLC15A5,10
SLC22A25,10
SLC25A18,10
SLC25A32,10
SLC25A46,10
SLC27A2,10
SLC2A14,10
SLC35B3,10
SLC35B4,10
SLC35E3,10
SLC35G3,10
SLC7A1,10
SLC7A13,10
SLC9A8,10
SLC9B2,10
SLC9C2,10
SLCO4C1,10
SLCO6A1,10
SLF1,10
SLIRP,10
SLMAP,10
SLX4,10
SMARCC1,10
SMG9,10
SMPD1,10
SMURF2,10
SMYD5,10
SNPH,10
SNRK,10
SNRNP40,10
SNRPB2,10
SNTB2,10
SNX6,10
SORBS1,10
SOS2,10
SOX4,10
SOX7,10
SPATA6,10
SPINK2,10
SPNS1,10
SPOCK2,10
SPTLC2,10
SRGAP3,10
SRM,10
SRSF7,10
STAM2,10
STAMBPL1,10
STARD9,10
STBD1,10
STEAP4,10
STIM1,10
STK10,10
STK17A,10
STPG1,10
STX12,10
STX2,10
SUGT1,10
SURF6,10
SUZ12,10
SVEP1,10
SVIP,10
SYT12,10
SZRD1,10
TACC1,10
TACO1,10
TADA1,10
TAF1,10
TAF12,10
TAF1B,10
TAGLN3,10
TANGO6,10
TARDBP,10
TATDN1,10
TBC1D20,10
TBC1D23,10
TBCA,10
TBL1X,10
TBRG1,10
TCHP,10
TDG,10
TEK,10
TEKT5,10
TESK2,10
TESPA1,10
TEX15,10
TFAP2B,10
TFPI2,10
TGFBR2,10
TGM6,10
THAP1,10
THAP10,10
THBS4,10
THEMIS2,10
TIMM9,10
TIMP4,10
TJAP1,10
TLN2,10
TLR1,10
TMBIM4,10
TMCO5A,10
TMEM128,10
TMEM167B,10
TMEM168,10
TMEM221,10
TMEM26,10
TMEM54,10
TMPRSS9,10
TNFRSF21,10
TNFRSF8,10
TPH2,10
TRAM1,10
TRAPPC2,10
TRAPPC4,10
TRHR,10
TRIL,10
TRIM13,10
TRIM2,10
TRIM23,10
TRIM35,10
TRMT13,10
TRMT6,10
TRMT61B,10
TRPM7,10
TRPM8,10
TRUB1,10
TSACC,10
TSPAN10,10
TSPYL1,10
TSTD2,10
TTC23L,10
TTC9,10
TTK,10
TTLL5,10
TTPAL,10
TXLNB,10
TXNRD1,10
TYR,10
TYSND1,10
UBE2QL1,10
UBLCP1,10
UBXN4,10
UBXN6,10
UFSP2,10
UGCG,10
ULK4,10
UNC50,10
UNC79,10
UQCRB,10
UQCRC2,10
UQCRQ,10
USP2,10
USP25,10
USP33,10
USP49,10
UTP23,10
UTS2,10
UXT,10
VMA21,10
VPS4B,10
VPS53,10
VSIG4,10
VWA2,10
VWC2,10
VWF,10
WDR11,10
WDR55,10
WDR76,10
WEE2,10
WFDC1,10
WFDC9,10
WSCD2,10
XPO5,10
XRN1,10
XXYLT1,10
YME1L1,10
YTHDF2,10
YTHDF3,10
ZBTB3,10
ZBTB32,10
ZC3H18,10
ZC3H7A,10
ZC4H2,10
ZDHHC17,10
ZDHHC4,10
ZFP14,10
ZNF107,10
ZNF155,10
ZNF195,10
ZNF212,10
ZNF234,10
ZNF281,10
ZNF324,10
ZNF331,10
ZNF343,10
ZNF345,10
ZNF391,10
ZNF418,10
ZNF44,10
ZNF444,10
ZNF460,10
ZNF480,10
ZNF492,10
ZNF500,10
ZNF530,10
ZNF546,10
ZNF550,10
ZNF568,10
ZNF569,10
ZNF582,10
ZNF599,10
ZNF638,10
ZNF699,10
ZNF714,10
ZNF784,10
ZNF98,10
ZNRF2,10
ZSWIM4,10
ZSWIM8,10
ZZEF1,10
AASDH,9
ABCC10,9
ABHD3,9
ACBD7,9
ACCS,9
ACSL1,9
ACTRT3,9
ADAMTS13,9
ADGRG7,9
AGT,9
AKAP3,9
AKNA,9
ALDH3A2,9
ALG9,9
AMD1,9
ANGPTL5,9
ANKDD1B,9
ANKMY1,9
ANKRD12,9
ANKRD13C,9
ANKRD36,9
ANKRD40,9
ANKRD54,9
AP1M2,9
APLP2,9
APMAP,9
APOL1,9
ARG1,9
ARHGAP10,9
ARHGAP15,9
ARHGAP24,9
ARIH1,9
ARIH2,9
ARIH2OS,9
ARL2BP,9
ARL5B,9
ARMC6,9
ARPP21,9
ART4,9
ASAP2,9
ASB17,9
ASB3,9
ASB9,9
ASXL3,9
ATAD1,9
ATAD5,9
ATF3,9
ATG3,9
ATG4A,9
ATIC,9
ATP13A4,9
ATP6V1E1,9
AUH,9
AVEN,9
AWAT2,9
AXIN2,9
B3GALNT1,9
B3GAT3,9
BATF,9
BCAP29,9
BCL9,9
BIRC2,9
BIRC3,9
BOD1L1,9
BOK,9
BRAP,9
BRF2,9
BTBD8,9
C11orf24,9
C12orf76,9
C16orf87,9
C16orf96,9
C17orf75,9
C19orf47,9
C1GALT1C1,9
C1QA,9
C1orf115,9
C22orf23,9
C2orf78,9
C5orf24,9
C5orf67,9
C6,9
C6orf118,9
C6orf52,9
C8orf76,9
CA12,9
CA13,9
CAPN6,9
CASS4,9
CAST,9
CBLL1,9
CCDC124,9
CCDC179,9
CCDC190,9
CCDC34,9
CCDC59,9
CCDC60,9
CCDC63,9
CCDC8,9
CCL13,9
CCL22,9
CCNB1IP1,9
CCND3,9
CCNDBP1,9
CCR4,9
CCSER2,9
CCZ1B,9
CD14,9
CD300LB,9
CD40LG,9
CD74,9
CDC73,9
CDK19,9
CDKN1A,9
CDR2L,9
CEACAM3,9
CELA3A,9
CENPE,9
CENPL,9
CEP128,9
CEP290,9
CEP44,9
CEP55,9
CETN3,9
CFAP97,9
CHCHD1,9
CHEK1,9
CHP1,9
CHRM2,9
CHRNA3,9
CHST10,9
CHST7,9
CHUK,9
CKAP2L,9
CLASP2,9
CLCN4,9
CLDN14,9
CLEC4A,9
CLEC9A,9
CLIP4,9
CLK1,9
CMKLR1,9
CNNM1,9
COA4,9
COG8,9
COL17A1,9
COPB2,9
COPG1,9
COPRS,9
COPS3,9
COQ2,9
COQ7,9
COTL1,9
COX10,9
COX4I1,9
COX6B1,9
COX6C,9
COX7A1,9
CPB1,9
CPLX4,9
CPNE1,9
CPXM2,9
CREB3L3,9
CREG1,9
CRISP2,9
CROCC,9
CSGALNACT2,9
CSTF3,9
CTNNA2,9
CTRC,9
CTSF,9
CTXN3,9
CXCL8,9
CXorf58,9
CYB561A3,9
CYB5A,9
CYBRD1,9
CYP4A11,9
CYP7B1,9
CYYR1,9
DBNL,9
DBT,9
DCAKD,9
DCLRE1B,9
DDX11,9
DDX60,9
DEFB119,9
DEFB123,9
DEK,9
DGKB,9
DHX29,9
DHX40,9
DIMT1,9
DLGAP5,9
DNAH5,9
DNAJC10,9
DNAJC25-GNG10,9
DNMBP,9
DNTTIP2,9
DPP6,9
DR1,9
DRAM1,9
DROSHA,9
DRP2,9
DUSP12,9
DYNC1LI2,9
DYNC2H1,9
DYNC2LI1,9
DZANK1,9
ECD,9
EDC3,9
EDRF1,9
EEF1E1,9
EEF1E1-BLOC1S5,9
EFCAB12,9
EHD3,9
EIF2AK2,9
EIF2B5,9
ELAVL1,9
ELP4,9
ENDOG,9
ENTHD1,9
EPHA7,9
ERBB2,9
ERCC3,9
ERGIC3,9
ERMN,9
ERMP1,9
ERN2,9
ETNPPL,9
EXOC4,9
F2RL1,9
FAM110A,9
FAM133B,9
FAM161B,9
FAM219B,9
FAM228A,9
FAM24B,9
FAM32A,9
FAM83D,9
FAM98C,9
FANCC,9
FASLG,9
FAXDC2,9
FBXL4,9
FBXO10,9
FBXO16,9
FCAMR,9
FCHO2,9
FGD1,9
FGFBP3,9
FH,9
FHL5,9
FKBP3,9
FLRT3,9
FLYWCH1,9
FMO3,9
FOXK2,9
FTO,9
FUCA1,9
FURIN,9
GABPB2,9
GABRA3,9
GABRB1,9
GALK1,9
GALNT5,9
GATB,9
GATM,9
GCA,9
GDAP1,9
GINM1,9
GIP,9
GIPR,9
GLCCI1,9
GNG11,9
GNS,9
GOLM1,9
GOLT1B,9
GPHB5,9
GPNMB,9
GPR156,9
GPR161,9
GPR180,9
GPRC5D,9
GRAP2,9
GRIK1,9
GRM5,9
GSPT2,9
GTF2B,9
GTF2IRD2B,9
GTF3C2,9
GTPBP4,9
GTPBP8,9
GYPB,9
HABP2,9
HDAC11,9
HDAC8,9
HDAC9,9
HEATR3,9
HLA-DRB5,9
HMBS,9
HMCN1,9
HMGN5,9
HMGXB4,9
HMMR,9
HMOX2,9
HNRNPU,9
HOPX,9
HPR,9
HS6ST2,9
HSF2,9
HSPA12A,9
HSPB8,9
IFT122,9
IFT74,9
IGF2BP3,9
IGSF5,9
IL33,9
IL5,9
IL5RA,9
ILKAP,9
IMMP1L,9
INO80C,9
ITIH2,9
JAML,9
KCNE2,9
KCNV2,9
KDM2B,9
KDM3A,9
KDR,9
KHDC1,9
KIF22,9
KIF23,9
KIF3A,9
KIT,9
KLC2,9
KLHL32,9
KPNB1,9
L1TD1,9
LAMC3,9
LAMTOR4,9
LARP7,9
LCA5,9
LDHB,9
LDHD,9
LGALS9,9
LGMN,9
LHX6,9
LIMS3,9
LIN7C,9
LINC01620,9
LMO7,9
LMTK3,9
LRCH3,9
LRRC17,9
LRRC40,9
LRRC46,9
LRRC71,9
LSM3,9
LURAP1L,9
LUZP1,9
LUZP4,9
LY6K,9
LYPD3,9
LYZL1,9
MAGED1,9
MAGI3,9
MAK16,9
MALRD1,9
MAN2B2,9
MAP2K1,9
MAP4K5,9
MAP7D2,9
MAP9,9
MAPKAPK5,9
MASTL,9
MCM9,9
MCUR1,9
MDN1,9
MECP2,9
MED20,9
MED30,9
MEI4,9
MEOX1,9
METTL14,9
METTL3,9
METTL4,9
MEX3C,9
MFSD8,9
MGARP,9
MINPP1,9
MIPOL1,9
MMD,9
MMP1,9
MND1,9
MNS1,9
MOCS2,9
MORC3,9
MORC4,9
MORF4L2,9
MOV10L1,9
MPP2,9
MRC1,9
MRO,9
MROH2A,9
MS4A15,9
MSRB2,9
MT1HL1,9
MTDH,9
MTFR1,9
MTMR14,9
MTX3,9
MYL2,9
MYO5C,9
MYOT,9
NBN,9
NBPF26,9
NCEH1,9
NCKAP1,9
NDP,9
NDUFB4,9
NDUFV2,9
NENF,9
NEO1,9
NEU3,9
NKAPL,9
NMBR,9
NMI,9
NMNAT2,9
NMUR2,9
NOCT,9
NOTCH2,9
NOX5,9
NPHP1,9
NPIPB3,9
NPTN,9
NR2C1,9
NRBP1,9
NRG4,9
NT5C,9
NUDT7,9
NXF5,9
OAS2,9
OFCC1,9
OIT3,9
OOEP,9
OR4C3,9
OR8S1,9
OSBP,9
OSGIN2,9
OVOL3,9
OXTR,9
P2RY10,9
P2RY6,9
P3H2,9
PAAF1,9
PABPC5,9
PAK1IP1,9
PAPOLG,9
PARP16,9
PARS2,9
PC,9
PCCA,9
PCYOX1,9
PCYT1B,9
PDCD11,9
PDCL,9
PDGFRL,9
PDHA1,9
PDIA5,9
PERP,9
PFDN1,9
PGAP3,9
PGLYRP2,9
PHACTR1,9
PHAX,9
PHKG2,9
PIGG,9
PIGM,9
PIGX,9
PIN4,9
PIP5KL1,9
PISD,9
PKHD1L1,9
PKN3,9
PLA2G4C,9
PLCG2,9
PLCXD2,9
PLD3,9
PLEKHS1,9
PLG,9
PLPP3,9
PMFBP1,9
PMP2,9
PMP22,9
POLE3,9
POLG2,9
POLN,9
POLR2F,9
POLR2J,9
POLR3E,9
POLR3F,9
PPA2,9
PPARGC1A,9
PPFIA2,9
PPP4R2,9
PRAMEF20,9
PROM1,9
PROSER1,9
PRPH2,9
PRSS48,9
PRUNE2,9
PSMA5,9
PSMB4,9
PSMB7,9
PSMC4,9
PSME3,9
PTBP3,9
PTCD3,9
PTGES,9
PTH2R,9
PTPRS,9
PTX3,9
PZP,9
QRSL1,9
QTRT1,9
RAB15,9
RABIF,9
RAE1,9
RANBP17,9
RBBP6,9
RBM11,9
RBM14-RBM4,9
RBM17,9
RBM28,9
RBM6,9
RBPJ,9
RC3H2,9
RCAN2,9
RECQL5,9
REEP3,9
REP15,9
REPS2,9
RFC4,9
RGN,9
RHEBL1,9
RHOXF1,9
RIF1,9
RNASE1,9
RNF113A,9
RNF128,9
RNF13,9
RNF14,9
RNF212B,9
RNF6,9
RPE65,9
RPGRIP1L,9
RRAGC,9
RRP8,9
RSPH14,9
RSPH3,9
RTN1,9
SAP30BP,9
SARAF,9
SARS2,9
SAT1,9
SAV1,9
SCAMP2,9
SCAMP4,9
SCGB1D4,9
SCGN,9
SCN2B,9
SCRN1,9
SDAD1,9
SEC11A,9
SEC22B,9
SEC23IP,9
SEC31B,9
SEMA4F,9
SERPINA3,9
SERPINB6,9
SERTAD1,9
SGF29,9
SGPP1,9
SH3BGRL2,9
SHC3,9
SIRT2,9
SKP2,9
SLC10A5,9
SLC10A6,9
SLC11A2,9
SLC16A10,9
SLC25A27,9
SLC25A33,9
SLC26A8,9
SLC2A2,9
SLC2A7,9
SLC30A5,9
SLC35F5,9
SLC47A1,9
SLC4A10,9
SLC52A3,9
SLC5A2,9
SLC5A8,9
SLC6A14,9
SLC6A16,9
SLC6A20,9
SLC7A8,9
SLFN13,9
SLU7,9
SMAD5,9
SMC5,9
SMIM9,9
SNAPC5,9
SNRPE,9
SNRPF,9
SNW1,9
SNX15,9
SNX29,9
SOWAHA,9
SPARC,9
SPDYE3,9
SPECC1L,9
SPEF2,9
SPIDR,9
SPOCD1,9
SPR,9
SRP72,9
SRSF4,9
SSR2,9
SSUH2,9
ST3GAL5,9
ST7,9
ST8SIA1,9
ST8SIA4,9
STAM,9
STAT4,9
STK11IP,9
STX7,9
STXBP1,9
STXBP4,9
STYK1,9
SUCLG1,9
SUCLG2,9
SUCO,9
SULT2A1,9
SV2B,9
SVOP,9
SYCE2,9
SYNE1,9
TAF2,9
TAL1,9
TBC1D12,9
TBC1D15,9
TBX19,9
TBX22,9
TCOF1,9
TCTN1,9
TCTN3,9
TDRD7,9
TENM4,9
TERF2,9
TEX10,9
TEX11,9
TEX28,9
TFAM,9
TGFBR1,9
TGM3,9
THADA,9
THAP4,9
THUMPD1,9
TIGD7,9
TIMM17A,9
TIMM8A,9
TKTL1,9
TM2D1,9
TMA16,9
TMEM100,9
TMEM108,9
TMEM140,9
TMEM154,9
TMEM184B,9
TMEM212,9
TMEM220,9
TMEM44,9
TMEM74,9
TMOD2,9
TMPRSS3,9
TNFAIP6,9
TNFAIP8L3,9
TNFRSF11B,9
TNFSF18,9
TOB1,9
TOMM20L,9
TOR1AIP1,9
TP53BP2,9
TRA2B,9
TRAF3IP3,9
TRAPPC3L,9
TRAPPC6B,9
TRHDE,9
TRIM56,9
TRIM68,9
TRIML2,9
TRMO,9
TRMT2B,9
TRPM6,9
TSGA10IP,9
TSNAX-DISC1,9
TTBK2,9
TTC28,9
TTC38,9
TVP23B,9
UBA6,9
UBE2A,9
UBE2D2,9
UBE2O,9
UBP1,9
UBQLN2,9
UBR1,9
UEVLD,9
UFL1,9
UGT2A3,9
UNC45A,9
UPP1,9
UQCC3,9
UQCRFS1,9
USHBP1,9
USP30,9
USP44,9
UTY,9
VEPH1,9
VGLL3,9
VSTM5,9
WDR17,9
WDR48,9
WDR59,9
WDR7,9
WDR75,9
WFDC10B,9
WNT16,9
XKR3,9
XKR5,9
XPC,9
XPNPEP3,9
XPO6,9
XRCC4,9
YEATS4,9
YIPF1,9
YIPF4,9
ZAR1L,9
ZBP1,9
ZBTB26,9
ZBTB41,9
ZC3H6,9
ZCCHC17,9
ZFAND1,9
ZFP42,9
ZFP57,9
ZFYVE26,9
ZKSCAN4,9
ZKSCAN8,9
ZMAT2,9
ZMYM1,9
ZMYM6,9
ZNF12,9
ZNF134,9
ZNF19,9
ZNF202,9
ZNF215,9
ZNF230,9
ZNF280A,9
ZNF287,9
ZNF3,9
ZNF30,9
ZNF322,9
ZNF324B,9
ZNF337,9
ZNF341,9
ZNF350,9
ZNF354B,9
ZNF395,9
ZNF398,9
ZNF488,9
ZNF525,9
ZNF566,9
ZNF597,9
ZNF619,9
ZNF620,9
ZNF621,9
ZNF625-ZNF20,9
ZNF732,9
ZNF74,9
ZNF780A,9
ZNF782,9
ZNF804B,9
ZNF808,9
ZNF81,9
ZNF813,9
ZNF839,9
ZNF843,9
ZNF85,9
ZRSR2,9
A2ML1,8
ABCA13,8
ABCA4,8
ABCC12,8
ABCC5,8
ACOT8,8
ACSBG2,8
ACSL3,8
ACTN4,8
ACVR2A,8
ADAD1,8
ADAM10,8
ADH1A,8
ADIPOQ,8
AGA,8
AGK,8
AHSG,8
AKAP7,8
AKR1C3,8
ALAS2,8
ALDH1L1,8
ALG1,8
AMACR,8
ANGEL2,8
ANKEF1,8
ANKRD26,8
ANKRD34A,8
ANKRD36B,8
ANKRD45,8
ANKRD7,8
ANXA3,8
AOAH,8
AOC1,8
APOL5,8
ARCN1,8
ARGFX,8
ARL1,8
ASB18,8
ASH2L,8
ASNS,8
ASPM,8
ATP6V0E1,8
ATP6V1D,8
AURKB,8
B4GALNT1,8
B9D2,8
BAG2,8
BCAS1,8
BCL10,8
BET1,8
BFSP1,8
BRI3BP,8
BRIX1,8
BRK1,8
C11orf58,8
C19orf18,8
C19orf84,8
C1D,8
C1QTNF2,8
C1orf105,8
C1orf122,8
C1orf53,8
C20orf96,8
C2orf68,8
C2orf80,8
C3orf38,8
C4orf33,8
C5orf22,8
C6orf58,8
CA6,8
CACNA1A,8
CACNA1D,8
CACYBP,8
CALCRL,8
CAMK4,8
CAPN3,8
CAPZA2,8
CASP6,8
CASP8,8
CBFB,8
CCAR1,8
CCDC110,8
CCDC138,8
CCDC152,8
CCDC169-SOHLH2,8
CCDC170,8
CCDC62,8
CCDC66,8
CCDC7,8
CCL18,8
CCL23,8
CCNH,8
CCNT1,8
CCPG1,8
CCR2,8
CD101,8
CD200R1,8
CD3E,8
CD4,8
CD83,8
CDC27,8
CDH19,8
CDK20,8
CDKL4,8
CDKN2C,8
CDRT4,8
CEACAM6,8
CEBPG,8
CELA3B,8
CENPN,8
CEP192,8
CERS3,8
CFAP52,8
CGREF1,8
CHAC2,8
CHM,8
CHMP4A,8
CHRM3,8
CHRM5,8
CLCN3,8
CLIC5,8
CLN5,8
CNGA1,8
CNGB3,8
CNIH1,8
CNN3,8
CNOT2,8
CNTNAP4,8
COA7,8
COG4,8
COL5A2,8
COLQ,8
COPB1,8
COQ3,8
COQ4,8
CPA4,8
CPA6,8
CR1,8
CRB3,8
CREBZF,8
CRIP3,8
CRISP3,8
CRYGB,8
CRYZ,8
CSTA,8
CSTF1,8
CSTF2T,8
CTH,8
CTSB,8
CTSO,8
CUBN,8
CXXC1,8
CYB5D2,8
CYP1A2,8
CYSLTR1,8
CYTH4,8
DCAF4L1,8
DCTN1,8
DCTN6,8
DCX,8
DDX17,8
DDX18,8
DDX19A,8
DDX19B,8
DDX55,8
DDX60L,8
DEDD2,8
DENR,8
DHCR24,8
DHODH,8
DHRS7,8
DHRS7C,8
DIS3,8
DNAH7,8
DNAJC8,8
DNASE1L3,8
DNM1L,8
DOCK8,8
DOK1,8
DPEP2,8
DPM3,8
DPP7,8
DPPA4,8
DRC1,8
DSG4,8
DTNBP1,8
EDNRA,8
EEF2K,8
EFCAB6,8
EGF,8
EGLN1,8
EIF3L,8
ELOVL5,8
ENTPD4,8
EPB41L5,8
EPM2AIP1,8
ERAL1,8
ERAP2,8
ERCC5,8
ERCC6L,8
ERLEC1,8
ETAA1,8
EXD1,8
EXO1,8
F2RL2,8
FAAH,8
FAM133A,8
FAM149B1,8
FAM177A1,8
FAM178B,8
FAM185A,8
FAM187B,8
FAM200B,8
FAM216B,8
FAM221A,8
FAM227A,8
FAS,8
FASTKD1,8
FBLN5,8
FBXO15,8
FBXO39,8
FBXW2,8
FCGRT,8
FCRL3,8
FCRL4,8
FGF20,8
FKBP1A,8
FPR2,8
FREM1,8
FUT8,8
FXN,8
G2E3,8
G6PC3,8
GALNTL5,8
GAR1,8
GAS2L3,8
GBP1,8
GCLC,8
GCM1,8
GCNT7,8
GEN1,8
GJA3,8
GJD4,8
GLB1,8
GLE1,8
GLRA2,8
GLRX5,8
GLT6D1,8
GLUD2,8
GLYATL1,8
GMEB1,8
GNAT3,8
GNMT,8
GORAB,8
GOSR1,8
GOT1L1,8
GPCPD1,8
GPR19,8
GPR87,8
GPX8,8
GRHPR,8
GSTA2,8
GTF2F2,8
GTF2IRD2,8
GTF3C5,8
GUCY2C,8
GUSB,8
GYPE,8
GZMA,8
HAUS5,8
HCRTR2,8
HDDC2,8
HEXA,8
HGD,8
HIGD1C,8
HLTF,8
HNF1A,8
HNMT,8
HNRNPA1,8
HNRNPCL1,8
HSPA9,8
ICOS,8
IER5,8
IFNA4,8
IFNAR2,8
IGSF10,8
IL26,8
IL3RA,8
IMMT,8
INSL6,8
IRAK2,8
IRAK3,8
ISCU,8
ITGB6,8
IZUMO2,8
JAKMIP2,8
KANSL2,8
KAT8,8
KCNAB1,8
KCNG3,8
KCNJ15,8
KCNK2,8
KCTD14,8
KCTD3,8
KIAA0586,8
KIF20B,8
KIF27,8
KLF14,8
KLF9,8
KLHDC2,8
KLHL12,8
KLHL31,8
KNOP1,8
KPNA1,8
KPNA6,8
KPNA7,8
L3MBTL2,8
LAIR1,8
LCMT1,8
LCMT2,8
LDLRAD2,8
LIG4,8
LIPE,8
LIPK,8
LMOD3,8
LRIG3,8
LRRC18,8
LRRC47,8
LRRC58,8
LRRC63,8
LRRIQ4,8
LRRTM2,8
LSM12,8
LUC7L,8
LXN,8
LYPD8,8
LYRM2,8
MAGEA11,8
MAGEE1,8
MAGOHB,8
MAP1LC3B2,8
MBTPS2,8
MCEE,8
MCTP1,8
MCU,8
MDP1,8
MEAF6,8
MED27,8
MEP1B,8
METAP2,8
METTL5,8
MFN1,8
MGST2,8
MICU3,8
MIOS,8
MIS12,8
MMP12,8
MMP13,8
MMP27,8
MOK,8
MORN4,8
MS4A4A,8
MS4A6E,8
MSR1,8
MTBP,8
MTERF1,8
MTERF2,8
MTMR7,8
MTMR8,8
MTPN,8
MTTP,8
MYH1,8
MYO3B,8
MZT2B,8
NAA16,8
NAAA,8
NARS2,8
NBPF6,8
NCOA5,8
NDEL1,8
NDUFAB1,8
NDUFAF1,8
NDUFV3,8
NECAP2,8
NEDD4,8
NEK3,8
NETO2,8
NFIA,8
NFU1,8
NLRP5,8
NME4,8
NME5,8
NOC3L,8
NOL10,8
NOL6,8
NOMO2,8
NOMO3,8
NOP10,8
NOP56,8
NPIPB15,8
NPLOC4,8
NPSR1,8
NR1H4,8
NRG2,8
NSA2,8
NSUN3,8
NTM,8
NTS,8
NUDC,8
NUDT2,8
NUDT3,8
NUP58,8
NUSAP1,8
NXPE1,8
OAS3,8
OPRD1,8
OTULIN,8
P2RY13,8
PADI4,8
PAFAH1B2,8
PARVA,8
PCDHB3,8
PCDHB7,8
PCGF6,8
PDC,8
PEX11G,8
PEX2,8
PGAM5,8
PGBD2,8
PGM2,8
PHF10,8
PHF11,8
PIBF1,8
PIH1D1,8
PIK3CA,8
PITHD1,8
PKIG,8
PLA2G12B,8
PLA2G2D,8
PLA2G4A,8
PLAC9,8
PLCZ1,8
PLEK,8
PLEKHG7,8
PLGLB1,8
PLGLB2,8
PLGRKT,8
PLSCR4,8
PM20D1,8
PMAIP1,8
PMS1,8
PNLIPRP1,8
POLD3,8
POLR1C,8
POTED,8
POU5F1,8
PPBP,8
PPP2R3A,8
PPP6C,8
PPTC7,8
PRB1,8
PRC1,8
PRDX3,8
PREP,8
PRKCI,8
PROX2,8
PRPF39,8
PRSS38,8
PRSS50,8
PSKH1,8
PSMB2,8
PSMC1,8
PSMD10,8
PSMD11,8
PSMG4,8
PTCHD3,8
PTPN22,8
PTPRQ,8
PUS10,8
PWP1,8
QRICH1,8
RAB18,8
RAB3GAP1,8
RAB40AL,8
RAB42,8
RAD51AP1,8
RAD51C,8
RALBP1,8
RALYL,8
RASGRP3,8
RASSF6,8
RBAK-RBAKDN,8
RBCK1,8
RBM42,8
RBM48,8
RD3L,8
REC114,8
RERGL,8
RETNLB,8
RETSAT,8
REXO1,8
RFC3,8
RFK,8
RFPL2,8
RFPL3S,8
RGS4,8
RGS6,8
RGS9,8
RGSL1,8
RIC3,8
RIOK1,8
RLIM,8
RNF135,8
RNF168,8
RNF19B,8
RNF213,8
ROPN1,8
RPA1,8
RPA2,8
RPGR,8
RPP30,8
RPS10-NUDT3,8
RRP1,8
RSU1,8
RUVBL1,8
RWDD1,8
SAMD13,8
SAMHD1,8
SAP30,8
SCFD2,8
SCML4,8
SCNN1D,8
SCPEP1,8
SCYL3,8
SDF2,8
SDHAF4,8
SDR42E1,8
SDR42E2,8
SELP,8
SENP2,8
SERF1B,8
SERP1,8
SERPINA12,8
SERPINB13,8
SERPINB5,8
SF3B1,8
SFI1,8
SIX4,8
SLAMF9,8
SLC14A2,8
SLC16A14,8
SLC17A3,8
SLC25A17,8
SLC28A2,8
SLC28A3,8
SLC29A2,8
SLC35A3,8
SLC38A11,8
SLC38A4,8
SLC5A12,8
SLC5A6,8
SLCO1B3,8
SLCO1C1,8
SMARCE1,8
SMIM10L1,8
SMYD1,8
SMYD4,8
SNCB,8
SNF8,8
SNRNP200,8
SNRNP70,8
SNRPA1,8
SNRPB,8
SNX12,8
SNX14,8
SNX3,8
SNX31,8
SOD3,8
SPATA19,8
SPATS2L,8
SPDYC,8
SPDYE6,8
SREK1IP1,8
SRP14,8
SRSF11,8
SSU72,8
STAC,8
STAC3,8
STAT1,8
STK31,8
STRAP,8
STX11,8
STX17,8
STX8,8
SULT6B1,8
SUMF2,8
SYCP1,8
SYNPO2L,8
TAB1,8
TAF3,8
TAF4B,8
TAF5,8
TAF7L,8
TARBP1,8
TAT,8
TATDN3,8
TAX1BP1,8
TBC1D8,8
TBCCD1,8
TDRD1,8
TDRD12,8
TENM2,8
TENM3,8
TGFB2,8
THEMIS,8
THOC1,8
THOC3,8
TIMM21,8
TINAG,8
TINF2,8
TJP1,8
TJP2,8
TK2,8
TM4SF1,8
TMCO6,8
TMED7,8
TMED7-TICAM2,8
TMEM177,8
TMEM179B,8
TMEM186,8
TMEM230,8
TMEM254,8
TMEM38B,8
TMEM41B,8
TMEM45A,8
TMEM81,8
TMEM86A,8
TMF1,8
TMPRSS12,8
TNC,8
TNPO1,8
TNPO2,8
TNRC6A,8
TOR1B,8
TPD52L1,8
TRAPPC9,8
TRDN,8
TRIM21,8
TRIM55,8
TRNAU1AP,8
TTC14,8
TTC23,8
TTC33,8
TTPA,8
TUBB,8
TUBE1,8
TXNL1,8
TYW5,8
UBA1,8
UFM1,8
UGGT1,8
UGT1A8,8
UHMK1,8
UPF3B,8
URGCP-MRPS24,8
USP16,8
USP6,8
UTP15,8
VAPB,8
VCL,8
VCPKMT,8
VN1R2,8
VPREB3,8
VPS13B,8
VPS33B,8
VRTN,8
WDR36,8
WDR43,8
WDR93,8
WIF1,8
WLS,8
XCL1,8
XRRA1,8
YPEL1,8
YTHDC1,8
ZBED5,8
ZBTB17,8
ZBTB24,8
ZC3H8,8
ZCCHC10,8
ZFYVE1,8
ZFYVE16,8
ZNF100,8
ZNF154,8
ZNF16,8
ZNF175,8
ZNF189,8
ZNF2,8
ZNF236,8
ZNF266,8
ZNF329,8
ZNF365,8
ZNF410,8
ZNF425,8
ZNF432,8
ZNF433,8
ZNF442,8
ZNF451,8
ZNF470,8
ZNF543,8
ZNF556,8
ZNF607,8
ZNF680,8
ZNF69,8
ZNF692,8
ZNF718,8
ZNF749,8
ZNF776,8
ZNF780B,8
ZNF805,8
ZNF812P,8
ZNF829,8
ZNF850,8
ZNF852,8
ZPLD1,8
ZRANB2,8
ZSCAN21,8
AADACL3,7
ABCB7,7
ABCD4,7
ABHD10,7
ABHD4,7
ABI3BP,7
ACACB,7
ACAD10,7
ACOT12,7
ACOX3,7
ACSM2A,7
ACSM2B,7
ACTB,7
ADAM21,7
ADGRE2,7
ADGRF3,7
ADSL,7
ADTRP,7
AEBP2,7
AGBL3,7
AK7,7
AKR1C2,7
ALB,7
ALDH7A1,7
ALDH8A1,7
ALDH9A1,7
ALDOB,7
ALG10,7
ALKBH3,7
AMBRA1,7
ANGPT2,7
ANKRD18B,7
ANKRD44,7
ANKS4B,7
ANPEP,7
AP1B1,7
AP1G1,7
AP3S2,7
APOOL,7
APPL1,7
APTX,7
ARHGAP19-SLIT1,7
ARMC9,7
ARMCX5,7
ART3,7
ASPN,7
ASZ1,7
ATG7,7
ATMIN,7
ATP13A3,7
ATP6AP1,7
ATP6V1G1,7
ATR,7
ATRX,7
BACH1,7
BCO1,7
BLID,7
BLOC1S4,7
BLZF1,7
BOD1,7
BSPH1,7
BTD,7
BTK,7
BTN3A1,7
C18orf32,7
C1GALT1C1L,7
C1orf198,7
C3orf20,7
C3orf49,7
C7orf25,7
C8B,7
C9orf72,7
CAB39L,7
CAD,7
CAPN8,7
CASP10,7
CBFA2T2,7
CBY1,7
CCDC14,7
CCDC150,7
CCDC28A,7
CCDC30,7
CCDC61,7
CCDC89,7
CCL28,7
CCNG1,7
CD1C,7
CD2,7
CD28,7
CD300LG,7
CD38,7
CD69,7
CDC123,7
CDC23,7
CDH6,7
CDKAL1,7
CDR2,7
CEACAM21,7
CENPW,7
CEP164,7
CEP78,7
CERS5,7
CFAP126,7
CFAP47,7
CGA,7
CGGBP1,7
CHAMP1,7
CHMP4C,7
CHRNB3,7
CHURC1-FNTB,7
CIB3,7
CIT,7
CLCA1,7
CLCN5,7
CLDN18,7
CLEC10A,7
CLEC2D,7
CLPB,7
CMTR1,7
CMTR2,7
CNBD2,7
CNIH3,7
CNOT10,7
CNTN6,7
COL28A1,7
COLEC11,7
COMMD1,7
COMMD4,7
COMMD9,7
COX11,7
COX18,7
COX8A,7
CPA2,7
CREB3L2,7
CRISPLD1,7
CRYM,7
CT55,7
CTAGE1,7
CUL5,7
CUTC,7
CWC15,7
CYB5B,7
CYP2C9,7
CYP3A43,7
CYTIP,7
DAPK1,7
DAPL1,7
DAPP1,7
DDC,7
DDX21,7
DDX43,7
DDX56,7
DEFB103B,7
DERA,7
DGAT2,7
DGCR8,7
DHX34,7
DIO2,7
DIRAS3,7
DIRC3,7
DNAJB12,7
DNAJB4,7
DNAJC15,7
DNAJC6,7
DPF2,7
DTWD1,7
DUSP11,7
E2F7,7
ECHDC1,7
EDAR,7
EDDM3A,7
EID2,7
EIF2AK4,7
ELL,7
ELOF1,7
ELP6,7
ELSPBP1,7
ENPP3,7
EPCAM,7
EPS8,7
ERCC6L2,7
ERICH5,7
ERICH6,7
ERO1A,7
ERP27,7
ERVK3-1,7
ETS1,7
EXOC1,7
FAAP24,7
FABP2,7
FAF1,7
FAHD2B,7
FAIM,7
FAM111A,7
FAM124B,7
FAM204A,7
FAM98B,7
FARSA,7
FBXO47,7
FBXO7,7
FBXW11,7
FBXW8,7
FCF1,7
FCGR1A,7
FCN1,7
FCRL5,7
FGF7,7
FILIP1,7
FLT3,7
FN3K,7
FOXD4,7
FRA10AC1,7
G6PD,7
GABRA1,7
GABRP,7
GALNT3,7
GATA4,7
GEMIN2,7
GFM2,7
GHR,7
GHRH,7
GIMAP4,7
GIPC2,7
GNA11,7
GNPTAB,7
GNRHR,7
GOLGA6L9,7
GP2,7
GPALPP1,7
GPATCH11,7
GPATCH2,7
GPR171,7
GRAMD1A,7
GREM2,7
GRHL2,7
GSG1,7
GSTA1,7
GSTA3,7
GTF2H2C,7
GUF1,7
HARS2,7
HAUS6,7
HBB,7
HDC,7
HDHD2,7
HEATR5A,7
HENMT1,7
HERC2,7
HERC6,7
HESX1,7
HFE,7
HFM1,7
HIGD1B,7
HMHB1,7
HMOX1,7
HMSD,7
HNRNPC,7
HOMER3,7
HYDIN,7
IBSP,7
IER3IP1,7
IFI27L2,7
IGFL4,7
IL4R,7
IMP3,7
IRGM,7
IWS1,7
KCNE1,7
KIAA1143,7
KIF14,7
KIF1A,7
KIF6,7
KIF9,7
KLHL11,7
KLHL2,7
KLHL20,7
KLHL4,7
KMO,7
KPNA2,7
KPNA5,7
KRTAP5-11,7
LANCL1,7
LAPTM4B,7
LAS1L,7
LCT,7
LDLR,7
LEO1,7
LLPH,7
LONP1,7
LPAR4,7
LRP1B,7
LRRC31,7
LRRC34,7
LRRIQ1,7
LRRTM3,7
LTA4H,7
LTN1,7
LUC7L3,7
LY9,7
LYPLAL1,7
MAB21L3,7
MAML3,7
MAP1LC3A,7
MAPK7,7
MAT2B,7
MCC,7
MCM10,7
MCTS1,7
MDM4,7
MED12,7
MED14,7
MED23,7
MEN1,7
METAP1D,7
METTL13,7
MFAP3,7
MKRN2,7
MLANA,7
MOCS3,7
MOSPD1,7
MPEG1,7
MPP4,7
MPV17,7
MR1,7
MRGPRX4,7
MS4A6A,7
MTCP1,7
MYCT1,7
MYEF2,7
MYL12B,7
MYO1A,7
MYOF,7
MYRFL,7
MYT1L,7
N4BP2L2,7
NAA20,7
NAALADL2,7
NACC1,7
NAE1,7
NAP1L3,7
NBAS,7
NBEAL1,7
NCF2,7
NDC1,7
NDST3,7
NDUFC1,7
NDUFC2-KCTD14,7
NDUFS4,7
NDUFS5,7
NEK4,7
NGLY1,7
NIF3L1,7
NIPA2,7
NKIRAS2,7
NMD3,7
NME9,7
NOL4,7
NOP58,7
NOS2,7
NPHP3-ACAD11,7
NRM,7
NUCB2,7
NUDCD2,7
NUDT12,7
NUDT15,7
NUDT5,7
NUFIP1,7
NUGGC,7
NXPE4,7
OAS1,7
OCSTAMP,7
OPN3,7
OR51E2,7
ORC5,7
OSGEPL1,7
PABPC4,7
PALLD,7
PAMR1,7
PCDHB10,7
PCSK2,7
PCYT1A,7
PDE12,7
PDE6C,7
PDXDC1,7
PEX5L,7
PEX7,7
PGAM1,7
PGAM4,7
PGBD4,7
PGLYRP1,7
PHF19,7
PID1,7
PIF1,7
PIGH,7
PLCB1,7
PLCH2,7
PLEKHM2,7
PLEKHM3,7
PLSCR5,7
PNO1,7
PNPLA1,7
PNRC2,7
POC5,7
POLA1,7
POLD2,7
POLR2G,7
POMGNT2,7
POP1,7
POTEC,7
PPP1R12B,7
PPP1R14A,7
PPP1R1C,7
PPP1R42,7
PPP2CB,7
PRAMEF15,7
PRAMEF6,7
PRODH,7
PRODH2,7
PRPSAP2,7
PSMD14,7
PSMG3,7
PTCD2,7
PTPN11,7
PTRHD1,7
PTS,7
PUS3,7
PUS7,7
QRFPR,7
RAB11B,7
RAD51B,7
RAG1,7
RALGAPA1,7
RAN,7
RANBP2,7
RARB,7
RARS2,7
RBBP5,7
RBL2,7
RBM22,7
RBM26,7
RBMS2,7
RBSN,7
REG4,7
REPS1,7
RFC1,7
RFWD3,7
RIMBP2,7
RIMKLB,7
RLBP1,7
RMDN1,7
RNASE3,7
RNF144B,7
RNF216,7
ROBO1,7
ROPN1B,7
RPAIN,7
RPE,7
RPRD1A,7
RRP1B,7
RTCA,7
RTCB,7
RTP1,7
SAG,7
SAGE1,7
SAMD7,7
SBSPON,7
SCARF2,7
SCFD1,7
SCGB2B2,7
SCLT1,7
SCN2A,7
SCRN3,7
SDHAF3,7
SEC11C,7
SELE,7
SENP5,7
SERHL2,7
SERINC3,7
SERPIND1,7
SETDB2,7
SF3B3,7
SFR1,7
SFXN1,7
SGSM3,7
SIN3B,7
SLC10A4,7
SLC14A1,7
SLC16A4,7
SLC17A4,7
SLC18B1,7
SLC1A1,7
SLC1A5,7
SLC22A9,7
SLC24A5,7
SLC25A31,7
SLC2A3,7
SLC30A6,7
SLC30A9,7
SLC45A2,7
SLTM,7
SMAD3,7
SMARCAD1,7
SMC6,7
SMCO3,7
SMNDC1,7
SMU1,7
SNIP1,7
SNRNP48,7
SNX10,7
SNX16,7
SORD,7
SPATA12,7
SPCS2,7
SPIN3,7
SPINK5,7
SPPL2A,7
SPRYD4,7
SPSB2,7
SPTLC3,7
SPTY2D1,7
SRRM5,7
SRSF1,7
SSTR1,7
STARD10,7
STARD4,7
STAU1,7
STK33,7
STOML3,7
SULT1C4,7
SUPT20H,7
SYCP3,7
SYNJ2BP-COX16,7
SYNM,7
TAB2,7
TAF1L,7
TBC1D22A,7
TBPL2,7
TCP11,7
TCTN2,7
TDRD15,7
TEX14,7
TFB1M,7
TGM7,7
TGS1,7
TIMM8B,7
TMA7,7
TMEM160,7
TMEM183A,7
TMEM184C,7
TMEM202,7
TMEM216,7
TMEM237,7
TMEM243,7
TMEM245,7
TMEM68,7
TMOD1,7
TMPRSS11D,7
TMTC3,7
TNFSF10,7
TNFSF13B,7
TNFSF15,7
TNIP3,7
TOE1,7
TOMM20,7
TOPORS,7
TOR3A,7
TPH1,7
TPSB2,7
TRAF3IP1,7
TRIM37,7
TRIM59,7
TRIM61,7
TRIT1,7
TSEN2,7
TSSK4,7
TTC13,7
TTI2,7
TTLL1,7
TTLL2,7
TUBA1A,7
TUBAL3,7
TUBB8,7
TXK,7
TXN2,7
TXNDC8,7
TXNDC9,7
UBE2D4,7
UBE2V2,7
UGGT2,7
UNC93A,7
UPF1,7
UQCRC1,7
URGCP,7
USP14,7
USP29,7
USP40,7
USP45,7
UTP14C,7
UTP6,7
VAMP7,7
VCX,7
VGLL4,7
VKORC1,7
VNN1,7
VPS37D,7
VPS50,7
VRK1,7
VSIG10,7
VSNL1,7
WDR19,7
WFDC13,7
WFDC8,7
XG,7
XIRP2,7
ZBTB38,7
ZC3H12B,7
ZC3H13,7
ZCCHC8,7
ZCCHC9,7
ZDHHC1,7
ZFAND2A,7
ZFP90,7
ZGRF1,7
ZNF101,7
ZNF112,7
ZNF165,7
ZNF169,7
ZNF184,7
ZNF208,7
ZNF22,7
ZNF225,7
ZNF23,7
ZNF25,7
ZNF284,7
ZNF330,7
ZNF333,7
ZNF35,7
ZNF414,7
ZNF416,7
ZNF440,7
ZNF486,7
ZNF544,7
ZNF554,7
ZNF559-ZNF177,7
ZNF560,7
ZNF575,7
ZNF585B,7
ZNF613,7
ZNF614,7
ZNF624,7
ZNF649,7
ZNF66,7
ZNF671,7
ZNF707,7
ZNF737,7
ZNF773,7
ZNF789,7
ZPBP,7
ZSCAN12,7
ZSCAN9,7
ABCA10,6
ABCC2,6
ABT1,6
ACMSD,6
ACOT1,6
ACRV1,6
ACSM1,6
ADAM28,6
ADAM29,6
ADAR,6
ADCY10,6
ADD3,6
ADGRL2,6
ADH6,6
ADPRH,6
AGL,6
AHI1,6
AKIRIN2,6
AKR1A1,6
ALAD,6
ALDH1L2,6
ALG10B,6
ALG13,6
ALPK2,6
ALS2,6
AMELX,6
ANKRA2,6
ANKRD46,6
ANP32D,6
AP1M1,6
AP4E1,6
APOL3,6
AQR,6
AREL1,6
ARHGAP29,6
ARL9,6
ARMC2,6
ARPC1A,6
ARPC1B,6
ARSK,6
ASB12,6
ASCL4,6
ASIP,6
ASPRV1,6
ATAD3C,6
ATE1,6
ATF7IP,6
ATOH7,6
ATP13A1,6
ATP6AP1L,6
ATP6V1C1,6
AXDND1,6
B3GALT5,6
B4GALT4,6
BBS1,6
BBS9,6
BCL2L10,6
BDH1,6
BDH2,6
BMP2K,6
BPIFC,6
BRDT,6
BTN3A2,6
BTN3A3,6
C11orf40,6
C14orf93,6
C15orf40,6
C1QBP,6
C1orf87,6
C2orf42,6
C3AR1,6
C5orf46,6
C5orf63,6
C8orf88,6
C8orf89,6
CAGE1,6
CAPS2,6
CASP1,6
CATSPER1,6
CCDC107,6
CCDC112,6
CCDC117,6
CCDC126,6
CCDC15,6
CCDC27,6
CCDC43,6
CCM2,6
CCNC,6
CCZ1,6
CD19,6
CD200,6
CD22,6
CD226,6
CD48,6
CDC7,6
CDH12,6
CEACAM16,6
CENPI,6
CENPV,6
CEP112,6
CEP19,6
CHIA,6
CHKB-CPT1B,6
CHURC1,6
CIDEC,6
CLDN12,6
CLIC2,6
CLUL1,6
CMPK1,6
CMSS1,6
CMTM6,6
CNOT6,6
COL3A1,6
COQ10B,6
COQ6,6
COX6A1,6
COX7A2,6
CPA5,6
CPB2,6
CPPED1,6
CSTF2,6
CTBS,6
CTC1,6
CTSV,6
CWF19L1,6
CXCR6,6
CYP20A1,6
CYP2J2,6
CYP4Z1,6
DAZ2,6
DBF4B,6
DDRGK1,6
DDX46,6
DEFB1,6
DHRS9,6
DHX32,6
DHX36,6
DLC1,6
DLK2,6
DNAH6,6
DNAJB13,6
DNMT1,6
DPY19L1,6
DUS3L,6
DUSP26,6
DYNLRB1,6
EDDM3B,6
EED,6
EI24,6
EIF2AK1,6
EIF3CL,6
ELMOD3,6
EMC4,6
ENKUR,6
ENOSF1,6
ERCC2,6
ERGIC2,6
ERVV-2,6
ESPL1,6
EXOC6,6
F8,6
FABP12,6
FAM153A,6
FAM209B,6
FAM210B,6
FAM217A,6
FAM229B,6
FBXL2,6
FBXL7,6
FBXO28,6
FBXW12,6
FCAR,6
FCER1A,6
FCRL1,6
FILIP1L,6
FKBP1C,6
FMO2,6
FMO4,6
FNDC7,6
FOLH1,6
FOXJ2,6
FSIP1,6
FUBP1,6
FUNDC2,6
FUZ,6
FZD6,6
GABRR3,6
GADD45GIP1,6
GARNL3,6
GATC,6
GBP6,6
GCNT1,6
GCNT3,6
GDF3,6
GHDC,6
GINS3,6
GLIPR1L2,6
GLYCTK,6
GMFB,6
GNE,6
GOLGA8A,6
GOLGA8B,6
GOLPH3L,6
GPATCH1,6
GPR183,6
GPR33,6
GPR65,6
GRPR,6
GSN,6
GSR,6
GSTA5,6
GUCA1C,6
HBS1L,6
HEATR5B,6
HELLS,6
HP,6
HPGDS,6
HRH1,6
HRNR,6
HSD17B11,6
HTR2B,6
HTR3C,6
IAPP,6
IFI35,6
IFT52,6
IGSF6,6
IL12RB2,6
IL18RAP,6
IL20RB,6
IL22RA2,6
IL2RA,6
IL4,6
IL7R,6
ILF2,6
INO80B,6
INO80B-WBP1,6
IPP,6
IRAK1BP1,6
ISY1,6
ISY1-RAB43,6
ITGAL,6
ITGAM,6
KCNMB2,6
KCNU1,6
KIF15,6
KIR3DX1,6
KITLG,6
KLHL15,6
KNSTRN,6
KRTAP13-2,6
LCP1,6
LDAH,6
LEUTX,6
LHPP,6
LIPN,6
LMBR1L,6
LONRF2,6
LPO,6
LRRC37A3,6
LRRC66,6
LRRD1,6
LRRTM4,6
LSM4,6
LSMEM1,6
LY96,6
LYST,6
LYZ,6
M1AP,6
MAGEB3,6
MAGEC3,6
MAGEF1,6
MAML2,6
MANBAL,6
MANEA,6
MAP1LC3C,6
MAPK6,6
MCM6,6
MDS2,6
MED1,6
MED10,6
MED25,6
METTL9,6
MGA,6
MICAL1,6
MKRN3,6
MMP20,6
MMS22L,6
MON2,6
MPHOSPH10,6
MPHOSPH8,6
MPPE1,6
MS4A13,6
MS4A18,6
MS4A4E,6
MSMB,6
MSS51,6
MTERF4,6
MTFMT,6
MTRF1,6
MVK,6
MXD1,6
MYH8,6
MYL1,6
MYL4,6
MYLK,6
MYLK3,6
MYO1H,6
NACA2,6
NANOS3,6
NCR3,6
NDST1,6
NDUFA12,6
NDUFB5,6
NEIL3,6
NEK1,6
NELL2,6
NFIB,6
NGDN,6
NIPSNAP3B,6
NLRP11,6
NLRP4,6
NLRP8,6
NME1,6
NME1-NME2,6
NOBOX,6
NOL11,6
NOSTRIN,6
NOX4,6
NR2E3,6
NTSR2,6
NUDT21,6
NUDT6,6
NUP107,6
NUP35,6
NUP43,6
NUP62CL,6
NXF3,6
OASL,6
ORC1,6
ORC3,6
OSCP1,6
OTOA,6
OTOGL,6
P2RY12,6
PABPC3,6
PACRGL,6
PAPPA2,6
PAQR3,6
PARP11,6
PARPBP,6
PCDHB1,6
PCDHB16,6
PCDHB2,6
PCNP,6
PDE6H,6
PDE7B,6
PDILT,6
PDP1,6
PDS5B,6
PEF1,6
PELP1,6
PEX1,6
PEX11A,6
PFAS,6
PHKA1,6
PI16,6
PIGB,6
PIGBOS1,6
PIGN,6
PIGT,6
PIK3R4,6
PLA2G2A,6
PLAC1,6
PLEKHG5,6
PLIN2,6
PLK4,6
PLOD2,6
PNLIP,6
PNPT1,6
POC1A,6
POLA2,6
POLQ,6
POLR3H,6
PP2D1,6
PPEF2,6
PPIAL4G,6
PPID,6
PRAMEF26,6
PROS1,6
PRPF38A,6
PRRC2C,6
PSEN1,6
PSEN2,6
PSMA3,6
PSMD4,6
PSRC1,6
PTCHD4,6
PUM1,6
R3HDM2,6
RAB27A,6
RAB44,6
RABEPK,6
RAD54B,6
RANBP3L,6
RASSF3,6
RBM25,6
RBP2,6
RDH11,6
RDH13,6
REEP5,6
REG1A,6
REXO4,6
RFESD,6
RFTN2,6
RGR,6
RGS3,6
RHAG,6
RNASE2,6
RNF183,6
RORB,6
RPP14,6
RRH,6
RSPH4A,6
RUFY3,6
S100A12,6
S100Z,6
SC5D,6
SEC23B,6
SEC61G,6
SENP8,6
SEPHS2,6
SERPINB2,6
SETD7,6
SETMAR,6
SETSIP,6
SF3B5,6
SGCD,6
SIGLECL1,6
SIMC1,6
SKA3,6
SKAP2,6
SLC15A4,6
SLC19A3,6
SLC22A10,6
SLC22A24,6
SLC2A9,6
SLC33A1,6
SLC35F3,6
SLC39A13,6
SLC7A6OS,6
SLC9A9,6
SLCO2B1,6
SMAD4,6
SMCP,6
SMIM10,6
SMIM8,6
SNRPC,6
SNRPN,6
SNTN,6
SNU13,6
SNX2,6
SOCS4,6
SPAG16,6
SPATA17,6
SPATA45,6
SPATA9,6
SPCS3,6
SPIC,6
SPINK1,6
SRA1,6
SRPRB,6
SSR3,6
ST6GALNAC1,6
ST8SIA6,6
STARD3NL,6
STEAP1B,6
SULT1E1,6
SUMF1,6
SUPT7L,6
SUPV3L1,6
SYNPO2,6
SYS1-DBNDD2,6
TAF1C,6
TANK,6
TBC1D19,6
TBC1D31,6
TBC1D7,6
TBRG4,6
TCEAL4,6
TECTA,6
THAP6,6
TIA1,6
TIAM2,6
TIPRL,6
TLR3,6
TLR4,6
TMEM14C,6
TMEM207,6
TMEM219,6
TMEM260,6
TMEM62,6
TMEM70,6
TMEM71,6
TMIGD1,6
TMPRSS15,6
TMX3,6
TNNI3K,6
TOMM34,6
TP53I3,6
TP53RK,6
TPK1,6
TPST2,6
TPTE,6
TRAF3IP2,6
TRIAP1,6
TRIM22,6
TRIM4,6
TRIML1,6
TRMT10A,6
TRMT44,6
TRPC7,6
TSGA10,6
TSPAN13,6
TSPAN19,6
TYRP1,6
UBAP1L,6
UBC,6
UBE2T,6
UBE2U,6
UBE4A,6
UBIAD1,6
UBXN8,6
UIMC1,6
UNC13B,6
UNC13C,6
UPK1B,6
UQCRHL,6
USP13,6
USP18,6
UTP14A,6
VCAM1,6
VHL,6
VPS72,6
VSTM1,6
VWC2L,6
WDHD1,6
WDR4,6
WDR41,6
WDR5B,6
WDR89,6
WIPI2,6
XKR9,6
XPOT,6
XRCC2,6
YIF1B,6
YIPF7,6
YY1AP1,6
ZAN,6
ZBTB6,6
ZC3H14,6
ZCCHC4,6
ZNF217,6
ZNF226,6
ZNF233,6
ZNF26,6
ZNF280C,6
ZNF283,6
ZNF302,6
ZNF33A,6
ZNF383,6
ZNF397,6
ZNF43,6
ZNF445,6
ZNF484,6
ZNF506,6
ZNF549,6
ZNF572,6
ZNF577,6
ZNF583,6
ZNF627,6
ZNF670-ZNF695,6
ZNF676,6
ZNF705A,6
ZNF778,6
ZNF80,6
ZNF879,6
ZRANB1,6
ZSCAN25,6
ZSWIM2,6
ZWINT,6
ZYG11A,6
AAR2,5
ABCA6,5
ABCA9,5
ACAD9,5
ACER1,5
ACKR2,5
ACSM6,5
ADH7,5
AKAP14,5
AKR1B10,5
ALG5,5
ALPK1,5
AMBN,5
ANGPTL1,5
ANKAR,5
ANKRD22,5
ANKRD61,5
AP5S1,5
APOL2,5
APOL4,5
AQP9,5
ARGLU1,5
ARL8B,5
ARMC1,5
ARMC3,5
ARSH,5
ASPA,5
ATF7IP2,5
ATG4C,5
ATP1B2,5
ATP6V0A2,5
ATP8B4,5
B3GNT6,5
BBS10,5
BBS12,5
BBS4,5
BBS7,5
BCKDK,5
BLACE,5
BLK,5
BLM,5
BLOC1S6,5
BMP5,5
BNIP2,5
BORCS7,5
BORCS7-ASMT,5
BTLA,5
C12orf43,5
C1QTNF7,5
C1S,5
C2orf49,5
C3orf33,5
C6orf89,5
CAAP1,5
CAMKK2,5
CARD16,5
CASP14,5
CBLN2,5
CCDC181,5
CCDC39,5
CCDC73,5
CCDC85A,5
CCL26,5
CCT8,5
CDH17,5
CEACAM19,5
CEBPZOS,5
CENPC,5
CFAP44,5
CFAP73,5
CFHR3,5
CFLAR,5
CHCHD2,5
CKS2,5
CLEC1B,5
CLEC4E,5
CLEC4M,5
CMC2,5
CNBD1,5
COX15,5
COX16,5
CPA3,5
CPNE3,5
CPNE8,5
CREBL2,5
CRHBP,5
CRLF2,5
CSF2RA,5
CSRNP3,5
CTAGE9,5
CTLA4,5
CWC27,5
CXCL9,5
CXCR2,5
CYP3A5,5
DAB2,5
DCDC1,5
DCN,5
DDX39A,5
DEFB108B,5
DEPDC1,5
DHRS7B,5
DHX57,5
DNA2,5
DNAH8,5
DNPH1,5
DOHH,5
DPRX,5
DRC7,5
DUXA,5
DYNC1I2,5
DYTN,5
EFCAB3,5
EHD2,5
EHHADH,5
EID1,5
EIF1AY,5
EIF2B1,5
EIF4A3,5
ELF1,5
ENTPD5,5
EPSTI1,5
ERCC1,5
ESR1,5
EVI2B,5
EYA3,5
EZH1,5
FABP6,5
FAM151B,5
FAM184A,5
FAM186B,5
FAM209A,5
FAM81B,5
FBXL18,5
FBXL3,5
FBXO4,5
FCRL2,5
FER1L6,5
FEZ2,5
FGGY,5
FIS1,5
FMO1,5
FMR1NB,5
FPR3,5
FRRS1,5
FSD2,5
GALC,5
GAPT,5
GBP3,5
GCFC2,5
GCNT4,5
GDI2,5
GGH,5
GIMAP2,5
GINS4,5
GLA,5
GLRA3,5
GLRX2,5
GLYATL3,5
GM2A,5
GMNC,5
GNB4,5
GNRH1,5
GPATCH3,5
GPR18,5
GPRC6A,5
GREB1,5
GRHL3,5
GRXCR1,5
GSTK1,5
GSTO2,5
GTPBP10,5
GUK1,5
HACD1,5
HACL1,5
HELB,5
HINFP,5
HK1,5
HNRNPH2,5
HSBP1,5
HSF2BP,5
HSFY2,5
HTR2A,5
HTR3D,5
HUS1,5
IARS2,5
IDI2,5
IFT46,5
IL13RA2,5
IL15,5
IL23R,5
IPO5,5
ITGB1,5
ITK,5
KCNH5,5
KIAA1586,5
KLHL41,5
KLHL6,5
KLRD1,5
KLRF2,5
KMT2E,5
KNG1,5
KRT10,5
KRT20,5
KRT24,5
KRT27,5
KRTAP19-7,5
LAPTM4A,5
LCN15,5
LGALS2,5
LGALS8,5
LIPH,5
LIPT2,5
LPA,5
LRRC69,5
LSG1,5
LSM6,5
LSM8,5
LYPD5,5
MAGEB10,5
MAN2A2,5
MBIP,5
MBNL2,5
MCMDC2,5
MED28,5
METTL16,5
MGAM2,5
MID1,5
MIER1,5
MLIP,5
MMP7,5
MOBP,5
MRGPRX2,5
MS4A14,5
MTHFD2L,5
MTIF2,5
MTO1,5
MTX2,5
MUC13,5
MUC7,5
MYH4,5
MYOZ2,5
NAA11,5
NAA25,5
NAALAD2,5
NAF1,5
NAT10,5
NCOA7,5
NDRG3,5
NDUFB6,5
NEK10,5
NFKB2,5
NFKBIZ,5
NKAIN1,5
NKAP,5
NKTR,5
NLE1,5
NLRP7,5
NSL1,5
NUBPL,5
NUDT13,5
NUDT19,5
NUP133,5
NUPR2,5
NXT2,5
OLFM3,5
OPALIN,5
OVCH2,5
OXA1L,5
PARG,5
PATE2,5
PCDH20,5
PCDHB4,5
PCED1A,5
PIGK,5
PLAUR,5
PLN,5
PLPPR5,5
PLSCR2,5
PMPCB,5
POF1B,5
POMK,5
PRELID2,5
PRKD1,5
PRPF18,5
PRPF19,5
PRPF3,5
PRR27,5
PRR32,5
PRSS54,5
PSMA8,5
PSPC1,5
PTPN2,5
PTPRB,5
PTPRC,5
PUF60,5
PURB,5
RAB11FIP5,5
RAB27B,5
RAD18,5
RAD51,5
RANBP6,5
RBBP9,5
RBM34,5
RCHY1,5
RGPD1,5
RGPD5,5
RGS1,5
RGS21,5
RGS5,5
RNASE10,5
RNF111,5
RNF114,5
RSL24D1,5
RUNX2,5
RXRG,5
S100A11,5
SACS,5
SAP18,5
SASH1,5
SEC16B,5
SEC22C,5
SEPSECS,5
SERPINI2,5
SF3A3,5
SH2D1B,5
SH3BGRL,5
SLAMF6,5
SLAMF7,5
SLC13A3,5
SLC16A9,5
SLC17A1,5
SLC17A6,5
SLC17A8,5
SLC23A2,5
SLC25A21,5
SLC25A41,5
SLC25A44,5
SLC26A7,5
SLC30A10,5
SLC38A9,5
SLC39A8,5
SLC46A3,5
SLFN12,5
SLFN12L,5
SMAP2,5
SMC2,5
SMIM23,5
SNAP23,5
SNAPC1,5
SNAPC3,5
SNX11,5
SPAG1,5
SPATA16,5
SPDL1,5
SPDYE16,5
SPDYE5,5
SPICE1,5
SPINK13,5
SPP2,5
SRBD1,5
SRI,5
SRSF3,5
SRSF8,5
STK11,5
SUB1,5
TAAR2,5
TAF7,5
TAL2,5
TAS2R1,5
TCEANC,5
TCFL5,5
TCL1B,5
TEKT1,5
THAP11,5
THSD4,5
TLK2,5
TM4SF20,5
TM9SF2,5
TMED2,5
TMED9,5
TMEM126A,5
TMEM165,5
TMEM231,5
TMEM232,5
TMEM39A,5
TMEM39B,5
TMEM52B,5
TMEM67,5
TMPRSS7,5
TNFRSF13B,5
TNMD,5
TOMM7,5
TOR1A,5
TOR1AIP2,5
TPP2,5
TPX2,5
TRIM9,5
TRIP4,5
TRMT10C,5
TRPC6,5
TSEN15,5
TSG101,5
TSPAN3,5
TTC12,5
TTC32,5
TTC8,5
UBL7,5
URAD,5
URM1,5
USH2A,5
VNN2,5
WDR64,5
WDR70,5
WDR74,5
YPEL3,5
ZBBX,5
ZFYVE19,5
ZKSCAN3,5
ZMPSTE24,5
ZMYND11,5
ZNF106,5
ZNF157,5
ZNF211,5
ZNF304,5
ZNF33B,5
ZNF45,5
ZNF510,5
ZNF557,5
ZNF562,5
ZNF565,5
ZNF586,5
ZNF587,5
ZNF669,5
ZNF689,5
ZNF716,5
ZNF726,5
ZNF728,5
ZNF735,5
ZNF800,5
ZNF880,5
ZNF90,5
ZNF91,5
ZSCAN5A,5
A1CF,4
AADAT,4
ABHD17C,4
ACKR4,4
ACOT4,4
ACSM5,4
ADAM7,4
ADGRE3,4
ADH4,4
ADH5,4
AKR1C1,4
ALDH1A1,4
AMT,4
AMTN,4
AMY2B,4
ANKRD55,4
ANO3,4
APBA3,4
API5,4
ARHGDIB,4
ARL13A,4
ARL13B,4
ARL17B,4
ARMS2,4
ARRDC3,4
ARRDC5,4
ASMT,4
B3GALT2,4
BAAT,4
BBOX1,4
BCHE,4
BCL2A1,4
BEST3,4
BTAF1,4
BUB1B-PAK6,4
C10orf53,4
C10orf90,4
C1orf141,4
C1orf146,4
C1orf162,4
C22orf31,4
CA1,4
CA3,4
CARD6,4
CARD8,4
CASC3,4
CASP5,4
CAV2,4
CCDC102B,4
CCDC149,4
CCDC178,4
CCDC51,4
CCDC74A,4
CCDC74B,4
CCNB2,4
CCNY,4
CD163L1,4
CD300E,4
CD53,4
CDC42EP3,4
CDK11B,4
CDK7,4
CECR2,4
CENPU,4
CEP295,4
CES1,4
CFDP1,4
CFI,4
CHRNA1,4
CLEC1A,4
CLEC2A,4
CLEC6A,4
CLNK,4
CLNS1A,4
CMBL,4
CNOT11,4
COA1,4
COLEC10,4
COX17,4
CP,4
CPN1,4
CR2,4
CREB5,4
CRISP1,4
CRTAP,4
CSNK1G1,4
CTSS,4
CXCL10,4
CXCL13,4
CXCL6,4
DCAF8L2,4
DDX27,4
DEGS1,4
DERL1,4
DHTKD1,4
DIO1,4
DNAJB7,4
DNAJC24,4
DNTT,4
DPP10,4
DPPA2,4
DPYS,4
DRD3,4
DSG3,4
DUSP19,4
ECM2,4
EFCAB7,4
ELAC2,4
ENAM,4
EPDR1,4
EPGN,4
ERICH2,4
ESM1,4
FAAH2,4
FABP4,4
FAM13C,4
FAM177B,4
FAM182B,4
FAM186A,4
FANCG,4
FARSB,4
FBXO40,4
FHAD1,4
FLG,4
FNTA,4
FOLR2,4
G6PC2,4
GABRA2,4
GANC,4
GBP2,4
GEMIN8,4
GFM1,4
GGA2,4
GIMAP6,4
GJB7,4
GLIPR1L1,4
GLYAT,4
GNG5,4
GNGT1,4
GPR149,4
GPX6,4
GRB2,4
GTF2H3,4
GTF3C6,4
GUCY2F,4
GZMK,4
HAVCR2,4
HCAR2,4
HCAR3,4
HIGD2B,4
HMGCS2,4
HPRT1,4
HSD17B3,4
HSPA2,4
HSPH1,4
HYAL1,4
IFIT1,4
IFIT2,4
IFIT3,4
IL18R1,4
IL36B,4
IMPG1,4
IMPG2,4
INTS4,4
INTU,4
IPCEF1,4
IQGAP3,4
JADE1,4
KIF2C,4
KLHL9,4
KLKB1,4
KLRC1,4
KRCC1,4
KRT26,4
KRT39,4
KRTAP4-7,4
LACTB2,4
LAMTOR3,4
LIAS,4
LIPA,4
LIPI,4
LITAF,4
LMOD2,4
LPL,4
LRIT3,4
LRRC43,4
LRRC4C,4
LRRIQ3,4
LUM,4
MANBA,4
MBOAT4,4
MDH1B,4
MED11,4
MEF2C,4
MEP1A,4
MILR1,4
MLH3,4
MMADHC,4
MME,4
MNAT1,4
MOGAT2,4
MORN2,4
MORN3,4
MPZL3,4
MRFAP1,4
MYDGF,4
MYH13,4
NAIP,4
NANS,4
NAP1L2,4
NDST4,4
NDUFA5,4
NICN1,4
NME7,4
NMS,4
NODAL,4
NOX1,4
NPEPL1,4
NPFFR2,4
NPIPB5,4
NR3C1,4
NREP,4
NSMCE1,4
NUP155,4
NUP37,4
NVL,4
OMD,4
OMG,4
OR2A14,4
OR5V1,4
P2RY8,4
PASD1,4
PCDHB12,4
PCDHB14,4
PCDHB15,4
PCDHB6,4
PDCD2,4
PDCD2L,4
PDE6G,4
PFKM,4
PFN2,4
PIK3C2G,4
PIK3C3,4
PKD1L3,4
PLA2G1B,4
PLET1,4
PNN,4
POLR2J3,4
POLR3B,4
PON1,4
PPIL4,4
PPL,4
PRCP,4
PRDM7,4
PRIM2,4
PRKRIP1,4
PSKH2,4
PSMB6,4
PSMD12,4
PTP4A1,4
PXDNL,4
RAB26,4
RAB37,4
RAB39B,4
RAC1,4
RAD51AP2,4
RBBP8,4
RGP1,4
RGS18,4
RIT2,4
RNASE6,4
RNF141,4
RNF150,4
RNLS,4
RPA3,4
RPF1,4
RPRD1B,4
RRP15,4
RWDD2B,4
SAAL1,4
SAE1,4
SECISBP2,4
SENP6,4
SERPINB11,4
SETDB1,4
SIRPB2,4
SIRT4,4
SLC15A2,4
SLC18A1,4
SLC22A1,4
SLC2A11,4
SLC39A10,4
SLCO1B1,4
SLFN14,4
SLN,4
SMCO1,4
SMPDL3B,4
SNRNP25,4
SNRNP27,4
SNRNP35,4
SOSTDC1,4
SOX6,4
SP110,4
SPANXA1,4
SPARCL1,4
SPATA18,4
SPATA2,4
SPDYA,4
SPINK6,4
SPNS3,4
SPTLC1,4
SREK1,4
STEAP2,4
STK17B,4
STRADB,4
SULF1,4
SULT1B1,4
TAF1A,4
TAF1D,4
TBC1D32,4
TCERG1,4
TERF1,4
TFEC,4
TGDS,4
TGFBR3,4
THSD1,4
THUMPD3,4
TIMD4,4
TLR7,4
TM7SF3,4
TMC5,4
TMEM139,4
TMEM144,4
TMEM236,4
TMEM244,4
TMEM40,4
TMEM78,4
TMPRSS11F,4
TMX1,4
TNFSF14,4
TRAM1L1,4
TRAT1,4
TRIM42,4
TRIP11,4
TSGA13,4
TSR2,4
TTC39C,4
TULP4,4
UGT2A1,4
UGT2B15,4
UHRF1,4
USP26,4
USP7,4
VGLL1,4
VIT,4
VPS36,4
VRK2,4
WDR31,4
WDR49,4
WRAP53,4
XCR1,4
XRCC5,4
ZC3HC1,4
ZFP3,4
ZFP69,4
ZFP69B,4
ZKSCAN7,4
ZNF138,4
ZNF221,4
ZNF253,4
ZNF317,4
ZNF404,4
ZNF426,4
ZNF474,4
ZNF483,4
ZNF527,4
ZNF534,4
ZNF814,4
ZNF84,4
ZSCAN16,4
ZSCAN5B,4
A2M,3
AADACL4,3
ABCC11,3
ABCG1,3
ACOT6,3
ACOT9,3
ACTR8,3
ADGRE1,3
ADGRL4,3
ADH1C,3
AFP,3
AGR2,3
AGR3,3
AHR,3
AICDA,3
AKR1E2,3
ALKBH2,3
AMPD1,3
ANAPC7,3
ANK2,3
ANXA1,3
APELA,3
ASB11,3
ASB4,3
ASIC5,3
ATF6,3
ATP10B,3
ATP6V0D2,3
BANK1,3
BAZ1A,3
BBC3,3
BBOF1,3
BCL7A,3
BMX,3
BPNT1,3
BRMS1L,3
C10orf55,3
C12orf50,3
C14orf39,3
C1QTNF3-AMACR,3
C2orf74,3
C4orf17,3
C7,3
CAPSL,3
CASP4,3
CAT,3
CCT4,3
CD86,3
CDC14A,3
CDC16,3
CDH18,3
CFAP70,3
CHRNB4,3
CLDN10,3
CLDND1,3
CLEC12B,3
CLEC2B,3
CLRN3,3
COA6,3
COPS4,3
COPS5,3
CPO,3
CRB1,3
CRNKL1,3
CRYBA4,3
CWC22,3
CWF19L2,3
CYSLTR2,3
DAND5,3
DDX52,3
DET1,3
DHDH,3
DHX37,3
DMD,3
DNAJC12,3
DNASE2B,3
DPPA3,3
DPY30,3
DRG2,3
EIF3M,3
ELP3,3
ENTPD1,3
EQTN,3
EXOSC10,3
EYS,3
FABP9,3
FASTKD2,3
FKTN,3
GATAD1,3
GBP5,3
GBP7,3
GDPD4,3
GJB1,3
GLIPR1,3
GLO1,3
GNLY,3
GNPDA2,3
GPR34,3
GPR82,3
GPSM2,3
GRPEL2,3
GYPA,3
HAO1,3
HAUS1,3
HEATR1,3
HEPACAM2,3
HORMAD1,3
HSPB3,3
IDO1,3
IFI44,3
IFIT5,3
IMPA1,3
IPO7,3
IQCF2,3
ISG20,3
JAGN1,3
KCNJ13,3
KDM5D,3
KIFAP3,3
KLB,3
KLC3,3
KLF5,3
LIMS1,3
LIPJ,3
LMNB2,3
LMNTD1,3
LRRC19,3
LYG1,3
MAP3K19,3
MCAT,3
MCF2,3
MED18,3
MED4,3
MED7,3
MEIOC,3
MELK,3
MEMO1,3
MGAM,3
MKRN2OS,3
MKS1,3
MNDA,3
MPP1,3
MREG,3
MS4A2,3
MS4A8,3
MUSK,3
MYBPC1,3
MYH14,3
MYH15,3
NACA,3
NAT2,3
NDUFB9,3
NEMP1,3
NLRC4,3
NOP2,3
NOX3,3
NR1I3,3
NSRP1,3
NSUN5,3
NT5M,3
NUDCD3,3
NUP205,3
OCM,3
OCM2,3
OLAH,3
OLR1,3
OR7D2,3
OSTC,3
OTUD6A,3
PAK2,3
PAK6,3
PDE1A,3
PGBD1,3
PLCL2,3
PLK1,3
PLRG1,3
POLB,3
POU1F1,3
PRG4,3
PRIM1,3
PRMT9,3
PRNT,3
PROKR1,3
PRR13,3
PSMC2,3
PSMF1,3
PTGFR,3
PYHIN1,3
RAB11A,3
RAB14,3
RABGGTB,3
RB1,3
RFT1,3
RGS20,3
RHOH,3
ROPN1L,3
RPAP1,3
RPP38,3
RSL1D1,3
RXFP2,3
SCARB1,3
SCN1A,3
SELL,3
SERPINA9,3
SI,3
SLC1A3,3
SLC30A8,3
SLC34A2,3
SLC39A12,3
SLC44A5,3
SMG8,3
SMIM18,3
SORBS2,3
SPATA4,3
SPINK4,3
SPINT4,3
SPX,3
SRFBP1,3
SRP54,3
SSX1,3
SSX5,3
STK32A,3
SYF2,3
SYTL3,3
TAB3,3
TAF13,3
TCEA1,3
TCN1,3
TECRL,3
TECTB,3
TFPI,3
THG1L,3
TLR10,3
TM4SF18,3
TMC1,3
TMC7,3
TMCO2,3
TMEM156,3
TMEM182,3
TMEM19,3
TMEM248,3
TRIM49B,3
TRIM77,3
TRIQK,3
TTC1,3
TTN,3
TUSC3,3
UGT2B28,3
VPS4A,3
WDR33,3
WWTR1,3
YKT6,3
ZDHHC15,3
ZDHHC7,3
ZFAND2B,3
ZFP1,3
ZNF227,3
ZNF334,3
ZNF354C,3
ZNF394,3
ZNF420,3
ZNF561,3
ZNF589,3
ZNF658,3
ZNF688,3
ZSCAN23,3
ZSCAN31,3
ABCA8,2
ABCB1,2
ABCB5,2
ACP5,2
ACSBG1,2
ADAMDEC1,2
ADGRF4,2
ADGRG4,2
AGMO,2
AKNAD1,2
AKR1B15,2
ANXA10,2
APOH,2
ATXN7L3B,2
BCL2L15,2
C2orf66,2
C4orf51,2
C5orf34,2
CARD18,2
CC2D2A,2
CCDC122,2
CD163,2
CD70,2
CD84,2
CFH,2
CIZ1,2
CLEC4D,2
CLN6,2
CNIH4,2
COG7,2
COIL,2
COL10A1,2
COX7B2,2
CPE,2
CPNE4,2
CSRP3,2
CYLC1,2
DAZL,2
DBR1,2
DDX49,2
DGUOK,2
DHPS,2
DNAH14,2
DPH6,2
DSCR4,2
EFCAB5,2
EIF3C,2
EVI2A,2
EVI5,2
FAM50B,2
FAN1,2
FAP,2
FBXO21,2
FGF12,2
FPGT-TNNI3K,2
FPR1,2
GABRG2,2
GALNT11,2
GBP4,2
GGCT,2
GNG2,2
GPR55,2
GRAMD1C,2
GRIK2,2
GSTO1,2
GTF2I,2
HAVCR1,2
HHLA1,2
HINT1,2
HMGCL,2
HTR3B,2
IDI1,2
IFI6,2
IQCF3,2
KCNJ6,2
KLHL28,2
KLRF1,2
LGSN,2
LIX1,2
LMO7DN,2
LRRC39,2
LRRN3,2
LSM10,2
MAGT1,2
MMAA,2
MROH2B,2
MS4A12,2
MS4A5,2
MSANTD3-TMEFF1,2
MYH2,2
MYPN,2
NAT1,2
NIP7,2
NLRP2,2
NLRP9,2
NOXRED1,2
NSUN6,2
NUF2,2
OGN,2
OSBPL9,2
OSTN,2
PCDHB5,2
PLAC8L1,2
PNLIPRP3,2
POPDC2,2
POTEF,2
PPT1,2
RAB40A,2
RCC1,2
RGPD2,2
RGS13,2
RND3,2
RNF185,2
ROS1,2
RPF2,2
SAMSN1,2
SCARB2,2
SCEL,2
SCN3A,2
SETD4,2
SHROOM3,2
SIRPD,2
SLC16A1,2
SLC17A2,2
SLC26A3,2
SLC52A1,2
SLITRK6,2
SMTN,2
SNRPD1,2
SNX9,2
SP3,2
SPINT2,2
SPTA1,2
SSBP1,2
SSX2,2
SSX2B,2
SSX3,2
STIL,2
STX3,2
TARM1,2
TBC1D28,2
TCF4,2
TDO2,2
TMEM123,2
TMEM150B,2
TMEM191B,2
TMIGD3,2
TMPRSS11A,2
TMPRSS11B,2
TNFRSF17,2
TNFRSF19,2
TPRKB,2
TRIM16,2
TTC5,2
UBA5,2
UCHL3,2
UGT2B11,2
UGT2B4,2
USP50,2
UTP20,2
WDR37,2
WDR72,2
YARS2,2
ZBTB40,2
ZIM3,2
ZNF121,2
ZNF571,2
ZNF684,2
ZSCAN4,2
ABCG2,1
ACOT2,1
ACTL8,1
AFM,1
AGO1,1
ANO5,1
ANXA13,1
AQP8,1
ARHGAP25,1
ARHGEF33,1
ASB15,1
ASB5,1
BSG,1
C1GALT1,1
C5AR1,1
CCDC91,1
CDH9,1
CDK15,1
CDK5RAP1,1
CDKL1,1
CHMP7,1
CHRNA6,1
CLEC7A,1
COQ5,1
COX7B,1
CPM,1
CRYGS,1
CYP7A1,1
DNAH12,1
EFCAB10,1
EFCAB9,1
F12,1
F9,1
FAM9B,1
FBXO27,1
GCNT2,1
GFRAL,1
GNAI1,1
GOPC,1
GP6,1
HTR3E,1
HYAL4,1
IL31RA,1
JCHAIN,1
KRR1,1
KRT12,1
KXD1,1
LACC1,1
LECT2,1
LIN28B,1
LPAR6,1
LRIF1,1
LYVE1,1
LYZL2,1
MCCC1,1
MEIG1,1
MEIOB,1
MMRN1,1
MPP7,1
MRGPRX3,1
MROH9,1
NPIPB11,1
NWD1,1
NXPE2,1
OCIAD1,1
OR52A1,1
OR5H15,1
OR7A5,1
PLAC8,1
POLI,1
POU5F1B,1
PSMD6,1
PTH,1
R3HCC1,1
RAP1A,1
RHBDD2,1
RPGRIP1,1
RRAS2,1
RXFP1,1
S100G,1
SAMD9,1
SCAND1,1
SCGB3A2,1
SERPINE3,1
SFRP4,1
SGCE,1
SH3BP5,1
SLC35A1,1
SLC4A4,1
SMCO2,1
SMR3B,1
SPC24,1
SPINK8,1
SPINK9,1
SSR1,1
STMND1,1
SUN3,1
TEX101,1
TLK1,1
TRIM16L,1
VBP1,1
WSCD1,1
ZC3HAV1,1
ZNF114,1
ZP2,1
ACAT1,0
ALDH3B2,0
ANKFN1,0
ARSF,0
BASP1,0
BPY2,0
C1orf185,0
C9orf57,0
CALB1,0
CCR3,0
CD200R1L,0
CD36,0
CD5L,0
CDK10,0
CHODL,0
CHRNA7,0
CLCA4,0
CLEC12A,0
CLEC4C,0
COL21A1,0
CYGB,0
DIRC1,0
DSCR8,0
DYDC2,0
EDNRB,0
ELMO2,0
ERVFRD-1,0
ERVW-1,0
FGL1,0
FOCAD,0
FXR1,0
GABRR1,0
GC,0
HDAC2,0
HEMGN,0
HPD,0
HRH4,0
HSD17B13,0
HYLS1,0
IFI44L,0
IGSF1,0
IL1RN,0
KCNJ16,0
KLRB1,0
KLRC2,0
KRT40,0
MAL2,0
MCCC2,0
MEPE,0
MGAT4C,0
MRAP,0
MRLN,0
MSH6,0
MTHFD2,0
MUCL1,0
NANOGNB,0
NSG1,0
OR13A1,0
OR2L13,0
PIWIL3,0
PLA2G5,0
PPP1R3A,0
PRDM9,0
PRKAR1A,0
RAB38,0
RAB7A,0
RAD1,0
RDH12,0
RDH16,0
RLN2,0
SAMD9L,0
SLC19A1,0
SLC2A5,0
SLC36A1,0
SLC8A1,0
SLCO1A2,0
SNUPN,0
SPACA3,0
SPAM1,0
SRD5A2,0
SSB,0
STPG2,0
STX19,0
TACC2,0
TIGIT,0
TMEM94,0
TMLHE,0
TNFSF11,0
TUBA1C,0
UFC1,0
UGT2B7,0
WFDC11,0
WTAP,0
ZNF479,0
ZNF679,0
ZSWIM5,0
