gene,promoter_bp,n_hits_raw,fold_corrected
HRC,6089,85,4.34387680208783
THOC6,4111,56,4.23882120418137
NEU4,8952,120,4.17124520547434
CDH15,4019,53,4.10357534048382
SERPINF2,4190,55,4.08463462483562
IGLON5,4000,52,4.04527360026902
TCAP,4000,52,4.04527360026902
KDELR1,4696,60,3.97582911833543
PPP1R12C,16485,208,3.92625887802877
TNNI2,5237,66,3.92162361918531
WNT6,4160,52,3.88968615410483
LRRC24,4001,50,3.88871397561092
RGS19,4563,57,3.88712883250449
C8orf82,4576,57,3.8760858528667
SLC16A8,5021,62,3.84243045695278
SLC6A8,9536,117,3.8178966445492
GRIN2D,4000,49,3.81189243102273
MMP23B,6077,74,3.78919566106641
MIDN,9131,111,3.78276344852161
CRIP1,5904,71,3.7421099856564
GPT,5248,63,3.73552176385067
NR2F6,5415,65,3.73524801502218
SAP25,4834,58,3.73358373087431
MIOX,4601,55,3.71976072116089
EPPK1,4776,57,3.71377069989908
DIRAS1,4031,48,3.70538199746032
MAPK11,4387,52,3.688419056548
ASPHD1,4507,53,3.65925655500432
PKP3,13016,153,3.65778722543355
TMEM190,4000,47,3.65630498485854
TOR4A,4000,47,3.65630498485854
ZFP92,4000,47,3.65630498485854
CACNG6,5241,61,3.62176463118328
KREMEN2,4305,50,3.61411024771645
PERM1,8024,93,3.60658835824276
PTGDS,6751,78,3.59526612377635
NXPH3,4251,49,3.58681950696093
C2CD4C,4000,46,3.57851126177644
GPIHBP1,4000,46,3.57851126177644
TNFRSF13C,4000,46,3.57851126177644
UCN2,4000,46,3.57851126177644
GPSM1,14536,167,3.57500048285914
HGFAC,7932,91,3.56995905217891
SIGIRR,13357,153,3.56440507046815
SLC17A7,11699,134,3.5641880136767
NSMF,9517,109,3.56394486327562
SLC25A6,8050,92,3.55628448375298
ZBTB7A,5167,59,3.55318727450644
C17orf107,4118,47,3.55153471088736
SLC25A22,8592,98,3.54924807357796
CDC42EP5,4125,47,3.54550786410525
TMEM52,4482,51,3.54081202783304
ZBTB7B,8215,93,3.52273463013267
KLF16,8766,99,3.5142954985752
SOX8,4341,49,3.51245559182007
MAPK12,9501,107,3.50444305642957
GAL,4000,45,3.50071753869434
PANO1,4000,45,3.50071753869434
PRR22,4000,45,3.50071753869434
AQP5,5703,64,3.49205560389562
CLDN6,5901,66,3.48034958374402
PRRT2,6888,77,3.47858111342708
PTPRH,6267,70,3.47570487681299
NXPH4,7075,79,3.47460303801307
LCNL1,6098,68,3.46997256122175
FUOM,5029,56,3.46506143773904
EEF1A2,4491,50,3.46442765896667
DNAJC22,5120,57,3.46425173099961
JOSD2,7191,80,3.46182608625655
CYBA,4769,53,3.45822379815568
SLC2A4RG,6752,75,3.45647466300784
F7,8390,93,3.4492568517926
MUC5B,13897,154,3.44829340278992
GPS1,9576,106,3.44450068784554
PLCB3,8045,89,3.44245685733081
RASSF7,5981,66,3.43379750772003
TNNI3,10265,113,3.42550051954288
CABP7,4000,44,3.42292381561225
FAM110D,4000,44,3.42292381561225
GJC2,4000,44,3.42292381561225
LYPD2,4000,44,3.42292381561225
S1PR4,4000,44,3.42292381561225
TMEM105,4275,47,3.4211040793998
NUDT8,4016,44,3.4092866689365
LIM2,4019,44,3.40674179209977
SBK3,4021,44,3.40504731719696
EGFL7,10876,119,3.4047271227545
INCA1,4577,50,3.39933244842021
ABCA2,19499,213,3.3991616014127
SEMA3G,4134,45,3.38724483666603
FBXW5,6070,66,3.38345022960024
SRPK3,11703,127,3.37684451215116
LRRC4B,8390,91,3.37507928508738
DUSP8,12000,130,3.37106133355752
HDAC10,11457,124,3.36787000512524
MDK,4997,54,3.36270646102318
CRIP2,9630,104,3.36055958485484
AATK,19491,210,3.35266160735524
INS-IGF2,6873,74,3.35034803321702
GGN,4090,44,3.34760275365501
ADM5,4000,43,3.34513009253015
MRGBP,4000,43,3.34513009253015
ZNF512B,4000,43,3.34513009253015
CHRND,4198,45,3.33560508689313
OTOP2,5325,57,3.33088617140244
LMNTD2,8318,89,3.32947408237874
MFAP2,6356,68,3.32912093743396
ADGRB1,12249,131,3.32793786390877
KCNN1,9084,97,3.32276139980773
HSD17B8,4031,43,3.3194047060582
PCOLCE,7786,83,3.31717390999949
GRIN2C,5632,60,3.31507342679389
ANKRD9,4982,53,3.31037119498283
LY6D,4607,49,3.30965264252028
FASTK,7711,82,3.30908327985056
ADAM11,12337,131,3.3041996348398
DCST1,4146,44,3.30238670102484
MICALL2,18602,197,3.29542273888249
SSC5D,8163,86,3.27833403653573
ELFN1,8355,88,3.2774854009453
IL11,5222,55,3.27740694715841
RCOR2,8649,91,3.27401031354875
CELSR3,9793,103,3.27284937300355
FTL,4000,42,3.26733636944805
INHBB,4000,42,3.26733636944805
MARCKSL1,4000,42,3.26733636944805
POLR2L,4000,42,3.26733636944805
VAX2,4000,42,3.26733636944805
ZNF70,4000,42,3.26733636944805
CEBPB,4096,43,3.26672860598647
ORAI3,4766,50,3.26452887461588
PNMT,4482,47,3.26310128055202
PTK6,4006,42,3.26244270538997
MPG,5250,55,3.25992744344023
NPDC1,10023,105,3.25983874034526
OPRL1,8114,85,3.25978134679724
TMEM86B,4010,42,3.25918839845192
CUTA,4774,50,3.25905836121058
MADCAM1,9363,98,3.25698381375433
MMEL1,16917,177,3.25577560691165
FOXH1,4026,42,3.24623583651073
RGL2,9012,94,3.24572124710034
SSBP4,14869,155,3.24380310114331
TRMT61A,4030,42,3.24301376620154
PNCK,14302,149,3.24185840839949
FSTL3,8359,87,3.23869070852609
BCL11B,4712,49,3.23590189390724
SH2B2,5777,60,3.23186663314924
NAT14,4046,42,3.23018919372027
TMEM82,4048,42,3.22859325044274
NUDT14,11566,120,3.22851349467459
NAPRT,7326,76,3.22813156114624
CHRNG,4056,42,3.2222252164182
HR,17674,183,3.22196476723405
ZFPM1,4347,45,3.22127217731248
TRIM65,8802,91,3.21710011382449
GPC1,23506,243,3.21685947569973
ROM1,5807,60,3.21517023242693
ELMO3,4840,50,3.21461665628498
ADGRB2,24492,253,3.21440665356368
PRSS27,8327,86,3.21376735201648
PLEKHG6,12108,125,3.21249269417313
ASPG,18315,189,3.21114139503494
PBX2,6687,69,3.21086699127541
CLCNKA,11161,115,3.20626401019303
ZNF467,4369,45,3.20505153462517
ARHGEF25,10203,105,3.20232908894252
NOTUM,6030,62,3.19947650486898
BRSK2,23553,242,3.19722854598011
TBC1D3B,7984,82,3.19593451539675
ACAP3,18601,191,3.19522630152797
ADAM8,13443,138,3.19438630821374
CLCF1,4579,47,3.19397683761392
IFITM10,8772,90,3.19262885425841
SNCG,4776,49,3.19253972447465
ASB10,4582,47,3.19188562624054
C20orf144,4000,41,3.18954264636596
CKM,4000,41,3.18954264636596
INAFM1,4000,41,3.18954264636596
ONECUT3,4000,41,3.18954264636596
PRDM12,4000,41,3.18954264636596
C11orf21,5177,53,3.18568075978452
HIC1,6156,63,3.18453837178173
UBE2M,5865,60,3.1833748575794
HSD3B7,4009,41,3.18238228622196
MEX3D,4795,49,3.17988941065504
ZBTB47,8808,90,3.17957996248351
COL1A1,18510,189,3.17731251486034
PPP1R18,7151,73,3.17658609145185
CTSD,13326,136,3.17573055355399
CACNA1H,18542,189,3.17182907184041
ULK3,9226,94,3.17043571199526
CD79B,5822,59,3.15343844853569
RAB1B,4049,41,3.15094358742006
FAM83H,8000,81,3.15064578482491
CDK5,5537,56,3.14715441040087
COL7A1,18696,189,3.14570253797951
CACNA2D2,8821,89,3.13961743761777
PLCXD1,21420,216,3.13789807389969
CATSPER4,4067,41,3.13699793102135
GPR108,9526,96,3.13592165269001
SLC16A3,16773,169,3.13531012958309
CBX4,5559,56,3.13469940104149
AMDHD2,13212,133,3.13247507415042
PITPNM1,15318,154,3.12840667310167
ENTPD2,8061,81,3.12680390504891
FGFRL1,6472,65,3.12521137227211
HAPLN3,4084,41,3.12393990829183
TNFRSF14,10162,102,3.12338506371732
TSPAN32,12871,129,3.11876008937626
TGFBR3L,6798,68,3.11266441281704
C19orf73,4000,40,3.11174892328386
C1QL1,4000,40,3.11174892328386
SCX,4000,40,3.11174892328386
TTC34,8000,80,3.11174892328386
ZNF853,4000,40,3.11174892328386
MNT,16806,168,3.11063798114774
SYNGR3,6803,68,3.11037669826992
B4GALNT4,12607,126,3.1100211337651
ARHGAP30,4304,43,3.10885696331798
DOK7,8810,88,3.10821685867173
DUSP7,4406,44,3.10751140772787
EPS8L2,22364,223,3.10284390043061
CRB2,8027,80,3.10128209620915
TMEM256,4617,46,3.1002913249092
CABP2,5121,51,3.09898838288375
AIRE,8038,80,3.09703799281798
CBARP,6942,69,3.09292243887333
PLXNB3,11676,116,3.09149430542076
TEAD3,4129,41,3.0898935784606
CFD,6246,62,3.0888317842395
CRABP2,4233,42,3.08749007271255
AMH,4435,44,3.08719171644848
ADAMTSL5,10182,101,3.08668867856678
TNNC1,6050,60,3.08603199003358
SPATA20,11608,115,3.08279743433532
HBM,9496,94,3.08029063593811
SIGLEC8,4647,46,3.08027653262444
MXRA8,11530,114,3.07666415658595
TMIGD2,4046,40,3.07637066068597
FGF17,6274,62,3.07504675236849
APRT,5669,56,3.0738743994337
TYMP,7695,76,3.07333226990999
PRR12,8000,79,3.07285206174281
BRICD5,4760,47,3.07252519736011
LTC4S,5575,55,3.06988683014551
CDC42BPG,9329,92,3.06872013015452
FGF8,8214,81,3.06856175780366
TRAF4,8113,80,3.06840766501552
BAIAP3,16035,158,3.06614486984004
SLC4A3,9952,98,3.06422221143306
SEMA3B,11076,109,3.06230256986223
HBA2,4068,40,3.0597334545564
LFNG,13730,135,3.05962202944881
CILP2,6411,63,3.05787212863646
TMEM240,4274,42,3.05787212863646
FAM25G,5293,52,3.05707432478294
EXOC3L4,15478,152,3.05585887284628
FBXL16,8762,86,3.05421601691865
SMIM1,4076,40,3.05372808958181
B3GNT7,5505,54,3.05239676398417
PTP4A3,16517,162,3.05202715730451
PSD,17048,167,3.0482289429165
NLGN2,7767,76,3.04484251538011
NOL3,8690,85,3.04371298595084
VEGFB,6952,68,3.04371298595084
RFNG,5317,52,3.04327523059546
TMEM256-PLSCR3,4710,46,3.03907538155112
SHISA8,4508,44,3.03719948146606
TNFRSF12A,5945,58,3.03585260808182
PPP1R14B,5127,50,3.03466834726337
SLC47A2,8101,79,3.03454098184699
LTBP2,12306,120,3.0343724264104
ASPHD2,4000,39,3.03395520020176
CYSRT1,4000,39,3.03395520020176
MAFA,4000,39,3.03395520020176
NACAD,8000,78,3.03395520020176
RAB3B,4000,39,3.03395520020176
DKKL1,6872,67,3.03386463707827
TMC8,11593,113,3.03310297878958
BCL9L,10986,107,3.03074034945725
SLC25A34,6777,66,3.03047703905467
DBN1,15302,149,3.02999993183437
LAMA5,30502,297,3.02993059542098
PNPLA2,8734,85,3.02837941927099
FBXL15,5652,55,3.02806423886434
ADAP1,35569,346,3.02697609563444
RBM38,4834,47,3.02549026467401
PLPPR3,4013,39,3.02412678814031
APC2,10498,102,3.0234177002758
KCNC3,8131,79,3.02334479079357
CRACR2B,8341,81,3.02183986076001
SHANK3,18743,182,3.02159901850111
HSPB7,5769,56,3.02059177853868
TMEM38A,4122,40,3.01964961017357
COL18A1,19590,190,3.01803111497669
LCAT,5673,55,3.01685511688018
FUT7,8049,78,3.0154853524182
PHF13,4031,39,3.01062287293651
TSNARE1,16333,158,3.01020222787516
C14orf180,5377,52,3.00931642199667
NKD2,9829,95,3.00759128814698
CGB7,9111,88,3.00553073481484
CNIH2,8287,80,3.0039811012756
BAD,9323,90,3.00394082479403
CAMP,4148,40,3.00072220181664
CTCFL,5395,52,2.99927607063505
SNAPC2,4980,48,2.99927607063505
SPIB,7159,69,2.99917133268035
MXD3,4882,47,2.99574353532039
TMEM200B,5402,52,2.99538955962164
CELSR2,13097,126,2.9936654526515
STAB1,19131,184,2.99284826660515
CEP170B,8012,77,2.9905724799408
LTBP3,22478,216,2.99020272012329
ADAMTSL4,10719,103,2.99011231549807
LRRC26,5933,57,2.98954472656632
GPR162,6870,66,2.98945311407183
NKPD1,4167,40,2.98704000315225
PODNL1,13647,131,2.98702358723665
PRR36,4793,46,2.98644795474771
NTN5,4064,39,2.98617637815134
AEBP1,11162,107,2.98295229162671
MYL5,11166,107,2.98188370760678
WNT3,12840,123,2.98088097791211
PPP1R16A,16189,155,2.97931362720982
COL11A2,17029,163,2.9785370514726
TTLL10,12858,123,2.97670802274004
ENKD1,7424,71,2.9759452256621
TEAD2,9202,88,2.97580857692871
CACNG7,7539,72,2.97182547388829
TCIRG1,17068,163,2.97173116062379
BAHCC1,22419,214,2.97031209948145
CLDN15,5343,51,2.97022637258987
DNAJB5,7231,69,2.96930819674438
SCRIB,20025,191,2.96801020897487
DOK3,6397,61,2.96727660341278
TMUB1,4930,47,2.96657605262356
CALML6,4301,41,2.96632657183535
PLCH2,20464,195,2.9651634091104
MROH6,9661,92,2.96326364705636
S100A16,8823,84,2.96256272872996
ARC,5777,55,2.96254441372014
SIPA1,16181,154,2.96155573935921
TSPAN4,15979,152,2.96004653820106
CEACAM7,8200,78,2.95995629287977
NTNG2,8833,84,2.95920875756645
ADRA2B,4000,38,2.95616147711967
CSPG4,4000,38,2.95616147711967
LMX1B,4000,38,2.95616147711967
LY75-CD302,4000,38,2.95616147711967
NEFH,4000,38,2.95616147711967
OTOP1,4000,38,2.95616147711967
PPP1R3G,4000,38,2.95616147711967
RNF208,4000,38,2.95616147711967
UFSP1,4000,38,2.95616147711967
VASN,4000,38,2.95616147711967
WNT9A,4000,38,2.95616147711967
TAGLN2,5790,55,2.95589275959607
DOC2A,15058,143,2.95510755764107
MAP4K2,10743,102,2.95446700339713
EHBP1L1,16876,160,2.95022415101575
PAK4,13617,129,2.94790050013673
SH3BP1,15844,150,2.94598799856462
GAL3ST4,5387,51,2.94596612376976
SBNO2,25037,237,2.94557852305897
RTN4R,16058,152,2.94548409726707
MAPK8IP2,6340,60,2.94487279806044
PROM2,13425,127,2.94370289204507
ZDHHC24,4229,40,2.94324797662224
KDM6B,12795,121,2.94272465586047
FES,10154,96,2.94197258848976
LYPLA2,6982,66,2.94149855251697
LIF,4020,38,2.94145420608922
TGM1,12274,116,2.94087400277764
STEAP3,4022,38,2.9399915237391
GAMT,5823,55,2.93914117775395
VWA1,4874,46,2.93681679259453
MAZ,6573,62,2.93516557498249
RUNDC3A,12088,114,2.93464077808041
CPT1C,18666,176,2.93403948622072
GDPD2,6790,64,2.9330181309303
RNF5,4032,38,2.93269987809491
FLII,16770,158,2.93176106069678
ABCA7,27495,259,2.93123466495916
PLEC,29199,275,2.93068582452502
APOE,4569,43,2.92854462029341
RAMP3,4038,38,2.92834222597292
GALP,5101,48,2.9281307256935
INF2,29671,279,2.92601513126014
PTPN7,7019,66,2.92599271885931
SAMD11,16910,159,2.92589047192273
CHMP2A,4467,42,2.92575452827227
SPNS2,11730,110,2.91809361944778
BCL3,14823,139,2.91798623987355
PLD4,9706,91,2.9174649909214
COMP,8000,75,2.91726461557862
FGFR3,11633,109,2.91567637443429
KIFC2,8539,80,2.91532865514356
PDIA2,6516,61,2.91308600859907
ALDH3B1,16665,156,2.9128882810218
KRT80,8014,75,2.91216832101684
DVL1,9406,88,2.91126839516245
RXRB,9305,87,2.90942672031914
COX14,4172,39,2.90887363394225
SLC39A4,7275,68,2.90857631317254
VAV2,8345,78,2.90852505711373
PLEKHH3,10594,99,2.90790205215313
CAMK2N1,5565,52,2.90765398042697
SHC2,18410,172,2.90722876048248
ABTB1,8242,77,2.90711801859812
TBX6,4711,44,2.90632461525132
MAPK15,9208,86,2.90628157474383
COL20A1,19707,184,2.90537271976572
FUT1,6749,63,2.90472932533536
CLIC3,4821,45,2.9045571779252
FGF11,10500,98,2.90429899506494
ARHGEF1,31073,290,2.90415211840607
TYROBP,4072,38,2.90389143135527
CROCC2,12006,112,2.9028475712793
EGR3,5256,49,2.90098358525322
PUSL1,5579,52,2.90035748361285
SBK2,4830,45,2.89914495958124
S100A5,4831,45,2.89854484677652
PLXNB2,22764,212,2.8979562982612
KRTCAP2,8698,81,2.89781171287644
STX1A,12995,121,2.89743454957558
NTF4,10315,96,2.89605328778721
METRNL,12464,116,2.89604360639384
ARFGAP1,10208,95,2.8959262119119
PSTPIP1,24831,231,2.8948250222648
ATP4A,8389,78,2.89326994893481
SIX5,4625,43,2.89308548543148
PDGFA,9788,91,2.89302362095251
TNNT3,20119,187,2.89227619988112
LMTK3,13563,126,2.89080855514095
GPR17,8075,75,2.89016927859182
MSLN,9050,84,2.88825314426347
CST3,4528,42,2.88633954898238
TBC1D10C,8952,83,2.88511126711975
PPP1CA,12296,114,2.88499818847072
CLCNKB,20071,186,2.88368940127945
TPP1,7993,74,2.88088853150264
ABHD16B,4000,37,2.87836775403757
C11orf68,4000,37,2.87836775403757
C1QL4,4000,37,2.87836775403757
CACNG4,4000,37,2.87836775403757
CTXN1,4000,37,2.87836775403757
EFNB3,4000,37,2.87836775403757
EPX,4000,37,2.87836775403757
ERICH4,4000,37,2.87836775403757
FAM25C,4000,37,2.87836775403757
FAM90A26,4000,37,2.87836775403757
HES5,4000,37,2.87836775403757
MISP,8000,74,2.87836775403757
NR1D1,4000,37,2.87836775403757
NRARP,4000,37,2.87836775403757
PRPF6,4000,37,2.87836775403757
SDR9C7,4000,37,2.87836775403757
SOX18,4000,37,2.87836775403757
TAS1R3,4000,37,2.87836775403757
TIGD3,4000,37,2.87836775403757
TMEM88,4000,37,2.87836775403757
TNFRSF10D,4000,37,2.87836775403757
UBE2R2,4000,37,2.87836775403757
UPK2,8000,74,2.87836775403757
WFIKKN1,4000,37,2.87836775403757
TBL3,8973,83,2.87835908428129
SLC38A3,13087,121,2.87706594114272
SHANK1,21854,202,2.87623905236268
OSBPL7,12879,119,2.87520864873654
TNFRSF4,4655,43,2.87444046619132
BGN,8013,74,2.87369799479603
MLXIPL,12347,114,2.87308153603596
STXBP2,18306,169,2.87274974344462
HES2,8016,74,2.87262250901953
TRABD,14300,132,2.87238362149279
LAPTM5,8017,74,2.87226419262824
IRF7,6392,59,2.87223383094099
CYP2W1,7476,69,2.87199940752523
SSH3,9752,90,2.87179453543424
FLNC,8020,74,2.8711897795886
RRAD,5637,52,2.87051523879299
KLK1,6938,64,2.87045158677093
MUC6,15509,143,2.86917335759618
OTOF,16160,149,2.86912493545356
MYADM,9002,83,2.86908643226572
GIT1,19958,184,2.86883355989694
EIF6,8462,78,2.86831028144813
PLPPR2,9880,91,2.86608453460356
MOGAT3,4126,38,2.86588606603943
CD300C,4018,37,2.86547312497518
CYP21A2,4887,45,2.86533050026138
HCFC1R1,4344,40,2.86533050026138
KCNH2,20092,185,2.86518788974475
DLL4,5540,51,2.86460640952124
IRX4,9889,91,2.86347610495329
BICD2,4021,37,2.86333524400654
DOC2B,8480,78,2.8622218869828
KMT5C,10220,94,2.86207826603408
SLC7A10,8052,74,2.85977918930708
JAG2,17084,157,2.85966156026438
SLC6A18,4028,37,2.85835923936204
BCAM,13065,120,2.85809315571422
FXYD7,4029,37,2.85764979303805
TNS2,19931,183,2.85710728493777
SLC26A6,11001,101,2.85689156669094
GRIN1,25270,232,2.85684903126971
NRN1L,4684,43,2.85664397312566
HPCA,8497,78,2.85649542210358
BIRC7,6319,58,2.85617087435455
VEGFA,11988,110,2.85529180481502
CKB,6105,56,2.85434790669773
MAMSTR,9595,88,2.85392293120354
ALKBH7,4910,45,2.85190838182839
SMTNL2,11241,103,2.85126002222434
TNFRSF18,4912,45,2.85074718134718
INPP5J,8305,76,2.84759684731575
BOP1,10600,97,2.84754382602391
CHKB,10601,97,2.84727521515456
PRMT1,16067,147,2.84699752114724
ADGRD2,13338,122,2.84625407587818
AGPAT2,8092,74,2.84564286113452
TMC6,24608,225,2.845186556156
PPP1R27,5031,46,2.84516896185763
PLPP2,7767,71,2.84452392884195
LGALS1,5363,49,2.8431045541844
MAP2K7,9087,83,2.84224893399978
IL25,4052,37,2.84142917476562
BCORL1,9528,87,2.84133245513955
WDR18,12819,117,2.84011720121859
TARBP2,6793,62,2.84010648084203
MKNK2,10081,92,2.8398065761543
TRAF7,15016,137,2.83903571183996
NXNL2,5153,47,2.83819521432838
CBFA2T3,22050,201,2.83656024299345
CIC,18213,166,2.83616274784561
KIF26A,6586,60,2.83487603092972
CARNS1,4835,44,2.83178805841758
HBA1,4068,37,2.83025344546467
MCAM,13964,127,2.83007815280042
TOMM40,7260,66,2.82886265753078
PYGM,13533,123,2.82823555430366
ZDHHC8,11007,100,2.82706361704721
GAREM2,12000,109,2.82650527198284
EPHA8,4075,37,2.82539166040498
DUSP9,8042,73,2.82464152449293
C1QTNF5,10138,92,2.82384001718401
EMD,5292,48,2.82244800297856
UCKL1,16210,147,2.82188212043632
UNC13D,18638,169,2.82157725096562
HES4,4191,38,2.82143782115931
MEGF6,19524,177,2.82103851373306
CLEC10A,7503,68,2.82019094739841
SH3BP2,34323,311,2.81954932593678
EBI3,7508,68,2.81831282343237
ICAM5,5521,50,2.81810262930978
LSP1,30161,273,2.81657589621198
SFXN3,10718,97,2.81619374471482
AK1,8621,78,2.81540907106068
MIB2,16474,149,2.8144384458498
AGRN,19351,175,2.81409778086236
KLHL17,6968,63,2.81343545015619
COL6A2,14825,134,2.81264320890413
RNF112,8299,75,2.81216013069393
TRNP1,4095,37,2.81159243373633
UBTF,15058,136,2.81045194293137
MEX3A,4761,43,2.8104432619451
GCGR,10858,98,2.8085411169812
MZB1,5319,48,2.80812085575532
MLLT6,12966,117,2.80791781601274
L1CAM,21835,197,2.80748586163005
CCDC78,6319,57,2.80692654893464
ISYNA1,6430,58,2.80686528072261
SLC29A4,12086,109,2.80639279031889
PAQR6,4103,37,2.80611041095547
TBKBP1,5103,46,2.80502548444165
PIEZO1,23631,213,2.80480098455191
FAAP20,20639,186,2.8043282122719
LRRC45,9436,85,2.80308031453082
SECTM1,8326,75,2.80304070677744
PIDD1,11438,103,2.80215194175763
RAB3IL1,15104,136,2.80189256863483
ARRDC1,10773,97,2.80181607313222
HSF1,12996,117,2.80143601126663
CABLES2,8000,72,2.80057403095547
CPLX3,8000,72,2.80057403095547
GPR20,4000,36,2.80057403095547
HCN2,4000,36,2.80057403095547
KCNE5,4000,36,2.80057403095547
KCNJ4,8000,72,2.80057403095547
MYH6,8000,72,2.80057403095547
PROP1,4000,36,2.80057403095547
RPP25,4000,36,2.80057403095547
SNAI1,4000,36,2.80057403095547
VENTX,4000,36,2.80057403095547
ZNF703,4000,36,2.80057403095547
DGAT1,9334,84,2.80037400424089
WNT7B,8447,76,2.79972674522994
MATN1,11116,100,2.79934232033453
CLDN19,4114,37,2.79860744194222
TMEM120A,11121,100,2.79808373643005
MINK1,16015,144,2.79795095193803
SPATA32,4004,36,2.79777625470077
MEGF8,17023,153,2.79679013841527
A4GALT,9126,82,2.79600494969622
RUFY4,12021,108,2.79568158817617
MACROD1,16477,148,2.79504060597203
HOXA7,4677,42,2.79438646093483
ISLR,4791,43,2.79284499480705
PCSK4,10028,90,2.79275431886266
LPAR2,5130,46,2.79026219241828
DSTN,4015,36,2.79011111427694
CCDC85C,23533,211,2.7900353665614
MYRF,19084,171,2.788247044024
TRPM4,21207,190,2.78791104552239
TSSC4,5805,52,2.78744089596487
EFS,4580,41,2.78562676538512
MYL9,4022,36,2.78525512775283
FLT4,17988,161,2.78514329913666
SYCE1,6708,60,2.78331746268682
MMD2,4025,36,2.78317916119799
PFN1,5592,50,2.78232199864437
BTG2,4028,36,2.78110628694685
CIRBP,16673,149,2.78084681562583
CCDC88B,17792,159,2.78084576664868
RGS11,5707,51,2.78078141032901
GMIP,10743,96,2.78067482672671
PDCD1,4029,36,2.78041601484783
RAP1GAP,17690,158,2.77928959795845
KCNK7,6495,58,2.77877502002254
PLCB2,18142,162,2.77865354190269
FMNL1,17695,158,2.77850426605736
CASKIN2,14225,127,2.77815193853814
LMNB2,13329,119,2.77813880914382
PPP2R5B,11091,99,2.77759573893339
RELT,9971,89,2.77751132456387
GPR137,16024,143,2.77696015994503
SLC4A2,19053,170,2.77645156646332
IRX3,4932,44,2.77609392993694
C1orf210,4036,36,2.77559368776558
KMT2B,23663,211,2.77470744543335
AHNAK2,12000,107,2.77464278992811
FSCN1,9870,88,2.77440633484275
PDLIM7,13575,121,2.77363992425302
LAT,8751,78,2.77358491619405
ANGPTL8,6395,57,2.77356823498327
CHTF18,12569,112,2.77282106299461
SYNGR1,8081,72,2.77250244371288
ASIC4,7071,63,2.77245343186089
INPPL1,17959,160,2.77231375758905
SHH,9093,81,2.77193074657421
MRC2,16842,150,2.7714187061666
SREBF1,18192,162,2.77101652139394
ARHGAP33,14375,128,2.77080947603711
C16orf86,4494,40,2.76969196553971
NOS3,18319,163,2.76879237128265
EML3,13037,116,2.76875719184573
CHCHD10,5508,49,2.76825884605863
C8orf58,10454,93,2.76824803774057
EXD3,20460,182,2.76802690145485
MYO1G,7982,71,2.76790495556445
KCNQ4,10006,89,2.76779586420411
KCTD11,4273,38,2.76729368323863
ELOVL1,6860,61,2.76700706006291
SRCIN1,23843,212,2.76681110487849
NRBP2,10910,97,2.76663286488116
EVI5L,16986,151,2.76624330281328
PLXNA3,14401,128,2.76580697299031
BEGAIN,22284,198,2.76488191891135
SMARCD3,23868,212,2.76391307079009
HMG20B,8108,72,2.76326988747457
KCNT1,44822,398,2.76309863787197
RASGRP2,14190,126,2.76307515386728
HSPB6,5070,45,2.76190732835846
JSRP1,8000,71,2.76167716941443
MLLT1,8000,71,2.76167716941443
TSSK3,8000,71,2.76167716941443
TP53INP2,4396,39,2.76065077361398
ATP2A1,14882,132,2.76005145728712
CD81,24127,214,2.76003759100902
WNT11,8006,71,2.75960746381656
BCAT2,11955,106,2.75905801646248
CARM1,10038,89,2.75897244642622
FSCN2,17148,152,2.75825656834119
UBL4A,4513,40,2.75803139666196
GAPDH,6093,54,2.75782770158097
CACNB3,14784,131,2.75729916768253
PCGF3,12195,108,2.75579240438423
MAFG,11975,106,2.75444998637235
TCEA2,19660,174,2.75404024746384
MMP11,16610,147,2.75392589839089
CLEC18A,9153,81,2.75376010910076
RNF126,9831,87,2.75376010910076
KCNH6,4069,36,2.75308334328383
REEP4,4411,39,2.75126293375812
NKG7,4298,38,2.75119727977633
PPP1R1A,8144,72,2.75105504023131
SLC52A2,13806,122,2.74977088686536
SLC6A7,4189,37,2.74850107809747
GAL3ST3,7586,67,2.74831502583731
CLDN5,7135,63,2.74758489371946
ADGRG3,8046,71,2.7458883116226
ZNF181,4420,39,2.74566081466223
AGER,6687,59,2.74552394906158
PIGQ,19495,172,2.74542608261002
REEP2,9295,82,2.74516849606537
PHF1,8842,78,2.74503976494165
PLEKHN1,10657,94,2.74471613764364
LIMD2,6010,53,2.74413798559142
RHBDF1,17011,150,2.74388535942966
ATP6V0D1,19736,174,2.74343490398962
MYL3,9868,87,2.74343490398962
HES6,4991,44,2.7432769510016
NUDT22,7601,67,2.74289143349584
RARG,13616,120,2.74243442122549
MTA1,31562,278,2.74084722347416
TBX1,12376,109,2.74063213185149
PRRT1,8516,75,2.74050222224389
SYNE4,4203,37,2.73934594721634
LRRC32,8747,77,2.73927823359846
ELFN2,21017,185,2.73908526815204
HIP1R,17045,150,2.73841207681185
PLXND1,33752,297,2.73817679016149
SMIM5,7161,63,2.73760902341689
GFRA2,9094,80,2.73740833365635
NBEAL2,24442,215,2.73719834099513
COL9A3,19328,170,2.73694803889826
FAIM2,11148,98,2.73548075423231
CACNA1G,12745,112,2.73453024250916
ACD,6487,57,2.73423290623062
MBD6,12292,108,2.73404558830668
ETV2,5921,52,2.73283134623815
SLC39A7,5353,47,2.73215392105999
SIRPA,5240,46,2.73168798608889
GLI4,10033,88,2.72933225604485
SEMA6B,13227,116,2.72898522038957
IL17REL,4106,36,2.7282747500784
RHBDF2,24641,216,2.72772114536469
ZNF618,8100,71,2.72758238954511
PLEKHG5,35026,307,2.72742225617583
SCGB3A1,4336,38,2.72708623350523
MTX1,7760,68,2.72679029359926
TRIP10,11300,99,2.72622250800975
RTN4RL2,4338,38,2.72582893233718
DNMT3L,8334,73,2.72567400287643
GNG8,4339,38,2.7252007164044
PTMS,7537,66,2.72489623108312
GDI1,9136,80,2.72482392581774
PIANP,10509,92,2.72414978534699
ENG,13597,119,2.72338105369405
ADRA2C,4000,35,2.72278030787338
AP5B1,4000,35,2.72278030787338
C1QTNF4,4000,35,2.72278030787338
CACNG8,4000,35,2.72278030787338
CASKIN1,12000,105,2.72278030787338
CDX1,4000,35,2.72278030787338
DUSP1,4000,35,2.72278030787338
EMILIN1,8000,70,2.72278030787338
ERAS,4000,35,2.72278030787338
FOXF1,4000,35,2.72278030787338
HCN4,4000,35,2.72278030787338
KCNK5,4000,35,2.72278030787338
LRRN4CL,4000,35,2.72278030787338
LSMEM2,4000,35,2.72278030787338
NPW,8000,70,2.72278030787338
SFRP5,4000,35,2.72278030787338
SYT2,8000,70,2.72278030787338
UBXN10,4000,35,2.72278030787338
ZNF296,4000,35,2.72278030787338
C19orf81,8343,73,2.72273368572123
MGAT4B,12117,106,2.72217038762143
TAGLN,7774,68,2.72187968591848
PIP5KL1,11776,103,2.7217233279402
SEMA3F,17608,154,2.72154324276303
GBGT1,4231,37,2.72121744650208
SLC27A5,9953,87,2.72000558952774
FBRSL1,18081,158,2.71918771018666
ARHGEF16,14764,129,2.71888113725019
STX1B,8242,72,2.71834412128656
COMTD1,4694,41,2.71797413409967
NCKIPSD,10992,96,2.71768464915621
DNAJC4,7214,63,2.71749628731471
MAPK8IP3,23248,203,2.71715860042422
BCAR1,29434,257,2.71699216309014
C1QTNF8,4467,39,2.7167720619671
DHX58,13290,116,2.71604872160217
MYL10,8593,75,2.71594517917246
OSBPL5,32081,280,2.71590567164203
OBSCN,57408,501,2.71562536678723
LRFN4,4471,39,2.71434148978015
TNFRSF25,7568,66,2.71373452611965
MYL7,4931,43,2.71355107891312
TRPT1,5620,49,2.71309069823682
MYO1C,27871,243,2.71305295238053
NADK,14230,124,2.71157320089388
MLST8,7231,63,2.711107483984
LRRC74B,8035,70,2.71092003273018
AIFM3,12515,109,2.71019282970788
SCARF1,9187,80,2.70969754939272
CCDC120,10912,95,2.70909226275629
CLCN2,16084,140,2.70856036595213
COX4I2,4021,35,2.70856036595213
BEST2,8157,71,2.70852241698117
SAMD14,14482,126,2.70736337752911
RXRA,20000,174,2.70722156325696
PPDPF,4023,35,2.70721382836031
HIC2,11265,98,2.70706963587943
TTBK1,8508,74,2.70650470525395
HSD11B2,4714,41,2.7064426358642
ZNF574,11384,99,2.70610631944046
OPLAH,11499,100,2.70610394232878
CPTP,4485,39,2.70586862894249
BAIAP2L2,12423,108,2.70521519532043
ESPN,23476,204,2.70402445199313
SLC38A5,11511,100,2.70328288010065
ITGB2,28098,244,2.70220918670817
EXOC2,4031,35,2.70184103981481
ZBED4,4031,35,2.70184103981481
ATN1,12905,112,2.70062672923512
ACTG1,10490,91,2.69941994298219
TP73,24096,209,2.69901861290806
SH3BGRL3,4036,35,2.69849386310543
PRSS56,6113,53,2.69790107858735
NECAB3,18916,164,2.69785802187859
GRB7,9345,81,2.69718205228457
MAPK8IP1,12000,104,2.69684906684601
SCN4A,12000,104,2.69684906684601
TMIE,12000,104,2.69684906684601
LILRB3,9808,85,2.69676446247072
ESRRA,9462,82,2.69671751964993
CCL25,4732,41,2.69614763006421
FNDC4,4388,38,2.69476889436615
POLD4,11894,103,2.69472119638673
UPK3A,4042,35,2.69448818196277
CD63,7739,67,2.69398084843027
WNT10B,5083,44,2.69362487949026
APOBEC3A,8087,70,2.69348861914023
ADAMTS2,9016,78,2.69206317675401
PLXNB1,27169,235,2.69152709695501
RORC,12602,109,2.69148256338629
HMGA1,7864,68,2.6907289774072
CCDC42,4049,35,2.68982989170005
P3H3,9255,80,2.68978837236855
TMEM59L,11106,96,2.68978837236855
ASIC3,6942,60,2.68949777293333
MUC4,17590,152,2.6889473356404
CFAP99,12037,104,2.68855934220754
MUS81,12732,110,2.68844157682394
DLK1,5325,46,2.68808357692127
JUP,13776,119,2.68799449673911
FLRT1,12624,109,2.68679208363388
CMTM3,9498,82,2.68649622772454
PARD6A,4286,37,2.68629748393614
CA7,4518,39,2.686104648253
TRPM2,15525,134,2.68582515761699
PHLDA2,4056,35,2.6851876803485
PPARD,4056,35,2.6851876803485
ADAMTS4,7303,63,2.68437877813068
DCAF15,11477,99,2.68417829925157
NCAPH2,11014,95,2.68400352017402
ADGRA1,8000,69,2.68388344633233
C10orf105,8000,69,2.68388344633233
DCHS1,8000,69,2.68388344633233
PPP1R9B,8000,69,2.68388344633233
SPTBN5,8000,69,2.68388344633233
MSANTD1,8119,70,2.68287257827159
DERL3,6614,57,2.681731004342
THBS3,16017,138,2.6810348468076
ABI3,8591,74,2.6803564232686
STK25,14863,128,2.67983490668327
CDK18,20090,173,2.67960459794977
PCYT2,9756,84,2.67924261537356
EPS8L1,19049,164,2.67902159388185
YBX2,8247,71,2.67896415124474
RAI1,24626,212,2.67883851107033
CRLF1,13243,114,2.67869347771925
TINAGL1,12666,109,2.67788277781415
SCRN2,5694,49,2.6778310017722
NIPSNAP1,4301,37,2.67692885750995
CISD3,4766,41,2.67691367718502
KRT19,7557,65,2.67650760901748
TMPRSS6,12442,107,2.67607406197857
NUTM2D,8024,69,2.67585587869624
P2RX1,8024,69,2.67585587869624
ARFRP1,10583,91,2.67569830878608
LYL1,4303,37,2.67568464237748
CPSF1,15592,134,2.67428396434093
STOML2,5702,49,2.67407396073148
NOL4L,21415,184,2.67364838610427
FLNA,25841,222,2.67330312669408
NINJ1,8032,69,2.67319068359794
IL4I1,8149,70,2.67299576180967
PANK4,16298,140,2.67299576180967
MFSD12,19908,171,2.67284039522574
CCDC154,10595,91,2.67266778686957
SYNGAP1,28653,246,2.67158843795704
ROBO3,13280,114,2.67123025040934
DNASE1L2,5010,43,2.67076254892627
UPK3B,5010,43,2.67076254892627
UNC5A,8040,69,2.67053079237048
TNK2,37410,321,2.67006523489473
FKBP2,4662,40,2.6698832460608
DDIT3,5245,45,2.6697559875648
CORO6,9675,83,2.66951070421251
ZBTB22,4197,36,2.6691198770126
CERK,8045,69,2.66887104669467
AQP1,14582,125,2.66745724461996
SCYL1,15400,132,2.66721336281474
ADCY6,16452,141,2.66688912097632
TPSG1,5018,43,2.66650465725799
LMF1,33031,283,2.66605596345655
TSEN34,5370,46,2.6655577368912
TSTD1,4670,40,2.66530957026455
IGSF22,8056,69,2.66522685832406
CAMSAP3,9811,84,2.66422290852965
CSNK1G2,18104,155,2.66416859870194
PFKL,19394,166,2.66345427072868
TNXB,15308,131,2.66291552750317
MEIS3,14375,123,2.66257473087941
CARD9,10051,86,2.66252519552693
ALDH16A1,11928,102,2.66095229858278
ZFYVE28,20115,172,2.66080444844556
STK32C,12752,109,2.65982302884207
ULK1,18253,156,2.65946875599782
LRP5L,16854,144,2.65866764538315
PLK5,12292,105,2.65809987752038
LSM7,8079,69,2.65763925865313
SYT3,9836,84,2.6574512968264
CAMK2B,41220,352,2.65729165695274
RINL,10424,89,2.65680788730107
ITM2C,9025,77,2.65489935836961
PEAR1,15242,130,2.65403070480844
PALM,22869,195,2.65333438296538
ASPSCR1,25228,215,2.65191857660548
EPN3,7745,66,2.65171631938973
LEFTY2,5282,45,2.65105455410401
SLC23A1,8340,71,2.64909080998986
GNA11,13637,116,2.64693756032066
PTPRN2,8112,69,2.64682785634352
TSPAN17,4233,36,2.64642006232504
NYAP1,11057,94,2.64542279812501
SPEG,28233,240,2.64520150741376
ACE,20234,172,2.64515575172889
CCDC71,4000,34,2.64498658479128
CDSN,4000,34,2.64498658479128
COL5A3,8000,68,2.64498658479128
COL8A2,8000,68,2.64498658479128
DRAXIN,4000,34,2.64498658479128
EMILIN3,4000,34,2.64498658479128
GPR153,4000,34,2.64498658479128
IL27,8000,68,2.64498658479128
IQCC,4000,34,2.64498658479128
JUND,4000,34,2.64498658479128
MMP15,8000,68,2.64498658479128
MRGPRF,4000,34,2.64498658479128
NHLH1,4000,34,2.64498658479128
PNMA6A,4000,34,2.64498658479128
RASD2,4000,34,2.64498658479128
REM1,4000,34,2.64498658479128
RTN4RL1,4000,34,2.64498658479128
SLC6A19,4000,34,2.64498658479128
TPPP,4000,34,2.64498658479128
WNT3A,4000,34,2.64498658479128
GMEB2,12000,102,2.64498658479128
GRINA,6118,52,2.64483399821446
CACTIN,13887,118,2.64410148302366
GATA3,15183,129,2.64384911482328
ZNF385A,14596,124,2.64357951827349
SOX10,12008,102,2.64322443516784
KCP,13893,118,2.64295956918949
CYP2A6,8007,68,2.64267424482706
KRI1,9775,83,2.6422011317909
SLC9A3,8127,69,2.64194260743923
DDIT4,4005,34,2.64168447919229
XYLT2,8010,68,2.64168447919229
FBXO2,9072,77,2.64114491945389
COL6A1,19089,162,2.64080530971756
ZDHHC11B,12020,102,2.64058560877665
ATP2A3,19214,163,2.63982031068632
CAPN5,16032,136,2.63970717045038
EMC6,4010,34,2.63839060827061
CDC25B,14390,122,2.6381749036875
SBSN,4130,35,2.63707535871514
HID1,13573,115,2.63649249375705
RAB8A,8026,68,2.63641822555822
REXO1,13694,116,2.63591992917283
TLCD1,7085,60,2.63521433164477
PPFIA3,22323,189,2.63459457286498
TRAPPC5,6378,54,2.63459457286498
TIE1,21024,178,2.63456672538302
CTDSP1,8032,68,2.63444878963275
TOB2,4016,34,2.63444878963275
ZMYND15,7914,67,2.63440962673766
GNB3,9332,79,2.63424951713914
CD151,7916,67,2.63374403562429
DBP,6853,58,2.63361210492432
PER1,18315,155,2.63347574725088
RAC3,5200,44,2.63301831970173
UAP1L1,5082,43,2.63292411848103
NPHS1,10994,93,2.6322780595361
TMEM129,7449,63,2.63176509822638
MASP2,8041,68,2.63150014654026
PLIN4,4021,34,2.63117292692493
PAX2,11475,97,2.63041085454061
FOXP4,15499,131,2.63009941899597
FLYWCH2,8046,68,2.62986486183573
FBXO44,8167,69,2.62900300852928
SUSD2,5090,43,2.62878592733214
TPPP3,5565,47,2.62807186692437
CA4,8407,71,2.62797875048357
HRAS,7345,62,2.62666348868073
TRIM47,6990,59,2.62651196672028
ABHD17A,9479,80,2.62622548647229
WIZ,18488,156,2.62566438788556
SULT2B1,16000,135,2.62553815402076
POLR2F,9126,77,2.62551684300742
CEP131,16712,141,2.6253985051641
TSPAN31,11497,97,2.62537745114843
FAM90A1,4031,34,2.62464558153439
BRSK1,12331,104,2.62445777326674
DLG4,23359,197,2.62431841211919
ESPNL,13638,115,2.6239267207629
CABP4,6997,59,2.62388432862295
ASS1,23603,199,2.62355647897932
LPCAT1,12692,107,2.62336223441044
CTSW,4033,34,2.62334399681754
AP2A1,9965,84,2.62304976975258
MUC12,12338,104,2.62296877955521
CPNE7,17677,149,2.62290314855063
CXXC5,21003,177,2.62238518031349
TSC22D4,8069,68,2.62236865514069
POLD1,18988,160,2.62207619404581
ARHGAP27,27890,235,2.6219469235271
SIGLEC7,8071,68,2.62171883017349
PCP2,4748,40,2.62152394547924
PSMB10,5223,44,2.62142356164063
EVPL,8075,68,2.62042014592325
RPP21,4038,34,2.62009567587051
AP1G2,11759,99,2.61980732549623
EVC2,4989,42,2.61963228658894
FAM222A,8910,75,2.61931727549147
PDE6B,14850,125,2.61931727549147
GRID2IP,12000,101,2.61905534376392
NACC2,12000,101,2.61905534376392
C3orf18,11406,96,2.61904170292171
CDC34,13193,111,2.61808633733426
RAD9A,7965,67,2.6175414671691
LINGO1,27236,229,2.61635520425908
C1QC,4639,39,2.61604242310995
TLE6,13085,110,2.61591426489281
EXTL1,11305,95,2.61491506158308
TCF3,16308,137,2.61411333388453
TRMT2A,8214,69,2.61396001590682
MYO15A,29406,247,2.61375904254613
KLK14,5358,45,2.6134509434075
ICAM4,4049,34,2.61297760908005
FBXO24,9647,81,2.61274658221201
PARP10,18830,158,2.61102671204912
P2RY11,4411,37,2.61017252689873
IGF2,15975,134,2.61016811092355
KCNQ1,13114,110,2.61012949185012
OGFR,6438,54,2.61004103537323
TERT,14069,118,2.60989674424263
HYAL3,7632,64,2.60943305935754
COL16A1,36018,302,2.60910704323318
NLRP6,4652,39,2.60873190043144
TRIP6,7396,62,2.60855101735532
EPS8L3,12884,108,2.60842039517741
PHOX2A,5488,46,2.60824435989536
P2RY2,4176,35,2.60802711482124
IP6K3,4057,34,2.60782507743779
GPS2,9904,83,2.60778635533684
LAMB2,15522,130,2.60615487712216
NKD1,8000,67,2.60608972325023
NRXN2,34037,285,2.60554233080442
SP7,8600,72,2.60518514507486
NOTCH1,21382,179,2.60500915381073
VSIG2,4062,34,2.60461505149314
TGM2,9319,78,2.60453284704519
PRPH,5974,50,2.60440987887836
PDK2,14460,121,2.60388395378525
SALL1,5737,48,2.60352010314843
FOXO6,8009,67,2.60316116693743
KCTD17,9326,78,2.60257791138903
SGTA,13041,109,2.60087901723749
SYT7,12328,103,2.59985511922646
CAPN12,13888,116,2.59909904306544
SWI5,4909,41,2.59893472916354
WDR97,8743,73,2.59816620610456
LY6H,4671,39,2.59812048829096
KCNJ10,6112,51,2.59651824423228
RASGEF1C,15103,126,2.59604293407778
AKT1,18460,154,2.59593355463551
PEX10,7793,65,2.59545335574812
KLK3,6476,54,2.59472578532008
MGAT3,12000,100,2.59312410273655
NCS1,12000,100,2.59312410273655
SORCS2,12000,100,2.59312410273655
C16orf74,8161,68,2.59280635685948
C19orf25,4322,36,2.59192413785791
LRRC75B,4923,41,2.59154389304567
GPD1,5164,43,2.59111548608067
SDC3,10689,89,2.59094072572049
CORO1A,9248,77,2.59088091579647
ARTN,6487,54,2.59032591116585
EFNA1,7328,61,2.59029318122701
MOB2,16700,139,2.59001856488896
SERF2,8532,71,2.58947695209979
YJEFN3,8052,67,2.58925953626451
TPM2,9254,77,2.58920107081108
TOMM40L,6491,54,2.5887296542494
MAP3K11,12986,108,2.5879322633194
NDRG4,27298,227,2.58761449771205
ALS2CL,14913,124,2.58738594841547
SH2D2A,6737,56,2.58658066949527
SLC1A7,8061,67,2.58636866220095
DGKQ,16247,135,2.58562260505522
XAB2,9511,79,2.58467211585979
AGAP3,35639,296,2.58446556102029
CDK9,6743,56,2.58427909986499
LBX2,7949,66,2.58366371791087
JPH2,4095,34,2.5836254796496
VSIG10L,6384,53,2.58337551588416
PPP1R1B,9398,78,2.58263902975251
ARVCF,22773,189,2.58253434549971
ATP8B3,12652,105,2.58246630528616
TUBB4A,5061,42,2.58236425168785
GIGYF1,13139,109,2.5814798130599
RARA,23869,198,2.58128236126442
ATG2A,11814,98,2.58127132623852
CCL16,7234,60,2.58093634776101
PTCHD1,4220,35,2.58083441504586
DRD4,5788,48,2.58057961848005
GLIS2,5306,44,2.58041750140388
SH3D21,15925,132,2.57928325195271
OBSL1,21477,178,2.57899757109711
ADORA2A,17860,148,2.57860493082873
RYR1,24139,200,2.57819207364337
PRR29,4104,34,2.57795963429949
LILRB2,6640,55,2.57750287320199
CALHM2,4830,40,2.57701774184999
ARAP1,36347,301,2.57692911631893
MAP7D1,15940,132,2.57685607197911
PTBP1,14615,121,2.57626835249639
RADIL,17517,145,2.57580404108101
CHPF,4712,39,2.57551375229352
CHMP1A,13895,115,2.57539493470777
ADAM33,11358,94,2.5753160661092
PRR5,19939,165,2.57504675430983
TKT,18248,151,2.57493471841223
ARID3A,17282,143,2.57481828509196
CD37,6044,50,2.57424629656176
CD72,9189,76,2.57365239057105
CELF4,23341,193,2.57301547574562
C22orf15,4233,35,2.57290839392712
FOXN1,8105,67,2.5723279193093
ELF4,4355,36,2.5722838401428
TPI1,6898,57,2.57132050778748
PLOD3,11981,99,2.5712640297563
RENBP,8472,70,2.57108622084361
CTSZ,12589,104,2.57067192010105
ZNF652,4480,37,2.56997120896212
RNF207,11263,93,2.5694100138986
CXCL12,5450,45,2.56933397335365
LHX2,11629,96,2.5688184421296
ZC3H12A,9691,80,2.56877426336507
CCDC159,10661,88,2.5685574078321
SULT1A4,5816,48,2.56815592017925
SPATA33,4362,36,2.56815592017925
APOBR,4000,33,2.56719286170919
CCL22,4000,33,2.56719286170919
CLDN9,4000,33,2.56719286170919
ECHS1,4000,33,2.56719286170919
EGR1,4000,33,2.56719286170919
FAM25A,4000,33,2.56719286170919
GRIN3B,4000,33,2.56719286170919
HIPK4,4000,33,2.56719286170919
HSPB9,4000,33,2.56719286170919
IRX1,4000,33,2.56719286170919
JUNB,4000,33,2.56719286170919
MYBPH,4000,33,2.56719286170919
N4BP3,4000,33,2.56719286170919
PHGR1,4000,33,2.56719286170919
RRP9,4000,33,2.56719286170919
SLC45A3,8000,66,2.56719286170919
TBX10,4000,33,2.56719286170919
TET1,4000,33,2.56719286170919
TEX22,4000,33,2.56719286170919
ZFP36L2,4000,33,2.56719286170919
ARHGEF19,8485,70,2.56714701979812
ZNF48,8003,66,2.56623052526221
VPS28,5580,46,2.56524104786842
ZYX,9705,80,2.56506866422163
NCAN,12133,100,2.56469869223099
PIM3,4004,33,2.56462823347571
LTBP4,35801,295,2.56407902675551
OST4,4005,33,2.56398787686311
TUBB2A,4734,39,2.56354474034792
TMEM171,4006,33,2.56334783994926
BAHD1,13232,109,2.563336099138
ZMYND10,7284,60,2.56321987090928
RELL2,4492,37,2.56310574713942
SLC37A2,8743,72,2.56257488821272
EDC4,13728,113,2.56139006651425
LLGL1,9355,77,2.56124710949072
RNASEH2A,8262,68,2.56111022492499
E4F1,13730,113,2.56101695798308
AMN,9721,80,2.56084676332382
KCNK4,9357,77,2.56069965900243
SYT5,9723,80,2.56032000270193
BSG,13370,110,2.56015244249233
RHOF,8995,74,2.5599713209895
SCO2,4863,40,2.55953026796945
TSPAN9,17266,142,2.5591819014613
CARD10,24442,201,2.55896216995359
LMF2,6445,53,2.55892463823188
HAPLN4,9121,75,2.55872348696732
PTH1R,17636,145,2.55842364411522
CHST1,8028,66,2.55823902512126
PRKD2,20925,172,2.55780556657025
PRKCSH,14964,123,2.55777277174495
ZBTB42,4505,37,2.55570943754723
GSDMD,12664,104,2.55544763125017
SULT1A3,5845,48,2.55541400030155
ARHGAP23,36654,301,2.55534573554985
SBF1,33980,279,2.55496747968275
TTYH3,14619,120,2.55427779461019
TMEM134,8164,67,2.55373809235692
FAM83F,8408,69,2.55364742752838
ECM1,5240,43,2.55353442177874
SRL,6337,52,2.55343133992048
SLC16A5,9629,79,2.55299787038555
CEND1,4023,33,2.55251589531115
GNB2,7803,64,2.55224825182836
SRC,22678,186,2.55218846340417
GAS6,10364,85,2.55209049092173
PRICKLE4,8657,71,2.55208702267707
SEMA6C,12565,103,2.55081686508745
B3GNT8,5368,44,2.55061387154415
HSPA12B,4026,33,2.55061387154415
MARVELD3,4026,33,2.55061387154415
TTC38,12079,99,2.55040271053152
EEF2KMT,8053,66,2.55029714313591
GNAZ,8055,66,2.54966392224376
MDFI,9645,79,2.54876272617341
CNFN,4029,33,2.54871468027718
NKAIN4,15141,124,2.54842392501947
PARP3,9280,76,2.54841506648247
IZUMO4,6473,53,2.54785559916645
DECR2,11364,93,2.546573828453
MPND,10143,83,2.54633895920892
PKMYT1,10877,89,2.54615844600776
TPRG1L,4035,33,2.54492476997193
PTPN23,13818,113,2.54470710906843
MFNG,15166,124,2.54422304158775
GSDMA,10519,86,2.54406699688575
PLEKHG4,10764,88,2.54397905285191
CLEC11A,4159,34,2.54386783822196
RALGDS,30093,246,2.54374849675283
AMHR2,5261,43,2.54334164039548
OTUB2,4038,33,2.54303403834491
GABRD,13590,111,2.54160508082788
UNC13A,16039,131,2.54154940426576
PHF2,4163,34,2.54142357414488
HAUS7,14082,115,2.54119532862977
CFL1,9553,78,2.54073501534744
CDHR5,8941,73,2.54062936360275
KCNAB3,10780,88,2.5402032026807
KRT15,11639,95,2.53987582878226
CCL27,5391,44,2.539732009358
SLC2A4,4412,36,2.53905170530868
SLC25A39,7723,63,2.5383941754096
SLC2A8,10911,89,2.5382243073253
ACBD4,7601,62,2.53819804293645
ARHGEF2,29058,237,2.53797403406385
CHAD,7481,61,2.53731699398898
S100A1,4538,37,2.53712450774577
COX6B2,5030,41,2.53641562335265
PEX16,10797,88,2.53620362368232
KAT2A,14969,122,2.53613046055602
CCDC12,9573,78,2.53542688829146
U2AF2,12274,100,2.53523620929107
CCND1,10556,86,2.53514974803346
ZNF687,11661,95,2.53508402119858
HMCN2,23569,192,2.53492211494124
SLC22A11,12278,100,2.53441026493229
TMEM145,8963,73,2.53439329911549
ENO3,12033,98,2.53429231681059
HPCAL4,4052,33,2.53424764235852
PTGIR,4052,33,2.53424764235852
ELAVL3,4421,36,2.53388285994614
TRERF1,4790,39,2.53357427991797
PPT2-EGFL8,11792,96,2.53330984256488
RAB26,12898,105,2.53321163703524
MMRN2,15357,125,2.53284245237014
SLC27A3,8847,72,2.5324508022656
BET1L,4178,34,2.53229926739232
NEURL4,15485,126,2.53200106124486
PLEKHG2,16102,131,2.53160544621901
DRAP1,5040,41,2.53138305267139
MAFK,9221,75,2.53097461496898
KCNJ11,4672,38,2.53096016876684
LRCH4,13034,106,2.5306535665804
ITGA5,19432,158,2.5301375559842
CSNK1E,17343,141,2.52987717340151
XKR8,4674,38,2.52987717340151
MMP17,15007,122,2.52970859359386
CYTH2,14884,121,2.52970720046592
MYO7A,32737,266,2.52840887556437
CACNA1I,8000,65,2.52829600016814
NPR1,8000,65,2.52829600016814
DES,9847,80,2.52807874340113
DPP7,10094,82,2.52787211917254
ZNF598,11207,91,2.52671680216678
CNTFR,4434,36,2.52645379427648
SPATA2L,4065,33,2.52614303735221
TMEM119,4312,35,2.5257702299382
NOC2L,10349,84,2.52572141806787
ACTL6B,8995,73,2.5253771139491
NCDN,8995,73,2.5253771139491
CDHR4,8379,68,2.52534821319134
JMJD8,5422,44,2.52521122509203
HTRA2,5054,41,2.52437091125125
HHIPL1,8014,65,2.52387921154793
UBE2S,4069,33,2.52365973134351
ARHGDIG,8632,70,2.5234293863516
SETD1A,9002,73,2.52341336813732
SHOX,16032,130,2.52324950116581
NAT16,5057,41,2.52287336077988
SUMO3,4811,39,2.52251523608544
FAM50A,9746,79,2.52234932217756
SLC26A11,15917,129,2.52193008169641
FHOD1,14437,117,2.52181633320088
SLC4A11,10616,86,2.5208214713867
PHOSPHO1,8026,65,2.52010565678359
SQSTM1,17906,145,2.51984582752239
GSK3A,22476,182,2.51974685903925
DUS1L,10746,87,2.51928304788476
RAVER1,10501,85,2.51879495742432
UNC93B1,9513,77,2.51870773775736
GAS2L1,7661,62,2.51831919127528
ACR,8034,65,2.51759621624908
PRCD,17429,141,2.51739398808322
TNKS1BP1,17555,142,2.5170512509616
SH3GLB2,14588,118,2.51704396042977
DUSP2,4823,39,2.51623902152334
MPDU1,6803,55,2.51574585889479
MYL6,5690,46,2.51564939316446
FLOT1,5938,48,2.51539151764273
MAD2L2,12371,100,2.51535762936211
HOMER3,11629,94,2.5153013912519
TMEM63B,13485,109,2.5152438460359
RBP5,5691,46,2.51520735320783
VIL1,12002,97,2.51491122778316
CDKN1C,5074,41,2.51442069086792
TMEM175,12130,98,2.51402633538185
CTU2,12502,101,2.51389090746816
IRAK1,9656,78,2.51363314018373
CBLC,7057,57,2.51338654707638
RASIP1,9905,80,2.51327525353568
TNFAIP2,13620,110,2.51315992335701
POLRMT,16597,134,2.51234774790647
GOLGA2,19571,158,2.51216764538782
SNED1,27748,224,2.51200720345821
LLGL2,36425,294,2.51161066148375
RUSC1,8673,70,2.51150034163346
BRD3,18094,146,2.51086184812338
TMEM184A,12765,103,2.51085107009979
PIAS4,12022,97,2.51072737945878
PCGF2,7189,58,2.51052215260069
FZR1,16984,137,2.51006595907848
DMPK,17604,142,2.51004514375317
CLPTM1,20954,169,2.50971446041316
CPT1B,10168,82,2.50947493813215
VILL,19840,160,2.50947493813215
IL32,6821,55,2.50910703387498
TBCB,10046,81,2.50897534128999
KRTCAP3,5086,41,2.50848812140461
TMEM235,4714,38,2.50841024787413
SPRED3,7570,61,2.50748592232913
PPM1M,7202,58,2.5059905241664
CHRM1,8444,68,2.50590865446829
ITGB4,27699,223,2.50521683054371
FGFR4,14286,115,2.50490778508781
GATA2,13419,108,2.50442569278379
LYPD4,4970,40,2.50442569278379
TTYH2,22618,182,2.50392742080495
PROSER3,13050,105,2.50370603022839
MYO15B,38283,308,2.50350983039843
PRKCZ,45127,363,2.50307988377699
ADCK5,4975,40,2.50190868203727
AHNAK,17170,138,2.50099796979134
AGAP2,12321,99,2.50030958043261
GMPPB,4107,33,2.50030958043261
VWA7,12321,99,2.50030958043261
HDAC5,23149,186,2.50026048525119
KCNQ2,49795,400,2.4996476941732
BAP1,10457,84,2.49963574214253
WDR6,9338,75,2.49926289619072
LRP1,22787,183,2.49901282731797
NAA38,8845,71,2.49784255006392
BMP1,22923,184,2.49776120876077
TFEB,23548,189,2.49753926660714
KLK15,9721,78,2.49682559424073
PACSIN1,12096,97,2.49536744013339
PTPRF,38910,312,2.49515719368945
SCNN1D,9728,78,2.49502894753435
TNNT1,15466,124,2.49487176055346
IGFBP6,5488,44,2.49484243120426
KCNIP2,18462,148,2.49452302375697
GSE1,36427,292,2.494387914456
KCNH3,13224,106,2.49429360154332
DMTN,17965,144,2.4942490673692
SNAPC4,9357,75,2.49418797954782
WDR81,14722,118,2.49413376543605
ATP2B3,19470,156,2.4932348846034
PRKCD,24963,200,2.49308891021421
PROC,8862,71,2.49305093154089
TEAD4,8614,69,2.49257807878554
ANAPC2,16488,132,2.49121092839319
CRABP1,4123,33,2.49060670551461
IBA57,11372,91,2.49005585665522
ACKR1,4000,32,2.48939913862709
ART1,4000,32,2.48939913862709
B3GALT4,4000,32,2.48939913862709
CADM4,8000,64,2.48939913862709
CSDC2,8000,64,2.48939913862709
CST6,4000,32,2.48939913862709
CTAG2,4000,32,2.48939913862709
DEXI,4750,38,2.48939913862709
ETFB,9750,78,2.48939913862709
GALR3,4000,32,2.48939913862709
GATA5,4000,32,2.48939913862709
GBX1,8000,64,2.48939913862709
GPRIN1,4000,32,2.48939913862709
INA,4000,32,2.48939913862709
KCNA7,4000,32,2.48939913862709
KCNJ12,8000,64,2.48939913862709
KCNK15,4000,32,2.48939913862709
KLHL30,4000,32,2.48939913862709
LENG9,4000,32,2.48939913862709
MYPOP,4000,32,2.48939913862709
NAT8L,4000,32,2.48939913862709
NEUROD2,4000,32,2.48939913862709
NTSR1,8000,64,2.48939913862709
OXT,4000,32,2.48939913862709
PGAM2,4000,32,2.48939913862709
PYY,8000,64,2.48939913862709
SLC35G5,4000,32,2.48939913862709
SOCS1,4000,32,2.48939913862709
SOCS3,4000,32,2.48939913862709
TMEM151A,4000,32,2.48939913862709
TMEM204,8000,64,2.48939913862709
TPBGL,4000,32,2.48939913862709
ZBTB12,4000,32,2.48939913862709
COL26A1,8002,64,2.48877694439099
GTPBP6,16004,128,2.48877694439099
EME2,7002,56,2.48868808488855
PLCD1,18381,147,2.4885865389409
FIZ1,8128,65,2.48848031512612
CFAP157,8879,71,2.48827766137126
SMTN,26265,210,2.48797743723438
FBRS,13508,108,2.48792481281209
AP5Z1,16261,130,2.48771514683538
ACADVL,11508,92,2.48766858656687
RASGEF1A,17137,137,2.48765596364526
FAM78A,12885,103,2.48746712532586
PDGFRB,18890,151,2.4874223791205
DEFB124,5630,45,2.48718830457857
AHDC1,17017,136,2.48691222640069
PKD1,33538,268,2.4865785420719
TWF2,14892,119,2.48655735878847
PRAP1,4005,32,2.48629127453392
CCDC28B,6635,53,2.48564721829758
CD93,4132,33,2.48518186031867
FBXL19,10894,87,2.48505742909579
ATP1A3,16155,129,2.48477629900104
REEP6,8015,64,2.48474025065711
R3HDM4,9268,74,2.48456431077909
NEIL1,11648,93,2.48448360117959
YTHDF1,4008,32,2.48443027807095
SLC25A1,4259,34,2.48413860980632
OLFM1,18290,146,2.48395485401555
SYNDIG1,8270,66,2.48337882632086
FAM83E,4261,34,2.48297262125443
SMKR1,4261,34,2.48297262125443
NCLN,16042,128,2.48288157449404
AMIGO1,4011,32,2.48257206544711
LGALS3BP,9151,73,2.48232620915443
MIEF2,4513,36,2.48222825699577
CASZ1,24571,196,2.48220580751144
PFKFB4,17552,140,2.48202398165303
TSPO,4388,35,2.48202398165303
SPRYD3,11660,93,2.48192667122984
ARL6IP4,5893,47,2.48179534013815
CPLX1,12037,96,2.48174708511465
RFX1,8777,70,2.48174119437017
GRAMD4,21199,169,2.48070931664216
CTRL,8532,68,2.48006243299698
ZNF524,4266,34,2.48006243299698
KLF11,5396,43,2.47971096555237
RILP,5020,40,2.479481213772
FGF22,4016,32,2.479481213772
SHARPIN,12802,102,2.47928753456455
SFTPC,10167,81,2.47911540066876
IL17RB,4017,32,2.47886396676832
PNPLA5,4018,32,2.47824702700556
EBF4,14691,117,2.47821539734675
IL2RB,18334,146,2.47799357913954
SLC12A7,21348,170,2.47797131796073
DUSP15,8666,69,2.47762145980367
PDZD7,5527,44,2.4772381513387
ADORA1,16583,132,2.47693938294319
NBL1,11056,88,2.47679002576863
RIN1,7287,58,2.47675912653306
HEMK1,8418,67,2.4766830346878
PILRA,12942,103,2.47651166047162
ARID3C,4021,32,2.47639804887052
PRKACA,21992,175,2.47615524542868
SEZ6L2,12196,97,2.47490690028316
SLCO4A1,14082,112,2.47490327657856
PCBP4,14585,116,2.47489115598854
CFAP46,22004,175,2.47480486081929
SYMPK,22645,180,2.47345906907085
SPPL2B,20130,160,2.47332254210342
OSM,5033,40,2.47307683153893
HSF4,9689,77,2.47295558977043
OBP2A,4029,32,2.47148090208696
RHD,4155,33,2.47142513762617
PLEKHF1,5415,43,2.47101022532236
ARMC12,8060,64,2.47086763139165
SASH3,4030,32,2.47086763139165
VPS9D1,11967,95,2.47026111566781
RAB40C,12975,103,2.47021301809817
KAT5,10710,85,2.46964200260624
POLR2E,9450,75,2.46964200260624
RASA4B,9579,76,2.46886854754748
HDAC7,34914,277,2.46879318253317
UBL5,4034,32,2.46841758911957
TPSAB1,5673,45,2.46833600472014
SLC19A1,28870,229,2.46827330596468
SLC22A8,14380,114,2.46689413946008
PDGFB,8073,64,2.46688877852307
MAF1,6181,49,2.4668451260461
TRIM29,19808,157,2.46640034811978
POU2F2,26246,208,2.46606635694217
GLI1,9590,76,2.46603668581411
NFIC,24736,196,2.46564840299012
ADAMTSL2,6689,53,2.46558069867012
ABCD1,8961,71,2.46550801867151
CIDEB,8961,71,2.46550801867151
ISOC2,6312,50,2.46494686571915
PEMT,21714,172,2.46486513219501
CRAT,10731,85,2.46480904369703
KLK11,7828,62,2.46459419064383
TNS4,10227,81,2.46457086913066
ADAMTS10,20587,163,2.463763901954
LOXL3,10231,81,2.46360729924731
GSTT2B,4042,32,2.46353205208025
ZMIZ1,12000,95,2.46346789759972
MSI1,9095,72,2.46339661876237
PRDM16,20340,161,2.4630854309179
ARHGAP4,24383,193,2.46305845135457
EIF4E1B,11245,89,2.46283374097166
PVALB,8088,64,2.46231368805845
ADAMTS14,4297,34,2.46217043033864
MEF2D,15676,124,2.46144977345751
ZACN,4046,32,2.46109652854878
TCF20,25037,198,2.46086306989737
PTOV1,13404,106,2.46079816374283
RABEP2,9484,75,2.46078837248302
DDX51,8346,66,2.46076478476797
GDPD3,9105,72,2.4606910760729
TBC1D24,16819,133,2.46068498006275
KLHDC8B,7335,58,2.46055129584818
PRICKLE3,9739,77,2.46025944237455
RING1,5060,40,2.4598805717659
DOCK6,36565,289,2.45944328956389
ACSF2,21256,168,2.45941766612575
DCST2,10755,85,2.45930877246981
RET,12022,95,2.45895980462458
ROGDI,6328,50,2.45871438312568
ALKBH6,4936,39,2.45863468411812
FAAP100,10758,85,2.45862296411162
TNF,4177,33,2.45840829467004
BIN1,12405,98,2.45829419171155
SH2D6,17094,135,2.4575061696696
SLC2A6,4052,32,2.45745225925675
CLDN7,6838,54,2.45736241382463
KIF1A,47491,375,2.45710944438198
SPSB3,9245,73,2.45708676473469
S100A4,8743,69,2.45580093453719
HS3ST6,6716,53,2.45566844749918
BCL2L12,8871,70,2.45544385784996
UVSSA,25600,202,2.45536438477867
CRTC2,10519,83,2.45532047373857
MED16,14070,111,2.4548978712474
LDB3,22822,180,2.45427572601479
MYO7B,12172,96,2.45422195723998
RCN3,8623,68,2.45388990819091
PLK3,8244,65,2.45346530826602
NDUFS7,8498,67,2.45336759072745
PRTN3,6342,50,2.45328675755587
SMPD3,13319,105,2.45313940194313
IGSF8,7611,60,2.45309335694431
CSK,16241,128,2.45245897531146
STK16,4441,35,2.45240288932527
GGT1,35532,280,2.45212681109839
PRDX5,4061,32,2.4520060464192
SEMA4C,12310,97,2.45198737253074
TONSL,5584,44,2.45195115731536
MIF,4315,34,2.45189949922714
NHP2,4315,34,2.45189949922714
BSN,8000,63,2.45050227708604
GUCY2D,8000,63,2.45050227708604
SEMA7A,8254,65,2.45049285211353
IRX5,5207,41,2.45019600258572
DPEP1,23115,182,2.45009000232603
RAPGEF3,24142,190,2.44897811044625
ISG15,8007,63,2.44835996211919
KATNB1,11444,90,2.44719855903135
VMO1,4069,32,2.44718519403007
ST6GALNAC4,8647,68,2.44707906537877
WNK4,12717,100,2.44692059706209
LTB4R,7250,57,2.44647846382317
FASN,16282,128,2.44628339381117
CDT1,5979,47,2.44609799957086
OLFM2,12213,96,2.44598294141694
KRT18,6871,54,2.44556020750005
PRODH,15906,125,2.44542069288622
ATP2B2,28125,221,2.44514315394038
AIF1L,9673,76,2.44487664808822
ATG16L2,12346,97,2.44483756324748
SLC25A42,16038,126,2.44469612379203
TCF7,18202,143,2.44467693676295
ASB2,16806,132,2.44407269947322
BST2,5093,40,2.44394182076094
ACVRL1,12097,95,2.44371453841421
SPRY4,4839,38,2.44361353760667
DGKZ,32988,259,2.4431398421563
DTX3,6878,54,2.44307126864392
DAGLA,4076,32,2.44298247166544
KLF10,5350,42,2.44286831360602
TECPR1,28794,226,2.44236735660955
GPSM3,6880,54,2.44236107350768
FCGRT,9683,76,2.44235173158704
ADAMTS7,12232,96,2.44218358923521
SLC26A1,6245,49,2.44156440738045
ALDOA,9304,73,2.44150549655763
SGF29,8540,67,2.44130184847797
IRF5,14149,111,2.44119111233662
LPCAT4,8541,67,2.44101601522092
DPYSL4,12111,95,2.44088966816916
AQP7,12497,98,2.44019680308729
FAM3A,12242,96,2.44018866717244
ARRB2,10840,85,2.4400245247152
CELF5,18620,146,2.43993202362752
OAZ1,7015,55,2.43971761625962
SLC38A8,9439,74,2.43955313405028
ZFP36,4592,36,2.4395244172086
APLP1,15311,120,2.43883398075934
MSX1,6763,53,2.43860258663381
SHC1,12633,99,2.43855888074964
NTRK1,20163,158,2.43840861914819
TBC1D10B,13784,108,2.43810855857993
RNF123,21060,165,2.43797992564975
INHA,7148,56,2.43785589960683
DSCAML1,8170,64,2.43760013574256
TMEM132A,14171,111,2.43740124539206
ELF3,9833,77,2.43674023281661
BTNL9,9323,73,2.43652978011071
PKDCC,9068,71,2.4364156765897
ASL,14433,113,2.43627539895431
HAP1,8817,69,2.43518969838478
KIF21B,8306,65,2.43515145694018
CA11,9074,71,2.43480464572575
ATXN7L3,8820,69,2.43436140256901
CDC42EP1,7926,62,2.43412103511985
FBLIM1,14702,115,2.43403024199186
LMAN1L,15472,121,2.43356786270261
FBXL6,6522,51,2.43329032639492
CKMT1B,4988,39,2.4330033682452
KIRREL2,5245,41,2.43244434422571
SIGLEC10,4222,33,2.43220545874864
ADGRL1,20985,164,2.43186477683371
TMEM255B,17148,134,2.43162092209026
NCOR2,48631,380,2.43150375449377
LILRB4,12158,95,2.43145375647283
INPP5A,20352,159,2.43105384631552
TST,4736,37,2.43105384631552
SYNGR4,8065,63,2.43075241372453
ROBO4,9475,74,2.43028411950402
DSN1,4098,32,2.42986738763015
NTHL1,11398,89,2.42977411977771
CARD19,10250,80,2.42868208646545
ARHGEF17,20372,159,2.42866718438118
UNC5B,4357,34,2.42826402092383
ASMTL,18454,144,2.42815565705471
CAPN11,8074,63,2.42804288044195
PTPRS,25504,199,2.4280035905485
PSME2,7306,57,2.42772637047879
SLIT1,8336,65,2.42638771609226
LASP1,16031,125,2.42635278778917
ZNF276,16929,132,2.42631494992894
CAPN15,12569,98,2.42621843012028
NR4A1,23859,186,2.42585732734313
ZNF554,8082,63,2.42563947249299
ZGPAT,9624,75,2.42499136789578
MLX,5005,39,2.42473942074067
APBB3,14632,114,2.42440799107682
CIDEA,4364,34,2.42436900530823
FIBCD1,10910,85,2.42436900530823
MAPK13,7060,55,2.42416700822397
PIK3R5,23751,185,2.42378658080718
TIMP1,6934,54,2.42334066710886
RAET1G,4111,32,2.4221835452465
TEF,8993,70,2.42213304381041
INTS1,21844,170,2.42170535139286
ETNK2,16191,126,2.42159449282791
PNPLA7,16324,127,2.42092693737473
STRN4,25460,198,2.41997756013435
ANO7,16847,131,2.41965399744872
ATG9B,10675,83,2.41943944386473
C15orf39,14406,112,2.41924114541019
ACY1,9133,71,2.41907558910713
RAB1A,4245,33,2.41902743152809
YIF1A,7849,61,2.418355004718
S1PR5,4504,35,2.4180997405625
ZCCHC24,5405,42,2.41801026416137
SLC27A4,4119,32,2.4174791343793
SGSH,19052,148,2.41727294061522
EFHD2,4377,34,2.4171684576571
SULT1A2,8755,68,2.41689236759912
AP3D1,33225,258,2.41634679370124
RBFOX3,63755,495,2.41599202733199
RNF167,8372,65,2.41595413298436
SRRT,14558,113,2.41535669962272
TMEM92,7473,58,2.41511357621389
HSPG2,47029,365,2.41508081608924
RNH1,12371,96,2.41474332418762
E2F3,5800,45,2.41428795772024
CLCN7,18564,144,2.41376774915361
DMKN,19725,153,2.4136759709122
TMEM97,4255,33,2.41334229067844
SEC14L2,10836,84,2.41220846766191
SLC44A4,13417,104,2.4120286801932
CASQ1,10063,78,2.41196875699236
JAK3,19481,151,2.41196082036786
TMEM198,4387,34,2.41165861389677
ANKRD39,4000,31,2.41160541554499
CEACAM4,4000,31,2.41160541554499
CHST3,4000,31,2.41160541554499
DYNLL2,4000,31,2.41160541554499
E2F1,4000,31,2.41160541554499
FAM167B,4000,31,2.41160541554499
GAL3ST2,4000,31,2.41160541554499
GDF7,4000,31,2.41160541554499
GJA4,4000,31,2.41160541554499
GNG3,4000,31,2.41160541554499
HSPA1L,4000,31,2.41160541554499
LENG1,4000,31,2.41160541554499
LRRC10B,4000,31,2.41160541554499
NYNRIN,8000,62,2.41160541554499
PRLHR,4000,31,2.41160541554499
PROZ,8000,62,2.41160541554499
PRRX2,4000,31,2.41160541554499
RAET1L,4000,31,2.41160541554499
REM2,4000,31,2.41160541554499
SCUBE3,4000,31,2.41160541554499
SLC5A5,8000,62,2.41160541554499
TP53TG5,8000,62,2.41160541554499
TREX2,4000,31,2.41160541554499
ST6GALNAC6,10325,80,2.41104032796812
SHPK,4001,31,2.41100266487877
TUBB4B,4001,31,2.41100266487877
ANKRD33B,4260,33,2.4105097293044
CHD5,19495,151,2.4102287120588
SLC4A1,8007,62,2.40949710557761
CD209,5941,46,2.40936627623393
PRKAR1B,21182,164,2.40924758482935
CORO1B,7622,59,2.40872719068155
FZD10,4005,31,2.40859467220474
TMEM121,4522,35,2.40847439882652
UBE2I,22612,175,2.40826137261045
CDK16,14344,111,2.40800425602697
VAC14,24943,193,2.40775986125881
ACAP1,16544,128,2.40754268726024
MCOLN1,14347,111,2.40750073523739
IRX2,8015,62,2.40709211782407
TP53I11,18366,142,2.40590410054616
CCNO,4011,31,2.40499168840189
CHRNE,10869,84,2.40488462191411
PDLIM4,12293,95,2.40475187270777
LACRT,5694,44,2.40458294036688
DENND4B,17988,139,2.40456471167699
CCM2L,4012,31,2.40439223882851
HSD17B1,4012,31,2.40439223882851
C1orf159,20580,159,2.40412088825138
CACNA1S,8025,62,2.40409262608847
MIEF1,8025,62,2.40409262608847
PLIN5,12039,93,2.40379308800896
TTYH1,22525,174,2.40374833585524
LZTR1,20326,157,2.40354511933271
JRK,8027,62,2.40349362456209
QSOX1,8028,62,2.40319423571997
CDH24,9712,75,2.40301862897745
ZNHIT1,6216,48,2.40289492145472
CHD3,25512,197,2.40284782802964
ZNF710,9454,73,2.40276783794925
JDP2,8418,65,2.40275219783144
LTB4R2,8031,62,2.40229651654339
SLC27A1,18265,141,2.40217135605269
TMEM63A,23188,179,2.40211772152756
VASP,16193,125,2.40207877113866
SCUBE1,12049,93,2.40179807341189
GMFG,8552,66,2.40149004837155
TLE2,23717,183,2.40102058844266
SLC12A5,23849,184,2.40077907620542
CALM3,10888,84,2.40068800106396
PRDM11,12704,98,2.40043603968686
CLSTN3,25021,193,2.40025395545256
INHBE,7649,59,2.40022468915868
CNOT3,18152,140,2.39998264246221
ESRP2,9596,74,2.39963964488334
TFAP2C,4928,38,2.39948171844129
UBXN6,15174,117,2.39933191000535
SBK1,8560,66,2.39924566514877
SLC18A2,4021,31,2.39901060984331
GMPPA,10379,80,2.39849613510655
RBP7,4022,31,2.39841413778716
APEH,12587,97,2.39802689726332
RABL6,23359,180,2.39785438670789
HTRA3,4023,31,2.39781796226199
PWWP2B,8048,62,2.39722208304671
PLXNA1,13892,107,2.39675449749045
MXD4,8310,64,2.39653346678901
MPI,4545,35,2.39628629955853
SNX33,5844,45,2.39611056721036
PRKCG,11039,85,2.39603821432311
SYT15,11954,92,2.39485444990894
NUPR1,8057,62,2.39454428749658
WDR46,9878,76,2.39413766116191
ITGAX,12088,93,2.39404905580244
TPRN,12088,93,2.39404905580244
MAGIX,5980,46,2.39365301791066
ZFHX2,11311,87,2.39344139621338
ANXA8L1,8192,63,2.39306862996684
BTBD19,8975,69,2.39231950648007
SAMD8,8198,63,2.39131717695637
MGAT5B,18609,143,2.3912090710387
IKBKE,6378,49,2.39065063093304
FERMT3,16663,128,2.39034904987298
CYP1A1,4166,32,2.39020560597896
APOA1,4036,31,2.39009456446481
FAM83G,8984,69,2.38992292638676
LRPAP1,4297,33,2.38975365297574
HOOK2,22139,170,2.38943636550095
ANKRD13D,14329,110,2.38880858092836
FAM53A,20322,156,2.38870599366343
GRIK3,12386,95,2.38669584782793
RHOD,4042,31,2.38654667545274
ICOSLG,8345,64,2.3864820981446
SARDH,17603,135,2.38644608670864
FADS3,18130,139,2.38573138630147
AQP3,8087,62,2.38566134838134
RUSC2,8348,64,2.38562447400775
PPP2R3B,44350,340,2.38555723543746
SOAT2,4045,31,2.38477667791841
AMPD2,18534,142,2.38409597014302
PLEKHM2,11095,85,2.38394464604892
ERCC2,14099,108,2.38363631260839
TMEM132E,8095,62,2.383303684294
PEPD,36043,276,2.38282801882847
SYTL1,13452,103,2.38262071883911
LIMS2,31483,241,2.38202042534514
VASH1,12933,99,2.38199291274339
TPD52L2,8101,62,2.38153849208245
IDUA,16594,127,2.38153617727522
GAL3ST1,18297,140,2.38096326862185
SLC39A5,8757,67,2.38080595934702
CRHR1,22353,171,2.38048166188673
ADCY3,29806,228,2.38032193017755
SLC13A2,4445,34,2.38019040251184
ATXN7L2,10067,77,2.38010000092239
PRAM1,9154,70,2.37953271389415
NT5DC2,13994,107,2.3792849420564
PDZD4,8895,68,2.3788524652423
CAMK1D,4186,32,2.37878560786153
ITIH1,16744,128,2.37878560786153
RNPEPL1,12689,97,2.37875045755012
PITX1,6803,52,2.37852335750053
EXOC7,23026,176,2.37847568182906
PRR7,5889,45,2.37780101116953
STMN3,9030,69,2.37774834669531
RAB24,11910,91,2.37757474407079
KNDC1,24344,186,2.37752752107623
TWIST1,4712,36,2.3773973098094
TBX21,4189,32,2.3770820134897
PACS2,34183,261,2.37593677844861
SGSM1,9431,72,2.3756327269265
UBE2F-SCLY,4061,31,2.3753808574686
CYP26B1,8778,67,2.37511025131031
FUT2,4062,31,2.37479607636139
AAMP,8257,63,2.37423013403032
GPER1,9306,71,2.37410459438163
ZNF580,5112,39,2.37398685461797
ENGASE,12978,99,2.37373357532056
TUBB3,13373,102,2.37342698104355
RAB42,4065,31,2.37304345933087
LDB1,12983,99,2.37281940541556
ABHD8,8000,61,2.37270855400394
ANHX,8000,61,2.37270855400394
GNG7,8000,61,2.37270855400394
KCNJ14,8000,61,2.37270855400394
NMUR1,8000,61,2.37270855400394
RAB33A,8000,61,2.37270855400394
TNNC2,8000,61,2.37270855400394
GGTLC2,6164,47,2.37268331269211
PLA2G15,11411,87,2.37246653514763
GPR132,9706,74,2.37244405855147
FNDC5,9709,74,2.37171099313014
RNF44,10497,80,2.37153390361731
CREB3,4068,31,2.37129342728121
CANT1,14698,112,2.37117893188048
EPN1,13521,103,2.37046179349336
MYOZ3,11290,86,2.37033133217371
SMIM22,8403,64,2.37000989039828
CYB5R3,35713,272,2.36999329973178
TMEM201,13525,103,2.36976073270416
C1orf54,8010,61,2.36974637104014
GFER,4465,34,2.36952885535613
KLK2,14843,113,2.36897950772132
RAD23A,10509,80,2.36882590030173
EDN2,4598,35,2.36866490463104
PNMA3,4073,31,2.36838243608641
PROCA1,9724,74,2.36805245087418
CYP2D6,4074,31,2.36780109528227
FOXA3,4337,33,2.36771303823766
GRIK5,16035,122,2.36752958304104
TRAPPC1,4206,32,2.36747421647845
RBM10,12226,93,2.36702641800588
SLC10A3,4076,31,2.3666392694259
C1orf167,23933,182,2.36634899109039
MSRB1,5260,40,2.36634899109039
SORBS3,29719,226,2.36634899109039
MTFR1L,14992,114,2.36619115030923
WDR83,9471,72,2.36559943486895
TMPRSS13,4078,31,2.36547858317312
BAIAP2,35389,269,2.36531255577541
HYPK,12104,92,2.36517598266784
KCNG1,8026,61,2.36502223175075
PILRB,4737,36,2.36485035335062
SAT2,4737,36,2.36485035335062
DUS3L,9606,73,2.36474777638686
NLRP10,5790,44,2.36471420767685
NAB2,7106,54,2.36468395521149
OPN4,6843,52,2.36461996216222
CERCAM,17503,133,2.36452383475263
HSD17B14,8687,66,2.36416978170525
ARAP3,13952,106,2.3641441074261
TMEM147,4081,31,2.36373968688556
CHST8,8031,61,2.36354979853462
DNM1,39235,298,2.3634540057056
ZNF316,8032,61,2.36325553187644
AMZ1,12509,95,2.36322765778213
SLC17A9,11063,84,2.36271273213273
TRIOBP,20547,156,2.36254845978626
SLC35E4,4742,36,2.3623568375837
BCKDK,12382,94,2.36233563873916
KANK2,15280,116,2.36232248102701
SCN1B,10804,82,2.3617494604709
HDDC3,6720,51,2.36159516499222
PRSS36,10673,81,2.36158214921758
KCTD21,8038,61,2.36149146952371
RANBP1,10015,76,2.36138710104417
YIPF2,8699,66,2.36090848300649
ZFYVE21,15031,114,2.36005174143011
KIF1C,12004,91,2.35895661461872
PLCD3,14380,109,2.35869702808026
FLOT2,14512,110,2.35868509896103
ZBTB48,11479,87,2.35841237325286
GFAP,11875,90,2.35837813133093
GRM6,13987,106,2.35822825386494
NME3,4355,33,2.35792685346423
MLF2,10823,82,2.35760336052182
ETV4,12938,98,2.35702113527453
DBNDD1,9641,73,2.35616296441989
FBLN2,22320,169,2.3561181363574
ALG12,10170,77,2.35599476000843
CORO7,19153,145,2.35578548465598
CBLN3,5286,40,2.35470974141798
CACNA1F,13349,101,2.35438340888209
BCAP31,14410,109,2.35378648603706
ZNF135,4495,34,2.35371442473084
ELANE,5289,40,2.35337411479211
CERS2,11372,86,2.35323960079504
ALDH3B2,15736,119,2.35319091173602
CNTN2,22883,173,2.35254365130493
GRM2,8204,62,2.35163863046806
SULT1A1,13497,102,2.35162176909649
NAGS,5426,41,2.35130309352448
TRIM8,16411,124,2.35120874101029
NOVA2,8735,66,2.35117835073537
RASAL1,8735,66,2.35117835073537
TELO2,12843,97,2.35022693730853
THRA,19863,150,2.34990856614096
ADGRG1,35093,265,2.34979473020324
LOXL1,9933,75,2.34955370226809
SS18L1,10066,76,2.34942298996199
PAPLN,19472,147,2.34915310046594
BCAN,12853,97,2.34839839382661
NMRK2,7553,57,2.34833428607414
SH2B1,17625,133,2.34815663430782
ADCY4,21603,163,2.34789184138902
SLC25A45,9676,73,2.34764025836835
NEU1,4109,31,2.34763243177901
MZT2A,4772,36,2.34750547439688
CLEC18B,8086,61,2.34747321692203
NDUFS8,9412,71,2.34736690982952
ATP6V0B,5568,42,2.34722440333912
TMEM208,5568,42,2.34722440333912
JPH4,8220,62,2.34706123167396
TNNT2,23467,177,2.34703864755292
AIF1,4774,36,2.34652202007162
AP1M1,20555,155,2.34649030945754
LMNA,37265,281,2.34644156029187
EVA1B,4509,34,2.34640637373367
SYT6,5440,41,2.34525194585732
ELP5,7167,54,2.34455758137754
DNMT3A,22961,173,2.34455190857588
PDE2A,38756,292,2.34449036432781
DOT1L,16194,122,2.34428410918013
ABCG5,4115,31,2.34420939542648
PAQR4,5708,43,2.34416965138763
CHADL,5310,40,2.34406698552457
ABR,70104,528,2.34366574160373
KLF13,16732,126,2.34329646386425
MAP3K12,18724,141,2.34328454487836
LRWD1,8633,65,2.34291300838006
ARF3,5047,38,2.34290586655016
LPIN3,13016,98,2.34289639276136
RTN2,12486,94,2.34265896835402
VARS2,17003,128,2.34255050391304
S100A14,5048,38,2.3424417409823
TMEM253,7572,57,2.3424417409823
NFKBIE,8237,62,2.34221723010318
CAMTA2,22187,167,2.34219168967596
RNF166,12225,92,2.3417660608762
DOK4,15017,113,2.3415304543589
FLAD1,12625,95,2.3415140412829
MAN2B1,21662,163,2.34149697394178
GIPC3,4120,31,2.34136448111164
S100A6,4253,32,2.34131120491614
MED25,10101,76,2.34128223116101
ZMIZ2,17946,135,2.34083419504804
SLC12A4,20073,151,2.34082642064396
RHBDL3,9972,75,2.34036471366115
SLC26A9,17551,132,2.34032737663649
ZDHHC11,16491,124,2.33980271958765
MYBBP1A,16624,125,2.33980158451926
TRABD2B,11173,84,2.33945144147359
SUN2,21017,158,2.33932687766499
NT5DC4,12637,95,2.33929055718894
HPN,13306,100,2.33860583442346
ENO2,12244,92,2.3381321540519
PPIE,12111,91,2.33811536635151
ASIC1,20097,151,2.33803098679337
TNFRSF1A,10382,78,2.33785798512947
MVD,13577,102,2.33776526607464
JPH3,9052,68,2.3375930930546
TSC2,41011,308,2.33697951371932
PTPN5,13582,102,2.33690465450562
CETN2,5060,38,2.3368865431776
OTOG,12918,97,2.33658186684111
GNAI2,32230,242,2.336466768336
SELENBP1,8391,63,2.33631488698466
CEACAM8,4131,31,2.33512991096102
TMEM43,10928,82,2.33495069280085
ALG1L2,8130,61,2.33476856482553
INPP5E,12662,95,2.33467183471779
GRM4,35060,263,2.33425546726656
ABCC3,31063,233,2.33408717485478
ANGPT4,4000,30,2.3338116924629
APOL6,4000,30,2.3338116924629
BMP8A,4000,30,2.3338116924629
C15orf62,4000,30,2.3338116924629
CCL24,8000,60,2.3338116924629
CD248,4000,30,2.3338116924629
CDK5R1,4000,30,2.3338116924629
CEL,4000,30,2.3338116924629
CYP2A13,4000,30,2.3338116924629
DISP2,8000,60,2.3338116924629
ENPP7,8000,60,2.3338116924629
GDF6,4000,30,2.3338116924629
GRK1,8000,60,2.3338116924629
HELZ2,12000,90,2.3338116924629
IER5L,4000,30,2.3338116924629
KCNK3,4000,30,2.3338116924629
LOXL4,4000,30,2.3338116924629
MEX3B,4000,30,2.3338116924629
MYBPC2,8000,60,2.3338116924629
NELFB,4000,30,2.3338116924629
OTOP3,4000,30,2.3338116924629
OXER1,4000,30,2.3338116924629
PITX3,4000,30,2.3338116924629
RBPMS2,8000,60,2.3338116924629
SESN2,4000,30,2.3338116924629
SLC24A3,4000,30,2.3338116924629
SLC35G6,4000,30,2.3338116924629
SNAI3,4000,30,2.3338116924629
SNN,4000,30,2.3338116924629
SOX12,4000,30,2.3338116924629
TEX29,8000,60,2.3338116924629
TTLL8,8000,60,2.3338116924629
VSIG8,8000,60,2.3338116924629
XKR7,4000,30,2.3338116924629
ZBTB39,4000,30,2.3338116924629
ZNF77,4000,30,2.3338116924629
ZNF865,4000,30,2.3338116924629
LPAR5,8001,60,2.33352000246259
ATP6V1B1,25872,194,2.33333059337148
WNT9B,8003,60,2.33293684114747
SLC43A1,14807,111,2.33270838444323
PNKP,14407,108,2.33267775188906
DDT,10005,75,2.33264536977801
RECQL4,9472,71,2.33249760930273
PTPN6,12675,95,2.3322772995027
TEKT4,4003,30,2.33206264547879
TAOK2,16413,123,2.3319631850601
USP2,17348,130,2.33183859826436
RAPSN,8007,60,2.33177139249446
NDST2,8274,62,2.33174321058254
GPX4,5472,41,2.33153702219734
SPDEF,4004,30,2.33148021225064
FTSJ1,9611,72,2.33114059386576
TTC16,8010,60,2.33089806987555
AOC3,6943,52,2.33056235072391
ACP5,6676,50,2.33054892396934
C1orf35,6409,48,2.33053437849314
RGS14,12685,95,2.3304386890971
LGI3,4407,33,2.33010470770064
CARD11,16694,125,2.32999050802973
CAMKK1,8148,61,2.32961075503578
RELA,7347,55,2.32947040670495
IGSF9,9485,71,2.32930072275334
RIMS4,4275,32,2.32926235193178
BOLA2,4008,30,2.32915338569151
EMC10,4543,34,2.32884577133285
HCST,4009,30,2.32857240455265
FRS3,10290,77,2.32851960245731
C17orf99,12963,97,2.32847061296409
IDH3G,10424,78,2.32843837314026
STAC2,4277,32,2.32817314811979
INO80E,8559,64,2.32681307501071
SPATC1,4146,31,2.32668153935841
P2RX6,12037,90,2.32663789229499
ANKRD2,4280,32,2.32654125105335
TSPEAR,8025,60,2.32654125105335
CISH,4013,30,2.32625137549254
PLEKHG4B,12308,92,2.32597417080042
FKBP5,8027,60,2.32596157215687
SERPINH1,9366,70,2.32567184101933
WDR83OS,4014,30,2.32567184101933
CPA1,8296,62,2.3255597064079
NEURL1,14853,111,2.32548394589988
FKBP10,9903,74,2.32524911969106
FIBP,6959,52,2.32520396624171
TFR2,14855,111,2.32517085482671
CUEDC1,25968,194,2.32470460226844
RUNDC1,4016,30,2.32451363791125
THOP1,16200,121,2.32420752911943
PSME1,5357,40,2.32350115608278
GML,4554,34,2.32322054000113
XYLB,12055,90,2.32316385811321
ZNF358,8841,66,2.3229886770358
FAM131C,4019,30,2.32277849461348
GZMM,4019,30,2.32277849461348
LHPP,20095,150,2.32277849461348
SMC1B,4020,30,2.32220068901781
GRAMD1A,23049,172,2.32209993841305
CDC37,14609,109,2.32172381845397
PTGIS,4021,30,2.32162317081611
NDRG2,19034,142,2.32146867240889
SLC25A11,5496,41,2.32135563782093
PIK3CD,26948,201,2.32099426146674
MTG1,8179,61,2.32078107739718
KLK5,4425,33,2.32062631566932
DMRTC2,8582,64,2.32057715089917
TTC31,8046,60,2.32046899573741
PUF60,16233,121,2.31948265704027
DAB2IP,32872,245,2.31923365236233
NPPA,4562,34,2.31914650135141
CPAMD8,27507,205,2.31907706864868
UNKL,26972,201,2.31892901371814
NKX2-2,8857,66,2.31879224270898
GCKR,9260,69,2.31868980244694
FXYD1,6041,45,2.31797221565591
LRRC4,5102,38,2.31764913925493
SH3TC1,28467,212,2.31738775331499
CD177,4029,30,2.31701334570652
DYRK1B,8058,60,2.31701334570652
GALNS,20147,150,2.31678333495101
AIP,8462,63,2.31671215040042
RAB3A,4030,30,2.31643840442967
HIF3A,20291,151,2.31567733190017
TYK2,24054,179,2.31563589119403
SPTBN4,21639,161,2.31522517976201
FAM20C,15054,112,2.31510481870461
SIGLEC15,12097,90,2.31509798376083
MPO,10350,77,2.31502093809524
SLC12A9,16807,125,2.31432507532863
ECH1,9547,71,2.314173809083
CBX8,8606,64,2.31410563665079
SLC25A29,16811,125,2.31377440610602
STAT6,25558,190,2.3132964059157
ALOX15,7130,53,2.3130812473218
TMEM259,13187,98,2.31251531418684
CLUH,18705,139,2.3123929448621
PIN4,4441,33,2.31226558136382
CCDC157,8479,63,2.31206725046448
ZNF555,4038,30,2.3118491257681
CES3,10230,76,2.31175873088537
RCC2,5116,38,2.31130686248606
LRP3,14406,107,2.31123930856152
DEF8,17774,132,2.31096465552757
MARVELD1,5521,41,2.31084415603402
ABHD14A,7677,57,2.31040365542764
LAMTOR2,4714,35,2.31037785988407
GALNT9,20607,153,2.31036824992687
PHF23,5928,44,2.30966519272081
BBC3,9567,71,2.30933598362239
LMO1,8490,63,2.3090716391859
CXCL16,7548,56,2.30866374806434
MT1G,4044,30,2.30841908255479
ZNF142,4179,31,2.30830860545106
ZNF513,5797,43,2.30818015699855
ASB6,4045,30,2.30784839798556
SLC5A10,9843,73,2.30780932032634
VAT1,12810,95,2.30769826473042
NOC4L,10384,77,2.30744093887574
SFMBT2,6743,50,2.30739205345088
SSNA1,4046,30,2.30727799551448
CFAP77,4181,31,2.30720441573307
MYH7B,14438,107,2.3061167391008
GPRIN2,5128,38,2.30589818808086
TWIST2,4184,31,2.30555011046366
DHRS3,19437,144,2.3053549670879
FOSL1,4185,31,2.30499920243249
PSENEN,4051,30,2.30443020731957
SIRT7,11073,82,2.30437471064099
MORN1,14586,108,2.30405103328299
SULT4A1,8107,60,2.30300894778625
C16orf95,12028,89,2.30250793292537
SEC14L5,8925,66,2.30112525419311
TRMT112,4733,35,2.30110315476305
SCN4B,11901,88,2.30093189857138
CCDC74B,9061,67,2.30092901291269
TMEM143,8385,62,2.30087576915444
CD68,5004,37,2.30085352041373
SLC35A2,6086,45,2.30083308491248
NLRC3,8115,60,2.30073857544093
ATG4D,12041,89,2.30002204278933
HOXB7,10691,79,2.29939355476031
KCNAB2,39789,294,2.2992640766178
PET100,4737,35,2.29916006575755
ATP13A2,23283,172,2.2987622505898
CNKSR1,13809,102,2.29848931982731
SLC2A1,14489,107,2.29799941190816
IGLL1,4063,30,2.29762411268806
MST1R,12460,92,2.29759952602019
PDXK,27636,204,2.29699225774319
SYDE1,7180,53,2.29697343919282
EMP3,11923,88,2.29668628070938
DUOX2,10162,75,2.29660666449803
CLIP3,8672,64,2.29649367032019
PFDN6,4473,33,2.29572355171848
ATP8B2,13962,103,2.29558902090129
RAC2,12200,90,2.29555248438973
NOSIP,16676,123,2.29518540155862
PMEPA1,10982,81,2.29513442711703
TSKS,8000,59,2.29491483092185
KHNYN,10171,75,2.29457446904227
GLYCTK,7595,56,2.29437708629225
KCNC4,13834,102,2.29433562364431
ARRB1,28490,210,2.29367242502496
RAB40B,15874,117,2.29352793262071
NOXO1,8548,63,2.29340409647734
MAP3K6,13569,100,2.29327800374667
GGA1,24291,179,2.29304292646581
VPS37C,4479,33,2.2926482355072
ACTN4,16833,124,2.29226440020911
CALML4,20635,152,2.29215331397697
PATZ1,7061,52,2.29161512548875
ZDHHC1,12359,91,2.29119792878737
FOSL2,7063,52,2.29096621847318
CDH16,6521,48,2.2905067983074
CUEDC2,8016,59,2.29033416259665
RAB6B,5163,38,2.29026649399161
CSPG5,6659,49,2.28976869261014
TMEM102,8019,59,2.28947732228143
HGS,21889,161,2.28878238680936
ADGRA2,8023,59,2.28833586530908
SGCA,14959,110,2.28820363367354
KLK12,4489,33,2.28754097724142
ZSCAN1,4081,30,2.28749001956667
GOLGA6L4,8844,65,2.28701583009329
AGPAT1,8981,66,2.28677685042573
STAP2,14018,103,2.28641845554457
NFKB2,10481,77,2.2860859373424
RHOC,11571,85,2.28587553780251
HRK,6944,51,2.28541467579892
BAX,5038,37,2.28532572769954
DNAH2,17977,132,2.28486876494114
SLC9A5,13894,102,2.2844277398514
IL18BP,5314,39,2.28374497568819
AMBP,7359,54,2.28338689845534
ADAM15,15540,114,2.28275017538198
MPP2,13088,96,2.2824564229466
DLGAP3,12000,88,2.28194921040816
HOXC4,12000,88,2.28194921040816
THEM6,4500,33,2.28194921040816
WAS,13229,97,2.28165126282058
SLC29A1,16503,121,2.28153438597435
ST6GALNAC2,16778,123,2.28123207512168
ARRDC2,10367,76,2.28120881807247
EML2,31785,233,2.28106811113777
THEMIS2,14743,108,2.2795149136177
FTCD,17475,128,2.27927818128947
PPFIA4,32220,236,2.27924502139972
NCF4,10103,74,2.27921825520148
ZNF497,4097,30,2.27855669266575
WDR24,7515,55,2.27739442156503
IL11RA,11068,81,2.27730089253698
LHX6,14894,109,2.27729711721459
DMWD,10114,74,2.27673937436233
GRK6,14082,103,2.27602712042492
GRN,9981,73,2.27590092575616
ING1,6701,49,2.27541706075077
ARHGAP8,20242,148,2.2751647102362
LTA,4240,31,2.27509944862735
FAM86B2,6292,46,2.27495947983245
ART5,6019,44,2.27474584855441
CHRNB1,8482,62,2.27456299509077
PRSS21,5747,42,2.27411614369101
ZC3H4,13547,99,2.27403220938291
USF2,11359,83,2.27374910320064
LCK,9581,70,2.2734831920454
TUBGCP2,31756,232,2.27335228051976
RPUSD1,4928,36,2.27319320694438
DPYSL5,8761,64,2.27316437724195
ZNF385C,16564,121,2.27313221273453
BTBD6,4655,34,2.27281339187221
KCNIP3,16020,117,2.27262561812866
KLK6,5477,40,2.27259369967782
PHLDB1,45738,334,2.27234277925753
RSPH6A,8080,59,2.27219290190282
ACTN3,4520,33,2.27185209000813
CNTNAP1,10685,78,2.27156215270137
SPHK1,12329,90,2.27153380724753
CCDC106,8905,65,2.27134957903931
TBX2,4522,33,2.27084729032215
NCF1,13432,98,2.27033497976339
KHSRP,12477,91,2.26952914978626
PALM3,9050,66,2.26934175620701
AVPR2,6583,48,2.26893435086777
PPM1F,19755,144,2.26824522881739
SDSL,12073,88,2.2681512900603
RIC8A,9741,71,2.26808514067502
UBA7,11663,85,2.26784410939834
SHISA4,4254,31,2.2676120503479
SMARCA1,4254,31,2.2676120503479
KIF12,10841,79,2.26757831324993
MFGE8,15508,113,2.26739507564532
SART1,9744,71,2.26738683859969
ZNF768,4255,31,2.26707912154641
SPON2,14963,109,2.2667956468485
TMEM74B,4942,36,2.26675356613151
ORMDL3,7553,55,2.26593659182593
GTPBP3,10026,73,2.26568593057772
MST1,8518,62,2.26494990894106
ABO,4810,35,2.26426636829387
ITIH4,23090,168,2.26407024301294
MAP2K2,19654,143,2.26406887162711
ADCYAP1R1,16502,120,2.2628158453161
CERS4,19528,142,2.26274245752923
GALE,7839,57,2.26265708160709
TSPAN1,9627,70,2.26261997122541
AZU1,6740,49,2.2622507009037
KCNC1,17194,125,2.26223459003421
LIG1,29167,212,2.26177108285452
CTRB2,5366,39,2.26161401431365
COL9A2,10871,79,2.26132062312046
SEMA4A,21742,158,2.26132062312046
SKI,16931,123,2.26061731477122
KCND1,9086,66,2.26035030747012
B4GALT7,11151,81,2.26035030747012
AJAP1,8123,59,2.26016479716543
SIK1,10468,76,2.25919868331652
TMEM51,5236,38,2.25833573500357
DNAJB2,9921,72,2.25829979313011
DEAF1,26046,189,2.25800716617004
DOK2,6615,48,2.25795840238285
WDR86,9096,66,2.25786531372839
GDPD5,36939,268,2.25763748731713
PTGES3,4411,32,2.25744650975025
ALOX12B,12682,92,2.2573797582567
TACC3,25230,183,2.25703548537831
CACFD1,6206,45,2.25634388571985
AMIGO3,4000,29,2.2560179693808
BLACE,4000,29,2.2560179693808
CAMK2N2,4000,29,2.2560179693808
CD52,4000,29,2.2560179693808
CEBPA,4000,29,2.2560179693808
CHST13,4000,29,2.2560179693808
CILP,4000,29,2.2560179693808
DMRT3,4000,29,2.2560179693808
DOCK3,4000,29,2.2560179693808
EXOC3L2,4000,29,2.2560179693808
FOXD2,4000,29,2.2560179693808
FOXL1,4000,29,2.2560179693808
HCRT,4000,29,2.2560179693808
KCNK18,4000,29,2.2560179693808
LRRC14B,4000,29,2.2560179693808
LRRC73,4000,29,2.2560179693808
NOG,4000,29,2.2560179693808
NPB,4000,29,2.2560179693808
NRTN,4000,29,2.2560179693808
PMVK,4000,29,2.2560179693808
PRR34,4000,29,2.2560179693808
RGS9BP,4000,29,2.2560179693808
SCD,4000,29,2.2560179693808
SLC35G3,4000,29,2.2560179693808
SRF,4000,29,2.2560179693808
SRRM3,20000,145,2.2560179693808
SYNPO2L,12000,87,2.2560179693808
TLCD2,4000,29,2.2560179693808
VSTM2B,4000,29,2.2560179693808
ZNF367,4000,29,2.2560179693808
ZNF629,4000,29,2.2560179693808
EPHB6,15452,112,2.2554742389839
C6orf132,4001,29,2.25545410585434
DUOXA1,8140,59,2.25544455127454
DDX41,8416,61,2.25542638213303
GDF11,4277,31,2.25541773724105
LSM14B,4691,34,2.25537120851953
NFATC1,26491,192,2.25531611970292
SLC39A13,11730,85,2.25489052411874
ZNF623,8143,59,2.25461361259668
GPRASP2,4003,29,2.25432722396283
CSRNP1,4971,36,2.25352969700702
CCDC183,17400,126,2.25333542720555
UBQLN4,8148,59,2.25323007454281
PADI2,12016,87,2.25301395077976
ARL10,7460,54,2.25247241095615
SPIRE2,21699,157,2.25146126989984
PC,19350,140,2.25139456981778
OBP2B,4009,29,2.2509533244009
ACTA1,4010,29,2.25039198940728
TCEAL7,4010,29,2.25039198940728
TPSD1,4010,29,2.25039198940728
SYNC,4840,35,2.25023165939949
SH3PXD2A,20190,146,2.25019981574762
RFXANK,10925,79,2.25014338617323
STOML1,10788,78,2.2498740824633
IGDCC4,16875,122,2.24967922157411
CADM3,4150,30,2.24945705297628
TBC1D26,12036,87,2.24927015890409
DENND6B,8163,59,2.24908962971638
GTF2IRD1,18263,132,2.24908754242715
OLFML2A,8025,58,2.24898987601824
HAMP,5812,42,2.24868297966143
KCNK9,21173,153,2.24860711879484
CLN3,17023,123,2.24839991519659
RGL3,19658,142,2.24777875219406
C20orf173,9414,68,2.24770476719038
TMEM69,4015,29,2.24758950872309
KLHL26,8032,58,2.24702984998088
RASAL3,11772,85,2.24684555282983
PRELID1,5817,42,2.2467501251147
EHMT2,14825,107,2.24591659218464
PFDN2,4018,29,2.24591136822379
MEDAG,4435,32,2.24523033923525
IRF3,8872,64,2.2447242007458
ASGR1,6518,47,2.24382018095031
GPR157,8321,60,2.24378001919278
UBE2L3,8183,59,2.24359264907427
COPE,15396,111,2.24346668280403
SEMA4G,14843,107,2.24319298518745
CERS6,4023,29,2.24312002921282
CTDNEP1,11653,84,2.24308684077786
PCK2,12487,90,2.24279172816167
TECR,19147,138,2.24276049205188
FAM72A,5968,43,2.24204429794246
E2F4,7496,54,2.24165477397717
ADM,4304,31,2.24126897355483
ANP32A,21522,155,2.24106069653842
TRPV5,4305,31,2.2407483535842
PTPRU,29581,213,2.24063595098023
DGAT2,19448,140,2.2400496156918
FAM221B,4168,30,2.23974250716209
TRAPPC3,12227,88,2.23958375111622
STARD3,15701,113,2.23952377766433
UNC45B,4447,32,2.23917170103628
SFTA2,8061,58,2.23894600608441
SHMT2,8061,58,2.23894600608441
FAM178B,16817,121,2.23893452885382
KMT2D,38085,274,2.23872707097224
DHRS11,11815,85,2.23866829013227
AXL,9177,66,2.23793646002762
CBX7,10848,78,2.23743008864437
GHRHR,18498,133,2.2373370461496
ANPEP,18361,132,2.23708326274968
LGI4,9459,68,2.23701159512953
PLCG1,19614,141,2.23695624647203
PGPEP1,8069,58,2.2367262058553
TNS1,60659,436,2.23663847170537
PKN1,23792,171,2.23650414375227
TRPV4,8766,63,2.23636986272967
DHX37,20037,144,2.23632202901071
TM7SF2,5705,41,2.2363138624827
GGTLC1,5984,43,2.23604952709235
STARD10,20740,149,2.2355380403534
TFAP4,11694,84,2.2352224179566
HMCES,4177,30,2.23491663151821
C1QTNF6,11975,86,2.2347424417738
KIF7,16016,115,2.23433520340687
CLEC17A,4039,29,2.23423418606665
MBD3,17131,123,2.23422519154699
CCDC33,24374,175,2.23416780821644
CELSR1,31623,227,2.23371282163437
PPM1N,10730,77,2.23303510804154
PLA2G4F,10173,73,2.23294673547353
P3H4,9755,70,2.2329310572001
GAB4,8223,59,2.23267890640579
DYSF,32337,232,2.23250688128724
DCXR,5297,38,2.23232884811755
MBLAC1,4182,30,2.23224456476604
RAB4B-EGLN2,5855,42,2.23216831388424
ZNF185,18265,131,2.23180459321208
AXIN2,14919,107,2.23176576708474
TCEA3,9203,66,2.23161391868668
FXYD4,6833,49,2.23146051867275
RALB,8646,62,2.23141838125838
FDXR,8369,60,2.23091092600109
TMC4,16601,119,2.23057720541401
USP20,16601,119,2.23057720541401
ANKRD52,11300,81,2.23054568837162
TIMM44,10603,76,2.23043401084196
BPIFB1,12000,86,2.23008672835343
ATP6V1F,4048,29,2.22926676816284
SLC6A9,9074,65,2.22904650665033
TRPV3,17314,124,2.22858303388702
MUC17,12009,86,2.22841541679084
SGSM2,23462,168,2.2281724452804
AUP1,6146,44,2.22774084973137
MYL6B,9359,67,2.22766511229852
TAF6,16208,116,2.22706610995143
TMBIM1,17047,122,2.22698051645821
TMEM130,7825,56,2.22693852656736
EPHA2,12017,86,2.22693190815022
CPSF4L,4472,32,2.22665397014945
DLK2,7547,54,2.22650645100475
MAN2C1,15793,113,2.2264777327365
NDUFV1,10066,72,2.22576914838504
GLIPR2,8249,59,2.22564173201294
NFATC4,14401,103,2.22561029857814
SARS2,18458,132,2.22532700115652
DOK1,9091,65,2.22487823136565
LAMB3,9091,65,2.22487823136565
NANOS3,11469,82,2.22480958853672
SLC51A,15246,109,2.22471882879405
IL9R,19868,142,2.22402026930898
CACNA2D4,32324,231,2.22377800172804
CD7,4058,29,2.22377325715209
SRM,8816,63,2.22368627684759
PINLYP,9236,66,2.22364041724485
CCL19,5038,36,2.22356016749144
CEACAM1,18054,129,2.22341647891668
MRI1,4059,29,2.22322539480739
USHBP1,12039,86,2.22286242547065
D2HGDH,18480,132,2.22267780234561
TBC1D17,12600,90,2.22267780234561
DNAH1,21561,154,2.22257471446461
CYSTM1,4061,29,2.2221304795674
KCNH4,4061,29,2.2221304795674
APOC1,4622,33,2.22171602051855
GLB1L,9244,66,2.22171602051855
STX10,8544,61,2.22163722285013
PLXDC1,28156,201,2.22141473781807
CCND2,13029,93,2.22114245042136
SOCS5,4343,31,2.22114245042136
SAC3D1,4344,31,2.22063113770257
APH1A,5607,40,2.219902923691
RGL4,12756,91,2.21988987158068
PGF,9392,67,2.21983792440395
ARHGEF10L,39254,280,2.21962016232608
SMO,12197,87,2.21957986657125
SLC46A2,4066,29,2.21939790396537
PLA2G6,53560,382,2.21935789524726
PODN,12200,87,2.21903406824341
SLC48A1,18092,129,2.21874646862491
VIPR1,22160,158,2.21866574855077
NPPC,4068,29,2.21830675455339
S100A13,11364,81,2.21798365703971
TEKT2,7157,51,2.21739828262508
CCDC102A,8000,57,2.21712110783975
DCUN1D3,8000,57,2.21712110783975
KLHL29,16000,114,2.21712110783975
PDE6A,8000,57,2.21712110783975
SDF4,12493,89,2.21680664509936
PNOC,8282,59,2.21677356283202
KRT14,7440,53,2.21670286201673
PTGES2,5616,40,2.21634538695432
C1orf174,4072,29,2.21612767129745
ATAD3A,12919,92,2.2159679614685
GHDC,7443,53,2.21580939048831
MAST3,24015,171,2.21573627266933
TANGO2,22612,161,2.21560046280162
POLR2I,4354,31,2.21553092838309
CTSH,25423,181,2.2154212921936
ZSCAN18,15310,109,2.21541889378146
NPRL2,6040,43,2.21531794207295
ALOX5,15031,107,2.215136283623
IFFO1,10818,77,2.21487028187148
SLC22A7,9835,70,2.21476791692801
ZBTB1,5058,36,2.21476791692801
ITPK1,17142,122,2.2146387156728
WNK3,4637,33,2.21452910218606
BACE1,17144,122,2.21438035837979
XRCC1,20098,143,2.2140516271748
CACNA1B,8152,58,2.21395286494681
HSF2BP,25581,182,2.2139021306347
TNFRSF1B,8012,57,2.21380040722891
ZNF414,6468,46,2.21305582051728
TMEM221,4359,31,2.21298959903188
EEF1G,8578,61,2.21283147960265
FCHSD1,12797,91,2.21277761990178
DNASE1L1,12516,89,2.21273293522103
ZSWIM4,8017,57,2.21241971594337
HLX,5626,40,2.21240591772759
CIZ1,27287,194,2.21233294652057
ABCA3,12380,88,2.21190553512908
KIAA0930,30250,215,2.21165625952407
SMPD4,17449,124,2.21134085900165
NDUFA11,8303,59,2.21116688514691
PPP6R2,23361,166,2.21116528087462
JMJD7-PLA2G4B,8022,57,2.21104074578883
TMEM61,8163,58,2.21096946650084
GGT5,8023,57,2.21076515801047
YOD1,5772,41,2.21035526428687
IQSEC1,32950,234,2.20986114733968
WNT4,8872,63,2.20965038510914
UBE2J2,12393,88,2.20958529209215
ZNF576,4225,30,2.20952586268676
SYS1-DBNDD2,8310,59,2.20930428969612
GPR146,9437,67,2.20925270594488
ABLIM2,28312,201,2.20917467356618
MICA,7888,56,2.20915237961329
APLF,8031,57,2.20856292649956
OPN1LW,8031,57,2.20856292649956
SFRP1,6483,46,2.20793537669378
NELFA,18464,131,2.20775080670595
CACNB1,16209,115,2.20773105174683
TPPP2,9024,64,2.20691412998855
SPAG4,7756,55,2.20662958716622
ANKRD23,10859,77,2.20650766270243
ANO1,32295,229,2.20650411342934
SLC35C1,5077,36,2.20647944136732
WFIKKN2,4936,35,2.20646702420857
BHLHE40,4795,34,2.20645387678105
F10,8039,57,2.20636507808409
ABCG4,10578,75,2.2062882326176
PAX7,5924,42,2.20616905432009
LRRC8A,10862,77,2.20589824243102
NAIF1,8464,60,2.20587116489877
GFI1,10440,74,2.20564578853454
B3GNT4,4092,29,2.20529615775249
CETP,8184,58,2.20529615775249
CSTB,4092,29,2.20529615775249
SHKBP1,17356,123,2.20526110603777
ARHGDIA,5927,42,2.2050523836329
RABGGTA,7903,56,2.20495937876624
FUT6,11150,79,2.20473690528632
MMP14,8752,62,2.2043925187797
SLC7A5,12000,85,2.20415548732607
IGFN1,12001,85,2.20397182300748
MYLK2,8048,57,2.20389772151069
BID,8754,62,2.20388888786383
HCRTR1,5507,39,2.20370815340604
HYOU1,12003,85,2.20360458617952
SLC12A3,12004,85,2.20342101365485
IL12RB1,8194,58,2.20260480291023
NEK6,22181,157,2.20253631917211
GSTZ1,11444,81,2.20247870312821
SLX1A,6783,48,2.20203373606996
MYO18A,48767,345,2.20139311118775
DNALI1,8482,60,2.20118999524914
LTBR,13148,93,2.20103932054608
DDR1,24318,172,2.2009244790066
TSKU,9897,70,2.20089344882156
SPAG7,8626,61,2.20051801901595
LHFPL4,5515,39,2.20051147793419
MPZ,7778,55,2.20038815608913
ACAA1,13296,94,2.19994283084148
LRRN2,4385,31,2.19986810996122
LRRC23,13014,92,2.19979176995632
COL2A1,24192,171,2.19952490857118
ARHGEF5,9338,66,2.19935134864783
TMEM176A,7216,51,2.19926822460472
HDHD3,4811,34,2.19911584684372
TRADD,8491,60,2.19885685310366
SLC6A12,16418,116,2.19858006517802
SLFNL1,5520,39,2.19851826101577
RHBG,8210,58,2.19831227223464
COL5A1,21800,154,2.19820795498034
DLX3,5521,39,2.19812005086163
FMOD,4672,33,2.1979390939291
EPHA10,23931,169,2.19750770145407
QPCTL,8355,59,2.19740498472469
CDC42EP4,5807,41,2.1970329921584
ANGPTL4,5099,36,2.19695942808823
ADARB2,17705,125,2.19694219378979
HDGF,16147,114,2.19693675143593
CYS1,4533,32,2.19669017306604
ARSA,6517,46,2.19641630306978
FOSB,7084,50,2.19632193907669
GPR179,4109,29,2.19617227489004
WNT2,4111,29,2.19510383787964
HK3,17153,121,2.19507736091265
ZNF423,27221,192,2.19483411068844
GPRC5C,14321,101,2.19458586168333
ALOX12,8933,63,2.19456153774637
SLC9A1,13754,97,2.19455900507877
S100A2,7657,54,2.19452059367022
TTLL9,15885,112,2.19399357511988
B4GALNT1,8510,60,2.1939475369804
CD27,4397,31,2.1938643762065
STK11,13334,94,2.19367330724976
DPF1,19292,136,2.19364427517419
LRFN3,4824,34,2.19318953962793
ANKRD53,7946,56,2.1930271797621
CDK4,10218,72,2.19265925304793
ELK1,4116,29,2.19243728802799
MFAP4,4258,30,2.19240177779511
GPR35,20015,141,2.19213888675006
HCFC1,12634,89,2.19206628282621
SLC45A4,9795,69,2.19204365193044
RHBDD3,7808,55,2.19193379585825
COMT,16610,117,2.19190020484173
KLHL35,10364,73,2.1917953627916
NACC1,5538,39,2.19137248118582
RDH5,4828,34,2.19137248118582
ZNF584,8237,58,2.19110644106427
WFS1,16476,116,2.19084046553124
SHD,12926,91,2.19069435261358
EFEMP2,10512,74,2.19053862559937
MYD88,5114,36,2.19051547200272
MLF1,4404,31,2.19037730748864
AIPL1,4120,29,2.1903087081367
TPCN2,8098,57,2.19029005467004
CPNE2,31257,220,2.19018064152814
RER1,10230,72,2.19008721873351
CHCHD4,4121,29,2.18977720881417
SURF6,7249,51,2.18925638139712
ZNF7,9524,67,2.18907158609847
FHL3,8104,57,2.18866841840054
APOBEC3D,8389,59,2.18849906393787
B3GAT1,14361,101,2.18847323481422
SERINC2,8248,58,2.18818425740136
LRRC14,9671,68,2.18797359924829
CAND2,8249,58,2.18791899079239
MUC3A,12091,85,2.18756644180902
FPGS,15221,107,2.18748528211926
CLK3,21765,153,2.1874458316675
ARHGAP1,12520,88,2.18717176716438
SUN5,4126,29,2.1871235767143
CES2,11240,79,2.18708331796641
NOD2,14086,99,2.18701649442782
SERPINA1,10104,71,2.18660108425529
USE1,7543,53,2.1864336859876
ARHGEF15,12525,88,2.18629864470243
C16orf92,4555,32,2.18608047299854
MPST,7402,52,2.18604355594111
TUBGCP6,17651,124,2.18603402916095
PTRH1,8399,59,2.18589339771101
PNMA2,5125,36,2.18581387781891
CARHSP1,9681,68,2.18571352942157
REC8,11675,82,2.18555384761693
KRT8,17371,122,2.18544337482374
CT62,5126,36,2.18538746075339
SYVN1,8546,60,2.18470553939892
GPR78,6554,46,2.18401663825233
CD19,8834,62,2.18393064572786
EMID1,14391,101,2.1839110642184
PHYHIP,8408,59,2.1835535974518
GPAA1,6413,45,2.18351320049546
MAP2K3,11829,83,2.18340654858873
STRA6,27798,195,2.18285862306768
UBE2L6,8981,63,2.18283244813365
RECQL5,26100,183,2.18180096919903
CA14,8843,62,2.18170794123713
SLC50A1,6704,47,2.18156622008266
ITPR3,8987,63,2.18137512147417
TIMM50,11702,82,2.1805111238188
LILRA4,5994,42,2.18040465094965
SH3GL1,16129,113,2.18009565584398
KLK10,6853,48,2.17954105235116
CCDC9,9566,67,2.17946035814362
SLC43A2,17419,122,2.17942114151576
PPP1R35,4427,31,2.17899743893833
RNASEK-C17orf49,7426,52,2.17897850808996
FKRP,6712,47,2.17896602196575
FBLN1,27134,190,2.17893526728066
SAMD1,4285,30,2.1785873441894
PAX8,18569,130,2.17850912826163
A3GALT2,4000,28,2.1782242462987
ALX4,4000,28,2.1782242462987
BPIFA2,8000,56,2.1782242462987
BPIFB2,4000,28,2.1782242462987
C5orf52,4000,28,2.1782242462987
CCDC184,4000,28,2.1782242462987
CCDC3,8000,56,2.1782242462987
CLDN4,4000,28,2.1782242462987
EIF4EBP3,4000,28,2.1782242462987
ENHO,4000,28,2.1782242462987
EVPLL,8000,56,2.1782242462987
FGD1,4000,28,2.1782242462987
FZD5,4000,28,2.1782242462987
GJB2,4000,28,2.1782242462987
GLP1R,4000,28,2.1782242462987
GOLGA7B,4000,28,2.1782242462987
GPR3,4000,28,2.1782242462987
GPR62,4000,28,2.1782242462987
HES1,4000,28,2.1782242462987
HTR6,4000,28,2.1782242462987
LRRC38,4000,28,2.1782242462987
MAFB,4000,28,2.1782242462987
MLLT11,4000,28,2.1782242462987
MMP24,4000,28,2.1782242462987
MYBPC3,4000,28,2.1782242462987
NPPB,4000,28,2.1782242462987
PLA2G4D,12000,84,2.1782242462987
PROB1,4000,28,2.1782242462987
PRSS50,8000,56,2.1782242462987
SLC2A7,4000,28,2.1782242462987
SLC51B,4000,28,2.1782242462987
SRXN1,8000,56,2.1782242462987
TCERG1L,8000,56,2.1782242462987
TMEM115,4000,28,2.1782242462987
VANGL2,8000,56,2.1782242462987
LIPE,16286,114,2.17818603250866
ARID3B,15144,106,2.17805986442214
PRR14,9002,63,2.17774030400892
CBS,20721,145,2.17751842998002
KIAA0513,20013,140,2.17680932024055
TYRO3,15871,111,2.17632241499911
KLF3,4147,29,2.1760481981006
CAPN1,21451,150,2.17594675536142
ATP1A2,19020,133,2.17593378967799
SYNGR2,4577,32,2.17557276698893
APOBEC3C,4005,28,2.17550486521718
UQCR10,4005,28,2.17550486521718
LRRC8E,9584,67,2.17536704778817
CLEC4G,9871,69,2.17516640367325
NAPA,19599,137,2.17515996984483
PTGES3L-AARSD1,4865,34,2.17470633898564
FRMD8,12307,86,2.17445687334372
TMEM202,4007,28,2.17441901302591
RRBP1,21323,149,2.17441537105142
FAM131B,7013,49,2.1741864714232
RASA3,22041,154,2.17417237959128
AMT,13740,96,2.17414771932497
SHISA5,16463,115,2.17366899214994
LRRN1,5440,38,2.17364814494093
GPC2,9163,64,2.17343589534178
COL13A1,59428,415,2.17300902463957
TNNI1,8449,59,2.17295758638594
MED24,28069,196,2.17286967460058
PRIMA1,4726,33,2.17282510512838
DLG3,21916,153,2.17237445365227
CDA,4011,28,2.17225055726622
ZNF182,4011,28,2.17225055726622
LOXHD1,21776,152,2.17205104858168
PRSS55,7880,55,2.17190597437325
TPSB2,6591,46,2.17175618982032
PDP2,6018,42,2.17170911894188
STKLD1,11607,81,2.17154874460233
BTBD2,14903,104,2.17152176086373
MGRN1,26377,184,2.17068583191504
NPC1L1,4015,28,2.17008642221539
CYC1,5306,37,2.16989653527144
OSBP2,35287,246,2.16932648036906
LAT2,12627,88,2.16863788111966
PNPO,7892,55,2.16860353244567
FAM219A,4018,28,2.16846614862987
NUMBL,11480,80,2.16846614862987
ZDHHC12,4018,28,2.16846614862987
SPSB1,13634,95,2.16822757600093
ST14,8898,62,2.16822244598336
FN3KRP,9903,69,2.16813769268491
LIMK1,17082,119,2.16776795381559
TAPBP,9475,66,2.16755070117926
CCER2,5312,37,2.16744559791986
MZF1,6030,42,2.16738730974995
NDUFB10,4020,28,2.16738730974995
NFAM1,8041,56,2.16711776773904
APBB1,15795,110,2.16709326724422
MAPKAPK3,13067,91,2.16705557525699
GGT6,4883,34,2.16668980937234
ANXA9,8043,56,2.16657888479294
ZDHHC18,12783,89,2.16651532638867
HES7,4022,28,2.16630954380776
ITGA7,25858,180,2.16611805317927
NEK8,10919,76,2.16588440488665
TRMT1,9630,67,2.16497588639687
TMEM184B,21130,147,2.16482296130018
DNLZ,4025,28,2.16469490315399
PKN3,9489,66,2.16435271300174
TMEM176B,8628,60,2.16394222759656
CRKL,4027,28,2.1636198125639
PYCR1,9637,67,2.1634033190829
SCN5A,16112,112,2.16308266762533
CGNL1,5179,36,2.16302300131722
DGCR2,14674,102,2.16299843379415
CAPG,20578,143,2.16240692015547
ANXA11,20581,143,2.16209171580386
TMEM37,6189,43,2.16198422525781
KLC2,8636,60,2.16193764934034
BRF1,33537,233,2.16190326840546
ATP13A1,18280,127,2.16188245764251
SMG5,18426,128,2.1616404112685
VSTM2L,4031,28,2.16147283185185
ABCB9,29515,205,2.16130282660746
A1BG,15119,105,2.16107968083078
RNF38,8929,62,2.16069473898084
PAX5,17141,119,2.16030641077405
SIX4,5186,36,2.16010337906323
PDE4C,22187,154,2.15986539047963
TKFC,16136,112,2.15986539047963
MOB3A,16713,116,2.15977308143917
MAVS,4035,28,2.15933010785497
PLEKHD1,4036,28,2.15879509048434
NRG2,12398,86,2.15849659140516
IMPDH1,17301,120,2.15831380148005
IRF4,4038,28,2.15772585071689
DTX1,14134,98,2.15757318863604
TJP3,22212,154,2.1574344236706
STK11IP,17885,124,2.15743285707128
FXYD3,11540,80,2.15719162792642
LILRA6,4039,28,2.15719162792642
CC2D1B,14284,99,2.15670080793267
B3GNT3,4329,30,2.15644416027988
MMACHC,4041,28,2.15612397554932
CLASRP,15593,108,2.15525481764033
NAALADL1,10251,71,2.15524508392502
SNAP29,4476,31,2.15514335616174
PEX11B,4188,29,2.15474495642865
MMP19,6932,48,2.15470208190458
TCF25,32927,228,2.15470208190458
GATA6,5344,37,2.15446688176465
RPH3AL,46220,320,2.15439129262405
RAB11FIP4,21666,150,2.1543540039351
PPIF,4189,29,2.15423057472504
ERBB2,27879,193,2.15419327161586
LRRC71,12280,85,2.15389787035121
NFIX,17337,120,2.15383209779122
TBX4,17627,122,2.15370379894838
ADCY7,31790,220,2.15345946248018
ARHGEF35,4046,28,2.15345946248018
CBX2,4046,28,2.15345946248018
LIMD1,12427,86,2.15345946248018
PRSS57,4046,28,2.15345946248018
KCTD9,5059,35,2.15282095898271
CPNE5,8095,56,2.15266139226555
ADAD2,9396,65,2.1526573011223
GTSE1,12000,83,2.15229300527134
LEFTY1,12000,83,2.15229300527134
HIRIP3,4482,31,2.15225829142793
PPP1R3B,4916,34,2.15214530902464
SLC45A1,12290,85,2.15214530902464
DAXX,10556,73,2.15192943728422
CCR10,6074,42,2.15168677606062
DHCR7,14752,102,2.15156175552436
GATA1,4050,28,2.15133258893699
UCP2,9837,68,2.1510514057467
NRSN2,6944,48,2.15097851839898
ACOT11,12008,83,2.1508590992052
CDHR2,20980,145,2.15063676776053
FXYD2,7958,55,2.15061812993984
SLCO2A1,12011,83,2.15032187688419
CLEC4F,4052,28,2.15027072684966
GUK1,12156,84,2.15027072684966
HNRNPDL,5065,35,2.15027072684966
TAC4,4052,28,2.15027072684966
LGR6,27641,191,2.15022627382228
PBX4,12012,83,2.15014286240893
ZNF792,7526,52,2.15002583059741
IQSEC2,27654,191,2.14921546375648
PRKCA,4344,30,2.14899787519604
BMF,6806,47,2.14887157499767
LILRA5,5503,38,2.14876356686874
NOXA1,4200,29,2.14858854226743
RHPN1,8112,56,2.1481501442788
SLC25A10,11736,81,2.14767947159162
MAP3K14,16373,113,2.14760659824758
CROCC,38977,269,2.14757539154722
TMEM8B,8549,59,2.147539904945
EPHA1,12317,85,2.14742760801436
SLC46A1,6376,44,2.14738005998259
FCER2,6667,46,2.14699940709551
SFXN5,33191,229,2.14693893956797
FBXO36,4204,29,2.14654421444415
CYP17A1,8700,60,2.14603374019577
PTGS1,8555,59,2.14603374019577
MARK4,25812,178,2.1458674583315
SEC14L4,4061,28,2.1455052906168
TGFA,8703,60,2.14529398364968
CTNS,7688,53,2.1451963180807
SPOCD1,11170,77,2.14507311631922
ATP6AP1,6383,44,2.14502510769998
PHLDB3,14655,101,2.1445693705334
AURKAIP1,4063,28,2.14444917184219
ACOT7,21769,150,2.14416068029114
HEATR9,4064,28,2.1439215022625
NAA10,6822,47,2.14383171202494
CLIC4,4065,28,2.14339409229885
GNGT2,5662,39,2.1433805723785
NDUFAF3,5662,39,2.1433805723785
SH2D5,5662,39,2.1433805723785
NFKBIL1,4791,33,2.14334615880541
TNFAIP8L1,4501,31,2.14317299759608
CBLN1,4356,30,2.14307777085665
BCR,38625,266,2.14297789927122
SF3B4,4212,29,2.14246720738917
IFRD2,8279,57,2.14240474244691
DNAJB1,17577,121,2.14212675494878
CATSPERG,24551,169,2.14201282243075
PLXNA2,17433,120,2.14197138068068
RUNX3,9589,66,2.14178150940385
NOP16,4359,30,2.14160283777279
USP21,8429,58,2.1411963168877
ABCB6,15700,108,2.14056613830992
GLTP,4216,29,2.14043450605389
SNX21,5234,36,2.14029348945776
ITGA3,23847,164,2.14000429160294
KCNN4,15852,109,2.13967090990374
DPH1,15416,106,2.13963016261085
JADE2,18325,126,2.13959271123474
ANTXRL,12653,87,2.13958868509994
ADRA1D,8000,55,2.13932738475765
KCNG2,8000,55,2.13932738475765
PAQR7,8000,55,2.13932738475765
SCGB1A1,8000,55,2.13932738475765
PHF21B,9019,62,2.13913331016298
CTSF,7419,51,2.139091455553
PMM1,12075,83,2.13892472573549
INMT,8002,55,2.13879268658601
SNRPD3,4074,28,2.13865905380334
HDAC11,9896,68,2.13822682683208
ISM2,8150,56,2.13813422949566
NFKBID,10044,69,2.13770087322368
NOL12,9462,65,2.13764193630787
FURIN,14996,103,2.13730420844384
ARF5,4659,32,2.13728193915183
C3,45431,312,2.13701143286427
TRIM62,8010,55,2.13665656405259
GNL1,11943,82,2.13651018763524
MRAS,9614,66,2.13621207548091
XKRX,4516,31,2.1360543981798
KCNS3,5536,38,2.13595482450843
SOCS7,5099,35,2.135932777308
ZNF843,4371,30,2.13572335160183
THPO,12531,86,2.13558700345074
STAT5A,11657,80,2.13554013779453
GADD45G,4080,28,2.13551396695951
SEZ6,17341,119,2.13539081870007
GPBAR1,5538,38,2.13518344320669
PRAME,9182,63,2.1350488147123
TRIM52,4956,34,2.13477529038844
CD9,16181,111,2.13462783810956
GRTP1,8018,55,2.13452470417326
CD2BP2,4374,30,2.13425852077082
EHD1,20997,144,2.13407555818867
PITPNM2,25081,172,2.13396919901449
OSGIN1,15749,108,2.13390617635823
FSD1,14875,102,2.13377069025179
PKP1,12251,84,2.13359651910737
TBXA2R,8751,60,2.13352685861081
P2RX3,8022,55,2.13346036874361
CRMP1,13273,91,2.13342237639442
DBI,7293,50,2.13338058637314
DDX54,18093,124,2.13263066648537
TRIM3,15908,109,2.13213875181004
BRPF1,13281,91,2.13213727896116
ACADS,4087,28,2.13185637024585
NDUFA13,4525,31,2.13180589219447
GUCD1,13724,94,2.13133487896155
PTDSS2,20735,142,2.13102651124335
POLM,12412,85,2.1309914476243
SLCO2B1,27309,187,2.13078856294292
HAUS5,8179,56,2.13055312023348
GNA13,4966,34,2.13047650808802
MCF2L,56975,390,2.13002559031278
YPEL4,6428,44,2.13000859714514
BORCS8-MEF2B,8036,55,2.12974353883291
MAEA,19875,136,2.12929737643575
TLR2,4240,29,2.12831883903849
WNT8A,4095,28,2.12769157147614
FADS2,29543,202,2.1276555613964
NAT9,7898,54,2.12755687335184
MROH7-TTC4,8046,55,2.12709657942595
CSAD,12291,84,2.1266529131547
CCDC86,9072,62,2.12663616891093
AKT2,36875,252,2.12653756926789
IL24,4390,30,2.12647990201631
TRIM7,10536,72,2.12647990201631
TGFB1,12878,88,2.1263698186751
C4orf50,12000,82,2.12636176424397
SPTB,24000,164,2.12636176424397
SCARF2,12001,82,2.12618458219546
LAD1,13175,90,2.12567288877076
XRCC3,14788,101,2.12528158812328
CYB5D1,4539,31,2.12523059312183
TRIM17,4832,33,2.12515965373277
RNF31,17426,119,2.1249748758796
KRT7,17579,120,2.12418152792573
TMEM86A,9815,67,2.12416890331145
ZBED3,4102,28,2.12406069848728
GGA3,12161,83,2.12379870596629
GAPDHS,7328,50,2.12319113215329
CCDC22,5423,37,2.1230815076803
B4GALNT3,19201,131,2.12300978568921
HAX1,5570,38,2.12291668015775
SLC24A4,23160,158,2.12286843643718
GIPC1,15685,107,2.12277420969954
PTAFR,8063,55,2.12261181670113
ARHGEF4,27860,190,2.12215468565662
MAPK3,9825,67,2.12200689933861
MAN2B2,12026,82,2.12176460759418
AK3,4841,33,2.1212087268822
HNRNPL,17458,119,2.12107985949582
PPRC1,18634,127,2.12081202778282
TMEM150C,4402,30,2.12068304630886
BRAT1,12475,85,2.1202297272876
HYAL2,9834,67,2.12006485519645
NLRC5,49612,338,2.11999342108753
ORAI2,7193,49,2.11977891340066
DOLPP1,7488,51,2.11938027627507
RND2,4699,32,2.11908843466873
EPB41L1,33335,227,2.11899506700296
EZR,5141,35,2.11848302499387
PRX,19977,136,2.1184254571087
METTL1,6464,44,2.11814592550263
TRPV1,16748,114,2.11809993583926
COL27A1,25712,175,2.11790627557046
CABIN1,32921,224,2.11728610557269
MAL,4116,28,2.11683600223392
GOLGA6A,9703,66,2.11661783919133
TMEM54,9851,67,2.11640623144877
LDLRAP1,22790,155,2.11637158011847
RILPL2,4264,29,2.11633955851857
MNX1,5588,38,2.11607836586948
PTMA,8236,56,2.11580791286907
SERTAD3,5737,39,2.1153600838081
CDIPT,7945,54,2.11497094848746
TEX264,15302,104,2.11489928128037
DDAH2,5740,39,2.11425449491412
CHKB-CPT1B,7213,49,2.11390125108705
ALOX15B,4122,28,2.1137547271215
LRP5,25766,175,2.1134675990634
KCNA2,10454,71,2.11339366322129
CRYGN,8540,58,2.11336577927944
TUBB2B,8394,57,2.11305323596831
PCDH1,12224,83,2.11285308109097
CYB561,15170,103,2.11278931508397
PIP5K1C,12078,82,2.11262967138
HYAL1,8544,58,2.11237637582472
C17orf58,6924,47,2.11225013567795
TRIM56,5304,36,2.11204678050941
CUL7,18564,126,2.11204678050941
ZSWIM8,19301,131,2.11201030490744
RAP1GAP2,28000,190,2.11154391222833
GABBR1,25942,176,2.11112408641569
TESC,12824,87,2.11105861139813
NSUN4,7223,49,2.11097462606824
FAM86B1,10320,70,2.11068240920417
ZP1,9583,65,2.11065094452104
SDC1,6045,41,2.11053276848037
MFN2,23150,157,2.11034376222707
LZTS1,8111,55,2.11005043497241
FLI1,17110,116,2.10966028697211
HECTD3,9736,66,2.10944360041839
PNMA5,5902,40,2.10894539022966
PPP2R2C,27887,189,2.10894160899577
WDR45,12988,88,2.10836083499368
ZNF775,11366,77,2.10808258923858
SH2D3C,23323,158,2.10803211370257
LY6G5C,7676,52,2.10801125600262
ABCB8,12993,88,2.10754949010221
HOXB3,23626,160,2.10733864270472
STX5,8270,56,2.10710930718133
PHYKPL,14326,97,2.10693595950394
LGALS4,13294,90,2.10664512633931
TRIM41,10489,71,2.10634162983272
AKAP8,12706,86,2.10617351961602
C19orf33,8126,55,2.10615543663072
IL13,5910,40,2.10609064181649
PLOD1,16552,112,2.10558167839411
DPH2,5469,37,2.10522417556231
SNX22,5765,39,2.1050860018746
ZMYM3,9019,61,2.10463115999906
P2RY6,21587,146,2.10457841663707
PDE4A,23808,161,2.10429929707956
FOXP3,12867,87,2.10400370191728
TM6SF2,8135,55,2.10382533227551
SLC30A3,14792,100,2.10367017528655
PNPLA6,27368,185,2.10345495033438
ARMC5,9914,67,2.10295721061144
DNAAF3,10063,68,2.10274199327539
ZNF469,18203,123,2.10264856102793
SLC38A10,20132,136,2.10211530680809
PRDM14,4441,30,2.10205961942166
RAMP2,6811,46,2.10160696624662
NISCH,29466,199,2.10153409262706
PYGO2,6071,41,2.10149408424705
PRRG3,7700,52,2.10144083130858
ZNF205,6961,47,2.10102283284501
ABHD15,4000,27,2.10043052321661
AGMAT,4000,27,2.10043052321661
ANKRD35,4000,27,2.10043052321661
APOA4,4000,27,2.10043052321661
B4GAT1,4000,27,2.10043052321661
BEST4,4000,27,2.10043052321661
C11orf96,4000,27,2.10043052321661
CACNG1,4000,27,2.10043052321661
CACNG2,4000,27,2.10043052321661
CCL17,8000,54,2.10043052321661
CEMP1,4000,27,2.10043052321661
CITED4,4000,27,2.10043052321661
DDN,4000,27,2.10043052321661
DHH,4000,27,2.10043052321661
DOLK,4000,27,2.10043052321661
FOXC1,4000,27,2.10043052321661
FZD2,4000,27,2.10043052321661
GSC,4000,27,2.10043052321661
HTR1F,4000,27,2.10043052321661
IGFBP4,4000,27,2.10043052321661
INSRR,4000,27,2.10043052321661
KCNF1,4000,27,2.10043052321661
KIF3B,4000,27,2.10043052321661
LBP,4000,27,2.10043052321661
LRRC56,8000,54,2.10043052321661
MEGF9,4000,27,2.10043052321661
NOTO,4000,27,2.10043052321661
NUDT18,4000,27,2.10043052321661
OLIG1,4000,27,2.10043052321661
OPA3,8000,54,2.10043052321661
P2RY8,16000,108,2.10043052321661
PCP4L1,4000,27,2.10043052321661
PDRG1,4000,27,2.10043052321661
PDXP,8000,54,2.10043052321661
PLD6,4000,27,2.10043052321661
PRKAA2,4000,27,2.10043052321661
PRR18,4000,27,2.10043052321661
RAB39A,4000,27,2.10043052321661
RASSF10,4000,27,2.10043052321661
REN,8000,54,2.10043052321661
RTP4,4000,27,2.10043052321661
SAPCD2,4000,27,2.10043052321661
SDC4,4000,27,2.10043052321661
SDHAF1,4000,27,2.10043052321661
SH3RF3,4000,27,2.10043052321661
SIX2,4000,27,2.10043052321661
SLC22A3,4000,27,2.10043052321661
SLC30A1,4000,27,2.10043052321661
SRRM5,4000,27,2.10043052321661
TCF15,4000,27,2.10043052321661
TFCP2L1,8000,54,2.10043052321661
THBD,4000,27,2.10043052321661
TIGD5,4000,27,2.10043052321661
TREML2,4000,27,2.10043052321661
TRPC4AP,4000,27,2.10043052321661
TRPC5,4000,27,2.10043052321661
UBTD2,4000,27,2.10043052321661
UCN,4000,27,2.10043052321661
ULBP2,4000,27,2.10043052321661
YWHAG,4000,27,2.10043052321661
ZSWIM6,4000,27,2.10043052321661
RILPL1,12001,81,2.10025550192478
P4HB,15706,106,2.10012342969623
WDR1,24450,165,2.09995326111181
MFSD2B,10818,73,2.09981208541063
CRHR2,8153,55,2.09918055661244
ALKBH5,8750,59,2.09820784541426
MOV10,16316,110,2.09789397867875
NUDT1,10383,70,2.09787561041963
PXN,24330,164,2.0975208525218
IZUMO1,9050,61,2.09742192619133
TLE3,22701,153,2.09725380054813
GFY,5639,38,2.09694022140072
ANKRD16,5936,40,2.09686585126945
RPP25L,4007,27,2.09676119113212
ZBTB17,16623,112,2.09658833789203
PITPNA,14991,101,2.09650217631692
SPI1,4156,28,2.09646221972926
SPOCK2,9797,66,2.09630936956961
RASGRF1,24202,163,2.09575685685179
KDELR3,8018,54,2.09571516409739
PRAF2,8167,55,2.09558210824798
SP4,4158,28,2.09545382039317
RSPH9,4010,27,2.09519254186195
SLC8A2,12030,81,2.09519254186195
ST3GAL1,17674,119,2.09515741694455
S1PR3,4605,31,2.09477126214549
LRRC25,4011,27,2.094670180221
HOXB2,5200,35,2.09444639067183
PAQR5,12183,82,2.0944218313164
RGMA,17682,119,2.09420948914591
ELL,16049,108,2.09401759433396
COL23A1,20657,139,2.09388149458516
BCS1L,7433,50,2.09319852232198
CIB2,8325,56,2.09318846491167
KLF2,4014,27,2.0931046569174
SHROOM1,10854,73,2.09284753454691
BLVRB,8029,54,2.09284396384766
SIT1,4461,30,2.09263545614248
APLNR,4015,27,2.0925833357077
PHF19,21120,142,2.09217967379881
ARPC1B,20823,140,2.09213297440206
B9D1,12792,86,2.09201381646664
OSBPL2,26923,181,2.09199032468291
KHDRBS1,4314,29,2.09181082001001
MANF,6397,43,2.09168678601229
CCDC24,8034,54,2.09154147196077
PRRT3,8034,54,2.09154147196077
CD276,18895,127,2.09151687354882
NID1,4019,27,2.09050064515213
TMOD1,8486,57,2.09014481059604
SPHK2,9678,65,2.08993263084781
ZNF566,4467,30,2.08982466305162
KDM4B,29783,200,2.08961415793161
AKAP17A,8042,54,2.0894608537345
TESK1,6404,43,2.08940043256099
STMN4,4022,27,2.08894134581463
SCNN1A,22646,152,2.08860653686809
NRN1,8642,58,2.08842209616366
ZNF558,10282,69,2.08821898177968
RASSF4,23099,155,2.08806044897614
ARL8A,10432,70,2.08802170849185
ZDHHC19,8793,59,2.08794707692196
SCD5,4024,27,2.08790310458907
SLC6A6,12072,81,2.08790310458907
WDR88,4024,27,2.08790310458907
RNASEK,4770,32,2.08754644748603
SLC5A9,14012,94,2.0875278246409
PALD1,17441,117,2.08746415930401
PPP6R1,22361,150,2.08739474304628
COMMD5,6562,44,2.08651253618546
TAB1,14020,94,2.08633665327163
CCNF,8055,54,2.08608866365398
SLBP,4326,29,2.08600829346352
ARMC6,10293,69,2.08598732834535
PLA2G4E,17603,118,2.08593065356755
CRELD1,21184,142,2.08585888928582
HCN3,12236,82,2.08534988320756
FAM78B,4776,32,2.08492390169773
RRP12,27762,186,2.08481125182191
ANKRD34B,4030,27,2.08479456398671
NAGA,4030,27,2.08479456398671
SNRNP70,9105,61,2.08475216167288
THTPA,10600,71,2.08428465616183
SLC35G2,4479,30,2.08422566864291
ACSS1,12841,86,2.08403089636642
MYH3,12095,81,2.08393272249684
ACER1,8661,58,2.08384063676785
TULP2,10005,67,2.08382986366835
NUBP2,5078,34,2.08348687262015
C1R,12696,85,2.08332276684884
CALR,8067,54,2.08298551949087
GTPBP1,17927,120,2.08294678860971
DCPS,15538,104,2.08277698559352
TTC7A,41992,281,2.08230483768995
SDR39U1,5979,40,2.08178553154966
TREML1,6727,45,2.08159211457966
CYP4F12,8524,57,2.08082694306875
ETHE1,4038,27,2.08066421319129
ZNF219,14209,95,2.08048523972107
FCHO1,29469,197,2.08020135697486
MAPKBP1,18250,122,2.08018284186647
TRIM54,8527,57,2.08009485900293
HPD,9276,62,2.0798666800733
MOGAT2,5536,37,2.07974548702137
CTIF,17064,114,2.07887586295335
SLX1B,6437,43,2.07868888769933
SYNPO,16018,107,2.07864361837541
CFAP65,14521,97,2.0786422805491
EDF1,4042,27,2.07860516894271
KCNK17,4042,27,2.07860516894271
CES4A,17816,119,2.07845825028502
WFDC3,9882,66,2.07827796940634
RAB22A,4043,27,2.07809104448836
PPIL2,22911,153,2.07803057597849
PRNP,4193,28,2.07796255311109
TMEM25,5991,40,2.07761570574786
PAF1,8388,56,2.07746709232113
ARPC5L,11384,76,2.07741495229773
LZTS2,7190,48,2.0773845384927
IGF2BP1,13333,89,2.07714433490035
DLEC1,16035,107,2.07643988020813
RSPO4,4047,27,2.0760370874392
AFAP1L2,11392,76,2.07595609348291
ATP6V1E2,8994,60,2.07588320432546
TIMM13,4048,27,2.07552423242748
CATIP,8846,59,2.0754373329612
ABCC10,22191,148,2.07534063650134
SZT2,29240,195,2.07520875526796
GET4,21294,142,2.07508381284074
RCE1,4949,33,2.07491845763523
DUOX1,22347,149,2.07477777585043
PADI1,12000,80,2.07449928218924
RBPJL,9901,66,2.07428975797126
PRR3,6751,45,2.07419199448635
ZP3,20253,135,2.07419199448635
CRTC1,12002,80,2.07415358992425
LENG8,10802,72,2.07411518678428
RBMY1J,4051,27,2.07398718658761
GRIP2,21758,145,2.07373652852358
SDF2L1,4052,27,2.07347534374788
SSBP3,37220,248,2.07338455930789
CNN2,8105,54,2.07321951705526
APOBEC3H,7055,47,2.07302904882128
POLG,20715,138,2.07299711037013
ZBTB45,8256,55,2.07299165189695
TULP1,10811,72,2.07238851610802
GNA15,8409,56,2.07227898327858
ZMYND19,5406,36,2.07219684125451
ARMCX2,5256,35,2.07213113232373
TNIP2,9613,64,2.07169386341586
FBXL12,12318,82,2.07146786580026
MAFF,8864,59,2.07122277159011
HSBP1L1,6911,46,2.0711973733332
PUS1,8565,57,2.07086618362148
SIRT6,7063,47,2.07068100515845
MVB12A,10820,72,2.07066471789684
NTF3,9017,60,2.0705881711992
GAA,12775,85,2.0704395967055
KMT5A,10521,70,2.07035856505912
RBP4,4509,30,2.07035856505912
PNKD,14733,98,2.06985267414524
SSRP1,8419,56,2.06981755201207
GTF2F1,10074,67,2.06955705638295
IMP4,7068,47,2.06921617705633
TSGA10IP,4211,28,2.06908026245424
PLEKHB1,14442,96,2.06846625561038
TMEM150B,12036,80,2.06829439899226
PES1,16252,108,2.06786170141925
NMB,4364,29,2.06784415158643
DCTN3,9783,65,2.06750158451856
RAB15,9332,62,2.06738569699528
CAV3,4064,27,2.0673528771817
TVP23A,9784,65,2.06729026996577
CTBP1,32062,213,2.06725257519638
SSU72,8279,55,2.06723264622071
SLC6A3,12043,80,2.06709220179946
DLGAP4,31614,210,2.06701864328972
NDOR1,4065,27,2.06684430328817
PISD,17164,114,2.06676402501958
PRPF40B,23342,155,2.06632286483163
TCOF1,23351,155,2.06552645757783
GBA2,14011,93,2.06546748886874
FUT3,8437,56,2.06540167955311
TCEAL3,4520,30,2.06532008182557
PLEKHG3,23203,154,2.06529041152314
RND1,8739,58,2.06524130393024
CHRDL2,16273,108,2.0651931648415
EEF1D,22904,152,2.06507962076121
CYP2F1,8137,54,2.06506626345494
SPATA24,5426,36,2.06455881382637
SMAD6,9044,60,2.06440662756559
CCDC124,7236,48,2.06417839023805
GFI1B,12060,80,2.06417839023805
SGK2,17638,117,2.06414913269198
TSPYL2,6332,42,2.06401539447129
SP1,5126,34,2.06397704626709
CD6,17791,118,2.06388833088357
ZNF251,4976,33,2.06365985667941
GNG4,12970,86,2.06330306401243
CAMK2G,27449,182,2.06323838404919
TMEM214,11010,73,2.0631941089893
SPNS3,17651,117,2.06262888235347
USP5,14485,96,2.06232583110287
ANKRD65,4678,31,2.0620824416802
DPM2,4075,27,2.06177229272796
CEACAM6,8000,53,2.06153366167556
GUCA1A,8000,53,2.06153366167556
IL17B,8000,53,2.06153366167556
SLC6A17,8000,53,2.06153366167556
ZBTB4,8000,53,2.06153366167556
ECI1,8755,58,2.06146701942277
CCDC17,5284,35,2.06115087651278
TAS1R1,8002,53,2.06101840707379
THAP4,12835,85,2.06076087634693
UBXN1,5134,34,2.06076087634693
VTN,8154,54,2.06076087634693
CALB2,12081,80,2.0605902976799
CHI3L1,10571,70,2.06056593160411
CYP4F11,8457,56,2.06051720118123
CACNG5,8004,53,2.06050340997057
NOTCH4,16010,106,2.06024600792061
RAB37,13292,88,2.06014072561676
GJB1,12841,85,2.05979797896681
TMEM53,4079,27,2.05975045179368
MLPH,33992,225,2.05973025340924
HLA-DMA,12087,80,2.0595674184058
SEC14L3,5440,36,2.05924561099667
RAB35,8766,58,2.05888019108446
MAN1C1,24184,160,2.05871579443193
PLLP,8011,53,2.05870294512601
RTKN,13152,87,2.05841055600438
OGFOD3,22525,149,2.05838219564615
ACTB,11641,77,2.05828251089131
HMGN2,4989,33,2.05828251089131
ARF1,10886,72,2.05811062352047
F11R,12097,80,2.05786487445407
SHF,20115,133,2.05748250955383
OTUB1,4991,33,2.0574577132512
POM121,8016,53,2.0574188240275
ZNF692,8621,57,2.05741432115973
MAP1S,14220,94,2.05699295913279
SCAMP2,10741,71,2.05692369009547
TAC3,8018,53,2.05690562402151
DNPEP,15431,102,2.05688801876064
HS6ST1,8472,56,2.05686897667488
B4GALT2,4993,33,2.05663357637427
PTPRN,20127,133,2.05625580959285
EPAS1,26032,172,2.05601112017833
FCN3,5146,34,2.05595537099983
APOBEC3G,7568,50,2.05585948948458
SEC14L6,16801,111,2.05585459487238
CFAP74,16651,110,2.05568663480406
TRIM11,8931,59,2.05568454231047
ARHGAP9,13020,86,2.0553794731368
FADS6,8328,55,2.05506953386902
MSN,16658,110,2.0548227972219
ICAM1,8027,53,2.05459938873857
SLC6A11,8027,53,2.05459938873857
RIN3,26656,176,2.05457611981527
UNK,16056,106,2.05434345956707
GSTP1,6362,42,2.05428253344738
CARD14,26509,175,2.0542308709294
TBC1D9B,28025,185,2.05414291099916
MRTO4,8030,53,2.05383179245386
SDK2,20000,132,2.05375428936735
PAOX,8788,58,2.0537259621127
TMEM18,9244,61,2.0534042007823
NDUFC2-KCTD14,4092,27,2.05320676756266
PBXIP1,6366,42,2.05299174957465
PSG9,4093,27,2.0527051289681
CSF1R,20163,133,2.05258447054879
CAMKK2,13796,91,2.05254531761983
SAE1,12280,81,2.05253797056997
CDK2,8339,55,2.05235868546123
LIN52,4549,30,2.0521536095519
KCTD15,10766,71,2.05214725574172
EPB41L4B,4095,27,2.05170258678057
FBF1,21385,141,2.05170258678057
TFAP2E,12286,81,2.05153559161641
LAMTOR1,8039,53,2.05153244102556
TBC1D13,4096,27,2.05120168282872
PPP1R15A,4855,32,2.05099826045486
UCK1,9105,60,2.05057589672742
SPTBN2,27015,178,2.05031022892662
MEPCE,9563,63,2.0499862194592
PDE9A,20192,133,2.04963652335952
CX3CL1,8048,53,2.04923823228187
HBEGF,11541,76,2.04915447681807
SLC2A10,8050,53,2.04872910477074
TRAIP,16100,106,2.04872910477074
SIGLEC1,12000,79,2.04856804116187
TUB,12000,79,2.04856804116187
ABHD1,8051,53,2.04847463587187
PPOX,8205,54,2.04795175938243
OGDHL,15803,104,2.04785096514283
STX4,9726,64,2.04762421437556
TBC1D10A,23252,153,2.04755541571663
ETV3L,8055,53,2.04745739210484
BCL7C,8360,55,2.04720323900254
C10orf71,4104,27,2.04720323900254
GOLGA8N,10792,71,2.04720323900254
RAB11FIP5,17329,114,2.04708510158901
ARHGAP39,16113,106,2.04707618611115
SF3A2,11097,73,2.04701875641815
TSFM,8513,56,2.04696275935506
FGD3,21132,139,2.0468157312912
GORASP1,12011,79,2.04669190691387
SNCB,4562,30,2.04630573648654
FAM72B,5628,37,2.0457482260395
MAU2,29666,195,2.04540902056345
NRL,14758,97,2.04526118416137
SLAMF8,10194,67,2.04519499568392
PHKG1,8064,53,2.04517228340829
SLC4A9,12021,79,2.0449893098696
IFFO2,8978,59,2.04492299480672
MED29,4109,27,2.04471211800108
CMIP,29533,194,2.04408387606091
KIAA1671,16746,110,2.04402473164472
NIT1,8221,54,2.04396596347559
TNPO2,20553,135,2.04391623920265
RDH13,22994,151,2.04346389238872
ATAD3C,8225,54,2.04297193747512
WRAP73,14927,98,2.0429516612971
TTLL12,13404,88,2.04292677744688
HS1BP3,12186,80,2.04283533450442
NFKBIA,6246,41,2.04261456699709
SKOR1,14169,93,2.04243524500952
PACSIN3,11122,73,2.04241747347349
KCNMB1,4267,28,2.04192570545929
ERBB3,26213,172,2.04181442339612
KPTN,8687,57,2.04178299329089
NFATC2IP,11583,76,2.04172423525489
MAG,8842,58,2.04118341495662
NGFR,6098,40,2.04116033013044
DEGS2,7928,52,2.0410058528098
SETD1B,4729,31,2.03984387020088
PPP5C,18459,121,2.03977257553143
DENND1C,14342,94,2.03949518050957
ID3,4426,29,2.03887751412634
PLPP7,8089,53,2.0388514394121
BRD1,12668,83,2.03879981553963
EHD2,11448,75,2.03861957762307
NEURL2,4732,31,2.03855064712172
HAS1,8701,57,2.03849774310056
TNRC18,29923,196,2.03824078121725
CLEC2L,8397,55,2.03818257449818
VPS51,17712,116,2.03795661190677
CHRNA10,5497,36,2.03789269125376
PCSK9,12521,82,2.03788364914365
FAAH,12369,81,2.03776912269377
GPR139,4123,27,2.03776912269377
PNPLA1,8400,55,2.03745465215015
LSR,10233,67,2.03740035043505
MAD1L1,67668,443,2.03715903087833
KIF25,21845,143,2.03698830867289
AKR7A2,7639,50,2.03675148794597
ESRRB,20170,132,2.03644451102365
ABCD4,17573,115,2.03636901028648
CSF3,4126,27,2.03628746797538
ALOXE3,8558,56,2.03619934218154
CAPS,9934,65,2.0360748944378
ABHD11,5350,35,2.03572359467168
COX19,4433,29,2.03565799177153
CDH23,32254,211,2.03565146280429
IQSEC3,12077,79,2.03550687206612
RHOA,4893,32,2.03506980472274
CDK2AP1,8257,54,2.03505440059741
PRR5-ARHGAP8,8257,54,2.03505440059741
LONP1,13915,91,2.03499210936997
ANK1,32422,212,2.03470104168829
ITGA11,19882,130,2.03464118311489
PTK7,20189,132,2.03452799976953
PHLDA3,6580,43,2.03351373406088
RAP2C,5356,35,2.03344309773964
MDGA1,23108,151,2.03338275668973
SUSD3,12091,79,2.03314998709309
ZNF250,4745,31,2.03296557685563
MTMR11,9492,62,2.0325372233839
HAPLN2,8115,53,2.03231907497282
RREB1,9035,59,2.03202198642776
AGTRAP,9802,64,2.03174791971197
CHMP6,7046,46,2.03151363143709
TRPV2,18994,124,2.031467129026
LETM1,20070,131,2.03108674115688
SLC44A2,22067,144,2.03059702249003
HSPB1,4904,32,2.03050500703678
PLIN3,8582,56,2.03050500703678
G6PD,12567,82,2.03042421985579
TRIB3,8584,56,2.0300319164014
RAB17,16097,105,2.02977969152516
PDE6G,10885,71,2.02971220535741
TMEM179,4906,32,2.02967724307141
CBL,8126,53,2.02956796620779
USH1C,24380,159,2.02940147170687
PROCR,8281,54,2.02915640450825
LYNX1,5214,34,2.02914199063389
RASSF1,7516,49,2.02868144280081
VKORC1L1,4295,28,2.02861396628517
JAKMIP1,27919,182,2.02850497524146
CUL9,26848,175,2.02829283959578
UPK1A,4296,28,2.02814175633026
P2RX5-TAX1BP3,4144,27,2.02744258997742
KAT8,15196,99,2.02726469732234
MAGEA11,8596,56,2.02719799562466
TRIM67,4912,32,2.02719799562466
TIMP2,15047,98,2.02665909803827
ANO9,14280,93,2.02655917272688
KLHDC3,4146,27,2.02646456653797
ENDOV,12440,81,2.02613876837615
USP35,18280,119,2.02570088550755
GDPGP1,4455,29,2.0256053597134
TNK1,10600,69,2.02557241232629
EPHB2,16131,105,2.02550143788237
AP2S1,13366,87,2.02545381060673
NECAB2,19207,125,2.02513987301756
PLA2G1B,5686,37,2.02488058673062
CLK2,12141,79,2.0247769124407
MCM5,9377,61,2.02427945313336
GRWD1,4151,27,2.02402363114103
MICAL3,39206,255,2.02391464428247
CHID1,25986,169,2.0237264990186
RHCE,12149,79,2.02344361625998
PPP2R5D,10612,69,2.02328190450986
ST3GAL4,22919,149,2.02299659483091
ITGA2B,14152,92,2.02290065674191
ABCF2,4000,26,2.02263680013451
ALX3,8000,52,2.02263680013451
BEX1,4000,26,2.02263680013451
C16orf54,4000,26,2.02263680013451
C20orf202,8000,52,2.02263680013451
CCDC134,4000,26,2.02263680013451
CCDC8,4000,26,2.02263680013451
CCDC85B,4000,26,2.02263680013451
CELA1,4000,26,2.02263680013451
CHMP4B,4000,26,2.02263680013451
CPXM1,4000,26,2.02263680013451
EFNB1,4000,26,2.02263680013451
ENDOG,4000,26,2.02263680013451
FADD,4000,26,2.02263680013451
FNDC8,4000,26,2.02263680013451
FOXI2,4000,26,2.02263680013451
GLIS1,8000,52,2.02263680013451
GOLGA6D,4000,26,2.02263680013451
GOLGA6L6,4000,26,2.02263680013451
GRK5,8000,52,2.02263680013451
HEXIM1,4000,26,2.02263680013451
KDF1,4000,26,2.02263680013451
KLLN,4000,26,2.02263680013451
LIN28A,4000,26,2.02263680013451
LRFN1,4000,26,2.02263680013451
MAGEB2,4000,26,2.02263680013451
MC1R,4000,26,2.02263680013451
MRGPRE,4000,26,2.02263680013451
NAP1L5,4000,26,2.02263680013451
RASD1,4000,26,2.02263680013451
RGPD4,4000,26,2.02263680013451
RPIA,4000,26,2.02263680013451
RRP36,8000,52,2.02263680013451
RWDD2A,4000,26,2.02263680013451
S100P,4000,26,2.02263680013451
SCT,4000,26,2.02263680013451
SLC16A13,4000,26,2.02263680013451
SNTA1,4000,26,2.02263680013451
SYNE3,16000,104,2.02263680013451
TBC1D22B,4000,26,2.02263680013451
TGM7,8000,52,2.02263680013451
TMEM132C,4000,26,2.02263680013451
TMSB10,4000,26,2.02263680013451
TPGS1,4000,26,2.02263680013451
TRIM71,4000,26,2.02263680013451
TRIM72,4000,26,2.02263680013451
UBL4B,4000,26,2.02263680013451
ZG16,4000,26,2.02263680013451
ZNHIT2,4000,26,2.02263680013451
ZSWIM3,4000,26,2.02263680013451
CLIP2,22308,145,2.02260890208069
DIS3L2,23234,151,2.02235554538979
WTIP,4770,31,2.02231062100209
DPP9,36931,240,2.02220286910218
CXCR3,4001,26,2.02213126731768
TAL1,10772,70,2.02211682723608
EIF1AD,5694,37,2.02203565439942
STARD8,8003,52,2.02187859566114
EEF2,10004,65,2.02182806890695
ID1,12006,78,2.02162598714094
NEURL1B,4003,26,2.02112095941495
ZNF579,4003,26,2.02112095941495
NDUFA3,7237,47,2.02089539027693
DALRD3,10010,65,2.02061618395056
IER2,4004,26,2.02061618395056
USF1,9394,61,2.02061618395056
PRKAG1,14634,95,2.02006387667054
CITED1,8319,54,2.01988750880308
ITPRIP,12017,78,2.01977545157811
SLC34A1,12017,78,2.01977545157811
SOCS2,9244,60,2.01974183683505
WNK2,42372,275,2.01956705820604
BEAN1,12943,84,2.01952336827509
ICAM3,8938,58,2.01925976225625
SIM2,11404,74,2.01919870504214
ARSI,8014,52,2.01910336923834
DCDC2B,4007,26,2.01910336923834
FAM167A,15720,102,2.01907372884831
SLC25A25,17571,114,2.01889122562381
SIDT2,17881,116,2.01869512387969
ICMT,4008,26,2.01859960093264
UBALD1,4625,30,2.01843173402196
MT3,4471,29,2.01835649240063
PXMP4,4009,26,2.01809608394563
MIER2,16037,104,2.01797024394539
TMPRSS9,16037,104,2.01797024394539
ALDH1B1,4010,26,2.01759281808929
CAMK1,11723,76,2.01734127927641
SH3BP5L,10953,71,2.01711105225193
MICB,11264,73,2.01666966796628
NR6A1,8024,52,2.01658703901746
SCAF8,4475,29,2.01655237486552
RAB34,6944,45,2.01654236099905
IKBKG,14660,95,2.01648122586608
USP11,15586,101,2.01646760715815
DNAI1,21453,139,2.01618934571601
CHAF1A,24077,156,2.01616826029938
DNASE1,14663,95,2.01606866065585
LDLRAD1,4014,26,2.01558226221675
NDUFS6,4014,26,2.01558226221675
SPIN1,4941,32,2.0152998491213
PXDC1,8184,53,2.01518442001521
DBH,4015,26,2.01508024920001
SYCE1L,8185,53,2.01493821544343
EPOR,7104,46,2.01492751226151
MGAT1,15447,100,2.01446813185982
TOM1L2,18385,119,2.01413174800533
BAK1,4017,26,2.01407697299926
KLHL22,12052,78,2.01390985741903
LAMC3,13444,87,2.01370244217269
ELAVL1,15456,100,2.0132951108203
MSMP,6337,41,2.01328240262961
ARHGEF40,20095,130,2.01307469533168
NR2E3,8038,52,2.01307469533168
CDCA5,8659,56,2.0124487781949
FLYWCH1,17937,116,2.01239268049801
RRAS,4021,26,2.0120734147073
TCF23,4021,26,2.0120734147073
ZNF646,4021,26,2.0120734147073
ERGIC3,14383,93,2.01204651230897
MTCH1,19025,123,2.01180088075645
FAM83A,8198,53,2.01174302188393
TSPAN10,8044,52,2.01157314782149
RIBC1,8200,53,2.0112523528542
IGDCC3,15163,98,2.0111547482808
ADGRG5,8046,52,2.01107312963908
TNFRSF8,8202,53,2.01076192311686
ZNF324,4024,26,2.01057335997466
NPM3,4798,31,2.01050889165902
CDAN1,12074,78,2.01024031817245
DCTN2,14552,94,2.01006321322624
GREM1,4490,29,2.00981556292276
TRAPPC6A,4026,26,2.00957456545903
RFX5,6659,43,2.00938885269869
CAMK2A,24468,158,2.00938503301802
POMGNT1,21372,138,2.00927078145785
SUV39H1,10222,66,2.00915113418837
MN1,13013,84,2.00865987516979
EXOSC4,8832,57,2.00826187304325
RBM19,16116,104,2.00807823294565
BCL2L11,8368,54,2.00805977362964
MYCL,4339,28,2.00804263314008
XPNPEP2,4030,26,2.00757995050572
SULF2,26664,172,2.00727878339643
TRAF3IP1,12095,78,2.00675002907103
HSD17B10,6048,39,2.00658412711757
ACO2,29776,192,2.00650118642699
CYP26A1,10858,70,2.00610079784371
ADCY5,40805,263,2.00561197604131
TNS3,38173,246,2.00531851080038
SSTR2,4035,26,2.00509224300819
TMEM127,8070,52,2.00509224300819
MMP25,9469,61,2.00461172584555
SMOC2,8072,52,2.00459544116403
CCDC137,8852,57,2.00372445353796
NAGLU,8697,56,2.00365573995511
HAUS8,12425,80,2.00354055422703
ZFP36L1,9010,58,2.0031236132127
NAA40,8544,55,2.0031155287993
SYT12,15381,99,2.00288110919382
GANAB,16469,106,2.00282582954696
VDAC1,30142,194,2.00278445729238
TNFRSF13B,4040,26,2.00261069320248
B4GALNT2,4507,29,2.00223471877595
SLC25A23,18339,118,2.00221589480067
DPP3,14920,96,2.00219769862768
ADCY1,12745,82,2.00206678469421
MED12,23938,154,2.00187707488393
AP1S1,6218,40,2.00176836493011
SENP3,12437,80,2.00160741225946
PIGO,9950,64,2.00152694562982
MAP4K1,20679,133,2.00136663666886
TUBA4A,9641,62,2.00112470950731
SLC13A5,16018,103,2.00093731488474
TOP3B,20218,130,2.00082777736127
PPP1R13L,16797,108,2.00076730198641
SLC30A2,4667,30,2.00026714588635
OGFOD2,6845,44,2.00024766434609
TTC21A,17580,113,2.00015715774219
MICALL1,13225,85,1.99998985617488
YIF1B,11825,76,1.9999401113706
CFAP100,16494,106,1.99979014107002
KNCN,5914,38,1.99943285567783
SERHL2,5292,34,1.99923400210981
PSKH1,4047,26,1.99914682494145
FAM72D,7006,45,1.99869685337958
MARCO,8096,52,1.99865296455979
SERPINF1,17438,112,1.99860006541916
IFITM2,5138,33,1.99859311927535
CYTH4,16504,106,1.99857844079065
ARL16,4671,30,1.99855422176227
ZBTB46,13858,89,1.99845327011303
GRAPL,8720,56,1.99837086816395
DNAJB12,12769,82,1.99830379598462
GSDMB,16508,106,1.99809417172334
POLR1E,4205,27,1.99803141328571
SIGLEC9,10124,65,1.99786329527312
DPEP3,4050,26,1.99766597544149
CXXC1,8412,54,1.99755637015369
SLC35B2,4362,28,1.99745460458386
AP3B2,23060,148,1.99713287357334
IGFLR1,8883,57,1.99673183189441
ZAP70,17924,115,1.99649144263359
MAP1LC3B,8106,52,1.99618731816877
NGF,4521,29,1.9960344785497
MYC,7639,49,1.99601645818706
KLF15,15123,97,1.99589794061056
FXYD5,11538,74,1.99574813939162
SSR4,8108,52,1.99569491873163
ANKS1A,8264,53,1.99567634237711
RANBP3,17777,114,1.9954963000189
MYOM3,11696,75,1.9953930339115
RPUSD3,8889,57,1.99538405475509
SMOX,21521,138,1.99535965528169
KIAA0232,9357,60,1.99535038363826
CC2D1A,17313,111,1.99505649214179
SPAG8,6395,41,1.99502276551428
RAB36,8111,52,1.99495677488301
GFRA3,4056,26,1.99471084825888
ICAM2,8269,53,1.99446962068019
HPX,12950,83,1.99440278480742
TET3,21688,139,1.99434295618064
GTF3C5,10299,66,1.99412980810501
CNBP,4058,26,1.99372774779153
NUCB1,9366,60,1.993433006588
L1TD1,4059,26,1.9932365608618
TCFL5,4059,26,1.9932365608618
PICK1,11709,75,1.99317763469374
EPS15L1,20142,129,1.99292826483774
FAM98C,7651,49,1.9928858612065
ABCG1,24209,155,1.99232138092857
FCER1G,4061,26,1.9922549127156
EPHB4,18746,120,1.99194425901026
GOLGA3,22184,142,1.99183351562526
CAPN10,12500,80,1.99151931090167
MUC16,20000,128,1.99151931090167
GDNF,9219,59,1.99146530506289
UBE2K,4219,27,1.99140130193563
CYB561D1,4063,26,1.99127423099632
CALCOCO1,15627,100,1.99126442905475
GTPBP2,11097,71,1.99093605076286
POLDIP2,4064,26,1.9907842521009
BORCS8,9381,60,1.99024555374727
ZSCAN10,8443,54,1.99022198101775
INPP5K,18450,118,1.99017004307586
PMEL,14856,95,1.98987713861044
FABP3,11260,72,1.98975064366286
ARID5A,8602,55,1.98960928598712
CREB3L1,16425,105,1.98924588703078
PREB,6414,41,1.98911296935825
MMP21,9230,59,1.98909194446097
ZBTB34,4068,26,1.98882674546166
INSL3,4069,26,1.98833797014943
F2,7984,51,1.98771536933213
PYCARD,5010,32,1.98754422245676
PRMT8,12056,77,1.9874308816594
ALDH3A1,11587,74,1.98730836560806
SMUG1,14249,91,1.98729140303763
CNN1,11588,74,1.98713686851058
ENOPH1,4072,26,1.9868730846115
GADD45B,4229,27,1.98669238422001
KDM2B,40728,260,1.98648281293902
FOXN4,11593,74,1.98627982681796
FOLR1,6582,42,1.98561918532243
PRRC2A,18806,120,1.98558901836682
ALPL,19906,127,1.98529143603461
ZNF600,7367,47,1.98523414407956
FKBP1B,12070,77,1.98512565942715
ACHE,6741,43,1.98494590863679
ZCCHC14,13170,84,1.98471457521522
RNF215,14583,93,1.98445210083933
TMEM213,4077,26,1.98443639944519
PDGFRL,8783,56,1.98403665836156
CATSPER1,8000,51,1.98373993859346
CYP4F22,8000,51,1.98373993859346
DLL1,8000,51,1.98373993859346
HS3ST4,8000,51,1.98373993859346
IRS1,8000,51,1.98373993859346
RS1,8000,51,1.98373993859346
SYCE2,8000,51,1.98373993859346
NSG1,10197,65,1.98356065522655
SDS,8001,51,1.9834920020932
CDKN2D,4080,26,1.98297725503383
PER2,18047,115,1.98288428092006
CDH5,14909,95,1.98280332491761
STC2,8161,52,1.98273427289255
PCGF5,8632,55,1.98269451784769
CLIC6,4395,28,1.98245665192146
NT5C,4709,30,1.98242658098356
FAHD1,4239,27,1.98200568362029
EPHX1,11777,75,1.98166909438982
PAQR8,5025,32,1.98161125462853
SLC5A11,8166,52,1.98152025484645
RHCG,8324,53,1.98129136153345
CLCN6,8167,52,1.98127762961627
NAGPA,9738,62,1.98119155107414
ABHD16A,17125,109,1.98061683292228
PIF1,10684,68,1.98052159100807
BCL2L2,9113,58,1.98048323878486
TTC22,8328,53,1.98033973263742
DENND2D,12414,79,1.98024943563255
SLC2A11,21058,134,1.98012325823933
HLA-F,6759,43,1.97965976773496
CCS,8489,54,1.9794374114422
POLDIP3,12105,77,1.97938593220039
SPCS1,5188,33,1.97933142768634
ESAM,8018,51,1.97928654386975
GOLGA6B,7861,50,1.9792322371733
AP4M1,9119,58,1.97918014640272
HDAC6,17452,111,1.97916645934282
SYNDIG1L,12108,77,1.97889549961065
ERGIC1,36324,231,1.97889549961065
AIFM2,12109,77,1.97873207608273
PPL,15569,99,1.97869576340871
PPP4C,4247,27,1.97827221400198
CSH2,4090,26,1.97812889988705
GPR161,14630,93,1.97807689586739
CCDC74A,5506,35,1.97804599191673
SLC11A1,14001,89,1.9780419553765
PADI4,10698,68,1.9779297698944
AXIN1,12274,78,1.97748424324704
ZNF441,4092,26,1.97716207246775
CDCA3,6925,44,1.97714011010094
VPS52,12434,79,1.97706421858955
ZNF518B,4250,27,1.97687578655681
FAM229A,6454,41,1.97678503028569
NOTCH3,16532,105,1.97637089852895
WDR47,4566,29,1.97636265385966
CXCL17,4094,26,1.9761961896771
SMPX,4094,26,1.9761961896771
SLC29A2,4567,29,1.97592990530396
EBNA1BP2,9449,60,1.97592269443361
FSCN3,8032,51,1.97583659222456
LRP10,8977,57,1.975823645173
ASTL,4725,30,1.97571360208499
EIF3K,12129,77,1.97546926451362
NPAS1,9609,61,1.97540518597477
NSDHL,4096,26,1.97523125013136
TAF4,23790,151,1.9750907415547
SARM1,15600,99,1.9747637397763
FBXO41,10873,69,1.97471420681124
NR2C2AP,4570,29,1.97463279595694
C2,27107,172,1.97447454460038
SIVA1,4571,29,1.97420080453362
CCAR2,15605,99,1.97413100547967
CYP2S1,8512,54,1.97408883760959
TMEM234,10564,67,1.97356283472187
PSMA7,8044,51,1.97288904882492
POR,38801,246,1.97286213017146
BCOR,27131,172,1.97272793042949
ZNF787,8045,51,1.97264381712215
ELN,20981,133,1.97255901433084
LY6E,4575,29,1.97247472732747
C19orf47,18145,115,1.97217484804433
PLD3,29192,185,1.97202504387337
TNIP1,31245,198,1.97191962493264
RASL12,8048,51,1.97190848766746
SYN1,12470,79,1.97135657529611
PSCA,8051,51,1.97117370621633
AKNA,26995,171,1.9711393438842
IL34,12314,78,1.97106071151649
NKX2-5,4105,26,1.97090065786554
GRAP,8054,51,1.97043947215641
DNAJC5,8056,51,1.96995028658735
PCSK7,22589,143,1.96989727756692
NPIPA3,10745,68,1.96927805289253
PLD2,18488,117,1.96924829091417
FAM72C,7112,45,1.96890750207781
PRRC2B,31773,201,1.96853156321423
SIRT2,12646,80,1.96852691651676
CMKLR1,10751,68,1.96817902319135
APOB,4111,26,1.96802413051278
USP19,11227,71,1.96788254701304
KCNN3,9962,63,1.96787976477498
MESP1,4112,26,1.96754552542267
KIF17,17714,112,1.96746008472278
PIH1D1,10598,67,1.96723134421607
DNAI2,12022,76,1.96716784369966
TBX5,8544,54,1.9666952464575
FAM89B,5856,37,1.96609819264861
CAD,22158,140,1.96608380386199
PDPN,6015,38,1.96585966890751
NIPAL4,4116,26,1.96563343064578
TAF10,4591,29,1.96560049608434
PDCD6,10607,67,1.96556215574638
HSP90AB1,5700,36,1.96531510944244
NAPSA,10609,67,1.96519160957695
NINJ2,12193,77,1.96510019759581
ASAP3,18052,114,1.96509737012165
NOP9,19004,120,1.96490144598013
RSPO1,4276,27,1.96485549412218
TPCN1,31834,201,1.96475948225186
KIAA1755,20115,127,1.96466374972434
LST1,5545,35,1.96413367565257
CDK5RAP3,23927,151,1.96378186741281
KIFC3,37081,234,1.96367209095877
ASB1,10142,64,1.96363568418623
SLC16A2,8399,53,1.96359915387599
GABARAP,6816,43,1.96310451439563
EXOC3L1,8086,51,1.96264154201678
ADAMTS13,12367,78,1.96261353615381
LGI2,4281,27,1.96256063837104
RNF2,4599,29,1.9621813171392
KIAA1614,8565,54,1.96187322658877
C22orf23,4124,26,1.96182036870466
MTA2,9204,58,1.96090218981382
UNC45A,20154,127,1.96086192942865
C19orf12,8729,55,1.96066205499613
FUBP3,14761,93,1.96052198269358
ZNF606,4603,29,1.96047618455859
SYP,8095,51,1.96045948224184
TMEM40,16667,105,1.96036261441654
AHRR,22383,141,1.96022248216514
NLRX1,14448,91,1.9599193799753
KLF4,6035,38,1.95934480670732
UQCC3,5400,34,1.95924932206762
LONRF3,5718,36,1.95912838821649
TMEM94,32085,202,1.95908768116983
CCDC187,6831,43,1.9587937886284
SLC41A1,12550,79,1.95879015887988
ESYT1,20176,127,1.95872379687277
ZNF668,9532,60,1.95871732476953
TTLL3,27965,176,1.95840447165371
ITGB7,16843,106,1.95835294109178
GALK1,8104,51,1.95828226909522
DNTTIP1,10011,63,1.95824774914477
COPS7A,8423,53,1.95800419012281
AGO2,22095,139,1.95760624727973
TFF3,5723,36,1.95741676110814
ADCK2,9539,60,1.95727996013242
PHYHD1,19716,124,1.95707479451815
ZBP1,10495,66,1.95688831764397
CD300LF,8110,51,1.95683347826729
TSC22D3,18289,115,1.95664676131907
PELI3,9065,57,1.95664300747027
CCRL2,4453,28,1.9566352987188
BEND2,4136,26,1.95612843339895
PLEKHA4,26567,167,1.95604347569694
FGFR1,34364,216,1.95593576833114
ATF6B,11296,71,1.95586201799889
ITLN2,7797,49,1.95556877312953
CYP4F3,12412,78,1.95549803429053
SLC25A35,8593,54,1.95548052900417
TSPAN18,29917,188,1.95543937419315
ZNF771,4617,29,1.95453148744275
TTC39A,28504,179,1.95412242937065
ODF4,4618,29,1.9541082454576
ZNF454,9237,58,1.95389669319545
KEL,13698,86,1.95364584174633
COASY,7328,46,1.95333584158103
CCND3,13223,83,1.95322665531695
ITGAE,29475,185,1.95309092725196
FBXO6,8286,52,1.95282336484143
LAIR1,17211,108,1.95264007736132
CD300A,4463,28,1.95225117302147
TMEM205,4463,28,1.95225117302147
DNPH1,6854,43,1.95222065510951
SLC43A3,9724,61,1.95204323653142
FBL,10681,67,1.95194436719426
IMPDH2,8609,54,1.95184622903158
TRMU,17063,107,1.95133994485948
SRRM2,21051,132,1.95121779427804
MAOB,4147,26,1.95093976381433
FKBP4,10208,64,1.95093976381433
ORAI1,4307,27,1.95071327904955
C6orf136,9572,60,1.95053212909561
ZIC4,18825,118,1.95052522150064
TAPBPL,12125,76,1.95045705706865
DVL2,10690,67,1.95030100898053
CTDSP2,14202,89,1.95004685376893
MYO1F,31596,198,1.95001356757249
FKBP8,10373,65,1.94990533127785
AMMECR1L,5107,32,1.94979372518276
CSF3R,17715,111,1.94978340663002
ZNF696,5746,36,1.94958164354715
ADRM1,6066,38,1.94933166971294
CMPK1,4151,26,1.94905979295062
CNTROB,17882,112,1.94897595016101
IDH3B,8303,52,1.94882505131592
SLC22A23,25069,157,1.94879963682463
TRIM28,9581,60,1.94869987889606
CENPM,8464,53,1.94851952899391
STAG3,22520,141,1.94829750525322
IFI27,12779,80,1.94803907866585
TGFBI,23169,145,1.94744526684863
BCL2L14,12626,79,1.94699956391118
LRRC27,20937,131,1.94697955270662
ACSL6,32608,204,1.9467516571084
SET,12788,80,1.94666807837589
SCAF1,6714,42,1.94658109588803
MYH9,43968,275,1.94625853780718
PSORS1C1,8797,55,1.94550631784259
MPPED1,9118,57,1.94526967127857
TXNRD2,30396,190,1.94509901113283
AARS2,8000,50,1.94484307705241
AKAP5,4000,25,1.94484307705241
ASCL2,4000,25,1.94484307705241
AVPI1,4000,25,1.94484307705241
B3GNT9,4000,25,1.94484307705241
BARX2,4000,25,1.94484307705241
BMP2,4000,25,1.94484307705241
C5orf47,8000,50,1.94484307705241
CBY3,4000,25,1.94484307705241
CCDC87,4000,25,1.94484307705241
CHST14,4000,25,1.94484307705241
DDTL,4000,25,1.94484307705241
DGAT2L6,4000,25,1.94484307705241
DRICH1,8000,50,1.94484307705241
EIF4EBP2,4000,25,1.94484307705241
EN2,4000,25,1.94484307705241
FAM120B,16000,100,1.94484307705241
FDX1,4000,25,1.94484307705241
FZD8,4000,25,1.94484307705241
G0S2,4000,25,1.94484307705241
GADD45GIP1,4000,25,1.94484307705241
GAGE10,4000,25,1.94484307705241
GALNT18,4000,25,1.94484307705241
GCM2,4000,25,1.94484307705241
GOLGA6L1,4000,25,1.94484307705241
GOLGA8K,4000,25,1.94484307705241
GOLGA8Q,8000,50,1.94484307705241
GOLGA8S,4000,25,1.94484307705241
GPC4,4000,25,1.94484307705241
GPR37,4000,25,1.94484307705241
GUCA1B,4000,25,1.94484307705241
HEYL,4000,25,1.94484307705241
IRF2BPL,4000,25,1.94484307705241
IRS2,4000,25,1.94484307705241
KCTD12,4000,25,1.94484307705241
LINGO4,4000,25,1.94484307705241
MANSC4,4000,25,1.94484307705241
MAPRE1,4000,25,1.94484307705241
MBLAC2,4000,25,1.94484307705241
MXRA5,4000,25,1.94484307705241
NATD1,4000,25,1.94484307705241
NES,4000,25,1.94484307705241
NGB,4000,25,1.94484307705241
NLRP13,4000,25,1.94484307705241
NPFFR1,4000,25,1.94484307705241
NR0B2,4000,25,1.94484307705241
OCSTAMP,4000,25,1.94484307705241
PADI6,4000,25,1.94484307705241
PI4K2A,8000,50,1.94484307705241
PRR15L,4000,25,1.94484307705241
PTGDR2,4000,25,1.94484307705241
PTH2,4000,25,1.94484307705241
PURA,4000,25,1.94484307705241
SERPINB9,4000,25,1.94484307705241
SLC35D1,4000,25,1.94484307705241
SPEF1,4000,25,1.94484307705241
TMEM238,4000,25,1.94484307705241
TMEM47,4000,25,1.94484307705241
TNFRSF10C,8000,50,1.94484307705241
TUBA3C,4000,25,1.94484307705241
VAMP5,8000,50,1.94484307705241
XKR4,4000,25,1.94484307705241
XRN2,4000,25,1.94484307705241
ZC3H3,8000,50,1.94484307705241
CDH4,12000,75,1.94484307705241
SH2B3,12000,75,1.94484307705241
TMEM120B,12000,75,1.94484307705241
FAM182B,32322,202,1.94472273529899
IL17RC,17443,109,1.94450858589658
VAV1,24167,151,1.94427975096563
ANGPTL2,8004,50,1.94387114148167
BRD4,23694,148,1.94369393367946
BOLA3,6404,40,1.94362830935906
IRF2BP2,6084,38,1.94356441625225
PHB2,7205,45,1.94349342883794
SV2A,4003,25,1.94338553789899
AKAP1,22100,138,1.94308303806865
THAP3,7527,47,1.9430344014128
SERINC4,5125,32,1.94294566917236
ZMAT5,4004,25,1.94290017687554
MATK,13777,86,1.94244325616906
TMPRSS4,21788,136,1.94234373768407
NPRL3,16342,102,1.94222488174614
MIF4GD,6570,41,1.94188288972052
ATAD3B,23878,149,1.94174800891739
CCR7,8013,50,1.94168783432164
WBP2,12180,76,1.94164957446284
RUVBL2,16348,102,1.9415120514739
ST20-MTHFS,4648,29,1.94149567072358
STRIP2,8014,50,1.94144554734456
EFHD1,17150,107,1.94144101919168
KRT78,9139,57,1.94079974425189
GIPR,12508,78,1.94048941490359
SMDT1,4009,25,1.94047700379388
C2orf76,10105,63,1.94003149101319
LGALS12,5935,37,1.93992771965464
BMP7,21018,131,1.93947620587204
ENTPD6,21343,133,1.93910231362392
EIF1AX,4012,25,1.93902599905525
TBC1D3L,4012,25,1.93902599905525
NUP210,22631,141,1.93874154117372
CAPN2,26644,166,1.93871160961237
MIIP,13804,86,1.93864392496676
DDX49,12039,75,1.93854281291045
CLEC4M,7384,46,1.93852181027976
DNAH17,34520,215,1.93808232475675
CD300LG,8028,50,1.93805986751611
TADA2B,9636,60,1.93757716269232
MXRA7,10921,68,1.9375416791805
MYO19,30034,187,1.93746103966865
GABPA,4819,30,1.93717509231201
ISCA2,4016,25,1.93709469825938
PLA2G10,8032,50,1.93709469825938
TSPAN15,20242,126,1.93696455060649
CDC42BPB,21046,131,1.93689588971864
GOLPH3,4017,25,1.93661247403775
IL23A,8034,50,1.93661247403775
VPS18,4017,25,1.93661247403775
PCMTD2,16390,102,1.93653685280631
ACTN1,52550,327,1.93633091896065
PSD4,20736,129,1.93583917391791
ALK,20259,126,1.93533917929694
ZNF141,4020,25,1.93516724084817
DNASE2,6915,43,1.93499933045851
TMEM9,12544,78,1.93492040829194
PSG7,9650,60,1.93476616991743
PYGO1,4986,31,1.93470149662655
FABP1,4021,25,1.93468597568009
EPHX3,4987,31,1.93431354765991
PRTFDC1,4022,25,1.93420494982836
LCTL,6436,40,1.93396452659034
LRRC43,13517,84,1.93376421954461
PTGES,4023,25,1.9337241631145
TUBA3D,6598,41,1.93364210146466
KIF19,8047,50,1.93348385937856
LRCOL1,8208,51,1.93346972572462
MAP6D1,8369,52,1.93345613586762
TSNAXIP1,8530,53,1.93344305901576
TOR2A,6439,40,1.93306347152282
ARSD,12074,75,1.93292338285812
POU2F3,15777,98,1.93288581150927
ZBTB3,4025,25,1.93276330638749
CIART,4991,31,1.93276330638749
SPSB2,8051,50,1.93252324138856
TMEM9B,4831,30,1.93236323118435
TSR1,8214,51,1.93205740306156
PLBD2,4188,26,1.93184030576362
ZNF396,4027,25,1.93180340407491
MDC1,15947,99,1.93179371295606
ATOH8,15303,95,1.93175290931168
ARL4C,4028,25,1.93132381037975
UHMK1,4834,30,1.93116399872809
GPX7,4029,25,1.93084445475544
ZNF180,4029,25,1.93084445475544
CHDH,5802,36,1.93076458528471
DGKA,22242,138,1.93067777813674
NFASC,48840,303,1.93050762439601
F2RL3,4191,26,1.93045745658269
DUSP23,4030,25,1.93036533702473
ZNF428,4030,25,1.93036533702473
CYP4B1,18059,112,1.92987363313468
SLC22A4,9031,56,1.92955309161661
PHF5A,4193,26,1.9295366564603
MPV17L2,4032,25,1.92940781453612
ALDH1A3,10161,63,1.92933945642046
RNF187,4840,30,1.92876999377099
UBXN11,15973,99,1.92864924187756
ACOX2,21949,136,1.92809628487223
SAMD4B,21627,134,1.92802679853904
RIPK4,4037,25,1.92701815908091
TCEAL8,4037,25,1.92701815908091
SLC6A13,15665,97,1.92684101856709
NUDT16L1,4199,26,1.92677951906121
IKZF4,21319,132,1.92668914054819
CD8B,4038,25,1.92654093814008
MAN2A2,20516,127,1.92626298136601
ATXN2L,17447,108,1.92622733830834
CNPY4,6625,41,1.92576159780586
HPCAL1,21815,135,1.92567547395517
SLC37A1,20361,126,1.92564394840021
HLA-C,6464,40,1.92558720500239
GGT7,8243,51,1.9252601611971
LSM2,4364,27,1.92523421009771
UROD,7597,47,1.92513096478006
CD22,22469,139,1.92502158679272
MBOAT7,12448,77,1.92484469065599
RAET1E,10187,63,1.92441525637463
HINT2,5660,35,1.92422636598825
RABAC1,5822,36,1.92413193469974
ISG20,16497,102,1.92397642101566
TREH,4044,25,1.92368256879566
IRF1,18280,113,1.92356470640633
NEMP1,8251,51,1.92339346851869
TMEM109,8251,51,1.92339346851869
TSPAN11,4530,28,1.9233768179238
FCGR3A,9546,59,1.92324729178449
CMTR1,13753,85,1.9232069983213
KIF5A,25888,160,1.9232069983213
NNAT,4045,25,1.9232069983213
ERCC1,25890,160,1.92305843076639
PIK3C2B,26053,161,1.92297077744867
PIP4K2C,8092,50,1.92273166292873
RAB8B,4046,25,1.92273166292873
KBTBD4,4208,26,1.92265855526094
CASP8AP2,4047,25,1.9222565624437
TMEM229B,12303,76,1.9222378132941
RASGRP4,12143,75,1.92193995920522
ACAN,9067,56,1.92189191247266
EBPL,4048,25,1.92178169669211
SLC7A14,4048,25,1.92178169669211
COLEC11,12468,77,1.92175703475182
MYO9B,37412,231,1.92134609558049
PSRC1,5507,34,1.92118146707193
NPEPL1,12958,80,1.92112913923992
CLP1,8747,54,1.9210522677184
HPS1,22679,140,1.9209173652266
FBXW9,4050,25,1.92083266869374
STMN1,11178,69,1.92083266869374
TK1,4212,26,1.92083266869374
ZNF263,8263,51,1.92060020679507
ZNF683,7777,48,1.92058567979459
DYRK2,7131,44,1.92002457754158
CCHCR1,11831,73,1.92002088918707
ATP1B2,11183,69,1.91997385054624
NUTM2A,4052,25,1.91988457754434
CYGB,19129,118,1.91952727768046
HNF4A,8268,51,1.91943874077742
FAM171A2,4053,25,1.91941088285459
LDHD,5188,32,1.91935168745342
DPEP2,9567,59,1.91902567653128
CD82,25296,156,1.91901024680693
STOM,4054,25,1.91893742185734
C5AR1,12000,74,1.91891183602505
EEPD1,12000,74,1.91891183602505
WWC3,4541,28,1.91871768006933
MRM1,4379,27,1.91863943659886
NLGN3,14922,92,1.91851562084248
STIP1,14600,90,1.91820139106539
ELOF1,8436,52,1.91810033203842
CYP27B1,7301,45,1.91793865974214
ZNF319,4219,26,1.91764569816024
CLPP,7141,44,1.91733584406231
MOB1B,4058,25,1.91704591133801
TOP1MT,29380,181,1.91704069133553
SNRPD2,4545,28,1.91702903964682
FICD,5844,36,1.91688845376829
VPS25,4059,25,1.91657361621327
BMPR1A,4872,30,1.91610155374622
NFE2,9257,57,1.91606015585157
HM13,24524,151,1.91597654304299
NAV1,27773,171,1.91592217578778
CD74,4223,26,1.91582931577979
FGR,10558,65,1.91573858698097
COMMD7,4061,25,1.915629723765
PAM16,14620,90,1.91557731255504
RGS12,50691,312,1.91526240173712
DNAJC5G,6499,40,1.91521706310747
ABHD12,21123,130,1.91510372592388
CDC42EP2,6176,38,1.91461235564745
SEMA4B,32018,197,1.91459347206859
TOR1B,5201,32,1.9145542308226
PRR13,4877,30,1.91413712730194
TCF19,7153,44,1.91411928735481
DHRS1,11055,68,1.91405632549346
TUFM,6016,37,1.91380834709945
SLC37A4,6179,38,1.91368278175735
ZNF563,4228,26,1.91356367089358
SLC6A16,17563,108,1.91350500321504
CELA2B,12361,76,1.91321833322202
MED15,35457,218,1.9131941937442
UPB1,9598,59,1.91282753150394
WSB2,13341,82,1.91262582796849
NINL,39700,244,1.91251067325255
SOX13,20502,126,1.91240056742643
NANS,11716,72,1.91230729324375
CNPPD1,5208,32,1.91198090524354
COLGALT1,15788,97,1.91182952595981
MAGEB17,4232,26,1.91175500957893
NGEF,28000,172,1.91150291001723
PDE1B,12536,77,1.91133269857097
SUMO2,4396,27,1.91121976634814
DGCR6L,4071,25,1.91092417298198
ZFP37,4071,25,1.91092417298198
PRF1,4072,25,1.91045488904952
AFMID,11565,71,1.91036898878646
KCNK6,4398,27,1.91035063503102
TXNDC5,13195,81,1.91020585665777
ADGRE5,10426,64,1.91014704671175
DLL3,4073,25,1.90998583555356
ZER1,4726,29,1.90945236511282
FAM32A,4075,25,1.90904841919255
ATP2B4,14836,91,1.90866238891097
SHISA6,4728,29,1.90864464414619
CYP2B6,12555,77,1.90844019986346
IQGAP3,8643,53,1.90816490725494
BIN3,12069,74,1.90794117427298
MCRS1,12885,79,1.90786313495867
ALAS1,12074,74,1.90715107108668
SCARB1,28393,174,1.90696408499064
DNAJC17,16972,104,1.90679877457884
TCF7L1,8976,55,1.90670889907099
DNMT3B,22198,136,1.90646839159656
ABCC8,44889,275,1.90632661432213
PSMG4,8163,50,1.90600816077659
B3GNT2,8000,49,1.90594621551136
KRCC1,8000,49,1.90594621551136
NODAL,8000,49,1.90594621551136
RAB3D,8000,49,1.90594621551136
SERTAD2,8000,49,1.90594621551136
TUBA4B,8000,49,1.90594621551136
RGS3,51109,313,1.90568669507885
RNF40,11594,71,1.90559059473136
GOLGA8T,4736,29,1.9054205822473
TMEM178B,8329,51,1.90538113924213
TMEM107,4083,25,1.90530793735235
WDR13,14700,90,1.90515240201053
HLA-DOA,6207,38,1.90505008997562
C2CD4D,4737,29,1.90501834019911
POLE,40844,250,1.90465485951661
MAN1B1,18791,115,1.90437510604887
JARID2,10786,66,1.90409261020522
GDF15,12750,78,1.90365816483248
ERICH1,28933,177,1.90363792009554
DMRTB1,4577,28,1.90362617111532
HDAC3,13895,85,1.90355277782748
MAMLD1,13895,85,1.90355277782748
NR2F2,10463,64,1.90339224973877
ZNF517,8012,49,1.90309157814415
SLC6A2,8667,53,1.90288096150969
DAPK3,9976,61,1.90273340337125
CYP27C1,8014,49,1.90261663639767
CMTM2,8015,49,1.90237925440935
IGSF3,9324,57,1.90229181281832
TAF1C,9652,59,1.9021258441126
POFUT2,20123,123,1.90202811491286
HCK,4091,25,1.90158208462715
OS9,9655,59,1.90153481588553
PIAS3,12111,74,1.9013245836265
PACS1,35025,214,1.90125416012204
GAK,37646,230,1.9011375773131
RPE,4092,25,1.90111737737284
GNAO1,37982,232,1.90070493971317
RSAD1,9169,56,1.90051193918526
ITPKC,8024,49,1.90024547907414
ST3GAL2,16215,99,1.89986520755536
SLC15A3,17034,104,1.89985844793661
SLC6A1,23587,144,1.89974072562376
AMER3,4751,29,1.89940473111412
PYROXD2,11305,69,1.89925409736034
TSHZ3,8194,50,1.89879724388813
MB,14750,90,1.8986942582749
ARHGAP22,40158,245,1.89844734848485
ZGLP1,8032,49,1.89835280429419
KCNG4,4262,26,1.89829826385219
CRB3,4754,29,1.89820611643315
EMP2,8034,49,1.897880224557
ECE1,33122,202,1.89775159260715
SLC22A17,8691,53,1.89762619875785
ZKSCAN5,4592,28,1.89740788005113
CDHR1,19025,116,1.89730814770527
TCN2,8201,50,1.89717651706125
FAH,24768,151,1.89710145112994
PNRC1,5085,31,1.89703474182497
TAX1BP3,4101,25,1.8969452104876
FANCE,13452,82,1.8968436790758
PLEKHM1,30191,184,1.89646517798096
LRRC75A,8040,49,1.89646389603121
PEA15,8041,49,1.89622804677166
TSEN54,9026,55,1.8961465852051
WFDC2,9520,58,1.89581341964773
ZNF836,5909,36,1.89580235637534
KCTD13,10999,67,1.89551029966378
MAST1,24626,150,1.89540460688938
NR1H2,14284,87,1.89528252818325
PAFAH1B3,5254,32,1.89524106480936
KCNQ3,12809,78,1.89488965583684
FXYD6-FXYD2,9362,57,1.89457048309314
LGALS9,17249,105,1.89421784999018
PHRF1,8051,49,1.89387277656079
F12,13474,82,1.89374656159475
FAM110A,10353,63,1.89355918252568
SHBG,11340,69,1.89339220199812
GCAT,4109,25,1.89325196111211
FCGR3B,4931,30,1.89317517133474
FAM193B,24162,147,1.89316733599341
SEMA4D,48819,297,1.89309373443804
FOXK1,12000,73,1.89298059499768
CNTD1,8549,52,1.89274703486678
CRELD2,9043,55,1.89258200575708
PSMC3,4275,26,1.89252566094457
SLC5A2,9208,56,1.89246242076343
PTK2B,36018,219,1.89203457770883
NFYB,8224,50,1.8918706975218
PLIN1,8060,49,1.89175803028423
ASB16,4277,26,1.89164068284733
TMEM181,28952,176,1.89164068284733
CHTF8,4442,27,1.89142775616083
ASRGL1,16454,100,1.89118082124946
RAB5C,13986,85,1.89116729929307
SHANK2,50849,309,1.89095246178826
PTGDR,4114,25,1.89095097428528
PAX6,25507,155,1.89093614736738
VPS16,13001,79,1.8908404348852
KLC4,22053,134,1.89078291261977
CGREF1,10369,63,1.89063730511026
MCM7,9547,58,1.89045184403963
ATG101,4774,29,1.89025384950214
LTB,4116,25,1.89003214485171
IRGQ,4610,28,1.88999934602924
IGFBP2,9716,59,1.88959640257048
THY1,6423,39,1.88943185439935
RAB11FIP3,24542,149,1.88921273559325
CACNA1A,64403,391,1.88918812633571
CGN,18615,113,1.88894777507965
TGM4,12027,73,1.88873095035937
NOP14,8073,49,1.88871172105672
ANKLE1,4449,27,1.88845180779196
GPR68,8241,50,1.88796803985188
ZHX2,13024,79,1.88750126642679
NIM1K,4781,29,1.88748627431985
MOV10L1,14674,89,1.88732216282039
NDUFS3,11213,68,1.88708576458845
XXYLT1,36614,222,1.88673256396192
ZNF616,5113,31,1.88664612990025
DTX2,26886,163,1.88653973999579
LRRC74A,4124,25,1.8863657391391
THAP8,4454,27,1.88633185740153
SS18L2,8414,51,1.88613257769761
PORCN,8912,54,1.88548520935063
MAP1B,8252,50,1.88545135923646
SLC38A7,9903,60,1.88533712407383
JAKMIP3,29548,179,1.88507871012526
TTLL6,12216,74,1.88498215719553
PRODH2,12714,77,1.88457343945931
GPANK1,5286,32,1.88376779313438
DMRTC1,9913,60,1.88343524056322
NR2E1,10741,65,1.8830991529043
ACVR2B,8429,51,1.88277607174608
PQBP1,8598,52,1.88196026995535
APCDD1L,8268,50,1.88180268703668
TOB1,5624,34,1.88121378719152
CSNK2B,5128,31,1.88112746922386
TFAP2A,13565,82,1.88104247481958
PGLS,8106,49,1.8810226651975
BAG6,14558,88,1.88098574837876
GPN2,7942,48,1.88068431525592
SLC25A19,6787,41,1.87979528296211
RNF8,8112,49,1.87963137624395
ABHD14B,8609,52,1.87955562795633
TRIM46,4967,30,1.87945374871181
TMEM222,9272,56,1.879399694822
LRRC42,8281,50,1.87884852269283
RBCK1,16069,97,1.87839719682951
HDAC1,12425,75,1.87831926958784
WDR45B,18224,110,1.87825055729381
TDRP,8947,54,1.8781093311426
QSOX2,13091,79,1.87784099716924
FOXO4,7457,45,1.87781549614823
PYM1,8783,53,1.87774898023505
TRIM63,4806,29,1.87766788962197
IPO13,17733,107,1.87761312125062
KY,8618,52,1.87759275946578
FOXO1,12764,77,1.87719106152348
UBE2E2,4310,26,1.87715712309467
MAOA,13430,81,1.87678081002228
SERPINB1,7960,48,1.87643151152796
ACTR1B,8128,49,1.87593131447969
C1orf122,4811,29,1.87571645760199
CD34,12277,74,1.87561635841823
PITPNM3,16095,97,1.87536281800891
C12orf57,5144,31,1.87527637289657
PIPOX,17425,105,1.87508543440347
RFPL2,10622,64,1.87490049981328
PKLR,4482,27,1.8745475441469
ZNF487,4317,26,1.87411331955942
WDSUB1,4151,25,1.87409595476021
TMED1,5314,32,1.8738420313339
MFSD2A,14117,85,1.87361803838725
EGR4,4153,25,1.87319342841552
TMCO4,20601,124,1.87300066252706
ONECUT2,10799,65,1.87298527653904
TMEM161A,13956,84,1.87293572338667
SLC16A11,4486,27,1.87287607955114
FXR2,18779,113,1.87245129309908
EIF3I,9639,58,1.87240831570146
DEDD2,10471,63,1.87222024798857
ELL3,9810,59,1.87149017812179
KCTD7,8314,50,1.87139098104634
SCN2B,8149,49,1.87109703326677
PKD2L1,4324,26,1.87107937107725
GUCY1A2,4325,26,1.87064675156949
ITFG2,26785,161,1.87041843064664
TRAP1,20466,123,1.87015106793665
SNX6,8488,51,1.8696889147912
OSR2,7989,48,1.86962008158249
LILRB1,12483,75,1.86959199908908
UNC5CL,14148,85,1.86951271189658
TPM4,24969,150,1.86936736950851
PDIA4,8157,49,1.86926194974757
DAZAP1,14485,87,1.86898278443698
ZBTB21,6330,38,1.86803252898557
CTSA,10162,61,1.86790675379173
RCN1,21990,132,1.867898398697
ANKRD11,50313,302,1.86780389726656
BCKDHA,27656,166,1.86776945785768
OTUD5,9330,56,1.86771639554015
ACSF3,28826,173,1.86752433125688
CCDC160,4166,25,1.86734812967106
NCKAP5L,12666,76,1.86714762489794
ADAMTS8,8000,48,1.86704935397032
ANKRD62,8000,48,1.86704935397032
ARFGEF3,4000,24,1.86704935397032
AWAT1,4000,24,1.86704935397032
B4GALT5,4000,24,1.86704935397032
BSX,4000,24,1.86704935397032
BTBD16,12000,72,1.86704935397032
C1GALT1C1L,4000,24,1.86704935397032
C6orf47,4000,24,1.86704935397032
CDKN2AIPNL,4000,24,1.86704935397032
CEACAM18,8000,48,1.86704935397032
CHST2,4000,24,1.86704935397032
DEFB123,4000,24,1.86704935397032
EPO,4000,24,1.86704935397032
EXOSC6,4000,24,1.86704935397032
FAM43B,4000,24,1.86704935397032
FGF16,4000,24,1.86704935397032
FOXC2,4000,24,1.86704935397032
GOLGA8H,4000,24,1.86704935397032
GRK7,12000,72,1.86704935397032
HEPN1,4000,24,1.86704935397032
HSPA1B,4000,24,1.86704935397032
KCNB2,4000,24,1.86704935397032
LDOC1,4000,24,1.86704935397032
LEP,4000,24,1.86704935397032
LRIT1,4000,24,1.86704935397032
LRRC52,4000,24,1.86704935397032
MAP1A,8000,48,1.86704935397032
MAS1,4000,24,1.86704935397032
MBD3L1,8000,48,1.86704935397032
MMP9,4000,24,1.86704935397032
MOCOS,8000,48,1.86704935397032
MOGAT1,4000,24,1.86704935397032
MS4A10,4000,24,1.86704935397032
MYOZ1,4000,24,1.86704935397032
NTN1,8000,48,1.86704935397032
PADI3,4000,24,1.86704935397032
PCDH12,4000,24,1.86704935397032
PGP,4000,24,1.86704935397032
PKDREJ,4000,24,1.86704935397032
PLAGL2,4000,24,1.86704935397032
PLVAP,8000,48,1.86704935397032
PRSS35,4000,24,1.86704935397032
PSORS1C2,4000,24,1.86704935397032
PYGB,12000,72,1.86704935397032
RAB20,4000,24,1.86704935397032
RHOU,4000,24,1.86704935397032
RIMBP3C,4000,24,1.86704935397032
RNF103-CHMP3,4000,24,1.86704935397032
S100A9,4000,24,1.86704935397032
SFRP2,4000,24,1.86704935397032
SMTNL1,4000,24,1.86704935397032
SORCS3,8000,48,1.86704935397032
SPATA25,4000,24,1.86704935397032
TBCC,4000,24,1.86704935397032
TCEAL5,4000,24,1.86704935397032
THRSP,4000,24,1.86704935397032
TMEM247,4000,24,1.86704935397032
TPRX1,8000,48,1.86704935397032
UNC119B,4000,24,1.86704935397032
USP51,4000,24,1.86704935397032
UTF1,4000,24,1.86704935397032
XYLT1,16000,96,1.86704935397032
ZIC1,8000,48,1.86704935397032
ZNF132,4000,24,1.86704935397032
ZNF729,4000,24,1.86704935397032
LMBR1L,14168,85,1.86687364821519
MYH14,17836,107,1.86677021076123
ANKRD24,16003,96,1.8666993478426
CDS2,8169,49,1.86651606366641
TBCD,88363,530,1.86642251772851
TMEM41A,4335,26,1.86633153414949
SMARCD2,12339,74,1.86619191444206
CUX1,31017,186,1.8660260493626
TRMT44,28683,172,1.86598617580038
KCNK12,4670,28,1.86571669918518
TMSB4Y,4003,24,1.86565011638303
ZFP57,4003,24,1.86565011638303
NT5M,12343,74,1.86558713702508
CRTAC1,16513,99,1.86557950345244
FA2H,12011,72,1.86533945946581
NDUFB7,4004,24,1.86518416980052
SURF4,8175,49,1.86514614361968
PDIK1L,4672,28,1.86491801909135
KREMEN1,15852,95,1.86485079303537
MESP2,8010,48,1.86471845590044
POU2AF1,16021,96,1.86460206376163
BANF1,5008,30,1.86406684701509
PLA2G2F,4007,24,1.86378772545078
RMI1,4007,24,1.86378772545078
ERN2,12525,75,1.86332270855321
MYBPHL,8016,48,1.86332270855321
TLDC2,8017,48,1.86309028711021
PRR19,9855,59,1.86294456087009
ZNF76,14366,86,1.86280389393298
MEA1,7184,43,1.86254459494997
HMGB3,9022,54,1.86249658454144
PSMC5,8187,49,1.86241232735934
ZNF813,4010,24,1.86239337054396
UBE2O,13869,83,1.86224789554085
ZNF98,4011,24,1.86192904908533
CRX,6185,37,1.86151511983028
BCDIN3D,4012,24,1.86146495909304
C8orf74,6018,36,1.86146495909304
LRRC15,4012,24,1.86146495909304
TP53INP1,4012,24,1.86146495909304
TEX38,7023,42,1.86093485373661
ZYG11B,4014,24,1.86053747281546
MZT2B,10036,60,1.86035208645906
TGFB1I1,5855,35,1.8601402615702
CRYBB3,4015,24,1.86007407618462
BEX4,4016,24,1.859610910329
WDR62,26779,160,1.85921740066999
TRAF1,10377,62,1.85919276518839
SLC25A41,4017,24,1.85914797507624
MTFP1,8202,49,1.85900630627785
STRA8,5859,35,1.85887032454233
ZNF114,9542,57,1.85883136268267
NDUFS2,18249,109,1.85862585696718
AKAP8L,13396,80,1.85831527219102
DMRT1,5024,30,1.85813032839403
ALDH2,12061,72,1.8576065208228
CPSF4,15915,95,1.85746872580563
MROH1,24794,148,1.85746083990486
FDPS,9717,58,1.85737817794035
COLEC12,4021,24,1.85729853665289
KLHL33,4524,27,1.85714458286172
DACT3,8044,48,1.85683675183522
MYEOV,4023,24,1.85637519658992
KLHL21,11232,67,1.85618926157424
SUGP1,13412,80,1.85609837356628
BAG5,4359,26,1.85605579273642
CTF1,4024,24,1.85591387074584
FOXR1,8049,48,1.85568329379582
SCARA5,8049,48,1.85568329379582
SH3PXD2B,8217,49,1.85561272046865
NKAIN1,12243,73,1.8554085714263
ZCWPW1,18784,112,1.85538692188987
SUPT5H,29686,177,1.85535120737467
MAP3K3,14426,86,1.85505619993354
GPATCH3,8556,51,1.85482930209767
CA9,10235,61,1.8545841164662
TRAPPC2L,7551,45,1.85443916763043
CEACAM16,6209,37,1.85431969981483
GLS2,16280,97,1.85405187689517
CA12,14773,88,1.85361067656522
ZNF628,4029,24,1.85361067656522
ZFYVE19,10577,63,1.85345733352447
GLI2,12425,74,1.85327501266001
RELB,16287,97,1.85325502276991
ADD2,16791,100,1.85322430068719
DHRS13,7556,45,1.85321203742422
COPZ2,18305,109,1.85293981228047
TPRA1,16459,98,1.85279418240366
GSN,37957,226,1.85276828164015
B4GALT1,4031,24,1.85269099873016
FAM151A,4031,24,1.85269099873016
P4HTM,13269,79,1.85265027462073
SRA1,8231,49,1.85245653311759
EP400,25533,152,1.85244912990697
SMARCD1,15959,95,1.85234756383211
FAM168B,4032,24,1.85223150195468
L3MBTL1,32263,192,1.85182962920529
LRRC46,4537,27,1.85182325167874
MALL,4201,25,1.851790599431
GNLY,9075,54,1.85161919402015
KRTDAP,8067,48,1.85154268399188
TALDO1,12437,74,1.85148685634
MVK,18158,108,1.85080341290151
PXDN,27238,162,1.85073546358758
C16orf46,8240,49,1.85043321894307
KIF3C,14127,84,1.85026480891799
SLC25A43,8073,48,1.8501665838923
DDX56,11269,67,1.85009475428182
HAS3,5887,35,1.85002908637566
ACSBG1,25903,154,1.85001480209132
ZNF71,4037,24,1.84993743271768
SH2D3A,14298,85,1.84989969561567
SMYD5,13627,81,1.84964895271148
SERPINA5,8580,51,1.84964096838551
NXF3,11945,71,1.84959542530895
ITPA,16657,99,1.84945154232516
LRP8,26753,159,1.84939288603945
EIF3B,21874,130,1.84935247337891
BCL6B,7741,46,1.84912092069574
RALGPS1,18849,112,1.84898869652391
PHF7,12959,77,1.84894410905824
LBH,6732,40,1.84892984152339
SLC35F2,8247,49,1.84886258325342
MOSPD3,4713,28,1.84869445898468
PLTP,5218,31,1.84868180570716
UCMA,4040,24,1.84856371680229
POLD2,12794,76,1.84846739228993
CRK,8083,48,1.8478776236252
HADHB,10443,62,1.84744262418462
DUS2,24425,145,1.84730232907333
TRIM14,8086,48,1.84719203954521
UQCC2,4043,24,1.84719203954521
ZNF90,4043,24,1.84719203954521
WDR5,4717,28,1.84712677235421
GRIPAP1,27464,163,1.84683612909725
BNIP3,4044,24,1.84673526604383
POU6F1,16852,100,1.84651609499398
C2orf72,7584,45,1.84637000985989
CA2,4046,24,1.84582239641158
MIXL1,4046,24,1.84582239641158
SLC8B1,21748,129,1.84575874151011
RIPPLY3,4552,27,1.8457210221587
PLB1,34899,207,1.84570339299051
POP7,4215,25,1.84563993077335
SIPA1L3,36756,218,1.84557967481739
PLA2G2C,10287,61,1.8452093352806
C1RL,8939,53,1.84497922512635
C21orf58,13669,81,1.84396563600843
TMEM223,8269,49,1.84394361157225
CRISPLD2,16032,95,1.84391309700578
SYNJ2,20592,122,1.84359639005745
PRRG2,4727,28,1.84321916335833
AK8,12493,74,1.84318754761071
NPIPA5,6753,40,1.84318017075899
IPO4,11144,66,1.84292380596496
GUSB,15368,91,1.84258948476595
LYRM1,5236,31,1.8423265206608
TOLLIP,14864,88,1.8422625487687
SGSM3,16729,99,1.84149168154165
NTMT1,14364,85,1.84139973878535
GSR,4901,29,1.84127155223897
HIP1,12168,72,1.84127155223897
GM2A,12000,71,1.84111811294295
TMEM163,12000,71,1.84111811294295
CELA3A,12003,71,1.84065794845584
PLEKHO1,11834,70,1.84064918565042
GPX3,9637,57,1.84050730130933
IGSF9B,20458,121,1.84046152955982
MAP3K10,17416,103,1.84032004535047
LHX9,9470,56,1.84010495991443
POLR3D,6088,36,1.84006178117968
IFT22,4059,24,1.83991067156474
UBE2Q1,9641,57,1.83974368454704
ADA,20466,121,1.8397421074824
DKK3,21145,125,1.8395299853889
ASF1B,4060,24,1.83945749159637
SLC22A6,5075,30,1.83945749159637
LRRK1,24361,144,1.83938198330477
UPF1,24192,143,1.8393687831911
SPRYD7,4737,28,1.83932805260604
PIGW,4568,27,1.83925614992698
CCDC97,8629,51,1.83913773423893
AIMP2,4061,24,1.8390045348144
MATN4,6938,41,1.83888304777513
SMARCA4,53646,317,1.83876600059834
ZNF473,4400,26,1.83876072739501
ILDR1,8125,48,1.83832551775539
ASCC2,34709,205,1.83787642765044
DCTPP1,4741,28,1.83777620442835
INTS3,24049,142,1.83736682234733
ETV7,4234,25,1.8373576542772
MPP3,16600,98,1.83705659326397
GPAT2,12536,74,1.83686519083444
SNAP47,25920,153,1.83679623943839
CCL21,4067,24,1.83629147181738
LY6G6C,4067,24,1.83629147181738
MBD1,12711,75,1.83605671659421
SEMA4F,8136,48,1.83584007273384
VWF,16105,95,1.83555509290262
ZNF442,6274,37,1.8351085457683
MR1,8648,51,1.83509707547961
ANKMY1,33917,200,1.83491990640909
KAZALD1,8310,49,1.83484593551034
IL10RA,10688,63,1.83420829123207
MGMT,4072,24,1.83403669348754
LSM1,4242,25,1.83389257619275
ATP6V1C2,9672,57,1.83384707017349
C1QTNF1,20024,118,1.83373138707299
OAZ2,10691,63,1.83369359430253
FAM234A,26135,154,1.83359224865397
FAM136A,4073,24,1.83358640213142
TMEM219,9337,55,1.83298908408067
DCAKD,17317,102,1.83287168779208
KLC3,12565,74,1.83262570889778
TMEM63C,20210,119,1.83225196373468
CACNA1C,53842,317,1.83207237599083
NUDC,12399,73,1.83206445196969
AFAP1L1,12060,71,1.83195832133627
TAF6L,11721,69,1.83184605158763
PEX11G,12063,71,1.83150272364382
LILRA1,4078,24,1.83133825794048
SCAMP3,5778,34,1.83107413277347
TGFB3,18018,106,1.83064372221162
DCTN1,28387,167,1.83063398805229
MPRIP,41139,242,1.83048503715378
GHRL,7140,42,1.83044054310815
PARVB,34002,200,1.83033287646836
NRBF2,4081,24,1.82999201565334
ALDH1L1,23466,138,1.82997251944589
IDH2,5782,34,1.82980739176152
SCAMP4,16498,97,1.82955294919708
ZDHHC14,18030,106,1.82942532372762
ROR1,5273,31,1.82939913942347
UBAC1,15142,89,1.82898992320871
C1orf94,8000,47,1.82815249242927
CDH22,8000,47,1.82815249242927
CLPSL1,8000,47,1.82815249242927
DUSP5,8000,47,1.82815249242927
IGSF21,16000,94,1.82815249242927
NUTM2E,8000,47,1.82815249242927
SH2D7,8000,47,1.82815249242927
DQX1,6979,41,1.82808003803752
ZAN,4426,26,1.82795915059603
FIS1,12087,71,1.82786608383515
ZFPL1,6129,36,1.82775267153237
CFB,13791,81,1.82765327232248
CDCP2,12770,75,1.82757376073837
RRAGD,4768,28,1.82736933414321
CD247,24181,142,1.82733694680248
CIAO1,4087,24,1.82730546021073
MED22,4428,26,1.82713351412331
LCN15,5791,34,1.8269636227189
ZNF514,12434,73,1.82690744249414
GLT1D1,8176,48,1.82685846768133
PGC,8006,47,1.82678240562505
EBF2,11925,70,1.82660314155027
ODF2,13799,81,1.82659368639751
POLR1C,8348,49,1.82649373791218
ZNF708,4089,24,1.82641169378363
PDPK1,20786,122,1.82638972693462
COTL1,8519,50,1.82635809560034
ATRN,4090,24,1.82596513835728
SYNJ2BP-COX16,4090,24,1.82596513835728
RASL10A,9373,55,1.82594890409274
CDH3,20623,121,1.8257364094329
THRAP3,8011,47,1.82564223435703
UQCRH,8011,47,1.82564223435703
SMAD3,40571,238,1.82543255956609
ZNF672,4944,29,1.82525725678058
ACRBP,11765,69,1.82499511862802
TIRAP,11936,70,1.82491977739503
STOX1,4093,24,1.82462678130498
SPACA5,6652,39,1.8243867710173
PTPN18,14843,87,1.8239045767412
TP53,10578,62,1.82386493896388
ZBTB16,27985,164,1.82357271187619
SSUH2,32081,188,1.82353666524537
B4GALT3,9558,56,1.82316321096355
WNT5A,15706,92,1.82274863709484
RBM4,4268,25,1.82272078449148
IVD,14682,86,1.82271085276129
TMEM79,7341,43,1.82271085276129
AMOT,8196,48,1.82240054072261
TMEM266,8027,47,1.82200323152288
TFE3,13151,77,1.82195017179574
CCSAP,6661,39,1.82192175361163
POLR3K,5466,32,1.82173372749878
MPL,8031,47,1.82109574641192
TEP1,24267,142,1.82086103394036
IDS,22900,134,1.82084871493466
LHX4,8034,47,1.82041572559549
MANEAL,5641,33,1.82038139458194
TREML4,4616,27,1.82013043606292
TMEM177,8036,47,1.81996266045721
CREB3L3,8037,47,1.8197362124467
BLCAP,11628,68,1.8197362124467
DCAF5,8551,50,1.819523402692
FAM83D,4105,24,1.81929291495281
SNRPA,12661,74,1.81873011865576
CDV3,4962,29,1.81863600917436
BDH1,26354,154,1.81835521812899
ZFR2,8045,47,1.81792665499492
MLXIP,15748,92,1.81788735675714
AGPAT3,49643,290,1.8177934205272
BMP4,10614,62,1.81767885098548
MVB12B,20033,117,1.8173744522748
BATF2,8048,47,1.81724899843864
SPINK2,8048,47,1.81724899843864
IFT140,26028,152,1.81721928822478
HDAC4,53427,312,1.81718169476962
TMCC2,14898,87,1.81717113925155
MYT1,12160,71,1.81689287461475
NOL6,9249,54,1.81678496980569
PWP2,17814,104,1.81667165163086
SMARCB1,21585,126,1.81644829434221
GCK,17645,103,1.81643603909457
GATAD2A,26383,154,1.81635649541642
CEACAM3,8566,50,1.81633721882084
GRHL3,16276,95,1.81627026119419
PLEKHA2,10281,60,1.81601921405536
TLR5,8054,47,1.81589519983041
GDAP1L1,8397,49,1.81583538455293
HMGA2,7541,44,1.81563390299019
PDAP1,11655,68,1.81552060732134
DDA1,8056,47,1.81544438175697
KCND3,12513,73,1.81537338287958
NPM2,12514,73,1.81522831548443
CATSPERD,12000,70,1.81518687191559
PI16,12000,70,1.81518687191559
IL15RA,14745,86,1.81492307495702
PLEKHJ1,7373,43,1.81479999594746
TOM1,17147,100,1.81474830774121
WASF2,4116,24,1.81443085905764
CMTM5,5146,30,1.81407826852926
DNM2,47009,274,1.8137361036818
TMEM150A,7206,42,1.81367547568585
ATP6V1G2,5834,34,1.81349782981919
DDX23,19736,115,1.81318973539544
ITGAL,39659,231,1.81248645018425
CAPZB,17515,102,1.81215181373082
RHBDD2,13399,78,1.8114517203981
GALNT6,17350,101,1.81145038185401
TRO,10823,63,1.81132941113262
SFTA3,14604,85,1.81113844480367
SEC16A,32818,191,1.81103066715588
VPS4A,13748,80,1.81073548052596
IKZF5,4125,24,1.8104721008197
ZNF335,11345,66,1.81027262174292
AP2A2,45726,266,1.81018504481806
C19orf38,8080,47,1.81005197270225
ZNF823,4127,24,1.80959472156076
ANAPC15,6535,38,1.80943319181005
DCUN1D1,8427,49,1.80937103644131
UHRF1,8945,52,1.80895409738134
GNPDA1,9120,53,1.80836286111891
PIP4K2B,8604,50,1.80831527387486
XPO4,4302,25,1.80831527387486
MON1A,4647,27,1.80798839958391
NUDT17,4475,26,1.80794350850012
CTTN,24098,140,1.80780500149282
FAM3B,12051,70,1.80750497576857
TROAP,7405,43,1.80695751115741
SLC22A13,8094,47,1.80692116869708
CNRIP1,4651,27,1.80643347513791
ZNF408,5685,33,1.80629225098272
CHAT,18778,109,1.80626601681724
NHSL2,20501,119,1.80624419233588
RAPGEFL1,15161,88,1.80617311027623
UNC93A,11202,65,1.80560328524773
FER1L5,8100,47,1.80558270857212
DLG5,36709,213,1.80555863864301
CTNNBIP1,12067,70,1.80510835029312
PGS1,16723,97,1.80493718566366
TMEM187,8104,47,1.80469150289168
CPXM2,19486,113,1.80451415545046
VDR,15866,92,1.80436720624048
BCL7A,6556,38,1.80363726486862
GCDH,4141,24,1.80347679688029
CARS2,37449,217,1.80311761689924
EIF4E3,12944,75,1.80300656092622
SLC41A3,28650,166,1.80296796253096
OXLD1,4489,26,1.80230501237203
SLC39A14,24001,139,1.80214616197849
CRYBA4,12087,70,1.80212149110507
CX3CR1,5699,33,1.80185496522842
IFT27,14852,86,1.80184761245901
NXN,29705,172,1.80178695440102
STX6,9327,54,1.8015915284371
ACP2,7946,46,1.80141518337601
SFTPB,8638,50,1.80119757078251
CCKBR,8120,47,1.80113546052145
NME2,7948,46,1.80096188312856
GINS2,6048,35,1.80078062690038
ME3,8814,51,1.8005354559505
HCG27,8298,48,1.79999937717071
REEP1,18844,109,1.79993967649088
PPARA,13485,78,1.79989926597064
RNF212,20403,118,1.79966854358426
CYP11A1,13488,78,1.79949893250401
ENSA,4496,26,1.79949893250401
CD101,9165,53,1.79948382906759
POLR3E,25767,149,1.79939686253462
ZNF34,8302,48,1.79913211656981
RASSF5,17815,103,1.79910266123064
PRRT4,6055,35,1.79869879958605
ZIK1,8650,50,1.79869879958605
PXMP2,10727,62,1.79853112001118
ZNF667,8997,52,1.79849887752318
CSF2RB,8478,49,1.79848663884064
CYB5R2,14538,84,1.79795645588007
KLHDC4,32546,188,1.79748293976945
PLEKHA6,36013,208,1.79725037081899
ADAP2,12296,71,1.79679711738089
AANAT,9007,52,1.79650209848741
MAPKAPK2,10393,60,1.79644891173897
CTRB1,7622,44,1.79633892186421
NLRP1,36556,211,1.796090991391
SPINT1,11262,65,1.79598366199122
CHST15,9184,53,1.79576102933411
C9orf152,4679,27,1.795623443656
SERPING1,9359,54,1.79543158304657
C1QTNF9,6414,37,1.79505316746964
SMYD4,13175,76,1.79501266162864
BIRC5,6241,36,1.79495211085113
BPIFB4,9884,57,1.79451323985411
RNF220,36417,210,1.79440171867427
NRIP2,4509,26,1.79431075638457
MMP28,12140,70,1.79425390963649
SH2D4B,14917,86,1.79399616144273
CTBP2,21510,124,1.79384875168386
CIB1,6072,35,1.79366291691263
LYPD1,5379,31,1.79334851499906
PELP1,15617,90,1.79328554200901
OSCAR,5900,34,1.79321124392629
GNAQ,5207,30,1.7928263433554
CLMP,13021,75,1.7923444378027
P3H1,17535,101,1.79233898632261
CDC20,6077,35,1.79218713699087
SLC25A48,28485,164,1.79156336113236
ADGRD1,39428,227,1.79153648570923
RNF183,8511,49,1.79151330326529
LBHD1,6253,36,1.79150745623251
HSPBP1,4691,27,1.79103007735375
PIGV,6255,36,1.79093463210582
HOXD3,14770,85,1.79078306350121
MYCBPAP,18941,109,1.7907218871123
JMJD4,5040,29,1.79049045188952
VRK3,24683,142,1.79017277926633
NARF,17035,98,1.79014613725752
CRY2,18432,106,1.78952574798225
AMER1,4000,23,1.78925563088822
APLN,4000,23,1.78925563088822
APOBEC2,4000,23,1.78925563088822
ARHGAP40,12000,69,1.78925563088822
ARL4D,4000,23,1.78925563088822
BMP8B,4000,23,1.78925563088822
CACNG3,4000,23,1.78925563088822
CALHM3,4000,23,1.78925563088822
CTU1,4000,23,1.78925563088822
E2F2,8000,46,1.78925563088822
ELOVL4,4000,23,1.78925563088822
F8A1,4000,23,1.78925563088822
F8A3,4000,23,1.78925563088822
FAM209B,4000,23,1.78925563088822
FFAR2,4000,23,1.78925563088822
FKBPL,4000,23,1.78925563088822
FOXD1,4000,23,1.78925563088822
FRAT2,4000,23,1.78925563088822
GAS2L2,4000,23,1.78925563088822
GAST,4000,23,1.78925563088822
GOLGA8R,4000,23,1.78925563088822
GPR12,4000,23,1.78925563088822
HAS2,4000,23,1.78925563088822
HPS6,4000,23,1.78925563088822
HRCT1,4000,23,1.78925563088822
IL27RA,4000,23,1.78925563088822
IL31,4000,23,1.78925563088822
INHBC,4000,23,1.78925563088822
INTS5,8000,46,1.78925563088822
MT1A,4000,23,1.78925563088822
MYOG,4000,23,1.78925563088822
NOA1,4000,23,1.78925563088822
NPIPA7,8000,46,1.78925563088822
PAIP2B,4000,23,1.78925563088822
PDCL2,4000,23,1.78925563088822
PPP1R14C,4000,23,1.78925563088822
PRAMEF20,4000,23,1.78925563088822
RBM20,16000,92,1.78925563088822
RNF169,4000,23,1.78925563088822
RPEL1,4000,23,1.78925563088822
SERTAD1,4000,23,1.78925563088822
SOWAHC,4000,23,1.78925563088822
SOX2,4000,23,1.78925563088822
TFF1,4000,23,1.78925563088822
TIMP3,4000,23,1.78925563088822
TMEM185B,4000,23,1.78925563088822
TMEM203,4000,23,1.78925563088822
TUBA3E,4000,23,1.78925563088822
TUBB1,4000,23,1.78925563088822
VGLL2,4000,23,1.78925563088822
YRDC,4000,23,1.78925563088822
ZBTB2,4000,23,1.78925563088822
ZFP91,4000,23,1.78925563088822
ZNF14,4000,23,1.78925563088822
ZNF697,4000,23,1.78925563088822
ZNF784,4000,23,1.78925563088822
ZNRF3,12000,69,1.78925563088822
OAZ3,8349,48,1.78900405219338
KIAA2013,4001,23,1.78880842878102
KLHL36,10091,58,1.78853867357511
INPP5D,29404,169,1.78848309085489
CLSTN2,4002,23,1.78836145016314
TM4SF5,4002,23,1.78836145016314
ZBTB7C,25756,148,1.78808371115861
EGR2,7138,41,1.78735928627961
FCRLB,8357,48,1.78729147203094
ROMO1,4179,24,1.78707763002663
ZNF727,4005,23,1.78702185357126
ZNF496,10622,61,1.78701453888454
NKX3-2,7314,42,1.78689437760353
ABHD14A-ACY1,7663,44,1.78672781710153
IL3RA,8360,48,1.78665009949313
ALKBH4,4006,23,1.78657576723736
SERPINA10,6620,38,1.78620028828983
ZNF536,11674,67,1.78591038084649
GTF2H4,8016,46,1.78568426236349
ZNF837,4008,23,1.78568426236349
ARFGAP2,12024,69,1.78568426236349
TPT1,5751,33,1.7855627624477
AGBL5,12897,74,1.78544948688071
IGSF23,8367,48,1.78515535218866
TLN1,15865,91,1.7848670155615
KL,4010,23,1.78479364677129
KLRG2,4010,23,1.78479364677129
MICAL2,77763,446,1.78470483364145
DHX34,16564,95,1.78469058024612
ZNF239,8021,46,1.78457113166759
ZNF627,8021,46,1.78457113166759
FKBP6,4185,24,1.78451551156064
BRD9,28598,164,1.78448431155519
CYCS,4011,23,1.78434867204011
SLC25A20,8022,46,1.78434867204011
TMEM45B,8023,46,1.7841262678681
RDH8,11512,66,1.78401171765753
CFAP20,8198,47,1.78399852884047
HLA-DRB5,4012,23,1.78390391913083
CAPNS1,9420,54,1.78380511525826
DHX38,19017,109,1.78356540273408
EMC9,5583,32,1.78355661015733
IFNLR1,4711,27,1.78342646844968
DHX16,9424,54,1.78304798235705
COL4A6,9075,52,1.78304070535274
COA3,4014,23,1.78301507811482
ZNF486,4014,23,1.78301507811482
RAB11FIP1,12043,69,1.78286702405203
DRG1,8029,46,1.7827930062406
ANP32B,9251,53,1.78275530141655
TSPAN16,8030,46,1.78257098967693
ZC3H18,26187,150,1.78242004999648
RGS8,9079,52,1.78225513834961
ESPL1,19206,110,1.78221587816945
DGCR6,6635,38,1.78216215651525
WFDC1,8032,46,1.78212712239863
KIF2C,13795,79,1.78200916955002
HSH2D,12051,69,1.78168347611473
BANP,40694,233,1.78168157252946
IFNGR2,12053,69,1.78138783461865
SNPH,8036,46,1.78124005066025
PRDM10,8211,47,1.78117402745514
AAAS,16773,96,1.78100457065075
ALG3,9959,57,1.7809989820984
NRM,5067,29,1.78094965019207
ATP2C2,29179,167,1.78094544085954
THYN1,5592,32,1.7806860791324
CCDC92,12058,69,1.78064915994847
HAGH,16253,93,1.78054912856334
SEMA5B,17826,102,1.78053624018262
CD3D,5768,33,1.78030018149042
RITA1,4195,24,1.78026160092521
CHAC1,5244,30,1.78017672956743
HRH2,8041,46,1.78013245207135
GABBR2,44227,253,1.78007207721712
PASK,27272,156,1.7799678499277
FOXRED1,11888,68,1.77993713646789
CCDC144NL,8392,48,1.7798373250432
TUBGCP5,18708,107,1.77975804357159
FOLR3,11540,66,1.7796830930393
UQCR11,7344,42,1.77959497246626
ALAD,12415,71,1.77957449499117
MICAL1,13989,80,1.77954045223182
SOX15,4022,23,1.77946855384209
WIPF3,4022,23,1.77946855384209
CSF1,8744,50,1.77936237607723
GLP2R,11718,67,1.77920445349052
TK2,31657,181,1.77915328399526
IRX6,5597,32,1.7790953286597
PHACTR3,29035,166,1.7790608619429
TJAP1,16619,95,1.77878420910985
MOGS,5773,33,1.77875826205383
SLC28A1,4024,23,1.77858412613143
CA5A,8051,46,1.77792138207748
PIGZ,8227,47,1.77770997197449
AZIN2,11204,64,1.77750741779871
NDUFV3,8053,46,1.77747982703412
HMOX1,10679,61,1.77747620863672
ARMC7,8229,47,1.77727791219275
OLFML2B,8229,47,1.77727791219275
PMF1-BGLAP,4027,23,1.77725913174891
BRMS1,7004,40,1.7771267408817
GP2,8055,46,1.7770384912608
DIP2A,25216,144,1.77701397903266
MYDGF,9456,54,1.77701397903266
POLR2J3,4028,23,1.77681790554937
FBXO17,14011,80,1.77674622698386
TRIM50,10511,60,1.77628137567341
GLMP,6308,36,1.77588714708654
NBR1,8762,50,1.77570698658061
PTPRT,8237,47,1.77555177120725
MED9,4031,23,1.77549554044973
ZNF736,7186,41,1.77542034309266
FBXW4,16125,92,1.77538543219916
CNNM2,8063,46,1.77527533760458
DDB2,13673,78,1.77515114470958
LDHAL6A,4032,23,1.77505518937323
NDUFS5,4032,23,1.77505518937323
OPTC,4032,23,1.77505518937323
WDR74,11222,64,1.77465630983931
KSR1,45947,262,1.77438835593264
RNGTT,4209,24,1.77434008455245
FADS1,20169,115,1.77426310762876
SPNS1,7717,44,1.77422512147842
GOLGA8J,4736,27,1.77401226623024
EPN2,32451,185,1.77397784600633
PLAT,21751,124,1.77397299658498
EEA1,8069,46,1.77395526671282
CDCA8,4035,23,1.77373544573801
PPCDC,12107,69,1.77344243583535
EVC,12108,69,1.77329596718357
ECSCR,4036,23,1.77329596718357
TBC1D28,10003,57,1.77316493679076
TM9SF4,10003,57,1.77316493679076
DGCR8,18954,108,1.77307630956345
RPAP1,20184,115,1.77294454111001
SCIMP,4037,23,1.77285670635444
CCDC57,41428,236,1.77264831972335
GOLGA6L10,4038,23,1.77241766308888
TADA3,8603,49,1.77235496037323
SIN3B,23352,133,1.77227906302138
PLAU,5970,34,1.77218531644307
TOMM22,4215,24,1.77181433354241
ZNF83,17387,99,1.77180159547422
ING5,23359,133,1.77174796351194
SF3A1,14053,80,1.77143609096071
KRT86,13176,75,1.77125963301677
CHIT1,20028,114,1.7712171822167
STX16-NPEPL1,12825,73,1.77120991344812
SMAGP,5095,29,1.77116229195745
ARR3,4041,23,1.77110183705837
RHOBTB2,30221,172,1.77102284770466
PSMB8,4744,27,1.7710206772484
GPRC5A,10017,57,1.77068671884976
RANBP10,4042,23,1.77066366243268
STARD5,4042,23,1.77066366243268
SUGP2,19683,112,1.77064410612098
DNAAF5,18278,104,1.77055415265085
DAZAP2,4571,26,1.76997313509911
ZNF846,16526,94,1.7699648964582
ZNF610,13186,75,1.76991634495897
NMRAL1,15296,87,1.76988857430502
ZW10,4044,23,1.76978796329201
FOXN2,4045,23,1.76935043845559
SMIM13,4397,25,1.76924546468266
CDK2AP2,4573,26,1.7691990379484
GALT,6333,36,1.76887669727174
LOXL2,28675,163,1.76884071314828
RNASET2,21289,121,1.768620506916
GABARAPL2,4223,24,1.76845782995057
EVL,39420,224,1.76821856624958
MT1M,4048,23,1.76803916095674
TCEAL2,4048,23,1.76803916095674
PGAP3,11441,65,1.76788462558737
LDLRAD2,8098,46,1.76760250026003
FBLN7,16198,92,1.76738425078476
ZFYVE27,12501,71,1.76733200186508
ADIRF,4050,23,1.76716605519824
SMPD1,7045,40,1.76678434253165
CLEC16A,19023,108,1.7666450282009
HINFP,13387,76,1.76658637610797
PIM1,6342,36,1.76636646544022
CLDN2,10042,57,1.76627851650249
TMCO6,7928,45,1.76625506493156
LHFPL5,12509,71,1.76620172318454
NAA30,4757,27,1.76618080573185
GNPTG,9162,52,1.76610940854356
TMEM44,22377,127,1.76606387476896
GRIK4,16916,96,1.76594878597334
FAM222B,16565,94,1.76579775906238
KLHDC8A,12512,71,1.76577824131357
HOXA9,13041,74,1.76573437867499
LTF,17272,98,1.76558241362794
CCDC127,4935,28,1.76553130399084
APOLD1,8109,46,1.76520471662421
PIGG,28384,161,1.76504924129334
PCDH19,7758,44,1.7648485772685
UBA1,18338,104,1.76476108638631
SPRY2,5467,31,1.76448173809767
GNAS,35103,199,1.76406015364353
PSEN2,24344,138,1.76397203176624
LYPD3,5645,32,1.76396750301299
ATCAY,8821,50,1.76383002113358
C1orf226,11291,64,1.76381127526496
BCL7B,12526,71,1.76380467470185
ATP6V1B2,4058,23,1.76368223843097
BCL6,15350,87,1.76366225619346
WWC1,36352,206,1.76337004345421
PINK1,12000,68,1.76332438986085
ZNF665,4059,23,1.76324772691621
DAGLB,17119,97,1.76318503159375
LAMP3,5824,33,1.76318191051455
MOB4,4589,26,1.76303055143561
ZNF575,8472,48,1.76303055143561
RPTOR,23830,135,1.76284559229258
ZNF282,12004,68,1.76273681092388
ACLY,16071,91,1.76198837669611
VPS37D,4062,23,1.76194547601006
ZNF770,4062,23,1.76194547601006
GLOD5,8125,46,1.76172862118225
CPLX2,17664,100,1.76163322196777
TUBB6,4594,26,1.76111171104441
CCR8,4064,23,1.76107837685848
ITPKA,8836,50,1.76083574201214
APBA3,13961,79,1.76082060697246
POU5F1,11844,67,1.76027674653849
FBXO31,14320,81,1.76013730995805
PKNOX1,19271,109,1.7600572499504
POTEI,4420,25,1.76003898375784
DACT2,4067,23,1.75977932715832
ATP6V0E2,5836,33,1.75955645079451
FBP1,5836,33,1.75955645079451
ZNF460,5836,33,1.75955645079451
MAGEA10,4068,23,1.75934673636993
GNAT2,8313,47,1.75931913141274
KIAA1191,4245,24,1.75929267747497
PHKA2,23348,132,1.75925500202788
CDK12,16275,92,1.75902243282406
PARVG,16629,94,1.75900173665694
HMGN1,5308,30,1.75871265445584
BAZ2A,25304,143,1.75853657931391
HOXA3,17342,98,1.75845574029419
FANCG,8495,48,1.75825719031931
FAM107A,12566,71,1.75819014446247
CEP164,32213,182,1.75810481494323
DIDO1,12036,68,1.75805023914342
KIAA1549,4071,23,1.75805023914342
INPP4A,30271,171,1.75781793096211
KIFC1,12038,68,1.75775815570113
C9orf50,4780,27,1.75768244620636
FBXO27,9383,53,1.75767550819615
FRMPD1,13809,78,1.75766830339736
SDCBP2,13990,79,1.75717058569996
SPARC,13815,78,1.75690492954138
EFCC1,8325,47,1.75678317590801
ATF3,12401,70,1.75649080420829
SKIL,11870,67,1.75642104347109
SPG7,49429,279,1.75641414877136
COX6A2,4075,23,1.75632454565715
GABRA4,4076,23,1.75589365150954
DPF3,33317,188,1.75588677725295
C6orf62,5671,32,1.75588018947423
HSPB8,15067,85,1.75548323142715
JMJD6,9041,51,1.7553278961119
NPTX2,6382,36,1.75529553804793
TNFRSF10B,15248,86,1.75505251444394
ZNF235,4078,23,1.75503249719296
ANKDD1A,15963,90,1.7544158560142
ABCC1,24478,138,1.75431551357616
ELK3,12239,69,1.75431551357616
MTMR4,17029,96,1.75423041068325
CITED2,4435,25,1.75408620252754
LMCD1,4081,23,1.75374234833445
APCDD1,8518,48,1.75350960692211
RAPGEF1,22538,127,1.7534480133865
AP1B1,20054,113,1.75340395098771
KLHDC9,5147,29,1.75326828784208
YPEL3,6035,34,1.75309798494865
NNMT,14734,83,1.75291951019791
TCHP,17578,99,1.75254945616738
SIAH2,4262,24,1.75227532047895
TBXAS1,17404,98,1.75219141853492
RFX2,34809,196,1.75214108122508
PARD6B,4085,23,1.75202509756496
LRRC41,11726,66,1.75145342773951
RGPD3,4087,23,1.75116773270195
OSR1,9774,55,1.75103530571529
TUBG2,4976,28,1.75098412081889
PML,21326,120,1.75096066207476
USB1,11374,64,1.75094013618927
CORO2A,8000,45,1.75035876934717
EIF4EBP1,8000,45,1.75035876934717
H6PD,8000,45,1.75035876934717
KCTD14,8000,45,1.75035876934717
NCMAP,8000,45,1.75035876934717
NPIPB6,8000,45,1.75035876934717
SOX7,8000,45,1.75035876934717
SYPL2,8000,45,1.75035876934717
ECHDC2,20979,118,1.75025679463986
NR1I3,11025,62,1.74991776184671
SLC9A8,8181,46,1.74966936158242
TMCC3,8359,47,1.74963750920375
HTR3A,9961,56,1.74940206509282
ST8SIA2,8184,46,1.74902798718301
CCDC88C,30431,171,1.74857568230272
NEK5,9610,54,1.74853737624691
ATF5,5517,31,1.74849042272611
CD244,8187,46,1.74838708282714
NEURL3,6764,38,1.74817355240666
ABLIM3,24564,138,1.74817355240666
EIF2B4,9256,52,1.74817355240666
PFKFB3,24210,136,1.74802913493022
PHYH,10863,61,1.74736890656647
CCDC142,10152,57,1.7471403529076
DRG2,13002,73,1.74709791877959
RBM24,9797,55,1.74692447464134
S100A8,4097,23,1.74689346437708
GSG1L,12113,68,1.74687465354002
ABCA1,8016,45,1.74686503926863
DUSP4,5879,33,1.74668675741397
ZNF425,8018,45,1.74642930341449
NCR3LG1,4099,23,1.74604111333322
CYP4A11,8020,45,1.74599378488496
PRELID3A,9446,53,1.74595270944362
MEFV,10694,60,1.7458849391905
RETN,4278,24,1.74572169609193
CLSTN1,13729,77,1.74524486191898
SF1,13016,73,1.74521874154673
MON1B,7133,40,1.74498747976103
HNF1A,8206,46,1.74433890410745
NRGN,4103,23,1.74433890410745
TECPR2,16234,91,1.74429685856124
CKAP4,8028,45,1.7442538807645
CHRNA2,14272,80,1.7442538807645
NXF1,14095,79,1.74408063099982
GNB1,36043,202,1.74395383986721
FUZ,12670,71,1.74375827587336
COPG1,22129,124,1.74367059734827
FTSJ3,9640,54,1.7430958698893
MT2A,4106,23,1.7430644236612
MYLK,68731,385,1.74306111574731
TMPRSS5,8748,49,1.74297779196284
DEFB119,4107,23,1.74264001060455
SLA,17679,99,1.74253715371402
POC1A,4286,24,1.74246323282344
ZNF785,6965,39,1.74240068927596
LAMTOR4,8574,48,1.74205678000496
FAF2,10540,59,1.74187083940937
NDUFAB1,8039,45,1.74186716690849
FATE1,4109,23,1.74179180422314
TGM5,13578,76,1.74173603011911
BBS1,18403,103,1.74161897026701
NDST1,17153,96,1.7415489805588
FHOD3,24123,135,1.74143392050459
ZNF446,6433,36,1.74137977985728
RAB25,8223,46,1.74073270668926
SAP130,4827,27,1.74056807393131
SP2,4112,23,1.74052104172006
PRPSAP1,18951,106,1.74051704853617
NDUFB2,13231,74,1.74037805398689
SLC47A1,20741,116,1.74033496504955
SCAMP5,16630,93,1.74018430466265
RNFT2,12160,68,1.74012275315216
NAA60,22535,126,1.73987292803979
FBXW10,8049,45,1.73970308793358
GID4,8049,45,1.73970308793358
NUDT16,4114,23,1.73967489634246
DYRK3,4293,24,1.73962203957169
MIP,12164,68,1.73955053258223
DXO,5367,30,1.73937893978975
TRIM73,10556,59,1.73923064109272
TSPAN14,16819,94,1.73913073778871
STYXL1,8052,45,1.73905491241646
C1orf146,4117,23,1.73840721971165
GPR61,8056,45,1.73819142934178
ADCYAP1,7161,40,1.73816445931231
MCHR1,4834,27,1.73804759885528
PRDM8,9489,53,1.73804081498624
TUBA8,19695,110,1.7379658875919
RIN2,19697,110,1.73778941748096
EIF5A,5372,30,1.73776000927989
PIN1,7342,41,1.73769689259927
CPA5,9670,54,1.73768812675624
NAGK,13253,74,1.73748902379088
BDKRB1,12000,67,1.73739314883349
CORO2B,12000,67,1.73739314883349
CUX2,12000,67,1.73739314883349
DIP2C,12000,67,1.73739314883349
FAM181A,8061,45,1.73711328058273
SLC5A1,13798,77,1.73651737275589
FOXO3,13082,73,1.73641393823362
EIF1,5018,28,1.73632861402846
ZNF675,4839,27,1.73625172408895
DHRSX,20432,114,1.73619507270145
SPECC1L,8066,45,1.73603646848219
MTERF4,15956,89,1.73568346811396
APPBP2,4304,24,1.73517597952632
MAPK4,12555,70,1.73494563623951
ZNF433,8072,45,1.73474605485349
PENK,5023,28,1.73460023595358
COX5A,4307,24,1.73396735915516
SAP30BP,17946,100,1.73395125559114
ILF3,24228,135,1.73388684432607
NDUFB11,5206,29,1.73339836295106
KRT72,4129,23,1.73335493425839
BNC1,5207,29,1.73306546524356
NDRG1,49919,278,1.73293976376312
SPINT2,14546,81,1.73279020202112
CNPY1,24244,135,1.73274255338773
PCK1,7004,39,1.73269857235966
CKS1B,6646,37,1.73239106472318
HLA-DPB1,8623,48,1.73215758225241
SLC35E2B,8086,45,1.73174253707363
DAP,4133,23,1.73167735871108
PHKG2,12939,72,1.73155516250435
MYLK3,24803,138,1.73132827243951
NPIPB15,5572,31,1.73123145408829
SRGAP2C,6291,35,1.73122257693427
TSPAN2,8089,45,1.73110027874612
DAAM2,14201,79,1.73106235433719
SLA2,4315,24,1.73075258768975
CLTB,9529,53,1.73074501977169
PTPRE,24274,135,1.73060107375513
DSTYK,4136,23,1.7304213064683
BLVRA,16007,89,1.73015339646569
CHST6,4137,23,1.7300030272064
RIMBP2,33099,184,1.72984622461171
FBXL8,5757,32,1.72965026133548
IL4R,21231,118,1.72948223327915
LY6G5B,8277,46,1.72937598732702
FAM8A1,4859,27,1.7291051847842
SLC25A38,9000,50,1.72874940182437
GEM,5580,31,1.72874940182437
TMEM233,4140,23,1.72874940182437
TRIM26,12062,67,1.72846275791758
SERPINC1,6662,37,1.72823041371214
AZGP1,12426,69,1.72791466044251
ADCK1,16030,89,1.72767095553502
CLCN1,9367,52,1.72745749984798
PCBD1,6666,37,1.72719337175972
CIDEC,5767,32,1.72665104118404
BACE2,29017,161,1.7265450482431
ADNP2,8472,47,1.72630074828071
PFDN4,4507,25,1.72606441273789
ZBTB25,9375,52,1.72598340278145
KCNJ5,8113,45,1.72597931157123
DAO,12260,68,1.72592925598126
NONO,17128,95,1.72592332853787
PGAM5,7934,44,1.72569892392853
PDIA6,16230,90,1.7255539315807
SCUBE2,30125,167,1.72501932012748
IL6R,16779,93,1.72473121083139
CENPT,20029,111,1.72452009828004
RABL2B,13353,74,1.7244770487756
MVP,17505,97,1.72430531595849
PRCC,20034,111,1.72408969993266
GYS1,12274,68,1.72396062231793
NOP2,15898,88,1.72244247860724
SIGLEC6,7409,41,1.72198280273503
FST,7590,42,1.72191640023613
MUC20,13915,77,1.72191640023613
NPHP4,24397,135,1.7218760693664
AMOTL2,11567,64,1.72172500294084
CCDC136,20604,114,1.72170150094331
RIBC2,8314,46,1.72167970256264
MLC1,9941,55,1.72161946263567
MOK,34161,189,1.72161396475703
MDH2,12110,67,1.72161170817522
CYP46A1,14279,79,1.72160630954146
DPP6,56584,313,1.72129473523938
IGFBP5,4882,27,1.72095905220533
CSRP1,14827,82,1.72093755789625
CLIC1,7233,40,1.7208621171209
PSMC3IP,4159,23,1.72085177291485
CABP1,16099,89,1.72026619151664
MSI2,60604,335,1.72007769998695
C2CD2L,12846,71,1.71986745720967
AURKC,5609,31,1.71981131434836
SLC7A9,9228,51,1.71975720727652
SPSB4,12486,69,1.71961137038753
ASPRV1,27873,154,1.71925997985762
CHRFAM7A,12489,69,1.71919830015683
GALNT16,17014,94,1.71919830015683
RCCD1,8871,49,1.71881070049497
ANXA6,24083,133,1.7184844363109
GOLGA8B,21186,117,1.71846796952805
CHST12,8511,47,1.71839031129528
LRTOMT,4528,25,1.71805925534665
UCP3,9781,54,1.7179679159322
PGAP2,20473,113,1.71751882152628
DMAP1,9965,55,1.71747306352847
ANKRD34A,5979,33,1.71747306352847
AHCY,13409,74,1.71727511613846
TM4SF1,5980,33,1.71718586067504
KLF6,9064,50,1.71654287471528
CBX1,4896,27,1.71603800916389
DAPK2,28290,156,1.7159166915245
CELA3B,11244,62,1.71583451835289
GRHPR,10160,56,1.71513720181
R3HCC1,11068,61,1.71500437586118
ACAD9,17239,95,1.71481030055088
ACSS2,23596,130,1.71438955766614
STK17A,8350,46,1.71425689186895
POMT1,24143,133,1.71421367185832
RAMP1,5083,28,1.71412492331198
USP49,17247,95,1.71401488787596
UQCRC1,11983,66,1.71388991852403
KIF18B,10531,58,1.71381101082959
YWHAH,6900,38,1.71371679833024
PROKR2,4540,25,1.7135181295616
IYD,5085,28,1.71345073455158
RAE1,8354,46,1.71343608416396
DDOST,8175,45,1.7128893155691
ITPRIPL1,4906,27,1.7125401738415
MROH2A,15992,88,1.71231806683954
PLAUR,15085,83,1.71213232106437
AP1M2,8179,45,1.71205161447333
THNSL2,14725,81,1.71172606306277
CREG2,4363,24,1.7117115324046
MMP2,14727,81,1.71149360213209
AGAP9,4000,22,1.71146190780612
B3GALT6,4000,22,1.71146190780612
BSPH1,4000,22,1.71146190780612
C16orf78,4000,22,1.71146190780612
CCDC167,4000,22,1.71146190780612
CDR2L,4000,22,1.71146190780612
CEBPD,4000,22,1.71146190780612
CRYBB1,8000,44,1.71146190780612
DDX28,4000,22,1.71146190780612
DND1,4000,22,1.71146190780612
EAF1,4000,22,1.71146190780612
ERVV-2,4000,22,1.71146190780612
FAM163A,4000,22,1.71146190780612
FAM171B,4000,22,1.71146190780612
FAM187B,4000,22,1.71146190780612
FEM1A,4000,22,1.71146190780612
FEM1C,4000,22,1.71146190780612
GABRR2,8000,44,1.71146190780612
GDF10,4000,22,1.71146190780612
GP1BA,4000,22,1.71146190780612
GPR27,4000,22,1.71146190780612
HNRNPA0,4000,22,1.71146190780612
HOXD9,4000,22,1.71146190780612
HSPE1-MOB4,4000,22,1.71146190780612
IPMK,4000,22,1.71146190780612
IPPK,8000,44,1.71146190780612
IRF2BP1,4000,22,1.71146190780612
ITGAD,8000,44,1.71146190780612
KBTBD11,4000,22,1.71146190780612
KLHL40,4000,22,1.71146190780612
LAGE3,4000,22,1.71146190780612
LIX1L,4000,22,1.71146190780612
MAP1LC3C,4000,22,1.71146190780612
MYADML2,4000,22,1.71146190780612
MYOD1,4000,22,1.71146190780612
NANP,4000,22,1.71146190780612
NPIPB9,4000,22,1.71146190780612
NUAK2,4000,22,1.71146190780612
NXPH2,4000,22,1.71146190780612
OPRD1,4000,22,1.71146190780612
OSBPL11,4000,22,1.71146190780612
PCBP1,4000,22,1.71146190780612
PRELP,4000,22,1.71146190780612
PSPN,4000,22,1.71146190780612
RAB32,4000,22,1.71146190780612
RGS16,4000,22,1.71146190780612
RNASE10,4000,22,1.71146190780612
RNF26,4000,22,1.71146190780612
RPRML,4000,22,1.71146190780612
SCGB1D2,4000,22,1.71146190780612
SCGB2A1,4000,22,1.71146190780612
SMIM2,4000,22,1.71146190780612
SYT11,4000,22,1.71146190780612
TACR2,8000,44,1.71146190780612
TICAM1,4000,22,1.71146190780612
TIGD1,4000,22,1.71146190780612
TIGD4,4000,22,1.71146190780612
TMEM158,4000,22,1.71146190780612
TOX,4000,22,1.71146190780612
TPMT,4000,22,1.71146190780612
TRAM2,4000,22,1.71146190780612
TSSK6,4000,22,1.71146190780612
TTC9,4000,22,1.71146190780612
UBL3,4000,22,1.71146190780612
USP27X,4000,22,1.71146190780612
VRTN,8000,44,1.71146190780612
VSX2,4000,22,1.71146190780612
ZBTB5,4000,22,1.71146190780612
ZNF492,4000,22,1.71146190780612
C17orf67,12000,66,1.71146190780612
BSPRY,4001,22,1.71103414926881
PPP1R14D,4001,22,1.71103414926881
XIRP1,4001,22,1.71103414926881
ZNF891,4001,22,1.71103414926881
AGAP14P,4183,23,1.71097837044056
ARHGAP19-SLIT1,4002,22,1.71060660450387
TTC36,4002,22,1.71060660450387
C1orf56,4912,27,1.71044830880831
C8orf33,4003,22,1.71017927335111
TGM6,8007,44,1.70996568782927
TTC4,8007,44,1.70996568782927
VAMP8,8007,44,1.70996568782927
CIITA,22567,124,1.70982791902866
ASGR2,5460,30,1.70975215565047
NQO2,12923,71,1.70961985261282
RMI2,8009,44,1.70953867679473
AADACL3,4005,22,1.70932525124207
FAM193A,24030,132,1.70932525124207
CD70,8011,44,1.70911187897254
SLC23A2,16023,88,1.70900521281271
GID8,4006,22,1.70889855996617
RRP7A,4006,22,1.70889855996617
INCENP,8013,44,1.70868529420304
HPSE,4371,24,1.70857868128146
SERPINA3,12021,66,1.70847208166321
SLC6A5,8014,44,1.70847208166321
ZC3H7B,4190,23,1.70811993402217
CCDC61,8018,44,1.70761976333861
GOLGA6L2,4009,22,1.70761976333861
ZPR1,6196,34,1.70754459960702
MAD2L1BP,8019,44,1.70740681661666
FHL1,25516,140,1.70733990147257
TOX2,17315,95,1.70728355594552
COPS6,5468,30,1.70725068943884
EXOSC5,8020,44,1.70719392299863
PLEKHH1,22603,124,1.70710466082909
PFKFB2,13307,73,1.7070539670829
MYH11,26254,144,1.70675647502429
PFKP,24067,132,1.70669737762691
CASP3,5470,30,1.70662646615203
TMEM98,7477,41,1.70632213260182
GJB6,10578,58,1.70619623322428
KCMF1,5108,28,1.70573551002248
PSMC4,8027,44,1.70570515291504
CNNM4,8029,44,1.70528026683883
GRM1,5840,32,1.70506790316924
FARSA,8395,46,1.70506790316924
MCM3AP,20075,110,1.70506790316924
TPTE,8030,44,1.70506790316924
ZSCAN20,4015,22,1.70506790316924
CAPN9,8031,44,1.70485559238563
ACKR2,20078,110,1.70481313657349
VPREB3,4016,22,1.70464333446825
P4HA2,21723,119,1.70463620066648
CPT1A,23915,131,1.70453317562277
SMAD7,18075,99,1.70436040611398
PAX9,12233,67,1.70430129861864
CDPF1,6026,33,1.70407757166225
PARK7,11688,64,1.70390084779404
PCBP3,44570,244,1.70353766497927
CELA2A,4019,22,1.70337089604989
RMDN3,21010,115,1.7032419142201
TXN,8041,44,1.70273538893782
HJURP,12428,68,1.70259838094064
ZNF860,4021,22,1.70252365859848
HGSNAT,20472,112,1.702402693473
HSDL1,4754,26,1.70183996645731
TMUB2,6400,35,1.70173769242086
LYSMD3,4023,22,1.70167726354076
DNAJC14,11338,62,1.70160904254365
PODXL,14447,79,1.70158624586021
CNGB1,23776,130,1.7014104980943
FOXRED2,10791,59,1.70135470738345
EPHB1,24881,136,1.70088763943011
PSG4,14636,80,1.70087396735931
MYO1A,15369,84,1.70074116439485
ZBTB24,8051,44,1.70062045242193
MOAP1,4026,22,1.7004092476961
FSTL4,28000,153,1.7003485187944
CCDC107,4027,22,1.69998699558592
NOLC1,8239,45,1.69958370612664
APIP,4028,22,1.69956495313418
VSTM1,8056,44,1.69956495313418
FBXL18,8057,44,1.69935401048144
OCEL1,6043,33,1.69928370789951
ABCC6,12088,66,1.69900255573076
FBXO46,14288,78,1.69874311321487
CRAMP1,21617,118,1.69860005064299
NUMA1,32609,178,1.6985841588044
CLDN11,6412,35,1.69855290572263
ATP9A,8062,44,1.69830008216931
HOMEZ,8062,44,1.69830008216931
ZNF256,4031,22,1.69830008216931
ILF2,8796,48,1.69808945336091
SF3B2,16310,89,1.69801136831553
SOHLH2,4032,22,1.69787887679179
ZNF488,4032,22,1.69787887679179
KLF17,19796,108,1.697660556247
RIMS3,12282,67,1.69750185523546
CBX6,4033,22,1.6974578802937
RARRES2,4033,22,1.6974578802937
TFPT,4583,25,1.69744104477627
C1QA,5685,31,1.6968199933474
REST,5685,31,1.6968199933474
PUS7L,4035,22,1.69661651331462
DDX6,8805,48,1.69635375715645
GGCX,10457,57,1.69618139645386
CCK,6238,34,1.69604782609252
STAR,6238,34,1.69604782609252
TKTL1,16330,89,1.69593174630902
PREX1,20000,109,1.6959031631897
MYO5C,16148,88,1.6957759799912
ZNF718,4037,22,1.6957759799912
CTC1,18720,102,1.69550422102005
MED20,7525,41,1.69543795155666
KCNH5,8443,46,1.69537428012623
URGCP-MRPS24,4038,22,1.69535602556327
ENDOU,8077,44,1.6951461263401
CD8A,10831,59,1.69507142898853
PTPRJ,12302,67,1.69474213835164
BRINP2,8079,44,1.69472648377881
HSPA5,4040,22,1.6945167404021
GSTO1,8999,49,1.69436267630747
HCCS,4041,22,1.69409740936018
SLC30A6,4041,22,1.69409740936018
PDHB,4043,22,1.6932593695831
SEC24B,4043,22,1.6932593695831
RNF4,16724,91,1.6931903373525
ATAT1,9558,52,1.6929372673233
RAB5B,11948,65,1.69286642127093
CCDC116,4044,22,1.69284066054018
WDR31,4044,22,1.69284066054018
NICN1,7353,40,1.69277787204344
GCSH,8825,48,1.69250932937819
LYRM7,4045,22,1.69242215852274
KCNB1,10297,56,1.69231756534812
HRH1,16000,87,1.6920134770356
LYSMD1,4046,22,1.69200386337728
MRO,8460,46,1.69196749965789
PPP1R3F,8828,48,1.69193416762149
SF3B6,4047,22,1.69158577495046
RANGRF,4231,23,1.69156760187967
BRD2,15088,82,1.69116789308905
SMIM3,4048,22,1.69116789308905
SNX17,7912,43,1.69116789308905
SPDYE1,6992,38,1.69116789308905
ZNF232,14906,81,1.69094098206087
SYT13,4417,24,1.69078501604738
C5orf15,4049,22,1.69075021764003
FBXO45,4049,22,1.69075021764003
GRAMD1B,44542,242,1.69063634195747
NR1H3,15645,85,1.69062741118011
C9orf72,4418,24,1.69040231233166
HAL,17858,97,1.69022088452534
B9D2,4235,23,1.6899698993041
SNX20,4051,22,1.68991548536769
HHEX,6077,33,1.68977644344853
GPI,19153,104,1.68966683037394
NBPF12,4420,24,1.68963742440753
LIMK2,16391,89,1.68962024386714
PSMB4,5341,29,1.68958469903074
BCL11A,32967,179,1.68957762995666
ARRDC5,4052,22,1.68949842823902
NUTM2B,4052,22,1.68949842823902
ZNF562,4052,22,1.68949842823902
WNT2B,12893,70,1.68946269006337
C1QB,8474,46,1.68917217926667
STAT5B,31148,169,1.68834457440276
TRIB1,7188,39,1.68834457440276
TUSC2,4056,22,1.68783225621906
PCGF1,6085,33,1.68755488033471
MADD,27663,150,1.68731640997932
RFX4,22870,124,1.68717475508176
PLA2G2A,5349,29,1.68705774490993
NOS1,12176,66,1.68672329941471
GRID1,8302,45,1.68668635928419
QTRT1,13653,74,1.68658478226768
OTP,5720,31,1.68643735352797
BNIPL,10519,57,1.68618393979637
HK2,9043,49,1.68611851421994
GABRG3,18272,99,1.68598480409973
FAM89A,9783,53,1.68580898429975
VPS33B,12738,69,1.68559173894321
COQ10A,6646,36,1.68556968459553
NSUN5,8123,44,1.68554662839456
ARHGEF37,12000,65,1.68553066677876
PIGR,12000,65,1.68553066677876
IGHMBP2,33417,181,1.68544918788155
GFOD1,13479,73,1.68527095036517
LETMD1,9788,53,1.68494782319212
CDK10,15514,84,1.68484536261341
PTCRA,4064,22,1.68450975177768
SOBP,8498,46,1.68440162945467
FAM3D,8130,44,1.68409535823481
ZNF444,20145,109,1.68369636454674
CSF2RA,39182,212,1.68365772991725
GCN1,28095,152,1.6835231761493
BCL2L2-PABPN1,8134,44,1.68326718249926
RHOG,11092,60,1.68323959066924
PNPLA3,8322,45,1.68263279918017
HSD17B6,13316,72,1.68253170979602
STRC,18682,101,1.68229654882598
PPP1R16B,10359,56,1.68218881845638
CEP72,14429,78,1.682143017646
CCL15-CCL14,4070,22,1.6820264450183
SMARCC2,18686,101,1.68193642968891
GPR37L1,8141,44,1.68181983324518
PMPCA,9437,51,1.68166997019685
NENF,4071,22,1.68161327222414
FOS,5367,29,1.68139964179676
ZSCAN29,5367,29,1.68139964179676
SLC25A18,8145,44,1.68099389348668
MAK,4073,22,1.68078753528713
TPST2,20365,110,1.68078753528713
NEFM,5184,28,1.68072858510702
ADCY9,18517,100,1.68048221811517
ATG9A,10740,58,1.68046031238793
CYB561A3,14999,81,1.68045644900322
ANXA8,8333,45,1.68041163503869
TMPRSS3,14446,78,1.68016347789105
LPO,15373,83,1.68005698713693
PCNT,31677,171,1.67979627452581
DNMT1,55018,297,1.67979466759116
TRAF3,23904,129,1.67928217496493
PDIA5,16492,89,1.67927270296061
PIGP,4633,25,1.67912201774437
TSSK4,5560,30,1.67900121759921
C12orf75,12232,66,1.67900121759921
TXNRD3,8713,47,1.67855158262758
EIF3G,7230,39,1.6785367635971
ZNF664,9640,52,1.6785367635971
NRIP3,10940,59,1.67818269171616
TULP3,12053,65,1.67811897464076
BUB1B-PAK6,8159,44,1.67810948185427
PIGX,8345,45,1.67799522525792
NELFCD,14280,77,1.67790383118247
ACTR1A,12611,68,1.67789173565381
KAZN,20032,108,1.67766016231358
PAK6,19478,105,1.67744961980083
L2HGDH,4082,22,1.67708173229409
SLC3A2,16143,87,1.67702506551258
MAX,5010,27,1.67699043769789
CSNK1D,23009,124,1.67698233946368
FCAMR,8165,44,1.67687633342915
PEX26,4454,24,1.67673942880136
WDR87,4083,22,1.67667098487007
OAF,4269,23,1.67651031238062
GPRASP1,5754,31,1.67647230833854
PTHLH,7239,39,1.67644989650602
VWA5B1,12065,65,1.67644989650602
ELP6,6497,35,1.67633080367762
POGK,4642,25,1.67586650327653
CHMP5,8170,44,1.67585009332301
NIPA1,8914,48,1.6756108180124
NUGGC,4086,22,1.67543994890467
HNRNPA2B1,5387,29,1.67515720763378
CCNJL,11518,62,1.67501678454245
KEAP1,14494,78,1.67459925497545
SLCO3A1,20630,111,1.67428080700198
DTX3L,4089,22,1.67421071930166
LITAF,21194,114,1.67377265855601
DESI2,4648,25,1.67370316441688
CACNA1E,21009,113,1.67369997777655
ENPP6,11528,62,1.67356378594378
ARMCX6,4091,22,1.67339223447189
PSG8,10787,58,1.67313838463395
TMEM179B,5767,31,1.67269319614704
VDAC2,9302,50,1.67262358809066
TIPRL,4093,22,1.67257454952956
ANKK1,8000,43,1.67256504626508
GOLGA8M,8000,43,1.67256504626508
GSG1L2,8000,43,1.67256504626508
NFE2L3,8000,43,1.67256504626508
NUDT3,8000,43,1.67256504626508
SLC16A12,8000,43,1.67256504626508
SPDYE3,8000,43,1.67256504626508
SPON1,8000,43,1.67256504626508
SYNM,8000,43,1.67256504626508
ZNF699,8000,43,1.67256504626508
KLHL10,6140,33,1.67243834639035
RNPS1,13956,75,1.6722640387381
CCDC69,16003,86,1.67225149910899
TRIM74,6513,35,1.67221268716314
SYDE2,5211,28,1.67202014684222
POLE4,4468,24,1.67148554518381
DDX39A,10612,57,1.67140679068206
ATPAF2,13405,72,1.67136085398313
PPARGC1B,16012,86,1.67131156259313
ZNF277,8006,43,1.67131156259313
NFE2L1,10427,56,1.67121837253185
OGG1,5959,32,1.67101804908682
INO80C,8380,45,1.67098689197821
ABRACL,4097,22,1.67094157462155
UBASH3A,4470,24,1.67073767693093
SYT17,20115,108,1.67073767693093
BHMT2,8009,43,1.67068552504939
GABRP,18629,100,1.67037893783019
LYPD5,15838,85,1.67002562494714
GLRA4,24782,133,1.67001294002402
HSPA12A,31490,169,1.67000815508089
ZNFX1,8385,45,1.66999047761209
MMAB,4100,22,1.669718934445
MAGED2,8574,46,1.66947108083809
SPDYE2B,8574,46,1.66947108083809
CCNG2,5219,28,1.66945717286737
PSMD7,8015,43,1.66943485591024
CALCA,6338,34,1.66928784145868
SDK1,28336,152,1.66920467369829
DEPDC7,4288,23,1.66908174523155
SLC6A4,12305,66,1.66904046271219
ARFGAP3,12867,69,1.66869259117577
PRDM15,34873,187,1.66861769464652
RRM2,17344,93,1.66854618234201
SLC29A3,11565,62,1.66820953950367
MAT1A,8581,46,1.66810920022209
RGS2,4104,22,1.66809152807614
SLC7A4,4291,23,1.66791482720878
KLHL38,4851,26,1.66781018357824
NAPB,4105,22,1.66768517204007
CRIM1,12693,68,1.66705212938866
SYTL4,8589,46,1.66655548342132
NR4A3,8030,43,1.66631635991539
SNX15,4109,22,1.66606172577865
POMZP3,9152,49,1.66603690167077
GPX1,4857,26,1.66574988687215
PHF24,27089,145,1.66563399858304
ANO2,26159,140,1.6653727178399
CD4,11212,60,1.66522418299172
SCAP,23733,127,1.66515869572768
GATA4,16072,86,1.66507222126936
RNF14,10466,56,1.66499082461204
TMEM191B,5607,30,1.66492719276825
LIN7B,5794,31,1.66489845740075
AGT,12523,67,1.66483412808447
QRICH2,12711,68,1.66469142304541
GFOD2,8039,43,1.66445084837923
SLC27A6,8040,43,1.66424382712943
HNF1B,8041,43,1.66403685737105
PLBD1,12155,65,1.66403685737105
NCAPG2,22819,122,1.66367224085469
OGDH,8230,44,1.66363247417363
IDH3A,19266,103,1.66360499895275
ZNF415,11412,61,1.66330778408969
SUDS3,9729,52,1.66318166317978
TTPAL,8046,43,1.66300278027847
TRIP13,11227,60,1.66299933550398
THAP7,4678,25,1.66296971103242
KLF8,9547,51,1.66229386286244
TRMT5,4119,22,1.66201690488577
GPR173,4494,24,1.66181517932382
FGD5,22470,120,1.66181517932382
TCP11L1,8614,46,1.66171871919036
CCNE1,12734,68,1.6616846771109
MAPK1,8240,44,1.66161350272439
HVCN1,13110,70,1.6614982809296
SNTB2,4495,24,1.66144547628059
ZNF721,8054,43,1.66135092750442
SRP14,4308,23,1.66133299061116
C9orf78,9178,49,1.66131725039125
TBX3,8242,44,1.66121029634178
VKORC1,6369,34,1.66116287316143
NPLOC4,38592,206,1.66101854839468
FAM174B,23421,125,1.66076860685062
MAP1LC3A,8057,43,1.66073232842505
PEBP4,12000,64,1.65959942575139
TMC2,12000,64,1.65959942575139
LARP1,38816,207,1.65944978132667
KPNA6,12002,64,1.6593228719394
STAT2,16128,86,1.65929072050107
ZBTB18,7689,41,1.6592756646461
ANO8,4126,22,1.65919719612809
GJB3,5064,27,1.65910783824376
USF3,12004,64,1.6590464102813
TMEM138,9941,53,1.65901511853983
CLMN,22697,121,1.65890478793386
RTN3,4127,22,1.6587951614307
RNF41,14820,79,1.65875954749949
GSTK1,8067,43,1.6586736544094
SELPLG,5816,31,1.6586006984491
SALL3,15573,83,1.65848045098928
CTSB,16887,90,1.65842010478799
ZBTB37,4316,23,1.65825359674534
USP36,22331,119,1.65822453929864
DTYMK,5067,27,1.65812553638572
DENND3,44861,239,1.65780520421935
GPLD1,12014,64,1.65766548268826
ALDH6A1,8072,43,1.65764623019333
NFATC2,12202,65,1.65762727432758
PROX1,9764,52,1.65721982804958
RD3,4131,22,1.65718896906911
FIGNL1,4695,25,1.65694830845786
LAIR2,8076,43,1.65682520680047
IL17RD,12208,65,1.65681258202368
MX2,32493,173,1.65676473002834
NABP2,6386,34,1.65674073585423
BANF2,12024,64,1.6562868520473
ZNF844,8079,43,1.65620997278383
TTLL1,8081,43,1.65580007055075
ZNF436,5450,29,1.65579300505013
RNF213,47364,252,1.65560495031571
TAP1,9586,51,1.65553093143623
KLHL15,6391,34,1.65544458444142
ATP1B1,17296,92,1.65518559749142
PHF12,22565,120,1.65481883799718
HTATSF1,4513,24,1.65481883799718
CAP2,4137,22,1.65478550428438
SLC2A9,30661,163,1.65426787937533
NLRP12,8089,43,1.65416248857963
ETV3,4139,22,1.65398589785564
RNF25,11101,59,1.6538436760089
ZNF707,10914,58,1.653669026484
TMEM170A,5081,27,1.65355679843858
APOL3,12044,64,1.65353645873603
CYB5R1,7716,41,1.65346949008085
CNP,8846,47,1.65331448557926
THOC5,25980,138,1.65289203777203
PPP1R26,8284,44,1.65278793607545
NR2F1,12238,65,1.65275110323134
PABPC1L,19393,103,1.65271045788809
ILK,9038,48,1.6526216897281
NADSYN1,25043,133,1.65260794152759
WT1,31069,165,1.65257514674382
IL17RE,8662,46,1.65251039564832
LRR1,5651,30,1.6519636825078
SSH1,21286,113,1.6519197046466
TMEM39B,8100,43,1.65191609507662
ATP11A,38053,202,1.65183634011337
MECP2,32026,170,1.65177454867375
PLEK2,12246,65,1.65167140301691
SMIM12,4710,25,1.65167140301691
SNRPB,8290,44,1.65159170837744
PPIL6,8667,46,1.65155706093294
CFP,7725,41,1.6515431178594
CHAF1B,8668,46,1.65136652596975
SHROOM2,12249,65,1.6512668790387
POLR2A,20918,111,1.65122923073195
CHD4,39767,211,1.65106501071968
TAF8,8482,45,1.65089249643685
CDIP1,13384,71,1.65073351429434
CRYAB,12630,67,1.65072983262089
DGKD,38462,204,1.65045182348788
FANCA,42987,228,1.65044956500505
ALYREF,6599,35,1.65041994718798
EIF4A1,8862,47,1.65032948989327
HSD17B2,12637,67,1.64981544559641
BORCS7,4150,22,1.64960183884928
SUPT4H1,9432,50,1.64957003990875
RABL2A,14714,78,1.64956107119846
PI4KA,48104,255,1.64954260651377
KHK,8489,45,1.64953117620183
GPD1L,9433,50,1.64939516764755
ASIC2,10188,54,1.64933688513279
ZNF254,12265,65,1.64911275999552
ASMT,16232,86,1.64865948375069
CYTH1,28503,151,1.64850748137341
BEST1,8307,44,1.64821178072096
TPO,25111,133,1.64813271791945
ITGB1BP2,6042,32,1.64806298485739
CHIC2,8308,44,1.64801339220619
PTCH2,8309,44,1.6478150514441
SNRNP25,5667,30,1.64729958882153
LRRC47,8128,43,1.64622543923728
RIIAD1,12665,67,1.64616800521136
SLC5A6,12476,66,1.64616406650156
TIMM17B,4915,26,1.64609302147264
SYAP1,4159,22,1.64603213061421
AK4,9453,50,1.64590549205747
SRSF2,5672,30,1.64584745589767
MORN5,13046,69,1.64579699299852
WDR82,12290,65,1.64575817748943
RNASEH2C,4350,23,1.64529253415009
SLC7A6,22894,121,1.64463012019458
EPB42,15139,80,1.6443616742368
LY6K,5488,29,1.64432796602099
BTBD18,5299,28,1.64425306382238
CAV1,5299,28,1.64425306382238
PPP1R8,4542,24,1.64425306382238
ADAMTS16,8138,43,1.64420255223895
SSH2,12303,65,1.64401918242259
GOLGA8O,4732,25,1.64399245735622
CEP68,12114,64,1.6439816005462
ARL5C,8331,44,1.64346360130224
ATL3,4545,24,1.64316774826871
HEBP2,6440,34,1.64284881042937
METTL22,23109,122,1.64279444649544
FAM156A,14020,74,1.64243523768192
GTF3C1,30892,163,1.64189781980859
PURG,4359,23,1.64189550895914
ST3GAL3,39614,209,1.64173152159925
RNF175,8151,43,1.64158021961975
TLX1,7014,37,1.64149857658259
GFPT2,13272,70,1.64121778654212
FAAP24,4740,25,1.64121778654212
MKNK1,30907,163,1.64110096254981
DENND2A,20481,108,1.6408812251094
HSPE1,4742,25,1.64052558165535
CNDP2,21056,111,1.64040715465667
KIRREL3,11004,58,1.64014392539498
COX4I1,10436,55,1.63995966635313
CEACAM21,19357,102,1.63970858177896
SLCO5A1,6263,33,1.63959307789186
BRI3,12716,67,1.63956572711559
ETV6,12337,65,1.63948836843196
MAGI3,4746,25,1.63914292208379
LCLAT1,4177,22,1.63893886311336
HAND2,5317,28,1.63868666262833
DHX30,24876,131,1.63868430997823
TMEM14C,5507,29,1.63865478073782
PNP,10825,57,1.63851906353053
C4orf46,4368,23,1.63851248249837
LRRC20,8736,46,1.63851248249837
ATP6V1G2-DDX39B,17669,93,1.63785528250268
EGFLAM,18999,100,1.63784879377013
BLK,22800,120,1.63776259120203
EPHA5,4560,24,1.63776259120203
B3GAT3,8170,43,1.63776259120203
MEGF11,22421,118,1.63768954528119
ZNF609,12164,64,1.63722403066563
PRDX3,11784,62,1.63720666364222
MSTO1,15016,79,1.63710818419969
QPRT,8174,43,1.63696114143878
COLQ,27565,145,1.63687137266882
RNASEH1,15589,82,1.63681706144895
PEX19,10266,54,1.63680539506457
CDC25C,15020,79,1.63667220332507
PSMB3,9698,51,1.63641158060917
ARHGEF10,39558,208,1.63618933222874
SMYD2,11603,61,1.63592764216423
PI4KB,19212,101,1.63588716037721
HEPACAM,8370,44,1.63580588559725
SMG9,14079,74,1.63555238527598
CCDC117,4567,24,1.63525233542397
TMPRSS2,21504,113,1.63517312281937
WNT5B,23408,123,1.63510388569683
LEMD2,15986,84,1.63509889625825
RHEBL1,4188,22,1.63463410487691
KLC1,33315,175,1.6345671966822
HMGB2,4760,25,1.63432191348942
POM121C,22661,119,1.6340767039
SLC1A5,7808,41,1.63398701145797
ACOX3,20377,107,1.63398505565772
BPI,18285,96,1.63373200238037
ABHD13,4000,21,1.63366818472403
ADRB1,4000,21,1.63366818472403
AKR7A3,4000,21,1.63366818472403
ALOX5AP,12000,63,1.63366818472403
ARL3,4000,21,1.63366818472403
ARMCX1,4000,21,1.63366818472403
BCL9,12000,63,1.63366818472403
BIK,4000,21,1.63366818472403
BMP3,4000,21,1.63366818472403
BORCS6,4000,21,1.63366818472403
BORCS7-ASMT,4000,21,1.63366818472403
BRK1,4000,21,1.63366818472403
C2orf78,4000,21,1.63366818472403
CBR3,4000,21,1.63366818472403
CCR1,4000,21,1.63366818472403
CENPB,4000,21,1.63366818472403
CFAP53,4000,21,1.63366818472403
CNPY3,4000,21,1.63366818472403
CXCR5,4000,21,1.63366818472403
DAND5,8000,42,1.63366818472403
DRGX,4000,21,1.63366818472403
EDDM3B,4000,21,1.63366818472403
EDN1,4000,21,1.63366818472403
EFHC2,8000,42,1.63366818472403
EIF5AL1,4000,21,1.63366818472403
FAM180B,4000,21,1.63366818472403
FAM83B,4000,21,1.63366818472403
FIGLA,4000,21,1.63366818472403
FOXS1,4000,21,1.63366818472403
FZD4,4000,21,1.63366818472403
FZD7,4000,21,1.63366818472403
FZD9,4000,21,1.63366818472403
GCC1,8000,42,1.63366818472403
GDF5,8000,42,1.63366818472403
GOLT1A,8000,42,1.63366818472403
GPC6,4000,21,1.63366818472403
GPKOW,4000,21,1.63366818472403
IER3,4000,21,1.63366818472403
IFIT1B,4000,21,1.63366818472403
KCNA5,4000,21,1.63366818472403
LRRC3,4000,21,1.63366818472403
MAP10,4000,21,1.63366818472403
MARCKS,4000,21,1.63366818472403
MUL1,4000,21,1.63366818472403
NDN,4000,21,1.63366818472403
NPIPA8,12000,63,1.63366818472403
NPTXR,4000,21,1.63366818472403
NWD2,4000,21,1.63366818472403
OPN1SW,4000,21,1.63366818472403
OTUD1,4000,21,1.63366818472403
PGM2L1,4000,21,1.63366818472403
PLPP4,12000,63,1.63366818472403
POLR2J,4000,21,1.63366818472403
PRRG4,4000,21,1.63366818472403
PYURF,4000,21,1.63366818472403
RAB12,8000,42,1.63366818472403
RASSF2,12000,63,1.63366818472403
RP1L1,8000,42,1.63366818472403
S100A12,4000,21,1.63366818472403
SCNN1G,4000,21,1.63366818472403
SOX9,4000,21,1.63366818472403
SSC4D,8000,42,1.63366818472403
STK38,8000,42,1.63366818472403
TIMM23,4000,21,1.63366818472403
TMEM14A,4000,21,1.63366818472403
TMEM60,4000,21,1.63366818472403
TRIM58,4000,21,1.63366818472403
UCN3,4000,21,1.63366818472403
ULBP1,4000,21,1.63366818472403
UTP3,4000,21,1.63366818472403
WASL,4000,21,1.63366818472403
WBP4,4000,21,1.63366818472403
ZC3HAV1L,4000,21,1.63366818472403
ZNF165,4000,21,1.63366818472403
ZNF449,4000,21,1.63366818472403
ZSWIM1,4000,21,1.63366818472403
DUSP18,8381,44,1.63365890257117
TIGAR,19430,102,1.63354807089528
MARK2,29339,154,1.63335265068923
SLC5A7,4001,21,1.63325986975659
RBP1,8193,43,1.6331649420384
LGALSL,4573,24,1.63310680426006
NPAS2,32965,173,1.63304281428214
NTRK3,33539,176,1.63292826410435
ARF6,4002,21,1.6328517588446
THBS2,23824,125,1.63267551800908
AGFG2,12009,63,1.63244385183515
CCDC85A,8006,42,1.63244385183515
HLA-E,4003,21,1.63244385183515
SPDYE2,8006,42,1.63244385183515
GAD2,5528,29,1.63242978971114
MGLL,35266,185,1.63237551978539
CPNE9,8007,42,1.63223997474612
LRSAM1,15061,79,1.63221675147351
AGAP1,20783,109,1.6320099727563
TOX3,8962,47,1.63191474441354
ZNF28,19641,103,1.63184226413236
SPIN2B,4958,26,1.63181670039089
GAS7,36615,192,1.63172413838728
SEC24C,14495,76,1.63154824539202
NMT1,16408,86,1.63097517919559
IL2RG,4579,24,1.63096689580285
KIF22,16028,84,1.63081425976943
RLIM,4007,21,1.63081425976943
LRIG1,24807,130,1.63069843200267
LMX1A,8969,47,1.63064109035948
VIPR2,8015,42,1.63061078949373
PLEKHF2,8397,44,1.63054605959855
BIN2,8588,45,1.63051585407282
HTR2C,4008,21,1.63040736998406
TXLNA,4390,23,1.6303012582125
ITGA9,12026,63,1.63013622290773
MTHFR,11072,58,1.63007078712485
DUSP3,8209,43,1.62998177245957
FHAD1,60523,317,1.62983396176823
HIPK2,12220,64,1.62972120368385
PRADC1,4010,21,1.62959419922596
GALNT15,12985,68,1.62956431870083
ACTR6,5729,30,1.62947229356809
LRFN2,4011,21,1.62918791794967
MOB1A,4584,24,1.62918791794967
RGS10,17383,91,1.62900047183358
ZDHHC3,28082,147,1.62889784104668
RPH3A,39927,209,1.62886148462526
SHCBP1L,4776,25,1.62884679820135
TRAFD1,8025,42,1.62857887573735
SEC13,17007,89,1.62842155684285
DNAJB13,8408,44,1.62841285233694
SERP2,8217,43,1.62839483632963
DDO,4013,21,1.62837596284478
ZNF541,12039,63,1.62837596284478
CEMIP,16244,85,1.62828526520025
CEACAM19,12996,68,1.62818503218915
IL1RN,15672,82,1.62814836465848
DNAAF2,4014,21,1.62797028871353
UTP14A,12043,63,1.62783510891707
AKR1A1,10706,56,1.62766616573787
PIK3R3,12427,65,1.62761471001409
CRYBA1,4015,21,1.62756481666155
DKK1,4971,26,1.62754922561618
UBXN7,8031,42,1.6273621563681
AGAP6,4398,23,1.62733572613754
CPEB3,8033,42,1.62695698715202
ADAM19,8034,42,1.62675447819171
FFAR4,4017,21,1.62675447819171
TRUB2,8034,42,1.62675447819171
NUDT10,4591,24,1.62670385882842
TEX35,8035,42,1.62655201963811
FAM53C,11670,61,1.6265354269093
SCTR,12818,67,1.62651878499
SRPX,12053,63,1.62648454465181
NELFE,4592,24,1.6263496114724
PSAT1,4018,21,1.6263496114724
PHC2,24687,129,1.62602021753805
C3orf20,8038,42,1.62594494622944
NPR2,18564,97,1.62594077547153
SWT1,4402,23,1.62585700217012
SAMD4A,26987,141,1.62580723379043
DRD2,17036,89,1.62564953141737
AACS,37709,197,1.62564517194017
C14orf119,4020,21,1.62554048231246
GCHFR,5552,29,1.62537317678732
PEBP1,6893,36,1.62516990045291
CYTL1,4021,21,1.62513621957128
SLC25A53,4021,21,1.62513621957128
CASP9,10342,54,1.62477704367945
RPP40,4405,23,1.62474972157841
TSR3,4405,23,1.62474972157841
BTBD17,5363,28,1.62463117381965
WDR53,5364,28,1.62432829701618
ZNF134,4023,21,1.62432829701618
TBC1D2,12069,63,1.62432829701618
MKX,6515,34,1.62393650639526
PCIF1,8050,42,1.62352117736549
SASS6,4025,21,1.62352117736549
FAM156B,10736,56,1.62311791825537
ACIN1,22048,115,1.62305481756914
COL17A1,21283,111,1.62291091709115
IL21R,16107,84,1.62281560536316
GPR83,4027,21,1.62271485942292
NOS1AP,14766,77,1.62267822763685
ZNF774,6329,33,1.62249509351189
FIGN,4028,21,1.62231200071899
LAS1L,8056,42,1.62231200071899
POLR3H,4220,22,1.62223877517168
PSME3,9400,49,1.62208188554159
GSTM4,6715,35,1.62190934199457
TUBB8,8252,43,1.62148816894336
ST6GALNAC1,14969,78,1.62146045838828
SOAT1,4606,24,1.62140629958343
ZNF41,8637,45,1.62126550362132
AVIL,19962,104,1.62118970053863
ATF1,4799,25,1.62104028093554
ST8SIA5,14397,75,1.62104028093554
LEAP2,4224,22,1.62070256421034
FAM114A1,16129,84,1.6206020804504
ZNF596,8449,44,1.62051074238951
BOC,30534,159,1.62038409249405
ZBTB43,4034,21,1.61989904285972
VWCE,12679,66,1.61980778402662
TEX26,8069,42,1.61969828699866
EBF3,12490,65,1.61940496407887
HTT,50732,264,1.61929692451892
ZNF347,8071,42,1.61929692451892
COMMD4,6534,34,1.61921431575836
PCCB,13453,70,1.61913643521795
PPM1G,4036,21,1.61909631786326
ZNF154,4036,21,1.61909631786326
DCAF11,10764,56,1.61889576090576
ZNF274,11918,62,1.61879873505286
GSS,24416,127,1.61857844551544
RNF214,9998,52,1.61843312673295
COX6B1,6922,36,1.61836118518086
IFITM3,8846,46,1.61813758163077
SRCAP,20962,109,1.6180738127943
SLC36A3,8270,43,1.61795893229995
IKBKB,24427,127,1.61784956505936
USP42,15003,78,1.61778588293102
PPP2R5C,45974,239,1.61767084148615
ACO1,4040,21,1.61749325220201
CDHR3,20393,106,1.61744415175839
PITX2,22129,115,1.61711386044396
SWSAP1,4041,21,1.61709298166199
ZNF506,4041,21,1.61709298166199
KCTD8,5196,27,1.61695960216829
CFAP73,7506,39,1.61681598731775
LMAN2,12318,64,1.61675540745386
HEG1,13858,72,1.61672624099032
KLHL18,4042,21,1.61669290917766
ACCS,15592,81,1.61654478441504
HEY2,5968,31,1.61635751712131
ZSWIM7,12129,63,1.61629303460205
SOD1,4043,21,1.61629303460205
ZNF595,4043,21,1.61629303460205
NACA,16943,88,1.6162067240098
GTF3C4,4429,23,1.61594547833662
TERF2IP,4623,24,1.6154439575776
IFT20,7513,39,1.61530957018595
NYX,8091,42,1.61529421305058
CD24,5588,29,1.61490191079513
CDK11A,19462,101,1.61487329797385
MCF2L2,24858,129,1.61483470554195
PTCH1,41240,214,1.61472907270307
TMEM200C,4433,23,1.61448737278432
SPATA3,14650,76,1.61428613085033
GPRC5B,15807,82,1.61424313095006
NMNAT2,16000,83,1.6142197539535
E2F8,8675,45,1.61416370660258
DCAF8,26417,137,1.61376993030961
ANKS6,16969,88,1.61373036271424
AOC1,14276,74,1.61298277054501
YDJC,4052,21,1.61270304513724
ZNF630,12542,65,1.61269079902289
TMEM169,4053,21,1.61230514159786
UCK2,18916,98,1.61213467161037
ATP1A4,16022,83,1.61200324948546
PSMD8,8494,44,1.61192550770532
MTPAP,8301,43,1.61191668113728
PKNOX2,21431,111,1.61170328255568
EFTUD2,39195,203,1.61164697391663
UMOD,13130,68,1.61156836849431
PIM2,8110,42,1.61150992327894
DTD1,8112,42,1.6111126082091
TEX36,4057,21,1.6107154890057
FMNL3,12945,67,1.61056143576685
COQ4,8308,43,1.61055854238332
ILDR2,4058,21,1.61031856552393
ARHGEF11,23577,122,1.61018521712105
C11orf16,4059,21,1.60992183761914
TICRR,8118,42,1.60992183761914
RSPH1,4060,21,1.60952530514682
ZBTB33,4060,21,1.60952530514682
ZNF202,4061,21,1.6091289679626
TMED2,5029,26,1.60877852466455
PTPN1,4062,21,1.60873282592223
TFDP1,8705,45,1.60860082191584
DNAJC19,4256,22,1.60851683064485
RABEPK,4063,21,1.60833687888164
LUZP1,12383,64,1.60826884511158
SRPX2,18382,95,1.60818272066134
HLF,15094,78,1.60803243683676
ZFAND2B,9676,50,1.60797277970435
ZNF786,4064,21,1.60794112669688
CYP1B1,10257,53,1.60790380163834
LAMP1,12000,62,1.60773694369666
ABAT,20904,108,1.60767740008925
NDUFA6,7549,39,1.60760641155213
MSC,5420,28,1.60754556922413
ADRB3,4646,24,1.60744671026286
PSMB9,10649,55,1.6071573930004
ERP29,8132,42,1.60715020631975
ACVR1B,9681,50,1.60714230104527
BAALC,16265,84,1.60705139597814
FAM20A,15878,82,1.60702488795362
SLC25A15,7746,40,1.60689332470119
CLU,15495,80,1.60658221273126
TMEM258,6199,32,1.60632304476663
NUBP1,12207,63,1.60596528358223
ZBTB32,8526,44,1.60587558790159
C2orf81,7945,41,1.60581127570344
FLRT2,13371,69,1.60579370059522
TGIF1,17053,88,1.60578141821955
GPR176,12985,67,1.60560013754346
FBXO32,12017,62,1.60546253843388
ZNF528,16088,83,1.60539010835754
EVA1C,18222,94,1.60522664245792
SAP30L,9305,48,1.60520094914159
IL1RL2,8337,43,1.60495626365846
DCAF12,9696,50,1.60465600416866
F2R,4073,21,1.60438810186499
PRELID3B,4073,21,1.60438810186499
ZNF69,4073,21,1.60438810186499
KCNK10,11638,60,1.60426993810819
RNF152,5240,27,1.6033820787913
KCTD20,4271,22,1.60286762613545
TBC1D16,13978,72,1.6028467769097
SUN1,30489,157,1.60236341288847
FAM186B,9710,50,1.60234239098036
TOE1,5244,27,1.60215905661068
KLHL14,4856,25,1.6020124193183
TRIM39,6410,33,1.60199242540355
AEN,12044,62,1.60186344440053
PSMD4,15541,80,1.60182686997432
IL10RB,10102,52,1.60177137211206
CCDC13,20010,103,1.6017498205809
ZNF32,6606,34,1.60156620332503
KRT4,7189,37,1.60153999390044
CHTOP,8356,43,1.60130688967456
ASB18,12049,62,1.60119871560793
MTF1,5053,26,1.60113738383892
NDUFB1,7191,37,1.60109456489366
PSG1,9719,50,1.60085858796371
TMEM242,4082,21,1.60085074446254
ZNF92,4082,21,1.60085074446254
MAPK9,17885,92,1.60067599073031
MBP,35576,183,1.60065789566266
PDCD11,20024,103,1.60062993956371
ACAD8,12637,65,1.6005672233398
SUSD4,14193,73,1.60049088564589
IER3IP1,4083,21,1.60045866737598
TWSG1,4083,21,1.60045866737598
ARHGAP20,9139,47,1.6003085610498
ERV3-1,4084,21,1.60006678229581
COA7,4279,22,1.59987091171407
ERAL1,7975,41,1.59977060632775
NFATC3,15950,82,1.59977060632775
CYFIP2,36374,187,1.59976095192743
PGLYRP4,4863,25,1.59970641748091
GADD45A,4475,23,1.59933464213472
CD1D,7006,36,1.59895748270367
EHMT1,87382,449,1.59892800182469
RBM3,5450,28,1.59869669453116
ZNF701,12847,66,1.59862558524741
PANX1,4088,21,1.59850115922116
ITGAM,21417,110,1.59822749013039
TXNDC17,4673,24,1.59815908749867
MRS2,4284,22,1.59800364874521
KCNE3,8180,42,1.59771949606262
CMPK2,8570,44,1.59763071907223
SAG,30193,155,1.59745995134302
GTPBP4,12272,63,1.59745911152936
NUP153,4091,21,1.5973289510868
DOCK1,12079,62,1.59722189952479
GNE,8185,42,1.59674349148347
SMPD2,5847,30,1.59658744139757
NUTM1,4095,21,1.59576867860711
FNIP1,4096,21,1.59537908664456
EMC3,14629,75,1.59533234839216
HLA-A,5462,28,1.59518436199099
KNOP1,10144,52,1.59513943228274
SRPRA,8389,43,1.5950077923615
MCM2,14634,75,1.59478727105569
FGF23,8000,41,1.59477132318298
FGFBP2,8000,41,1.59477132318298
HSPB2-C11orf52,8000,41,1.59477132318298
LMTK2,8000,41,1.59477132318298
PDSS2,8000,41,1.59477132318298
RBAK-RBAKDN,8000,41,1.59477132318298
HLA-DPA1,12099,62,1.59458164512439
EME1,10539,54,1.59440593848874
C12orf76,16199,83,1.59438953412285
ADGRE2,9954,51,1.59432584978377
PIWIL1,15419,79,1.59431976742607
ZNF814,4294,22,1.59428216842676
AGBL1,12102,62,1.59418635963972
CNR1,11323,58,1.59393656760986
C4orf36,9762,50,1.59380706990569
RDM1,4491,23,1.59363672312467
HYI,6249,32,1.59347040398597
EPHX2,14061,72,1.59338540983172
WDFY2,8007,41,1.59337711820455
EDN3,5078,26,1.59325466729776
GSTM5,6836,35,1.59320088231327
GJA5,8008,41,1.59317814503794
SHMT1,8204,42,1.59304552386546
VWA2,4102,21,1.59304552386546
TPM1,21487,110,1.5930208105423
DRC3,17972,92,1.59292733664653
VSX1,8010,41,1.59278034774829
DRC7,15825,81,1.59274352471401
LEMD1,13482,69,1.59257288018533
CREB3L4,5862,30,1.59250200782183
IFI27L2,5276,27,1.59244164004292
ENO4,8013,41,1.59218402414374
PYGL,16027,82,1.592084680285
VMA21,4691,24,1.59202673542555
GPR55,8016,41,1.5915881468892
ZNF257,4106,21,1.5914936042124
ZFP2,8017,41,1.59138962023997
SPTLC1,20339,104,1.59113962348946
S100A10,5281,27,1.59093393161644
PCDH10,8021,41,1.59059600866025
ANKRD29,16240,83,1.59036428960936
TEX2,25047,128,1.59022582417189
CCM2,25246,129,1.59001668028051
CDKN2A,13308,68,1.59001297552827
POLR3GL,8026,41,1.58960510658657
GGPS1,5679,29,1.58902480674823
CALCB,8031,41,1.58861543835934
SV2C,8031,41,1.58861543835934
GREB1,27231,139,1.58838493017684
ARF4,4310,22,1.58836371954165
CSMD2,28612,146,1.58784895428297
RLBP1,8035,41,1.58782459059911
SLC1A6,19403,99,1.58770882546566
TSLP,7252,37,1.58762700167544
ZNF324B,8036,41,1.58762700167544
NME4,5685,29,1.58734773571208
DHX33,8234,42,1.58724137451934
YTHDF2,6470,33,1.58713623598713
MYL2,52349,267,1.58711143004984
CHCHD6,20003,102,1.5867539377841
IDNK,4119,21,1.58647068193642
ELF5,10006,51,1.58604032667876
ITPKB,5494,28,1.58589315347558
SLC39A6,8045,41,1.58585091180408
BRCA1,27080,138,1.58575092840906
FAM217A,8438,43,1.58574548117096
CSRP2,8049,41,1.58506281345059
RANGAP1,12566,64,1.58484745416335
MSH2,16101,82,1.5847674784751
PSMC1,8051,41,1.58466905793862
RNF19B,4124,21,1.58454722087684
DMBT1,31620,161,1.58441358838932
CDC6,11588,59,1.5843388546233
ESYT2,10612,54,1.58343801222511
FAM117B,4520,23,1.58341206273294
CDC25A,8451,43,1.58330616141529
PDPR,16117,82,1.58319421548226
SNRNP35,9435,48,1.5830837129584
CMTM7,9829,50,1.58294278323525
PPP1R14A,7275,37,1.58260769981447
TRRAP,24777,126,1.58243679353338
NR1I2,10226,52,1.58234836701311
PLAC9,9048,46,1.58201205206739
RGMB,12786,65,1.58191521987683
PRDM6,12001,61,1.58167389651125
PDCL3,8265,42,1.58128801909162
CAMTA1,63172,321,1.58119325709827
GNB1L,4133,21,1.58109671882316
ANAPC11,7676,39,1.58100844200196
EBP,8070,41,1.58093811467953
APBA2,27950,142,1.58092431880611
NLE1,8071,41,1.5807422358399
UBOX5,4331,22,1.58066211757666
POMC,4332,22,1.58029723712477
SOX30,8074,41,1.58015489044635
CTRC,5908,30,1.5801027030893
MAPT,28164,143,1.5799605738872
KCTD5,7091,36,1.57979073809363
NUTF2,4334,22,1.57956798136237
HS3ST2,4335,22,1.5792036058188
SLC52A3,10840,55,1.57883939834513
VASH2,13008,66,1.57883939834513
TDRD10,16753,85,1.57881369592985
GABRB1,8082,41,1.5785907678129
FAM219B,9858,50,1.57828612461141
CDS1,4142,21,1.57766121170838
PPP4R4,9468,48,1.57756599406026
RRP8,6312,32,1.57756599406026
SUPT6H,30380,154,1.57738424682592
IL20RA,4932,25,1.57732609655508
HELZ,14402,73,1.57726476461409
SMURF1,8089,41,1.57722469841313
ZNF44,8089,41,1.57722469841313
PPP1R3E,5919,30,1.57716620541503
ATG4B,18941,96,1.57714955195212
DNAJC16,14995,76,1.57714516952033
ZNF559-ZNF177,4538,23,1.57713145076088
SLC25A44,10458,53,1.57700031491724
UBASH3B,24271,123,1.57696476273707
TRIB2,5328,27,1.57689979220466
UBIAD1,4736,24,1.57689979220466
LTK,8091,41,1.57683482702556
TSPAN6,7302,37,1.57675582253496
PHGDH,38291,194,1.57655660890828
NRBP1,15792,80,1.57636723570611
PLXNA4,12831,65,1.57636723570611
DUSP6,5330,27,1.57630808496556
RUFY1,31586,160,1.57626742140638
YBX1,4738,24,1.57623415278203
TTL,12043,61,1.57615780387209
AFF3,23495,119,1.57607202328487
VCX,4936,25,1.57604787443469
MEI1,27449,139,1.57576997463098
CWC25,12836,65,1.57575319424627
MMGT1,4345,22,1.57556907508044
SLIT3,16393,83,1.57552101892613
ARL6IP1,4148,21,1.57537915595374
AURKB,7902,40,1.57517029778986
FGF2,4149,21,1.57499945502437
PAFAH2,8496,43,1.57492000589932
INSR,18776,95,1.57443623621627
SLC39A1,13045,66,1.574361279699
SMOC1,16010,81,1.57433893058084
SLC16A6,4151,21,1.57424060199858
DPYSL2,24709,125,1.57419812785011
C19orf44,8105,41,1.57411111480121
NSMCE1,14432,73,1.57398608231515
P2RX7,4152,21,1.57386144963779
C2CD2,24517,124,1.57383393762368
TNFRSF10A,8502,43,1.57380855917673
DPCD,16016,81,1.57374914326919
SUFU,8107,41,1.57372278098727
ZNF565,9689,49,1.57369901167209
TMSB4X,4548,23,1.57366370350767
CCNL2,13051,66,1.57363749089522
TDRD9,20368,103,1.5735965195318
RFTN1,27092,137,1.57356268451901
BSDC1,8306,42,1.57348247986904
PSMB7,4153,21,1.57348247986904
TAF11,7911,40,1.57337829517576
ADIPOR1,8308,42,1.57310369256045
IZUMO2,4154,21,1.57310369256045
CCDC50,8309,42,1.57291436728755
CNGA3,10881,55,1.57289027461274
PIGL,13059,66,1.57267347374787
SEC31B,26911,136,1.57258315769241
PGAM1,5343,27,1.57247278548876
PPP6C,4156,21,1.57234666479695
HNRNPF,9896,50,1.57222560796476
PEX5,10887,55,1.57202342960055
PRKCE,30880,156,1.57199751305791
UBALD2,4355,22,1.57195123564282
CXADR,8118,41,1.57159036529488
ZNF234,4356,22,1.57159036529488
PTPN9,20000,101,1.57143320625835
LPIN1,36834,186,1.57133436425802
WDFY4,20003,101,1.57119752662936
PPP2R2D,9114,46,1.57055574359291
ABCF1,16049,81,1.57051319575047
MAGED1,13078,66,1.57038865986187
CAMSAP1,22392,113,1.57032702898837
NHLRC2,4163,21,1.56970279579537
PCSK6,52539,265,1.56952637977545
MSL1,13483,68,1.56937570854634
LYSMD4,5552,28,1.56932582586362
SRSF6,4759,24,1.56927871735265
PGLYRP2,8330,42,1.56894903694985
AQP11,4562,23,1.56883439797301
OR51E1,4562,23,1.56883439797301
IL6,5356,27,1.56865610397058
ID2,7935,40,1.56861949503912
UGDH,5754,29,1.56831280457476
PLA2G4C,37305,188,1.56817798573212
ACOT8,10121,51,1.56801892191954
LARS2,16275,82,1.5678243422997
CLN6,20645,104,1.56755576663367
VCP,20645,104,1.56755576663367
OGFRL1,6551,33,1.56751205111231
ZNF761,12904,65,1.56744947313586
ZNRF1,15287,77,1.56737533258885
KANSL3,29186,147,1.56728257288675
DGKG,24822,125,1.56703172754203
ABL1,8937,45,1.56684235814897
FRMD5,24830,125,1.56652684418237
SNX29,28011,141,1.56637249003257
PARP16,12517,63,1.56619143698077
PECAM1,20663,104,1.5661902338553
GEMIN4,5961,30,1.56605381141614
METTL24,4372,22,1.56583889094796
GABARAPL1,5171,26,1.56460011613576
RNF144A,16309,82,1.56455583855096
EMILIN2,8354,42,1.56444164206275
UNC13B,16112,81,1.5643722864076
DFFB,12333,62,1.5643268729717
CLPTM1L,25862,130,1.56417662990837
KDM5C,24273,122,1.56401503168389
METTL23,10148,51,1.563847015052
XAF1,9950,50,1.5636929262733
FABP6,14529,73,1.56347767499292
HMBS,11745,59,1.56316037866111
VTI1A,8361,42,1.56313185956132
ARHGEF39,10551,53,1.56310011310818
NME1,4778,24,1.56303838758503
SLC22A14,8762,44,1.56262214819094
NR4A2,12347,62,1.56255311608973
NCOA4,11949,60,1.56251515103382
IP6K1,12348,62,1.56242657307742
PFKFB1,8166,41,1.56235250862893
DPH3,4382,22,1.56226554797455
NBPF3,19524,98,1.56193092850757
EXOSC1,4184,21,1.56182426837861
ZNF341,12353,62,1.56179416533311
HDHD2,8370,42,1.56145107261556
ZNF501,4185,21,1.56145107261556
ZNF689,8968,45,1.56142619923923
PCSK1N,4783,24,1.56140443568498
HEY1,5382,27,1.56107805515913
TMEM114,12762,64,1.56050721744372
ERN1,22337,112,1.56026270048705
WRNIP1,7380,37,1.5600909235976
FRAS1,12367,62,1.56002614412226
ADAMTS17,15758,79,1.56002135384836
SLC2A14,17155,86,1.55995574119739
RGPD8,13566,68,1.55977389638289
KCNE1,13168,66,1.55965544453778
AK2,16164,81,1.55933966088835
TMEM106C,6987,35,1.55876931894855
LAPTM4B,4792,24,1.55847191483332
SALL2,8587,43,1.55822992548278
DNHD1,33553,168,1.55805388225103
TCP11,12383,62,1.55801044370184
RBM44,8789,44,1.55782173881545
KCTD19,13783,69,1.55779348259875
IGF2R,34158,171,1.55778753405217
TRANK1,17183,86,1.55741376594548
NUP188,26376,132,1.55729017998737
TSPAN33,11990,60,1.55717210506282
WDR54,7195,36,1.55695568086475
SIRT5,8396,42,1.5566157072168
LIN9,4798,24,1.5565230128973
CD1E,6198,31,1.55637651858341
ABTB2,8000,40,1.55587446164193
AKAP11,4000,20,1.55587446164193
ANKRD50,4000,20,1.55587446164193
ARRDC4,4000,20,1.55587446164193
BHLHE22,4000,20,1.55587446164193
BMP6,4000,20,1.55587446164193
C5AR2,8000,40,1.55587446164193
C6orf120,4000,20,1.55587446164193
C9orf40,4000,20,1.55587446164193
CCIN,4000,20,1.55587446164193
CCL26,8000,40,1.55587446164193
CCL4,4000,20,1.55587446164193
CDC5L,4000,20,1.55587446164193
ENDOD1,4000,20,1.55587446164193
FAM106A,4000,20,1.55587446164193
FGF18,4000,20,1.55587446164193
GNAI3,4000,20,1.55587446164193
GPR180,4000,20,1.55587446164193
GPR63,4000,20,1.55587446164193
GPR88,4000,20,1.55587446164193
GRXCR2,8000,40,1.55587446164193
HECA,4000,20,1.55587446164193
HSPA1A,4000,20,1.55587446164193
IL22RA1,4000,20,1.55587446164193
IRAK2,4000,20,1.55587446164193
KIAA1210,8000,40,1.55587446164193
KLHL34,4000,20,1.55587446164193
KRT3,4000,20,1.55587446164193
KRTAP10-7,4000,20,1.55587446164193
LCE3C,4000,20,1.55587446164193
LNX2,8000,40,1.55587446164193
MAB21L2,4000,20,1.55587446164193
MB21D2,4000,20,1.55587446164193
MUC22,4000,20,1.55587446164193
MYH7,4000,20,1.55587446164193
NDUFA1,4000,20,1.55587446164193
NT5C1A,4000,20,1.55587446164193
NUDT11,4000,20,1.55587446164193
NUPR2,4000,20,1.55587446164193
NXT1,4000,20,1.55587446164193
PDCD1LG2,4000,20,1.55587446164193
PIRT,4000,20,1.55587446164193
POTEM,4000,20,1.55587446164193
PRSS38,4000,20,1.55587446164193
RLF,4000,20,1.55587446164193
RNF222,4000,20,1.55587446164193
RP2,4000,20,1.55587446164193
SGPP2,4000,20,1.55587446164193
SIK2,8000,40,1.55587446164193
SLC10A1,4000,20,1.55587446164193
SMCR8,4000,20,1.55587446164193
SMIM9,8000,40,1.55587446164193
SOWAHA,4000,20,1.55587446164193
SPATA45,4000,20,1.55587446164193
SPDYC,4000,20,1.55587446164193
SPDYE6,4000,20,1.55587446164193
STBD1,4000,20,1.55587446164193
SYCE3,8000,40,1.55587446164193
TMEM139,8400,42,1.55587446164193
TMEM170B,4000,20,1.55587446164193
TNKS2,4000,20,1.55587446164193
TOPAZ1,4000,20,1.55587446164193
TSPYL6,4000,20,1.55587446164193
VAT1L,8000,40,1.55587446164193
ZNF750,4000,20,1.55587446164193
ZNF777,4000,20,1.55587446164193
ZNF783,4000,20,1.55587446164193
ABCG8,8200,41,1.55587446164193
HKDC1,12000,60,1.55587446164193
LDHC,4400,22,1.55587446164193
PM20D1,12000,60,1.55587446164193
SPESP1,12000,60,1.55587446164193
NUP85,24203,121,1.55568160854996
HTRA1,11002,55,1.55559162680069
NMNAT1,8602,43,1.55551271449902
ARHGEF3,24606,123,1.55549507259983
CMTM8,4001,20,1.55548559024437
SIRPB2,12204,61,1.55536450606617
EMP1,10004,50,1.55525236069765
CEP19,4002,20,1.55509691318534
TNFAIP8L3,8405,42,1.55494889682239
TEFM,4003,20,1.55470843031919
POMT2,40236,201,1.55448238786176
ZNF346,8208,41,1.55435801479822
SAA1,4004,20,1.55432014150043
ZNF275,8008,40,1.55432014150043
BTG4,21024,105,1.5540983492428
CNNM3,11414,57,1.55396608224268
APOBEC1,4005,20,1.5539320465837
SLC52A1,8010,40,1.5539320465837
POP5,5407,27,1.55386019842175
AWAT2,8411,42,1.55383967159579
DDX11,30844,154,1.55365495456398
CDH1,29442,147,1.55365495456398
FAM81A,15222,76,1.5536257927314
TRAF5,12218,61,1.55358229104858
TMPRSS12,4006,20,1.55354414542379
ZNF66,4006,20,1.55354414542379
ZBTB10,4607,23,1.55351042404013
SNRPC,4407,22,1.5534031384671
HNRNPUL1,23440,117,1.55321938576882
SORBS1,36263,181,1.5531714284929
COL22A1,20035,100,1.55315643787565
CUL4A,11423,57,1.55274173708465
RASL11B,13829,69,1.55261172685361
IGSF1,20243,101,1.5525694869914
KLHL42,8819,44,1.55252242458884
EMC1,25859,129,1.55232457211655
CANX,17842,89,1.55221193908902
HEXA,17842,89,1.55221193908902
FAHD2A,12230,61,1.55205792575892
WBP1,4812,24,1.5519944754533
ARPC4,8622,43,1.55190447345402
UPP2,12031,60,1.55186547582937
DCAF4,20053,100,1.55176229156927
PTTG1IP,12834,64,1.55175261874838
SLC7A6OS,8222,41,1.55171133367354
NCF2,16446,82,1.55152262987521
HDLBP,51351,256,1.55129934053995
RALY,17454,87,1.55106082460007
FXN,4414,22,1.55093965365303
SDHAF4,4013,20,1.55083425032836
DNAAF1,12641,63,1.5508281161845
HEXIM2,5217,26,1.55080452377574
CDC45,15653,78,1.55060637587773
MED19,4014,20,1.55044789401289
PDE6D,8028,40,1.55044789401289
CALN1,12846,64,1.55030306001998
NANOG,5821,29,1.55026144606136
ZNF329,12045,60,1.55006173015385
STMN2,4618,23,1.54980998777672
ARL11,4016,20,1.5496757586075
DLX1,6627,33,1.54953545297069
SLF2,8033,40,1.54948284490669
CAPN8,22495,112,1.54930375375769
KIAA2012,8034,40,1.5492899792302
PIK3R6,4017,20,1.5492899792302
TXLNG,8034,40,1.5492899792302
SLFN5,4018,20,1.54890439187848
GRK4,13662,68,1.54881369333408
ZNF599,8038,40,1.54851899640899
MERTK,12057,60,1.54851899640899
RSPH3,4421,22,1.54848396996709
KCTD10,18490,92,1.5483012490109
NCBP2L,6834,34,1.54813379267854
UBAP1,8040,40,1.54813379267854
STX18,15278,76,1.54793113083894
NCBP2,4825,24,1.54781293593394
PRRX1,13671,68,1.54779406614953
SAYSD1,4022,20,1.54736395986269
MOCS1,10257,51,1.54722818648218
UTS2,8447,42,1.5472174118376
BEND7,28962,144,1.54717162127227
CALM1,11666,58,1.54707215455567
MLN,4023,20,1.5469793304916
MFHAS1,12271,61,1.54687217276763
UBE2C,5834,29,1.54680697249283
GPT2,12473,62,1.54676848587829
GUCY2C,4024,20,1.5465948922882
SNAPIN,4024,20,1.5465948922882
SYN2,18914,94,1.54649676847141
TREM1,8050,40,1.54621064510999
ATXN7L1,17310,86,1.54598733334727
CRACR2A,16103,80,1.54592258500099
SLC13A4,13084,65,1.54588566197991
TYW1B,4026,20,1.54582658881464
ZNF835,4026,20,1.54582658881464
GLUL,10267,51,1.54572119496909
PIP4K2A,16508,82,1.54569549133315
CHST11,8053,40,1.54563463220358
PLCG2,60400,300,1.5455706572602
ECHDC3,8255,41,1.54550824778484
ATP1B4,4027,20,1.54544272325993
TMA7,4027,20,1.54544272325993
VPS72,8054,40,1.54544272325993
LYZL4,15102,75,1.54536597302536
CHCHD5,4632,23,1.54512576069794
C19orf84,4028,20,1.5450590483038
HNRNPAB,5035,25,1.5450590483038
PLP2,4028,20,1.5450590483038
CDC42EP3,12893,64,1.54465160234365
STK10,36266,180,1.54446259910411
CCL5,4433,22,1.54429226961978
ZNF578,8060,40,1.54429226961978
RIPPLY2,4232,21,1.54410981542914
RSPH14,14107,70,1.54407332976444
NPIPB11,10682,53,1.54393084566602
HAAO,8062,40,1.54390916560846
PEX6,4031,20,1.54390916560846
HEBP1,12093,60,1.54390916560846
TUBB,8264,41,1.54382509504645
SORD,14513,72,1.54376023204326
CISD1,8063,40,1.54371768487355
EIF3CL,8063,40,1.54371768487355
VAMP1,8063,40,1.54371768487355
UNC5C,4234,21,1.54338042959285
LIPG,5646,28,1.54319819078902
DPAGT1,14922,74,1.54315386893852
KIF16B,8066,40,1.54314352753973
TBX18,5243,26,1.54311409508641
CREBRF,5042,25,1.54291398417486
MLEC,8269,41,1.54289159335637
ZNF593,4034,20,1.54276099319973
DEDD,5851,29,1.54231274611574
MEAF6,5246,26,1.54223164325925
ZNF264,4037,20,1.54161452726473
TMEM216,4239,21,1.54155997614912
VHL,4038,20,1.54123275051207
ARID1A,26652,132,1.54116335687179
CRTC3,29075,144,1.54115853810103
NTAN1,13732,68,1.54091848808114
CCT3,14340,71,1.54068461334138
POFUT1,8080,40,1.54046976400191
ZNF516,17372,86,1.54046976400191
ZNF791,4040,20,1.54046976400191
RHPN2,17373,86,1.54038109366495
CD33,12932,64,1.53999328093232
GAD1,28295,140,1.53965311630938
HIVEP3,24253,120,1.53964404730987
AMPD3,31327,155,1.53963380824528
DESI1,9702,48,1.53951709253376
AADAC,4043,20,1.539326699621
ARHGAP35,20013,99,1.5393151621701
MPPE1,20620,102,1.53927444313751
LRRC3B,9906,49,1.53922569393205
EXOSC2,11121,55,1.53894605503653
COX7C,4247,21,1.53865616644599
ZBTB26,4247,21,1.53865616644599
RHEB,10315,51,1.53852830913695
FBXL20,8900,44,1.53839272611786
CNOT8,10114,50,1.53833741510968
DDRGK1,11733,58,1.53823776996901
NME1-NME2,4046,20,1.53818533034299
HECTD4,38033,188,1.53816106427935
ACACB,50986,252,1.53799225016187
C15orf61,4654,23,1.53782177128339
UBE2Z,14772,73,1.53775840373492
ZSCAN22,4452,22,1.53770162426426
STXBP1,20644,102,1.53748493593758
FAM76A,8096,40,1.53742535735369
ZNF384,17003,84,1.53729876819293
BAIAP2L1,12753,63,1.53720836012611
GNA12,22876,113,1.53710276416802
SEZ6L,16196,80,1.53704565240003
KCNIP1,12755,63,1.53696732392696
SMC1A,12555,62,1.53666613495499
ZSCAN30,11950,59,1.53634465668408
WWP2,46991,232,1.53630642080793
CLGN,4051,20,1.53628680487971
CDKL5,17217,85,1.53626449717795
NOL7,4254,21,1.53612429217116
KNG1,4052,20,1.53590766203547
ZNF101,8105,40,1.53571816078167
LDLRAD4,63237,312,1.53528102861389
HSCB,4662,23,1.53518286648496
LRRC8B,4054,20,1.53514993748587
DRAM1,16217,80,1.53505527448177
SFXN4,11151,55,1.53480576433156
LAYN,5272,26,1.53462579676366
GSTM3,6895,34,1.53443746760916
GYPC,4056,20,1.53439296019914
NOP10,4056,20,1.53439296019914
PWWP2A,8721,43,1.534287394808
CASQ2,12170,60,1.53414080030429
PKM,28196,139,1.53402291224449
SLC10A6,4260,21,1.53396073683007
GCLM,4666,23,1.53386680744811
MCL1,4261,21,1.53360073665715
UBB,4667,23,1.53353814517953
INPP5B,21103,104,1.53353498564906
ZNF354A,5276,26,1.53346232004133
SH3BP5,13393,66,1.53345351255682
C1GALT1C1,4059,20,1.53325889297061
BAG4,8322,41,1.53306543925304
ATP6V0E1,4060,20,1.53288124299698
EIF3C,25781,127,1.53288124299698
OVOL3,4060,20,1.53288124299698
CEACAM20,4263,21,1.53288124299698
GPR160,15429,76,1.53278189234282
PFDN5,6497,32,1.53264530621954
GLDN,12385,61,1.53263370464526
TMC5,20306,100,1.53242830852155
CCDC40,23964,118,1.53224158298905
WSCD1,21934,108,1.53218238221326
PDGFRA,17467,86,1.53209141468147
MED18,5281,26,1.53201045266768
APBA1,12595,62,1.53178589316077
METTL21A,9548,47,1.53175742976897
CD3G,4063,20,1.53174940845871
ASTN2,16050,79,1.53163965694346
SLC25A28,11176,55,1.53137250161607
RSAD2,9350,46,1.53091390878136
FAM20B,8131,40,1.5308074890094
C6orf141,5692,28,1.53072680695622
NOS2,9760,48,1.53036832292649
ZNF829,4270,21,1.53036832292649
IMPA2,16676,82,1.53012360103908
SLAMF9,8745,43,1.53007665753237
PPP2R1B,18507,91,1.5300651214072
C10orf67,4881,24,1.53005478710946
RELL1,12000,59,1.52994322061456
TGFBRAP1,12000,59,1.52994322061456
GCNT3,18308,90,1.52969960178909
TTLL4,20140,99,1.52960845782077
TIMM10,4069,20,1.52949074626879
IGF2BP2,19939,98,1.52942170862038
RNF7,4070,20,1.52911495001664
IL1R1,25035,123,1.52884009412389
VOPP1,28092,138,1.5286250584265
STX3,16083,79,1.52849695292809
BEX2,4072,20,1.52836391123962
SNF8,12624,62,1.52826705674588
DNAJC27,4481,22,1.52774997349353
C1orf198,9166,45,1.52769694029864
HIF1AN,8555,42,1.5276850353936
POLR1A,23833,117,1.52760720020229
DDC,24448,120,1.52736367307781
CCDC180,8355,41,1.52701024362224
GRPEL1,7744,38,1.52694291173537
CTDSPL,16304,80,1.5268640447909
CNDP1,16102,79,1.52669336069696
ADI1,9784,48,1.52661435320549
TMED4,4077,20,1.52648953803476
TMEM255A,8154,40,1.52648953803476
NCBP3,22835,112,1.52623551306237
PFAS,17536,86,1.52606299841704
JOSD1,9586,47,1.52568536818633
HHIPL2,13260,65,1.52536711925679
WIPI2,18360,90,1.52536711925679
SLC22A5,25099,123,1.52494170111923
FRMPD3,20000,98,1.52475697240909
ACTG2,4694,23,1.52471719717786
ATP10A,44494,218,1.52461290348335
RFT1,12042,59,1.52460709577934
FAM149A,17553,86,1.52458501340177
IFI35,9185,45,1.52453676154354
TTC9C,8573,42,1.5244774848702
RAB2B,4287,21,1.52429968250434
DEFB108B,5512,27,1.52426017649971
AGO1,16128,79,1.52423217348354
ACTC1,6738,33,1.52400882262344
ADCY8,8576,42,1.52394420216794
PRKCB,30835,151,1.52383358980335
FLNB,36555,179,1.52373972717224
TMEM218,10416,51,1.52360978386595
IFT122,60662,297,1.52350636348176
ZNF526,4085,20,1.5235000848391
ADAMTS5,5515,27,1.52343102318521
ECD,5107,25,1.52327634779903
TNPO3,4290,21,1.52323373867042
CYFIP1,26763,131,1.52314429978024
HTR3D,7560,37,1.52294590160718
LAMTOR5,5517,27,1.52287875527758
TRPC3,9605,47,1.52266735444395
C9orf85,4292,21,1.52252393730105
SLC8A3,16555,81,1.52251079906972
LRRC8D,20439,100,1.52245654057628
KCTD2,13696,67,1.5222486701228
WDR4,4293,21,1.52216928462523
WDR77,5724,28,1.52216928462523
NDE1,28214,138,1.52201513933924
RBMS2,8179,40,1.52182365730963
SEPHS1,10838,53,1.52170781448648
POLN,37630,184,1.52155674165355
PLEKHA7,46221,226,1.52150593163746
XKR6,8999,44,1.52146852566385
ATF4,4909,24,1.52132764633963
RAD54L,21682,106,1.52128671648413
RNF168,4091,20,1.52126566770172
ZSCAN32,11251,55,1.52116425900464
RNF170,4705,23,1.52115250234918
PPP1R13B,26391,129,1.52103221213148
WDR73,8593,42,1.52092930033658
C19orf67,4092,20,1.52089390189827
SLC2A5,15553,76,1.52056142332395
APOD,4093,20,1.52052231775415
FAM120C,4503,22,1.52028594963902
AMIGO2,4094,20,1.52015091513623
PTCD1,7779,38,1.52007274822968
TNFAIP1,8804,43,1.51982284985468
CARNMT1,5324,26,1.51963696478926
SDF2,10854,53,1.51946464836968
DHTKD1,20070,98,1.51943893613263
COPZ1,12493,61,1.5193843297872
DCTN5,5121,25,1.519111952394
INPP5F,13315,65,1.51906631628578
ACKR3,10038,49,1.51898483005488
NANOS1,4712,23,1.51889272571156
DTX4,12702,62,1.51888232753582
DPF2,12293,60,1.51879065644702
XPC,15373,75,1.51812378355747
CDC42SE1,8199,40,1.51811143958232
MYOCD,12299,60,1.51804972271755
MUTYH,16810,82,1.51792630404091
CABYR,12098,59,1.51754989646014
PPP1R10,11894,58,1.51741581932457
CPEB1,21535,105,1.51722143926076
JAG1,22356,109,1.51717942672187
BCCIP,5948,29,1.51716070570329
RUBCN,21333,104,1.51700130324625
ALPK3,8000,39,1.51697760010088
CD300E,8000,39,1.51697760010088
CDRT4,16000,78,1.51697760010088
FCGBP,8000,39,1.51697760010088
ITIH6,8000,39,1.51697760010088
LRRC59,8000,39,1.51697760010088
MEX3C,8000,39,1.51697760010088
NXF2,8000,39,1.51697760010088
PI4K2B,8000,39,1.51697760010088
RGCC,8000,39,1.51697760010088
TBPL2,8000,39,1.51697760010088
GTF2E2,9231,45,1.51693967660897
CTPS2,12719,62,1.51685221513955
NPIPB8,8411,41,1.51684348893875
MAPKAPK5,12516,61,1.5165922364998
GCSAM,4104,20,1.51644684370559
LIG4,7182,35,1.51644684370559
OIP5,4104,20,1.51644684370559
GABRE,19702,96,1.51623132999315
PPIP5K1,23398,114,1.51610982671322
BATF,4105,20,1.51607742912734
CCDC27,8005,39,1.51603008130007
CEP250,40855,199,1.51569706457836
MORN3,6981,34,1.5155344992358
GFRA1,12525,61,1.51550246962328
RBL1,8008,39,1.51546213796292
CHRAC1,6983,34,1.51510043522342
GALNT10,17254,84,1.51493514289929
SLC30A4,4519,22,1.51490321558409
MANSC1,8011,39,1.51489461999838
SYNCRIP,9860,48,1.51484734602054
RAI2,8630,42,1.51440851422853
ZNF75A,14384,70,1.51433832473492
CYP27A1,8425,41,1.51432291815594
MCFD2,14179,69,1.51428644972555
DSC2,5343,26,1.51423305269288
SMPDL3B,4110,20,1.51423305269288
SNRNP200,23017,112,1.51416726509881
ZNF821,12744,62,1.51387659481795
CPT2,4111,20,1.51386471577906
GALNT12,12333,60,1.51386471577906
AK6,4523,22,1.5135634824728
INSC,18505,90,1.51341476949769
NPC2,4935,24,1.51331254627787
GTF2IRD2B,16039,78,1.51328895826511
NR5A2,9254,45,1.51316945696751
IGF1R,49972,243,1.51315734482906
UNG,4730,23,1.51311258426065
CABLES1,13985,68,1.51304202204721
PRMT7,26737,130,1.51298709663351
ZBTB14,7406,36,1.5125973702163
ZNF511,4526,22,1.51256023668239
KHDC1,8024,39,1.51244027926309
KLHDC1,8024,39,1.51244027926309
EDA2R,8230,40,1.51239315833966
DUSP22,17903,87,1.51216084637042
ERRFI1,8026,39,1.51206339407015
ARHGAP44,20993,102,1.5119248805552
ZDHHC9,10085,49,1.51190577333574
FAT2,15850,77,1.51170136967102
DYDC1,8028,39,1.51168669666256
RBX1,8031,39,1.51112200234181
ASB8,14209,69,1.51108927937636
OCIAD2,8855,43,1.51106949408477
PIK3AP1,21623,105,1.51104674163995
TMEM11,4325,21,1.51090699165228
ERI2,12571,61,1.50995691926112
ADORA2B,12159,59,1.50993656117894
DNAJA4,17931,87,1.50979954450781
ZMYND8,20817,101,1.50975952947913
ANKS3,23291,113,1.50971460362834
SCML4,23292,113,1.50964978675544
DYNC1H1,42265,205,1.5093068242593
SLAMF7,8247,40,1.50927557816605
EGLN3,8248,40,1.50909259131128
L3MBTL2,8042,39,1.50905506103047
COPG2,8043,39,1.50886743762365
LYZL6,8043,39,1.50886743762365
PLK1,14850,72,1.50872675068308
ENTPD5,15471,75,1.50850733143488
THNSL1,8046,39,1.50830484722931
C1orf216,5983,29,1.50828545504315
CS,17124,83,1.50826419430367
TMED3,8047,39,1.50811741031528
WRAP53,12795,62,1.50784238564751
DIXDC1,28480,138,1.50779968895075
ZNF480,7225,35,1.50742162373613
NECAP2,8051,39,1.50736812828308
EYA2,21676,105,1.50735208038755
UBN1,25397,123,1.50704853944921
REXO4,6196,30,1.50665699965326
CASP8,20035,97,1.50656174473938
NIPAL3,8056,39,1.50643257209621
ALLC,8470,41,1.50627751894496
BOLA1,8058,39,1.50605867470924
C15orf40,7025,34,1.50604218351105
BRI3BP,8060,39,1.50568496287929
RBM15,4960,24,1.50568496287929
G6PC3,4547,22,1.50557458351099
ITGA10,8061,39,1.50549817650503
CCDC121,4134,20,1.50544214962935
SPRED2,23151,112,1.50540313337563
ZNF362,16127,78,1.50503141325815
BTN2A1,8064,39,1.50493809533818
DYNLL1,8064,39,1.50493809533818
CDYL2,16335,79,1.50491683464601
RASL11A,4756,23,1.50484073245435
HLCS,16544,80,1.50471417953765
PPP2R1A,29780,144,1.50467375739717
PMP22,18199,88,1.50466457084994
ZNF852,8067,39,1.50437843074341
IGFBP1,4137,20,1.50435045844035
ZNF343,12411,60,1.50435045844035
MTCL1,31856,154,1.50429851263723
MTG2,17170,83,1.50422341661363
WDR27,26482,128,1.5040550644979
DCDC2C,12000,58,1.5040119795872
SNX30,12000,58,1.5040119795872
UMODL1,24000,116,1.5040119795872
TMEM164,8484,41,1.50379191247806
CCL4L2,4139,20,1.50362354350513
ZNF841,13866,67,1.50358558964387
HS3ST1,4967,24,1.50356299896945
KALRN,80523,389,1.50326034941249
IQCE,23599,114,1.5031966492409
GALNT14,31261,151,1.50306799979483
SERTAD4,8696,42,1.50291461336157
ATP8B1,21327,103,1.50283743188558
EXOC3,21742,105,1.50277636346613
SBDS,5384,26,1.50270193174926
PRDX6,7869,38,1.50268724215004
CBFA2T2,20088,97,1.50258684567172
GLB1,27757,134,1.50223134964167
RGS9,12222,59,1.50215338302854
SEC61A2,20096,97,1.5019886821185
ASB13,12017,58,1.50188431014782
SURF1,6423,31,1.50185608939436
NKIRAS2,11396,55,1.5018093259092
PARP6,29428,142,1.50152353916783
CYP2E1,18032,87,1.50134292549743
ZNF746,8084,39,1.5012148442364
TUFT1,11611,56,1.50080044530098
FGD2,12649,61,1.50064577690185
HS6ST2,7880,38,1.50058958229425
SLC12A8,37536,181,1.50049700318196
MTMR14,16176,78,1.50047240366062
SREBF2,21156,102,1.50027599817997
RCBTB2,8504,41,1.50025524288145
PSAP,14934,72,1.50024054155911
ARMCX3,4564,22,1.49996661507986
EMC8,8714,42,1.4998101305706
CDCA2,12034,58,1.49976265207299
STK36,25108,121,1.49960817156821
RRP1,11418,55,1.49891566632171
YES1,8304,40,1.49891566632171
FSTL1,14325,69,1.49885288451369
COPRS,4360,21,1.49877815112296
CDK5RAP2,51494,248,1.49864786766302
ZNF677,7268,35,1.49850319640802
P2RX4,10801,52,1.49811076762115
SRP68,27005,130,1.4979720793442
CASC3,15165,73,1.49790749356889
UBE2G1,12050,58,1.49777126597895
YIPF6,8519,41,1.49761363839228
RAD23B,9558,46,1.49759835186292
SLC25A5,5818,28,1.49757596857938
ZNF200,6026,29,1.49752271449107
PGLYRP3,6234,30,1.49747301409233
ZNF20,7481,36,1.49743298005907
TCP10L,8939,43,1.49686993736666
OASL,12266,59,1.49676493130399
ANKRD27,13935,67,1.49614049415155
C19orf53,4368,21,1.49603313619416
ELOVL7,8736,42,1.49603313619416
ZNF37A,6240,30,1.49603313619416
ARMC9,33907,163,1.49590077121323
GIMAP5,10817,52,1.49589483230804
RGR,16019,77,1.49575296268717
SNX8,26005,125,1.49574549283016
KATNAL2,18518,89,1.49554840788564
ZNF75D,16022,77,1.49547289410097
CLN8,12902,62,1.49533741469229
NQO1,4162,20,1.49531423511959
CDC14B,11655,56,1.49513461779405
KLF12,12488,60,1.495074754941
ARPC1A,16029,77,1.49481980842758
SFXN2,8121,39,1.49437517557038
NPTN,9371,45,1.49427704138058
CLEC3B,15827,76,1.49423717804747
SMCO4,16036,77,1.49416729292128
WDTC1,16036,77,1.49416729292128
HK1,31250,150,1.49363948317625
LSM12,8960,43,1.49336164845096
FBXO43,4376,21,1.49329815788302
TRIM25,17088,82,1.49323157601402
UBC,7294,35,1.49316167144139
FLVCR2,23134,111,1.49305840098776
GRAP2,19383,93,1.49302300915957
BTN2A2,8337,40,1.49298257084508
NT5C3B,9380,45,1.49284330008288
NLRP2,24180,116,1.49281586063246
FEM1B,10214,49,1.49281082084305
PVR,12299,59,1.49274889400559
TCTN2,8967,43,1.49219587042719
CCL13,5005,24,1.49214733584041
GGA2,21481,103,1.49206340067147
GYG2,10428,50,1.49201616958375
FAM107B,35670,171,1.49175516086779
YPEL2,16066,77,1.49137723822269
SLC24A1,19618,94,1.49100009577267
HUNK,12525,60,1.49065816684257
MAGEC3,13569,65,1.49063070243534
ACP6,13152,63,1.49057316124455
SVBP,4593,22,1.49049589184073
ALG2,4802,23,1.49042534851164
SENP8,8145,39,1.48997186013592
NIFK,11696,56,1.48989346532059
GTF3C2,16709,80,1.48985525083912
NOP56,8356,40,1.48958780434843
TUBD1,12328,59,1.48923739839185
BORA,4179,20,1.48923135835552
KIAA1549L,8358,40,1.48923135835552
SLC34A2,13168,63,1.48876201524061
BAG1,11914,57,1.48875011437955
ISG20L2,6899,33,1.48844346236219
EFEMP1,8363,40,1.48834098925451
MTOR,32200,154,1.48822774591837
ARFIP2,4182,20,1.48816304317736
STK24,19243,92,1.48771449847797
PTP4A2,19247,92,1.4874053148133
CHRNA3,14017,67,1.4873880135551
HIGD1B,5858,28,1.48735011696736
SERPINB6,17574,84,1.48735011696736
ADPRHL1,12135,58,1.4872800787018
PLGRKT,5231,25,1.48716733095195
EI24,8579,41,1.4871395949952
MAP3K8,8999,43,1.48688969553513
FLT1,20302,97,1.48674832803928
BRPF3,15909,76,1.4865354086968
IL10,7955,38,1.48644197466734
BEX5,4187,20,1.4863859198872
SCRG1,16331,78,1.48623119230997
TBX15,9213,44,1.4861277827471
EFCAB6,17591,84,1.48591273694414
NOD1,12148,58,1.48568848823233
PPP4R3B,10263,49,1.48568349645239
MPC2,5032,24,1.4841409808985
CRYZ,8597,41,1.48402589106244
EIF3D,16147,77,1.48389587596988
MSH6,14470,69,1.48383328062603
IFT172,33766,161,1.48371609503258
SLITRK5,5244,25,1.48348060797285
MTSS1,27694,132,1.48317634821069
UQCC1,24339,116,1.4830637047575
FANCD2OS,12171,58,1.4828809263862
CABP5,4198,20,1.48249114973028
EEFSEC,8187,39,1.48232817891866
MLKL,14067,67,1.4821012146159
ZNF23,19736,94,1.48208552284497
MKKS,6300,30,1.48178520156374
ITGB5,40536,193,1.48156587278909
MAPK7,6511,31,1.48155761974811
ERI3,19534,93,1.48148177467697
SLX4,9032,43,1.48145708260857
PA2G4,13234,63,1.48133732935532
RORA,20797,99,1.48128645191663
RAB6A,5042,24,1.48119742480787
CYBRD1,4832,23,1.48117187987435
SIAH1,16177,77,1.48114401367903
SUOX,9034,43,1.4811291089352
CXCR4,6934,33,1.48093040767764
AP1S3,16600,79,1.48089255987605
SLC35B1,9876,47,1.48088496754092
BTK,20593,98,1.48084977653483
GAREM1,12398,59,1.48082905689424
SIL1,25847,123,1.48081060689409
URGCP,18072,86,1.48080128044717
RNF138,8828,42,1.48044239666881
RMND5B,18498,88,1.48034330873056
ZKSCAN1,9250,44,1.48018327161611
ADRA1A,10302,49,1.48005918502144
ZNF839,19976,95,1.47985656643956
ISLR2,11776,56,1.47977190645292
POLR2D,4206,20,1.47967138529903
ELOVL6,8833,42,1.47960437878322
SZRD1,8623,41,1.47955126817393
RSRP1,16828,80,1.47931966878244
CDKN1A,6311,30,1.47920246709738
ZNF706,10100,48,1.47885097344183
GGACT,13680,65,1.47853567261295
B3GAT2,4631,22,1.47826552175005
TRAPPC9,56836,270,1.47823951243339
PAN2,17051,81,1.47822217339741
HSBP1,8210,39,1.47817549339915
ADAMTS15,4000,19,1.47808073855983
ARL2-SNX15,4000,19,1.47808073855983
BAG3,8000,38,1.47808073855983
BTNL2,4000,19,1.47808073855983
C16orf96,4000,19,1.47808073855983
C3orf70,4000,19,1.47808073855983
C7orf33,4000,19,1.47808073855983
CCL18,8000,38,1.47808073855983
CCR4,4000,19,1.47808073855983
CFAP58,8000,38,1.47808073855983
CHST7,4000,19,1.47808073855983
CLC,4000,19,1.47808073855983
CSNK1A1L,4000,19,1.47808073855983
CXCL9,4000,19,1.47808073855983
CXCR1,4000,19,1.47808073855983
DEFB104B,4000,19,1.47808073855983
DEFB118,4000,19,1.47808073855983
DNAJC30,4000,19,1.47808073855983
DSEL,4000,19,1.47808073855983
ELOVL2,4000,19,1.47808073855983
FBXO30,4000,19,1.47808073855983
FBXO48,4000,19,1.47808073855983
FITM2,4000,19,1.47808073855983
FRAT1,4000,19,1.47808073855983
FRZB,4000,19,1.47808073855983
GCNT7,4000,19,1.47808073855983
GNA14,8000,38,1.47808073855983
GNMT,4000,19,1.47808073855983
GPR39,8000,38,1.47808073855983
IGFBP7,8000,38,1.47808073855983
IL1RAPL2,8000,38,1.47808073855983
ISM1,4000,19,1.47808073855983
KCNE4,4000,19,1.47808073855983
LMOD1,4000,19,1.47808073855983
LTV1,4000,19,1.47808073855983
MAP3K15,16000,76,1.47808073855983
MEOX2,4000,19,1.47808073855983
MZT1,4000,19,1.47808073855983
NLRP14,4000,19,1.47808073855983
NUDT15,4000,19,1.47808073855983
NUS1,4000,19,1.47808073855983
OSTF1,4000,19,1.47808073855983
PARS2,4000,19,1.47808073855983
PDCD7,12000,57,1.47808073855983
POTEF,8000,38,1.47808073855983
PPIC,4000,19,1.47808073855983
PRLH,4000,19,1.47808073855983
PROK1,4000,19,1.47808073855983
RBM15B,4000,19,1.47808073855983
RNASEL,4000,19,1.47808073855983
SCCPDH,4000,19,1.47808073855983
SEPHS2,4000,19,1.47808073855983
SGPP1,4000,19,1.47808073855983
SLC15A1,8000,38,1.47808073855983
SMIM10L2A,4000,19,1.47808073855983
SMIM10L2B,4000,19,1.47808073855983
SOD3,8000,38,1.47808073855983
SOX11,4000,19,1.47808073855983
SPINK4,8000,38,1.47808073855983
SPINK8,4000,19,1.47808073855983
TCF24,8000,38,1.47808073855983
TMED8,4000,19,1.47808073855983
TRIM21,8000,38,1.47808073855983
TRIM38,4000,19,1.47808073855983
TRIM6-TRIM34,4000,19,1.47808073855983
UBE2J1,4000,19,1.47808073855983
UCP1,4000,19,1.47808073855983
VCPIP1,4000,19,1.47808073855983
WNT8B,4000,19,1.47808073855983
ZKSCAN4,4000,19,1.47808073855983
ZNF572,4000,19,1.47808073855983
ZNF735,4000,19,1.47808073855983
ZNF804A,4000,19,1.47808073855983
PFKM,21053,100,1.47805487259956
CFAP45,13896,66,1.47794637979803
TCTA,4211,20,1.4779144731816
USP6,8423,40,1.47773901141344
LIPC,12003,57,1.47771131073215
JPH1,8213,39,1.47763555348923
TRPM1,21903,104,1.47752311565321
TRAPPC12,47178,224,1.47745084322266
ANP32E,9478,45,1.47740769727552
BCO1,4002,19,1.47734206752607
HS3ST3B1,4002,19,1.47734206752607
ATP12A,4003,19,1.47697300880323
LAX1,8006,38,1.47697300880323
PKHD1,4003,19,1.47697300880323
NOL9,16013,76,1.47688077293183
UBE2B,10957,52,1.47678145487598
SMIM17,4004,19,1.47660413442541
TTLL11,8851,42,1.47659535394783
CEP104,21917,104,1.47657931296036
ZNF500,13277,63,1.47653974668135
FAM186A,12013,57,1.47648121724116
BHLHE41,5269,25,1.47644188806408
GHRH,4005,19,1.47623544425452
ATP6V1E1,12016,57,1.47611258844191
PLIN2,12017,57,1.47598975307631
TMEM263,9066,43,1.47590121002874
ZNF594,4006,19,1.4758669381526
OPRK1,8225,39,1.47547973262092
DLST,11178,53,1.47542219479374
CHFR,36909,175,1.47540183037925
RNFT1,10124,48,1.47534520266323
KIF4A,4008,19,1.47513047760462
SPRY3,8016,38,1.47513047760462
ARNT2,20041,95,1.47505687197229
COL4A2,25317,120,1.47493727848506
GOLGA6L9,8229,39,1.47476252288335
TOR1A,8651,41,1.47476252288335
LRCH1,8230,39,1.47458332938117
IRF2,12663,60,1.47441313588432
CPN2,4010,19,1.47439475168063
TG,45382,215,1.47421008000095
MED27,4222,20,1.47406391439311
RPA2,8233,39,1.47404601005794
METTL2A,8022,38,1.47402716385922
MSMB,5911,28,1.47401403911264
HIRA,9711,46,1.47400319710697
FHL2,10980,52,1.47368801466995
DACT1,8870,42,1.47343241012314
PM20D2,8028,38,1.47292549931224
STYX,4014,19,1.47292549931224
TRIAP1,4014,19,1.47292549931224
ZPBP2,4014,19,1.47292549931224
TBC1D14,25352,120,1.47290103658119
USP46,10775,51,1.47284635812044
GINS4,12043,57,1.47280319378211
NCSTN,15213,72,1.47272676313967
ZNF208,8030,38,1.47255864364616
ZMAT3,4649,22,1.47254197273059
EARS2,16908,80,1.47232028544304
SAFB,23460,111,1.47231087163047
TUBA1B,5284,25,1.47225062608055
PLPP3,19235,91,1.47215571624035
TCP11L2,9936,47,1.4719424254664
DBNL,14587,69,1.47193169059153
PHF11,13530,64,1.47192853725179
GLCE,12051,57,1.47182548026869
RBM23,17338,82,1.47170037898994
PDZD9,4018,19,1.47145917228455
SMYD1,8037,38,1.47127608665904
ZNF529,8037,38,1.47127608665904
N4BP1,22209,105,1.47117671639788
MID1IP1,4019,19,1.47109304658854
SEC24A,8039,38,1.47091005205606
NANOGNB,4866,23,1.47082254902443
CAPN3,32796,155,1.47067045709537
CRCP,8255,39,1.47011760155143
MTMR6,4022,19,1.46999576186955
ZNF749,4022,19,1.46999576186955
ARAF,10374,49,1.46978694082234
WDR25,21172,100,1.46974727153026
SHISA9,25408,120,1.46965471817563
CDC26,4023,19,1.46963036396702
CCDC63,8258,39,1.46958353121907
LHFPL3,8258,39,1.46958353121907
OAS3,16517,78,1.46949455722069
GDI2,16942,80,1.46936556405801
SLC26A5,11013,52,1.46927216935223
METTL13,12074,57,1.46902177097217
NOM1,20759,98,1.46900811446514
PRKCQ,4025,19,1.46890011285449
MYO18B,29870,141,1.46888717168739
TBC1D20,12923,61,1.4688283240758
PRPF31,7203,34,1.4688249811419
COBL,12501,59,1.46862800154986
RDH14,4026,19,1.4685352593739
LZIC,12079,57,1.46841368182118
TM4SF18,5086,24,1.46838329057831
TBC1D8,23101,109,1.46825086636051
GMNN,5935,28,1.46805340946838
UBE2D4,12082,57,1.46804906991541
TMTC4,18022,85,1.46764320541077
PPP2R5A,8057,38,1.46762391814306
FOLR2,5937,28,1.46755886562149
TXNDC15,14419,68,1.4675007058971
KDM8,16965,80,1.46737349756975
APEX2,4030,19,1.46707765613879
SAFB2,27998,132,1.46707214041528
TXNL4B,4879,23,1.46690357113197
PSMF1,12516,59,1.46686790087686
HACL1,4667,22,1.46686257364999
SCN3B,10183,48,1.46679709631371
DNAJC28,4243,20,1.46676828813757
KIF13B,8062,38,1.46671370732804
LINC01620,4031,19,1.46671370732804
MED21,4031,19,1.46671370732804
RCOR1,12096,57,1.46634993904745
FN3K,4457,21,1.46615946576085
RPUSD2,4033,19,1.46598635116274
UBR2,4033,19,1.46598635116274
PHC1,18684,88,1.46560642929233
SLC2A3,16138,76,1.4654413072845
ZDHHC16,13378,63,1.46539230203979
GRHL2,12319,58,1.46506565103063
RNF10,32923,155,1.4649973669137
TDRD12,12320,58,1.46494673336416
JAGN1,4036,19,1.46489666854295
SLC1A4,8922,42,1.46484481929973
ZHX3,18271,86,1.46467301955236
ZNF333,7650,36,1.46435243448652
MEN1,5525,26,1.46435243448652
OPCML,8925,42,1.46435243448652
USP18,12327,58,1.4641148499267
NAV2,40382,190,1.46409859695888
TMEM17,17006,80,1.46383578656185
POMK,14030,66,1.46383056975577
C1orf52,4039,19,1.46380860466436
MXI1,20836,98,1.46357935535524
ESYT3,12332,58,1.46352122567681
SLC22A1,12121,57,1.46332553937117
NBPF11,12334,58,1.46328391073832
DDX19A,18291,86,1.46307149637752
ZNF726,4043,19,1.46236036463995
TBX20,4469,21,1.46222258646142
APLP2,17877,84,1.46214079295097
KANK4,12133,57,1.46187825457166
EXT1,13412,63,1.46167746918344
MAST2,33004,155,1.46140190009998
ARCN1,4046,19,1.46127606382584
EIF5A2,4046,19,1.46127606382584
ZNF267,4259,20,1.46125800576842
DDX19B,12352,58,1.46115153457306
CAPN13,20020,94,1.4610609330104
MSMO1,4260,20,1.46091498745721
ZNF550,11503,54,1.46078798450255
EXOSC10,21089,99,1.46077643987435
IFI27L1,8095,38,1.46073451618019
GGNBP2,13635,64,1.46059355401663
NSFL1C,8096,38,1.460554089486
APOL4,7031,33,1.46049942352962
TMEM101,11720,55,1.46029173021
SLC35G1,4049,19,1.46019336978003
CIB3,4050,19,1.45983282820724
DHRS7B,20251,95,1.45976074125706
NFS1,14286,67,1.45938105739898
UBE2N,4691,22,1.45935784080676
LRRTM1,4478,21,1.45928377375974
TACO1,4693,22,1.45873591119209
SLC31A2,4054,19,1.45839244061158
PAX3,16644,78,1.45828175928948
VWA3A,16004,75,1.4582677408541
IFT52,23901,112,1.45816442578885
FCAR,4055,19,1.45803278772857
ZFHX3,24121,113,1.45776555006458
RAP1B,9608,45,1.45741779296184
HYLS1,8114,38,1.4573140138623
ZNF691,8114,38,1.4573140138623
TRAK1,24345,114,1.45713443111259
KXD1,8329,39,1.4570561653028
EFR3B,12387,58,1.45702298821719
ECSIT,17946,84,1.45651905469656
CRYM,17306,81,1.45644090365187
METTL18,4274,20,1.45612958506498
YWHAB,10258,48,1.4560728048121
NPIPB3,24156,113,1.45565337113378
ZNF570,5986,28,1.45554577099813
AKR1B15,8552,40,1.45544851416457
PPP1R7,20954,98,1.45533737941118
SLC16A14,4704,22,1.45532475153582
UROS,23307,109,1.45527366301086
FAM161B,8340,39,1.45513438858598
PABPN1,5988,28,1.455059616766
CKMT2,10269,48,1.45451308128956
PCGF6,6205,29,1.45432262329141
CLTCL1,24608,115,1.45420646203529
NFKBIB,4280,20,1.45408828190835
GPATCH1,11344,53,1.45383191937627
DNAJA3,16695,78,1.45382699021348
SIKE1,4495,21,1.45376479174552
ATP6V0A4,23121,108,1.45352226856389
GSTM2,6637,31,1.45343101735422
DZIP1,11136,52,1.45304367825755
SLC39A11,19063,89,1.45279155522354
SFT2D2,4070,19,1.45265920251581
ZCCHC10,4070,19,1.45265920251581
HOMER2,23349,109,1.45265592803949
ZMAT2,5784,27,1.45257989157442
HDDC2,8141,38,1.45248076507538
ZRSR2,8356,39,1.45234810923971
SLC6A20,12214,57,1.45218346673637
FNDC1,12000,56,1.45214949753247
PARP4,12000,56,1.45214949753247
TMEM50A,8143,38,1.45212402167244
BCL2L1,8572,40,1.45205269401953
HMGN4,4072,19,1.45194571567764
DGKE,12859,60,1.45193977289861
LRRC61,4716,22,1.4516216351197
BECN1,18650,87,1.45159333150507
RCAN1,18650,87,1.45159333150507
ANKZF1,9862,46,1.4514342980233
PCBP2,23157,108,1.45126261482341
PSMB5,4503,21,1.45118204283724
SPATA2,5790,27,1.45107462743807
GLDC,42257,197,1.45068163354455
LRP4,16092,75,1.45029312233588
FOXB1,4077,19,1.45016506113302
SPATA21,12234,57,1.44980945420288
IL16,27691,129,1.4496248279355
STRIP1,19534,91,1.44962195156564
YPEL5,9016,42,1.44957247979062
LNP1,4079,19,1.44945402163259
TET2,5582,26,1.44939935516626
HOPX,8804,41,1.44913341497772
COQ5,12025,56,1.44913047570808
TCEAL1,4295,20,1.44900997591798
NDNF,9020,42,1.44892965385723
DIABLO,13745,64,1.44890455503941
PRMT5,11168,52,1.44888022932271
BASP1,8808,41,1.44847531624249
SRGAP3,36524,170,1.44835537443395
MAP3K9,12033,56,1.44816703817748
CHMP7,16116,75,1.44813334106658
RAB19,7521,35,1.44809483200286
PDCD5,9455,44,1.44809045610248
MPV17,11819,55,1.44805982554034
TNFAIP8,13324,62,1.44797683311017
SLC10A4,5158,24,1.44788627682847
SNX1,14615,68,1.447820231155
MOG,10317,48,1.44774593697417
PBK,4299,20,1.4476617461195
RNPEP,13327,62,1.44765088349666
TUBG1,6234,29,1.44755724695592
KMT5B,16554,77,1.4474125111324
GAN,8170,38,1.44732508059714
MYLIP,4085,19,1.44732508059714
RBM43,4085,19,1.44732508059714
TXN2,4300,20,1.44732508059714
PDCD2L,20428,95,1.44711253040908
TECTA,17423,81,1.44666052221772
PLXNC1,32050,149,1.44664770536442
PIK3IP1,5808,27,1.44657749532824
DENND5B,12694,59,1.44629893235976
SFI1,48845,227,1.44613984150975
JADE3,4520,21,1.4457240572779
NOB1,6673,31,1.44558993888505
GALNT2,20021,93,1.4454455315189
MT1E,4306,20,1.44530837124192
STK26,4306,20,1.44530837124192
SLITRK4,5598,26,1.44525673464417
STT3B,12922,60,1.44486097660603
PTPN3,16156,75,1.4445479651293
RGP1,13573,63,1.44433936614516
TPST1,12068,56,1.44396701776513
GTF2IRD2,22417,104,1.44364494812652
PEX12,4311,20,1.44363206832933
ZKSCAN2,4311,20,1.44363206832933
TRIM45,8838,41,1.44355856364153
SLC17A8,12294,57,1.4427337614054
MLYCD,12079,56,1.44265203828046
CD40,11432,53,1.44264077094161
THSD4,20277,94,1.44254277648904
EIF3F,12512,58,1.44246673234066
MFAP3,4099,19,1.44238178927527
EVA1A,13161,61,1.44226642595787
RABGEF1,28051,130,1.44211386412927
MYO5B,36686,170,1.44195964934377
CES1,18560,86,1.44186641919403
PSMG1,8201,38,1.44185415296655
AKR1D1,12086,56,1.44181647942989
SPTAN1,61299,284,1.44168207346387
RBM42,4101,19,1.44167835997058
ANGEL1,14464,67,1.44142130710743
USP43,16839,78,1.44139447720257
PLA2G7,4318,20,1.44129176622689
ABL2,16410,76,1.44115123808393
CPNE1,22243,103,1.44094833924488
ENTHD1,4104,19,1.44062450152031
PTGR1,6480,30,1.44062450152031
OTUD7A,8211,38,1.44009814985735
ZSCAN2,6915,32,1.43999950173657
TCEAL4,8644,40,1.43995785436551
NCBP1,8214,38,1.43957218267332
URB1,9296,43,1.43938472139852
ZNF568,16432,76,1.4392217512754
ARHGAP31,8000,37,1.43918387701879
BOK,8000,37,1.43918387701879
CAPN14,8000,37,1.43918387701879
CLEC4D,8000,37,1.43918387701879
CNGA4,8000,37,1.43918387701879
KPNA3,8000,37,1.43918387701879
LRRC18,8000,37,1.43918387701879
LRTM1,8000,37,1.43918387701879
SNAPC1,8000,37,1.43918387701879
SRD5A2,8000,37,1.43918387701879
C2orf68,4325,20,1.43895903966884
IKBIP,4325,20,1.43895903966884
ZKSCAN7,10164,47,1.43892364614661
VCL,14923,69,1.43879029489102
BATF3,9085,42,1.4385630685517
SBNO1,8004,37,1.43846464469644
LRP11,12333,57,1.43817147999011
GMEB1,8006,37,1.43810529804525
FGF5,5626,26,1.43806384652294
LDLRAD3,12118,56,1.43800907496201
CCDC25,12119,56,1.43789041755835
NUCB2,26189,121,1.43770903706651
FNBP1,18185,84,1.43737646167635
PPIL3,15155,70,1.43729742414959
SEC22A,12124,56,1.43729742414959
TBL1Y,8011,37,1.43720771640872
DUSP28,6929,32,1.43708999199139
GHITM,4331,20,1.43696556143332
PLA1A,10396,48,1.43674440474822
TRMT10B,8014,37,1.43666970503497
POLE3,4332,20,1.43663385193161
CACNA1D,61092,282,1.43637988012514
RGN,10183,47,1.43623882347384
CLPB,32283,149,1.43620663993215
SPG21,10834,50,1.43610343515039
GLE1,12135,56,1.43599455874657
ZNF740,8018,37,1.43595298280747
CALCOCO2,20587,95,1.43593601647626
EIF2B3,12136,56,1.43587623355221
ZNF766,8019,37,1.4357739139731
ADARB1,24924,115,1.43576924320993
PACSIN2,21240,98,1.4357410286338
HGH1,4985,23,1.43571163962946
ETS2,8453,39,1.4356821011247
ASB7,8020,37,1.4355948897943
SYN3,29696,137,1.4355792109708
ST6GAL1,33382,154,1.43553212565369
SLFN14,6721,31,1.43526583278976
PPIB,4553,21,1.43524549503538
ACP7,9323,43,1.43521617184604
ABHD6,8890,41,1.43511480151449
TOP3A,21033,97,1.43507652526285
PARL,10626,49,1.43493033353011
PIH1D2,5205,24,1.43481218364674
EIF2S3,8025,37,1.43470043814957
TIGD7,5857,27,1.43447534452218
MYL4,12365,57,1.43444956431201
KIAA0040,8245,38,1.43415960078577
MANBAL,8463,39,1.43398567893265
ZNF711,4774,22,1.43398567893265
ANAPC16,8029,37,1.43398567893265
NDUFB4,8029,37,1.43398567893265
ZFP62,14539,67,1.43398567893265
TMEM106A,5209,24,1.43371038891942
RPN1,16713,77,1.43364247647255
ZNF714,5861,27,1.43349634752882
STAU1,8033,37,1.43327163153869
ISCA1,4994,23,1.43312425381515
SPIN2A,4126,19,1.43294303301971
ZXDC,8904,41,1.43285833170079
TCAIM,8687,40,1.43283017073045
CMTM4,8036,37,1.43273656248759
ARHGEF7,33232,153,1.4326480057247
MMD,4127,19,1.4325958212356
IDO2,8037,37,1.43255829490485
RAB13,4996,23,1.43255054514669
TYSND1,5865,27,1.43251868591073
EFCAB12,11079,51,1.43243248567088
SCPEP1,15424,71,1.43240517085811
BPIFC,8038,37,1.43238007167831
MOSPD1,8038,37,1.43238007167831
IL13RA1,8473,39,1.43229326104179
TNFRSF11A,8039,37,1.43220189279143
MAP6,12604,58,1.43193777809
CCZ1B,23253,107,1.43188893816442
SUSD6,8042,37,1.43166762200327
TBRG4,13476,62,1.43164465155535
DIAPH2,4130,19,1.43155519473107
MATN2,41083,189,1.43154235693754
CDCP1,8044,37,1.43131166287298
FAM118A,20219,93,1.43129061707008
CCZ1,15871,73,1.43127510175617
NLGN4Y,10001,46,1.43126137857272
NPHP3-ACAD11,8045,37,1.43113374967685
EIF4A3,12177,56,1.43104163343924
FBXL22,4349,20,1.43101812981553
RBM18,8046,37,1.43095588070473
XPA,8047,37,1.43077805594014
ETF1,9571,44,1.43053967845042
SYT9,8266,38,1.43051607893524
MAL2,8919,41,1.4304485464137
ANKRD54,16100,74,1.43024484672674
ASNSD1,4134,19,1.43017004214788
PRR5L,33509,154,1.43009142076969
AKR1B1,11968,55,1.43003167430324
LSM4,8052,37,1.42988959465354
NCAPH,8052,37,1.42988959465354
FAM210B,4135,19,1.42982417273019
WDR55,8053,37,1.42971203478831
PGD,15018,69,1.42968887805691
CDKN1B,14803,68,1.42943272838818
ADAMTS12,12411,57,1.42913293551833
CHSY3,7622,35,1.4289059605738
UBE2E1,13503,62,1.42878199839739
CCR6,18299,84,1.42842182390209
DLEU7,8714,40,1.42839060054343
ZNF260,6972,32,1.4282267003024
TBC1D2B,25929,119,1.42812342115307
ACCSL,8062,37,1.42811597818783
DYDC2,8498,39,1.42807964236374
ARMCX4,8716,40,1.42806283767043
STAT3,24407,112,1.42793411483506
PPP3CB,11986,55,1.4278841213133
VSIG4,8065,37,1.42758475091758
CD99L2,12207,56,1.42752469651754
CHCHD7,6759,31,1.42719657673916
LHFPL2,20278,93,1.42712619521353
YWHAZ,17226,79,1.42707630871604
TUBGCP3,14828,68,1.42702270557933
SHE,11122,51,1.426894399276
FKBP1A,9597,44,1.42666408903293
NAPG,8507,39,1.42656880225779
SLC4A8,41227,189,1.42654218473488
PAMR1,12434,57,1.42648937290639
RHOQ,13961,64,1.42648758033212
THOC3,15272,70,1.42628617489438
AGO4,12000,55,1.4262182565051
PREP,12000,55,1.4262182565051
USP31,12000,55,1.4262182565051
XDH,12000,55,1.4262182565051
NR3C2,22474,103,1.42613748820075
MTUS2,16151,74,1.42572856369888
ZNF544,12878,59,1.42563431024808
OXTR,8951,41,1.42533466489374
PRKG2,8297,38,1.42517125569226
MAPK6,21400,98,1.42500651627018
PRICKLE1,19005,87,1.42447859155852
DLGAP2,34078,156,1.42447570876308
TCP10L2,13546,62,1.42424651737487
RFFL,20538,94,1.42421072542936
UXT,5681,26,1.42414138365394
B3GALT5,20105,92,1.42392887810055
AKR1B10,8086,37,1.42387719714943
EIF4E2,14206,65,1.42379051114635
CRLF3,12021,55,1.42372673471934
PALB2,9836,45,1.42363462329986
PLEKHG1,23170,106,1.42358819968964
MYOM2,38254,175,1.42352711239263
TRIM2,18146,83,1.42331731859672
UBXN2A,12027,55,1.42301646944884
CTDP1,15308,70,1.42293196126124
USP39,29753,136,1.42237036119586
ENTPD3,4813,22,1.4223660152139
IL12B,4376,20,1.42218872179335
CD99,28014,128,1.42180289205517
SAMD5,8536,39,1.42172221190336
NETO1,10288,47,1.42158047622805
ZCCHC18,4378,20,1.42153902388482
SH3BP4,15324,70,1.42144625835206
CCT7,12916,59,1.42143996960164
MYRIP,13573,62,1.42141334446032
SRRM4,16420,75,1.42132258980688
GCH1,4380,20,1.4208899193077
CNIH3,22558,103,1.42082693101444
ZFAND2A,8542,39,1.42072357771096
BNIP1,8104,37,1.42071458738281
FABP5,6790,31,1.42068065716936
C3orf52,8105,37,1.42053929872305
SDR16C5,4601,21,1.42027227535234
DYNLT3,4163,19,1.4202072914339
TRIM5,25855,118,1.42017549003092
NAA35,4383,20,1.4199173731617
CNOT6,8328,38,1.41986622340042
TBL2,11397,52,1.4197678688318
C5orf67,16000,73,1.41973544624826
PLCD4,20386,93,1.41956563261748
VMP1,12934,59,1.41946177882904
SH3RF2,17321,79,1.41924926354959
HAUS4,16886,77,1.41895456054043
KIN,12281,56,1.41892304945767
ABCC12,20396,93,1.41886963064032
ARL15,4167,19,1.41884400149732
GNG5,10748,49,1.41864251247589
LDLR,13161,60,1.41862271405692
RYBP,9433,43,1.41847984417689
PSTPIP2,16015,73,1.41840569091303
ELK4,8118,37,1.41826447599782
RAB11A,8557,39,1.41823311917811
PITRM1,26113,119,1.41806043683521
BLOC1S6,4611,21,1.41719209258211
ZC3H12D,9881,45,1.41715111373114
UPF3A,8784,40,1.41700770641342
EBF1,19546,89,1.41689171274053
EML1,53811,245,1.4167707089713
ZNF765,12084,55,1.41630412761182
RBMX,9890,45,1.41586149188851
ZNF862,14067,64,1.41573847366295
GYG1,20443,93,1.41560754226581
CFL2,5057,23,1.41527042190091
ZMYM1,20009,91,1.41520891608192
C16orf89,11434,52,1.41517355265664
GON4L,45300,206,1.41505580175822
RCC1,20673,94,1.41491026357414
STK32B,24192,110,1.41489906399316
AGAP4,10997,50,1.41481718799848
APOM,7478,34,1.41480962010767
FAM110C,7918,36,1.41478859861353
EGFR,22435,102,1.41474655749924
TCAF1,10559,48,1.41456528381121
FAM216A,9020,41,1.41443132876539
UPF2,8361,38,1.41426215865072
UFC1,5281,24,1.41416349477017
PSMD3,12104,55,1.41396390268186
CNGB3,16066,73,1.41390309597735
ZFP28,4182,19,1.41375489101849
IL19,14309,65,1.41354168714411
CCDC47,10787,49,1.4135134628804
POLR3A,25760,117,1.41333316779585
SV2B,13878,63,1.41259678748295
PRSS3,8151,37,1.41252251455653
ZNF552,5509,25,1.41212058598832
BROX,4848,22,1.41209728366842
SETD7,12561,57,1.41206662389284
FARP2,46940,213,1.4120207086908
ANKRD6,46724,212,1.41188847644932
INHBA,13225,60,1.41175754553521
GOLM1,14768,67,1.41174957922548
IL17D,5952,27,1.41157965269933
SLC7A7,24695,112,1.41128114763228
PER3,13232,60,1.41101069677321
PSTK,11250,51,1.41065951188868
RAB11B,4412,20,1.41058428072704
SLC25A16,16107,73,1.41030403799418
LGMN,16109,73,1.41012894282526
THBS4,19865,90,1.40980318698992
TPM3,22957,104,1.4096871891864
ZNF318,8169,37,1.40941008889096
TRIM24,12806,58,1.40935059777029
GPR143,16342,74,1.40906511028641
DNAJC11,22086,100,1.40892371786827
STIM1,46384,210,1.40882044215594
ADPGK,16572,75,1.40828608041449
CHRNA6,8176,37,1.40820340217102
CERS3,13039,59,1.40803118700627
NRP1,21880,99,1.40796683457542
ZFP64,20997,95,1.40789706963836
ENC1,8842,40,1.40771269997008
NSL1,4201,19,1.40736085556756
MEF2A,9066,41,1.40725464212043
NDUFAF6,25874,117,1.40710606796093
CHPF2,5529,25,1.40701253539693
KRT6A,6635,30,1.40697012356467
ANKRD13A,21896,99,1.40693799509089
COX7A1,4424,20,1.40675810275039
TF,28095,127,1.40662791691422
GMPR2,9957,45,1.40633425276463
RHBDD1,30093,136,1.40629998194466
MMS19,18809,85,1.40623456047173
UIMC1,19480,88,1.40571819943008
BCAS4,4206,19,1.40568781603408
TINF2,6421,29,1.40539976289101
DDI2,12180,55,1.40514113941389
PARP12,24811,112,1.40468292051023
ZNF394,9526,43,1.40463157360073
NPY5R,4210,19,1.40435224566255
OAS2,8199,37,1.40425308161365
SIGMAR1,4432,20,1.40421882819669
RAD52,19726,89,1.40396255790461
RNF130,18623,84,1.40357036758763
HLA-G,4878,22,1.40341279852901
ENOSF1,28382,128,1.40336784645315
ARHGAP25,21066,95,1.40328561526615
LDHA,11975,54,1.4032103704161
RTN4,28168,127,1.40298250943287
KDM2A,32387,146,1.40277068823739
MECR,25511,115,1.4027326493577
CINP,7321,33,1.40264601104176
OSTM1,19529,88,1.40219112729264
IK,10432,47,1.40195743284453
POP4,11542,52,1.40193158907261
BCL2,17093,77,1.40177070785033
DLGAP5,8436,38,1.40168870418192
ZNF790,8880,40,1.40168870418192
FOXK2,19982,90,1.40154840904588
MID2,8659,39,1.40152682767145
HOXD8,4663,21,1.40138810613256
WIPI1,18430,83,1.40138448525535
TMEM116,8882,40,1.40137307961444
METTL9,15100,68,1.40131739591591
DPP4,23096,104,1.40120318679218
HABP2,10216,46,1.40113988323275
PPM1H,17102,77,1.40103302007284
AKIRIN1,4220,19,1.40102439673918
AP3S2,23766,107,1.4009809593174
FBLN5,21328,96,1.40063717477143
RSPH10B,19330,87,1.40052848590634
BST1,15553,70,1.40051710042995
DNASE1L3,11777,53,1.40037949336881
ACTL8,8000,36,1.40028701547774
ADRA2A,4000,18,1.40028701547774
ALX1,4000,18,1.40028701547774
ARSH,4000,18,1.40028701547774
BLOC1S4,4000,18,1.40028701547774
BTNL3,4000,18,1.40028701547774
C2CD4B,4000,18,1.40028701547774
CASP14,8000,36,1.40028701547774
CCL8,4000,18,1.40028701547774
CENPQ,4000,18,1.40028701547774
CNR2,4000,18,1.40028701547774
COX8A,4000,18,1.40028701547774
CRYGB,4000,18,1.40028701547774
CST7,4000,18,1.40028701547774
CYP8B1,4000,18,1.40028701547774
DUSP10,12000,54,1.40028701547774
EFCAB9,4000,18,1.40028701547774
EFNA3,4000,18,1.40028701547774
EHD3,4000,18,1.40028701547774
EID2B,4000,18,1.40028701547774
FAM181B,4000,18,1.40028701547774
FBP2,4000,18,1.40028701547774
FBXO47,4000,18,1.40028701547774
FITM1,4000,18,1.40028701547774
FUCA1,4000,18,1.40028701547774
FZD1,4000,18,1.40028701547774
GCNT4,8000,36,1.40028701547774
GIMAP8,4000,18,1.40028701547774
GIP,4000,18,1.40028701547774
HAND1,4000,18,1.40028701547774
HTRA4,4000,18,1.40028701547774
IMP3,4000,18,1.40028701547774
JUN,4000,18,1.40028701547774
KBTBD7,4000,18,1.40028701547774
KCNK13,4000,18,1.40028701547774
LRRC10,4000,18,1.40028701547774
LSM11,4000,18,1.40028701547774
LURAP1,4000,18,1.40028701547774
MAP3K1,8000,36,1.40028701547774
ME1,4000,18,1.40028701547774
MRC1,4000,18,1.40028701547774
MT4,4000,18,1.40028701547774
NLRP5,8000,36,1.40028701547774
NUCKS1,8000,36,1.40028701547774
ODF1,4000,18,1.40028701547774
POTEG,4000,18,1.40028701547774
RASSF9,4000,18,1.40028701547774
RHOB,4000,18,1.40028701547774
RHOXF1,8000,36,1.40028701547774
RRAGA,4000,18,1.40028701547774
SERPINA12,12000,54,1.40028701547774
SFT2D3,4000,18,1.40028701547774
SOX17,4000,18,1.40028701547774
SPATA12,4000,18,1.40028701547774
TACR3,4000,18,1.40028701547774
TIGD2,4000,18,1.40028701547774
TNN,8000,36,1.40028701547774
TSPYL5,4000,18,1.40028701547774
TUSC1,4000,18,1.40028701547774
UST,12000,54,1.40028701547774
VCX3A,4000,18,1.40028701547774
VNN1,4000,18,1.40028701547774
ZCCHC3,4000,18,1.40028701547774
ZFP3,4000,18,1.40028701547774
ZNF556,4000,18,1.40028701547774
ZNF99,4000,18,1.40028701547774
ZP4,4000,18,1.40028701547774
ZXDA,4000,18,1.40028701547774
TMEM131,21556,97,1.4002581441758
RSPH10B2,19334,87,1.40023873138355
PSMD5,14445,65,1.40023316035619
TIGD6,4001,18,1.39993703121993
DNAH9,35568,160,1.39979708649746
DRP2,8226,37,1.39964393583154
C1QTNF9B,4447,20,1.39948231314768
FAM171A1,8227,37,1.3994738077246
NMI,4226,19,1.39903524709875
NPHS2,4004,18,1.39888812735039
RNASE1,4449,20,1.39885319095701
RAB30,18019,81,1.39881049329038
PROX2,8009,36,1.39871346283205
SMG6,52950,238,1.39867090413892
BRINP1,8010,36,1.39853884192533
EHD4,4005,18,1.39853884192533
FOXM1,14908,67,1.39849193627595
UBXN8,20026,90,1.39846900577024
LARP4B,45841,206,1.39835579109634
UXS1,26482,119,1.39830119277539
PCP4,8013,36,1.39801524071158
S100Z,8013,36,1.39801524071158
PTGER2,4007,18,1.39784079408808
INTS9,28722,129,1.39758934302492
TLL2,4008,18,1.39749203141491
VPS11,15364,69,1.39749203141491
RAB23,4900,22,1.39711176147439
SMS,4232,19,1.39705173776922
FUT9,4010,18,1.39679502790797
PRSS48,4010,18,1.39679502790797
COQ7,8466,38,1.39672169956044
WBP1L,12034,54,1.39633074503348
PHF20,25184,113,1.39623422939595
SHOX2,5126,23,1.39621976659245
CHRNB4,12035,54,1.396214722537
LUZP4,4012,18,1.39609871931978
MSL2,6687,30,1.39602912664148
DHPS,9808,44,1.39597219233778
TP53I3,4904,22,1.39597219233778
DIP2B,12038,54,1.39586677070384
POLR2K,4013,18,1.39575082529553
KATNAL1,8695,39,1.39572407139817
PRKAG2,40578,182,1.39567820996023
SLC26A2,8027,36,1.39557694329412
DBT,4014,18,1.3954031046116
PARG,16057,72,1.39531620150986
UBAP2L,27884,125,1.39495271629064
ABCA4,23200,104,1.39492193112725
ZNF778,10931,49,1.39489248230637
PLEKHB2,10709,48,1.39475159508474
PGR,14725,66,1.39473975508818
TMED5,8255,37,1.39472695531802
SDR42E1,4016,18,1.39470818274675
RPP14,7809,35,1.3946883380066
EDEM1,8703,39,1.39444108937229
EDEM2,4017,18,1.39436098130718
SCARA3,8034,36,1.39436098130718
SUSD5,4017,18,1.39436098130718
SIRPD,12052,54,1.39424528590548
C12orf43,12054,54,1.39401395269063
RAD9B,4688,21,1.39391483338228
ZNF493,8037,36,1.39384050315067
C3orf62,6698,30,1.39373645414326
TMEM123,11387,51,1.3936874952795
C22orf39,4019,18,1.39366709676809
ZNF485,4019,18,1.39366709676809
ANGPTL6,8486,38,1.39342987373069
PIWIL3,4243,19,1.39342987373069
FBXO10,19652,88,1.3934149463107
FCMR,9380,42,1.39332041341068
SKOR2,6477,29,1.39324870735266
MORF4L1,22336,100,1.39315406665646
USPL1,4244,19,1.39310154435423
TBL1X,30156,135,1.39304319088513
ACOT13,8042,36,1.39297390248967
PARM1,4021,18,1.39297390248967
FTH1,4468,20,1.39290462098651
TTC7B,48038,215,1.39270164974818
MS4A12,4022,18,1.39262756387642
OCA2,4022,18,1.39262756387642
RBM14-RBM4,8044,36,1.39262756387642
TAGLN3,6033,27,1.39262756387642
C9orf43,4693,21,1.39242973341063
CDCA4,4023,18,1.39228139744244
DENR,4023,18,1.39228139744244
MED28,4023,18,1.39228139744244
NRF1,8046,36,1.39228139744244
LEUTX,6259,28,1.39205895273922
EIF2D,18555,83,1.39194373825147
SETD6,6707,30,1.39186622481759
LIG3,23701,106,1.39169396172351
BBOF1,16099,72,1.39167602010335
MAK16,4025,18,1.39158958059899
CLDN18,8051,36,1.39141673379976
MAP7D2,8275,37,1.39135601403629
GPX2,4026,18,1.39124392993317
NKAIN2,8276,37,1.39118789465325
CD58,8055,36,1.39072577576932
LARP6,4699,21,1.39065178525135
PAPSS2,5371,24,1.39046684339625
DDX47,16115,72,1.39029427537349
VANGL1,12758,57,1.39026249119909
GDE1,12535,56,1.39017103872275
TLE1,15669,70,1.39014885844579
SPOCK3,8731,39,1.38996916742722
SGTB,4926,22,1.38973764336673
TP53TG3D,4926,22,1.38973764336673
RFPL1,22391,100,1.38973200093067
MAML1,10076,45,1.38972510468215
HARS2,6046,27,1.38963316124155
TRAF3IP2,18587,83,1.38954732142121
TAF3,4031,18,1.38951824904762
C7orf57,4032,18,1.38917362646601
PSMD13,15008,67,1.38917362646601
ESF1,4033,18,1.38882917478575
NUFIP2,4033,18,1.38882917478575
TOPORS,4033,18,1.38882917478575
HERC6,12325,55,1.3886100671855
IFI6,4034,18,1.38848489387976
TIMMDC1,5827,26,1.38845841780299
NUSAP1,26223,117,1.3883789956306
SCN10A,8069,36,1.38831281742743
NLRP7,12104,54,1.38825546808764
RSPO3,5156,23,1.38809591224843
NEIL2,8071,36,1.38796879244479
STK40,12780,57,1.38786923808435
BRD8,24217,108,1.38773953716256
ACBD5,6503,29,1.38767828348811
TTI2,7400,33,1.3876718171401
IST1,29602,132,1.38757806186565
COMMD8,4037,18,1.38745307453826
STOX2,24000,107,1.38732139496405
CEP85,17272,77,1.38724332499338
DIRAS2,4038,18,1.38710947546086
TRIM32,4038,18,1.38710947546086
TIGIT,15928,71,1.38708044671744
LPGAT1,8525,38,1.38705523853122
USP4,23109,103,1.38694940974615
ZC2HC1A,4039,18,1.38676604652413
RNF157,21766,97,1.38674834861038
GPM6B,19971,89,1.3867390424729
CCDC83,8303,37,1.38666397882094
RTF1,15935,71,1.38647112364703
PGRMC1,4040,18,1.38642278760172
DDB1,33893,151,1.38634552095082
DHX35,13243,59,1.38634136127575
CTTNBP2NL,8305,37,1.38633004408793
TULP4,19081,85,1.38618866138634
FASLG,4041,18,1.38607969856742
ZNF586,4041,18,1.38607969856742
WBP2NL,11451,51,1.38589813193151
SNX12,12125,54,1.38585106686456
IFNGR1,5389,24,1.38582249320491
LPXN,6512,29,1.38576042345258
BPIFA3,4042,18,1.38573677929514
PCYT1B,8309,37,1.38566265689617
TMEM14B,7411,33,1.38561212344309
KDM3B,26725,119,1.38558698548467
TP53TG3C,4941,22,1.3855186462709
HMGXB3,15947,71,1.38542781434222
NDUFAF1,8090,36,1.38470903879133
STC1,4495,20,1.38453789690049
OSBPL10,46752,208,1.38441943883266
FAM168A,8092,36,1.38436679730869
SLC11A2,27423,122,1.38436118820199
TACC2,48108,214,1.38420692937297
CD302,4047,18,1.38402472495946
CYP2U1,4047,18,1.38402472495946
SCNM1,5846,26,1.38394580919227
LRRFIP1,32154,143,1.38390276802137
BYSL,8321,37,1.38366434516888
YY1,13495,60,1.38351193328664
F13A1,12371,55,1.38344669614916
COL6A3,34414,153,1.38344157977111
TXNDC11,15970,71,1.38343252068349
ZIM2,20020,89,1.38334492593538
NKX3-1,4049,18,1.38334108716003
SMIM8,4049,18,1.38334108716003
IL2RA,8099,36,1.38317028322285
VSIG10,12149,54,1.38311335794986
DFFA,4050,18,1.38299952145949
TAF15,16657,74,1.38241832456628
MYH10,35792,159,1.38234264305469
SSR2,8780,39,1.3822119363106
LGALS2,6529,29,1.38215222507631
PPP1R36,9006,40,1.38207813603547
CHI3L2,20040,89,1.38196434217696
DENND5A,37379,166,1.38192653967501
CHRDL1,4054,18,1.38163494373728
OPALIN,9910,44,1.38160396190202
DZIP1L,25903,115,1.38150456000326
SRGAP2,30637,136,1.38132928670106
TTC33,4055,18,1.38129421995338
CREBBP,56548,251,1.38121415389448
ZNF439,8337,37,1.3810088780317
ARL9,4732,21,1.38095366417923
EDC3,16678,74,1.38067766112847
TDP2,8339,37,1.38067766112847
DNAJC18,19158,85,1.38061727987853
TIMELESS,11722,52,1.38040389021294
ZNF354B,4734,21,1.38037024480273
CTCF,27728,123,1.38035602122012
CXCR6,8116,36,1.38027305616337
PELI1,4058,18,1.38027305616337
RAB9A,4058,18,1.38027305616337
PDLIM1,16009,71,1.38006229966365
GALR1,7892,35,1.38002042973815
MYOC,4059,18,1.37993300367355
TRIM16,19844,88,1.37993300367355
PRKAG3,4285,19,1.37977198465329
TENM4,33830,150,1.37972905259409
CPSF7,8796,39,1.37969768085574
ITGA6,19402,86,1.37929289455939
ACSBG2,17374,77,1.37909903932806
P4HA1,8124,36,1.37891385079048
ZNF519,4062,18,1.37891385079048
CXCL14,4288,19,1.37880665910432
NHS,25051,111,1.37880376226302
GCOM1,8125,36,1.37874413831654
ZNF471,6772,30,1.37850661102356
AP4S1,9707,43,1.37844033894309
GLRX,7224,32,1.37840483866395
TMC7,8353,37,1.37836358388008
FAM124A,4064,18,1.37823525145447
ZNF281,4064,18,1.37823525145447
CCDC93,29126,129,1.37820370494959
CD83,4516,20,1.3780996117289
MKS1,16485,73,1.37796585623125
CASP2,10389,46,1.37780778199112
NIPSNAP3B,4066,18,1.37755731970264
MAPRE3,12879,57,1.37720078132759
TNFSF14,4519,20,1.37718474144008
RTN1,18303,81,1.37710573559522
USP22,20342,90,1.37674468142536
PSMG3,4973,22,1.37660318343545
ZNF79,4295,19,1.37655947712208
AUTS2,72337,320,1.376556472415
CLIC5,16502,73,1.37654630590063
IL17RA,8138,36,1.37654167164191
C10orf90,23964,106,1.37642040505796
TM6SF1,8139,36,1.37637254255092
DEGS1,12435,55,1.37632642364787
SYF2,4070,18,1.37620345501498
FAM111A,9497,42,1.37615515192084
ZNF418,9497,42,1.37615515192084
RFC5,13115,58,1.37614515860056
ZNF273,16055,71,1.37610821272597
SDHA,29171,129,1.37607764939021
ZMYM5,8141,36,1.37603440901878
DNM3,16057,71,1.37593680982222
CLDN14,16287,72,1.37561197566426
TMIGD3,12894,57,1.37559863988817
FAM227A,18776,83,1.37556008006264
ITGB8,9275,41,1.37554399843276
PROM1,25563,113,1.37553349892844
BCL2L13,16288,72,1.37552752011566
RFK,4751,21,1.37543101218609
HP,5656,25,1.37541943214456
RGS20,13122,58,1.37541104671897
CPA4,8145,36,1.37535864012546
ZNF717,4525,20,1.37535864012546
AMZ2,14481,64,1.37526366335313
TM2D2,6788,30,1.37525733203471
ADHFE1,18328,81,1.37522731768874
METTL6,18556,82,1.37509922240395
FGF13,21498,95,1.37508674161302
FPR2,13580,60,1.37485224887358
CRYL1,16070,71,1.37482373088459
DCLRE1A,4301,19,1.37463914304565
IGF1,11093,49,1.37452174561353
ARIH2,32374,143,1.37449835061961
IFNAR2,16301,72,1.37443054092656
ACSL1,22414,99,1.37442287590391
CENPP,12000,53,1.37435577445037
OTUD3,12000,53,1.37435577445037
OVGP1,12000,53,1.37435577445037
SLC7A1,12000,53,1.37435577445037
TEKT5,12000,53,1.37435577445037
GRB10,45060,199,1.37425218760206
TMED10,8152,36,1.37417764031181
NRP2,27182,120,1.37373949964706
LRAT,8609,38,1.37352142042963
MTURN,14273,63,1.37350369345536
EHF,15633,69,1.3734451206204
SERPINA9,7704,34,1.3733055995801
NTM,46227,204,1.37321647597704
ZDHHC7,24929,110,1.3730690423251
NDEL1,19040,84,1.37283040733111
ZNF398,9295,41,1.37258424803269
MAP2K1,17910,79,1.37257490195101
SEC14L1,44663,197,1.37253327785174
PITPNC1,17685,78,1.37244227320408
NBPF1,11791,52,1.37232587575914
ITSN2,20863,92,1.37219431981074
GREB1L,24038,106,1.37218315112775
ZNF3,8845,39,1.37205435848582
PATL2,14742,65,1.37202333478124
MYCBP,4763,21,1.37196572305188
SNX4,12021,53,1.37195485345682
TXNDC8,4083,18,1.37182171489369
RTN4IP1,12477,55,1.37169344217851
IL5RA,8394,37,1.37163104790925
YIPF5,4084,18,1.37148581339641
CCDC80,15203,67,1.37135550786041
IQUB,6129,27,1.37081450364928
RNF125,12260,54,1.37059087974982
SOD2,21343,94,1.37049336451615
CA5B,12036,53,1.37024503933237
AGA,6813,30,1.37021088651865
ORMDL2,4315,19,1.37017913192105
POGLUT1,12037,53,1.37013120324038
SUMF2,8405,37,1.36983593291497
NUDT4,4771,21,1.36966521460828
SNTG2,28406,125,1.36931850809858
S100PBP,17499,77,1.36924776897455
PPFIBP2,53413,235,1.36906932202218
SEH1L,15913,70,1.36883318437674
RNF181,4092,18,1.36880451170844
DAG1,13641,60,1.36870416682818
ODC1,4547,20,1.36870416682818
NLRP3,14780,65,1.36849580523309
SNX11,12962,57,1.36838210636615
SAMHD1,16374,72,1.36830293438645
GNG12,5231,23,1.36819394447579
CASP7,18650,82,1.36816842739558
CBR1,4094,18,1.36813582362261
ZNF669,4094,18,1.36813582362261
PCED1A,6824,30,1.36800216439795
UBL7,11147,49,1.36786307742809
MYBL2,4095,18,1.36780172452038
TCEANC2,4550,20,1.36780172452038
CDC42,27983,123,1.36777728465109
TEX28,7736,34,1.36762491457667
SULT1C2,12287,54,1.36757908242312
NUAK1,10923,48,1.36742605802092
ZNF43,12061,53,1.36740480005012
ARL4A,4779,21,1.36737240822266
GRHL1,12290,54,1.36724525514507
CCNI2,7514,33,1.3666185050355
SPATA22,12068,53,1.36661164181343
EFCAB14,11159,49,1.36639212510896
FUNDC1,4555,20,1.36630029562409
BLOC1S2,7744,34,1.36621207892112
ZNF738,4100,18,1.36613367363682
SNCAIP,13213,58,1.36593837546707
POLR2C,7063,31,1.36576832255132
HADHA,12076,53,1.36570630120938
ACOT6,9572,42,1.36537249036693
S1PR1,5470,24,1.36530117292162
TNFAIP3,8205,36,1.36530117292162
NFRKB,10714,47,1.36505692919863
SH3GL3,8436,37,1.36480215933503
GABRA5,9804,43,1.36480215933503
RNF17,16188,71,1.36480215933503
STARD9,20064,88,1.36480215933503
TARS2,12771,56,1.36448155746532
ZNF587,12088,53,1.36435053717774
GRSF1,8896,39,1.36418848929935
ABCC11,29886,131,1.36398015442075
ATF7,14146,62,1.3638373621066
ATOX1,17802,78,1.36342217737412
PRC1,21682,95,1.36341734024521
NFIL3,4794,21,1.36309402146352
PRAMEF6,6164,27,1.3630308392061
LUC7L,17581,77,1.362861424793
DOHH,10503,46,1.36285299886754
ZNF641,9590,42,1.36280974742359
ING2,5024,22,1.36262890748895
WDR20,24213,106,1.36226566665878
ZNF320,18046,79,1.3622307710264
ZNF160,12107,53,1.36220940723585
GOT1L1,7311,32,1.36200199076848
HTR7,4341,19,1.36197257642003
THEM4,9825,43,1.36188502494866
SIX1,11654,51,1.3617572943837
KRT23,5256,23,1.36168617266988
ZNF583,4342,19,1.36165890240427
ZNF18,14169,62,1.36162349667301
TMEM64,4571,20,1.36151779623009
FRMPD2,24228,106,1.36142226295232
ATG14,8000,35,1.36139015393669
BUD13,8000,35,1.36139015393669
CATSPER3,8000,35,1.36139015393669
CRYBG3,8000,35,1.36139015393669
DNER,8000,35,1.36139015393669
HS3ST3A1,8000,35,1.36139015393669
KCNMB4,8000,35,1.36139015393669
KCTD18,8000,35,1.36139015393669
KPNA7,8000,35,1.36139015393669
LATS2,8000,35,1.36139015393669
NBPF10,8000,35,1.36139015393669
PCNA,8000,35,1.36139015393669
PPIL1,8000,35,1.36139015393669
RANBP9,8000,35,1.36139015393669
RCVRN,8000,35,1.36139015393669
URAD,8000,35,1.36139015393669
ZNF479,8000,35,1.36139015393669
ZNF625-ZNF20,8000,35,1.36139015393669
AUNIP,8001,35,1.36122000143651
COX6C,4572,20,1.36122000143651
MCOLN2,8001,35,1.36122000143651
CRIPT,4801,21,1.36110659006376
ZBTB8A,8002,35,1.36104989146382
LYG1,7545,33,1.36100350521362
GAB2,12577,55,1.36078707784537
PLA2R1,8005,35,1.36053981655134
NCOA6,16012,70,1.36036987652929
RNF43,13954,61,1.36030302651796
NSD1,23333,102,1.36029824786763
ELP3,23792,104,1.36021304649261
MSL3,11439,50,1.3601490179578
TTF1,8011,35,1.35952081281906
GFPT1,4120,18,1.3595019567745
ERC2,32961,144,1.3594607110005
SDHB,14192,62,1.35941680695885
LEPROTL1,8241,36,1.35933698869335
ADAT1,13965,61,1.35923153827652
DNAJA1,8013,35,1.35918148402515
HNRNPA1L2,12593,55,1.35905813372995
ABHD2,13051,57,1.3590505603186
L3MBTL4,13053,57,1.35884232457811
SKP1,14199,62,1.35874662471723
EEF1B2,6643,29,1.35843321955791
SALL4,8935,39,1.35823400120952
ANKRD30BL,12372,54,1.35818333218015
NLGN4X,18102,79,1.35801660004102
RNF150,12832,56,1.35799516602164
ZSCAN21,8020,35,1.35799516602163
MROH8,8250,36,1.35785407561478
MGAT5,9167,40,1.35780470089838
EDARADD,9168,40,1.35765659829139
NPIPA1,12377,54,1.35763465991216
OPTN,16505,72,1.35744272933316
KIAA0319L,33698,147,1.35743098024431
BDNF,16277,71,1.35733964215245
KCNH8,8024,35,1.35731819933867
GPRIN3,4356,19,1.35728258820921
EEF1A1,10776,47,1.3572030381806
KCTD1,26827,117,1.35712015515791
TBCE,53202,232,1.35695227660963
GATAD2B,21330,93,1.35674003687482
ATXN1,12616,55,1.35658045958
ZDHHC5,13764,60,1.35647293953089
MEOX1,4359,19,1.35634846392277
WDR91,22715,99,1.35621018448207
RHBDL2,8031,35,1.35613513030675
IL23R,13769,60,1.35598035730287
SSX5,8032,35,1.35596628878156
ZC3HC1,8035,35,1.35546001636509
ZNF19,22501,98,1.35527929639491
FAM120A,15384,67,1.35522086492472
DNAJC8,11485,50,1.35470131618801
RBM28,16082,70,1.3544486048369
ENOX2,8042,35,1.35428018297606
ZNF169,8043,35,1.35411180299559
C21orf91,4367,19,1.35386374037997
MED12L,21608,94,1.35368566636747
COQ9,13334,58,1.35354310447326
NAAA,16783,73,1.3534986081137
TPGS2,18163,79,1.35345573385137
TDRD5,8277,36,1.35342468573419
TRABD2A,18854,82,1.35336486532978
FAM117A,24605,107,1.35320924524029
ERICH6,8051,35,1.35276626897199
LMO4,6901,30,1.35273826544727
ARSG,21624,94,1.35268404915225
AKAP12,12423,54,1.35260759766021
SCAMP1,12194,53,1.35249051118619
HYKK,8053,35,1.35243030317813
CYB5A,9436,41,1.35207403406781
ADD1,43960,191,1.35201101989813
IP6K2,16114,70,1.35175887197388
NIF3L1,10590,46,1.35165675610064
PELI2,5295,23,1.35165675610064
DUSP26,6216,27,1.35162839331828
TUBA1C,16118,70,1.35142340631512
NID2,23256,101,1.35142174600821
EFCAB10,12204,53,1.35138227576241
GABRB2,14737,64,1.35137362482301
MCM4,19113,83,1.35130623467044
PFN4,4145,18,1.35130230685427
ARG2,8060,35,1.35125573591731
CHRNA1,8060,35,1.35125573591731
SUZ12,8060,35,1.35125573591731
ANKLE2,26487,115,1.35104438470814
IFIT2,13359,58,1.3510100872106
SPDYE16,6911,30,1.35078089565209
HNRNPM,21196,92,1.35063644528267
PKIG,16131,70,1.35033429192158
CSE1L,8066,35,1.35025058659726
RNF11,8066,35,1.35025058659726
MSANTD3,10371,45,1.35019478881278
ASXL1,19591,85,1.35010289663176
PPM1A,12679,55,1.34983982002218
ABHD4,7377,32,1.34981653172134
BIVM,10375,45,1.34967423178577
ERMAP,13142,57,1.34963999868498
AFAP1,32281,140,1.3495395101135
PRSS54,8071,35,1.34941410376577
TTC28,24213,105,1.34941410376577
NIT2,8072,35,1.34924693155271
COL4A1,21910,95,1.34922933688711
DMRT2,8766,38,1.34892150450361
EIF2B2,7383,32,1.34871956582803
ACSM5,12230,53,1.34850934533152
FBXO5,8538,37,1.34849742517572
KSR2,12000,52,1.34842453342301
SLC9A2,12000,52,1.34842453342301
ZNF592,12000,52,1.34842453342301
ZNF30,8077,35,1.3484116914069
ACP1,8312,36,1.3477257126831
TMEM217,8775,38,1.34753799526822
EOMES,4388,19,1.34738444718308
ZNF730,12010,52,1.34730178193806
A2ML1,18939,82,1.3472908374744
RAB7A,19633,85,1.3472146818068
VWA8,12011,52,1.34718960961419
TRMT61B,12473,54,1.34718545544238
NTN4,9241,40,1.34693168413975
TCL1B,10859,47,1.34682935255863
GPN3,12943,56,1.34634891218339
PANK2,10401,45,1.34630037061603
FAM149B1,23576,102,1.34627752873665
ZNF112,12020,52,1.34618089859202
WDFY1,12022,52,1.34595694568924
SLC20A1,14103,61,1.34593125094175
LARP1B,16879,73,1.34580052965058
GPR155,8094,35,1.34557959371059
PRKX,12026,52,1.34550926335241
ZFP1,8557,37,1.34550321563051
MSANTD4,4163,18,1.34545953925317
SULT6B1,9946,43,1.34531674744828
ATP6V0A1,40479,175,1.34528042089645
NDUFB8,7402,32,1.34525757288684
PLEKHM3,12029,52,1.34517369698862
NKRF,8560,37,1.34503166076522
PMM2,16196,70,1.34491494585003
ANXA5,12033,52,1.34472653545052
SORCS1,28000,121,1.3447200704191
FOXN3,38877,168,1.34468662476963
SRD5A1,4166,18,1.34449065336317
SLC22A15,8101,35,1.34441689069171
CHRNA9,9953,43,1.3443705787321
NWD1,17595,76,1.34409160653352
MDS2,8103,35,1.34408505880458
PARP9,8335,36,1.34400673351193
ZNF136,9263,40,1.34373266686122
RALGAPA2,16906,73,1.34365119720645
TTC39B,20152,87,1.34340093452608
SNX32,4170,18,1.34320097407936
ZNF131,13206,57,1.34309926266227
BTN3A1,8109,35,1.34309054525755
ASAH2B,4634,20,1.34300773555626
GLB1L3,16684,72,1.34287894076024
ZNF619,4867,21,1.34264901148471
SND1,49598,214,1.34262322993416
SNRPE,6026,26,1.34260657161268
GDAP1,18313,79,1.34236970971127
ARMC10,12287,53,1.34225354385973
SSR1,12057,52,1.34204979688779
DNMBP,16000,69,1.34194172316616
EFCAB8,16000,69,1.34194172316616
CENPA,8116,35,1.34193213793661
ISCU,9276,40,1.34184947101503
TNFRSF9,12065,52,1.34115991720481
DUSP16,9977,43,1.34113665131007
CAB39,16706,72,1.34111051404548
HMGB1,10674,46,1.34101977207286
RETSAT,9050,39,1.34097467412233
SERPINB8,16476,71,1.34094545735102
PMS2,9979,43,1.34086785951705
SP100,34120,147,1.34064212110999
ALDH3A2,24141,104,1.34054880916914
GPC3,18108,78,1.34038223998311
HSD17B3,12072,52,1.34038223998311
PRPF8,31586,136,1.33982730819542
APBB2,42279,182,1.33952625189258
DOCK11,12083,52,1.33916199628206
WIPF2,12548,54,1.33913326312822
DIO1,6972,30,1.3389625315335
CYTH3,14874,64,1.33892652339765
ADGRF3,9068,39,1.3383128364366
HIVEP2,9768,42,1.33797558126456
EWSR1,17910,77,1.33782617025604
ERVMER34-1,4187,18,1.33774732789848
PIP5K1B,11167,48,1.33754767007813
CTLA4,10471,45,1.33730017713469
EXOG,8611,37,1.33706549949487
PCID2,17921,77,1.33700500581919
SSPN,12336,53,1.33692195958207
RAG1,12337,53,1.33681359272144
TMEM196,4423,19,1.33672235004281
ZNF286B,4423,19,1.33672235004281
RAB33B,4889,21,1.33660722824629
CA10,10710,46,1.33651214258691
BFAR,16298,70,1.33649788090484
ABHD18,4191,18,1.33647054686494
AR,5123,22,1.33629662916738
ASAP1,48447,208,1.33598318996644
DKK2,8618,37,1.33597946346603
CHST10,5823,25,1.33597326261543
ADGRE3,8154,35,1.33567834578042
MAP3K5,8620,37,1.33566949143275
CAPRIN1,17941,77,1.3355145593493
PJA2,4660,20,1.3355145593493
SPATS2,20970,90,1.3355145593493
TRIM66,31226,134,1.33534348209837
MX1,23072,99,1.33522513611781
UBR4,60363,259,1.3351605638065
SCAND1,8857,38,1.3350622003476
FAM210A,8158,35,1.33502344097739
HEATR4,20749,89,1.33474217635676
SETBP1,13289,57,1.33471057737362
FKBP9,25880,111,1.33463728935282
MTCP1,8162,35,1.33436917808056
RCL1,11194,48,1.33432149649478
GARNL3,37550,161,1.33419860625486
TRIM16L,15860,68,1.33416725588463
RPS10-NUDT3,4898,21,1.33415123293101
STON2,24258,104,1.33408313967154
APTX,22862,98,1.33387890159137
SLC5A4,12131,52,1.33386319355998
LNPEP,12365,53,1.33378643699187
SVOPL,18432,79,1.3337031517981
CBX3,10971,47,1.33307993249787
ACTN2,34081,146,1.33304581086072
SHROOM4,16108,69,1.33294434881169
NPIPB4,27782,119,1.33287064239716
TMEM132B,16109,69,1.33286160349237
DCDC2,8406,36,1.33265478513227
TENM3,24751,106,1.33265478513227
TRAPPC4,7005,30,1.33265478513227
KCNJ8,5838,25,1.33254064888826
LMOD3,4437,19,1.33250460992548
PCBD2,7710,33,1.33187697105535
ROR2,13552,58,1.33176975760378
CLRN1,8178,35,1.33175852671723
FCGR2A,14020,60,1.33170424676913
MED31,4207,18,1.3313877019042
PRKDC,50735,217,1.330934298517
MITD1,11223,48,1.33087363733071
CERKL,12626,54,1.33086046140764
DDX31,8418,36,1.33075506341434
S100B,6315,27,1.33043896957505
MAF,16842,72,1.33028097895997
POLR3C,16843,72,1.33020199772272
SLC7A8,21290,91,1.33005707852903
FBXO42,12166,52,1.33002584260037
RPRD2,5617,24,1.32957048529131
SETDB1,11236,48,1.32933382269157
ETV5,22238,95,1.32932884122658
SENP2,21302,91,1.32930782095029
IQGAP1,31838,136,1.32922248120675
TOR3A,7728,33,1.3287747731414
MYOF,20140,86,1.32875078154127
BTN1A1,4918,21,1.3287256484132
GK,12179,52,1.32860615822942
SCLY,24124,103,1.32859450795157
SLC25A37,12414,53,1.32852177327247
CD59,13586,58,1.32843690232934
VWA5A,6091,26,1.32827896905895
METTL2B,14760,63,1.32818551603579
NFU1,9138,39,1.32806093245864
POLR2B,14060,60,1.32791561448813
ZNF395,18751,80,1.32760873480192
DDX24,9610,41,1.32759319307636
LOX,6330,27,1.32728627059501
HMGCL,15239,65,1.32727659304056
GMPR,12427,53,1.32713199431918
AMDHD1,11725,50,1.32697182229589
PEG10,4221,18,1.32697182229589
ZNF789,11725,50,1.32697182229589
MRRF,8915,38,1.32637643392918
SLC22A16,12437,53,1.32606491062189
IFT43,16194,69,1.32586560273303
DCUN1D2,16196,69,1.32570187519503
SH3RF1,9863,42,1.32508825689873
GJC1,20199,86,1.32486958464484
ADAMTS19,9395,40,1.32485318713523
TNRC6B,20674,88,1.32453277183409
SIK3,29132,124,1.32451210520115
HSP90AA1,11044,47,1.32426837553732
ANO4,20211,86,1.32408296176543
TOX4,12221,52,1.32404012773718
PRPF19,11989,51,1.32370669019499
TACR1,8463,36,1.32367908824553
AGAP5,8228,35,1.3236656819997
REG1B,5172,22,1.32363643295137
SNU13,13871,59,1.32357570812305
HAUS1,15519,66,1.32338055890673
SCNN1B,17874,76,1.32311132465913
LRRC36,12235,52,1.322525083864
AADACL4,4000,17,1.32249329239564
ABRA,4000,17,1.32249329239564
ACER2,4000,17,1.32249329239564
ADAM21,8000,34,1.32249329239564
ADRB2,4000,17,1.32249329239564
ANGPTL7,8000,34,1.32249329239564
ANKRD61,4000,17,1.32249329239564
ARIH2OS,4000,17,1.32249329239564
ASB17,4000,17,1.32249329239564
BMS1,4000,17,1.32249329239564
C19orf18,4000,17,1.32249329239564
C1orf115,4000,17,1.32249329239564
CCR5,4000,17,1.32249329239564
CUZD1,8000,34,1.32249329239564
CYP1A2,4000,17,1.32249329239564
EXOC8,4000,17,1.32249329239564
FABP2,4000,17,1.32249329239564
FAM200A,8000,34,1.32249329239564
FANCF,4000,17,1.32249329239564
FJX1,4000,17,1.32249329239564
GJD4,4000,17,1.32249329239564
GPR183,4000,17,1.32249329239564
HSF5,4000,17,1.32249329239564
HSPA6,4000,17,1.32249329239564
KBTBD6,4000,17,1.32249329239564
KCNJ6,8000,34,1.32249329239564
KIF26B,16000,68,1.32249329239564
LACTBL1,4000,17,1.32249329239564
LRRC53,4000,17,1.32249329239564
LYPD8,8000,34,1.32249329239564
MAB21L1,4000,17,1.32249329239564
MAN1A1,4000,17,1.32249329239564
MGAT2,4000,17,1.32249329239564
MRFAP1L1,4000,17,1.32249329239564
NBPF20,8000,34,1.32249329239564
NHLRC1,4000,17,1.32249329239564
NXF5,8000,34,1.32249329239564
OR9Q1,4000,17,1.32249329239564
OTUD6A,4000,17,1.32249329239564
PANX3,4000,17,1.32249329239564
PARD6G,4000,17,1.32249329239564
PET117,4000,17,1.32249329239564
PGLYRP1,4000,17,1.32249329239564
PLPP6,4000,17,1.32249329239564
PNMA1,4000,17,1.32249329239564
PPM1E,4000,17,1.32249329239564
PRAMEF15,4000,17,1.32249329239564
PRB2,8000,34,1.32249329239564
PRKRIP1,8000,34,1.32249329239564
PURB,4000,17,1.32249329239564
RAP2B,4000,17,1.32249329239564
REP15,4000,17,1.32249329239564
RRS1,4000,17,1.32249329239564
SERINC1,4000,17,1.32249329239564
SERPINE1,4000,17,1.32249329239564
SERTM1,4000,17,1.32249329239564
SLC10A2,4000,17,1.32249329239564
SLC15A5,4000,17,1.32249329239564
SLITRK2,4000,17,1.32249329239564
SMIM15,4000,17,1.32249329239564
SULT2A1,4000,17,1.32249329239564
TMEM236,4000,17,1.32249329239564
TMEM31,4000,17,1.32249329239564
TNFSF11,8000,34,1.32249329239564
TOMM34,4000,17,1.32249329239564
UBTD1,4000,17,1.32249329239564
VCX3B,4000,17,1.32249329239564
VWC2,4000,17,1.32249329239564
WFDC10B,4000,17,1.32249329239564
WFDC13,4000,17,1.32249329239564
ZBTB6,4000,17,1.32249329239564
ZNF280A,4000,17,1.32249329239564
ZNF543,4000,17,1.32249329239564
ZNF597,4000,17,1.32249329239564
ZNF716,4000,17,1.32249329239564
ZNF732,4000,17,1.32249329239564
ADGRF5,12000,51,1.32249329239564
CIB4,12000,51,1.32249329239564
PGBD5,12000,51,1.32249329239564
TBC1D9,12000,51,1.32249329239564
TSHZ2,12000,51,1.32249329239564
ZHX1-C8orf76,12000,51,1.32249329239564
CD300LB,4001,17,1.32216275170771
LEO1,8002,34,1.32216275170771
RPL36A-HNRNPH2,4001,17,1.32216275170771
DLAT,8944,38,1.32207579477624
KLHDC10,8238,35,1.32205890161368
CFAP221,38131,162,1.32203017380081
STAB2,22833,97,1.32194475346444
AHSA1,14124,60,1.3218984380985
ADIG,4002,17,1.32183237620754
ISOC1,4002,17,1.32183237620754
PARVA,16008,68,1.32183237620754
TOMM20L,4002,17,1.32183237620754
ZFYVE26,20010,85,1.32183237620754
RIMKLA,4003,17,1.32150216577131
SRGN,4003,17,1.32150216577131
RAP1A,12012,51,1.32117212027537
CLNS1A,13899,59,1.32090932062557
RPGRIP1,26385,112,1.32088641049002
MAP4,31099,132,1.32078477723872
AK7,12016,51,1.32073231597434
KAT6B,25211,107,1.32068198322706
DHFR,4948,21,1.3206695106904
FARP1,41241,175,1.32042399935665
AKNAD1,24276,103,1.32027574187773
FGF1,16972,72,1.32009145932382
ACOT2,9665,41,1.32003834303816
BAZ1B,8015,34,1.32001825816159
LPAR3,8015,34,1.32001825816159
ACOT9,20040,85,1.31985358522519
WARS2,8016,34,1.31985358522519
DYNC1LI2,16033,68,1.3197712641633
AGPAT5,14147,60,1.31974931361442
CCL28,8017,34,1.31968895336973
PROSER2,8017,34,1.31968895336973
MORN4,4009,17,1.31952436257984
PLPP1,8018,34,1.31952436257984
MAP3K2,8490,36,1.31946950810623
TYW5,4245,18,1.31946950810623
USP29,4953,21,1.31933630908462
SUSD1,23822,101,1.31931257346852
POLR2G,5189,22,1.3192999867459
KCNA3,4010,17,1.3191953041353
XG,8256,35,1.31917650575261
LPL,12502,53,1.31917047619617
SLC44A3,15097,64,1.31914904345345
SH3KBP1,34444,146,1.31899704679899
YWHAQ,8729,37,1.3189908369974
PAH,25717,109,1.31889657673111
CTSL,7552,32,1.31853767935757
DEF6,8024,34,1.31853767935757
GLT8D1,13452,57,1.31853767935757
SLC25A4,4012,17,1.31853767935757
ACTR3B,12039,51,1.31820911277911
RANBP6,4013,17,1.31820911277911
MTHFD2,20774,88,1.31815685592076
PTPRA,8263,35,1.3180589654476
RNASE4,8027,34,1.31804489088889
TYW1,9680,41,1.31799282907684
ADAMTSL3,16056,68,1.31788070991095
BCAS2,4014,17,1.31788070991095
ETAA1,4014,17,1.31788070991095
CCNK,8737,37,1.3177831081779
ONECUT1,9682,41,1.31772057276016
YIPF3,7793,33,1.31769170368751
ACOT1,4251,18,1.31760716582238
SEC61B,4251,18,1.31760716582238
CXorf58,6377,27,1.31750385649466
RARRES1,12047,51,1.31733373526585
CNBD2,8033,34,1.31706041817069
UPF3B,8035,34,1.31673258732609
TLR8,4019,17,1.31624114694764
SEC61A1,15131,64,1.31618485949486
ALDH5A1,19860,84,1.31614758084514
UPP1,8748,37,1.31612608780867
ASNS,19388,82,1.31608939400287
TIPIN,8039,34,1.31607741499753
SIN3A,31213,132,1.31596084283302
ZMAT4,19627,83,1.31591766766475
CD5,4020,17,1.31591372377676
STEAP2,11588,49,1.31580684536511
ZNF812P,13954,59,1.31570292728786
THAP5,4494,19,1.31560368363136
AOC2,4021,17,1.31558646346246
SKA1,4021,17,1.31558646346246
MTMR12,12063,51,1.31558646346246
ANKDD1B,16560,70,1.31535280573593
ANTXR1,16324,69,1.31530676125084
PBDC1,4022,17,1.31525936588328
ZFP90,12776,54,1.31523514290332
NOMO3,35490,150,1.31519396588498
SNIP1,8045,34,1.31509587808143
COX6A1,4023,17,1.31493243091786
SLC13A3,28161,119,1.31493243091786
M1AP,17751,75,1.31474941832173
MCHR2,4024,17,1.31460565844497
FANK1,21544,91,1.31437593770345
ABHD17B,4262,18,1.31420649035921
HHAT,17048,72,1.31420649035921
YEATS2,19890,84,1.31416244120585
JAK1,26047,110,1.31413361063165
TIFA,8051,34,1.31411580414422
CLEC19A,8052,34,1.31395260049244
LIPH,12078,51,1.31395260049244
XKR5,4026,17,1.31395260049244
KDM4A,15157,64,1.31392710358361
NUDT7,8053,34,1.31378943737304
PAN3,8527,36,1.31374412147554
MEIOB,12083,51,1.31340888096894
TAF9B,4028,17,1.31330019105823
SPACA3,9004,38,1.31326587166578
CAP1,11849,50,1.31308503809767
CDK20,4266,18,1.3129742292337
DSCR4,4029,17,1.3129742292337
TGOLN2,4266,18,1.3129742292337
SFMBT1,9481,40,1.31283574445053
SIM1,9244,39,1.31283219394278
MAML3,5215,22,1.31272246044573
ARFGEF2,24179,102,1.31270271795754
NEK4,12090,51,1.31264842917681
DCP1A,8062,34,1.3123227907672
SLC36A2,8062,34,1.3123227907672
TRMT2B,8062,34,1.3123227907672
MED8,6877,29,1.31221053911927
EDA,12096,51,1.31199731388456
TIMM23B,4032,17,1.31199731388456
TRMT13,8065,34,1.31183463597832
C3orf22,4033,17,1.31167199840877
FUS,14235,60,1.31159069474557
EIF2AK1,14949,63,1.31139328494804
ALDH18A1,12102,51,1.31134684421977
INSIG1,7831,33,1.31129759249607
OXNAD1,8306,35,1.31123539989086
SEC22C,13765,58,1.31116191464195
SCIN,20649,87,1.31106666824396
RNF182,4747,20,1.3110380970229
NPL,13057,55,1.31076197273962
DSCC1,4036,17,1.31069701922264
ZNF253,4036,17,1.31069701922264
NCKAP1L,17094,72,1.31066995715712
SLC24A5,4986,21,1.31060423965024
UBE2D2,21137,89,1.31024106624527
TNR,12350,52,1.31021007296163
KCNU1,8075,34,1.31021007296163
DHRS12,19713,83,1.31017684082869
VPS26B,16628,70,1.30997368673244
MIER3,14253,60,1.30993429732008
PEF1,8553,36,1.30975051137869
USP1,4752,20,1.30965863774573
GTF3A,12594,53,1.30953384892842
BRMS1L,12119,51,1.30950734456207
ZC2HC1C,9268,39,1.30943254216736
CXorf38,4040,17,1.30939929940162
NR1D2,12835,54,1.3091892626204
AP1S2,6418,27,1.30908726906613
PTN,4041,17,1.30907527086923
LRRC37A2,31379,132,1.3089991965119
OVOL2,9272,39,1.30886764460818
TMEM167B,4042,17,1.30875140266763
SLC31A1,4043,17,1.30842769467785
ZNF366,4044,17,1.30810414678105
ARPC3,15464,65,1.30796482160793
FBXL13,20465,86,1.30764919326857
VGLL4,43315,182,1.30748771565892
COA4,6426,27,1.30745753079154
ERICH5,4046,17,1.30745753079154
NCK2,12853,54,1.30735580687255
ARHGEF6,9284,39,1.30717587255569
KIR2DL4,4047,17,1.30713446246172
HPGD,11189,47,1.30710697465673
HLA-DMB,12142,51,1.30702680849512
RHOH,13334,56,1.30686920431901
PBLD,16193,68,1.30673085149943
ZNF429,8097,34,1.30665015921516
DNAH10,25961,109,1.30650064572991
ACTR2,4049,17,1.30648880454003
CTSO,4049,17,1.30648880454003
TCF7L2,32870,138,1.30642333864671
DYNLT1,5955,25,1.30635974948945
SRP54,17151,72,1.30631404860613
POLR3G,7147,30,1.30617696513944
HMOX2,14057,59,1.30606236376003
KCNMA1,66003,277,1.305932233004
KCNH1,20258,85,1.30565040220717
SLC35B3,4290,18,1.30562891886036
SAR1B,17876,75,1.30555588076913
ZNF213,10727,45,1.3053854903307
PASD1,4054,17,1.30487744686299
ZCCHC17,4054,17,1.30487744686299
ZNF681,4054,17,1.30487744686299
PXYLP1,19796,83,1.30468357563427
WDR3,4055,17,1.30455565217819
CCDC51,10262,43,1.30389011597355
ANXA4,28164,118,1.30374369034049
NME6,7161,30,1.30362334448423
DDX25,10982,46,1.30340967465906
GLUD1,34388,144,1.30304712385971
PDSS1,16000,67,1.30304486162512
RCBTB1,16000,67,1.30304486162512
KDM1B,8123,34,1.30246784921398
PIGT,12186,51,1.30230752574657
HSPA9,12666,53,1.30208979104725
ARPC2,28917,121,1.30207704712573
ADCY10,8126,34,1.3019869971899
INIP,4063,17,1.3019869971899
ARHGEF9,33940,142,1.30191027432619
IRGM,5976,25,1.30176912787979
FNTB,20320,85,1.30166662637366
STX16,8607,36,1.30153318506122
PNRC2,8129,34,1.30150650008182
BOLL,9564,40,1.30144246059551
ARL13A,8608,36,1.30138198464474
LRRC72,4065,17,1.30134641318144
YIPF1,4065,17,1.30134641318144
UCHL1,9326,39,1.30128895569452
MEIS1,27741,116,1.30118912476453
MGAT4A,12436,52,1.30114943720457
POLL,10045,42,1.30107968917792
CHAMP1,4066,17,1.30102635749694
FNBP4,27267,114,1.30098425662655
UBFD1,11243,47,1.30082895485494
SKAP1,20101,84,1.30036769093997
ISY1,16035,67,1.30020067265369
ASF1A,4069,17,1.30006713432847
HERC2,44764,187,1.2999219208607
CLTA,4309,18,1.29987191039938
NOX5,13168,55,1.29971287044815
F8,17958,75,1.29959443839119
EXTL3,38311,160,1.29957408505499
TRIP4,20114,84,1.29952724249699
PKD2,20593,86,1.29952123246934
EFHC1,32569,136,1.29938853992018
ADAR,20359,85,1.29917313462905
NUP50,17006,71,1.29915426057365
TMEM178A,12935,54,1.29906796951935
GDF9,5270,22,1.29902232091546
DTNB,49349,206,1.29895292345635
ACAD10,34264,143,1.2986811114569
RRAGC,18930,79,1.29861682482528
BRCC3,5991,25,1.29850981609241
COPS3,25882,108,1.29846566615662
NSMCE4A,12944,54,1.29816472386688
SKIDA1,6473,27,1.29796417316027
TXNL4A,13905,58,1.29796071593286
AMBRA1,20379,85,1.29789812296545
PARP8,5994,25,1.29785991127955
RNF121,16064,67,1.29785344783378
AHCYL1,13187,55,1.29784022734976
MTHFD1,35727,149,1.29775964835921
ELSPBP1,11989,50,1.29775165705391
FAHD2B,4078,17,1.29719793270784
PRPSAP2,28307,118,1.29715749795985
FBXO33,4558,19,1.2971309684597
TPBG,5038,21,1.29707676437001
GK5,14155,59,1.29702003867007
HLA-B,9597,40,1.2969673536663
PHAX,14636,61,1.29691640011148
MASP1,25674,107,1.29686505722277
SMIM19,8638,36,1.29686225096341
CLCA1,4559,19,1.29684644751905
DDX55,15597,65,1.29681143818331
LRIG2,12478,52,1.2967698670521
GNB5,25200,105,1.29656205136828
GP6,12000,50,1.29656205136828
TDRD1,4320,18,1.29656205136828
TGM3,12000,50,1.29656205136828
EML6,28322,118,1.29647049271766
UGT3A2,8402,35,1.2962534196017
FNIP2,20168,84,1.29604774670688
TBC1D21,4082,17,1.29592679313635
TMEM183A,9366,39,1.2957314542822
QRICH1,19454,81,1.29562898522665
PSG5,9607,40,1.29561733039819
ZNF430,4083,17,1.2956093973996
CENPH,8168,34,1.29529215709661
PJA1,4084,17,1.29529215709661
OSMR,12733,53,1.2952383015318
VPS26A,12734,53,1.29513658657173
PHF6,4085,17,1.29497507211323
CPNE4,37248,155,1.29489122398249
AKIP1,4326,18,1.29476376835667
PNPLA4,4326,18,1.29476376835667
FBXO25,20671,86,1.29461761599541
DTWD2,4327,18,1.29446453938316
IQCB1,4087,17,1.29434136764927
DHRS4L2,13706,57,1.2941024998335
TRIM35,8416,35,1.29409710450256
GLRX5,5771,24,1.29409069760549
LSS,11063,46,1.29386649616793
LZTFL1,20684,86,1.29380394218919
DHDDS,12750,53,1.29351131712976
ZNF682,8420,35,1.2934823315313
BCAR3,33924,141,1.293351604124
DDX50,12031,50,1.29322122985781
ATL2,21176,88,1.29313328885993
VTCN1,12033,50,1.29300628408704
PCTP,13238,55,1.2928402385603
ABCC2,14202,59,1.29272768957716
CAV2,10110,42,1.29271468623068
RBM47,18776,78,1.29269501499862
ELMO2,23591,98,1.29265988928752
NDRG3,12037,50,1.29257660683055
PABPC4,18780,78,1.29241968059713
CLEC4C,12281,51,1.29223349147038
EAF2,4094,17,1.29212827786579
ZNF773,12042,50,1.2920399116774
ACOT12,12045,50,1.29171810846154
DCP1B,9877,41,1.29170503042056
PIWIL2,12046,50,1.2916108763423
ETS1,16144,67,1.2914220630576
ZWINT,5542,23,1.29141510710084
PID1,12048,50,1.29139646550625
ZNF611,9158,38,1.29118212584393
CLSPN,12050,50,1.29118212584393
FBXL14,5543,23,1.29118212584393
PRIM1,10122,42,1.29118212584393
FAT3,22656,94,1.29106814437095
CLUAP1,25068,104,1.29097609710197
NMU,8439,35,1.29057011867443
ELAVL2,20736,86,1.29055944927861
PTGER4,5787,24,1.29051277274603
NASP,16156,67,1.29046284884884
STK35,5064,21,1.29041720752293
ATG7,34014,141,1.28992943547664
ZNF549,4101,17,1.28992274313157
N4BP2L1,12305,51,1.28971308482305
EXO5,4344,18,1.28939872511762
CTNNBL1,20032,83,1.28931290251877
LYPD6,8689,36,1.28925033074254
ST3GAL5,39344,163,1.28918024221042
NCAPD2,23173,96,1.28912051368079
SPRED1,4345,18,1.28910197052036
DNAH3,20039,83,1.28886252124637
DMC1,5795,24,1.28873121930652
ZNF197,7969,33,1.28858971600411
CEP89,12075,50,1.28850887092499
JADE1,10144,42,1.28838184915144
TRAPPC10,20047,83,1.28834818492822
CIT,53620,222,1.28834065827866
CCNYL1,12560,52,1.28830369435319
CHRNA7,34305,142,1.28805814635274
UBAP2,33339,138,1.2880450865748
PDE3B,8456,35,1.28797554771683
UNC50,8456,35,1.28797554771683
C20orf96,4349,18,1.28791631683397
GPNMB,23210,96,1.28706547451638
KLHL3,29498,122,1.28698002793624
ZNF214,4111,17,1.2867850084122
POMP,9674,40,1.28664416923046
YWHAE,11851,49,1.28660617028866
ZNF793,14270,59,1.28656752959879
SP140L,25396,105,1.2865555085242
ACYP2,12578,52,1.28646004142758
PRDX1,9193,38,1.2862662796126
WASF1,4355,18,1.2861419200714
EAPP,7259,30,1.28602380077856
DCAF7,14762,61,1.28584666251399
LHFPL1,4116,17,1.28522185849916
XPO6,49879,206,1.28515062089552
GOLGA8A,12350,51,1.28501372540467
ARL2BP,4117,17,1.2849096841347
RDH10,10414,43,1.28485887940471
ANAPC7,25430,105,1.28483537925602
SCRN1,9448,39,1.28448569017856
IRF8,16232,67,1.28442076059647
IDI1,8722,36,1.28437240584979
ECI2,5815,24,1.28429878175086
CISD2,4362,18,1.28407796008963
ZNF674,12846,53,1.28384472157905
CHEK2,17209,71,1.2838292379171
DIRAS3,5090,21,1.28382568544128
QDPR,9696,40,1.28372480333493
PEX11A,4121,17,1.28366250171865
SORT1,23515,97,1.28360470150344
ACBD3,8000,33,1.28359643085459
CA13,8000,33,1.28359643085459
FAM199X,8000,33,1.28359643085459
GEMIN6,8000,33,1.28359643085459
GIPC2,8000,33,1.28359643085459
GOT1,8000,33,1.28359643085459
HS3ST5,8000,33,1.28359643085459
LHX8,8000,33,1.28359643085459
MRGPRX3,8000,33,1.28359643085459
SERPINB12,8000,33,1.28359643085459
ZNF117,8000,33,1.28359643085459
ZPLD1,8000,33,1.28359643085459
CD28,4122,17,1.28335108432377
CLEC3A,8002,33,1.2832756119516
MUC13,16004,66,1.2832756119516
UBAC2,22067,91,1.28322450726801
MED10,7760,32,1.283195432282
MATN3,8003,33,1.28311526263111
CDADC1,4123,17,1.28303981799238
STON1-GTF2A1L,16008,66,1.2829549533779
OSGEP,11401,47,1.28280150332726
KCNG3,8005,33,1.28279468417698
ADAM12,19649,81,1.28277094399711
ZNF331,29601,122,1.28250183656171
AMOTL1,16014,66,1.28247426587195
TIMM17A,8007,33,1.28247426587195
DENND1A,40045,165,1.28215400759605
ZNF280B,8009,33,1.28215400759605
ARPC5,5825,24,1.28209397697532
LY86,4612,19,1.28194339857748
LY9,12137,50,1.2819267213001
PDHA1,12623,52,1.28187391278429
SNTB1,9710,40,1.28187391278429
MDFIC,8982,37,1.28183823381767
ADCY2,24035,99,1.28172724528855
VSTM4,8013,33,1.28151397065228
XIAP,8742,36,1.2814340109611
MAT2A,6314,26,1.28136636055401
MPP1,25986,107,1.28129429227805
FGF9,10929,45,1.28125813475866
ZNF432,9474,39,1.28096060806492
GZF1,10689,44,1.28091451608654
MORC2,30129,124,1.28068261969265
BUD31,11421,47,1.28055511246249
ERO1B,16528,68,1.28024520077022
ZNF217,17015,70,1.28017881063691
C1QBP,12645,52,1.27964368533619
EXPH5,16050,66,1.27959768807934
CELF2,21644,89,1.27954931700362
CENPL,4864,20,1.27950202437659
PHACTR1,43776,180,1.27950202437659
KPNA5,4135,17,1.27931636507438
GNL3L,11433,47,1.27921105041845
TEX30,7541,31,1.27919661347036
ZFAT,59359,244,1.27910971761866
HNRNPH3,10948,45,1.27903454099172
TASP1,8029,33,1.27896020012912
NBPF14,6326,26,1.27893569404648
MGAM2,8031,33,1.27864169428922
FAM217B,9735,40,1.27858199210431
SLC9A7,16063,66,1.27856209261492
ACOX1,12657,52,1.27843046544016
ANKRD31,8033,33,1.27832334704802
ZNF287,8035,33,1.27800515828709
LTA4H,16072,66,1.27784612329974
EPHX4,6576,27,1.27763413820961
SEMA5A,12178,50,1.27761082414348
CHD8,36291,149,1.2775911095569
CSGALNACT1,34592,142,1.2773714937162
GLYR1,23390,96,1.2771607380729
FGFR2,52384,215,1.27715718254816
C8A,12183,50,1.27708648251
NRK,8042,33,1.27689274394886
EFCAB11,10237,42,1.27667729586717
PRDM7,13406,55,1.2766387496689
CALM2,10970,45,1.2764694762787
SNUPN,17311,71,1.27626464995179
SYBU,35110,144,1.27625133851574
CYB5D2,8534,35,1.27620356591206
KCNIP4,24141,99,1.27609934718985
C8B,13657,56,1.27596060411435
EEF2K,8048,33,1.27594078613777
CECR2,20000,82,1.27581705854638
C1S,14880,61,1.27564976021717
THBS1,14637,60,1.27556832272345
CLEC4A,8295,34,1.27546067982702
PTPN11,24398,100,1.27541147769648
CLHC1,12443,51,1.27540942769008
CBY1,8052,33,1.27530693577207
CDKL3,20986,86,1.27518539694278
POLR2M,4393,18,1.27501663143887
E2F6,8298,34,1.27499955882925
DPH7,12203,50,1.27499341280171
MYO10,24164,99,1.27488471861075
MTA3,31734,130,1.27474431217906
THUMPD1,7812,32,1.27465393682903
ANKRD30B,22218,91,1.27450333971929
GPAM,21242,87,1.27446641712502
CERS5,19290,79,1.2743813630867
USP7,37857,155,1.27406049900678
ENO1,9526,39,1.27396817140532
SLC18B1,9526,39,1.27396817140532
RBBP4,9282,38,1.27393297871996
DDX5,10015,41,1.27390619924751
NT5C2,34198,140,1.27388984519487
BFSP1,16122,66,1.27388307242733
DNAJC5B,8061,33,1.27388307242733
PRAMEF26,6107,25,1.27384514625997
OSCP1,18325,75,1.27356709002068
FBXO21,13439,55,1.27350391234923
FAM120AOS,6598,27,1.27337406681819
NUP93,31283,128,1.27322783038818
CSRNP2,8554,35,1.27321969037801
SPEN,23218,95,1.27321969037801
OIT3,4155,17,1.27315840423166
MORC3,20042,82,1.27314345728608
RBBP7,18582,76,1.27269894612837
DTNBP1,16138,66,1.27262008264181
GABPB2,12226,50,1.27259484839026
GRIN2A,35214,144,1.27248209505559
NDUFS1,8315,34,1.27239282491463
RNF114,8071,33,1.27230472640772
ZDHHC4,8071,33,1.27230472640772
RBPMS,40845,167,1.27227829645833
VPS53,68242,279,1.27220472670232
SHTN1,16390,67,1.27203891311787
CNPY2,8807,36,1.27197639648256
ELMOD1,8807,36,1.27197639648256
GBF1,50152,205,1.27195032954457
FMO5,8564,35,1.27173297892264
FERMT1,15660,64,1.27172369789379
XPNPEP1,35237,144,1.27165151673774
TXNIP,6363,26,1.27149885282697
MARVELD2,8321,34,1.27147534420924
LGR5,12237,50,1.27145089616894
KANSL1,40383,165,1.27142255984409
HNRNPA3,7832,32,1.27139894720485
ZNF16,6853,28,1.27139894720485
KCNJ1,8077,33,1.27135959475507
SFTPD,12238,50,1.27134700248564
USP30,18847,77,1.27131462350962
NAT10,13707,56,1.27130619175528
LYG2,5385,22,1.27128089716332
SH3GLB1,8325,34,1.27086442512494
DCLK3,12000,49,1.27063081034091
GEMIN5,12000,49,1.27063081034091
GOLGA5,12000,49,1.27063081034091
MOXD1,12000,49,1.27063081034091
YIPF4,8327,34,1.27055918568093
CRTAM,10288,42,1.27034851067187
CCR9,6124,25,1.2703089987279
APBB1IP,8084,33,1.27025871435388
AP3M1,8085,33,1.27010160134035
TTI1,12005,49,1.27010160134035
XRCC6,8820,36,1.27010160134035
FCRL2,10536,43,1.26998105259307
ZFX,10294,42,1.26960807050634
ORC6,9315,38,1.26941985061499
MXD1,8091,33,1.26915973882545
NPC1,27951,114,1.26914735520862
NOMO2,15692,64,1.26913032813005
FBXW8,12015,49,1.26904450471002
SIRT4,9564,39,1.26890639908062
TRIM68,8093,33,1.26884609500021
OSBPL3,25506,104,1.26880690042155
TMEM200A,12264,50,1.26865171366759
PHF8,37532,153,1.26851109789628
OTUD7B,12756,52,1.2685084980461
TFCP2,8342,34,1.26827455516245
LMAN2L,12023,49,1.26820009349504
BMPER,22574,92,1.26818862825425
RAB31,28721,117,1.26762516633896
CFLAR,26024,106,1.26746613075657
FMNL2,12276,50,1.26741158491523
HIVEP1,15959,65,1.26739570156934
AUH,12031,49,1.26735680526065
SLC35D2,12033,49,1.2671461584053
XRRA1,25049,102,1.26711002505072
CIAPIN1,14244,58,1.26706990698163
ZNF525,12036,49,1.26683031938276
TMEM231,13021,53,1.26659006938057
TRIO,62162,253,1.26648511565075
SEC16B,20639,84,1.26647080554215
HERC5,12777,52,1.2664236049993
DPYSL3,17692,72,1.26636854214582
FDFT1,22116,90,1.26631128185724
PPP1R9A,6881,28,1.2662254011328
AFG3L2,21626,88,1.2662254011328
PDZD2,42270,172,1.26619544548101
AKAP14,8356,34,1.26614963369616
COG7,12289,50,1.26607084518019
SP140,24579,100,1.26601933491349
KCNA4,4671,19,1.26575100711611
COG4,20161,82,1.26562874713197
PLA2G12A,8114,33,1.26556216993305
WIPF1,24590,100,1.26545299848876
HINT1,8853,36,1.26536723413779
PCDH7,12051,49,1.265253483038
NAA25,12053,49,1.26504353472919
PTGER3,4183,17,1.26463618684737
TARBP1,24852,101,1.26463319351227
CLEC5A,8120,33,1.26462702547251
CHCHD3,12058,49,1.26451896865906
PLAC1,12059,49,1.26441410764499
ZNF148,13045,53,1.26425981551587
BMPR2,9107,37,1.26424409972003
DCLRE1C,15015,61,1.26418038175368
PHLPP2,19692,80,1.2641677527052
AP4E1,8123,33,1.26415997129592
ZBTB49,8123,33,1.26415997129592
PAG1,16000,65,1.26414800008407
ZNF827,46526,189,1.26406857778586
CYP3A4,12064,49,1.26389006333645
SCYL3,8371,34,1.26388081939614
WDR44,8126,33,1.26369326197843
PIGU,16007,65,1.26359517719405
DKC1,16256,66,1.26338231383326
INO80D,8129,33,1.26322689713824
TOM1L1,16258,66,1.26322689713824
DSG2,8622,35,1.26317805978816
ZNF782,17491,71,1.26313060175607
DPM3,4188,17,1.26312635376852
KIAA1958,4188,17,1.26312635376852
FCRL6,5913,24,1.26301326160684
LRRIQ4,4189,17,1.2628248196664
POLH,4189,17,1.2628248196664
AMFR,22179,90,1.2627142932303
FCRL1,14294,58,1.26263773296813
GATC,8133,33,1.26260561254601
PDE1C,33029,134,1.26244922861739
PRSS23,16023,65,1.26233339582757
PPP2R5E,12079,49,1.2623205334954
CCR3,12080,49,1.26221603676249
PAQR9,5424,22,1.26214005000452
RAD51,10357,42,1.26188524454883
RNF34,12084,49,1.26179822278144
TBC1D22A,9125,37,1.26175024834524
FAN1,13318,54,1.26170927960151
CPVL,21211,86,1.26165860828067
ANTXR2,14059,57,1.2616095641737
LANCL2,16774,68,1.26146969585849
NR1H4,8387,34,1.26146969585849
LYVE1,8141,33,1.26136487493388
CR1,4194,17,1.26131930605211
RBSN,12582,51,1.26131930605211
ZNF300,4194,17,1.26131930605211
AGBL2,13077,53,1.26116611557731
LRP12,10118,41,1.2609379902613
TEAD1,13082,53,1.26068409214222
PPP3CC,16546,67,1.26004579874301
DACH1,8892,36,1.25981737784772
NF2,4446,18,1.25981737784772
TMEM87B,16059,65,1.25950358063049
ZNF763,16062,65,1.25926833528484
PTDSS1,16065,65,1.25903317779926
SLC3A1,20269,82,1.25888505456252
SPPL3,22494,91,1.25886526193132
GCNT1,16070,65,1.25864144376759
VEZF1,9395,38,1.25861052777846
SLC15A4,20030,81,1.25837075779327
CHST4,5193,21,1.25836178295708
CLIP1,44514,180,1.25828909150176
TAGAP,8161,33,1.25827367318181
SLC19A3,16820,68,1.25801977873545
ZNF12,8411,34,1.25787021033945
CLVS2,4454,18,1.25755457160102
GIT2,28209,114,1.25753971163232
CD3E,8169,33,1.25704143063248
ALPK1,22777,92,1.25688589780092
DNAJC7,29464,119,1.25678157029181
RPA1,20303,82,1.25677688868284
NDUFA2,4457,18,1.2567081135093
ASH1L,21546,87,1.25648452764177
PTRH2,4211,17,1.25622730220436
MTMR1,20560,83,1.25620214315448
SATB2,36417,147,1.25608120307199
PPFIA1,49803,201,1.25587119968688
COPS7B,17841,72,1.25579240219964
ATPAF1,19082,77,1.25565803947625
MKRN2,12393,50,1.25544618868872
HAVCR2,17846,72,1.25544056077798
MBTD1,19334,78,1.25538644882663
NELL1,25790,104,1.25483477325134
EIF3J,14880,60,1.25473746906607
CCDC190,13392,54,1.25473746906607
TPTE2,12154,49,1.25453099589361
LBR,20093,81,1.25442523657987
SCMH1,30269,122,1.25419858152113
TRAPPC6B,4218,17,1.25414252479435
STARD7,13151,53,1.25406959876849
CCDC73,12159,49,1.25401511013167
ACAA2,10422,42,1.25401511013167
GLI3,20844,84,1.25401511013167
R3HCC1L,8437,34,1.25399387687153
POTEH,4220,17,1.25354814445084
PGM1,12661,51,1.25344913583032
NPR3,10924,44,1.25335914156435
HTR4,16389,66,1.25312971466676
AQP8,5216,21,1.25281302509511
IL1R2,21364,86,1.25262313893658
C9orf153,9440,38,1.25261079538969
ADGRG2,12176,49,1.25226426774728
KIF13A,14661,59,1.25225555196609
SNAP23,19880,80,1.2522128463919
PCDH17,8948,36,1.25193295974764
SMIM23,11434,46,1.25188429658088
RUVBL1,20139,81,1.2515599721237
STAU2,16907,68,1.25154626357901
UMPS,9449,38,1.25141770647462
MEIS2,38543,155,1.25138438395817
WDR37,22629,91,1.25135512845831
TXNDC12,13678,55,1.2512515775743
PEX14,10694,43,1.25121753975319
TMEM50B,14922,60,1.25120583967988
ARMCX5,5969,24,1.25116391621398
DDIT4L,4478,18,1.25081466322263
TRA2A,8956,36,1.25081466322263
NT5DC3,25625,103,1.25077127452971
BIVM-ERCC5,8212,33,1.2504592604526
CHKA,20904,84,1.25041575562497
FRMD3,24145,97,1.25011242724595
ADTRP,23399,94,1.25007222013198
LPCAT3,12198,49,1.25000571602647
LIMS1,40840,164,1.24957596331673
TMEM100,9463,38,1.24956630122357
HGF,8467,34,1.24955076640665
AMMECR1,8468,34,1.24940320490849
CHN2,36866,148,1.24922378518421
B3GNT5,9470,38,1.2486426513705
PRLR,27414,110,1.24860429547394
CHSY1,17697,71,1.2484272676338
HUWE1,42374,170,1.24840071024273
MYT1L,62814,252,1.24838527823022
ZNF462,29417,118,1.24821148637691
NEMP2,24681,99,1.24817934202464
CASD1,10971,44,1.24798972404056
COL15A1,8728,35,1.2478369880263
BBIP1,4988,20,1.24769403499754
SLC25A3,11474,46,1.24752004942529
SAMD12,16219,65,1.24707861158796
ZNF268,12477,50,1.2469940383441
CEP85L,20963,84,1.24689648216307
FGF14,12478,50,1.24689410293471
SYCP2L,20716,83,1.24674242437034
RABL3,8488,34,1.24645927652747
TUBGCP4,22969,92,1.24637947208026
SRSF3,8239,33,1.24636138449287
FAM9C,5494,22,1.24605890630224
SIRT3,10239,41,1.24603677951595
ZMYND12,8242,33,1.24590772225634
FAM228A,10490,42,1.24588612753024
SESN3,5495,22,1.2458321439899
CDH11,24229,97,1.24577838771115
LMO2,12993,52,1.24537015324221
M6PR,11244,45,1.24536376332065
RND3,17491,70,1.24534002990035
SURF2,4498,18,1.24525301509803
A4GNT,4000,16,1.24469956931354
ADO,4000,16,1.24469956931354
APOBEC4,4000,16,1.24469956931354
BLOC1S5-TXNDC5,4000,16,1.24469956931354
C11orf42,4000,16,1.24469956931354
C18orf63,4000,16,1.24469956931354
C1QL3,4000,16,1.24469956931354
C8orf48,4000,16,1.24469956931354
CCDC71L,4000,16,1.24469956931354
CCDC89,4000,16,1.24469956931354
CH25H,4000,16,1.24469956931354
CLRN2,4000,16,1.24469956931354
CREG1,4000,16,1.24469956931354
CSGALNACT2,4000,16,1.24469956931354
CT55,4000,16,1.24469956931354
DCAF4L1,4000,16,1.24469956931354
DPRX,8000,32,1.24469956931354
FAM43A,4000,16,1.24469956931354
GBP6,4000,16,1.24469956931354
GDF3,4000,16,1.24469956931354
GJC3,4000,16,1.24469956931354
GLT6D1,4000,16,1.24469956931354
GLUD2,4000,16,1.24469956931354
GNG10,4000,16,1.24469956931354
HEPHL1,4000,16,1.24469956931354
HTR1E,4000,16,1.24469956931354
KRT28,4000,16,1.24469956931354
LIN28B,12000,48,1.24469956931354
LRP2,24000,96,1.24469956931354
LSM3,4000,16,1.24469956931354
LYN,12000,48,1.24469956931354
MAP1LC3B2,8000,32,1.24469956931354
MCM6,12000,48,1.24469956931354
MSH4,4000,16,1.24469956931354
MUC21,4000,16,1.24469956931354
NKX2-6,4000,16,1.24469956931354
NOBOX,8000,32,1.24469956931354
OLFM4,4000,16,1.24469956931354
P2RY1,4000,16,1.24469956931354
PAPPA,12000,48,1.24469956931354
PLA2G12B,4000,16,1.24469956931354
PODXL2,4000,16,1.24469956931354
PTCHD3,4000,16,1.24469956931354
PTGFRN,8000,32,1.24469956931354
R3HDML,4000,16,1.24469956931354
RAB6C,4000,16,1.24469956931354
RNF122,4000,16,1.24469956931354
RRP1B,8000,32,1.24469956931354
S100A11,8000,32,1.24469956931354
SERPIND1,8000,32,1.24469956931354
SHISA3,4000,16,1.24469956931354
SLC28A2,12000,48,1.24469956931354
SLC38A1,14250,57,1.24469956931354
SPATA31D3,4000,16,1.24469956931354
SPRYD4,4000,16,1.24469956931354
TARM1,8000,32,1.24469956931354
TFB2M,4000,16,1.24469956931354
TIFAB,4000,16,1.24469956931354
TIMM22,4000,16,1.24469956931354
TIMP4,4000,16,1.24469956931354
TMEM252,4000,16,1.24469956931354
TSPYL1,4000,16,1.24469956931354
VEGFC,8000,32,1.24469956931354
ZFP91-CNTF,8000,32,1.24469956931354
ZNF157,4000,16,1.24469956931354
ZNF22,4000,16,1.24469956931354
ZNF57,12000,48,1.24469956931354
ZNF622,4000,16,1.24469956931354
ZNF705G,4000,16,1.24469956931354
ZNF80,4000,16,1.24469956931354
ZNF830,4000,16,1.24469956931354
UBE3B,20253,81,1.24451519669181
NRIP1,9002,36,1.24442303086224
PRB4,4001,16,1.2443884721955
COQ3,8004,32,1.24407753054827
TNFSF8,8004,32,1.24407753054827
NT5E,12507,50,1.24400292767405
DAP3,23264,93,1.24395052383683
SLC14A2,8005,32,1.2439221179898
SUCLG2,8005,32,1.2439221179898
SPOCK1,28771,115,1.24379106106025
MED11,4003,16,1.24376674425535
ERLIN1,4004,16,1.24345611320034
MED1,8009,32,1.24330085585071
UBA2,20524,82,1.24324406406781
LYZ,4005,16,1.24314563726696
ZNF490,8010,32,1.24314563726696
EDDM3A,8511,34,1.2430908634902
P4HA3,12016,48,1.24304217974056
SARAF,11766,47,1.24300696408585
PIWIL4,13769,55,1.24298199419429
TMOD3,16025,64,1.24275776031305
C6orf52,8264,33,1.24259093015933
BCL2L10,4007,16,1.24252515030052
KLHL25,4007,16,1.24252515030052
NOCT,8015,32,1.24237012532855
TMBIM4,8516,34,1.24236100741723
ALG1,8767,35,1.24228598511389
ZBTB40,8016,32,1.24221513903547
TMEM39A,14780,59,1.24217311551927
PRKCH,69642,278,1.24216162757088
MCEE,12025,48,1.24211183632121
CRTAP,5261,21,1.24209708019314
PHOSPHO2,4760,19,1.24208465425196
FAXDC2,21047,84,1.24192003399936
STAT1,21801,87,1.24178779104489
ASAP2,20047,80,1.24178138306335
MAGOH,8019,32,1.24175041208484
DYRK4,27566,110,1.24171944265118
ACYP1,8020,32,1.24159558036264
CD84,8020,32,1.24159558036264
CHRNB3,4010,16,1.24159558036264
FAM135B,24060,96,1.24159558036264
ZNF534,6266,25,1.24152127484993
AADAT,7269,29,1.24144612429814
SLC7A13,8021,32,1.24144078724702
BAMBI,4011,16,1.24128603272355
RP9,8022,32,1.24128603272355
WDR76,8022,32,1.24128603272355
GNG2,21065,84,1.24085881583596
PRR11,8025,32,1.24082200056179
PRUNE2,32106,128,1.24059011455907
PRMT2,17308,69,1.24052851690887
WDR59,50423,201,1.24042903750284
HMHB1,4014,16,1.24035831521031
IQCF2,4014,16,1.24035831521031
URM1,4014,16,1.24035831521031
TSHZ1,12042,48,1.24035831521031
RAD54L2,11792,47,1.24026627708906
ZNF440,9536,38,1.24000061959718
ADAMTS20,8282,33,1.2398902978552
KNSTRN,8534,34,1.239740606886
NMT2,16065,64,1.23966343660235
MKRN1,10041,40,1.23961713904347
PPP2R3C,16568,66,1.23959095205658
TLR1,8789,35,1.23917638314865
SDR42E2,4018,16,1.23912351350278
ZHX1,9544,38,1.23896122259835
IGFBP3,10549,42,1.23891795220326
KPNB1,29389,117,1.23881256260578
POGZ,21353,85,1.23869553917074
FAM47E,20097,80,1.23869191353291
HAUS2,8039,32,1.23866109646826
GOT2,8040,32,1.23850703414283
PLPP5,6784,27,1.23846139340602
UBE3C,20355,81,1.23827886409232
GPR89B,34680,138,1.2382391909261
HSDL2,8042,32,1.23819902443526
ANKFY1,28148,112,1.23815503555419
RERE,48256,192,1.23809638857448
LCA5L,16086,64,1.23804507702454
KCNK2,9804,39,1.23784381893177
CDH20,16843,67,1.23782685899198
PDZRN3,35699,142,1.23776113366287
SLC26A8,9302,37,1.23774145518709
PARN,29666,118,1.2377346893666
COIL,4274,17,1.23771014730523
MAP7,13074,52,1.23765445931437
CLCN4,9557,38,1.23727591383056
LRCH2,4024,16,1.23727591383056
LRRN4,8048,32,1.23727591383056
RCAN3,16599,66,1.23727591383056
NRDE2,21882,87,1.2371910991943
ERCC3,19369,77,1.23705233668675
MEMO1,16855,67,1.23694558208258
TRAF3IP3,19624,78,1.23683456999664
EIF2B5,11070,44,1.23682884032963
LAMC2,12077,48,1.23676366910346
PNPLA8,14090,56,1.23674903977215
PPP4R2,8555,34,1.23669740960434
DCLK2,12583,50,1.23648928049108
RECK,4027,16,1.23635417860794
CFI,12589,50,1.23589996158704
HILPDA,4029,16,1.23574045104348
DOCK5,32737,130,1.23568854820815
COCH,10073,40,1.23567911179742
EXOSC7,13851,55,1.23562335413048
NBPF15,6296,25,1.23560551273978
REEP5,4785,19,1.23559518374908
FRMD4A,46345,184,1.23543381569583
PLA2G2D,4030,16,1.23543381569583
GALNT8,16624,66,1.23541523662617
PGM2,8061,32,1.23528055508105
SPHKAP,8061,32,1.23528055508105
CFAP57,12092,48,1.23522947665916
FKBP7,4283,17,1.23510930879817
RPRD1B,17890,71,1.23495904725072
CSNK1G1,30489,121,1.23494250292678
TPRKB,8065,32,1.23466789268547
AGPAT4,12098,48,1.23461686491672
TP53BP1,32262,128,1.23459135261402
DDX43,8066,32,1.23451482203178
VAMP7,8066,32,1.23451482203178
WWOX,16386,65,1.23436885154065
LCMT1,20420,81,1.23433723205677
TERF2,21430,85,1.2342447899166
MELK,8068,32,1.23420879455979
UBE2E3,15633,62,1.23411010838354
RBM34,8321,33,1.23407901055603
CEP97,9332,37,1.23376243207783
LGALS3,12864,51,1.23366911604071
CDKN2AIP,4541,18,1.23346136575885
ARL17A,8073,32,1.23344438926153
MCMBP,12867,51,1.23338148043427
ZNF317,10092,40,1.23335272425044
FNDC3B,24978,99,1.23333791098207
CUL1,10093,40,1.23323052542707
TACC1,36596,145,1.23293145118636
HGD,16659,66,1.23281967066892
ZNF639,10603,42,1.23260826914951
PBX3,15151,60,1.23229447163244
EIF5,10860,43,1.23209211511239
TRNAU1AP,8587,34,1.23208877828871
MIEN1,4041,16,1.23207084317104
DAW1,8588,34,1.23194531196613
GLT8D2,16166,64,1.23191841575014
GPBP1L1,24502,97,1.2318979901989
ARHGAP17,33091,131,1.23187304387956
PIP5K1A,28545,113,1.23183614759529
COX7A2L,17179,68,1.23173017511673
SRPK2,32844,130,1.23166289132536
ACBD7,4295,17,1.23165847953028
B4GALT4,11875,47,1.23159746858393
EIF4H,12128,48,1.23156289839731
POLA2,18192,72,1.23156289839731
C10orf55,4043,16,1.2314613596968
CPPED1,4043,16,1.2314613596968
CACHD1,16678,66,1.23141521127674
TMSB15B,8339,33,1.23141521127674
SLC25A30,10108,40,1.23140044451281
ANKHD1-EIF4EBP3,8088,32,1.23115684402922
ABHD17C,13902,55,1.23109042425991
IRF6,12134,48,1.23095391723772
CRIP3,10365,41,1.2308895885638
PDK1,17192,68,1.23079878305783
HTR5A,9103,36,1.23061585453388
DIS3L,14163,56,1.23037449483793
DCAF16,4047,16,1.23024419996397
FSHR,8094,32,1.23024419996397
ZDHHC13,12141,48,1.23024419996397
UBR7,14675,58,1.22985647393843
NXPE3,14170,56,1.22976668810089
TARDBP,16449,65,1.22964119407533
PAFAH1B2,8098,32,1.22963652192002
RBBP5,4049,16,1.22963652192002
ZNF33A,4049,16,1.22963652192002
EIF3L,20752,82,1.22958467477485
OTOA,20246,80,1.22957578713182
PSMG2,29357,116,1.22956322206264
CFDP1,25311,100,1.22940576163876
PPIH,12910,51,1.22927339339641
CHMP4A,9113,36,1.22926545855612
ANKRD55,12404,49,1.22924618865615
KCNMB3,17215,68,1.22915438154692
ZNF426,6076,24,1.22913058194228
ZNF107,13925,55,1.22905702535449
CNIH1,4051,16,1.22902944390377
SRSF10,9875,39,1.22894387856274
ACSL5,15955,63,1.22870687663355
TYMS,8611,34,1.22865478331961
EIF2B1,5319,21,1.22855287439295
KIR3DX1,6586,26,1.22844628006955
OPN3,12159,48,1.22842296502694
ZNF805,4053,16,1.22842296502694
HNRNPH1,16726,66,1.22788131613497
DNAJB6,24329,96,1.22786755162666
PAK1,33965,134,1.22765893042849
SIGLECL1,16223,64,1.22759003322546
DCTN6,4056,16,1.22751436815931
PHF10,9635,38,1.22725956496924
TMEM126B,4057,16,1.2272118011472
TATDN3,11157,44,1.22718430245129
ZSCAN25,8115,32,1.2270605735685
ZNF620,8116,32,1.22690938325633
SH3YL1,22573,89,1.22688900089604
FAM228B,19276,76,1.22687755846427
RINT1,12682,50,1.22683682513951
TEK,4312,17,1.22680268311284
SAMM50,15984,63,1.22647761615918
SLC37A3,32732,129,1.22637055818043
FBXL4,4060,16,1.22630499439758
CTNNA1,62933,248,1.22624653675242
FCGR1A,10912,43,1.22622070840548
DGKH,18527,73,1.22608987639511
F3,8122,32,1.2260030232096
NDUFA10,12437,49,1.22598454000892
NBPF19,10915,43,1.22588368026758
UTP4,21324,84,1.22578742053951
KNTC1,31481,124,1.22568173338585
TCTN1,26150,103,1.22566018775617
RAPH1,9902,39,1.22559289040669
DOK5,8125,32,1.22555034517026
ANO10,12950,51,1.22547640994191
EPCAM,12189,48,1.22539952676696
NUDT2,4063,16,1.22539952676696
CDC14A,21331,84,1.22538516504545
KIF11,9397,37,1.22522837247529
CHD1L,17274,68,1.22495615829167
TRIM27,13210,52,1.22491252089902
TYW3,17530,69,1.22481845810945
RNF180,4319,17,1.22481434813211
LIMS3,7114,28,1.22475358240017
LAP3,11688,46,1.22467873435196
GTF2A2,4066,16,1.22449539529124
HLA-DQB2,4066,16,1.22449539529124
UGCG,8387,33,1.2243676459803
ATP6V1G1,8133,32,1.22434483640826
PRPS2,8133,32,1.22434483640826
PPP4R3A,17032,67,1.22409099260227
FOXJ2,8644,34,1.22396417621068
SNRPA1,11695,46,1.22394570731986
CDKL4,4068,16,1.22389338182256
LPIN2,19323,76,1.22389338182256
DNAJB9,5848,23,1.22384106079906
IDH1,13476,53,1.22382526665216
TIAM2,40685,160,1.22374297093626
GPHB5,5086,20,1.22365274214859
PARP1,33826,133,1.22350442498892
CSTF1,4324,17,1.22339805031974
CNST,4070,16,1.22329196001331
NEDD8-MDP1,4070,16,1.22329196001331
RFPL3S,16280,64,1.22329196001331
SEC11A,8397,33,1.22290954469891
NRG1,31044,122,1.22288805772655
NFX1,16033,63,1.22272925944541
SLC25A17,8144,32,1.22269112899169
GLG1,28505,112,1.22264823507382
NOSTRIN,27742,109,1.22262501852044
SIMC1,16289,64,1.22261606661039
PSMD11,16800,66,1.22247279129009
FAR1,12220,48,1.22229090276289
GTPBP8,4583,18,1.22215755223892
ZZEF1,28518,112,1.22209088788762
TMEM62,25209,99,1.22203634973661
TFRC,28521,112,1.22196234145995
LAMA1,24447,96,1.22194091968442
ZNF670-ZNF695,4075,16,1.22179098828323
AMACR,4076,16,1.22149123583272
TIMM8B,4076,16,1.22149123583272
CTSK,11466,45,1.22125153975034
TMEFF2,8409,33,1.22116440086059
TEKT1,10193,40,1.22113172698278
CPSF2,9174,36,1.2210917946176
KIF9,13253,52,1.22093823293413
NUP43,7137,28,1.22080663937156
NEDD4L,92273,362,1.22078301369714
ENPP2,16059,63,1.2207496243034
POPDC2,16059,63,1.2207496243034
RNF135,8157,32,1.22074249779433
CATSPER2,11471,45,1.22071921844454
NDUFAF2,8158,32,1.22059286032218
SDHD,4079,16,1.22059286032218
GTF2H2C,9178,36,1.22055961253235
TMX4,8159,32,1.22044325953038
ZNF585B,16065,63,1.22029369540544
NPIPB5,33406,131,1.22025716622818
SMN2,15301,60,1.22021394286015
DUSP11,4591,18,1.22002789412131
CENPO,8417,33,1.22000373610987
HPR,4081,16,1.21999467710222
HEATR3,16840,66,1.21956905544379
MCPH1,33680,132,1.21956905544379
UBE2Q2,16840,66,1.21956905544379
PRKAR2A,23730,93,1.21952233403034
TRIM59,4849,19,1.21928706006173
TAC1,5870,23,1.2192542629562
TBC1D25,4084,16,1.21909850079681
ZSCAN9,6126,24,1.21909850079681
SLC22A2,16082,63,1.21900374435321
MRFAP1,4595,18,1.2189658459001
EPDR1,8680,34,1.21888782709276
METTL17,9957,39,1.21882301906268
C11orf24,4085,16,1.21880006787128
ANOS1,12000,47,1.21876832828618
CMYA5,12000,47,1.21876832828618
RAI14,24256,95,1.21873411820567
RYR3,65879,258,1.21864512546826
SLAMF1,4086,16,1.21850178102158
ATMIN,8683,34,1.21846669804965
GALNT5,8683,34,1.21846669804965
VPS37B,12003,47,1.21846371235809
PITHD1,8939,35,1.21838250715891
SYT10,8173,32,1.21835269234166
OLFML3,5109,20,1.21814402947107
SGCD,12773,50,1.21809634513578
TRAPPC2,12264,48,1.21790564512088
CCNE2,10220,40,1.21790564512088
CASP10,4344,17,1.21776546261109
TFIP11,18400,72,1.21764088302412
APOH,12778,50,1.21761970702921
CRLF2,8178,32,1.21760779585575
ATP6V1A,12524,49,1.21746803929183
ESCO1,8180,32,1.21731009223819
GAB3,12526,49,1.2172736487379
SYNPR,16618,65,1.21713611754393
FAM234B,13041,51,1.21692504476249
TAF12,16110,63,1.21688505379816
MORN2,4092,16,1.21671512151862
FEZ1,25577,100,1.21661998017119
RBM46,4604,18,1.21658298477649
AREL1,17393,68,1.21657521292073
NR2C2,23277,91,1.21651910477652
ZNF350,8186,32,1.21641785420332
ACAT1,26094,102,1.2163654103432
CELF1,40165,157,1.21634403325175
SNX25,24563,96,1.21617024237777
ZNF676,12026,47,1.21613337264545
EIF2AK4,25078,98,1.21601162166767
CD80,5886,23,1.21593994623732
ZC4H2,8190,32,1.21582375512923
AFF2,8450,33,1.21523922447772
ABI1,8195,32,1.21508194685886
AAR2,4354,17,1.21496857362944
RRAGB,16136,63,1.21492428214479
ATG3,9990,39,1.21479687695766
ASCC1,33560,131,1.21465765479793
APOO,21521,84,1.2145667466932
CCNI,13835,54,1.21456047601972
MAPK8,18961,74,1.21443710945101
CLDN16,12043,47,1.21441666855718
MAGEB1,7431,29,1.21438189712329
ECT2L,8200,32,1.21434104323273
RIT1,4613,18,1.21420942161521
SPIN3,12559,49,1.21407514325113
PDP1,11023,43,1.21387284497148
LRRC31,4102,16,1.21374897056416
NCAM1,36407,142,1.2136906284679
TAB3,20000,78,1.21358208008071
HLA-DQB1,9745,38,1.21340645546215
C5orf24,12566,49,1.21339883209382
TPRXL,22568,88,1.2133724975584
MCOLN3,12054,47,1.21330844030481
DIRC3,36677,143,1.21324016694275
TRIM69,16160,63,1.21311993915151
PDE8A,28475,111,1.21300835991048
ALG6,16162,63,1.21296981912439
PTPRG,12571,49,1.2129162138327
CPLX4,4105,16,1.21286194330187
TLN2,40024,156,1.21285436746023
PRDX4,11289,44,1.21283508392674
NCL,15141,59,1.21255654496894
ENOX1,12064,47,1.21230271381251
PLAGL1,21048,82,1.21229291005928
CYP19A1,27209,106,1.21226574246789
PARP14,20022,78,1.21224860661343
IL18RAP,8471,33,1.21222659034786
ABHD3,13092,51,1.21218450265412
UBE2A,14635,57,1.21195550821442
ELAC2,22082,86,1.21189388371711
CMAS,12069,47,1.21180047555176
DNAJA2,8731,34,1.21176799211604
CACNB4,27992,109,1.21170560387947
AGGF1,5651,22,1.21144003383905
CDH13,12074,47,1.21129865325776
SUV39H2,6680,26,1.21115976055959
NRXN3,42393,165,1.21113998146354
CRYBB2,8479,33,1.21108284548139
GNAL,18502,72,1.21092812926407
PRPF4,7454,29,1.21063481050754
GPALPP1,12082,47,1.2104966015092
PDK3,9256,36,1.21027399782
COX10,4114,16,1.21020862354258
FYTTD1,12857,50,1.21013802725514
CYP3A5,14400,56,1.21012458127706
TRIM40,4886,19,1.21005381789589
TSGA13,4887,19,1.20980621122147
TRPM6,8747,34,1.2095514278227
RASGEF1B,12867,50,1.20919752983751
ACE2,21617,84,1.20917291740688
LACTB,8750,34,1.20913672447601
ATP2A2,27026,105,1.20896039719087
LONP2,20851,81,1.20882289955394
KLF7,17763,69,1.20875232622072
SPATA18,8238,32,1.20873956718965
RPE65,5149,20,1.20868087911589
AMPD1,14675,57,1.20865205197397
RABEP1,16222,63,1.20848343093875
ERVFRD-1,4120,16,1.20844618379956
PPHLN1,24464,95,1.20837208842367
STK17B,8756,34,1.20830817030209
RGS7BP,8242,32,1.20815294279403
EIF4ENIF1,26529,103,1.20815009649153
CCDC149,19060,74,1.2081291727335
ACTR3C,37348,145,1.20810644178044
DPP8,24220,94,1.20769776543635
MDM4,12111,47,1.20759804635737
PIGC,4123,16,1.20756688752224
TMEM140,4123,16,1.20756688752224
TSPAN12,9278,36,1.20740419528152
CRHBP,12372,48,1.20727407304902
FBXO22,8249,32,1.20712771905787
DNAJC15,4383,17,1.20692976718744
HP1BP3,19080,74,1.20686278995286
FAAH2,12121,47,1.20660176053413
HRG,6964,27,1.20645061643688
LRRC37A3,28114,109,1.20644743771054
MYOM1,25278,98,1.20639051539607
ZNF2,4385,17,1.20637928610777
SGPL1,20897,81,1.20616195045218
SPP1,7740,30,1.20610423383095
ITIH5,27350,106,1.20601603608076
COL25A1,12385,48,1.20600684955693
NAT2,8515,33,1.20596258917636
RGS6,41032,159,1.20581029148502
BTC,8000,31,1.2058027077725
C1orf74,8000,31,1.2058027077725
CNNM1,8000,31,1.2058027077725
FREM2,8000,31,1.2058027077725
MFAP1,8000,31,1.2058027077725
PCDH20,8000,31,1.2058027077725
PPTC7,8000,31,1.2058027077725
REEP3,8000,31,1.2058027077725
SLC35F3,8000,31,1.2058027077725
SLX4IP,8000,31,1.2058027077725
TRIM44,8000,31,1.2058027077725
WHAMM,8000,31,1.2058027077725
ZFP14,8000,31,1.2058027077725
ZNF679,8000,31,1.2058027077725
SPRTN,10323,40,1.20575372402746
ZNF230,7743,30,1.20563693269425
ZNF776,15229,59,1.20554984879997
SUGT1,4130,16,1.20552016398406
PAPPA2,16004,62,1.20550133243939
ST6GALNAC5,8002,31,1.20550133243939
PPP6R3,39238,152,1.20542799413616
FOXJ3,20912,81,1.20529678072873
GPAT3,12393,48,1.20522834114117
CDR2,12653,49,1.20505569620572
PDZK1,13688,53,1.20487063803364
MBOAT2,21437,83,1.20481019094351
WSCD2,18855,73,1.20476091964848
PPP1R21,16531,64,1.20471799098764
RACGAP1,25056,97,1.20466014351267
BTF3L4,4133,16,1.20464511910336
LEPR,16016,62,1.20459810966283
SH3D19,30224,117,1.20458782432574
C4orf17,8009,31,1.20444770410538
GSTA4,9043,35,1.20437036729996
CHST9,8010,31,1.20429733610237
GRIA3,12407,48,1.20386836719292
OSGIN2,4912,19,1.20364880990214
PKIA,8015,31,1.20354605891204
SUB1,17582,68,1.20349747914516
TRAF6,8016,31,1.20339591594061
REPS2,12412,48,1.20338340571725
SPATA9,12412,48,1.20338340571725
RBMX2,8018,31,1.2030957423522
ELMO1,36472,141,1.20299571776438
TRIML1,8020,31,1.20279571847631
DUSP14,9573,37,1.2027024982921
RAB10,8023,31,1.2023459631285
CDC23,12165,47,1.20223756181127
AMD1,17344,67,1.20207090555823
MTIF3,9320,36,1.20196310341437
OARD1,8803,34,1.20185690550552
SLC18A1,14242,55,1.20170053911398
HYDIN,61633,238,1.20162290289546
EIF1B,4921,19,1.20144746072736
GSPT1,15540,60,1.20144746072736
ZNF649,8029,31,1.20144746072736
PGK1,18133,70,1.20124868819208
C4BPA,4145,16,1.20115760609268
DPT,8031,31,1.20114825827169
NRG3,14767,57,1.20112201955157
PTCD2,8032,31,1.20099871292081
TRMO,8032,31,1.20099871292081
SPACA7,8033,31,1.20084920480268
TXNDC9,11143,43,1.20080053577318
GINS1,23842,92,1.2007419719072
ZNF461,8034,31,1.20069973390341
ZFAND3,20215,78,1.20067482570438
TANGO6,32915,127,1.2006444273342
SCN8A,33955,131,1.2005274891774
TTC12,27994,108,1.20050326396605
ABHD12B,14776,57,1.20039042113684
SRSF1,15036,58,1.20032879456281
POLE2,15814,61,1.20030785582595
WDR26,15296,59,1.20026926303444
UGT8,8037,31,1.20025154437974
SNAPC3,4408,17,1.20008465734632
ROPN1L,8557,33,1.20004340853532
MAPRE2,13744,53,1.19996138630708
GALNT1,12707,49,1.19993465995836
KIF5C,57057,220,1.19982607414068
ZC3H11A,16083,62,1.19957988710812
ARHGAP5,10117,39,1.19954737578403
BPGM,8042,31,1.19950530492166
ZFYVE1,16084,62,1.19950530492166
ATP8A2,31911,123,1.19941436358596
MTFR2,8043,31,1.19935616836752
BCAS1,16866,65,1.19923917949396
SRGAP2B,8563,33,1.1992025513064
ZNHIT3,9601,37,1.19919498137176
SETD3,10120,39,1.19919177873588
CYP4V2,12456,48,1.19913253305736
TSPAN5,12976,50,1.19904012148731
SF3A3,14015,54,1.19896141175404
TOP1,16092,62,1.19890898113099
PAWR,10382,40,1.19890153083562
NPAS3,22582,87,1.19884047615666
SAXO1,8048,31,1.19861104152336
CASR,9087,35,1.19853870710834
QPCT,15059,58,1.19849550136439
CACNA2D3,24927,96,1.1984109465048
BFSP2,13763,53,1.19830482405031
ZNF212,8310,32,1.19826673339451
CFAP97,13504,52,1.19824454984272
LEF1,21815,84,1.19819807268322
PLAG1,8051,31,1.19816440966091
SGMS1,20777,80,1.19815138789387
NCKAP5,20000,77,1.19802333546429
CXCL3,4157,16,1.19769022786966
DHRS4,8055,31,1.19756941802358
ZNF589,8055,31,1.19756941802358
FAM153A,31182,120,1.19751738436939
ST6GAL2,9095,35,1.19748446745393
SLC40A1,7017,27,1.19733819194334
CLVS1,44458,171,1.1968803497268
GNL2,17160,66,1.19682650895533
CCDC68,13785,53,1.19639240430936
RFTN2,8584,33,1.1962688078794
CDC20B,4162,16,1.19625138809567
GXYLT1,4162,16,1.19625138809567
RNF146,4162,16,1.19625138809567
PRKAA1,12226,47,1.19623915748684
LRRC37B,26535,102,1.19614995355174
LAMP2,8069,31,1.19549159278473
SERINC5,8850,34,1.19547416261753
GRB14,13536,52,1.19541182041047
TNFSF10,4165,16,1.19538974243798
LSM14A,13798,53,1.19526520462418
ARHGEF33,22651,87,1.19518854057523
CHPT1,13018,50,1.19517165589332
IPO11,32806,126,1.19514833973592
XBP1,7552,29,1.1949247719178
OSBPL6,15368,59,1.19464592968342
SPA17,5470,21,1.19463852630642
C8orf76,5991,23,1.19462903080502
HADH,18494,71,1.19462622230536
FHIT,8075,31,1.19460330181795
DSE,26312,101,1.19446123917479
INTS12,13027,50,1.19434594430178
NBPF9,14851,57,1.19432825147923
HLA-DOB,7556,29,1.19429220189561
COG1,9643,37,1.19397189838746
GTF2H2,9122,35,1.19394006045752
BZW1,10687,41,1.1938028057887
MALSU1,8602,33,1.19376557159227
SESTD1,19551,75,1.19370451253792
MCCC1,20334,78,1.19364815587755
PHLDA1,4172,16,1.19338405495067
BPHL,16952,65,1.19315526199535
TMCO1,8085,31,1.19312574671366
MCAT,4434,17,1.193047625075
OSER1,4695,18,1.19300278208966
PRPF3,19564,75,1.19291131285161
UBAP1L,12000,46,1.19283708725881
ALDOB,17221,66,1.19258712581578
ADSL,18787,72,1.19255827155181
ARHGAP32,28183,108,1.19245248452846
PDE4DIP,69675,267,1.19244630429392
GPAT4,21924,84,1.19224096677543
GLRX3,12008,46,1.19204239233059
GNPAT,12009,46,1.19194312991138
NTRK2,27934,107,1.19194220230319
ELMOD3,18804,72,1.1914801237845
SMAP2,20376,78,1.19118775037368
SNRPG,4964,19,1.19104007941969
NPM1,15157,58,1.19074643762264
KBTBD2,10978,42,1.19050332280855
DHCR24,4705,18,1.19046717575153
IGFL4,12024,46,1.190456174909
ADPRH,6797,26,1.19031149044255
RASSF3,12027,46,1.19015922899358
GPATCH11,7846,30,1.18980968262192
SH3BGRL2,8108,31,1.18974120155155
TFAP2B,7062,27,1.18970859428865
DEPDC5,68541,262,1.18947523073835
NFAT5,18053,69,1.18933515596625
ZNF382,9681,37,1.1892853027735
SLC27A2,12037,46,1.1891704782841
SPTBN1,20934,80,1.18916553865821
CD160,8112,31,1.18915454415434
CPOX,12038,46,1.18907169356253
SLC1A2,44494,170,1.18891831923014
CHIA,8114,31,1.18886143236135
NCOA2,21729,83,1.18861963566
OAS1,11781,45,1.18859775526503
GRPEL2,4189,16,1.18854100674485
TAOK1,12568,48,1.18844643791872
ATXN3,14667,56,1.1880953139967
MFAP5,12310,47,1.18807635576232
MED30,8120,31,1.18798296332266
CD200R1,4191,16,1.1879738194355
SRSF5,11788,45,1.18789193712058
MTFR1,20960,80,1.1876904287343
MTHFD1L,23320,89,1.1875885684917
NCOA3,12054,46,1.18749336710683
SPECC1,45339,173,1.18734988360596
SMAD9,8649,33,1.18727846535284
TMEM254,7077,27,1.18718695674246
FAM180A,4194,16,1.18712405275493
IFIT3,13634,52,1.1868193047584
HDAC8,22026,84,1.18671982909218
TBX19,16000,61,1.18635427700197
EPB41,50099,191,1.18633913720277
CHD6,23611,90,1.18613105372728
TADA2A,21778,83,1.18594526876922
MEST,16006,61,1.18590956091663
CCDC125,11283,43,1.18590094568117
ZBTB44,13124,50,1.18551848646901
TCTN3,8400,32,1.18542816125099
KATNA1,16279,62,1.18513688336875
MTCH2,11816,45,1.18507702731697
TLK2,40703,155,1.18497674153993
BHMT,8929,34,1.18489711492498
CGGBP1,8667,33,1.18481267414754
MPC1,8142,31,1.18477298724883
SSMEM1,5516,21,1.18467598602177
EPHA4,25219,96,1.18453505942048
VWA3B,32841,125,1.18439942574977
MREG,13137,50,1.18434533123387
APH1B,13663,52,1.18430025624505
ASH2L,26277,100,1.18421011655968
RUNX1,21812,83,1.1840966469492
ELP2,29696,113,1.18409088204161
MYBL1,8673,33,1.18399301819863
NLK,12353,47,1.18394073823639
TRIML2,12353,47,1.18394073823639
AURKA,4206,16,1.18373710823922
NOVA1,6572,25,1.18371459345856
STAG1,16037,61,1.18361716231412
MPHOSPH9,41285,157,1.18334644775479
ADRA1B,16041,61,1.18332201434023
AKR1E2,20250,77,1.18323292391534
CHP1,8680,33,1.18303818511944
ST8SIA1,15786,60,1.18272479030173
GALNT7,20000,76,1.18246459084787
TANC1,20000,76,1.18246459084787
HEATR6,14737,56,1.18245192172013
IPCEF1,21846,83,1.18225377933059
GCSAML,12108,46,1.18219731145571
PTER,8423,32,1.18219120913076
SERPINE2,19479,74,1.18214189805948
ABLIM1,48698,185,1.18212976058055
CSTF3,8950,34,1.18211690940392
CUTC,8162,31,1.18186984344278
NYAP2,8426,32,1.18177030079615
HPS4,27916,106,1.18156392702425
FGGY,40558,154,1.18154084073602
NOL10,16067,61,1.18140713462573
PTCD3,19755,75,1.18137772334239
MACF1,109608,416,1.18101557558398
DNAJC9,11857,45,1.18097918147739
RLN1,4480,17,1.18079758249611
RFWD3,16340,62,1.1807125657503
FUT8,31102,118,1.18058765657352
TDG,8171,31,1.1805680653751
SVIL,37431,142,1.18048768963241
DCT,16872,64,1.18036943510056
UQCRB,6327,24,1.18036943510056
CSNK2A2,19245,73,1.18034643491672
ERLIN2,5009,19,1.18033997888587
HSPD1,14767,56,1.18004970341908
TC2N,16086,61,1.18001171403901
IAH1,18463,70,1.17977806764811
PCSK2,10024,38,1.17963347051862
ASPA,7650,29,1.17961723889192
RAD18,12400,47,1.17945322092211
ADGRE1,11611,44,1.17920034987934
ANAPC5,36681,139,1.17917477804983
ZNF143,17683,67,1.17902605813504
BEND4,4223,16,1.17897188663371
PDXDC1,22172,84,1.1789054192488
MPHOSPH8,17949,68,1.17888978095327
BRAF,26133,99,1.17882808481652
CFAP52,14520,55,1.17869277397116
GNPNAT1,8185,31,1.17854876752351
GTF2I,46736,177,1.17849101211324
ITLN1,7659,29,1.17823108467466
HSP90B1,13734,52,1.17817783610573
PXK,14527,55,1.17812480746618
C10orf88,10304,39,1.17777763982988
COPS4,8983,34,1.17777427798788
ATG16L1,22987,87,1.17771852057988
PPEF2,17439,66,1.17767893191545
VIM,8984,34,1.17764318111811
TTLL5,54698,207,1.17761531887776
LCP2,16119,61,1.17759590744038
RBM22,8456,32,1.17757764362682
SNX18,18763,71,1.17749919284312
MTHFSD,9514,36,1.1774538704879
LARP4,12424,47,1.17717481804847
STK39,12160,46,1.17714186242646
L3MBTL3,17976,68,1.17711908535438
JAM2,16655,63,1.17706503852827
PON3,11368,43,1.17703381158696
NHSL1,20886,79,1.17699973637568
CES5A,19566,74,1.17688551734134
IFT46,17451,66,1.17686911315532
LGALS8,17982,68,1.17672631956013
SEC23IP,16132,61,1.17664693974904
BTNL8,13223,50,1.17664256344395
MFAP3L,16134,61,1.17650108045318
SP110,24069,91,1.17648906069563
ZNF546,8200,31,1.1763928856317
PCF11,12171,46,1.1760779760994
OAT,17995,68,1.17587622552544
DZANK1,25934,98,1.17587489196352
BTN3A2,8204,31,1.17581931523403
CCDC60,4499,17,1.17581088454825
SRD5A3,17467,66,1.17579108568578
SAT1,6087,23,1.17578815895398
NAP1L4,28054,106,1.17575171408031
TTC19,9529,36,1.17560039078832
HENMT1,8471,32,1.17549245124641
SYPL1,12447,47,1.17499959343088
MTMR3,24100,91,1.17497573451797
FKBP15,12183,46,1.1749195639092
WDR93,9537,36,1.17461425226192
PITPNB,14306,54,1.17457319905864
CUL2,38950,147,1.17439561417902
PEX13,4505,17,1.17424487671089
GDPD1,8215,31,1.17424487671089
HPS5,16166,61,1.17417224001185
CCDC77,16171,61,1.17380919127027
JAZF1,20413,77,1.17378468178542
STRADA,33138,125,1.17378422177103
CTSV,15112,57,1.17370095703534
GATB,29164,110,1.17368118763278
TJP2,54620,206,1.1735999234648
SLC7A2,8220,31,1.17353061583698
SMPDL3A,4243,16,1.17341463051006
SRSF9,16177,61,1.17337382901846
ANKMY2,4244,16,1.17313814261409
HACD1,8223,31,1.17310247624711
PRKAB1,15121,57,1.17300237171602
GLYATL2,9816,37,1.17292899512533
C1orf162,4776,18,1.17276969470497
TTC23L,5839,22,1.17243494283687
ZNF420,12476,47,1.17226835038748
LIN7A,8230,31,1.17210469771324
CCDC158,12745,48,1.17194153250393
FANCC,38235,144,1.17194153250393
LPAR1,9028,34,1.17190367070947
DCTD,6376,24,1.17129821453596
SPRY1,7173,27,1.17129821453596
KIF20A,8502,32,1.1712063696199
YAP1,18067,68,1.1711901631887
SMN1,11691,44,1.17113123449226
LIPA,16208,61,1.17112959230205
ZNF146,8504,32,1.17093092127332
TBC1D1,57673,217,1.17082433088724
OSBPL1A,20733,78,1.17067677623181
TRIM60,12228,46,1.17059576767303
EPSTI1,9040,34,1.17034804636782
SIPA1L2,24462,92,1.17030864582665
NEK2,9838,37,1.17030605978352
LAMC1,23408,88,1.16983042228717
INTS8,30329,114,1.16963756554572
NCR3,4257,16,1.16955562068456
ZNF74,8514,32,1.16955562068456
COQ6,13573,51,1.16922710592704
DNA2,16235,61,1.16918191758741
ZNF85,8251,31,1.16912152007999
SERPINE3,9316,35,1.16907698921141
FRRS1L,12246,46,1.16887514675043
DBF4B,8254,31,1.16869659100799
HARBI1,5060,19,1.1684432715888
ACVR1,34625,130,1.16831006505964
COA5,7725,29,1.16816464433957
FNTA,22644,85,1.1680739201516
SPCS2,4263,16,1.16790951847389
FGF6,5596,21,1.16773994619301
OSBP,8264,31,1.16728238893756
DAPK1,27193,102,1.16720623018775
RAN,5066,19,1.1670594066797
NUTM2G,4533,17,1.16699165444133
ABCB10,12000,45,1.16690584623145
ANKRD1,4000,15,1.16690584623145
AVEN,24000,90,1.16690584623145
BICC1,12000,45,1.16690584623145
C1orf116,4000,15,1.16690584623145
C8orf88,4000,15,1.16690584623145
CAPN6,4000,15,1.16690584623145
CCL11,4000,15,1.16690584623145
CCNA2,4000,15,1.16690584623145
CYP4X1,8000,30,1.16690584623145
DBX2,4000,15,1.16690584623145
DNAJC25-GNG10,4000,15,1.16690584623145
EID2,4000,15,1.16690584623145
EIF2S2,4000,15,1.16690584623145
FAM162B,4000,15,1.16690584623145
FAM184B,4000,15,1.16690584623145
FHDC1,8000,30,1.16690584623145
FRK,8000,30,1.16690584623145
GADL1,8000,30,1.16690584623145
GAP43,4000,15,1.16690584623145
HIGD2B,4000,15,1.16690584623145
HMGCS2,12000,45,1.16690584623145
HTR3C,4000,15,1.16690584623145
IFNA1,4000,15,1.16690584623145
IGIP,4000,15,1.16690584623145
IL36B,4000,15,1.16690584623145
KCNE2,8000,30,1.16690584623145
KHDRBS2,4000,15,1.16690584623145
MAGEH1,4000,15,1.16690584623145
MBOAT1,4000,15,1.16690584623145
MGARP,8000,30,1.16690584623145
MPLKIP,4000,15,1.16690584623145
MT1HL1,4000,15,1.16690584623145
NDUFA8,4000,15,1.16690584623145
NKAPL,4000,15,1.16690584623145
NTSR2,4000,15,1.16690584623145
PAK1IP1,4000,15,1.16690584623145
PLCXD3,4000,15,1.16690584623145
PXT1,4000,15,1.16690584623145
REC114,4000,15,1.16690584623145
RETNLB,4000,15,1.16690584623145
RGL1,8000,30,1.16690584623145
SCGB1D4,4000,15,1.16690584623145
SCGB2B2,12000,45,1.16690584623145
SDE2,4000,15,1.16690584623145
SEC22B,8000,30,1.16690584623145
SETSIP,4000,15,1.16690584623145
SF3B5,4000,15,1.16690584623145
SIAH3,4000,15,1.16690584623145
SLCO4C1,4000,15,1.16690584623145
SLPI,4000,15,1.16690584623145
SMU1,4000,15,1.16690584623145
SPINK9,8000,30,1.16690584623145
TAF1L,4000,15,1.16690584623145
TENM1,12000,45,1.16690584623145
UAP1,12000,45,1.16690584623145
UBE2QL1,4000,15,1.16690584623145
UGT2B15,4000,15,1.16690584623145
VN1R2,4000,15,1.16690584623145
WFDC9,4000,15,1.16690584623145
ZFP42,4000,15,1.16690584623145
ZNF648,8000,30,1.16690584623145
ZXDB,4000,15,1.16690584623145
ETFDH,22668,85,1.16683720874858
CCNB1,10935,41,1.16672799135472
PLAC8,17604,66,1.16664070061767
ACMSD,8002,30,1.16661419268328
CHCHD1,4001,15,1.16661419268328
CXCL2,4001,15,1.16661419268328
C9,16008,60,1.166322684889
IGBP1,4002,15,1.166322684889
XCR1,8004,30,1.166322684889
TMEM185A,14942,56,1.16622901689129
DEPTOR,8005,30,1.16617698561544
SLC22A25,8005,30,1.16617698561544
TMEM165,21614,81,1.16615000826313
IPO9,12008,45,1.16612842727993
DHX8,12275,46,1.16611364945872
NLRP4,9607,36,1.16605559735837
TMEM192,8006,30,1.16603132273939
ARMC2,16281,61,1.16587853522705
SPOP,24555,92,1.16587620013079
SLC38A4,12012,45,1.16574010612532
TP53RK,4004,15,1.16574010612532
CCBE1,12279,46,1.16573377694485
MPPED2,18688,70,1.1655737619321
SCFD2,4005,15,1.16544903493778
PDE8B,19495,73,1.16520990715425
SUMF1,8012,30,1.16515810906785
TSC1,24036,90,1.16515810906785
POP1,8547,32,1.16503996191744
SMARCAL1,25374,95,1.16503565741297
ZP2,10951,41,1.16502333900683
SETX,20034,75,1.16492547292747
UBE2U,12822,48,1.16490366805198
RNF139,8014,30,1.16486732840674
SARNP,8015,30,1.16472199249552
SLC2A2,12023,45,1.16467355525055
PAXIP1,20039,75,1.16463480835516
FLT3,8016,30,1.16457669284576
CHD7,26188,98,1.16446996518183
RPN2,10156,38,1.16430148764067
FMO3,8018,30,1.16428620227633
NFYA,4009,15,1.16428620227633
MLANA,9622,36,1.1642378012702
MTMR7,16839,63,1.16420323158669
ANKRD45,8019,30,1.16414101132954
PP2D1,4010,15,1.16399585658997
HNRNPK,13369,50,1.16379270075692
CCL2,4011,15,1.16370565567833
ZNF383,12302,46,1.16355430394292
GPR19,8024,30,1.16341559943315
BRCA2,13375,50,1.16327062552668
COMMD9,8025,30,1.16327062552668
EP300,39323,147,1.16325583430239
GPR137B,12039,45,1.16312568774627
RNF216,21404,80,1.16305323239913
COX15,8027,30,1.16298078607843
UBE2D1,8027,30,1.16298078607843
DHRS7C,8295,31,1.16292003160699
PPP1R15B,8297,31,1.16263970859105
ADAD1,5353,20,1.16261868981276
CFAP43,16059,60,1.16261868981276
FKBP14,4283,16,1.16245582004534
KIF24,8031,30,1.16240154026293
DDX59,17937,67,1.16233025511523
MMP16,4819,18,1.16230505538721
DMGDH,12048,45,1.16225681895563
CTNND1,26777,100,1.16209766713368
ANKRD37,4820,18,1.16206391325953
RFX8,8837,33,1.16202007998605
CHRNA5,12051,45,1.16196748442265
MTX3,4017,15,1.16196748442265
OXCT1,17408,65,1.16190073537139
PPT1,15534,58,1.16184780192136
KCNJ3,8840,33,1.16162572928017
SAR1A,13127,49,1.16154260105819
SLC20A2,23042,86,1.16140268814518
GLRA1,4019,15,1.16138924730674
PUM2,13933,52,1.16135034817168
CCT6B,12058,45,1.16129293040118
USP16,8039,30,1.161244777939
YPEL1,8039,30,1.161244777939
ERVW-1,8040,30,1.1611003445089
MSX2,4020,15,1.1611003445089
NCR1,8040,30,1.1611003445089
OOEP,8040,30,1.1611003445089
SLAMF6,4020,15,1.1611003445089
PMFBP1,25199,94,1.1607778038362
ZNF233,8043,30,1.1606672597105
BRDT,15017,56,1.16040447295662
SGMS2,9655,36,1.16025853172676
SNTN,4023,15,1.1602344978687
ADAMTSL1,31918,119,1.16015452682116
RBKS,8315,31,1.1601228697751
PDCL,5902,22,1.15991996462631
RPAIN,4561,17,1.15982748730159
UBE4B,28442,106,1.15971234747236
CCL3,4026,15,1.15936994161098
VPS39,21742,81,1.1592846232453
SETMAR,4295,16,1.15920798073438
FLVCR1,13422,50,1.15919718495152
RASGRF2,16376,61,1.15911507279137
PRTG,12618,47,1.15907591848424
GALNTL5,12083,45,1.15889018909024
OCLN,17454,65,1.15883854711499
NSUN2,18798,70,1.15875318985993
WDR70,14233,53,1.15873458114273
DDX27,12085,45,1.15869839923685
CDO1,6178,23,1.15846916859062
SMIM20,12089,45,1.15831500990796
GEMIN2,8060,30,1.15821920221484
TFG,12359,46,1.15818796400241
RBM12B,4299,16,1.1581293968956
FBXO34,8867,33,1.1580885808996
NLRC4,8867,33,1.1580885808996
MORC1,4031,15,1.15793187420635
PHEX,12631,47,1.15788298150852
PCMT1,8600,32,1.15786006447772
SLFN11,12094,45,1.15783612988072
ATG13,26607,99,1.15782742663623
PSPH,8332,31,1.15775584039606
RAB9B,8870,33,1.15769689366818
GZMH,4032,15,1.15764468872167
COQ10B,4301,16,1.1575908573016
TRHR,4839,18,1.15750114939263
IQCJ-SCHIP1,8603,32,1.15745630065191
RSBN1L,15862,59,1.15744033837945
ZNF502,4033,15,1.1573576456548
FGD4,24467,91,1.15735133861459
UVRAG,32534,121,1.15731732869413
APPL2,36299,135,1.15729387763663
NME9,12100,45,1.15726199626259
ACSM1,17210,64,1.15718728117471
TTLL2,4034,15,1.1570707448998
YBEY,4303,16,1.1570528183254
HERC3,16944,63,1.15698879937962
NLRP11,12373,46,1.15687747895464
TIMM21,8339,31,1.15678398635088
RCN2,10224,38,1.15655769840363
QRSL1,4036,15,1.15649736990233
SAGE1,7534,28,1.15647690273358
DSC3,8073,30,1.15635411493269
INO80,43869,163,1.15620386718473
TRIM55,13190,49,1.15599467203115
PHYHIPL,8615,32,1.15584405740085
PLP1,18307,68,1.15583616531
DOCK2,48729,181,1.15583442121607
CPM,20462,76,1.15576638730121
COMMD6,13195,49,1.15555662933618
FAT4,15888,59,1.15554623913487
HBD,8887,33,1.15548232776378
MFSD6,26123,97,1.15545552026388
CDK11B,4040,15,1.15535232300143
PRKAB2,8080,30,1.15535232300143
C14orf93,11043,41,1.15531744865198
GINM1,8081,30,1.15520935154703
UBE2G2,8082,30,1.15506641547285
KIAA1217,40412,150,1.1550092509467
RFC2,13203,49,1.15485645111648
TXNDC16,4042,15,1.15478064941262
RBM5,25874,96,1.15454856858333
FEZ2,31267,116,1.15445317779425
TSN,8626,32,1.15437010833623
REL,14826,55,1.15436524201141
MTIF2,13479,50,1.154295171483
MPZL1,16714,62,1.15429240901998
BTBD9,8359,31,1.15401622947481
C12orf54,14292,53,1.15395111204901
IREB2,16991,63,1.15378837129588
N4BP2,12139,45,1.15354396200489
SVEP1,12139,45,1.15354396200489
SRRD,10791,40,1.15346081856505
LLPH,4048,15,1.15306901801526
HMGXB4,17002,63,1.15304189017106
TBC1D30,16737,62,1.15270617938459
XPO5,22407,83,1.15265390562128
MFSD1,26187,97,1.15263163233106
CORO1C,25378,94,1.15259042788511
PARD3B,20525,76,1.15221884613678
ANKH,24306,90,1.15221510365979
NUB1,20802,77,1.15183476152705
SERPINI1,16482,61,1.15166050430964
PAIP2,4864,18,1.15155182193893
MTAP,13241,49,1.15154215875621
LIN54,6217,23,1.1512019500648
FAM162A,10002,37,1.15111687823938
ARMC1,4055,15,1.15107851662782
ZNF25,4055,15,1.15107851662782
DISC1,14600,54,1.15092083463924
RFX7,13249,49,1.15084683554162
RRM1,22176,82,1.15062866030518
KIAA0319,12170,45,1.15060560022821
DNAJC6,24070,89,1.15058435468327
TMC3,4057,15,1.1505110635755
MCM9,16770,62,1.15043788457722
C12orf56,16232,60,1.15022754680281
CYP20A1,4058,15,1.15022754680281
VDAC3,14068,52,1.15020574360791
LAMB1,22730,84,1.14996440631696
USP13,85509,316,1.14995223866225
DHDH,4059,15,1.14994416972796
NUBPL,16239,60,1.14973172853643
ZNF688,5414,20,1.14951936582337
STRBP,23558,87,1.14917291928727
SMYD3,53078,196,1.14906889664953
DAB1,24106,89,1.14886606725406
ENAH,28443,105,1.14873127639421
COPS8,10566,39,1.14857285640801
LCP1,20049,74,1.14853319528658
DUX4,5419,20,1.14845872791432
ADAMTS18,15447,57,1.1482468351601
SRR,11653,43,1.1482468351601
ZDHHC23,9486,35,1.14812578868791
ZBTB8OS,10842,40,1.14803502058065
RAB4A,8132,30,1.14796443308554
UTP23,7590,28,1.14794426682409
CTAGE1,7048,26,1.14792099894127
SFPQ,17349,64,1.14791590921763
HSPA8,8133,30,1.14782328413274
RAF1,38770,143,1.14774334802577
C17orf75,15726,58,1.14766270857474
PDIA3,14373,53,1.1474479436029
CHD9,39594,146,1.14743482042593
USP14,12475,46,1.14741844064976
ACVR1C,8137,30,1.14725903525274
TMEM52B,12206,45,1.14721203955246
SMIM21,4069,15,1.1471180597016
MGST3,13022,48,1.14701235077273
CEP70,10582,39,1.14683621251248
PRPF18,39345,145,1.14678763216714
LXN,7055,26,1.14678202700752
AICDA,6241,23,1.14677495971044
PTPN14,9226,34,1.14675334263658
PGRMC2,10042,37,1.14653166860688
JAM3,16014,59,1.14645426797644
MMP26,8143,30,1.14641370132035
ANAPC10,5159,19,1.14602111925554
DECR1,18196,67,1.14578576533314
ILKAP,16568,61,1.14568254659775
AP1AR,8149,30,1.14556961220415
ZNF615,8149,30,1.14556961220415
KBTBD8,4618,17,1.14551173009583
HMG20A,12769,47,1.14536924891802
CENPI,6249,23,1.14530685286492
C7orf25,8423,31,1.14524773384542
NIPA2,12230,45,1.14496076490412
SPPL2A,16307,60,1.14493736062447
MCC,29629,109,1.14475896128098
KCNAB1,26368,97,1.14471952957575
CPSF3,12233,45,1.14467997668416
PTPDC1,12233,45,1.14467997668416
CARF,4078,15,1.1445864112128
BTN3A3,11963,44,1.1445034909679
IL7R,14410,53,1.14450168587123
KCTD6,10332,38,1.14446824511021
CAGE1,4352,16,1.1440253394426
CAMLG,9249,34,1.14390164765544
GALM,8162,30,1.14374500978334
POTED,4081,15,1.14374500978334
CLK1,14696,54,1.14340257115765
TRIM13,5171,19,1.14336162332998
AEBP2,17146,63,1.14335811365265
TREM2,4083,15,1.14318476241141
OFD1,18786,69,1.14292917974335
IGSF5,20150,74,1.14277627951864
EIF4E,8714,32,1.14271248043474
KLHL23,5720,21,1.14242530400282
SNX10,17435,64,1.1422536913689
PRICKLE2,20705,76,1.14220197135751
AIM2,24795,91,1.14204134712172
MLH1,16622,61,1.14196056022329
RIMKLB,20982,77,1.1419534224233
TMX1,4088,15,1.14178654230083
PKD2L2,5996,22,1.141735762379
FYN,56423,207,1.14161251106775
C1orf21,24260,89,1.14157318290298
TDP1,19354,71,1.14154269687483
ABCC4,22356,82,1.14136433936874
CLDN10,12000,44,1.14097460520408
SBSPON,12000,44,1.14097460520408
INPP1,16095,59,1.1406846006446
BNC2,24010,88,1.14049939712195
NALCN,20738,76,1.14038440625698
EIF4B,15282,56,1.140282290956
SNX31,20196,74,1.14017340227276
DRC1,16103,59,1.14011790643823
SPATA6L,4367,16,1.14009578137261
STAC3,6824,25,1.14000180366495
FAM91A1,12830,47,1.13992361180313
IQCK,18019,66,1.13977151305142
TBCCD1,14198,52,1.13967420771067
NIP7,6280,23,1.13965326808167
KMT2A,47246,173,1.13942463643083
PRR4,4916,18,1.13937104595422
F2RL1,4097,15,1.13927834633288
PDE12,12018,44,1.13926570664412
SFT2D1,14750,54,1.13921655496494
PAPOLG,18303,67,1.13908746030716
CDCA7L,14480,53,1.1389688738539
SLC28A3,4099,15,1.13872246521732
ELAVL4,30334,111,1.13866990995091
ROPN1B,8199,30,1.13858357968674
CAPZA1,12027,44,1.13841317555907
RWDD4,7107,26,1.1383913325648
AKAP10,16675,61,1.13833094045167
PREX2,8475,31,1.13822084509498
ETNPPL,12303,45,1.13816712629256
PIGH,9296,34,1.13811815180348
STIM2,15858,58,1.13810970835202
SLC25A12,21053,77,1.13810225190166
ERVK3-1,7656,28,1.13804819555836
HOOK3,12032,44,1.13794009827535
BACH1,21880,80,1.13775097743468
TRIM36,16688,61,1.13744417737485
STX8,26264,96,1.13740441911076
KANK1,38577,141,1.13735282210391
SBF2,49797,182,1.13729402180385
GGCT,12042,44,1.13699512227612
PCYOX1L,9032,33,1.13693217967634
SCP2,16150,59,1.13679991624612
OXGR1,4380,16,1.13671193544616
TRAK2,12047,44,1.1365232225823
FBXO28,4107,15,1.1365043547421
POTEC,4107,15,1.1365043547421
TAOK3,34225,125,1.1365043547421
UBE2H,21633,79,1.13635725483948
NREP,13967,51,1.1362439685507
KIAA1143,4108,15,1.13622769837531
NXPH1,9586,35,1.13614867843663
RBM6,29033,106,1.13610507308266
MBD2,12052,44,1.1360517144415
ABHD5,13149,48,1.13593389852936
VSTM5,9314,34,1.13591865355005
KIZ,24107,88,1.13591033827925
PDE10A,48216,176,1.13586322071088
LRRC37A,19453,71,1.13573316996429
ASB9,12604,46,1.13567478951966
TSPAN7,20002,73,1.13567478951966
ZNF608,16440,60,1.13567478951966
ZNF808,12057,44,1.13558059736659
ANXA2R,6851,25,1.13550902177925
MAGI1,40833,149,1.13548010082359
ITK,20828,76,1.13545668412509
OCRL,20282,74,1.13533882419389
SEL1L2,25221,92,1.13508941335441
KCNJ15,20835,76,1.13507520119786
ICA1,18095,66,1.1349844097084
BTRC,8501,31,1.13473963794612
SQLE,13712,50,1.13468090843198
CDH26,17278,63,1.13462311706727
GCLC,25506,93,1.13460617056927
ZNF100,9874,36,1.13452462262729
SRI,12069,44,1.13445150902718
ATXN7,25784,94,1.13444150941934
NR3C1,17281,63,1.13442614528606
PRDM4,12344,45,1.13438675913621
CTSC,13992,51,1.13421380136847
BLMH,16187,59,1.13420143617562
PDGFD,8232,30,1.13401928691103
ZAR1L,7409,27,1.13398867497185
NEU3,4665,17,1.13397066872081
PPEF1,20856,76,1.13393228888365
SYNJ1,20863,76,1.13355182940887
MGAM,20041,73,1.13346475425239
OTULIN,10982,40,1.13339971709483
WDR19,29377,107,1.13339392991583
RDH16,5766,21,1.13331126238226
AKTIP,12082,44,1.13323086098734
CWF19L1,12082,44,1.13323086098734
TMBIM6,19771,72,1.13320480742723
GDA,24165,88,1.13318396544167
GCNT2,23617,86,1.13312616929505
TESPA1,15928,58,1.13310797055791
SCOC,15105,55,1.13304330208946
PSMB1,6866,25,1.13302830005966
RBM7,4670,17,1.13275656736243
THOC7,12088,44,1.13266837048718
SUCLA2,23907,87,1.13239702315513
SRP9,4122,15,1.13236860381509
OLAH,20062,73,1.13227829428632
ASAH2,18963,69,1.13226111747396
VPS29,9894,36,1.13223126377824
PPM1L,12643,46,1.13217156110937
L3HYPDH,9895,36,1.13211683919372
ACOXL,28316,103,1.1319047149959
GPR107,16495,60,1.13188805939395
DDX21,15672,57,1.13176166811626
XPO7,21172,77,1.1317053990783
GTF2E1,4125,15,1.13154506301231
ITPR1,95431,347,1.13147391977397
PIKFYVE,12108,44,1.13079742834894
TRPC1,8531,31,1.13074922777869
PECR,13210,48,1.13068848082987
FPR1,9082,33,1.13067291861228
ANKEF1,4130,15,1.13017515373506
GRIN2B,15419,56,1.13015072121341
ATP10B,23685,86,1.12987294660085
STX2,12118,44,1.12986427318444
GLB1L2,12946,47,1.12970955812098
CHGB,7988,29,1.1297035400004
BEND6,8265,30,1.1294914422083
MEIG1,12122,44,1.1294914422083
PHTF1,18736,68,1.12937087309619
PLEKHA8,9368,34,1.12937087309619
AAK1,16537,60,1.12901333613734
TTC13,15436,56,1.12890606182882
JKAMP,10751,39,1.12880855741857
MASTL,8546,31,1.12876452868944
PARP2,13233,48,1.12872325487513
RAB7B,9925,36,1.12869482355888
HORMAD2,8547,31,1.12863246310752
RMND1,17646,64,1.12859532523046
MORC4,12134,44,1.12837442413458
MS4A15,4137,15,1.12826284383026
PRKAR2B,25931,94,1.12801048470434
DHX32,16000,58,1.1280089846904
EIF3A,8000,29,1.1280089846904
KCTD16,8000,29,1.1280089846904
MYLK4,16000,58,1.1280089846904
PLEK,8000,29,1.1280089846904
PROKR1,8000,29,1.1280089846904
SLC17A5,8000,29,1.1280089846904
TAT,8000,29,1.1280089846904
TFAP2D,8000,29,1.1280089846904
WAPL,16000,58,1.1280089846904
ZSWIM5,8000,29,1.1280089846904
PHKA1,4138,15,1.12799018485399
SCML1,8276,30,1.12799018485399
DHODH,11035,40,1.12795611174766
SAMD15,4690,17,1.12792604895151
ALAS2,8001,29,1.12786800119025
C4orf51,8001,29,1.12786800119025
OR51E2,8001,29,1.12786800119025
GLRB,8278,30,1.12771765762885
ZNF532,37255,135,1.12759657668319
SLC13A1,8003,29,1.12758613988794
PABPC1,21802,79,1.1275486879159
TRIM22,17111,62,1.1275111521454
CCNDBP1,12144,44,1.12744526205937
TNFRSF17,4140,15,1.12744526205937
WWTR1,26779,97,1.12715054915618
AHCYL2,30647,111,1.12704059282967
SLCO1C1,4418,16,1.12693487488777
ARL13B,8285,30,1.12676484850351
OCM,4971,18,1.12676484850351
AATF,26236,95,1.12675769062344
ENTPD4,17402,63,1.12653822645031
ICE1,6078,22,1.12633228549268
OCM2,4973,18,1.1263116955381
GNL3,14920,54,1.12623620547807
C16orf87,4421,16,1.12617015997606
ASTN1,8290,30,1.12608525571189
DCAF13,4698,17,1.12600535751012
TM9SF3,16858,61,1.12597392525991
AP5S1,8016,29,1.1257574697509
MSANTD2,15204,55,1.12566555367411
CYP2J2,8018,29,1.12547666220045
PANK3,8018,29,1.12547666220045
SHCBP1,16038,58,1.12533631095189
CDK6,14656,53,1.12529130004124
CR1L,12444,45,1.12527082568124
PTPN2,40100,145,1.12519599470364
GTF2A1,4425,16,1.12515215305179
GPATCH8,16041,58,1.12512584970054
EGFL6,8021,29,1.12505571344261
SDHC,4149,15,1.12499961073169
GLIS3,48134,174,1.12486872616319
WASF3,8023,29,1.12477525582989
GRB2,16600,60,1.12472852648814
ABI2,24071,87,1.12468180102902
RIPK1,23799,86,1.12446072272958
HIBADH,8026,29,1.12435483148806
TAF5L,4152,15,1.12418674974128
STAC,12182,44,1.12392835843449
FGFR1OP2,8030,29,1.12379475436154
TM2D3,9969,36,1.12371312306369
PLEKHG7,12185,44,1.123651642384
BRWD1,28524,103,1.12365074708399
MDP1,4432,16,1.12337506255735
ZCCHC8,15236,55,1.12330133093077
MYB,16347,59,1.12310018030065
ZNF678,8037,29,1.12281596087137
MAST4,32980,119,1.12279600324675
AAMDC,12197,44,1.12254613941535
HELB,9425,34,1.12254072564086
MS4A1,12475,45,1.1224745615052
NUP160,20517,74,1.12233474836967
POC1B,19132,69,1.12225943814858
RBM41,11369,41,1.12218933815321
SNAPC5,8042,29,1.12211786589445
COX20,8043,29,1.12197835105349
PPP2CA,21081,76,1.1218296957904
ADNP,14705,53,1.12154160444777
PIEZO2,53271,192,1.12154041273958
DPPA4,10545,38,1.12135096334554
SRSF4,13043,47,1.1213079766491
SLFN13,8883,32,1.12097225650212
MYO3A,19432,70,1.12094701847401
SLC16A9,8328,30,1.12094701847401
ZNF155,8051,29,1.12086348000537
ELL2,14992,54,1.12082738698858
PRRC1,8329,30,1.12081243484831
SLC26A4,14715,53,1.12077942870571
XRCC2,8052,29,1.12072427689061
ERCC6L2,28879,104,1.12061320690301
TTF2,17495,63,1.12054976945918
PCDH18,6943,25,1.12046266861726
RAB27A,21944,79,1.12025230103639
USP32,32781,118,1.12011949893992
EOGT,15838,57,1.11989953672926
WTAP,10003,36,1.1198936442889
NPAT,12504,45,1.11987125358104
CNTNAP3B,22787,82,1.11977623956324
TMEM68,17508,63,1.11971774141469
NAA50,12506,45,1.11969216014532
ATP9B,55305,199,1.11967821306118
VGLL3,4447,16,1.11958585051814
RBMS1,29740,107,1.11955996903622
TIAM1,21126,76,1.11944011251336
SPG11,42530,153,1.11943941985053
BDH2,8062,29,1.11933414506614
FSD1L,8340,30,1.11933414506614
C1orf105,13901,50,1.11925362322274
MARK3,51434,185,1.11924709493237
ARHGAP26,60053,216,1.11924094954343
ADAMTS3,9176,33,1.11909017511298
YY1AP1,13069,47,1.11907720096673
SLC25A24,8064,29,1.11905653243095
CLDND1,13906,50,1.11885118771892
BMI1,10847,39,1.11881818021638
TMEM108,23641,85,1.11881332633615
TMEM135,13073,47,1.11873479227676
RCSD1,4173,15,1.1185294476218
METTL8,18641,67,1.11843344166096
KDM1A,24763,89,1.11838490559409
CDK5RAP1,16138,58,1.11836310292765
UTS2B,13356,48,1.11832845401037
TMEM220,8904,32,1.11832845401037
HECW1,21707,78,1.11814813662017
ARL5A,8071,29,1.11808597169164
CTPS1,21987,79,1.11806142238334
ARPP19,9742,35,1.11795537174025
ESR2,18371,66,1.11793276869378
SLFN12L,12248,44,1.11787191888055
CPSF6,8073,29,1.11780897776826
ZNF880,4176,15,1.11772590635196
INTS4,23945,86,1.11760454125042
BCL2L15,6126,22,1.11750695906374
GABRB3,44555,160,1.11744995561759
DAZL,8633,31,1.11738928091972
SNX9,24229,87,1.11734762609144
SLC45A2,4456,16,1.11732456850408
CENPV,11700,42,1.11703807502498
PALMD,8080,29,1.11684057890139
PGM5,20619,74,1.11678267773901
CAMK4,13375,48,1.11673980050561
PUM3,16164,58,1.11656420162376
ZNF207,20904,75,1.11644263895087
METTL21C,8083,29,1.11642606427356
PDILT,4181,15,1.11638923341923
PPIA,6134,22,1.11604949971055
CMTR2,5019,18,1.1159888547342
NEDD8,8365,30,1.1159888547342
YTHDC2,16452,59,1.11593232721704
RBFOX1,60234,216,1.11587768939355
ARHGEF38,12273,44,1.11559482298126
ART4,4464,16,1.1153221947254
AVPR1A,5022,18,1.1153221947254
DNAJC1,8370,30,1.1153221947254
RAPGEF5,25948,93,1.11527921175196
CADM2,12557,45,1.11514455321951
KDSR,16186,58,1.11504656833352
THSD7B,12000,43,1.11504336417672
KIF3A,12840,46,1.11480101612973
RNF115,12007,43,1.11439330141756
KPNA4,13124,47,1.11438737728087
HERPUD2,10893,39,1.11409352802782
PRPF40A,18155,65,1.11409352802782
ING4,11452,41,1.11405611120012
PSD3,32126,115,1.11389879280845
TRUB1,4191,15,1.11372545572078
ERICH6B,12015,43,1.11365130005165
SART3,30178,108,1.11362212113015
CPQ,20399,73,1.11357258394883
KDM5B,47234,169,1.11336234076083
PDZD11,4752,17,1.11320984208387
ABCC5,16495,59,1.11302325840405
LANCL1,8947,32,1.11295367771413
CTNNAL1,12023,43,1.1129102861283
GANC,16498,59,1.11282086600647
AFF1,17898,64,1.11270494519034
AMN1,8111,29,1.11257204753091
FBXO16,24054,86,1.11254014884182
SMIM14,8672,31,1.11236412156134
SLC35E3,8113,29,1.11229777856812
FBXL2,22102,79,1.11224398217096
SLIT2,27140,97,1.11215786867551
TEX14,12032,43,1.11207782331454
CCT2,15111,54,1.11200080641472
KCNRG,8396,30,1.11186836229771
PPP3CA,13436,48,1.11166975526664
C2CD3,37514,134,1.11151664903779
SAMD7,7839,28,1.11148067166664
FMN2,54322,194,1.11129798445762
SIAE,14564,52,1.111033672142
ALDH1A2,34172,122,1.11094863818515
HMGCLL1,8124,29,1.11079171313678
MATR3,26614,95,1.11075429364983
RUFY2,24654,88,1.11070781718577
KAT2B,16252,58,1.11051832113256
ZNF621,8410,30,1.1100174518254
TAF7L,9252,33,1.10989747587946
TGFBR3,24672,88,1.10989747587946
ALG8,16822,60,1.10988547971128
RASSF8,28880,103,1.10979965061717
AGK,20188,72,1.10979751573429
ARMC8,25516,91,1.10977093595717
MILR1,8132,29,1.10969895198269
LUC7L2,20192,72,1.10957766678109
SMARCC1,20477,73,1.10933081701285
C2orf74,12066,43,1.10894417123492
TMEM248,12628,45,1.10887473509482
SORL1,36203,129,1.10879101484302
SHQ1,18243,65,1.10871939929535
PKHD1L1,16000,57,1.10856055391988
UFL1,4211,15,1.1084358548862
SLC12A6,23864,85,1.10835844149819
B2M,8142,29,1.10833602032955
RAB21,12074,43,1.10820940617199
POMGNT2,8705,31,1.10814723287536
R3HDM2,28086,100,1.10793595502523
COX11,14325,51,1.10784778420577
VLDLR,17977,64,1.10781515875934
GATAD1,26966,96,1.10779461779741
ANKRD13C,16012,57,1.10772975660242
CSNK1A1,13209,47,1.10721628733698
GPATCH4,8994,32,1.10713770897358
IQGAP2,40474,144,1.10711035467924
PLCE1,45534,162,1.10709211923395
HTR3E,7309,26,1.10692942954413
TSPAN3,12088,43,1.10692590752156
YEATS4,12088,43,1.10692590752156
FYCO1,12089,43,1.10683434280094
KAT7,18558,66,1.10666790029494
SEL1L3,26150,93,1.10666405302256
OLFML1,4218,15,1.10659634540678
CXCR2,9561,34,1.10657319727697
GPHN,24186,86,1.10646823535273
SLC30A10,12094,43,1.10637674633046
EFCAB5,26720,95,1.10634785820347
SUPT16H,11532,41,1.10632766089697
VSIG1,12095,43,1.10628527243659
GABRA6,11814,42,1.10625913981651
ZNF292,19128,68,1.10622609150618
CEP95,26162,93,1.10615644776928
STAG2,16598,59,1.10611631807295
DCUN1D4,33479,119,1.10606087956862
MCCC2,32638,116,1.10595892855239
CLUL1,17449,62,1.10567042950083
KPNA2,12665,45,1.10563522738076
CBLN2,12110,43,1.10491497688857
COMMD1,12111,43,1.10482374453972
ZMYM4,16336,58,1.10480801634711
SENP5,17463,62,1.10478401903224
ACAT2,8450,30,1.10476293134338
GRM5,10986,39,1.10466237036292
QSER1,17186,61,1.10448437286347
DOCK8,35781,127,1.10447475827129
SELP,12117,43,1.10427666667662
SH3BGR,17473,62,1.10415173835975
SYK,8175,29,1.10386200336675
SLC36A1,22276,79,1.10355613637738
HELLS,19457,69,1.10351377759463
KRAS,10716,38,1.10345706499428
SSX3,8460,30,1.10345706499428
SPX,5640,20,1.10345706499428
UTP6,16921,60,1.10339185270984
IQCF3,14947,53,1.10338324034284
C2orf42,13260,47,1.10295776315491
GPBP1,25392,90,1.10293558244938
PSIP1,10157,36,1.1029138647063
LIFR,24829,88,1.10287931551403
DIMT1,8465,30,1.10280528881885
EPC2,12980,46,1.10277696818997
IGF2BP3,28223,100,1.10255781571196
STX17,16088,57,1.10249682140216
HUS1,5081,18,1.10237119895905
CCDC148,8187,29,1.10224403047798
ZC3H7A,33883,120,1.10205669744138
KCNK1,20049,71,1.1019710387209
BEND3,5083,18,1.10193745070056
ARHGAP11A,12427,44,1.101769957548
POLR1D,17794,63,1.10172070454582
VAPB,12146,43,1.10164007657835
AKT3,33899,120,1.10153653734347
CLEC4E,5650,20,1.1015040436403
SLC35A3,9605,34,1.1015040436403
FBN1,31364,111,1.10127576356494
ART3,18086,64,1.10113862153139
TRMT11,12435,44,1.10106113891829
MCMDC2,11870,42,1.10104005710128
SNX7,4522,16,1.10101686803498
ERCC8,21764,77,1.10092201384331
COA1,16114,57,1.1007179386073
WNT16,7633,27,1.10071034886236
B4GALT6,14136,50,1.10064690268954
SCAF4,12157,43,1.10064328124707
PLPPR4,8200,29,1.10049657042966
CD14,4525,16,1.10028691210037
GAB1,34221,121,1.10026480733277
ANXA13,9334,33,1.10014693023749
ATP6V0A2,33381,118,1.0999861386642
RUFY3,33107,117,1.09969077241735
ELF2,21790,77,1.09960838500623
TBC1D8B,16140,57,1.09894478703333
ANKFN1,28039,99,1.09869518672243
AP3M2,17844,63,1.0986336144748
ZYG11A,4249,15,1.09852280181826
EXD1,8215,29,1.09848714272954
APEX1,4816,17,1.09841635581033
NUDCD3,30030,106,1.09838623332697
CNKSR3,16149,57,1.09833233405895
TSEN2,12184,43,1.09820423261003
SH2D4A,15304,54,1.09797727298307
HNF4G,8221,29,1.09768542482948
TOMM7,8505,30,1.09761866782499
SLC35F4,20131,71,1.09748235831878
IKZF1,24956,88,1.09726681058254
PDE7A,19574,69,1.09691772609884
SLC41A2,16456,58,1.09675156508546
RXRG,8229,29,1.09661828624659
TFPI,20153,71,1.0962842929249
ZNF140,5111,18,1.0959006186482
BRAP,8236,29,1.09568624059291
MGST2,4260,15,1.09568624059291
SNRK,16189,57,1.09561855968361
KANSL2,18463,65,1.09550820567324
EXT2,28976,102,1.09538373196768
RCAN2,8523,30,1.09530057137763
ASAH1,22446,79,1.09519809738673
DCP2,8240,29,1.09515435406835
STK3,42055,148,1.09508700664846
MKI67,12219,43,1.09505854571737
ERCC5,23875,84,1.09481428086218
ST7L,23595,83,1.09461818449909
KAT6A,18766,66,1.09440173151836
OPHN1,28150,99,1.09436285401457
GAPVD1,27582,97,1.09433560132889
FBXO15,29573,104,1.09431538234715
SRRM1,27876,98,1.09395678892889
AFF4,19630,69,1.09378846513798
ACACA,58891,207,1.09376989203742
PSMD6,14230,50,1.09337629068301
ALPK2,13949,49,1.09309410883152
FTCDNL1,10249,36,1.09301357438012
ROPN1,8826,31,1.09295509428733
NUP88,19653,69,1.09250839926009
NSMCE2,16239,57,1.09224514210961
EMB,13960,49,1.09223278825866
SERGEF,45595,160,1.09196146008426
PLEKHA3,9404,33,1.09195783143734
DHRS7,13394,47,1.0919232446942
FBN2,23654,83,1.09188788633026
GART,24234,85,1.09143624031991
GTF2H1,20813,73,1.09142205064009
ACSM6,4277,15,1.09133116318115
SCO1,4848,17,1.09116608283469
SIRPG,16258,57,1.09096868389211
VGLL1,11980,42,1.09093034038332
TBX22,8843,31,1.09085397061856
MCM8,4279,15,1.09082107616868
CUBN,17976,63,1.09056621143126
JTB,4280,15,1.09056621143126
IL12RB2,24541,86,1.09046252150447
CASS4,4281,15,1.09031146576169
FANCD2,31112,109,1.0901923136987
ALKBH3,14272,50,1.09015867547781
ZBTB38,35682,125,1.09009757135386
NKIRAS1,12275,43,1.09006275927663
GALNT11,24837,87,1.08999539528001
TAF1B,8280,29,1.08986375332406
POLB,26561,93,1.0895397382079
CDNF,10285,36,1.08918776118832
ACSM4,8000,28,1.08911212314935
ACTR5,4000,14,1.08911212314935
ARMS2,4000,14,1.08911212314935
ARSF,8000,28,1.08911212314935
ASB14,8000,28,1.08911212314935
B3GNT6,4000,14,1.08911212314935
CCDC152,4000,14,1.08911212314935
CCDC169-SOHLH2,4000,14,1.08911212314935
CDH17,12000,42,1.08911212314935
CLDN1,8000,28,1.08911212314935
CLDN20,4000,14,1.08911212314935
CLEC14A,4000,14,1.08911212314935
CNTNAP5,8000,28,1.08911212314935
CT47A6,4000,14,1.08911212314935
CTSG,4000,14,1.08911212314935
CXCL1,4000,14,1.08911212314935
CXCL5,4000,14,1.08911212314935
DEFB1,4000,14,1.08911212314935
DGKK,4000,14,1.08911212314935
ENPEP,20000,70,1.08911212314935
FAM209A,8000,28,1.08911212314935
FAM218A,4000,14,1.08911212314935
FCN1,4000,14,1.08911212314935
FPR3,8000,28,1.08911212314935
GABRG1,4000,14,1.08911212314935
GSTA2,4000,14,1.08911212314935
HEMGN,8000,28,1.08911212314935
HINT3,4000,14,1.08911212314935
ID4,4000,14,1.08911212314935
KIF5B,8000,28,1.08911212314935
KLHL11,4000,14,1.08911212314935
KRTAP12-3,4000,14,1.08911212314935
KRTAP4-7,4000,14,1.08911212314935
KRTAP5-11,4000,14,1.08911212314935
LAPTM4A,8000,28,1.08911212314935
LRRC40,4000,14,1.08911212314935
MRAP2,8000,28,1.08911212314935
MYF6,4000,14,1.08911212314935
NACA2,4000,14,1.08911212314935
NUTM2F,4000,14,1.08911212314935
PATL1,8000,28,1.08911212314935
PCDHB11,4000,14,1.08911212314935
PCDHB8,4000,14,1.08911212314935
PPIAL4G,4000,14,1.08911212314935
PPP1R17,8000,28,1.08911212314935
PRMT6,4000,14,1.08911212314935
PTX3,4000,14,1.08911212314935
RBP2,8000,28,1.08911212314935
RFXAP,8000,28,1.08911212314935
RNASE3,4000,14,1.08911212314935
SLC25A33,4000,14,1.08911212314935
SLC35F1,8000,28,1.08911212314935
SLC46A3,8000,28,1.08911212314935
SMCP,4000,14,1.08911212314935
SPDYE5,4000,14,1.08911212314935
SPIC,4000,14,1.08911212314935
SPIN4,4000,14,1.08911212314935
SSX1,4000,14,1.08911212314935
ST6GALNAC3,8000,28,1.08911212314935
TAL2,4000,14,1.08911212314935
TMED7,4000,14,1.08911212314935
TMEM132D,8000,28,1.08911212314935
TMEM30B,4000,14,1.08911212314935
TMEM74,4000,14,1.08911212314935
TMEM81,4000,14,1.08911212314935
TRIL,4000,14,1.08911212314935
TSPYL4,4000,14,1.08911212314935
ZNF284,8000,28,1.08911212314935
ZNF416,4000,14,1.08911212314935
ZNHIT6,4000,14,1.08911212314935
ZSCAN4,8000,28,1.08911212314935
ENPP5,7429,26,1.08904929338243
CDK15,12287,43,1.08899815822582
FBXL5,21146,74,1.08895025216592
DDR2,9145,32,1.08885692230819
C17orf78,4001,14,1.08883991317106
SLC9A6,30866,108,1.088799597339
NUP107,15720,55,1.08871622633977
PHLPP1,19151,67,1.08864904109456
TMIGD1,4002,14,1.08856783922974
ZNF557,4002,14,1.08856783922974
UTP18,20582,72,1.08855272799746
PEAK1,23732,83,1.08829917677634
NDFIP1,12009,42,1.08829590122343
TMEM186,4003,14,1.08829590122343
GBP1,12870,45,1.0880240990503
GOLIM4,8580,30,1.0880240990503
TTPA,4004,14,1.0880240990503
CYP3A7-CYP3A51P,8009,28,1.08788824886937
TLL1,5721,20,1.08783391829535
LNX1,24315,85,1.08780036388702
KCNN2,17168,60,1.08751709807218
ADIPOQ,4006,14,1.08748090179666
CDYL,27471,96,1.08743000486058
MYO1H,16025,56,1.08741304027392
TXNRD1,22893,80,1.08740625458747
USO1,12021,42,1.08720950651295
ZNF33B,12594,44,1.08716017646887
POU5F1B,12022,42,1.08711907151823
ITSN1,50952,178,1.08708452728946
AKR1C2,10305,36,1.08707385966248
METTL14,12023,42,1.08702865156718
SSX2,8017,28,1.08680266748095
TTC23,29778,104,1.0867818121483
ABCB4,20618,72,1.08665206361644
RDX,24628,86,1.08661039224627
RFC4,16610,58,1.08658300752838
NNT,25775,90,1.08654666574412
CCDC34,8019,28,1.08653161057424
ZNF654,8019,28,1.08653161057424
CBX5,13176,46,1.08637257491695
ALDH8A1,12031,42,1.08630583308056
DCBLD1,21771,76,1.08627494451138
MS4A6A,10313,36,1.08623059476601
UBXN2B,8022,28,1.08612527863311
NAIP,20629,72,1.08607262822453
SPTLC2,29226,102,1.08601378969053
SFSWAP,23787,83,1.0857828252094
LY96,12037,42,1.08576434973766
CCDC62,10032,35,1.08563808128923
ZNF35,4013,14,1.08558397522985
CNOT10,37838,132,1.08555118630337
DR1,8028,28,1.08531352580902
METTL16,16056,56,1.08531352580902
SCGN,4014,14,1.08531352580902
VAMP4,4014,14,1.08531352580902
ERCC4,18926,66,1.08514968264152
ESR1,28676,100,1.08514050888683
C14orf39,12044,42,1.08513330104552
RFX6,8030,28,1.0850432111077
STAMBP,19217,67,1.08491012051839
DYNC1LI1,8605,30,1.08486307610129
SH3GL2,4016,14,1.08477303102525
RPL17-C18orf32,8893,31,1.08472075364668
ADD3,31269,109,1.08471851558394
RPUSD4,9180,32,1.08470550702705
SKA2,7459,26,1.0846691514329
CTHRC1,8895,31,1.08447685915458
ZNF10,12052,42,1.08441300014871
TMCC1,24966,87,1.08436335947167
DEK,12340,43,1.08432093761107
ALKBH2,4879,17,1.08423307431493
ANAPC13,7463,26,1.08408779318478
TXNL1,12630,44,1.08406138261671
DSP,18084,63,1.08405320817785
GMDS,29567,103,1.08401305204531
RAB14,12631,44,1.08397555715691
NIPAL1,8038,28,1.08396329748629
TPX2,4019,14,1.08396329748629
AK5,37323,130,1.0838554243413
SMG1,43930,153,1.08376413672304
LYSMD2,8614,30,1.08372959947197
ADH1A,4020,14,1.08369365487498
CA6,4020,14,1.08369365487498
CYP4A22,4020,14,1.08369365487498
AP4B1,11773,41,1.08368050500839
HNRNPR,9763,34,1.08367779772254
BCL10,4882,17,1.0835668106478
RBPJ,37333,130,1.08356510333191
LDAH,8041,28,1.08355888386952
PAFAH1B1,31878,111,1.08351882327784
NUP210L,8043,28,1.08328944239647
SSX2IP,16086,56,1.08328944239647
SYT14,16086,56,1.08328944239647
ANXA2,23844,83,1.08318721956283
PALLD,41081,143,1.08317737160632
GSTA1,8044,28,1.08315477190388
ZSCAN23,4022,14,1.08315477190388
SVOP,8045,28,1.08302013489059
UEVLD,12073,42,1.08252675207423
TAF1,36509,127,1.08245121273398
CNEP1R1,5750,20,1.08234745157699
LEKR1,9201,32,1.08222981790114
SNW1,8052,28,1.08207861217024
SPR,4026,14,1.08207861217024
TFDP2,42278,147,1.08195064033949
ZNF680,8053,28,1.08194424254251
UBA3,8055,28,1.08167560337614
PLD5,12083,42,1.08163084315089
ERICH2,16399,57,1.08158844214391
YKT6,9782,34,1.08157292365213
C8orf89,4028,14,1.08154133381266
SNCA,10648,37,1.08128014802313
RBM17,21299,74,1.08112784789429
LSM10,4030,14,1.08100458873385
MYO1B,36561,127,1.08091166340376
VPS13D,68809,239,1.08082953198687
MPHOSPH6,4031,14,1.08073641592593
NBPF26,16125,56,1.08066939351253
XPO1,40026,139,1.08063034111941
COL14A1,20157,70,1.08062918405452
U2AF1,14110,49,1.08062152544939
CBR4,7487,26,1.08061268873221
ZNF737,8063,28,1.08060237941149
MAEL,16703,58,1.08053306322495
NAPEPLD,12672,44,1.08046837614023
NEK3,14112,49,1.08046837614023
ZSCAN5B,4032,14,1.08046837614023
USP28,20161,70,1.08041478413705
FGF12,16129,56,1.08040138696693
NEDD9,12100,42,1.08011119651175
DCLRE1B,6627,23,1.07997925510078
RAB3GAP2,21038,73,1.07974936495732
SMAD2,17870,62,1.07962189839731
EZH1,20465,71,1.07957084560544
MYL12B,5477,19,1.07948200734697
NXPE4,4036,14,1.07939754524217
PPA1,11532,40,1.07934405941168
CAAP1,8361,29,1.07930533160187
ATP6V1D,12399,43,1.07916125253009
SLC39A2,4038,14,1.07886292535845
ALG14,8077,28,1.07872935312552
NHLH2,7213,25,1.07852104647299
ZKSCAN8,4328,15,1.07847120723794
RFC3,8080,28,1.07832883480134
FAM111B,6349,22,1.07825604523933
NFYC,31458,109,1.07820151515653
ZFY,8370,29,1.07814478823455
DONSON,12988,45,1.07813906334904
TMEM154,10102,35,1.07811534661389
PPP1R12B,44161,153,1.07809511845844
RTCB,12124,42,1.07797306811219
NDUFB3,4619,16,1.07789527543931
GEMIN8,14724,51,1.07782664416923
RAB29,4331,15,1.07772417107499
FABP7,4043,14,1.0775286897347
GSDMC,12129,42,1.0775286897347
KLHL6,8086,28,1.0775286897347
ACSM2A,21082,73,1.07749583246239
NOL8,19350,67,1.07745311555565
CTTNBP2,26861,93,1.07737109513942
PTK2,82048,284,1.07709717995882
COG8,12712,44,1.07706853858158
COX7B,4045,14,1.07699591905993
TGDS,8090,28,1.07699591905993
SYT16,16758,58,1.07698673797866
MYO1E,26583,92,1.07693225347822
EIF3H,12715,44,1.07681441309076
DDX3X,16185,56,1.07666320484335
MTM1,17631,61,1.07660759072268
NUP214,63588,220,1.07659426797894
ZNF330,4047,14,1.07646367496847
TMCO5A,21971,76,1.07638668321685
DDX17,15034,52,1.07630001337476
ZNF613,4337,15,1.07623319919894
CREBL2,4049,14,1.07593195668002
NKAP,12147,42,1.07593195668002
RRP15,4049,14,1.07593195668002
PTRHD1,5785,20,1.07579910917333
AARD,4339,15,1.07573712489647
PPP1R11,5497,19,1.07555447593948
BORCS5,4340,15,1.07548925919949
PLAC8L1,5208,18,1.07548925919949
SLC16A1,13599,47,1.07546289723025
RBBP9,4051,14,1.0754007634158
RASGRP1,23438,81,1.07539748607387
COL4A3,26624,92,1.07527381663956
TMC1,24603,85,1.07506669300137
ZNF491,4921,17,1.07497930696658
TRPC6,16504,57,1.07470727476478
RASEF,8687,30,1.07462262804784
RWDD2B,4054,14,1.07460495624011
TEX15,13900,48,1.07456077926349
ADH5,11585,40,1.07440618844501
ZNF879,4634,16,1.07440618844501
ZNF304,4055,14,1.07433994885263
ZNF567,19118,66,1.0742516421003
ORMDL1,8982,31,1.07397257427967
VPS45,12750,44,1.07385845195678
DOCK9,39992,138,1.07376813215936
ZSCAN31,19130,66,1.07357777802789
PROK2,4058,14,1.07354571034929
TRAM1,4638,16,1.07347957681203
UBE2T,4059,14,1.07328122507943
FAM24B,4060,14,1.07301687009788
MIS12,4642,16,1.07255456209698
IRAK3,4062,14,1.07248855061482
ESCO2,16250,56,1.07235655202398
RAP1GDS1,12191,42,1.07204868163335
KIF1B,31349,108,1.07202425504691
ALG9,39478,136,1.07198402544862
BCAT1,16837,58,1.07193346528754
C3orf38,4645,16,1.07186184655634
KLRC4-KLRK1,6387,22,1.07184086914428
RLN2,11613,40,1.07181569733363
CDON,31938,110,1.071740188995
FRMPD4,25558,88,1.07142149326622
GLYATL1,19750,68,1.0713869710547
LYAR,8133,28,1.07130173185722
LURAP1L,4648,16,1.0711700252268
NUP155,20339,70,1.07095936196406
MBTPS1,32253,111,1.07092093908941
SNRPB2,4068,14,1.07090670909474
CLN5,9299,32,1.07082444935029
SSX2B,8137,28,1.07077509956923
CCDC59,6684,23,1.07076937814974
FAR2,24416,84,1.07055582223069
REV1,33722,116,1.07040767184902
FAM9B,13085,45,1.07014674472888
NLRP8,4071,14,1.07011753686991
ZNF221,10469,36,1.07004452419733
ACSM3,38096,131,1.07003126036903
ARL14EP,11637,40,1.06960519834454
COL8A1,8147,28,1.06946078129309
HEXB,22987,79,1.06942256466448
AIFM1,23570,81,1.06937489514634
PLK2,9023,31,1.06909250384351
HMGN3,4075,14,1.06906711474783
ERI1,20085,69,1.06901008566884
CDK1,5822,20,1.0689621859443
ZFP30,5532,19,1.06874963019511
SLC10A7,8735,30,1.06871743215244
MYRFL,19509,67,1.06867178153682
ALKBH1,7571,26,1.0686233259197
INTS10,30286,104,1.06855275712052
CAPRIN2,26212,90,1.06843202768025
COL6A5,8156,28,1.06828065046528
CLYBL,16021,55,1.0682615990301
ANKRD17,21852,75,1.06800827954553
SUPT3H,12530,43,1.06787872068002
CREB5,39339,135,1.06786167580091
ACSM2B,24773,85,1.06768925232765
SPAM1,10784,37,1.06764382568159
CDKN3,11077,38,1.06749534246445
SDAD1,16325,56,1.06742995224439
ERAP1,30905,106,1.06728809535056
TBC1D31,34701,119,1.06711080911438
DNAL1,8167,28,1.06684180056261
PLSCR1,16335,56,1.06677649038198
SPAST,14585,50,1.0667634293054
LSAMP,24504,84,1.06671118819721
MYO1D,40842,140,1.06665895220543
MAPK14,9337,32,1.06646637619239
BAAT,5836,20,1.06639784896637
MAPKAP1,42899,147,1.06628847227844
LMNB1,8756,30,1.06615426791361
PTPN20,20434,70,1.06598034956382
PDCD2,8466,29,1.06591919176981
UPRT,16643,57,1.06573147045112
PGBD2,8176,28,1.06566743948077
ESRP1,13142,45,1.06550526211972
HLA-DRB1,8762,30,1.06542419194837
P2RY10,4089,14,1.06540682137378
AQP4,7595,26,1.06524650434997
ZMYM6,11977,41,1.06522255869281
MTHFS,4382,15,1.0651810554372
RAD50,29506,101,1.06516180184257
COL24A1,8180,28,1.06514633070841
CPEB4,20744,71,1.06505097162145
CAT,23378,80,1.06484692387163
SAP18,8767,30,1.06481655866905
CEP135,16074,55,1.06473927324009
LTBP1,28353,97,1.0645774540914
PPCS,14909,51,1.06445231127156
SLC39A9,9355,32,1.06441438316498
IKZF3,8186,28,1.0643656224279
AKAP3,7894,27,1.0643174680601
C11orf71,4094,14,1.06410564059536
INTS7,19593,67,1.06409012330944
MYL12A,11698,40,1.06402767081001
NOP58,19012,65,1.06387376400931
AOX1,21064,72,1.06364376413045
CD164,9951,34,1.06320433515879
C6orf118,12000,41,1.06318088212199
DSCAM,12000,41,1.06318088212199
GXYLT2,12000,41,1.06318088212199
KDM7A,12000,41,1.06318088212199
SFRP4,12000,41,1.06318088212199
SLC1A1,12000,41,1.06318088212199
SMC3,19025,65,1.06314680690382
NT5DC1,12002,41,1.06300371483618
BTBD1,16101,55,1.06295379653818
FGD6,16103,55,1.06282177718818
STPG1,22547,77,1.06268979062783
CUL4B,37188,127,1.0626871927962
GTF2H3,16107,55,1.06255783684493
ITGA2,4100,14,1.06254841282864
NOL4,20796,71,1.06238783205017
NCALD,31050,106,1.06230398025149
ARID1B,55678,190,1.06187775319504
APC,12308,42,1.06185777362628
MED13,15825,54,1.06182901647601
WDR12,24324,83,1.06181204009439
NPNT,15829,54,1.0615606914987
SOCS4,4397,15,1.0615472788096
DIAPH1,27557,94,1.06145225818733
POU2F1,28144,96,1.06142657985805
ARL6IP5,4105,14,1.06125420038914
ACADSB,12027,41,1.06079409540732
GZMB,4107,14,1.06073739775929
HIPK1,16136,55,1.06064818282482
LRRC9,16431,56,1.06054372651632
ANKRD7,12031,41,1.0604414084834
NEMF,28475,97,1.06001631451636
RHOBTB1,19376,66,1.05994750689892
CHL1,29372,100,1.05942697919238
SEC23A,28201,96,1.0592812192307
EPB41L3,61109,208,1.05916276823879
TLR7,4407,15,1.05913850350029
ATP6AP2,20860,71,1.05912834876872
KLHL12,9402,32,1.059093443364
MTERF2,5877,20,1.05895828595673
VIPAS39,13520,46,1.05873114253741
SPAG6,12053,41,1.0585058147734
NFIA,37932,129,1.0582505828947
ATP1A1,21174,72,1.05811808102597
VAMP3,9411,32,1.0580806029655
SWAP70,12058,41,1.05806689214329
CPD,23528,80,1.05805811740356
FAIM,8529,29,1.05804571198537
TSACC,5588,19,1.05803918293474
ARGFX,6765,23,1.05794863614972
RB1,16178,55,1.0578946147893
TBL1XR1,47358,161,1.05788161799211
SPATS2L,31475,107,1.05784633770095
FOXP1,106793,363,1.05771432505131
IL12A,4119,14,1.05764712129095
PTPN21,16477,56,1.05758293198942
AKIRIN2,4708,16,1.0575187504788
SPATA4,4708,16,1.0575187504788
PUDP,16481,56,1.05732625267821
ZFPM2,29144,99,1.05703796117589
PWP1,8243,28,1.05700557869645
NCAPD3,34150,116,1.05699231361912
MKLN1,24144,82,1.0568398430636
EPG5,28857,98,1.05676748962754
CDKL1,20908,71,1.05669683161065
PRKD3,24150,82,1.05657727415849
PDZD8,12959,44,1.05653949089042
AKAP13,57729,196,1.05649290471624
LYRM4,16495,56,1.05642885543435
SCARB2,27403,93,1.05606192703499
AZIN1,20333,69,1.05597145382672
TCP1,12378,42,1.05585276117242
CKAP2L,8547,29,1.05581746548768
RMDN2,25641,87,1.05581746548768
SNX19,21222,72,1.0557248255416
USP54,38023,129,1.05571788418488
MAP7D3,19751,67,1.05557783332499
RDH12,15036,51,1.0554615262535
DBF4,12384,42,1.05534120460208
GALNTL6,13269,45,1.05530711845485
SACS,17987,61,1.05529929571532
DCLK1,16218,55,1.05528542841665
PRIMPOL,15039,51,1.05525098136496
CC2D2A,39812,135,1.05517458214438
ERH,7373,25,1.05511627671364
IKZF2,11798,40,1.05500895856378
FAXC,12388,42,1.05500044218536
THUMPD3,12685,43,1.05483014348605
METAP1,18589,63,1.05460316405876
LYPD6B,21540,73,1.0545852896923
ANLN,25971,88,1.05438337087128
TSNAX-DISC1,4722,16,1.05438337087128
ZNF229,4132,14,1.05431957710489
LMO3,12398,42,1.0541494981281
UGT3A1,8271,28,1.05342727423465
FH,11226,38,1.05332673334034
PSMA1,17432,59,1.05319634278194
RBFOX2,32501,110,1.05317492249846
DNAJB11,17140,58,1.05298388302488
ZNF334,27189,92,1.05292912921444
TBP,10640,36,1.05284738005845
WDR48,14188,48,1.05274843753612
MYNN,8869,30,1.05257038785112
SLC44A5,13601,46,1.05242592802777
IFT74,20402,69,1.05240013580329
PRKAR1A,19811,67,1.05238088869829
KIF2A,26919,91,1.05193042839196
HDC,10650,36,1.05185879096919
ATP7B,31955,108,1.05169420658631
KIAA0753,24264,82,1.05161313760829
ZNF397,9765,33,1.05158949788395
SNX5,26043,88,1.051468360976
GPR137C,8583,29,1.0513890105468
PPM1K,8879,30,1.05138492733997
BACH2,21606,73,1.05136384059855
TUBA1A,5920,20,1.05126652813644
SGK3,21315,72,1.0511185666265
UBE2V2,13322,45,1.05110870400671
HCFC2,16283,55,1.05107284149489
FASTKD2,8290,28,1.0510129053311
KIF6,20134,68,1.05095324716054
TRPC7,8291,28,1.05088613981363
ITM2A,7996,27,1.05074063192426
TM9SF2,14516,49,1.05039747341492
PLD1,31995,108,1.05037938338696
MGST1,18369,62,1.05029361012357
RC3H2,16888,57,1.05027053900509
B3GLCT,8000,27,1.0502152616083
CD180,8000,27,1.0502152616083
CXCL11,8000,27,1.0502152616083
CYP4Z1,8000,27,1.0502152616083
FNDC7,8000,27,1.0502152616083
HACD4,8000,27,1.0502152616083
HSPA2,8000,27,1.0502152616083
NUP62CL,8000,27,1.0502152616083
PLCL2,16000,54,1.0502152616083
PSMB2,8000,27,1.0502152616083
URB2,8000,27,1.0502152616083
ZFP82,8000,27,1.0502152616083
PEX3,8002,27,1.04995277341495
MGME1,5039,17,1.04980614597789
TAMM41,21640,73,1.04971197504493
ATP11C,24019,81,1.04938449888002
ZPBP,16014,54,1.04929712662251
NVL,25208,85,1.04926475118664
ZDBF2,8897,30,1.04925781385316
EDAR,4152,14,1.04924096642519
MROH9,8008,27,1.04916609551279
ARHGAP10,24025,81,1.04912242574815
IFT81,23138,78,1.04899479650852
JAML,15426,52,1.04894946201712
CCL23,8010,27,1.048904131444
GTF2H5,8010,27,1.048904131444
DYNC1I1,12164,41,1.04884664464517
RIPK2,8011,27,1.04877319846042
NUDT13,4155,14,1.04848339172019
MEP1B,8014,27,1.04838059556606
PLEKHS1,16622,56,1.04835723561482
C9orf57,8015,27,1.04824979324597
CDC37L1,4156,14,1.04823110986463
PHF21A,43047,145,1.04816501469594
CBFB,19002,64,1.0480577365023
SNX27,20193,68,1.04788256714358
ZNF211,6830,23,1.0478803109155
ZNF124,8018,27,1.04785758204869
FRMD7,12176,41,1.04781295872732
CR2,13958,47,1.0478019730215
ATP1B3,17819,60,1.04778570849673
ARFIP1,12177,41,1.04772691019659
VTI1B,8613,29,1.04772691019659
NLGN1,14556,49,1.04751097307577
PHACTR4,12182,41,1.04729687945032
HMMR,4457,15,1.04725676125775
DPYS,24069,81,1.04720454853128
ZNF831,8023,27,1.04720454853128
MTRR,27933,94,1.04716428163349
ATP2B1,22586,76,1.04707747352153
NEO1,29126,98,1.04700746577566
SMAP1,9214,31,1.04693093794009
TEKT3,16944,57,1.0467993899149
RBM11,8027,27,1.04668270747059
EREG,8028,27,1.0465523284587
ZNF365,5352,18,1.0465523284587
CPEB2,12193,41,1.0463520532653
ZNF470,10707,36,1.04625909440757
COPA,30040,101,1.0462271679483
TMEM71,4164,14,1.04621721724241
FAT1,20821,70,1.04616696906907
SERINC3,8031,27,1.04616138623664
KIDINS220,34210,115,1.04604246178791
HABP4,8032,27,1.04603113706006
NSUN7,17849,60,1.04602462545258
SLC35B4,8033,27,1.04590092031202
RAB38,20234,68,1.04575925068352
RSRC1,20532,69,1.04573678018014
SDCCAG8,33925,114,1.04565770745574
SAMD13,16667,56,1.04552672768882
SLN,8036,27,1.04551046451797
NDC1,4167,14,1.04546400110329
MAD2L1,8037,27,1.045380377363
ADAM23,8335,28,1.04533857050928
OXSM,8931,30,1.04526332659854
ZFAND4,12505,42,1.04512958638882
SNX13,12212,41,1.04472408986766
LGI1,23829,80,1.04469307928452
GRM3,8936,30,1.04467846573988
SPAG1,16681,56,1.04464923987708
UBE4A,8044,27,1.04447067290731
PNLDC1,8045,27,1.04434084435878
NUP98,51550,173,1.04429207318741
GRM8,30101,101,1.04410697734849
LUC7L3,22653,76,1.0439805684438
FAM185A,4471,15,1.04397749606929
TRMT10C,4173,14,1.04396081778035
CDKN2C,9539,32,1.04388264540396
CASP6,11924,40,1.04386075923645
RNF149,16396,55,1.04382892644921
CCDC122,8049,27,1.04382185276015
ADAM9,20272,68,1.04379896795236
ZEB2,37576,126,1.04343294744988
PHLDB2,37580,126,1.04332188486899
STK31,12826,43,1.04323408468116
TNFSF4,22371,75,1.04323083119346
CSRP3,8054,27,1.04317383820045
BBS4,21182,71,1.04302791782246
FBXW12,8056,27,1.04291485760507
PLSCR4,8653,29,1.04288361002233
ADAM17,24469,82,1.04280277783839
FAM13B,21191,71,1.0425849348929
MS4A4E,8060,27,1.04239728199335
SLC16A4,8060,27,1.04239728199335
PFN2,14330,48,1.04231645720604
ZCCHC2,25675,86,1.04229954197629
TPD52L1,26872,90,1.04219039556247
ATXN2,41802,140,1.04216269379393
SKP2,16126,54,1.04200943728965
TNFRSF19,8063,27,1.04200943728965
LCORL,13142,44,1.04182736740595
KLHL5,16729,56,1.04165186026598
CAB39L,24796,83,1.04160009934086
SLIRP,6573,22,1.04151036531637
STXBP6,13147,44,1.04143114493413
HEPH,19123,64,1.04142619406038
RBM45,13148,44,1.04135193660245
DPH5,8368,28,1.04121617891907
PIR,10460,35,1.04121617891907
FAM177A1,9564,32,1.04115396847641
RASGRP3,31084,104,1.04112047362476
MYO3B,14048,47,1.04108911869548
IFT88,20028,67,1.04097851937297
RAB3C,12854,43,1.04096159717758
LCOR,13153,44,1.04095607560625
LMAN1,14052,47,1.04079276540237
MAP2K6,15846,53,1.04078438050009
COL4A4,12260,41,1.04063381610635
PPP1CC,18540,62,1.04060643604962
ETFA,22736,76,1.04016941489081
ZNF507,8078,27,1.0400745348931
CSNK2A1,31116,104,1.04004977510452
CCNJ,4189,14,1.03997338090174
TM4SF4,5087,17,1.03990036752164
ZNF569,14067,47,1.03968294159623
NADK2,20952,70,1.03962592893218
PIK3R1,28136,94,1.03960903749176
FCGR2B,8082,27,1.03955977392557
SMAD1,17661,59,1.0395401532968
CTR9,16165,54,1.03949546462931
KDM4C,46400,155,1.03948509290732
UPK1B,8083,27,1.03943116328918
CCNT1,10478,35,1.03942748916716
NAA20,4491,15,1.03932829769
ITIH2,8084,27,1.03930258447135
ADAMTS9,22755,76,1.03930089285684
DERA,20061,67,1.03926612761088
ZDHHC15,4492,15,1.03909692451598
DCK,8086,27,1.03904552224418
C6orf89,8088,27,1.03878858714966
UBN2,12881,43,1.03877962659115
MTMR8,12882,43,1.03869898852046
EPC1,12583,42,1.03865099561251
PTPN13,17378,58,1.03856276643149
MED7,8090,27,1.0385317790935
EGLN1,14085,47,1.03835427330026
ST13,14085,47,1.03835427330026
PLEKHH2,20079,67,1.0383344681509
LRRC2,12290,41,1.03809361964718
RSPO2,17686,59,1.03807071397573
DET1,8096,27,1.03776211621374
SEMA6A,41397,138,1.03732480955908
NOTCH2,24299,81,1.0372923280217
FCRL4,12000,40,1.03724964109462
GMPS,12000,40,1.03724964109462
HAUS6,12000,40,1.03724964109462
MAP3K19,24302,81,1.03716427777958
DERL1,12302,41,1.03708101003608
ACTA2,8102,27,1.03699359329381
ZNF26,8103,27,1.0368656167921
FAM98A,11105,37,1.03678262189557
MND1,8704,29,1.03677296386985
CD40LG,8104,27,1.03673767187394
PCOLCE2,12607,42,1.03667371125503
MYPN,27617,92,1.03661114872041
C1orf141,12008,40,1.0365586020266
SRPRB,13509,45,1.0365586020266
PRPS1,16512,55,1.03649582594848
EFNA5,12310,41,1.03640703375011
NAT1,14113,47,1.0362941925483
CADM1,39640,132,1.03620297142651
ANKS1B,60062,200,1.03617892287432
SIPA1L1,36942,123,1.03607037400226
POLG2,16824,56,1.03576996970932
GKAP1,16825,56,1.03570840834411
ANXA7,12018,40,1.0356960969492
SETD2,39663,132,1.0356020923114
ADGRB3,12022,40,1.03535149668403
RIC3,13827,46,1.03522420243768
ULK2,31262,104,1.03519252773822
MRAP,8117,27,1.03507725672865
GMCL1,12026,40,1.0350071256557
PACRGL,20445,68,1.03496662647739
OTUD4,14434,48,1.03480634832774
PSMA3,18946,63,1.03473124758199
CYP39A1,12030,40,1.03466298363553
EFCAB3,12030,40,1.03466298363553
RSF1,29175,97,1.0345831895751
DYRK1A,34593,115,1.03446109379829
SUPV3L1,12334,41,1.03439035069433
FAM169A,9327,31,1.03424698854723
GDPD4,12038,40,1.03397538570655
HSD17B11,13242,44,1.03395976910202
SNX24,20766,69,1.0339529794211
RAG2,7524,25,1.03394102979926
CREB3L2,12039,40,1.03388950021891
BPNT1,8729,29,1.03380362899796
TMEM156,4515,15,1.03380362899796
ADK,16257,54,1.03361285512289
FUNDC2,15657,52,1.03347348796552
PRDM1,18368,61,1.03340964895642
EIF2AK3,37941,126,1.03339491403433
USP48,31020,103,1.03323706994919
CDK14,28611,95,1.03322549967483
CDC123,16267,54,1.03297745040467
CNOT11,10544,35,1.03292120936016
C1orf50,9942,33,1.03286777779488
HOMER1,9340,31,1.03280745847751
SLC4A7,20489,68,1.03274404208747
NCOA7,24106,80,1.03268859977893
VPS54,12356,41,1.0325486067873
PPP1R2,12359,41,1.03229796791519
FAM118B,12058,40,1.03226038257882
PRR14L,13566,45,1.03220331378279
USP6NL,12361,41,1.0321309429224
HERPUD1,13869,46,1.03208919511903
SEC23B,11457,38,1.03208919511903
CWH43,12364,41,1.03188050675055
PKP2,26839,89,1.03187769355141
GTF3C6,4222,14,1.03184474007518
TCF21,4222,14,1.03184474007518
LIMA1,29254,97,1.03178931277273
ZC3HAV1,12366,41,1.0317136168093
ERCC6,26241,87,1.03167621784877
DPM1,16590,55,1.03162260868362
PBX1,51886,172,1.0315322337525
ATP13A5,12067,40,1.03149048588178
MS4A6E,8146,27,1.03139235119892
TRNT1,19011,63,1.03119342573712
DENND2C,12373,41,1.03112992689435
SRSF7,8450,28,1.03111206925382
ZNF684,8149,27,1.03101265098373
NOX1,8150,27,1.03088614636398
DUSP12,6641,22,1.03084590140408
CHURC1-FNTB,12076,40,1.0307217367618
COLGALT2,16001,53,1.03070241193703
NSF,32607,108,1.03066483796319
TMEM243,15096,50,1.03065345895729
FTO,40467,134,1.03040590041277
RAD51AP1,12986,43,1.03038043817346
ZNF385D,29597,98,1.03034562449511
C5,28397,94,1.03005387466522
FMR1,16616,55,1.03000837012887
FRS2,12085,40,1.02995413265498
PUS7,16013,53,1.02993001270246
ORC5,12090,40,1.02952817974652
SGK1,26296,87,1.02951839186833
PEX7,6650,22,1.02945077161271
PARP15,16022,53,1.029351472563
AGTPBP1,24792,82,1.02921673003096
SCN7A,12094,40,1.02918767100508
MMAA,20560,68,1.02917765945186
GNS,17537,58,1.02914659035447
CTH,8165,27,1.02899229551334
MORF4L2,6653,22,1.02898656714632
KHDRBS3,29334,97,1.02897540587214
DPY19L4,16333,54,1.02880329307126
PPM1D,12401,41,1.02880175675057
THAP1,4537,15,1.02879069537708
MBNL2,16943,56,1.02849518800623
LRRCC1,5447,18,1.02829962583274
MECOM,27539,91,1.02824776505622
PFDN1,14530,48,1.02796936213094
RHOBTB3,33302,110,1.02784331740203
PCYT1A,21496,71,1.02779202434478
TTC3,41784,138,1.02771719177956
SCN11A,12415,41,1.02764160978364
ZC3H8,12113,40,1.02757332561178
SIDT1,29678,98,1.02753350792445
FBXO3,14541,48,1.02719172214858
PLAA,12118,40,1.02714933925858
ETV1,13936,46,1.0271272278348
TRMT1L,12119,40,1.02706458397025
DIS3,4242,14,1.02697984266794
AQR,16060,53,1.02691589622693
TM7SF3,27274,90,1.02682922598646
HIBCH,37886,125,1.02668166449475
IL6ST,20310,67,1.02652475558847
FASTKD1,20619,68,1.0262327308953
TBPL1,10613,35,1.02620571294578
STT3A,26078,86,1.02619222103847
PRMT3,8189,27,1.02597656525417
TXK,12133,40,1.0258794768924
KIAA1328,16077,53,1.02583002384801
TDRKH,9708,32,1.02571039910469
GATM,21541,71,1.02564492620191
LMBR1,27621,91,1.02519514868698
ASPH,35826,118,1.02491590729497
CRADD,20342,67,1.02490992950555
TBCEL,16092,53,1.02487380645069
KCNJ2,4859,16,1.02465492431656
ENKUR,8200,27,1.02460025522761
PIK3CG,8201,27,1.02447531921307
CCAR1,21871,72,1.02439724967509
CHIC1,4255,14,1.02384218392418
SCAI,15808,52,1.02360161950127
ATP13A4,27666,91,1.02352762242041
HECW2,37403,123,1.02330058434862
MLLT10,33453,110,1.02320384288771
HESX1,9125,30,1.02304074190154
GABRA2,13691,45,1.02277920931834
RPAP3,15214,50,1.02265969609697
IBTK,20083,66,1.02263321683381
ZNF561,10956,36,1.02248047862558
OLA1,17957,59,1.02240455796485
DNAH7,24350,80,1.02234050867642
ZNF24,8828,29,1.02221022627132
EIF2AK2,14614,48,1.02206068371168
AXDND1,19181,63,1.02205402307952
MTERF1,4263,14,1.02192082866465
ABCA12,8222,27,1.02185868315087
NAE1,20404,67,1.02179561782013
CCNB1IP1,12185,40,1.02150149307636
RRM2B,12186,40,1.02141766725221
USP37,26817,88,1.02112057742842
TMEM209,14018,46,1.02111892189369
ITCH,16458,54,1.02098943891924
RIOK2,8229,27,1.02098943891924
MAP4K4,27126,89,1.02096016431565
ATL1,24080,79,1.02088108363549
MET,12194,40,1.02074755561222
SMARCA2,66493,218,1.02019951765732
DDHD2,30813,101,1.01998066157683
WSB1,9155,30,1.01968834187347
UBXN4,16789,55,1.01939478694748
CEP57,20758,68,1.01936085742028
UBE2D3,21674,71,1.0193511744632
SEMA6D,23811,78,1.01934574783143
PLPPR5,8548,28,1.01929070954549
NEXN,20149,66,1.01928348273728
MTRF1,10991,36,1.01922446763915
ZNF410,24731,81,1.01917295210866
KCNQ5,28398,93,1.01905996853792
OR11A1,11606,38,1.01883904088219
DDX60,21382,70,1.0187186635014
TRAPPC11,19855,65,1.01870400409696
GABPB1,14968,49,1.01867782763836
STXBP5L,5499,18,1.01857575230241
SMURF2,13445,44,1.01834847619554
ESRRG,30557,100,1.01834241688774
C4BPB,11307,37,1.01826045955163
MFN1,15898,52,1.01780691917701
KLHDC2,14065,46,1.01770672215469
LRRFIP2,25379,83,1.01767272403389
SVIP,6422,21,1.01754480518469
ANKRD46,8258,27,1.01740398315166
SNX3,4282,14,1.01738638313811
AAGAB,12541,41,1.01731684757705
CCDC146,24474,80,1.01716071693515
RBL2,22647,74,1.01677670474237
PPM1B,13772,45,1.0167637347355
SNAP25,18671,61,1.0166390890703
ZNF345,9491,31,1.01637568877673
ACTR3,16535,54,1.01623490690855
SLC17A1,9495,31,1.01594751576408
AOAH,24203,79,1.01569295103675
ZFAND5,8889,29,1.01519539627891
EVI5,24831,81,1.01506851430064
ADAM10,16862,55,1.0149815607912
PBRM1,17486,57,1.01435255991753
DDX42,30984,101,1.01435141121763
ZFR,19639,64,1.01406350165572
GSTO2,16575,54,1.01378245464452
CCNY,20567,67,1.01369756337832
MAT2B,13511,44,1.0133739369735
CACNB2,22419,73,1.0132373049633
ADGRF1,20885,68,1.01316220628826
SERAC1,18121,59,1.01315151743142
MAP3K7CL,27950,91,1.013127556418
TMTC2,8601,28,1.01300976458491
PRRC2C,27961,91,1.0127289868704
RAP2A,4302,14,1.01265655336992
EXOC4,53170,173,1.01247425940964
TRPM3,26441,86,1.01210395749938
ATAD1,11378,37,1.01190639973196
PAM,35980,117,1.01188055593166
CTDSPL2,20605,67,1.01182808959
SFXN1,17530,57,1.01180655235128
HNRNPD,10150,33,1.011701620378
ADAMTS1,8920,29,1.01166725084341
RAD17,16304,53,1.01154742967397
DARS2,8307,27,1.01140268362422
APOL5,4000,13,1.01131840006725
ARL5B,4000,13,1.01131840006725
ASIC5,4000,13,1.01131840006725
ASIP,8000,26,1.01131840006725
C22orf31,4000,13,1.01131840006725
CD69,4000,13,1.01131840006725
CEP55,12000,39,1.01131840006725
CFAP126,4000,13,1.01131840006725
CFAP161,12000,39,1.01131840006725
CKS2,4000,13,1.01131840006725
CLCA2,12000,39,1.01131840006725
DSC1,4000,13,1.01131840006725
DUXA,4000,13,1.01131840006725
ENTPD7,8000,26,1.01131840006725
EPM2AIP1,4000,13,1.01131840006725
ERCC6L,4000,13,1.01131840006725
FARSB,4000,13,1.01131840006725
FIBIN,4000,13,1.01131840006725
GAS1,4000,13,1.01131840006725
GJA3,4000,13,1.01131840006725
GRIN3A,8000,26,1.01131840006725
GSPT2,4000,13,1.01131840006725
HAO1,4000,13,1.01131840006725
HCAR2,4000,13,1.01131840006725
HCAR3,4000,13,1.01131840006725
HTR2B,4000,13,1.01131840006725
IL1RAPL1,4000,13,1.01131840006725
ITGA8,12000,39,1.01131840006725
JMY,8000,26,1.01131840006725
KLF14,4000,13,1.01131840006725
MBOAT4,4000,13,1.01131840006725
MS4A18,4000,13,1.01131840006725
NOX3,4000,13,1.01131840006725
NUDT19,4000,13,1.01131840006725
NUFIP1,4000,13,1.01131840006725
OVCH1,12000,39,1.01131840006725
PCDHB7,4000,13,1.01131840006725
PDE7B,12000,39,1.01131840006725
PKD1L3,4000,13,1.01131840006725
PLCXD2,8000,26,1.01131840006725
PLPPR1,16000,52,1.01131840006725
RAB39B,4000,13,1.01131840006725
RAB44,4000,13,1.01131840006725
RNASE6,4000,13,1.01131840006725
RNF113A,4000,13,1.01131840006725
RTP1,4000,13,1.01131840006725
SGCG,4000,13,1.01131840006725
SHC3,8000,26,1.01131840006725
SOCS6,12000,39,1.01131840006725
TCHH,4000,13,1.01131840006725
THAP11,4000,13,1.01131840006725
TNFRSF21,4000,13,1.01131840006725
TSR2,4000,13,1.01131840006725
USP26,4000,13,1.01131840006725
ZNF354C,4000,13,1.01131840006725
CEPT1,20003,65,1.0111667250585
NUDT9,8309,27,1.01115923611342
ERBB4,20311,66,1.01115370457749
CENPF,14772,48,1.01112881341474
STAP1,4001,13,1.01106563365884
TLR10,8002,26,1.01106563365884
ZNF311,4001,13,1.01106563365884
TSG101,14467,47,1.01093661017724
IGSF6,4002,13,1.01081299357047
AIMP1,16933,55,1.01072574724273
FCRL5,18781,61,1.01068465108522
CYP51A1,28326,92,1.01066476361687
ZKSCAN3,4003,13,1.01056047970747
XPR1,12010,39,1.01047633645354
MCU,16630,54,1.01042959625573
GSAP,28025,91,1.01041624270769
USP45,25562,83,1.01038713963133
COQ2,9856,32,1.01030809197528
IL22RA2,4004,13,1.01030809197528
INSL6,8008,26,1.01030809197528
SLC22A9,4004,13,1.01030809197528
ASXL2,20021,65,1.01025762955622
TMEM117,16325,53,1.01024620480272
ZNF573,16325,53,1.01024620480272
RALA,12321,40,1.01022609310409
DDHD1,19714,64,1.010205595466
TMEM30A,8934,29,1.01008192047495
TEX9,16021,52,1.00999278453755
ALDH7A1,27734,90,1.00979809293844
DNAH14,34823,113,1.00975685130826
BBS2,32976,107,1.00969533840179
ZNF704,20342,66,1.0096127663786
FRMD6,35140,114,1.00950306560717
IMPG1,8016,26,1.00929980046632
SH3TC2,28365,92,1.00927516637446
CEP83,39162,127,1.00912137596918
MSRB3,18503,60,1.00905223691851
HLA-DRA,4009,13,1.00904804197282
TAF13,4009,13,1.00904804197282
GAR1,4318,14,1.00890423635882
TBC1D5,33620,109,1.00886565329548
NCOA5,4010,13,1.00879640904464
RAVER2,8020,26,1.00879640904464
CEBPG,4627,15,1.00877963797834
AIDA,8947,29,1.00861427042843
IL18,8022,26,1.00854490158789
TRIM61,4011,13,1.00854490158789
EXOSC9,11416,37,1.00853810582956
DDX20,9565,31,1.00851245814741
IL21,6172,20,1.00834378589885
GAS2L3,17282,56,1.00832044730874
INO80B-WBP1,4012,13,1.00829351950873
TGS1,8024,26,1.00829351950873
ATRAID,8333,27,1.00824698102321
NCOR1,45371,147,1.00819265989889
SDHAF3,8025,26,1.00816787545645
FAM177B,6482,21,1.00812600106389
TMEM230,8334,27,1.00812600106389
C2orf69,4013,13,1.00804226271344
NSMAF,26239,85,1.00803635229669
BRD7,12657,41,1.00799325159705
WDR36,8027,26,1.00791668126798
PNO1,8029,26,1.00766561222295
KBTBD12,9265,30,1.00758195033476
ADH1B,4016,13,1.00728924309488
FSD2,4016,13,1.00728924309488
ZSCAN12,4016,13,1.00728924309488
SPIDR,53450,173,1.00717037180189
DEPDC4,12050,39,1.00712205815826
USP10,16685,54,1.00709884241731
EXO1,14525,47,1.00689982371319
RAD51B,49138,159,1.00689502788501
SYTL2,39867,129,1.00688692679062
OSGEPL1,5564,18,1.00667650285962
MFSD11,24420,79,1.00666734209429
CDK13,42053,136,1.00634402674388
MOBP,8658,28,1.00634060813061
NOC3L,4020,13,1.00628696524105
DNAJC2,17319,56,1.00616628964661
OGFOD1,8041,26,1.00616182073598
CAST,61549,199,1.00608951523743
NKAIN3,12372,40,1.00606172754085
GRIA1,12375,40,1.00581783378872
CCNB3,14232,46,1.00576482905465
LMO7,54453,176,1.00576241988129
LPP,50123,162,1.00573254907325
GPCPD1,17636,57,1.00572515665219
CMBL,8354,27,1.0057124841832
BRF2,4023,13,1.00553656481954
CLEC2A,4023,13,1.00553656481954
NUDT5,12069,39,1.00553656481954
SYCP3,8046,26,1.00553656481954
THAP10,4023,13,1.00553656481954
MYO9A,41161,133,1.0054726726677
GSG1,8357,27,1.0053514530174
SAXO2,4334,14,1.00517962450332
FBXW2,8049,26,1.0051617841394
HCLS1,8049,26,1.0051617841394
TGFBR2,20123,65,1.00513680869379
SPATA19,4025,13,1.0050369193215
TGFBR1,14243,46,1.00498806761959
MACC1,8052,26,1.00478728272951
SMCO2,19821,64,1.00475218752922
SNRNP40,20751,67,1.00470906394882
GOSR1,12080,39,1.00462092721913
ZNF326,4027,13,1.00453777011895
LCA5,4028,13,1.00428838139747
HSPA13,4338,14,1.00425276454528
MME,25409,82,1.00422453346954
GPR89A,17663,57,1.00418778592074
GBP3,9607,31,1.0041034310586
PPIG,17045,55,1.00408442816434
EEF1E1-BLOC1S5,4029,13,1.00403911647283
NEIL3,4029,13,1.00403911647283
NRAP,4029,13,1.00403911647283
EPB41L2,51138,165,1.00402552376283
MTUS1,57029,184,1.00398359060168
DERL2,10538,34,1.00398048388358
TAPT1,37195,120,1.00392491139686
HLA-DQA1,4030,13,1.00378997525286
INVS,8060,26,1.00378997525286
ATP6V1H,38135,123,1.00365836518661
RSRC2,21083,68,1.00364714121948
ATP8B4,47128,152,1.00361958143598
RIC8B,16125,52,1.00347872254735
ALDH1A1,12094,39,1.00345797922995
ITPR2,25740,83,1.0034000024575
RD3L,4032,13,1.00329206355878
TMTC1,21713,70,1.00318898645913
CDKN2B,4033,13,1.00304329290082
PIK3C2A,8066,26,1.00304329290082
MTR,16444,53,1.00293537420363
MTDH,12721,41,1.00292198612246
DAD1,8067,26,1.00291895382894
POC5,16134,52,1.00291895382894
BTG3,12101,39,1.00287751432171
IWS1,16446,53,1.00281340711446
WDFY3,40340,130,1.00279464557983
PTPN12,31034,100,1.00269025046203
PPME1,19244,62,1.00253810664934
SLC25A13,20486,66,1.00251600574409
DHX57,24211,78,1.00250471280055
PLGLB2,7140,23,1.00238410694018
PTBP3,10246,33,1.00222247187554
CREBZF,9315,30,1.002173566275
TMEM260,24530,79,1.00215313876651
CREM,29499,95,1.0021226065696
MCTP2,20184,65,1.00209908845348
TOMM20,10560,34,1.00188885787549
TMEM144,17083,55,1.00185090897742
MS4A3,12116,39,1.00163591951197
NIN,57784,186,1.00163591951197
HACD3,13049,42,1.0015591599197
COX18,4039,13,1.00155325582298
PMAIP1,4040,13,1.00130534660124
SCG3,4040,13,1.00130534660124
NRDC,31700,102,1.00125675134055
NDUFAF4,4973,16,1.00116595158942
SETD5,45692,147,1.001109804173
PKIB,24245,78,1.00109884931384
KLHL1,4041,13,1.00105756007647
ACSL4,20205,65,1.00105756007647
PTTG1,4352,14,1.00102217201227
SHROOM3,28917,93,1.00076996184044
ACRV1,4043,13,1.00056235475365
FAM50B,8086,26,1.00056235475365
IL5,8398,27,1.00044321182025
CDC16,13375,43,1.00041273795294
MYO6,15867,51,1.00018399878664
CCT6A,14934,48,1.00016036103941
ABCB1,30185,97,0.999965696731935
PTEN,26453,85,0.999881519975535
SUCLG1,17744,57,0.999603745644612
PSEN1,29264,94,0.999536627900092
SLFN12,11208,36,0.999491088849206
SLC9B1,17126,55,0.999335459422003
ARHGAP6,20866,67,0.999171752420295
METTL3,10901,35,0.999093774102698
PCYOX1,9033,29,0.999011610486349
KMT2E,20561,66,0.998859145648241
HAVCR1,8723,28,0.998841795849457
SEMA3D,16201,52,0.998771335169192
YARS2,8101,26,0.998709690228124
EDNRB,13087,42,0.998650987834661
DDIAS,17767,57,0.99830972379794
EIF4G3,32111,103,0.998131914603213
CCDC81,16214,52,0.99797054404071
PIGBOS1,4054,13,0.997847459365816
EMC7,4055,13,0.99760138107744
EPHA3,4055,13,0.99760138107744
USP12,8110,26,0.99760138107744
YBX3,21836,70,0.997538123419446
TBC1D7,9671,31,0.997458552598487
SEC11C,8424,27,0.997355424129442
SETD4,15602,50,0.997227574440412
PCDHGA1,4057,13,0.997109588432097
ZNF483,4057,13,0.997109588432097
STS,8740,28,0.996898968557758
ANKRD18A,16233,52,0.996802464182596
ATG4A,12178,39,0.996536442831914
PANK1,9368,30,0.996503711555463
CEP63,32789,105,0.996473320152506
RNF111,25919,83,0.996470390958603
IL4,4372,14,0.996442930603249
ADGRG4,9058,29,0.996254347264649
ZFP69B,4374,14,0.995987309693051
GPN1,4999,16,0.995958847220279
RASA1,9061,29,0.995924498126387
TMEM70,10311,33,0.995904514289277
RAD54B,24061,77,0.995821732649754
CTNND2,18749,60,0.995812765464993
RC3H1,20000,64,0.995759655450835
TEC,20000,64,0.995759655450835
TMEM33,8126,26,0.995637115498159
TOP2A,12191,39,0.9954737758024
EPS15,20008,64,0.995361510846497
NDUFB9,11880,38,0.995340564686757
LETM2,18449,59,0.995138958608856
TENM2,38462,123,0.995125364161808
COX5B,4379,14,0.994850078236448
MBNL3,15327,49,0.994817624068044
NEK9,31907,102,0.994760993433898
PLCB4,32233,103,0.994354044296955
TRPM8,31922,102,0.994293559848862
RTKN2,8137,26,0.994291163885712
ITGB1BP1,15339,49,0.994039358764647
UFSP2,19415,62,0.993708128990983
VEPH1,40085,128,0.993648153125444
NRCAM,31320,100,0.993534138979521
GOLT1B,4072,13,0.993436542305751
NR2C1,31638,101,0.993383403665434
PZP,10651,34,0.993328921149669
TVP23B,12531,40,0.993296280674762
BTBD3,13471,43,0.993283376892628
ERG,20677,66,0.993255447776441
CBLB,20993,67,0.993127127423516
CSMD1,48579,155,0.992859225403978
AASDH,7209,23,0.992789918650698
BRIX1,4075,13,0.992705177980127
UNC5D,16300,52,0.992705177980127
DROSHA,44516,142,0.992605685834999
MDH1,12542,40,0.99242510709101
SKA3,7839,25,0.992393456845216
SLC33A1,9094,29,0.992310520950428
SLC35A1,10351,33,0.992055979792942
NTPCR,12237,39,0.991731699011772
HSPA4L,9728,31,0.991614068891855
NPEPPS,43633,139,0.991298100832985
TRMT6,4081,13,0.991245675145557
CALB1,16638,53,0.991241092282994
DNM1L,18836,60,0.99121329049178
MOB3B,12244,39,0.991164717478524
N4BP2L2,27000,86,0.99114965704597
HSD17B12,43326,138,0.991140080813305
ST7,33294,106,0.990705189728147
ADGRL3,21989,70,0.990597228750149
RABGAP1,24512,78,0.990194255940523
PCSK5,16029,51,0.990075457529958
LYPLA1,12573,40,0.989978182862916
RAC1,13831,44,0.989928079130141
SOX6,54705,174,0.989752879355437
DISP1,16354,52,0.989427320599002
AP3S1,12895,41,0.98938895583279
C7,20129,64,0.98937816627834
CD1C,5347,17,0.989334798874614
NDUFC1,5347,17,0.989334798874614
ITGB1,30196,96,0.989296253262851
IRAK4,17300,55,0.989284339772326
PDE11A,36491,116,0.989183292047156
TP63,12269,39,0.989145064863237
CYP2C8,10067,32,0.989132467915799
TESK2,8180,26,0.989064449943525
HTATIP2,8495,27,0.989019669554611
INO80B,4405,14,0.988978091395552
PRELID2,20142,64,0.988739604260585
BTF3,8183,26,0.988701845354764
RAPGEF4,38714,123,0.988647821366727
IMPA1,8499,27,0.988554193771787
PABPC4L,16055,51,0.988472096465132
APOL1,4093,13,0.988339506540195
EEF1E1,8502,27,0.988205374366787
THRB,17005,54,0.988147261730835
CHURC1,4094,13,0.988098094838549
FRG1,8503,27,0.988089155929251
PLCH1,16377,52,0.988037760339261
CFAP61,48188,153,0.988000301449387
PTP4A1,13545,43,0.987856801042495
RARS2,19215,61,0.987856801042495
ZC3H14,24572,78,0.987776395963459
HACD2,10711,34,0.987764572791068
LIMCH1,26779,85,0.987709244105934
ZMYND11,21740,69,0.987629603066175
SMAD4,37496,119,0.98756699880195
SERPINB7,10714,34,0.987487991335181
APOL2,4727,15,0.987438837513389
CLEC2D,20799,66,0.987429342452689
TPRG1,49162,156,0.987414735023559
POPDC3,11663,37,0.987179200561629
CARD8,24274,77,0.987083575401076
NSA2,6307,20,0.986760400597387
NMNAT3,12299,39,0.986732319766408
RIOK3,15453,49,0.986706123347629
CLINT1,17348,55,0.986547099265692
NFIB,33751,107,0.986510428702477
CEP76,15458,49,0.986386966236959
SYNE2,74769,237,0.986350619666272
SPIRE1,30918,98,0.986323159589295
TMPRSS7,11358,36,0.98629125936097
ULK4,22406,71,0.98604915448163
THEMIS,8206,26,0.985930684930299
CYP2C9,7261,23,0.985680005998193
CCDC112,12628,40,0.985666431195394
POLR1B,19259,61,0.985599897815647
USP3,35050,111,0.985461142609154
CCDC170,12000,38,0.985387159039889
TEX11,12000,38,0.985387159039889
MUCL1,12001,38,0.985305050285699
MTMR10,20213,64,0.985266566517425
SATL1,8212,26,0.985210326417199
PRR16,22746,72,0.984990426784656
FBXL17,12322,39,0.984890504853681
ENTPD1,20539,65,0.984778616356448
USP40,30342,96,0.984535945670195
APMAP,4109,13,0.984491019778296
MED6,14860,47,0.984200534282244
PAAF1,15809,50,0.98417006872157
NCOA1,20869,66,0.984117250164046
MYO5A,72103,228,0.983979521668613
SLC38A2,14231,45,0.983969514073317
DCX,6009,19,0.983911292101736
GMNC,12018,38,0.983911292101736
ST3GAL6,24036,76,0.983911292101736
TSC22D1,21823,69,0.983873324962592
PNN,7907,25,0.983858898217991
CREB1,23092,73,0.983707220681283
CDKAL1,12024,38,0.983420318403083
MTERF3,8227,26,0.983414027049719
SLC12A2,12974,41,0.983364466275923
RBM25,18987,60,0.983330359704174
UQCRHL,5699,18,0.982829981033681
GUCA1C,4117,13,0.982577993750065
HIGD1C,5384,17,0.982535878451442
ARHGAP42,24390,77,0.982388958970304
RECQL,4118,13,0.98233938811778
RGSL1,36752,116,0.982158454236308
PNPT1,12040,38,0.982113447548062
TRA2B,19014,60,0.98193402438746
PSMA4,8240,26,0.98186252433714
COMMD2,4437,14,0.98184550205035
C1orf87,10143,32,0.981721044514281
SERBP1,13313,42,0.98169800028485
ZNF45,13313,42,0.98169800028485
DCHS2,16485,52,0.981564719507193
UNC80,21878,69,0.981399925526037
MED17,27904,88,0.981342837044796
EXOC6,27587,87,0.981339603167056
FMO4,12051,38,0.981216986845794
SCML2,17127,54,0.981108436137844
TPD52,22837,72,0.981065474784069
SECISBP2,23789,75,0.981046572980325
BCO2,23157,73,0.980946026686193
CKAP5,32051,101,0.980582949835169
RNF212B,16509,52,0.980137767343635
POLR3F,5080,16,0.980078401034287
ARL8B,11748,37,0.980036688470402
IMMT,11431,36,0.979992662393657
RDH11,9526,30,0.979975516465629
DNAJC12,4129,13,0.979722354146045
SLC14A1,19375,61,0.97969901584679
ANKRD40,8259,26,0.97960372933019
UTRN,33675,106,0.979496320320978
COL1A2,21603,68,0.979488620947565
SPTY2D1,4449,14,0.979197233669904
USP24,20024,63,0.979026079538969
BUB1B,17804,56,0.978757243899664
PIAS2,19081,60,0.978486113919772
TNKS,32120,101,0.97847646715962
ICA1L,15904,50,0.978291286243668
YME1L1,8907,28,0.978207812416617
DNTTIP2,11134,35,0.978185847987562
EMC4,6682,21,0.977951622103578
RFC1,29592,93,0.977942179864149
KLHL2,20047,63,0.977902839162384
CYB5B,12093,38,0.977809138218694
LSG1,14959,47,0.977687007115057
AGTR1,12415,39,0.977512750769799
ATG10,16238,51,0.977332153513221
BLNK,12737,40,0.977231349072422
GPATCH2L,18471,58,0.977107019384245
CLASP1,37911,119,0.976756408089418
NABP1,8922,28,0.976563212866488
ZFYVE9,8285,26,0.976529535369709
ANKRD44,24541,77,0.976344350649351
NME5,13068,41,0.976290984501364
IPO7,15619,49,0.976219330564756
STARD13,36665,115,0.97600198057451
CSTF2,4145,13,0.975940554950306
RSPH4A,4145,13,0.975940554950306
PPAT,12119,38,0.975711354771736
CYP24A1,14033,44,0.975678419614408
SP3,15947,50,0.975653390381846
SLC8A1,17862,56,0.975579104825306
DMXL2,24881,78,0.975509087320209
GLOD4,12126,38,0.975148103948431
FANCI,36069,113,0.974874901802313
MAP3K13,22663,71,0.974867288325262
STARD3NL,4150,13,0.97476472295639
HMBOX1,16921,53,0.974662803227023
RRN3,8303,26,0.974412525657959
CADPS,52378,164,0.974315215202095
KATNBL1,20761,65,0.974248254002461
SEC61G,4792,15,0.974044946770824
SLC15A2,17571,55,0.974026468502717
ZNF224,7348,23,0.974009597652814
ARHGAP11B,17253,54,0.973943324971474
CCP110,14700,46,0.973744561027603
ZZZ3,13747,43,0.973341119525758
NEBL,56588,177,0.973315118790633
IDE,34222,107,0.972933010319014
ZSCAN5A,16952,53,0.972880444396205
DAB2,25908,81,0.972871942203152
CNOT4,12478,39,0.972577400289073
SEC31A,51197,160,0.972478519689469
ASB3,4160,13,0.972421538526206
CPN1,8000,25,0.972421538526206
EFNB2,8000,25,0.972421538526206
GPC5,8000,25,0.972421538526206
LCT,8000,25,0.972421538526206
LRRC19,8000,25,0.972421538526206
NMUR2,8000,25,0.972421538526206
PDE6C,8000,25,0.972421538526206
RGS17,8000,25,0.972421538526206
SPACA1,8000,25,0.972421538526206
THG1L,8000,25,0.972421538526206
TNFAIP6,8000,25,0.972421538526206
TSPAN13,8000,25,0.972421538526206
VBP1,16000,50,0.972421538526206
ZNF728,8000,25,0.972421538526206
KLKB1,13121,41,0.972347426679661
THSD1,8322,26,0.97218783952632
TEX101,8002,25,0.972178493902731
CNTNAP2,64337,201,0.972164592038883
ACSL3,26890,84,0.972059909095739
ARID5B,10564,33,0.972053336504803
SENP1,17290,54,0.971859120053953
GPX6,8006,25,0.971692768949494
AMPH,20817,65,0.971627419961814
ZNF121,8007,25,0.97157141353936
COL9A1,35558,111,0.971382334452187
EDIL3,12494,39,0.971331903378186
FZD3,8009,25,0.971328793633369
RALBP1,5126,16,0.971283315890397
UTP15,8330,26,0.971254165730857
MARK1,23076,72,0.970904500244574
AP1G1,28848,90,0.970803532638476
TIMM8A,4167,13,0.970788001024482
SLC25A27,18272,57,0.97071852357257
B3GALNT2,20198,63,0.970592049543931
IPO5,34953,109,0.970390617795156
EHHADH,8018,25,0.970238501896938
TRIP12,35602,111,0.970181816989238
QKI,26625,83,0.970047551671588
CALD1,41703,130,0.970019806793041
C1QTNF7,12191,38,0.969948807192082
DAPP1,8023,25,0.969633841232662
SNX14,56806,177,0.969579902512487
MRLN,16374,51,0.969214578523738
CARD16,8028,25,0.969029933758053
NRSN1,9957,31,0.968808040793408
ARIH1,21520,67,0.96880658856886
PSMC2,21520,67,0.96880658856886
HAO2,8030,25,0.968788581346158
TNRC6C,34691,108,0.968749484634796
ITGB6,16061,50,0.968728262027227
PRPF38B,8031,25,0.968667950219107
TRIM37,17027,53,0.968595130874755
BPTF,38232,119,0.968555455824386
CAMSAP2,13494,42,0.968530122854025
SF3B3,33736,105,0.968501413756241
GALK2,24419,76,0.968479127603806
MIPEP,15745,49,0.968407095845723
PAPSS1,12211,38,0.968360159567494
SPAG9,50144,156,0.968077600574909
GPRC5D,5786,18,0.968051859991522
CLPX,12858,40,0.968035129346356
APP,40183,125,0.967992970685321
BICD1,15431,48,0.967947302946182
MMP1,9323,29,0.967936487989187
ZNF337,8038,25,0.967824372755617
REV3L,32796,102,0.967796042733729
AGO3,12540,39,0.96776880389211
STX12,8360,26,0.96776880389211
CHODL,17042,53,0.967742594378856
ZNF226,8683,27,0.967605907274723
DGKI,30235,94,0.967436410744775
ROBO2,28951,90,0.967349670462324
HBG2,8042,25,0.967342987840046
CNN3,12224,38,0.967330326282614
ERMP1,16090,50,0.966982263295171
MS4A14,8689,27,0.966937748056902
HDAC2,19311,60,0.966832040790387
RGS7,50531,157,0.966821517396383
INTS2,12875,40,0.966756947039646
BTG1,5151,16,0.966569263687474
OXSR1,12558,39,0.966381653193745
ZWILCH,18354,57,0.966381653193745
ANXA3,14173,44,0.966040729728991
INPP4B,38012,118,0.965974884108954
CCDC15,8698,27,0.96593723762548
KIT,27708,86,0.965823615570998
KRIT1,26098,81,0.965789189922571
BMPR1B,24493,76,0.965553089329904
MINPP1,10958,34,0.965499757178785
FAM13C,29007,90,0.965482135676035
TLE4,28048,87,0.965210197966685
OCIAD1,16124,50,0.96494322850529
CCNT2,8708,27,0.964827984941022
CASK,42250,131,0.964826293373221
CCSER2,20320,63,0.964764676018126
PAQR3,12259,38,0.964568554407266
FAM204A,12582,39,0.964538292863381
ZNF81,8068,25,0.964225620749833
ZNF248,12909,40,0.96421068193783
GLMN,20010,62,0.964160086174909
ASCC3,8071,25,0.963867216975548
PHACTR2,24213,75,0.963867216975548
PIGB,17759,55,0.96371524737098
RBM33,28418,88,0.963593163660285
ERMARD,17117,53,0.963502324788483
BOD1L1,13889,43,0.963389759530607
OPRM1,18734,58,0.963389759530607
STK33,28749,89,0.963322738781396
NECAB1,8399,26,0.963275056618411
CA8,8076,25,0.963270469070041
ZNF800,12600,39,0.963160381016433
ACADL,8724,27,0.963058470067219
CLEC1A,8078,25,0.963031976752866
GRAMD1C,29418,91,0.962571051801044
CGRRF1,10022,31,0.96252461207144
NMRK1,8406,26,0.962472900373309
FAS,32011,99,0.962366509653251
THAP9,8085,25,0.962198182833599
CENPK,21669,67,0.962144897595729
PAIP1,9380,29,0.96205457116452
CNGA1,15855,49,0.961688408961899
EIF5B,14238,44,0.961630514289155
SOS1,40777,126,0.961523320336872
UBE3D,16505,51,0.961521933277655
HSD11B1,8091,25,0.961484650625343
ZNF106,22332,69,0.961448485162934
USP8,26222,81,0.961222114201787
BBS12,8095,25,0.961009550118549
ZDHHC2,12952,40,0.961009550118549
ZNF582,4210,13,0.960872589137534
DLC1,33686,104,0.960701442799743
SGIP1,42121,130,0.96039353298094
RELN,40509,125,0.960202955912223
FAM200B,11020,34,0.960067725877053
CYP3A43,8103,25,0.960060756288986
DNAJC13,28207,87,0.959769405912347
KIAA1586,4215,13,0.95973276400214
DDAH1,16213,50,0.959646247851681
ZC3H6,12000,37,0.959455918012524
B3GALNT1,11677,36,0.959347103179061
SLC26A3,12002,37,0.959296035339967
STIL,26600,82,0.959260946275476
RAB3IP,23683,73,0.959159191824185
LVRN,17197,53,0.95902013684971
CALU,8112,25,0.958995600124464
SETD9,5517,17,0.958849586656256
POU6F2,22400,69,0.958529802261546
CPED1,21102,65,0.958504786339925
HAPLN1,13311,41,0.958468228192009
BUB1,24676,76,0.958392438683634
SDC2,13637,42,0.95837394425403
NUP54,15262,47,0.958276761855205
PPARGC1A,40267,124,0.958245875002356
COL19A1,12993,40,0.957977040955548
NFXL1,13644,42,0.957882254309016
ALKBH8,4224,13,0.957687878851567
MYH13,8124,25,0.957579063048948
PGGT1B,12026,37,0.957381591231522
SLC4A10,8126,25,0.957343380286691
E2F5,19508,60,0.957068563650972
PRDM9,8454,26,0.957008185537975
WNK1,42274,130,0.956917632651043
MAB21L3,8455,26,0.956894997106805
C12orf42,26669,82,0.95677907574066
CPA6,12035,37,0.956665643219799
DLD,9433,29,0.956649197235577
TJP1,28955,89,0.95646919071754
EIF3E,30582,94,0.956459351215365
ARID4B,24732,76,0.956222376554963
SUMO1,8137,25,0.956049196043954
AKAP7,27018,83,0.955937377424533
ANAPC1,27673,85,0.955800449821588
SLC35A5,10419,32,0.955715189030459
NFKBIZ,15303,47,0.955709334080517
CCT5,12699,39,0.955651689172931
SPEF2,32562,100,0.955638143628727
KDM3A,27027,83,0.955619049959523
SLC25A26,28332,87,0.955534929852096
TAF5,9770,30,0.955501204693099
CRISPLD1,8143,25,0.955344751100289
YTHDF3,8469,26,0.955313165726536
PSMB6,5540,17,0.954868803173748
MDGA2,24118,74,0.954761673119685
ZNF189,4238,13,0.954524209596276
FCHSD2,18257,56,0.954471926953476
CD226,16960,52,0.954073962327599
UBLCP1,8154,25,0.954055961271725
AGXT2,8807,27,0.953982297361919
AREG,7503,23,0.953888114561226
PPP1CB,8810,27,0.953657445274282
ATAD2B,28067,86,0.95346993765779
FMN1,32312,99,0.953401656985337
POLQ,16000,49,0.952973107755682
BLM,30708,94,0.952534840395607
GRIP1,45411,139,0.952485301659194
NECAP1,19280,59,0.952246817809895
NDUFAF7,13728,42,0.952021086669013
BCKDHB,30073,92,0.951953250231487
ENPP3,16021,49,0.951723970044998
TPH2,8174,25,0.951721593859757
UGP2,15041,46,0.951668442730255
PCDH11Y,8176,25,0.951488785250691
CEP192,38592,118,0.951457226750351
P3H2,27803,85,0.951331361648485
ANKRD12,17339,53,0.951166116466028
FAM135A,22584,69,0.950720313968236
DHRS9,15711,48,0.950696634954015
ZCCHC7,17348,53,0.950672659292395
MS4A4A,8511,26,0.950598895610156
TFPI2,4583,14,0.950566985074712
INTS6,21936,67,0.950433888858582
DTHD1,14406,44,0.95041616426829
ARGLU1,8514,26,0.950263941806206
RBM4B,10479,32,0.950243015030857
RSBN1,8187,25,0.950210371101704
BTBD10,8188,25,0.950094321960143
GABRR1,8516,26,0.950040770377881
FMO1,16380,50,0.949862308694707
FRMD4B,39322,120,0.949620748675203
DMXL1,43590,133,0.949443924745936
BAG2,4589,14,0.949324143080716
PLGLB1,7867,24,0.949306904268624
RYR2,20000,61,0.949083421601577
CHRM3,27869,85,0.949078397068887
TTC6,20986,64,0.948975179120209
PTPRO,23284,71,0.948866919572041
GJA1,5904,18,0.948703940025567
ZMAT1,14762,45,0.948575406772617
MCM3,12139,37,0.948469479870688
TMOD2,9843,30,0.948414789175209
PDGFC,21657,66,0.94830968710687
ACOT4,4266,13,0.948259165557669
GSTA3,7876,24,0.94822211984272
NDUFA5,16738,51,0.948137143550465
CAPZA2,16084,49,0.947996128083245
NT5C3A,20030,61,0.947661928708514
LSM5,10836,33,0.947653326581463
RSPRY1,23649,72,0.947380111110144
ZMYM2,19708,60,0.947356075690236
ALMS1,43359,132,0.9473254869196
FAM110B,12156,37,0.947143058255206
EXOSC8,12162,37,0.946675794782954
CTNNA2,49635,151,0.946658783954594
IFI16,21040,64,0.946539596436155
ABCA13,24000,73,0.946490297498841
SULT1C4,4274,13,0.946484230292236
FCRL3,10850,33,0.946430548095552
AKAP6,31564,96,0.946419644643425
TATDN1,18084,55,0.946395657933048
C6,28607,87,0.946349342208885
ZNF283,8881,27,0.946033340036755
USP38,10527,32,0.94591018851604
ATAD2,20068,61,0.945867472196111
IFRD1,27311,83,0.945681815504963
STX11,9217,28,0.945307256720713
DBR1,11195,34,0.945059967768211
ARG1,11526,35,0.944917684495359
REXO2,13502,41,0.944909686377117
UBP1,25360,77,0.94481335604439
DLEU1,44463,135,0.944799281747343
RIC1,20094,61,0.944643596697101
PTPRM,52382,159,0.944538350582517
SASH1,25699,78,0.944458601564812
ERP44,12195,37,0.944114064464968
EIF4A2,8571,26,0.943944370614635
RNMT,16814,51,0.943851523061002
FGF10,4286,13,0.943834251112697
SPATA6,22092,67,0.943722514303905
LMNTD1,24077,73,0.943463352575993
CCNL1,14842,45,0.943462481793382
MACROD2,24411,74,0.943301873430034
GGH,16825,51,0.943234443313384
PAK3,16169,49,0.943012537824907
RABGGTB,15185,46,0.942643730464653
MGP,5612,17,0.942618169918489
MCM10,16842,51,0.942282360096645
SCN3A,20148,61,0.942111794323583
AFTPH,8592,26,0.941637244010479
USP44,15204,46,0.941465735800168
LAMA3,42971,130,0.941396197498084
NCK1,14553,44,0.940816000992853
ZNF445,10585,32,0.940727118989925
ARHGAP24,29447,89,0.940488518940006
GIMAP6,4302,13,0.940323942414927
RNF217,22172,67,0.940317417734163
SULF1,28791,87,0.940301331408064
SSBP2,25152,76,0.940254922747986
CCDC38,16548,50,0.940219036525218
TNRC6A,38063,115,0.940154812226162
ARHGAP15,40056,121,0.939988066000966
SFR1,5959,18,0.939947652611336
SNRPN,16226,49,0.939699847411002
MAP2K5,34443,104,0.939586818864563
DCAF10,15904,48,0.939159634793922
CCR2,7625,23,0.938625904728246
TTC39C,19232,58,0.93844341488386
DNAH11,30184,91,0.938143228262759
GPD2,22224,67,0.938117250990005
PCDH11X,8959,27,0.937796862692982
NUMB,27873,84,0.937778170831429
HMGCS1,9293,28,0.937576346195503
TSHR,12612,38,0.937571036193995
KMO,16271,49,0.93710096024159
PEX2,8966,27,0.937064699182068
KDM5A,28231,85,0.936908570291977
KLRD1,15612,47,0.936793488306056
KLRG1,18605,56,0.936618864304736
EMSY,21930,66,0.936504463915799
NUDT21,18940,57,0.936481988527878
G3BP1,23598,71,0.936241094809535
PDHX,12963,39,0.936189215521643
ATP7A,24266,73,0.936115022664312
SLC22A10,8643,26,0.93608089789865
DTL,16293,49,0.935835618001038
PACRG,16961,51,0.935671216835546
CNTRL,50220,151,0.935631396686306
SHOC2,16636,50,0.935245528758073
ACSS3,20296,61,0.935241842335019
PROS1,20296,61,0.935241842335019
TMCO2,5990,18,0.935083148899992
IGSF11,20302,61,0.934965443406145
DHX40,19978,60,0.934552684938591
STYK1,8660,26,0.934243325697233
NDUFA12,11993,36,0.934069550889844
MS4A8,5331,16,0.933933272792005
ECM2,4665,14,0.933858197770076
HNRNPC,20996,63,0.933702525085174
ZBTB11,19333,58,0.933540772515719
ACTRT3,4000,12,0.933524676985158
ANP32D,4000,12,0.933524676985158
APOOL,4000,12,0.933524676985158
ASCL4,4000,12,0.933524676985158
BBS10,4000,12,0.933524676985158
CCDC28A,4000,12,0.933524676985158
CCDC6,12000,36,0.933524676985158
CLDN22,4000,12,0.933524676985158
DMRTA1,4000,12,0.933524676985158
DPPA2,4000,12,0.933524676985158
DPPA3,4000,12,0.933524676985158
ERP27,12000,36,0.933524676985158
FGFBP3,4000,12,0.933524676985158
FLG,4000,12,0.933524676985158
GPR33,4000,12,0.933524676985158
GZMA,4000,12,0.933524676985158
HS6ST3,4000,12,0.933524676985158
HSPA4,12000,36,0.933524676985158
IBSP,4000,12,0.933524676985158
IDI2,4000,12,0.933524676985158
IER5,4000,12,0.933524676985158
KRTAP9-9,4000,12,0.933524676985158
LCMT2,4000,12,0.933524676985158
LIN7C,4000,12,0.933524676985158
LIPK,4000,12,0.933524676985158
MAGEB3,4000,12,0.933524676985158
MAGEE1,4000,12,0.933524676985158
MAGEF1,4000,12,0.933524676985158
MAML2,4000,12,0.933524676985158
MIS18A,8000,24,0.933524676985158
MMP27,4000,12,0.933524676985158
MSRB2,12000,36,0.933524676985158
NIPSNAP3A,8000,24,0.933524676985158
OR4N2,12000,36,0.933524676985158
PERP,4000,12,0.933524676985158
PGAM4,4000,12,0.933524676985158
PPP1R3C,4000,12,0.933524676985158
PRSS12,16000,48,0.933524676985158
RNASE2,4000,12,0.933524676985158
SAP30,4000,12,0.933524676985158
SLC5A8,4000,12,0.933524676985158
SMIM10,4000,12,0.933524676985158
SOX4,4000,12,0.933524676985158
TAAR2,8000,24,0.933524676985158
TMEM160,4000,12,0.933524676985158
TMEM78,4000,12,0.933524676985158
TUBAL3,4000,12,0.933524676985158
UGT1A8,4000,12,0.933524676985158
UQCRFS1,4000,12,0.933524676985158
ZIM3,4000,12,0.933524676985158
BMX,16004,48,0.933291354146622
PLG,18005,54,0.933265436586107
ZCCHC9,8336,25,0.93322604465087
FECH,8671,26,0.933058147911203
TIMD4,8004,24,0.933058147911203
CALCR,12006,36,0.933058147911203
TMEM161B,16677,50,0.932946250309966
PABPC3,4004,12,0.932592084900258
TRIM23,9679,29,0.932335145936894
FAM47E-STBD1,8012,24,0.932126487254277
SLC30A7,8014,24,0.931893862725389
ZCCHC4,12021,36,0.931893862725389
DCAF17,24380,73,0.931737782607555
KLHL8,8350,25,0.931661354276605
SLCO6A1,16366,49,0.931661354276605
TSTD2,13696,41,0.931525305597534
CATSPERB,20046,60,0.931382497241503
CUL5,12362,37,0.931359894527608
C5orf22,12029,36,0.931274097915196
C8orf44-SGK3,8020,24,0.931196685271978
DENND6A,18380,55,0.93115446561813
WEE1,17044,51,0.931114732970411
TMEM128,4011,12,0.930964524542666
THOC2,27076,81,0.930904353619415
SMC6,20057,60,0.930871692661074
ANKRD10,20393,61,0.930793332615679
E2F7,8024,24,0.930732479546518
EMCN,8024,24,0.930732479546518
MCTS1,13374,40,0.930686084427654
ASB15,12038,36,0.930577847135894
PCDH15,32103,96,0.930529535044234
TMEM59,15383,46,0.930510631678201
TXLNB,27088,81,0.930491962440906
C1D,8027,24,0.930384628862746
GNGT1,8027,24,0.930384628862746
CDK7,4348,13,0.930375713033353
STEAP4,4014,12,0.930268736407731
LRIF1,12043,36,0.930191490809757
SLC25A14,16392,49,0.930183609327167
MAP3K4,32453,97,0.930082413208438
FUCA2,8030,24,0.930037038092312
MDM2,13049,39,0.930019219925439
GPR85,5689,17,0.929859934888831
MID1,34804,104,0.929841075800257
PCCA,28112,84,0.9298054551645
ENY2,10041,30,0.929712854282599
PLS1,20083,60,0.929666560758012
SPATC1L,4017,12,0.929573987538121
GPA33,12051,36,0.929573987538121
AGBL4,12054,36,0.929342635127086
PATE2,4018,12,0.929342635127086
ZNF530,4018,12,0.929342635127086
ZNF850,4018,12,0.929342635127086
DNAJC3,4019,12,0.929111397845393
ZNF484,4019,12,0.929111397845393
AP5M1,15408,46,0.929000846774777
GPR135,8039,24,0.928995822351196
HS2ST1,9045,27,0.928880275607123
RGS4,7371,22,0.92875425739038
SELE,5361,16,0.92870700937403
LYPLAL1,21110,63,0.928660266067661
GTPBP10,12065,36,0.92849532729564
C3AR1,4022,12,0.928418375917611
RNF128,8044,24,0.928418375917611
VSNL1,6034,18,0.928264511420442
AIG1,12405,37,0.928131480544158
PTAR1,12070,36,0.928110697913993
CRISP2,8047,24,0.928072252501711
JRKL,4024,12,0.927956935372921
PCED1B,12073,36,0.927880073206485
ARNT,17776,53,0.927782926046606
AHSG,4025,12,0.927726387065996
DNTT,4025,12,0.927726387065996
ATIC,20796,62,0.927718951931137
KLHL28,9058,27,0.92754715090157
TSEN15,6710,20,0.927495953288781
TMEM67,24497,73,0.927287714412874
C3orf33,4027,12,0.927265633955955
CD48,4028,12,0.927035428982282
NLRP9,4028,12,0.927035428982282
DDX1,8728,26,0.926964619676677
PTPRB,12085,36,0.926958719389483
LATS1,10071,30,0.926943378994299
GLRX2,4700,14,0.926903934595192
PSMD10,4029,12,0.926805338282609
CSDE1,21154,63,0.926728666762235
ALG11,13433,40,0.926598354286864
GIMAP2,4030,12,0.926575361771869
GSTA5,4030,12,0.926575361771869
MEPE,8060,24,0.926575361771869
RBM39,39629,118,0.926559774275141
SCAPER,47027,140,0.926371763582071
TBRG1,11086,33,0.926282829409773
MDN1,39305,117,0.926280686997104
CNIH4,8063,24,0.92623061092413
MED4,8063,24,0.92623061092413
ST8SIA6,8399,25,0.926226015979242
USP34,52077,155,0.926169101732047
OSBPL9,42342,126,0.925984517343929
VPS37A,14456,43,0.925603235343152
CLIP4,35637,106,0.925570013940818
ZNF780A,4708,14,0.925328906668947
ERMN,6054,18,0.925197895921862
PPFIBP1,31617,94,0.925149124802109
FAM114A2,16145,48,0.925140590384796
CD2,4037,12,0.924968716358839
IL1RAP,18168,54,0.924892348400091
ASXL3,8749,26,0.924739650307239
TOPBP1,27594,82,0.924706137962153
LRRC34,13462,40,0.924602265126686
ZGRF1,15819,47,0.924535048955948
TMEM245,13127,39,0.924493090638155
HIF1A,22553,67,0.92443212814268
DST,77784,231,0.924115500975229
RIF1,20207,60,0.923961673662749
KIF15,16167,48,0.923881662136607
SON,20887,62,0.923677087392155
CEP152,20552,61,0.923592274816638
ZNF540,8423,25,0.923586882133403
CDH7,8760,26,0.923578447550004
ZFHX4,26963,80,0.923264895830244
HSD17B7,13819,41,0.923233995619352
C11orf65,13147,39,0.923086696646159
SPC24,4046,12,0.922911198205792
ST18,35067,104,0.922867334022076
DNAH5,28325,84,0.922813449446935
SYNRG,31027,92,0.922683149972976
LMLN,19898,59,0.922671557311025
ZEB1,15515,46,0.922593944383226
RBM8A,5060,15,0.922455214412212
SACM1L,19569,58,0.922282372888057
THADA,51622,153,0.922276520209272
PTGFR,8098,24,0.922227391440018
C1GALT1,12148,36,0.922151475454552
NFKB1,43194,128,0.9221277542722
CXCL8,4050,12,0.921999680972996
HERC1,31062,92,0.921643490252125
BBX,40862,121,0.921446869260798
PKP4,30057,89,0.9214015176906
CRLS1,18578,55,0.921230438048295
CCDC43,4054,12,0.921089962491523
MSH3,12500,37,0.921077681292023
SLC38A9,32776,97,0.920916663285741
DAAM1,35153,104,0.920609586725234
OVCH2,9803,29,0.920541862442435
CDC27,31108,92,0.920280638234908
BOD1,9807,29,0.920166399257999
MEGF10,19278,57,0.920062706853304
CTBS,4059,12,0.919955335782368
NETO2,16236,48,0.919955335782368
BUB3,8457,25,0.919873750527332
DLGAP1,36884,109,0.919587443438729
FBXW11,20304,60,0.919547554161897
SAMD9,4061,12,0.919502267407198
MED14,25045,74,0.919422720395311
DTWD1,4062,12,0.91927590052699
ARMC3,19972,59,0.919252886409712
ZDHHC20,23358,69,0.919216866626365
VNN2,8126,24,0.919049645075223
SIRT1,12528,37,0.919019078556057
JMJD1C,25735,76,0.918954412937919
CDH8,22350,66,0.918905722312012
ZNF521,20997,62,0.918838087553457
IDO1,18289,54,0.918773261836779
NBAS,44032,130,0.918712209363422
C1orf185,4065,12,0.918597468128077
CORIN,16599,49,0.918583632995416
FARS2,8469,25,0.918570351660131
OFCC1,28120,83,0.918474966687626
MEIOC,11182,33,0.918330481741794
DDX4,18980,56,0.918113486321898
LAMB4,17965,53,0.918022226184495
ME2,20677,61,0.918008822944893
UBA5,21694,64,0.918004660690362
PTPRK,36275,107,0.917869427405577
SEC24D,29834,88,0.917858501203257
LIAS,12888,38,0.917492699292262
TMEM45A,14249,42,0.917211416786597
STAT4,16625,49,0.917147051073138
PCMTD1,12216,36,0.91701834674377
PRDM5,20361,60,0.916973308762004
DDX10,38347,113,0.916962548129127
MED13L,58716,173,0.916841344315191
RTCA,4073,12,0.916793201065709
PHC3,20026,59,0.916774126004933
GPX5,6450,19,0.916639217711525
ROCK1,21390,63,0.916503890448262
PICALM,34634,102,0.916435843896038
PUM1,35653,105,0.916426771785839
BAZ1A,23773,70,0.916259725864932
SESN1,20042,59,0.916042243657059
GNPDA2,11210,33,0.916036703553679
EIF2S1,12570,37,0.915948370417684
STRADB,18347,54,0.915868762507922
TNIK,23444,69,0.915844888698969
RSU1,4080,12,0.915220271554077
NSUN3,4081,12,0.914996007826668
RAB5A,11904,35,0.914912737860678
CNOT1,41518,122,0.914382601860954
RMND5A,16000,47,0.914076246214634
BEST3,12256,36,0.914025467022022
NDUFAF5,23833,70,0.913953025762054
FBXO9,28948,85,0.91370270305074
RNASEH2B,30311,89,0.913680360833571
CDC42SE2,20435,60,0.913652730105366
LACC1,8516,25,0.913500740747963
ARFGEF1,24188,71,0.913404058017009
PLS3,16695,49,0.913301570775137
EFHB,12948,38,0.913241111251056
CD47,13630,40,0.913205846891815
PPP2R3A,16016,47,0.913163083131502
IFIT5,4430,13,0.913154311573142
MFSD8,31699,93,0.912939366747844
ZBTB41,4772,14,0.912918795598786
STK32A,12613,37,0.912825736632862
MYSM1,25912,76,0.912677208125862
BTBD8,13979,41,0.912666899310668
METTL25,22166,65,0.912495172847834
PHTF2,22852,67,0.912336678890332
HPRT1,8186,24,0.912313390652488
SH3BGRL,8528,25,0.912215326947661
CPB1,27299,80,0.911901219321986
POLA1,29351,86,0.911759079426296
ZNF184,4437,13,0.911713680475325
PLXDC2,8193,24,0.911533921137711
ANKRD36B,11952,35,0.911238389515856
ARL17B,15369,45,0.911111338068669
CFAP54,28006,82,0.911102662676843
JAK2,8882,26,0.910892501749385
DAZ2,4101,12,0.910533701034048
UGT2A3,4443,13,0.910482466862259
ADIPOR2,18798,55,0.910448934889948
PLCB1,67356,197,0.910111256438804
TNC,37269,109,0.91008782805533
SERPINB11,12656,37,0.909724321756502
SEPSECS,14367,42,0.909678114971268
ORC2,16422,48,0.909535673594113
UACA,38325,112,0.909369548356927
ARHGAP21,32508,95,0.909364303285243
VPS8,52701,154,0.909298370402297
TCEANC,4107,12,0.909203483793677
RNF145,16087,47,0.909132836416619
RCOR3,24302,71,0.909119305214197
SPDYA,16089,47,0.909019823446712
SPAG16,16092,47,0.908850356663817
PDE3A,9588,28,0.908729347642346
CYYR1,4110,12,0.908539831615726
MYBPC1,32199,94,0.908426966019699
NELL2,33913,99,0.908392484902846
FER,17128,50,0.908380699230459
FRRS1,11993,35,0.908123174476237
CEBPZ,8227,24,0.90776679419974
ASTE1,7199,21,0.907719508111697
RRAS2,24683,72,0.907693240191378
ABCD3,13713,40,0.907678530820057
COL28A1,24000,70,0.907593435957792
MMP20,12000,35,0.907593435957792
SLC16A10,12000,35,0.907593435957792
SLC17A6,12000,35,0.907593435957792
STMND1,12000,35,0.907593435957792
ZRANB1,12000,35,0.907593435957792
FBXL7,9258,27,0.907509407308968
ARHGEF28,37044,108,0.907215429528822
STARD6,4116,12,0.907215429528822
RAB11FIP2,12349,36,0.907141964841031
COG5,21268,62,0.907130116812109
CKAP2,8579,25,0.906792435972683
AP2B1,28146,82,0.906570779895106
PTCHD4,4119,12,0.906554675392239
GIGYF2,42912,125,0.906433201459924
GTF2B,7896,23,0.906411160531013
WDR89,4464,13,0.906199283214386
NAA16,25412,74,0.90614442123015
ALG5,17171,50,0.906105912085452
FCF1,6528,19,0.905686727058722
F11,16836,49,0.905652751490313
NLN,24052,70,0.905631234948737
CHRM2,4470,13,0.904982908337588
HEPACAM2,12037,35,0.904803624781383
NOL11,20982,61,0.904664399582096
CHM,8256,24,0.904578175373215
SMG8,10322,30,0.904402903492693
RAD51C,14795,43,0.904394752965231
PIGA,14454,42,0.904202675923081
STRN3,20305,59,0.904177229617078
FAM13A,38201,111,0.904175624943086
CCDC181,8260,24,0.904140122988047
STK4,23064,67,0.903950649757278
NEDD4,18934,55,0.903909320696167
GIN1,12049,35,0.903902500746412
NCAPG,12049,35,0.903902500746412
KIF27,12396,36,0.903702494661334
HPS3,12053,35,0.903602524806564
ATF6,8266,24,0.903483839327518
CD44,39611,115,0.90341351184682
DEPDC1B,12056,35,0.903377673481545
PON1,12056,35,0.903377673481545
RAB28,12057,35,0.903302747905243
ELMOD2,14474,42,0.902953259485437
PRKD1,32746,95,0.902754985989027
SLC30A5,17236,50,0.902688826666239
PRKCI,15170,44,0.902550775375675
UHRF2,26210,76,0.902300336396694
FNDC3A,12761,37,0.902238932383848
MTMR9,8278,24,0.902174126103076
RNF6,8623,25,0.90216540742313
CYSLTR1,4140,12,0.901956209647496
RUNX2,13111,38,0.90188741579427
FZD6,5521,16,0.90179284137913
STK38L,20708,60,0.901607762203166
PPARG,47286,137,0.901555645412784
RPRD1A,14843,43,0.901470078159442
ITGBL1,12083,35,0.901359035959076
CRNKL1,11739,34,0.90126470220335
OPN5,12085,35,0.901209866073108
EDRF1,22790,66,0.901164672824637
TCF4,89435,259,0.901149405859585
CEP112,42129,122,0.90112124342052
ZNF236,24177,70,0.90094893754341
ZFAND1,17616,51,0.900880989370327
TRIT1,12435,36,0.900868204569513
TBC1D19,13129,38,0.90065091846132
PRKG1,20385,59,0.900628827440509
INSIG2,12098,35,0.900241464001778
MPZL2,9333,27,0.900216660544994
BRINP3,11063,32,0.90008104081247
DNAJB14,15558,45,0.900043074609678
LRRC69,12102,35,0.899943912699844
SCGB3A2,9336,27,0.899927387839163
FAM81B,13486,39,0.899882900845844
HBB,6572,19,0.899623091028505
SAMD3,34591,100,0.899583395473927
VPS41,35287,102,0.899476833323756
ASPN,4153,12,0.899132845639449
PINX1,12113,35,0.899126659910304
GRIK1,4501,13,0.898749966733841
SERPINB5,12119,35,0.898681510973967
ARL1,8311,24,0.898591916241279
ZNF266,10044,29,0.898453990195459
SMAD5,16978,49,0.898078084820999
PMS1,16632,48,0.89805163731136
TES,13518,39,0.89775268536818
EFCAB13,18723,54,0.897476055425565
TRPS1,21502,62,0.897258084101941
PNLIP,4162,12,0.897188541071752
COL5A2,16650,48,0.897080770676428
CYLD,21161,61,0.897011881859626
YAF2,12837,37,0.89689732929425
SLC1A3,38858,112,0.896896081650606
RUNX1T1,40248,116,0.896846737976863
ARSB,12838,37,0.896827466595286
UQCRC2,20819,60,0.896800688779632
SMARCA5,11799,34,0.896681611930259
MTHFD2L,27416,79,0.896659486939834
TMED7-TICAM2,12147,35,0.896609963900018
ATP6AP1L,16313,47,0.896537726931536
MLLT3,16661,48,0.89648849599439
OTUD6B,4166,12,0.896327102242111
PPP1R1C,20487,59,0.896144806334494
NUP133,8334,24,0.896112000945676
SRSF12,8334,24,0.896112000945676
LDB2,32300,93,0.895952476363464
EHBP1,38208,110,0.895865739010743
CCDC30,50367,145,0.895831782468997
G3BP2,41345,119,0.895629754192235
B3GALT1,4170,12,0.895467316052909
CPNE3,20504,59,0.89540180683646
FNBP1L,12164,35,0.895356891770266
COG3,12166,35,0.895209701750247
DNAH8,13562,39,0.894840053149023
ANGPTL5,8000,23,0.89462781544411
COLEC10,8000,23,0.89462781544411
FMR1NB,8000,23,0.89462781544411
PPIL4,8000,23,0.89462781544411
TBC1D12,8000,23,0.89462781544411
TDRD7,8000,23,0.89462781544411
ZSCAN16,8000,23,0.89462781544411
LGSN,21567,62,0.894553870466914
ADAMTS6,20524,59,0.894529265609763
MTTP,8002,23,0.894404214390512
TNFRSF11B,8002,23,0.894404214390512
MMADHC,4176,12,0.894180725081569
GNPTAB,22621,65,0.89414119629305
CXXC4,8007,23,0.893845700456211
CFTR,26816,77,0.893513824182791
SEL1L,16020,46,0.893510926785628
MYO16,24030,69,0.893510926785628
MPHOSPH10,12190,35,0.893447188801765
CCDC174,8011,23,0.893399391281098
MCUR1,8011,23,0.893399391281098
SLC9C1,8011,23,0.893399391281098
TMEM87A,13933,40,0.893346421670526
CXCL13,8012,23,0.893287883618682
ANKUB1,16727,48,0.892951206538084
SSB,16727,48,0.892951206538084
COL12A1,33809,97,0.892778980622126
SNRPF,8017,23,0.892730762573641
FAM161A,11155,32,0.892657692022264
MSRA,16385,47,0.892598104329212
GTSF1,16386,47,0.892543631114009
WLS,17433,50,0.892488075283617
RMDN1,25108,72,0.892328829362904
NGDN,8373,24,0.891938064717696
ZNF451,20586,59,0.891835162118662
HDX,8026,23,0.891729693938809
ZDHHC6,13611,39,0.891618602660132
RGS22,33505,96,0.891591991151323
SNRNP48,8028,23,0.891507539057409
CHEK1,5586,16,0.89129936936165
LARP7,20251,58,0.891222347293783
SF3B1,23743,68,0.891205520714748
TMEM232,20256,58,0.891002357575355
PSPC1,13274,38,0.890812559023555
PAPOLA,38086,109,0.890565122716853
CCDC175,16073,46,0.890564614390951
SPTLC3,8386,24,0.890555379904754
TTC1,23765,68,0.890380504032411
ANKRD20A1,12232,35,0.890379433575336
SLC17A4,8043,23,0.889844899111386
RGPD5,25181,72,0.889741958128899
IFNAR1,12593,36,0.889565323895966
TAB2,20290,58,0.889509302860837
ATP10D,15743,45,0.889466439355737
GPSM2,19944,57,0.889338591191236
HBP1,20650,59,0.889071120938246
DPYD,8052,23,0.888850288568415
GNAI1,31159,89,0.888814320652985
ACTR10,18209,52,0.888631687686093
SGCB,8054,23,0.888629565874457
ASPM,12257,35,0.888563370440851
SPAG17,38172,109,0.888558714864143
PTBP2,20662,59,0.888554769498344
ABCB11,17862,51,0.888473827608761
CMTM6,8056,23,0.888408952774687
DDX46,21367,61,0.888363758694789
ARID2,16814,48,0.888330845233884
TIA1,22770,65,0.888290206471019
FKBP3,8058,23,0.888188449187501
SUN3,23123,66,0.888186779123534
PDS5B,16117,46,0.88813334039249
LRGUK,8059,23,0.888078238435647
NTNG1,15069,43,0.887950120785759
KRT39,8062,23,0.887747770224867
VAV3,32256,92,0.887527594686617
ZNF225,7364,21,0.887380871658896
TIMM9,8417,24,0.887275444443539
CCDC126,4910,14,0.88726038545772
FAM221A,8069,23,0.886977633356411
LPCAT2,27367,78,0.886894493426905
HMCN1,20000,57,0.8868484431359
NIPAL2,18597,53,0.886824180964912
ATP13A3,42109,120,0.886769742321269
MICU2,16495,47,0.886645646525259
ERC1,49135,140,0.886628369308518
NUDCD2,4914,14,0.886538154781727
SMG7,18610,53,0.886204690671922
EXD2,16157,46,0.885934582354754
BIRC3,8079,23,0.885879752884377
SLC17A2,8080,23,0.885770114301099
DIO2,16864,48,0.885697036987816
CYSLTR2,4218,12,0.885277076325423
TTC17,34448,98,0.885251377385678
CLK4,17227,49,0.885097215074645
RASSF6,4219,12,0.885067245304724
LONRF1,24260,69,0.885039883374222
PRNT,4222,12,0.884438348635868
SCG5,17947,51,0.884265866648893
FBXO11,31320,89,0.884245383691774
CFAP44,25691,73,0.884191628974045
BBS9,36606,104,0.884067879641374
TM4SF20,6689,19,0.883887420277969
MBD4,8802,25,0.883818712589145
SLMAP,30283,86,0.883698469116045
SNRNP27,10564,30,0.883684851368003
DPY19L3,17255,49,0.883660951845315
TBCA,20078,57,0.883403170769898
FHL5,4580,13,0.883247510975768
AVL9,12684,36,0.883183232720112
SERPINB2,16912,48,0.883183232720112
GSKIP,8105,23,0.883037942449461
DRAM2,12687,36,0.882974392986671
MTO1,16565,47,0.882898879531189
EPM2A,27149,77,0.882554300684582
ARHGAP29,20099,57,0.882480166312653
CDCA7,13401,38,0.882370413288461
SPICE1,12345,35,0.882229342364805
HMGCR,20812,59,0.882150617306111
FILIP1L,12348,35,0.882015000930799
NARS2,15524,44,0.881969547954715
CWF19L2,12000,34,0.881662194930427
MTF2,18708,53,0.881562395413965
MTFMT,6708,19,0.881383863184158
CLEC9A,12004,34,0.88136840546194
XRCC5,25421,72,0.881341892437111
ANAPC4,21186,60,0.881265625398998
VPS13A,36375,103,0.881127530166976
BNIP3L,12361,35,0.881087390299613
SLC2A13,12008,34,0.881074811722612
LRRC57,12365,35,0.880802364051234
LRCH3,34270,97,0.88076931881685
RPP38,4240,12,0.880683657533168
EBAG9,9543,27,0.880406800048876
ACADM,22278,63,0.879972089805562
BPY2,12024,34,0.879902390150127
G2E3,28647,81,0.879853606960564
PABPC5,4244,12,0.879853606960564
SORBS2,51284,145,0.879813575142656
PTPRD,29711,84,0.879764765762998
HEATR1,12028,34,0.879609772128793
YLPM1,25121,71,0.879480010959572
FAM184A,23356,66,0.879326207127654
TMEM65,20177,57,0.87906868527125
CCNB2,8143,23,0.878917171012266
RARB,35762,101,0.878828480654521
RANBP17,38950,110,0.878799439181578
RICTOR,17354,49,0.878619898818193
CD53,17356,49,0.878518651998785
ZFAND6,19483,55,0.87843859149316
LSMEM1,8856,25,0.878429574097747
NXPE1,12046,34,0.878295395912762
DTNA,47477,134,0.878266014533432
PI15,4252,12,0.878198190954994
KIF21A,28348,80,0.87815688536302
A1CF,12048,34,0.87814959654425
NFE2L2,32248,91,0.878098337939814
TRHDE,24452,69,0.878090445389278
RFX3,24100,68,0.878003845573869
DOCK4,44302,125,0.87799335337114
ELOVL5,4253,12,0.877991701843553
C12orf60,4608,13,0.877880555613936
CLCN5,18787,53,0.877855394336747
ACER3,36867,104,0.877809119324929
NBEAL1,36513,103,0.877797329987231
RANBP2,34035,96,0.877707937814751
MGAT4D,8155,23,0.87762385328668
MIOS,13833,39,0.877309390646068
CPNE8,25895,73,0.877225994978651
MKRN2OS,12062,34,0.877130354764146
MTMR2,18805,53,0.877015117968863
CNTNAP3,30514,86,0.877008610481785
CD163,16325,46,0.876817460772175
MTRF1L,12067,34,0.876766912999513
TFAM,4259,12,0.876754803461055
FBXO7,11359,32,0.876626160270125
TRIM9,14909,42,0.876607785753049
SPC25,9231,26,0.87645403537407
NGLY1,23080,65,0.876359098845108
TOR1AIP1,9943,28,0.876284520285106
RAPGEF2,41194,116,0.876251092637102
PLK4,14205,40,0.876240457102108
ACAD11,18118,51,0.875920052364924
POLD3,23447,66,0.875913459874333
ANKRD42,12797,36,0.875384552928178
PLEKHA5,54749,154,0.875284177219154
SMC5,16000,45,0.875179384673586
STPG2,16000,45,0.875179384673586
CEP57L1,12452,35,0.874648348176479
PPP2R2A,31323,88,0.87422630415024
COG6,16018,45,0.874195914270032
MROH2B,16018,45,0.874195914270032
SSBP1,4273,12,0.873882215759568
KIF23,17805,50,0.873841315159747
PDE5A,29913,84,0.87382378750324
MGA,32762,92,0.873819977236174
YIPF7,16025,45,0.873814050220117
MOSPD2,12108,34,0.873798012815091
ASZ1,4630,13,0.873709200922034
CLOCK,21016,59,0.873587678310562
HSD17B4,44538,125,0.873341001864661
WBP11,6058,17,0.873221058036078
EMC2,16036,45,0.873214651707244
ZNF215,12118,34,0.873076938369791
SLC25A32,12120,34,0.87293286626775
TTC29,12834,36,0.872860848045964
C3orf49,8201,23,0.872701197848175
PYROXD1,16760,47,0.872626488033063
ZNF607,4636,13,0.872578429738787
DDX3Y,12486,35,0.872266637153092
SENP7,16057,45,0.872072625943661
EZH2,24981,70,0.871952382330052
DOCK10,43899,123,0.871876620341955
CD109,16418,46,0.87185071550163
FIG4,45691,128,0.87173373789222
ZNF407,16064,45,0.871692614216719
GOLGA1,20000,56,0.871289698519481
HEATR5B,20000,56,0.871289698519481
EED,21431,60,0.871190963543613
URI1,27505,77,0.871131311008388
TMLHE,16075,45,0.871096121603569
CDC73,13587,38,0.870291153932337
COX7A2,8224,23,0.870260520860029
LRP6,19673,55,0.869954713468268
USP47,23969,67,0.869820092035624
ZCWPW2,16457,46,0.869784593006366
ANKRD36C,20038,56,0.869637387483263
FILIP1,12171,34,0.869275025812598
SLC12A1,25058,70,0.869272985193831
LRRC1,8593,24,0.869102457335187
MIA3,25422,71,0.869066845854591
RPGR,20052,56,0.869030219947617
NPHP1,27572,77,0.869014460658847
NEK11,26859,75,0.868912354318067
CACUL1,20772,58,0.86886885013703
LGR4,16476,46,0.868781563917562
CFAP70,16119,45,0.868718292374054
CYP2R1,10390,29,0.868534348173551
LRRC7,12540,35,0.868510465031381
TTC27,16124,45,0.868448905654761
TCEA1,4300,12,0.868395048358287
ZNF438,16485,46,0.868307251871748
DCAF6,19721,55,0.867837284015072
SPTSSB,5379,15,0.86774928145116
RNF32,15421,43,0.867681756703236
CNOT6L,12552,35,0.867680149099228
STAMBPL1,14349,40,0.867446908713878
CFAP69,27622,77,0.867441412978268
SERPINB13,5742,16,0.867084339473037
CNOT7,12561,35,0.867058453267535
NEK10,21538,60,0.866862918548759
OPA1,40210,112,0.866739317104682
ZNRF2,8977,25,0.866589318058333
SPINK1,7541,21,0.866552544608952
PSMC6,16882,47,0.866320337604202
TCN1,11854,33,0.866270579284355
SNAI2,4311,12,0.866179240997595
PNISR,13654,38,0.866020646585518
TGFB2,9702,27,0.865978364550239
FSIP2,14736,41,0.865782477298034
ACTR8,15099,42,0.865576891038626
POLK,16540,46,0.865419894020904
ATE1,22294,62,0.865382763270832
PTGS2,8632,24,0.865175789606263
GNB4,8278,23,0.864583537515448
SLC9C2,13320,37,0.864374700912184
RUNDC3B,13682,38,0.864248348814403
ENPP1,29171,81,0.864048756593853
DENND4A,20169,56,0.86398899154096
ZNF91,12247,34,0.863880651519974
ARHGAP18,10086,28,0.863860498234663
RNF19A,29184,81,0.863663866454196
RNF141,4324,12,0.863575094343347
TRPM7,28108,78,0.863513647417607
CEP128,30271,84,0.863489509946299
GALNT3,19832,55,0.862979985783644
PIK3CB,34638,96,0.862428248268522
KRT20,4332,12,0.861980311158964
ANKRD28,31411,87,0.861870543203642
GALC,25277,70,0.861741601574041
SNTG1,22389,62,0.861710809967392
OR13A1,9030,25,0.861503024164967
MAP2,37207,103,0.861424299455042
LYZL1,6864,19,0.861352411748155
NAP1L1,21677,60,0.861304310545886
OGT,22762,63,0.861260795039466
SCYL2,24210,67,0.861161412061209
NDUFV2,15538,43,0.861148176735783
MIER1,14817,41,0.861049509716125
GOLGA7,17349,48,0.860936931913224
ZNF512,8315,23,0.860736322736365
LMBRD1,35433,98,0.86064232348889
PPP2R2B,24225,67,0.860628185180676
DLG2,59321,164,0.860280210074937
STEAP1B,8321,23,0.860115674023901
CDH2,28946,80,0.860014903139324
FAM227B,24249,67,0.859776394325616
ARID4A,19190,53,0.859419973601066
ITGA1,17018,47,0.859397105384543
WAC,19193,53,0.859285640254492
DDX52,12675,35,0.85926005771152
LTN1,13038,36,0.859203568325042
CAMK2D,16660,46,0.859186377377296
CADPS2,16301,45,0.859019088079098
RGPD6,27897,77,0.858890443749712
RAPGEF6,32255,89,0.858613096178154
BRIP1,26095,72,0.858577974617505
NDUFB5,11238,31,0.858375303628757
CTNNB1,25383,70,0.85814294854773
TINAG,4714,13,0.858140347956941
PHF3,20679,57,0.857728558572368
SRGAP1,21042,58,0.857719976953065
HHIP,18503,51,0.857694401380732
SLC39A10,12702,35,0.857433571996025
SPATA7,14881,41,0.857346319834946
CENPN,8711,24,0.857329516230199
GLYAT,15245,42,0.857287338654786
DLG1,40663,112,0.85708353886283
HECTD2,9082,25,0.856570392888092
RIMS2,31969,88,0.856560747126841
REPS1,25432,70,0.856489558940981
GC,18166,50,0.856476088099708
CENPU,16716,46,0.856308031054424
ABCD2,4000,11,0.855730953903062
ASB12,4000,11,0.855730953903062
C11orf40,4000,11,0.855730953903062
CYP7B1,8000,22,0.855730953903062
DEFB103B,4000,11,0.855730953903062
ENPP4,4000,11,0.855730953903062
FBXO40,4000,11,0.855730953903062
FER1L6,4000,11,0.855730953903062
FLG2,4000,11,0.855730953903062
FOXD4,4000,11,0.855730953903062
FREM3,8000,22,0.855730953903062
GBP4,8000,22,0.855730953903062
GCM1,4000,11,0.855730953903062
GIMAP7,4000,11,0.855730953903062
GNG11,4000,11,0.855730953903062
GZMK,8000,22,0.855730953903062
HNRNPCL1,4000,11,0.855730953903062
HNRNPH2,4000,11,0.855730953903062
ISY1-RAB43,4000,11,0.855730953903062
KCNV2,4000,11,0.855730953903062
KLF9,4000,11,0.855730953903062
KLHL9,4000,11,0.855730953903062
KRT34,4000,11,0.855730953903062
KRTAP13-2,4000,11,0.855730953903062
KRTAP19-7,4000,11,0.855730953903062
MAMDC2,8000,22,0.855730953903062
MSANTD3-TMEFF1,4000,11,0.855730953903062
NMBR,4000,11,0.855730953903062
NRAS,4000,11,0.855730953903062
OR7D2,4000,11,0.855730953903062
PCDHB10,4000,11,0.855730953903062
PCDHB13,4000,11,0.855730953903062
PCDHB3,4000,11,0.855730953903062
PMP2,4000,11,0.855730953903062
POM121L2,4000,11,0.855730953903062
PPP1R3D,4000,11,0.855730953903062
PRH2,4000,11,0.855730953903062
PRPH2,4000,11,0.855730953903062
RAB40AL,4000,11,0.855730953903062
SGCZ,8000,22,0.855730953903062
SLC25A31,4000,11,0.855730953903062
SLC2A12,4000,11,0.855730953903062
SMIM10L1,4000,11,0.855730953903062
SPANXA1,4000,11,0.855730953903062
TADA1,8000,22,0.855730953903062
TAF7,4000,11,0.855730953903062
TDRD15,4000,11,0.855730953903062
TNFSF15,4000,11,0.855730953903062
UBQLN2,4000,11,0.855730953903062
UTP14C,4000,11,0.855730953903062
ZNF560,8000,22,0.855730953903062
ZNF705D,4000,11,0.855730953903062
BTAF1,12000,33,0.855730953903062
PPID,12000,33,0.855730953903062
C12orf50,9456,26,0.855599323237948
FBXO38,41825,115,0.85559145529622
PGM3,8729,24,0.855561623998312
DPP10,29099,80,0.8554930199069
ANGPT2,4365,12,0.855463621521336
IPP,8003,22,0.855410175087404
CEP41,25101,69,0.8553869395904
TEX10,12371,34,0.855221593983116
SERP1,8005,22,0.855196456117988
CDC40,10916,30,0.855189333991534
TLK1,25110,69,0.855080349289472
DOK6,16013,44,0.855036236960531
TRMT10A,8371,23,0.854978201356216
KCNC2,13835,38,0.854690705347211
PRB1,4005,11,0.854662625621035
PARD3,20029,55,0.854491940589207
COL21A1,33139,91,0.854489127670815
FLRT3,4006,11,0.854449279983087
MTPN,4006,11,0.854449279983087
IL20RB,16026,44,0.854342647101522
SLC19A2,8013,22,0.854342647101522
CNTN4,44438,122,0.854298952789574
COL3A1,12021,33,0.854236040831606
TRAPPC13,20765,57,0.854176203357477
SNAP91,19310,53,0.854079196965534
CRY1,16036,44,0.853809881669306
TMPO,13485,37,0.853798369755305
ATRNL1,22236,61,0.853645819033619
TRIM33,16043,44,0.853437341048992
ADAT2,8022,22,0.853384147497444
TLR4,8022,22,0.853384147497444
ZNF671,4011,11,0.853384147497444
ANKRD36,12399,34,0.853290292698212
GLCCI1,21881,60,0.853274235167642
KPNA1,16777,46,0.853194554873086
PRMT9,12038,33,0.853029693207903
EPS8,44513,122,0.852859543595424
NPY1R,9852,27,0.852793553884127
CSTA,4014,11,0.852746341707087
CEP126,12044,33,0.852604736535764
TPH1,13507,37,0.852407715714095
CEP162,12047,33,0.852392416936726
ZNF638,40524,111,0.852344611796734
MLH3,16794,46,0.852330894790149
ZNF280C,4016,11,0.852321667234125
ALDH9A1,12049,33,0.852250929275188
PNLIPRP1,11684,32,0.852242087855901
ARHGAP12,25196,69,0.852161754669735
SNRPD1,4017,11,0.852109488576611
TRAPPC8,28485,78,0.852085013221489
CEBPZOS,8035,22,0.852003438858058
C18orf32,4018,11,0.851897415533162
CPA2,4018,11,0.851897415533162
IL33,8036,22,0.851897415533162
WDHD1,12054,33,0.851897415533162
EYA3,16073,44,0.851844413765258
LRRC17,10959,30,0.851833814203083
NUDCD1,16076,44,0.851685448024943
CCDC186,12788,35,0.851667284289452
PDZRN4,12059,33,0.851544194944584
ATP2C1,37274,102,0.851527580015436
CCDC18,24850,68,0.851504735546489
SHC4,8773,24,0.851270650391116
LRRC49,35464,97,0.851115625869993
NRXN1,88843,243,0.851113749375841
ARHGAP28,27064,74,0.850832915766353
ZNF280D,34382,94,0.850748644025022
WDR75,8047,22,0.850732898126568
HBS1L,24147,66,0.850521509656416
SEC63,21223,58,0.850404926497026
PXDNL,12442,34,0.850341290722161
SLC38A11,16468,45,0.850307879206787
CCDC14,19032,52,0.850204623848049
USP9X,42822,117,0.850204623848049
CD38,8053,22,0.85009904771197
UQCRQ,4027,11,0.849993497792959
FBXO39,8055,22,0.849887974081253
OXA1L,4760,13,0.8498473950145
GLIPR1L2,4028,11,0.849782476567092
GPX8,4028,11,0.849782476567092
STOML3,4028,11,0.849782476567092
HPSE2,8060,22,0.84936074829088
AP3B1,24183,66,0.849255381618223
TOR1AIP2,4031,11,0.849150041084656
VPS4B,12093,33,0.849150041084655
BCLAF1,19061,52,0.848911096011546
CYB5R4,4033,11,0.84872894014685
CDK17,24566,67,0.848681827973698
FAM216B,4034,11,0.848518546259853
TMEM41B,8069,22,0.848413388427871
ZC3H15,10639,29,0.848206774840041
IRAK1BP1,11740,32,0.848176878578224
EIF4G2,13579,37,0.847887989995602
GUF1,8074,22,0.847887989995602
HNRNPA1,10644,29,0.847808331221646
GHR,23124,63,0.847777988959017
RHOT1,16518,45,0.847733996535741
SRSF8,5139,14,0.847722999143297
KLHL4,4405,12,0.847695506910473
TLR3,10280,28,0.847558072489767
DNAH12,16160,44,0.847258370201051
COX17,5877,16,0.847166628765387
LIPT2,4409,12,0.846926447707106
IQCH,24251,66,0.846874062664364
WFDC8,4042,11,0.846839142902585
NET1,13964,38,0.846795037845794
CFAP36,12127,33,0.846769312017543
KBTBD3,8820,24,0.846734400893567
MAGI2,68358,186,0.846697240602121
SMARCE1,24258,66,0.846629684791552
NUP58,20956,57,0.846390955464688
ZNF227,8095,22,0.845688404104323
C5orf46,4048,11,0.845583946544527
CHCHD2,4048,11,0.845583946544527
UCHL3,14721,40,0.84552650588516
KDR,10674,29,0.845425508480719
ADAM22,20613,56,0.845378837160511
ORC4,21350,58,0.845346311711775
ACAP2,32768,89,0.845171063758129
USP50,18042,49,0.845115271260997
SLK,10679,29,0.845029672958441
LAMTOR3,4052,11,0.844749214119508
RASAL2,28000,76,0.844617564891334
GNRHR,4053,11,0.844540788456019
CCDC191,8107,22,0.844436614188293
NUP35,8107,22,0.844436614188293
IMPACT,8108,22,0.844332465617229
SPOPL,12162,33,0.844332465617229
FRA10AC1,17691,48,0.84429341652606
COL11A1,24694,67,0.844282732080743
VWDE,16217,44,0.844280400964974
CLASP2,42759,116,0.844179880495165
TIPARP,11429,31,0.844030244306586
TBC1D23,20280,55,0.843916128109528
HSPBAP1,12171,33,0.843708113288698
PSMD14,12175,33,0.843430919658048
CARD6,4059,11,0.843292391133837
DYNLRB1,4060,11,0.843084683648337
R3HDM1,36540,99,0.843084683648337
RNF185,4061,11,0.842877078456598
PLA2G5,8493,23,0.84269663529411
ATR,44319,120,0.842550307529645
RNF20,8126,22,0.842462174652288
OXR1,36573,99,0.842323964140492
COMMD3-BMI1,4064,11,0.84225487588884
LRRTM2,4064,11,0.84225487588884
MYCT1,4064,11,0.84225487588884
SAAL1,17734,48,0.842246240654253
SRPK1,17734,48,0.842246240654253
HSPA14,8131,22,0.841944118955171
SPO11,8131,22,0.841944118955171
TAF4B,4438,12,0.841392228017267
GSK3B,69185,187,0.84107400253535
UBR1,29233,79,0.840926914580867
TBC1D4,24055,65,0.84083841202848
THUMPD2,15916,43,0.840696178067391
ANGEL2,14068,38,0.840534966482703
LINS1,16290,44,0.840496946743339
CDK8,28509,77,0.840452724026999
KANSL1L,18514,50,0.840377261338409
KLHL24,12961,35,0.84029945463263
SLAIN2,17777,48,0.840208968429011
CHD2,66665,180,0.840193214116995
LYST,55930,151,0.840111009146903
METAP1D,20012,54,0.839668408241697
JAKMIP2,12233,33,0.83943198290172
CA1,18537,50,0.839334553402347
WRN,20022,54,0.83924903534776
GLRA2,5562,15,0.839198738749693
MANBA,17057,46,0.839188898816073
SLC39A12,4079,11,0.8391575914715
LAMA4,35610,96,0.838887662553358
BZW2,12983,35,0.838875547369137
UNC79,16693,45,0.838846831293199
SLC16A7,17064,46,0.838844646454862
NF1,69376,187,0.838758430370852
ATXN10,30426,82,0.838636073454534
RSL1D1,8535,23,0.838549797721485
ARV1,8165,22,0.838438166714574
SNX16,8908,24,0.838369714400681
SLC24A2,20043,54,0.838369714400681
TCF12,42314,114,0.838349901343196
NCEH1,8166,22,0.838335492435035
DENND4C,20421,55,0.838089176732835
RNF24,8169,22,0.838027620421654
ZBBX,17824,48,0.837993426378059
LRP2BP,8171,22,0.837822498008138
ALS2,44198,119,0.837816466516085
CNTNAP4,20429,55,0.837760980863539
DUS4L,13372,36,0.837742755296283
SCRN3,10772,29,0.837734114140661
P2RY14,8173,22,0.837617475984888
WWC2,28235,76,0.837587810056927
TOP2B,37527,101,0.83749471381051
HLTF,17835,48,0.837476581539811
USP9Y,20809,56,0.837416212715153
PDE4D,65029,175,0.837404944831807
RXFP1,12263,33,0.83737841040828
PKN2,16351,44,0.837361339517399
BARD1,16723,45,0.837341993349122
TMA16,12266,33,0.837173605644606
METTL4,11896,32,0.83705418245699
CCDC179,6322,17,0.836756274846973
PAICS,12645,34,0.836690101950583
MAP4K5,27528,74,0.836491646044049
TSC22D2,14881,40,0.836435433985313
TM2D1,16373,44,0.83623619754773
VIT,8187,22,0.8361851265695
NAMPT,29404,79,0.836036474423293
NOXRED1,4467,12,0.835929865220648
TAF2,24942,67,0.835887971534033
RNLS,5212,14,0.835849672409326
ALDH1L2,16014,43,0.835551415643849
ADGRA3,34269,92,0.835393215273615
C5orf63,8195,22,0.835368838465466
KYNU,16027,43,0.834873673807986
METTL15,10067,27,0.834580519803956
TMEM182,12677,34,0.834578081499182
SLC4A4,20137,54,0.834456184423343
EPB41L4A,33210,89,0.833922475676795
GPM6A,42550,114,0.83370006405255
FREM1,22022,59,0.833680803168412
ARHGEF12,38073,102,0.833657421729188
CD46,20903,56,0.833650383695624
RAB3GAP1,27624,74,0.833584637717223
CHORDC1,9334,25,0.833444644119311
MTX2,4107,11,0.833436526810871
PLSCR5,4107,11,0.833436526810871
PDCD6IP,35101,94,0.833322124123765
MPP7,22033,59,0.833264587090944
MITF,25398,68,0.833132241843068
DNAJC21,20548,55,0.832909240707671
MAGT1,7847,21,0.832760639594253
EDNRA,12332,33,0.832693111160942
COPS5,15325,41,0.832507052885078
GORAB,16821,45,0.832463596384125
KIAA0586,44878,120,0.832055507807976
IFIH1,16456,44,0.832018428685524
KDM4D,4114,11,0.832018428685524
ARSJ,4116,11,0.831614143734754
KLRC2,10104,27,0.831524355984404
ZNF391,8233,22,0.83151313387884
MICU1,16096,43,0.831294754604908
MAN2A1,21341,57,0.831121731067804
NDST3,4868,13,0.830992933498155
HNMT,4494,12,0.830907589661912
TAF1D,17227,46,0.830907589661912
ABCG2,8990,24,0.830722738140296
HECTD1,39707,106,0.830698329937012
PPWD1,20979,56,0.830630343218915
CCPG1,20983,56,0.830471999732623
NBN,23991,64,0.830111004502384
RTTN,56247,150,0.829843971220828
HMSD,12000,32,0.829799712875696
LMBRD2,12000,32,0.829799712875696
MIB1,24000,64,0.829799712875696
GTF2F2,21000,56,0.829799712875696
ADH7,12376,33,0.829732663771553
PIBF1,16128,43,0.829645360250533
TTC32,7506,20,0.829136403752694
PDCD4,18027,48,0.828556877559357
RP1,20660,55,0.828393953439556
ZNF527,4133,11,0.828193519383558
ABCA8,30059,80,0.828170976621673
CCT8,11653,31,0.827805857906116
RGPD1,12029,32,0.827799198146841
SSR3,10152,27,0.827592798745707
CCDC110,8649,23,0.827497112215618
AGFG1,14669,39,0.827310709714845
FSTL5,12038,32,0.82718030856524
DSCR8,4891,13,0.827085176910451
EXTL2,4515,12,0.827042903198368
ADGRG6,23329,62,0.826989726278878
PSME4,25219,67,0.826706760220543
PCNP,8661,23,0.826350597338977
KIF14,6028,16,0.825945301468842
GLS,26375,70,0.825867012814674
ATP8A1,32028,85,0.825835701508456
UBR5,37317,99,0.825530303628647
SDCBP,19606,52,0.825313393913908
ITGAV,29032,77,0.825312300540291
MAPK10,85588,227,0.825310797758373
TUSC3,24146,64,0.824782287294654
CSPP1,65665,174,0.824555414073543
MAP4K3,36236,96,0.824395343402281
ALCAM,26801,71,0.824350485254857
COG2,13968,37,0.824274843653371
COPB2,10949,29,0.824191421821463
CDH6,12083,32,0.824099690019726
CD2AP,18881,50,0.824042403284747
FERMT2,29106,77,0.823214000868746
SPP2,4158,11,0.823214000868746
BAZ2B,48793,129,0.822690982525399
ASB4,12104,32,0.8226699070149
NEK7,17791,47,0.82205721653837
FABP12,10599,28,0.82204896548682
CD200R1L,4921,13,0.822042999445035
RNF144B,4164,11,0.82202781354761
TRIP11,12879,34,0.821488185353298
HOOK1,17807,47,0.821318579178646
PTPRR,20473,54,0.820761206747074
CTXN3,7967,21,0.820217489506227
CCDC171,32248,85,0.820201744229497
DDX18,11388,30,0.81974418421598
PIGF,9870,26,0.819710962567177
RNF13,28472,75,0.819686601736055
CLEC7A,4176,11,0.819665664658105
FAF1,12529,33,0.819600243182755
TCAF2,27727,73,0.819265233886543
RALGPS2,16333,43,0.819232251890075
ERICH3,13299,35,0.818942870252915
DCBLD2,23564,62,0.818742290118822
THOC1,30420,80,0.818342912106209
GMFB,8367,22,0.81819620308647
CEP170,42597,112,0.818170010582417
NMD3,11794,31,0.817909247259621
GABRG2,24731,65,0.817854838111888
ITM2B,11796,31,0.817770571564935
ADAM18,12178,32,0.817670927451827
ANKAR,18648,49,0.81765174410612
ZNF385B,38058,100,0.817633328941053
CAND1,12560,33,0.817577344493371
C4orf33,6853,18,0.817327894631687
WDR43,17137,45,0.817113272730196
GLA,4190,11,0.816926924967123
API5,16380,43,0.816881585477448
ANKRD22,8000,21,0.816834092362013
CNTN3,8000,21,0.816834092362013
PDC,8000,21,0.816834092362013
SLCO1B1,8000,21,0.816834092362013
SMR3B,8000,21,0.816834092362013
TNMD,8000,21,0.816834092362013
PRPF39,13717,36,0.816672459271116
ANKRD26,43822,115,0.81660153844563
INTU,24009,63,0.816527894401613
PIGK,8004,21,0.816425879422302
FRYL,49930,131,0.816421207590999
ATAD5,7243,19,0.816280954609876
HNRNPU,12963,34,0.816164957121432
ANGPT1,19064,50,0.816132218653971
HHLA2,16020,42,0.815814324456443
PRCP,33185,87,0.815796764579466
OLR1,12970,34,0.815724467167704
LRFN5,9539,25,0.815533316721842
STEAP1,8013,21,0.815508890415089
CNBD1,16027,42,0.815458006975243
ZRANB3,23278,61,0.815433818714303
AKR1C3,21754,57,0.815342873159787
IL31RA,10687,28,0.815279964928868
PAXBP1,16794,44,0.815273029799273
TMEM26,12214,32,0.815260893606382
CLCN3,24049,63,0.815169787379447
TPK1,20998,55,0.81505948557297
LEMD3,12984,34,0.81484491213533
ARL6IP6,13752,36,0.814593958974833
NUP205,26364,69,0.814408571182622
ZNF302,7644,20,0.814167693166892
SLC9A9,8027,21,0.814086550254903
GOLGA4,12233,32,0.813994650086516
RASA2,12233,32,0.813994650086516
EDEM3,21031,55,0.813780565739206
CMSS1,22561,59,0.813763514355515
TIAL1,20652,54,0.813647307075966
PTS,8032,21,0.813579773268937
LRRC63,4208,11,0.813432465687321
RAB2A,21423,56,0.813415206571891
IFI44,11478,30,0.813316498505975
FN1,38649,101,0.813181819068203
WDR72,19517,51,0.8131331407874
KCNH7,8037,21,0.813073626837888
IL18R1,12249,32,0.81293138660367
CCDC141,16078,42,0.812871344557297
LRBA,52457,137,0.812683917284421
AQP9,4212,11,0.812659975216583
CUL3,45952,120,0.812608528016328
KLHL41,8042,21,0.812568109785639
RALGAPB,24126,63,0.812568109785639
FAM174A,8044,21,0.81236607892791
RGS18,4214,11,0.812274279926969
SLC25A21,12260,32,0.812202002814711
ZCRB1,12260,32,0.812202002814711
CBLL1,5364,14,0.812164148508092
DPH6,15709,41,0.812156762713338
HELQ,8051,21,0.811659761383196
EIF3M,12271,32,0.811473926697772
ROCK2,30297,79,0.811394411788048
RABGAP1L,47962,125,0.810993318482304
CNTLN,8058,21,0.810954670997283
COL6A6,8059,21,0.810854043789069
NBPF6,8061,21,0.81065286427194
PDCD10,19963,52,0.810554245407808
NEB,56863,148,0.809909502921076
APAF1,19211,50,0.809887284181943
ETNK1,18063,47,0.809678344651173
COPS2,8071,21,0.809648462259461
FAM98B,9224,24,0.809648462259461
ANO5,24215,63,0.809581590612774
FSIP1,20000,52,0.809054720053804
HMGN5,8077,21,0.809047014844139
TWF1,8079,21,0.808846730894431
PLEKHA1,16161,42,0.80869658299562
CTNNA3,28090,73,0.808678075470708
C2CD5,33862,88,0.808676112601086
AASS,27708,72,0.808596515361765
SLC17A3,16548,43,0.808588371411687
MIPOL1,35412,92,0.808429066254702
PPP4R1,33105,86,0.808368546752491
PPP2CB,19248,50,0.808330455965259
PIK3CA,25413,66,0.808151060231908
TTLL7,28880,75,0.808106541711529
KIF20B,8089,21,0.80784679674819
CDK19,8862,23,0.807608048245642
SOS2,8477,22,0.807579052875368
A2M,25436,66,0.807420305616979
ANO6,12341,32,0.806871125071579
CRBN,16972,44,0.806722558475665
TANC2,32018,83,0.806656132901994
HSF2,8101,21,0.806650134415024
SEMA3E,16589,43,0.806589931287034
ZNF138,8102,21,0.80655057256185
CWC15,7331,19,0.806482465453463
SYNE1,101495,263,0.80633525476492
SMC4,28182,73,0.806038149881917
C2orf80,12744,33,0.805773026274069
RSL24D1,10041,26,0.805751140378253
VPS36,14677,38,0.805658234549204
HIPK3,9659,25,0.805401419216239
GALNT13,51397,133,0.805227166559825
GORASP2,12755,33,0.805078122056977
PDLIM5,24743,64,0.804881910399576
ADGB,20106,52,0.804789336569983
GAS2,19721,51,0.804721845177612
NAA15,25916,67,0.804472827056717
ZNF84,11993,31,0.80433766882181
ACVR2A,8512,22,0.804258415322426
ZBED5,6578,17,0.804191725385005
HCN1,12773,33,0.803943587789614
TRPA1,24000,62,0.803868471848331
LACTB2,8135,21,0.803278763232466
SLC7A11,16273,42,0.803130675216138
UBA6,12013,31,0.80299855674519
NUDT6,8526,22,0.802937793950797
MYCBP2,58521,151,0.802915342211963
CAPN7,17444,45,0.802732753656121
EML4,15122,39,0.802527496416285
FANCM,29083,75,0.802465939711479
KLF5,13574,35,0.802351645166753
MALT1,29100,75,0.801997145176253
GPR156,8152,21,0.801603623515224
CCNC,12812,33,0.801496366440582
FAM151B,8155,21,0.801308735609578
KLRC1,9321,24,0.801222767501477
CLTC,24857,64,0.801190534216386
DYNLRB2,6603,17,0.801146928605568
DCUN1D5,10876,28,0.801112264177529
GCC2,35352,91,0.800998959093775
HAT1,8159,21,0.800915889066811
EYS,24091,62,0.800831983909341
KITLG,8550,22,0.800683933476549
FBXL3,11273,29,0.800503138252745
CD200,8943,23,0.800293248747946
RBBP8,33440,86,0.800270357064629
SOX5,38887,100,0.800202875841248
IFT57,10891,28,0.80000890507711
PRDM2,24120,62,0.799869126217244
WDR35,14007,36,0.799764126781031
LRRC4C,17121,44,0.799701843493312
ORC3,12069,31,0.799272654087328
LRRC28,31146,80,0.799267687223749
MSR1,24140,62,0.799206434314827
BIRC6,46729,120,0.799096644041309
NDFIP2,16747,43,0.798980137942354
PPA2,16358,42,0.798957420087554
GOLGB1,42067,108,0.798889589736984
SEMA3A,12854,33,0.7988775048107
CLDN12,8181,21,0.798762099852843
CHUK,10519,27,0.798718708324596
ECHDC1,21819,56,0.798652274182576
ERLEC1,12079,31,0.798610949762395
ATG5,16374,42,0.798176711725431
SYCP2,24964,64,0.797756493711613
ITGB3BP,23795,61,0.797716681320931
ACTL6A,22634,58,0.797390817135566
GBP2,16000,41,0.797385661591489
THSD7A,16000,41,0.797385661591489
ERO1A,21085,54,0.796938306176564
UGGT1,16011,41,0.796837835579528
VCAN,20307,52,0.79682347964131
C11orf58,12893,33,0.796460982458446
OLFM3,16021,41,0.796340464731529
ERAP2,21101,54,0.796334021408125
ASB11,5081,13,0.796156977025983
CHMP3,14072,36,0.79606993489354
PCM1,42607,109,0.796067858891593
GRIK2,44960,115,0.795932220146005
GRIA2,34019,87,0.79579692620505
CCT4,8213,21,0.795649913417278
LECT2,5867,15,0.795572419452155
UBE3A,30124,77,0.795394592659863
IMMP2L,18781,48,0.795292840198207
GINS3,4304,11,0.795288990616228
USP33,29355,75,0.795030384078656
TAX1BP1,16838,43,0.794662095861777
KIAA0825,12534,32,0.794446828985827
GDAP2,16061,41,0.794357174862327
WIF1,8619,22,0.794274002926615
DNAJB4,9013,23,0.794077723682778
KCTD3,16460,42,0.794006408128324
SLTM,24306,62,0.793748182521186
TTBK2,9021,23,0.793373519959304
CCDC66,22361,57,0.793210002357587
VEZT,22361,57,0.793210002357587
NEDD1,8242,21,0.792850368708579
MPP4,8637,22,0.792618690659314
CEP350,41618,106,0.792554629891127
KCNMB2,20417,52,0.792530459963563
MAN1A2,16494,42,0.792369678537178
RERG,11788,30,0.791927958080385
PSMA5,11396,29,0.79186309911576
SLC44A1,12182,31,0.791858616169756
PEX1,23985,61,0.791397474756371
VRK2,8260,21,0.791122607614541
CACYBP,9050,23,0.790831218072141
ZNF614,5903,15,0.790720546319802
THAP2,7482,19,0.790206222165108
BDP1,20085,51,0.790137889407403
RYK,21269,54,0.790043922409744
EYA1,29149,74,0.789973653720559
SLCO1A2,22061,56,0.789891390707113
KDM6A,32698,83,0.789880606252861
ZBTB20,55949,142,0.789769874539863
MBD5,61469,156,0.78971974821826
FMO2,8275,21,0.789688548507082
CCDC7,28386,72,0.789283176482907
EFR3A,21692,55,0.788982992719032
LDHB,16565,42,0.788973466815105
PCDH9,12627,32,0.788595593134423
MCTP1,37499,95,0.788330749385228
ABCA6,18553,47,0.78829407316521
WDPCP,42638,108,0.788191012042443
LYRM2,4348,11,0.787240987951299
TRIQK,12656,32,0.786788602600218
AK9,32043,81,0.786604446481268
STRAP,13452,34,0.786496159616795
FXR1,30071,76,0.786448465862703
LINGO2,17413,44,0.786291578846206
SCN9A,28100,71,0.786242610509445
PTPN4,20581,52,0.786215169383221
AHCTF1,20585,52,0.786062395000052
DIAPH3,20193,51,0.785911925357683
ZNF431,9505,24,0.785712510876514
ZNF133,12281,31,0.785475259521209
ADGRV1,101820,257,0.785424742962043
ANKRA2,13076,33,0.785314426952947
UBQLN1,16255,41,0.784876689354896
RBM26,12689,32,0.784742418985606
NPFFR2,12294,31,0.784644677255569
ZNF195,16261,41,0.78458708477116
LRRC66,6743,17,0.7845132981733
IVNS1ABP,17453,44,0.784489501085715
ATG2B,22225,56,0.784062720827429
ITFG1,33344,84,0.783909877506731
PHIP,21841,55,0.783600525528192
XPOT,15093,38,0.783452322830363
GRM7,29802,75,0.783105728629923
IL13RA2,6361,16,0.782706850692372
SLC39A8,16698,42,0.782689272834604
VPS35,18292,46,0.782530343707947
MOCS2,5966,15,0.782370664586958
RBMS3,32634,82,0.78189437920352
TCERG1,33433,84,0.781823077665313
KMT2C,91555,230,0.781718368582041
UCHL5,13147,33,0.781073358700596
REG4,6775,17,0.780807847908865
METAP2,11566,29,0.78022409454636
SKAP2,23536,59,0.78005262777765
GTF3C3,24353,61,0.779438608468425
PCSK1,9983,25,0.779261976180472
TP53BP2,22764,57,0.779167495287208
PDE1A,12782,32,0.779032745619493
MYEF2,21575,54,0.778838664460387
BBOX1,8797,22,0.778202527137035
BTD,8799,22,0.778025642825832
ANKS4B,4000,10,0.777937230820965
C1QTNF3-AMACR,4000,10,0.777937230820965
CD5L,8000,20,0.777937230820965
CHAC2,4000,10,0.777937230820965
CSTF2T,4000,10,0.777937230820965
DNASE2B,8000,20,0.777937230820965
DSG1,8000,20,0.777937230820965
FGL2,4000,10,0.777937230820965
GABRA3,16000,40,0.777937230820965
GPR87,4000,10,0.777937230820965
GUCY2F,4000,10,0.777937230820965
HCRTR2,8000,20,0.777937230820965
HLA-DQA2,4000,10,0.777937230820965
IL26,4000,10,0.777937230820965
KRT24,4000,10,0.777937230820965
KRT27,8000,20,0.777937230820965
MPEG1,4000,10,0.777937230820965
MRGPRX4,4000,10,0.777937230820965
MYOZ2,4000,10,0.777937230820965
OR4C3,4000,10,0.777937230820965
OR8S1,4000,10,0.777937230820965
P2RY13,4000,10,0.777937230820965
PCDHB1,4000,10,0.777937230820965
PCDHB2,4000,10,0.777937230820965
PGBD1,4000,10,0.777937230820965
PRG4,4000,10,0.777937230820965
RORB,8000,20,0.777937230820965
SMCO1,4000,10,0.777937230820965
SPINT4,4000,10,0.777937230820965
TNFSF18,4000,10,0.777937230820965
XCL1,4000,10,0.777937230820965
ZC3H12C,12000,30,0.777937230820965
MSS51,8001,20,0.777840000820862
HHLA1,8002,20,0.777742795122185
SUGCT,16011,40,0.777402766419052
LMOD2,4003,10,0.777354215159595
MMP7,4003,10,0.777354215159595
NEGR1,16013,40,0.777305669964119
SLC25A36,19620,49,0.777144226508202
NAALADL2,22426,56,0.777035314830537
CPB2,4005,10,0.77696602329185
SMNDC1,4807,12,0.776804391083968
CMC2,21635,54,0.776678723629898
MYOT,12021,30,0.776578218937824
RPF1,4007,10,0.776578218937824
ANK2,90959,227,0.776577365170501
ELP4,24454,61,0.776219368284598
NDP,4009,10,0.776190801517551
GPATCH2,12029,30,0.776061748262664
F2RL2,4010,10,0.775997237726648
FRY,28474,71,0.77591547922018
GABRR3,4011,10,0.775803770452222
SULT1B1,8022,20,0.775803770452222
OR7A5,4012,10,0.775610399622099
PSMA8,8025,20,0.775513750351118
PSMD1,37322,93,0.775394271114621
TTC8,9232,23,0.775240741286057
ZNF518A,9634,24,0.775191760004283
TMEM168,12044,30,0.775095215032513
C1QTNF2,4015,10,0.775030865076927
PDS5A,24493,61,0.77498340064637
TTK,14054,35,0.774948145118366
SS18,17670,44,0.774855419493434
ADH1C,4016,10,0.77483787930375
MYH15,18479,46,0.774611453385235
TFEC,16070,40,0.774548580780052
SMARCAD1,16473,41,0.774489806681468
MAGOHB,8036,20,0.774452195939239
SMCHD1,61476,153,0.774444637358369
GJB7,8037,20,0.774355835083703
COMMD10,12458,31,0.774315432828702
COX7B2,8038,20,0.774259498204494
ADGRG7,12060,30,0.774066896339269
PDLIM3,16085,40,0.77382627871529
WDR64,20108,50,0.773758932585006
KIR3DL1,4022,10,0.773681979931343
MAPK1IP1L,8044,20,0.773681979931343
UGT2B4,8044,20,0.773681979931343
HACE1,21318,53,0.773631170532154
CD96,8047,20,0.773393543751426
KLHL32,20118,50,0.773374322319281
ANK3,71237,177,0.773165011751258
NDUFB6,4025,10,0.773105322554996
CASP1,12075,30,0.773105322554996
BCL2A1,4027,10,0.772721361629963
FASTKD3,8867,22,0.772059053933066
NKTR,25405,63,0.771659839271337
CHMP2B,12099,30,0.771571763769864
CD274,13309,33,0.771565966401438
TSPAN8,12100,30,0.771507997508395
FBXO4,8067,20,0.771476118329952
ZNF322,8067,20,0.771476118329952
RBM48,4034,10,0.771380496599866
PRRG1,8070,20,0.771189324233918
METTL5,11702,29,0.77115637305787
PMPCB,8474,21,0.771143820969567
ORC1,4036,10,0.770998246601551
SREK1IP1,8072,20,0.770998246601551
NRG4,20989,52,0.770932126403167
ZNF510,8073,20,0.770902743288458
FABP4,7266,18,0.770870914108306
MBTPS2,4037,10,0.770807263632366
ZFYVE16,20190,50,0.770616375256033
DNAJC24,16967,42,0.770280278056947
HPGDS,4040,10,0.770234882000956
SAMD9L,4040,10,0.770234882000956
G6PC2,5658,14,0.769962617991765
CCDC150,35565,88,0.769953339656909
MDH1B,4042,10,0.769853766275077
PSMD12,8086,20,0.769663349810502
ZNF658,8088,20,0.769473027518264
FAP,27101,67,0.769296992214378
SUCO,21034,52,0.769282799328519
TMEM167A,8496,21,0.769146979625248
GSTCD,11733,29,0.769118884984505
LRIG3,23880,59,0.768815688751038
STXBP3,17004,42,0.768604180063057
PARP11,8098,20,0.768522826200015
DNAH6,13368,33,0.768160640846554
DPY30,4051,10,0.768143402439857
SPTA1,28764,71,0.768092662888173
C8orf34,17833,44,0.767772963744125
VPS13B,32045,79,0.767134232920658
ATG12,12171,30,0.767007375716998
CCDC88A,81971,202,0.766823977386319
ICE2,20293,50,0.766705002533844
KLHL13,20701,51,0.766625743140316
ATF2,16238,40,0.766535022363311
PGAP1,20299,50,0.766478379054106
KCNJ16,16242,40,0.766346243882246
RALGAPA1,41418,102,0.766329591421493
MED23,12182,30,0.766314789841699
LPAR6,22740,56,0.766305803447213
RBBP6,17464,43,0.766177300167235
IGSF10,14228,35,0.765470989000106
BTBD7,10976,27,0.765463018664944
CDH10,12198,30,0.765309622057024
REG1A,4473,11,0.765241183906158
GIMAP4,4067,10,0.765121446590573
PRH1,17895,44,0.765112895358982
ZNF474,4076,10,0.763432022395452
WDR11,30169,74,0.763265008197175
DHX29,8154,20,0.763244769017381
IFIT1,4077,10,0.763244769017381
MLIP,16308,40,0.763244769017381
GPR34,4078,10,0.763057607475199
NHLRC3,7752,19,0.762683559628397
PRKRA,15505,38,0.762634370105042
ANKRD30A,20000,49,0.762378486204546
EML5,24491,60,0.762341004438494
PLOD2,44494,109,0.762306451741675
LRRTM4,8166,20,0.762123174940941
DUT,11434,28,0.762016528353578
BCAS3,43335,106,0.761152384603875
AGL,14309,35,0.761137831539137
C18orf54,12679,31,0.760818807648866
SYT1,25776,63,0.760553158623849
GPR18,7365,18,0.760508901820903
ALG13,47061,115,0.760398474698039
FGF20,4505,11,0.759805508459988
AGBL3,4096,10,0.759704326973599
KLHL7,20898,51,0.759398962041712
ZMPSTE24,8198,20,0.759148310144879
SLCO1B3,16003,39,0.758346610061055
ARRDC3,12727,31,0.75794937237212
DSG4,4106,10,0.757854097243999
TBCK,37372,91,0.757704035156886
CEP295,20124,49,0.757680864842522
MCF2,20536,50,0.757632675127547
KLHL20,8626,21,0.757555383595653
LAMA2,48503,118,0.757038477924037
TPP2,39880,97,0.756869723065533
ZFC3H1,24259,59,0.756804429175761
NIPBL,24672,60,0.756748279008721
PPP1R42,23850,58,0.756735587213685
TRAPPC3L,10284,25,0.756453938954653
GULP1,22625,55,0.756447252069005
CCSER1,31678,77,0.756375614283911
CTSS,8229,20,0.756288473273511
CDKL2,8230,20,0.756196579169832
ANKIB1,28000,68,0.755710452797509
VIP,7414,18,0.755482608836114
SCAF11,25538,62,0.755456313116138
DOCK7,67965,165,0.75544555630374
KCND2,9477,23,0.755199168888137
MAP3K7,18542,45,0.755197398057242
SELL,12373,30,0.754485312361722
ZNF780B,4125,10,0.754363375341542
ACBD6,12377,30,0.75424147772898
RPP30,13205,32,0.754077739834029
SEC62,14451,35,0.75365865555972
GYPA,16116,39,0.75302933735462
COL4A5,28104,68,0.752913915397461
STX7,4133,10,0.752903199439599
CLNK,12000,29,0.7520059897936
PROSER1,24828,60,0.751993456569323
PDE4B,35181,85,0.751822456664473
PRB3,4968,12,0.751630174706247
KIF18A,12011,29,0.751317282284839
DHX9,21543,52,0.751106828254007
EXOC1,21132,51,0.75098994457447
PIGN,35220,85,0.750989944574469
ZDHHC21,16167,39,0.750653850485993
DCTN4,15756,38,0.750485269641957
ZDHHC17,20317,49,0.750483325495443
UFM1,4147,10,0.750361447620897
STAM2,12034,29,0.749881326036496
CRISP1,12036,29,0.749756719634696
ZC3H12B,12038,29,0.749632154637248
SMC2,8304,20,0.749457833160853
IARS2,14539,35,0.749096996457357
USH2A,12052,29,0.748761357245536
LRPPRC,67347,162,0.74851637871321
SCLT1,16223,39,0.748062676496767
COPB1,12480,30,0.748016568097082
CYTIP,14145,34,0.747963686049143
STXBP4,12068,29,0.747768634199801
CD86,12074,29,0.747397041371807
FPGT-TNNI3K,16243,39,0.747141587194918
TMEM212,4167,10,0.746760000788063
MFF,20838,50,0.746652491430046
NCKAP1,28759,69,0.746586027701194
ABCB5,12092,29,0.746284475481574
ZFP69,8340,20,0.746222763377425
SECISBP2L,22520,54,0.746156491373572
DMD,108871,261,0.745989720841259
CAPS2,15853,38,0.745893263639606
WFDC11,7093,17,0.745801941291775
NAA11,4593,11,0.745247945920367
SLC35F5,26309,63,0.74514493962858
CSMD3,24229,58,0.744898417394296
SERF1A,5013,12,0.744883045669386
SERF1B,5013,12,0.744883045669386
RIMS1,31756,76,0.744718850515095
CAMKMT,15054,36,0.744140834583626
FOLH1,17150,41,0.743916652213634
PRIM2,18825,45,0.7438443641316
CWC22,4184,10,0.743725842085053
FAM133B,14226,34,0.743704930350424
CRB1,24275,58,0.743486869414887
ZNF175,10045,24,0.743474108101669
ANKRD18B,20096,48,0.74325213135761
TNPO1,23449,56,0.743135910716432
NPSR1,4191,10,0.742483637147187
MNAT1,19700,47,0.742396951240312
CMC1,20539,49,0.742371572330246
SEMA3C,15930,38,0.742287878749446
FAM133A,4193,10,0.742129483253962
XKR9,9234,22,0.741374012478286
SLAIN1,15140,36,0.739913878720072
EPGN,4627,11,0.739771734517451
GPR158,12199,29,0.739738657063956
FAM76B,15156,36,0.739132760875026
CPA3,8000,19,0.739040369279917
DAPL1,8000,19,0.739040369279917
GLO1,8000,19,0.739040369279917
GREM2,8000,19,0.739040369279917
MNDA,8000,19,0.739040369279917
RHAG,8000,19,0.739040369279917
STRN,8000,19,0.739040369279917
TNNI3K,8000,19,0.739040369279917
WEE2,8000,19,0.739040369279917
CA3,8001,19,0.738948000779819
NUDT12,8001,19,0.738948000779819
IL7,10107,24,0.738913368544698
EGF,28648,68,0.738616750849283
HFE,4213,10,0.738606437997593
ATF7IP2,17700,42,0.738381100440238
ADH4,13486,32,0.738365457104282
CD55,13489,32,0.738201242086763
EXOC6B,24036,57,0.737933469076302
MYL1,8014,19,0.737749307990933
TYR,8018,19,0.737381261441673
GLRA3,8020,19,0.737197375840316
RPAP2,8026,19,0.736646268905972
TTC21B,31260,74,0.736626424577753
FANCB,12251,29,0.73659879826326
ADGRF4,8027,19,0.736554497849674
LRRTM3,8028,19,0.736462749656121
MIS18BP1,20706,49,0.736384126537763
RPA3,10566,25,0.736264651543598
ITGA4,17330,41,0.736189877984064
CLIC2,4230,10,0.735638043329518
PREPL,10153,24,0.735565588090344
KLRF1,8040,19,0.735363551522305
LAMP5,4232,10,0.735290388299589
JCHAIN,8467,20,0.735029862592148
NUF2,14396,34,0.734922640953399
TSGA10,20781,49,0.733726467643083
CP,26719,63,0.733710775728445
HFM1,16121,38,0.733493326002027
PHKB,31822,75,0.733395667293978
SLU7,14432,34,0.733089408201575
GRIA4,13597,32,0.732337762337895
APPL1,13178,31,0.732009535755044
HNRNPLL,19560,46,0.731801894023812
EYA4,34021,80,0.731724269900088
POLR3B,12334,29,0.731641955369158
ABCA9,19584,46,0.730905077977214
XRCC4,8095,19,0.730367258090097
CCNG1,10227,24,0.730243220483159
SLC6A15,31110,73,0.730175735775384
VTA1,8101,19,0.729826312089783
F5,8107,19,0.729286166798981
MBNL1,22625,53,0.728940079266496
DYM,29927,70,0.727845840310991
GCA,12400,29,0.727747732058322
CPS1,41061,96,0.727522214839509
NAALAD2,11549,27,0.727484811920203
PLSCR2,16684,39,0.727392759578462
ADH6,9840,23,0.727339687352935
LRRK2,29956,70,0.727141222559321
GABRA1,12416,29,0.726809912815979
UGGT2,24832,58,0.726809912815979
CCDC90B,12426,29,0.726225002214968
ASB5,24000,56,0.726074748766234
PTH2R,12000,28,0.726074748766234
TMPRSS15,12000,28,0.726074748766234
TNIP3,24000,56,0.726074748766234
GFM1,21004,49,0.725936475151919
EPHA7,24015,56,0.72562123549405
KCNT2,12866,30,0.725574908273868
IL15,15015,35,0.725349399366867
WWP1,35618,83,0.725125387816723
UTY,17169,40,0.724969170780793
WDR41,22777,53,0.724075571559225
MBIP,15490,36,0.723195359833563
RERGL,12052,28,0.722942000099138
C1orf53,6887,16,0.722927004102538
FAM3C,12056,28,0.722702138785236
MEF2C,56856,132,0.722440653358431
DYNC2LI1,10784,25,0.721380963298373
RHOJ,4745,11,0.721374882110062
PUS10,9066,21,0.720788963037294
ABCA10,23340,54,0.71994191027133
TMPRSS11A,8647,20,0.71972913687611
PDK4,12971,30,0.719701393096259
DDX60L,24216,56,0.719598363494781
TFB1M,22495,52,0.719319599958928
EXOC5,17316,40,0.718814720093292
SPATA17,16020,37,0.718693571544962
PLCZ1,22533,52,0.718106528250835
SRSF11,22534,52,0.718074660560756
AKAP9,29042,67,0.717881612354585
DGKB,24718,57,0.717572977697144
WDR49,16482,38,0.717427855143713
CFAP47,16051,37,0.717305527141629
MPDZ,40348,93,0.717241622547336
MMS22L,18223,42,0.717189566909522
ABCE1,13885,32,0.717147753295524
ODF2L,28648,66,0.71689272876548
CHD1,24311,56,0.716786391772844
DICER1,34331,79,0.716053027699237
SLC30A8,9129,21,0.715814737528328
DHX15,19141,44,0.715307207692858
ADAM32,16967,39,0.715260258195736
FOCAD,43943,101,0.715214348705527
CENPE,16102,37,0.715033599313767
PIK3R4,26143,60,0.714167981475086
RB1CC1,20043,46,0.714166793748728
PSKH2,11769,27,0.713885809573152
USP53,16592,38,0.712671522931453
ELF1,12674,29,0.712014508247057
TBK1,46768,107,0.711933661459487
XRN1,32352,74,0.711762550454394
NSRP1,6559,15,0.711636436183228
CDC7,8309,19,0.711556499487223
UBR3,31935,73,0.711312576795747
SAV1,10941,25,0.711029367353044
EPHA6,14016,32,0.710444959653849
PPP1R12A,51292,117,0.709807814131271
NDC80,12282,28,0.709403760396907
ABCA5,30706,70,0.709380657297825
CEP44,12288,28,0.709057371842025
TMF1,14047,32,0.708877095074276
BNIP2,16688,38,0.708571782626958
CCNH,17578,40,0.708100790370659
ING3,8353,19,0.707808326857337
PIAS1,16267,37,0.707780845647648
NME7,24218,55,0.706690027172402
LRRD1,4404,10,0.706573324996335
SENP6,27757,63,0.706272947965858
SRP72,18953,43,0.705984296423817
DNAJC10,19838,45,0.705860981690562
FBXW7,33514,76,0.705654109236657
EQTN,4410,10,0.70561200074464
QRFPR,4412,10,0.705292140363522
TERF1,11031,25,0.705228203083098
TRDN,12356,28,0.705155146098641
RFESD,9268,21,0.705079061167038
PON2,8397,19,0.704099434826645
CEP78,13706,31,0.703810131488397
ZNF644,16815,38,0.70322009565737
RALYL,14163,32,0.703071139907389
TRIM4,8426,19,0.701676116097714
TRIM49B,5322,12,0.701634481011017
ABCC9,20419,46,0.701015967829265
SHPRH,20865,47,0.700945120509664
ARHGEF26,8437,19,0.700761284134092
ABT1,4000,9,0.700143507738869
ATXN7L3B,4000,9,0.700143507738869
BLID,4000,9,0.700143507738869
C2orf66,4000,9,0.700143507738869
CHMP4C,4000,9,0.700143507738869
CYP7A1,4000,9,0.700143507738869
EID1,4000,9,0.700143507738869
GRXCR1,4000,9,0.700143507738869
GYS2,12000,27,0.700143507738869
HTR3B,12000,27,0.700143507738869
IMPG2,4000,9,0.700143507738869
KLRB1,4000,9,0.700143507738869
KRT10,4000,9,0.700143507738869
LRRC58,4000,9,0.700143507738869
MMP12,4000,9,0.700143507738869
MOCS3,4000,9,0.700143507738869
MYH8,4000,9,0.700143507738869
NAP1L3,4000,9,0.700143507738869
NMS,4000,9,0.700143507738869
OR2A14,4000,9,0.700143507738869
OR5H15,4000,9,0.700143507738869
PCDHB16,4000,9,0.700143507738869
PDE6H,4000,9,0.700143507738869
PGBD4,4000,9,0.700143507738869
PIGM,4000,9,0.700143507738869
PLET1,4000,9,0.700143507738869
RABIF,4000,9,0.700143507738869
SLC10A5,4000,9,0.700143507738869
SLC22A24,4000,9,0.700143507738869
SMCO3,4000,9,0.700143507738869
SSTR1,4000,9,0.700143507738869
WDR5B,4000,9,0.700143507738869
ZNF404,4000,9,0.700143507738869
ZNF804B,8000,18,0.700143507738869
SH2D1B,4002,9,0.699793610933402
EPB41L5,21346,48,0.699728044212617
TDRD6,8010,18,0.699269420962665
ABI3BP,58296,131,0.69925742580998
MTBP,16022,36,0.699182132306946
GBP7,4006,9,0.699094865440708
PUS3,8015,18,0.698833195497311
SAMSN1,24047,54,0.698775073220479
C2orf49,4008,9,0.698746015707454
SCFD1,43228,97,0.698250313589651
ADPRM,8022,18,0.698223393406999
FGF7,8023,18,0.698136365687517
AHI1,44133,99,0.698033542712035
AGR3,4014,9,0.697701552305798
ADAM28,28550,64,0.697554925009342
SYNPO2,16060,36,0.697527778569234
ICOS,4017,9,0.697180490653591
CCDC91,36162,81,0.697006976345315
ARHGDIB,10717,24,0.696855222159304
LPAR4,4022,9,0.696313781938209
LSM8,4023,9,0.696140698721222
COBLL1,32636,73,0.696034046450919
PRPF38A,4026,9,0.695621964966586
PTPRQ,30452,68,0.694860524048675
DCC,28216,63,0.694783747401769
CHN1,47040,105,0.694586813233005
ARAP2,22849,51,0.694556414230281
C10orf53,4035,9,0.694070391810526
XPNPEP3,8071,18,0.693984396222395
BIRC2,10764,24,0.693812468959612
MEI4,10765,24,0.693748018196123
CCDC178,21083,47,0.693697288784051
ZSWIM2,4038,9,0.69355473773043
SYTL3,4040,9,0.69321139380086
MAP2K4,24246,54,0.693039849283711
FGL1,23349,52,0.693010167505078
PTPN22,8089,18,0.692440111498448
DHX36,32813,73,0.692279497149672
GOLPH3L,4046,9,0.692183398654344
TRDMT1,13487,30,0.692166291232415
CGA,4047,9,0.692012362479732
ZRANB2,10792,24,0.692012362479732
DENND1B,17089,38,0.691944871465777
BTLA,8545,19,0.691904383176049
ATM,63891,142,0.691597168781688
USP15,32429,72,0.690881379248321
HEATR5A,28381,63,0.690744449338935
COX16,8110,18,0.690647109976689
CFHR5,16225,36,0.690434275736327
ANO3,20290,45,0.690136528081684
CWC27,29386,65,0.688299462374773
SLC5A12,5428,12,0.687932702273514
TAS2R1,12214,27,0.687876378980385
CSNK1G3,16302,36,0.687173115189664
GYPB,4078,9,0.686751846727679
UGT2B7,8158,18,0.686583483931227
CPE,15419,34,0.686162937879572
SLC38A6,22678,50,0.686072167581767
ARPP21,49898,110,0.685984170830944
SREK1,24508,54,0.685630985218412
PRKACB,19521,43,0.685442363102331
TMEM106B,8626,19,0.685407251824639
CD36,30876,68,0.685318456999943
PIK3C2G,25883,57,0.685274846915659
CNKSR2,47684,105,0.68520601657748
CXCL6,4547,10,0.684352083414089
CCDC102B,20470,45,0.684067911811303
OSBPL8,25932,57,0.683979980823616
TMEM184C,10946,24,0.68227639465387
TMED9,5019,11,0.681993189004233
AZI2,18267,40,0.68139243954319
CHRM5,8223,18,0.681156276530579
FAM124B,4113,9,0.680907860674805
TDRD3,17376,38,0.680515993812078
PPBP,4116,9,0.680411572146617
FCHO2,16030,35,0.679421162289053
VRK1,25196,55,0.679259369664281
VCPKMT,4123,9,0.679256374231257
VAPA,13754,30,0.67872958919962
SPDL1,11468,25,0.678354753070252
ANKRD49,7344,16,0.677940941891909
SUPT20H,30318,66,0.677404277778002
HORMAD1,10571,23,0.677043091812778
SPARCL1,6442,14,0.676257139490438
BRWD3,15197,33,0.675710432772043
GBP5,14281,31,0.675472422251941
ROBO1,29950,65,0.675337829761105
CLEC1B,10137,22,0.675332705063085
STXBP5,40598,88,0.674500973567613
SLC26A7,24018,52,0.673706986471649
CNTN1,24030,52,0.673370553519604
AGMO,12035,26,0.672251533073372
WDR7,32418,70,0.671918146183818
IPO8,20854,45,0.671471667535119
ZNF705A,19015,41,0.67095296268545
SGCE,35718,77,0.670823302236568
HDAC9,38119,82,0.669386425953662
DYTN,11174,24,0.66835487881522
GRID2,24691,53,0.667946591608459
SNX2,21944,47,0.666479217072281
SETDB2,8410,18,0.666010471095238
BET1,15451,33,0.664602384754174
OR2L13,6092,13,0.66403046622932
CLEC12A,12188,26,0.663812536965707
PEX5L,24397,52,0.663241152644836
SUPT7L,4226,9,0.662700906520462
TMEM237,20195,43,0.662566000005972
KTN1,52149,111,0.662340851185082
WDR33,4234,9,0.661448755539791
CLCA4,8000,17,0.66124664619782
OR5V1,8000,17,0.66124664619782
PLA2G4A,8000,17,0.66124664619782
SPATA16,8000,17,0.66124664619782
SRFBP1,8000,17,0.66124664619782
SYCP1,16944,36,0.661136456788356
TMEM38B,16003,34,0.661122685694253
HSD17B13,8004,17,0.660916188103769
RIOK1,16015,34,0.66062730809648
LIPJ,8009,17,0.660503579670691
PPP1R3A,8013,17,0.660173863669358
CEP120,21694,46,0.659815849871198
ZNF624,8018,17,0.659762181289918
FANCL,58014,123,0.659746126045291
NAV3,41987,89,0.659598576159915
ATRX,50017,106,0.659466553108122
SLF1,17009,36,0.658609919679105
IAPP,8505,18,0.658571200694997
FOXP2,34973,74,0.658420553921613
ARSK,4256,9,0.658029612536531
NDUFS4,8042,17,0.657793231731231
NAB1,15141,32,0.6576577871018
ZNF571,8046,17,0.657466215458932
DPY19L1,34571,73,0.657075790112296
MNS1,8052,17,0.65697630024622
TMEM126A,8054,17,0.656813157385468
ANXA10,8057,17,0.656568594958739
CENPW,8059,17,0.656405654495913
RGS5,16137,34,0.655632790429765
AGPS,8550,18,0.655105036480813
PHF20L1,29929,63,0.655017481930179
CROT,13309,28,0.65466203209819
SCEL,8085,17,0.654294764326848
SLC4A1AP,9041,19,0.653945686786786
CDC42BPA,29537,62,0.653175451953818
CENPC,20020,42,0.652814459430181
PLCL1,8109,17,0.652358264839384
ATF7IP,36797,77,0.651152721941618
RPF2,4301,9,0.651144857232149
GCFC2,24379,51,0.650966795551404
DCDC1,30614,64,0.650525678089002
GEN1,13874,29,0.650430436609716
ALB,22498,47,0.650067558868973
EIF2A,16769,35,0.649479469944154
SLC25A46,17251,36,0.649370826260617
ESD,11982,25,0.649254908046207
CDH18,24452,51,0.649023372679032
ADAM7,8154,17,0.648758053664773
KDM5D,18232,38,0.648565484229852
PAK2,12000,25,0.648281025684138
U2SURP,24506,51,0.647593222425026
TAF1A,8174,17,0.647170683824635
ATP6V1C1,12025,25,0.646933248083963
TANK,21170,44,0.646749894305573
CCDC138,12031,25,0.646610614928905
MDM1,19255,40,0.646429275156346
MICU3,16369,34,0.646340420255674
BCAP29,13484,28,0.646165602580452
RAD1,8188,17,0.646064138932897
MAP9,8192,17,0.645748677927559
HYAL4,11086,23,0.645591062921963
RPGRIP1L,15924,33,0.644861306633807
NUP37,13537,28,0.643635737991786
AASDHPPT,10161,21,0.643113152140154
DMTF1,26634,55,0.642585382520884
COL10A1,8233,17,0.642532876179104
PIK3C3,31011,64,0.642197707555922
PTPRZ1,23261,48,0.642121784607821
GAPT,6300,13,0.642106920677622
CRYGS,10182,21,0.641786754949529
ADGRL2,44622,92,0.641568959128043
HSPH1,13098,27,0.641450762930709
NXT2,5337,11,0.641357282295718
NBEA,97837,201,0.639289362490731
NEK1,23369,48,0.639154214205252
DCN,12665,26,0.638811464708886
PYHIN1,8772,18,0.638525770851681
NCAM2,20000,41,0.637908529273191
PARPBP,7805,16,0.637898562108159
TMEM19,15628,32,0.637163844030481
MS4A2,4403,9,0.636060420385073
KIFAP3,16150,33,0.635837241290201
DYNC2H1,24972,51,0.635508549925825
ARL6,12246,25,0.635258231929581
TSPAN19,9320,19,0.634369415690916
PCLO,24046,49,0.634100046747522
DRD3,8354,17,0.633226378930161
SCN1A,27701,56,0.629067325020383
ADGRL4,28694,58,0.628986678575535
VPS13C,33664,68,0.628561450758384
YTHDC1,16337,33,0.62855918753974
SRBD1,16898,34,0.626106423195948
FKTN,22874,46,0.625777959565697
MALRD1,20499,41,0.622380144663829
ACKR4,4000,8,0.622349784656772
ATOH7,4000,8,0.622349784656772
B3GALT2,4000,8,0.622349784656772
CLEC6A,4000,8,0.622349784656772
CTAGE9,4000,8,0.622349784656772
CXCL10,4000,8,0.622349784656772
DNAJB7,4000,8,0.622349784656772
ESM1,8000,16,0.622349784656772
FCER1A,8000,16,0.622349784656772
GNAT3,4000,8,0.622349784656772
GPR149,4000,8,0.622349784656772
GPR65,4000,8,0.622349784656772
GPR82,4000,8,0.622349784656772
GRPR,4000,8,0.622349784656772
HRNR,4000,8,0.622349784656772
HSPB3,4000,8,0.622349784656772
IFNA4,4000,8,0.622349784656772
KLRF2,4000,8,0.622349784656772
LONRF2,8000,16,0.622349784656772
MYH1,4000,8,0.622349784656772
MYH4,4000,8,0.622349784656772
OMD,4000,8,0.622349784656772
OR52A1,4000,8,0.622349784656772
P2RY12,8000,16,0.622349784656772
PCDHB15,4000,8,0.622349784656772
RAB40A,4000,8,0.622349784656772
RGS21,4000,8,0.622349784656772
SOSTDC1,8000,16,0.622349784656772
TMPRSS11E,8000,16,0.622349784656772
TRIM42,4000,8,0.622349784656772
AMY2B,24515,49,0.621968987317598
TBC1D15,17530,35,0.621284725127981
UTP20,12023,24,0.621159229466961
ABCB7,15031,30,0.621066247744766
FBXO8,8021,16,0.62072039362351
TMPRSS11D,12042,24,0.620179157605154
GPR171,4015,8,0.620024692061541
SC5D,9536,19,0.620000309798588
CLEC2B,8032,16,0.619870303443
VCAM1,4022,8,0.618945583945074
MMP13,4027,8,0.61817708930397
ATP11B,32750,65,0.617599022941835
WDR17,20165,40,0.617257411015891
EFCAB7,20709,41,0.6160688872212
ABHD10,4043,8,0.615730679848402
ROS1,8087,16,0.615654541517766
GYPE,4044,8,0.615578422014611
XIRP2,14660,29,0.615557426843329
GPRC6A,4046,8,0.615274132137194
TNFSF13B,8598,17,0.615256242100787
CRISP3,4051,8,0.614514721951886
FUBP1,19753,39,0.614378615947302
LRRC39,4052,8,0.614363064814188
POF1B,4052,8,0.614363064814188
DACH2,12170,24,0.613656320121715
EIF1AY,9147,18,0.612348099039133
THAP6,4574,9,0.612281161118381
TYRP1,20336,40,0.612067058081011
OGN,8137,16,0.61187148546813
VPS50,37669,74,0.611296876272281
RRH,9164,18,0.611212141194997
ECT2,23945,47,0.610783877194995
RWDD1,8154,16,0.610595815213904
DPY19L2,20446,40,0.608774121741927
FIP1L1,28649,56,0.608251386449426
GBE1,20468,40,0.608119781763506
AGR2,11803,23,0.606373169834185
SPINK5,16450,32,0.605325018511146
XKR3,7712,15,0.60524162148934
STARD4,4119,8,0.604369783594826
EVI2B,8243,16,0.604003187826541
SLC9B2,17021,33,0.603300126128708
CNTN5,24248,47,0.603151597634203
LRIT3,7223,14,0.603135607448069
LRP1B,16011,31,0.602487143974765
CEP290,36177,70,0.602101956021423
BMP2K,16036,31,0.601547871176102
CNOT2,39945,77,0.59983644284105
CD163L1,25952,50,0.599520060743654
PHF14,27522,53,0.599239491803083
SPINK13,4680,9,0.598413254477666
UNC13C,22373,43,0.598065541953274
ZNF577,24485,47,0.597313454745115
DZIP3,8368,16,0.594980673668042
STAM,12057,23,0.593598948623445
IMMP1L,12082,23,0.592370677334289
MS4A5,4204,8,0.592150128122523
PPIP5K2,33124,63,0.591837284648241
C5orf34,12124,23,0.590318584918581
PPFIA2,49134,93,0.588986546719988
ERGIC2,17456,33,0.588266008640968
TMEM244,4232,8,0.588232310639671
NOX4,17492,33,0.587055307960024
SCN2A,21746,41,0.586690452748268
COA6,4245,8,0.586430892491658
TMX3,21786,41,0.585613264732573
TTC14,10107,19,0.584973083431219
TECTB,4256,8,0.584915211143583
AFM,8000,15,0.583452923115724
C6orf58,8000,15,0.583452923115724
ENAM,8000,15,0.583452923115724
KLHL31,8000,15,0.583452923115724
SLC6A14,8000,15,0.583452923115724
BLZF1,4267,8,0.583407344416941
USP25,24043,45,0.582409439536554
DEPDC1,10690,20,0.58217940566583
AFP,14988,28,0.581324858900107
HSFY2,8049,15,0.579901029311193
RAD21,21502,40,0.578876183291575
LSM6,8067,15,0.578607088747464
IFI44L,17768,33,0.577936258826921
CALCRL,4314,8,0.577051260692417
SI,6482,12,0.576072000607935
GLIPR1L1,8117,15,0.575042920404804
CACNA2D1,40752,75,0.572686418448885
TDO2,14136,26,0.57233638939856
PTPRC,22301,41,0.572089618647766
CDH9,12003,22,0.570344716422935
MYH2,6008,11,0.569727665714422
POT1,24605,45,0.569106691923486
CCDC39,24100,44,0.568120135371327
CFH,20302,37,0.567110186984055
TRPC4,12079,22,0.566756157895893
HERC4,19806,36,0.56560113722215
DUSP19,4430,8,0.561941114814241
MUSK,16080,29,0.56119849984597
RNPC3,20039,36,0.559024708010474
DYNC1I2,21724,39,0.558636567888375
CNTN6,8366,15,0.557927729491488
NSUN6,15654,28,0.556592371610758
AHR,17378,31,0.555093892403036
CARD18,4487,8,0.554802571568328
MANEA,14659,26,0.551916720140394
AKR1C1,6238,11,0.54872135550052
RAB18,23818,42,0.548717166755908
SLC25A40,18178,32,0.547782844895387
TBC1D32,23292,41,0.547749037672326
SLC36A4,16536,29,0.545722779240638
AMELX,4000,7,0.544556061574676
ATP6V0D2,4000,7,0.544556061574676
FKBP1C,4000,7,0.544556061574676
LPA,4000,7,0.544556061574676
MMRN1,16000,28,0.544556061574676
OSTN,4000,7,0.544556061574676
PCDHB12,4000,7,0.544556061574676
PCDHB5,4000,7,0.544556061574676
PNLIPRP3,4000,7,0.544556061574676
TMEM207,4000,7,0.544556061574676
TMPRSS11F,4000,7,0.544556061574676
TRAM1L1,4000,7,0.544556061574676
ADAM2,8018,14,0.543333561062285
LYZL2,4009,7,0.543333561062285
TMTC3,4011,7,0.543062639316555
RGS1,4012,7,0.542927279735469
MON2,21224,37,0.542474133817861
GOPC,8031,14,0.5424540521227
CASP5,8032,14,0.542386515512625
RIT2,8042,14,0.541712073190426
VWC2L,4023,7,0.541442765672061
ALG10,4028,7,0.540770666906331
UGT2A1,8063,14,0.540301189705743
ST8SIA4,8068,14,0.539966347619906
KRT12,7493,13,0.539873695484988
LIPN,4038,7,0.539431462679223
BCHE,4042,7,0.538897636392554
FAM229B,4047,7,0.538231837484236
TUBE1,9835,17,0.537872208396804
POLI,19130,33,0.536788889013944
DCAF8L2,4069,7,0.535321761194078
LUZP2,12241,21,0.533834877779275
DGUOK,4082,7,0.533616914820848
CCDC82,19969,34,0.529818535688574
BBS7,14693,25,0.529461124903672
CLEC12B,4132,7,0.527159788552445
LIX1,4142,7,0.52588707056946
MS4A13,4147,7,0.525253013334628
TPR,22549,38,0.524397796287138
CETN3,5936,10,0.524216462817362
PTH,4184,7,0.520608089459537
OTOGL,17935,30,0.520504419841181
RGPD2,12000,20,0.51862482054731
RANBP3L,4214,7,0.51690181449898
TTN,10879,18,0.514858724323095
SPINK6,4248,7,0.512764653083499
NAF1,12138,20,0.512728443447662
ANXA1,14668,24,0.509148992083533
GFM2,16546,27,0.507779650239721
CSRNP3,9829,16,0.506541690635281
RAB27B,16004,26,0.50553281682942
F9,8026,13,0.504021131356718
SPCS3,8036,13,0.503393927360505
BANK1,20123,32,0.494836582741557
POSTN,13839,22,0.494677912509899
SLC30A9,12028,19,0.49154663736609
MUC7,8239,13,0.490990848436584
LMO7DN,4465,7,0.487844176102733
CASP4,16619,26,0.486825151966908
NTS,7734,12,0.482815969477713
MGAT4C,12330,19,0.479507133352744
CCDC172,8560,13,0.472578691620212
LRRIQ1,17153,26,0.471669515568008
CDH12,17265,26,0.468609742284277
CLRN3,4000,6,0.466762338492579
DSG3,4000,6,0.466762338492579
KLB,4000,6,0.466762338492579
MAGEB10,4000,6,0.466762338492579
MKRN3,4000,6,0.466762338492579
MRGPRX2,4000,6,0.466762338492579
PCDHB4,4000,6,0.466762338492579
PLN,4000,6,0.466762338492579
PRR32,4000,6,0.466762338492579
S100G,4000,6,0.466762338492579
SMIM18,4000,6,0.466762338492579
SULT1E1,8000,12,0.466762338492579
KRR1,8039,12,0.464497911175598
HTR2A,4023,6,0.464093799147481
ZC3H13,12074,18,0.463901611885949
CDH19,8050,12,0.463863193532998
ADAM29,8053,12,0.463690389661075
AMBN,4039,6,0.462255348841376
PCDHB6,4045,6,0.461569679597112
LUM,4055,6,0.460431406651126
SERPINI2,14203,21,0.460091018721123
ALG10B,4077,6,0.457946861410428
ADAMDEC1,8220,12,0.454269915807863
RCHY1,12508,18,0.447805249593136
GPR22,4223,6,0.442114457487643
TECRL,12070,17,0.438274496237163
LRRIQ3,17102,24,0.43668561664608
PLRG1,15840,22,0.432187350456092
TRIM77,4351,6,0.429108102498349
TMPRSS11B,8003,11,0.427705087543702
LIPI,8006,11,0.427544818337777
RGS13,8009,11,0.427384669198682
GNRH1,4393,6,0.425005543812956
KCNJ13,8151,11,0.419939125949239
GLIPR1,4451,6,0.419467390242713
KRT40,6809,9,0.411304748267804
ATG4C,9101,12,0.410295429946229
BMP5,4000,5,0.388968615410483
FABP9,4000,5,0.388968615410483
KRT26,4000,5,0.388968615410483
OMG,4000,5,0.388968615410483
PCDHB14,4000,5,0.388968615410483
RAD51AP2,4000,5,0.388968615410483
STX19,4000,5,0.388968615410483
UGT2B11,8000,10,0.388968615410483
MEP1A,4002,5,0.388774228296334
CFHR3,8027,10,0.387660262026144
AMTN,4016,5,0.387418939651875
TTC5,4019,5,0.387129749102247
GLYATL3,4056,5,0.383598240049786
OSTC,4062,5,0.383031625219579
TRAT1,4089,5,0.380502436204923
HRH4,4092,5,0.380223475474568
LRRN3,4121,5,0.377547794623133
ANGPTL1,5799,7,0.375620666718176
CAPSL,4157,5,0.374278196209269
PRR27,10167,12,0.367276355654631
SLITRK6,8014,9,0.349460198522021
APELA,9006,10,0.345519534008868
EVI2A,4717,5,0.329844066491823
CPO,4000,4,0.311174892328386
NAP1L2,4000,4,0.311174892328386
MPZL3,4045,4,0.307713119731408
OOSP2,4080,4,0.305073423851359
POU1F1,4122,4,0.301964961017357
NDST4,4256,4,0.292457605571791
DIRC1,4000,3,0.23338116924629
NXPE2,4000,3,0.23338116924629
RXFP2,4016,3,0.232451363791125
CYLC1,4020,3,0.232220068901781
UGT2B28,4024,3,0.23198923384323
GFRAL,4000,2,0.155587446164193
