gene,promoter_bp,n_hits,poisson_fold
NEU4,8952,116,8.76456874461205
LRRC24,4001,50,8.452673405115
CDH15,4019,49,8.24651987260209
HRC,6089,74,8.22012424288395
C8orf82,4576,55,8.1296024744868
THOC6,4111,49,8.06197114278468
TNNI2,5237,62,8.00758858208759
SERPINF2,4190,49,7.90996739092788
SAP25,4834,56,7.83563174371719
WNT6,4160,48,7.80441837550733
GPT,5248,60,7.73303650012159
C17orf107,4118,47,7.71976627397601
PTGDS,6751,77,7.71463269034991
CRIP1,5904,67,7.67575474826884
TMEM52,4482,50,7.54554803522202
LCNL1,6098,68,7.54247933087185
PKP3,13016,145,7.53499725355015
SIGIRR,13357,148,7.49454765515016
MMP23B,6077,67,7.45724140756611
TCAP,4000,44,7.44021218465032
NSMF,9517,104,7.39138639185031
SLC16A8,5021,54,7.27438319007654
GJC2,4000,43,7.271116453181
PRR22,4000,43,7.271116453181
UCN2,4000,43,7.271116453181
MAPK12,9501,102,7.26145231443899
MIDN,9131,98,7.25939401335841
PERM1,8024,86,7.24936834813659
AQP5,5703,60,7.11607496977698
RGS19,4563,48,7.11513925972178
DUSP8,12000,126,7.10202072171167
FTL,4000,42,7.10202072171167
PANO1,4000,42,7.10202072171167
INS-IGF2,6873,72,7.08563519033402
GPSM1,14536,152,7.07279889469936
DIRAS1,4031,42,7.04740334578186
RASSF7,5981,62,7.01149329616999
MUC5B,13897,144,7.00864512674185
SLC25A22,8592,89,7.00629427410148
NR2F6,5415,56,6.99491114480682
ELMO3,4840,50,6.98742692022006
NXPH4,7075,73,6.97893336947605
HDAC10,11457,118,6.96632497630459
SLC6A8,9536,98,6.95108292113838
EPPK1,4776,49,6.9394395661616
ZFP92,4000,41,6.93292499024235
NAPRT,7326,75,6.92447712814601
PTK6,4006,41,6.92254117847463
SLC2A4RG,6752,69,6.91208854939778
MIOX,4601,47,6.90936698896614
HGFAC,7932,81,6.90708736712827
EGFL7,10876,111,6.90313578267566
HSD17B8,4031,41,6.87960802802515
PRRT2,6888,70,6.8738102223303
SEMA3G,4134,42,6.87181492183035
FUOM,5029,51,6.85932177763818
ABCA2,19499,197,6.83355230513506
FBXW5,6070,61,6.79725839843747
GPS1,9576,96,6.78078121180253
PBX2,6687,67,6.77697862027505
ONECUT3,4000,40,6.76382925877302
FASTK,7711,77,6.75418042958789
ASPHD1,4507,45,6.75332408796951
CRIP2,9630,96,6.74275813958681
DNAJC22,5120,51,6.73740805073094
KLF16,8766,87,6.71290378180758
LMNTD2,8318,82,6.66787688409939
C11orf21,5177,51,6.66322758735608
GPC1,23506,231,6.64700314292763
BRSK2,23553,231,6.63373905140138
MDK,4997,49,6.63253219291331
MAPK11,4387,43,6.62969359761203
EEF1A2,4491,44,6.62677549289719
OTOP2,5325,52,6.60505392406004
DUSP7,4406,43,6.60110436058193
C2CD4C,4000,39,6.59473352730369
GAL,4000,39,6.59473352730369
GPIHBP1,4000,39,6.59473352730369
INAFM1,4000,39,6.59473352730369
MARCKSL1,4000,39,6.59473352730369
SCX,4000,39,6.59473352730369
TNFRSF13C,4000,39,6.59473352730369
SRPK3,11703,114,6.58870832692578
RCOR2,8649,84,6.56910229780245
ARHGEF25,10203,99,6.5629628209206
AATK,19491,189,6.55873854552409
IFITM10,8772,85,6.5540981189661
CRABP2,4233,41,6.55131111763983
TRMT61A,4030,39,6.54564121816744
PPP1R18,7151,69,6.52641894637587
ULK3,9226,89,6.52482987243441
CTCFL,5395,52,6.51935350243183
ADGRB1,12249,118,6.51589397122391
SNCG,4776,46,6.51457591925375
COL7A1,18696,180,6.5120307369445
CD79B,5822,56,6.50591615409291
ZBTB7B,8215,79,6.5044736633362
INCA1,4577,44,6.50226103093758
PNMT,4482,43,6.48917131029094
TMEM105,4275,41,6.48694735929108
SLC17A7,11699,112,6.47533017337019
CDK5,5537,53,6.47431733276088
PLCB3,8045,77,6.4737707013738
COL1A1,18510,177,6.46784321341342
LY6D,4607,44,6.45991941363171
CHRND,4198,40,6.4448111088833
MPG,5250,50,6.4417421512124
ADAM8,13443,128,6.44030458322507
TOR4A,4000,38,6.42563779583437
VAX2,4000,38,6.42563779583437
CELSR3,9793,93,6.42332401782795
KCNN1,9084,86,6.40344910011536
ACAP3,18601,176,6.39983844709452
MMEL1,16917,160,6.39719029026236
JOSD2,7191,68,6.39605603666479
SOX8,4341,41,6.38832065445045
TBC1D3B,7984,75,6.35379752515001
NAT14,4046,38,6.35258309029597
RAB1B,4049,38,6.34787631102432
ZNF467,4369,41,6.34737925405571
NPDC1,10023,94,6.34340966102628
CBARP,6942,65,6.33317346327062
SLC16A3,16773,157,6.33113452350423
SH2B2,5777,54,6.32242998050447
LCAT,5673,53,6.3191071869376
GGN,4090,38,6.2842423431143
LRRC26,5933,55,6.27019398672705
HIC1,6156,57,6.26280486923428
FAM83H,8000,74,6.25654206436504
LMX1B,4000,37,6.25654206436504
LYPD2,4000,37,6.25654206436504
AMH,4435,41,6.25291994610358
BRICD5,4760,44,6.25227914676498
OPRL1,8114,75,6.25199894513158
TMEM86B,4010,37,6.24093971507735
CYBA,4769,44,6.24047992002543
SSBP4,14869,137,6.23205735726615
SEMA3B,11076,102,6.22887851566313
SLC6A18,4028,37,6.21305070939925
ENTPD2,8061,74,6.20919693771497
RNF5,4032,37,6.20688696861611
DCST1,4146,38,6.19936111513205
ADAM11,12337,113,6.19528820816529
RTN4R,16058,147,6.19182277394217
TAGLN2,5790,53,6.19141538367824
TNFRSF14,10162,93,6.19008188413591
CLDN6,5901,54,6.18957430899412
DVL1,9406,86,6.18423683026238
PITPNM1,15318,140,6.18185204483759
MICALL2,18602,170,6.18132982470387
ASPG,18315,167,6.16740096213538
C14orf180,5377,49,6.16380200260141
S100A5,4831,44,6.16039096224411
TYMP,7695,70,6.15293109959859
TNNC1,6050,55,6.14893568979365
TSPAN32,12871,117,6.14845795413288
CTSD,13326,121,6.14155290643505
NUDT14,11566,105,6.14042946715517
S100A16,8823,80,6.13290650234435
AEBP1,11162,101,6.12028986862637
RFNG,5317,48,6.1061464062649
VWA1,4874,44,6.10604200627848
ADM5,4000,36,6.08744633289572
CTXN1,4000,36,6.08744633289572
NRARP,4000,36,6.08744633289572
POLR2L,4000,36,6.08744633289572
TMEM88,4000,36,6.08744633289572
WFIKKN1,4000,36,6.08744633289572
WNT9A,4000,36,6.08744633289572
TRAF4,8113,73,6.0860290384621
PCOLCE,7786,70,6.08101782833434
GDPD2,6790,61,6.07648873026737
CABP2,5121,46,6.0756911912431
PPP1R12C,16485,148,6.07247030814927
LTC4S,5575,50,6.06621458185921
KRTCAP2,8698,78,6.06551715548742
NRN1L,4684,42,6.06491948907914
NOTUM,6030,54,6.0571605302445
COL18A1,19590,175,6.04221603004226
IRF7,6392,57,6.0315749022225
DOK3,6397,57,6.02686052446556
PLXNB3,11676,104,6.02465093278858
ZBTB7A,5167,46,6.02160143029919
B3GNT7,5505,49,6.02048380889878
KIFC2,8539,76,6.02003775227485
SCRIB,20025,178,6.01229267446491
SLC47A2,8101,72,6.01155050773556
LAMA5,30502,271,6.00943455880758
TTC34,8000,71,6.00289846716106
COL11A2,17029,151,5.99764060176596
KCNC3,8131,72,5.98937039271501
DNAJB5,7231,64,5.98651739125257
DLL4,5540,49,5.98244826136964
TARBP2,6793,60,5.97423458746329
ANKRD9,4982,44,5.97367497763976
ARC,5777,51,5.97118387047644
FUT7,8049,71,5.96635454556944
HAPLN3,4084,36,5.96223930743949
RXRB,9305,82,5.96060181858557
KIF26A,6586,58,5.95660639248155
IRX4,9889,87,5.95058292560676
TNNT3,20119,177,5.95058292560676
BAIAP3,16035,141,5.94761412838788
ADGRB2,24492,215,5.93754405779928
HR,17674,155,5.93184075540239
RGL2,9012,79,5.92923337153871
FGF8,8214,72,5.92884960593691
CRACR2B,8341,73,5.91966833581621
EFNB3,4000,35,5.91835060142639
FAM110D,4000,35,5.91835060142639
SDR9C7,4000,35,5.91835060142639
SOX18,4000,35,5.91835060142639
TAS1R3,4000,35,5.91835060142639
UFSP1,4000,35,5.91835060142639
NKD2,9829,86,5.91809254506542
ZBTB47,8808,77,5.91297516945416
PSD,17048,149,5.91160581626689
C1QTNF8,4467,39,5.90529082364334
CHMP2A,4467,39,5.90529082364334
B4GALNT4,12607,110,5.90165160993918
TMUB1,4930,43,5.89948596606977
TEAD3,4129,36,5.89725970733419
TGM1,12274,107,5.89644558162549
GPR108,9526,83,5.89332173502163
LIF,4020,35,5.88890607107104
AMDHD2,13212,115,5.8873778743483
NXPH3,4251,37,5.88712497235008
GRIN2C,5632,49,5.88472360937283
GAPDH,6093,53,5.8835212656322
UBE2M,5865,51,5.88159065980263
LTBP2,12306,107,5.88111271484409
MROH6,9661,84,5.88098186250837
RRAD,5637,49,5.87950387936629
EMD,5292,46,5.87936783642402
CAMP,4148,36,5.87024718697755
DGAT1,9334,81,5.86961827684395
KDM6B,12795,111,5.8678002948324
PLEKHG6,12108,105,5.86556055641862
FGF11,10500,91,5.86198535760328
TMEM240,4274,37,5.85544414072536
SLC4A3,9952,86,5.84494891734807
MUC6,15509,134,5.84404617109797
IL25,4052,35,5.84239940910799
SAMD11,16910,146,5.83985258297375
CACNA1H,18542,160,5.83654773704931
DOK7,8810,76,5.83485838441259
COL20A1,19707,170,5.83473371893953
STAB1,19131,165,5.83363037843055
NTN5,4064,35,5.82514822975039
CEP170B,8012,69,5.82506513798475
ROM1,5807,50,5.82385849730758
PCYT2,9756,84,5.82371522895586
BAHCC1,22419,193,5.82282459941653
FGF17,6274,54,5.82159356030831
PUSL1,5579,48,5.81939065103253
KREMEN2,4305,37,5.81327950231363
CHTF18,12569,108,5.81186697388405
SMIM1,4076,35,5.80799862750382
CROCC2,12006,103,5.80271875440297
SSC5D,8163,70,5.80017209499095
PLXNB2,22764,195,5.79400239615506
PROM2,13425,115,5.7939691974592
TNFRSF18,4912,42,5.78340449650788
PTPN7,7019,60,5.78187427733838
CCDC78,6319,54,5.78013578056248
GPR17,8075,69,5.77961880935404
SLC26A6,11001,94,5.77947414166588
TMC8,11593,99,5.77606397497222
PAQR6,4103,35,5.76977879739351
AGER,6687,57,5.76548927396534
ICAM5,5521,47,5.75801440250556
ASB10,4582,39,5.75707859214639
TSNARE1,16333,139,5.75627421153156
VEGFA,11988,102,5.7550098798369
MYL5,11166,95,5.75464606469136
TSPAN17,4233,36,5.75237073743985
CACNA2D2,8821,75,5.75090346228292
FAM25G,5293,45,5.75046885782705
ADRA2B,4000,34,5.74925486995707
C19orf73,4000,34,5.74925486995707
C20orf144,4000,34,5.74925486995707
CYSRT1,4000,34,5.74925486995707
FAM25C,4000,34,5.74925486995707
GPR20,4000,34,5.74925486995707
TIGD3,4000,34,5.74925486995707
MSANTD1,8119,69,5.74829682048699
ELFN1,8355,71,5.74783814928647
EPS8L2,22364,190,5.74641190827613
ABTB1,8242,70,5.74457714285503
FBXL15,5652,48,5.74422866987093
WNT3,12840,109,5.74187997824189
BCL11B,4712,40,5.74179054225214
ACD,6487,55,5.73470956116103
LRRC45,9436,80,5.73448856191015
TSPAN4,15979,135,5.71448119365641
PDIA2,6516,55,5.70918675924672
FNDC4,4388,37,5.70332002221061
ARFGAP1,10208,86,5.6983671263174
RELT,9971,84,5.69814118681109
UBL4A,4513,38,5.69522516803401
GIT1,19958,168,5.6935730808391
AHNAK2,12000,101,5.69288962613396
TRIM65,8802,74,5.68647313280168
ORAI3,4766,40,5.6767345856257
UCKL1,16210,136,5.67477346818711
MNT,16806,141,5.67475857126619
REEP4,4411,37,5.67358155916123
BIRC7,6319,53,5.67309622907058
TGFBR3L,6798,57,5.67134845175143
TPP1,7993,67,5.66966796369063
CUTA,4774,40,5.6672218339112
SHANK3,18743,157,5.66569489210566
LFNG,13730,115,5.66526121455861
MYH6,8000,67,5.6647070042224
SPTBN5,8000,67,5.6647070042224
FSTL3,8359,70,5.66417093090216
EGR3,5256,44,5.66226193656798
HBA1,4068,34,5.65315129789289
CACNG7,7539,63,5.65222500733121
F7,8390,70,5.64324252817773
HOXA7,4677,39,5.64013985657789
CELSR2,13097,109,5.62920813320806
OSBPL7,12879,107,5.61945594136744
RARG,13616,113,5.61334243714271
EHBP1L1,16876,140,5.61114065079535
BCORL1,9528,79,5.60812879348309
IL17REL,4106,34,5.60083280073752
CBX4,5559,46,5.59698049835508
SPNS2,11730,97,5.59327739216524
MYO1G,7982,66,5.59274280980981
CLDN19,4114,34,5.58994153617605
SLC25A34,6777,56,5.58911669604972
TRAF7,15016,124,5.58547434794789
SLC38A3,13087,108,5.58182593373184
FGFR3,11633,96,5.58177261963561
ADRA2C,4000,33,5.58015913848774
HES5,4000,33,5.58015913848774
MAFA,4000,33,5.58015913848774
NACAD,8000,66,5.58015913848774
PRDM12,4000,33,5.58015913848774
PROP1,4000,33,5.58015913848774
RNF208,4000,33,5.58015913848774
VASN,4000,33,5.58015913848774
VENTX,4000,33,5.58015913848774
WNT3A,4000,33,5.58015913848774
MUS81,12732,105,5.57808727749896
PNPLA2,8734,72,5.57586107890609
SYNGR3,6803,56,5.56775596782727
FLNC,8020,66,5.56624352966358
TNS2,19931,164,5.56554110902
LSP1,30161,248,5.56158501434206
TOB2,4016,33,5.55792742877265
ENKD1,7424,61,5.55756445023106
HES6,4991,41,5.55634140672598
ATN1,12905,106,5.55572182433119
LIM2,4019,33,5.55377868971161
ADAMTSL4,10719,88,5.55291514854022
SHISA8,4508,37,5.55150138807901
ASIC4,7071,58,5.54804266735731
TCIRG1,17068,140,5.54802024975523
BCL9L,10986,90,5.54109442280695
PPP1R14B,5127,42,5.5408782693284
DNASE1L2,5010,41,5.5352694532873
PTP4A3,16517,135,5.52834624892146
RAMP3,4038,33,5.52764649676844
NOL3,8690,71,5.52625865791582
PARD6A,4286,35,5.52342566628688
TBX1,12376,101,5.51993176418936
PLCH2,20464,167,5.51973947524968
SIPA1,16181,132,5.51773970804053
CIRBP,16673,136,5.51718814366419
GPR162,6870,56,5.51345616435647
COX14,4172,34,5.51222902201061
UPK2,8000,65,5.49561127275308
VSIG2,4062,33,5.49498684243008
WDR97,8743,71,5.49275851964868
PCGF3,12195,99,5.49093150158695
JMJD8,5422,44,5.48890607499102
CATSPER4,4067,33,5.4882312648023
HES4,4191,34,5.48723919824106
HTRA2,5054,41,5.48707953323494
SLC39A4,7275,59,5.4854422854654
HBM,9496,77,5.48457090275403
PIGQ,19495,158,5.48184161521486
TAGLN,7774,63,5.48136407644328
NBEAL2,24442,198,5.4792496245686
CRB2,8027,65,5.47712597259557
TPPP3,5565,45,5.46940371329355
MTA1,31562,255,5.46472486213523
INPP5J,8305,67,5.45667140683675
STOML2,5702,46,5.45661427400138
MXRA8,11530,93,5.45564719051076
CLCNKA,11161,90,5.45421228644003
MAZ,6573,53,5.4538711503875
INF2,29671,239,5.44826663357067
LRFN4,4471,36,5.44616088829856
ZFPM1,4347,35,5.44591727759502
LBX2,7949,64,5.44578025615138
CLDN15,5343,43,5.44347104861014
SH3BP2,34323,276,5.43896767596467
PLD4,9706,78,5.43559326379864
MAP2K7,9087,73,5.43369138208903
SLC39A7,5353,43,5.43330203861834
SHH,9093,73,5.43010597042154
METRNL,12464,100,5.42669228078708
JAG2,17084,137,5.42404945242276
SALL1,5737,46,5.42332483708487
ECM1,5240,42,5.42138986390204
TMEM256,4617,37,5.42043930202733
KCNH2,20092,161,5.41995077972554
EDC4,13728,110,5.4197349829912
EXOC3L4,15478,124,5.41875454249809
C16orf86,4494,36,5.4182877907394
ABHD16B,4000,32,5.41106340701842
ACKR1,4000,32,5.41106340701842
ADGRA1,8000,64,5.41106340701842
C1QL4,4000,32,5.41106340701842
EPX,4000,32,5.41106340701842
GRIN2D,4000,32,5.41106340701842
IRX1,4000,32,5.41106340701842
LRRN4CL,4000,32,5.41106340701842
NEFH,4000,32,5.41106340701842
PRPF6,4000,32,5.41106340701842
SSH3,9752,78,5.40995367293166
DDIT4,4005,32,5.40430802199093
BGN,8013,64,5.40228469439003
PPP1R1A,8144,65,5.39843936419752
EMC6,4010,32,5.39756948331014
PANK4,16298,130,5.39512703178606
GLI4,10033,80,5.39326563043797
TNXB,15308,122,5.39056159896988
GATA3,15183,121,5.39039280979737
PDGFA,9788,78,5.39005600923882
SRCIN1,23843,190,5.38995746830044
COL9A3,19328,154,5.38922654103397
CD81,24127,192,5.38258058475741
RUSC1,8673,69,5.38111632486266
CFL1,9553,76,5.381042852159
FLT4,17988,143,5.37707129199768
FOXH1,4026,32,5.37611863588516
BTG2,4028,32,5.37344926218313
ADAMTS4,7303,58,5.37179374241867
RUNDC3A,12088,96,5.37167115190445
RORC,12602,100,5.36726651227823
SFXN3,10718,85,5.36411165325347
SH3BGRL3,4036,32,5.36279822301131
MEX3D,4795,38,5.36028179005995
TSSC4,5805,46,5.35979579506561
TSTD1,4670,37,5.3589225390707
NKPD1,4167,33,5.35652425100815
PLXNB1,27169,215,5.35250944324855
SBNO2,25037,198,5.34903619937316
ZDHHC11B,12020,95,5.34578851566919
LMF1,33031,261,5.34455340903926
ARHGAP30,4304,34,5.34317367096382
MZB1,5319,42,5.34086912706273
CLCN2,16084,127,5.34075053384838
CNTFR,4434,35,5.33906233777753
KLHL17,6968,55,5.33884341608089
MIB2,16474,130,5.33748818526461
PHLDA2,4056,32,5.33635444479134
PLEKHN1,10657,84,5.33134707457008
PLEC,29199,230,5.32785619205382
SLC4A2,19053,150,5.32501122561252
FLII,16770,132,5.32394431817554
WNT11,8006,63,5.32252364854734
PFN1,5592,44,5.32204018930638
PRPH,5974,47,5.32139228594463
HBA2,4068,32,5.32061298625213
KCNH6,4069,32,5.31930538905718
CCND1,10556,83,5.31828181582191
CAMK2B,41220,324,5.31654701562945
CARD9,10051,79,5.31631192362022
SUSD2,5090,40,5.31538645090218
FLNA,25841,203,5.31348376429288
TMEM256-PLSCR3,4710,37,5.31341151963061
SYNE4,4203,33,5.31064395763763
INPPL1,17959,141,5.31042889630267
MAFG,11975,94,5.3093941571997
CACNB3,14784,116,5.30711711321476
PLCXD1,21420,168,5.30496412452786
SLC27A5,9953,78,5.3007001123711
MEGF6,19524,153,5.30048082663528
L1CAM,21835,171,5.29706802496078
BOP1,10600,83,5.29620592903925
PTMS,7537,59,5.29475820973342
KMT5C,10220,80,5.29458259003759
TSEN34,5370,42,5.29014578898449
LIMD2,6010,47,5.28951705760952
SMIM5,7161,56,5.28940704498379
RUFY4,12021,94,5.28907703456172
RHBDF1,17011,133,5.28827988605497
ZDHHC8,11007,86,5.28472168851167
CEBPB,4096,32,5.28424160841642
ZDHHC24,4229,33,5.2779939829631
WDR18,12819,100,5.27640943815666
AKT1,18460,144,5.27622650738524
GMPPB,4107,32,5.27008853861058
SIX5,4625,36,5.26481845007197
XAB2,9511,74,5.26257349541797
ASIC3,6942,54,5.26140564640944
TTLL10,12858,100,5.2604053964637
ARVCF,22773,177,5.25709295570555
TPSG1,5018,39,5.25686211821737
HSF1,12996,101,5.2565924525706
GDI1,9136,71,5.25647851765416
VEGFB,6952,54,5.25383745646926
PTPRN2,8112,63,5.25297390659147
STK32C,12752,99,5.25109078276764
CISD3,4766,37,5.25097949170377
ROBO3,13280,103,5.24604227148811
CORO6,9675,75,5.24327849517288
CKM,4000,31,5.24196767554909
COL5A3,8000,62,5.24196767554909
JUNB,4000,31,5.24196767554909
RAET1L,4000,31,5.24196767554909
RRP9,4000,31,5.24196767554909
TBX10,4000,31,5.24196767554909
GPD1,5164,40,5.23921708657864
FAM83E,4261,33,5.2383563844053
PIM3,4004,31,5.23673094460449
KCNT1,44822,347,5.2363766739419
TSPAN31,11497,89,5.23598159546663
LYPLA2,6982,54,5.23126296152597
ACADVL,11508,89,5.23097674687868
TNFRSF4,4655,36,5.23088836339052
CASKIN2,14225,110,5.23037763420058
TCEA2,19660,152,5.2294102102416
GAMT,5823,45,5.22707052455411
NLGN2,7767,60,5.22505157108769
NUDT8,4016,31,5.22108334218037
CDC42BPG,9329,72,5.22023482293555
OBSCN,57408,443,5.21944042927196
AIRE,8038,62,5.2171860418503
TFAP2C,4928,38,5.2156150940214
MFAP2,6356,49,5.21440581623471
PLXNA3,14401,111,5.21342301037293
MYL7,4931,38,5.21244193537568
DTX3,6878,53,5.21202312758026
ADGRG3,8046,62,5.21199868312114
PPDPF,4023,31,5.21199868312114
TOMM40L,6491,50,5.21015965088047
ATP6V0D1,19736,152,5.20927263545551
HSPA12B,4026,31,5.20811492851375
SLC7A10,8052,62,5.20811492851375
MAPK8IP3,23248,179,5.20786922453704
PER1,18315,141,5.2072068003658
FSCN2,17148,132,5.20658655328924
STX1A,12995,100,5.204947486551
WNT7B,8447,65,5.20479343933049
PDCD1,4029,31,5.20423695760644
PNCK,14302,110,5.20221800073439
PHF13,4031,31,5.20165485045804
ABI3,8591,66,5.19628368151576
CLIC3,4821,37,5.19107410443065
OTOF,16160,124,5.19006700549415
WNT10B,5083,39,5.18963881747291
DUSP2,4823,37,5.18892147158619
COMTD1,4694,36,5.18742763774667
LYL1,4303,33,5.18722671483871
PAX2,11475,88,5.18707603287168
SCN4A,12000,92,5.18560243172598
LAMB2,15522,119,5.18551528020867
FBXL6,6522,50,5.18539501592535
PSME2,7306,56,5.18442976308909
CBFA2T3,22050,169,5.18406868359474
SLC37A2,8743,67,5.18330733544312
MCAM,13964,107,5.18282534151184
PPP1R16A,16189,124,5.18076983190966
ICAM4,4049,31,5.178530674783
ARHGEF16,14764,113,5.17686742238791
HPCA,8497,65,5.17416619771974
COL6A1,19089,146,5.17323627105066
STXBP2,18306,140,5.17281818107846
CHRNG,4056,31,5.16959336839161
EFS,4580,35,5.16886515408419
TBX6,4711,36,5.1687084125627
KLK1,6938,53,5.16694941935673
CAPN15,12569,96,5.16610397678582
HSD11B2,4714,36,5.16541903512577
HIC2,11265,86,5.16368678432738
FBRSL1,18081,138,5.16237175881133
SLC9A3,8127,62,5.16005185239236
ZBTB22,4197,32,5.15707734764681
CA4,8407,64,5.14910280196828
KMT2B,23663,180,5.14511797565458
PLCB2,18142,138,5.14501398804254
NUTM2D,8024,61,5.14199382832944
ETV2,5921,45,5.14055593049799
HYAL3,7632,58,5.14022663795644
TMC6,24608,187,5.1399385215806
SREBF1,18192,138,5.13087311846238
NTNG2,8833,67,5.13049428662733
APRT,5669,43,5.13044025625754
TMEM175,12130,92,5.13002713773386
MAPK8IP1,12000,91,5.12923718790287
MADCAM1,9363,71,5.12903852795989
PFKL,19394,147,5.12675518737565
MXD3,4882,37,5.12621226084805
IGF2,15975,121,5.12315080007221
SLC27A3,8847,67,5.12237549833607
EME2,7002,53,5.11972223243316
SECTM1,8326,63,5.11795872330892
MBD6,12292,93,5.11744322377067
MEX3A,4761,36,5.11442666069794
CFAP99,12037,91,5.11347065338826
GRIN1,25270,191,5.11235215047743
RBP5,5691,43,5.11060724173677
ARTN,6487,49,5.10910488176165
APOBEC3A,8087,61,5.10193625306237
GMIP,10743,81,5.09978748916145
EVI5L,16986,128,5.09696305853613
EXD3,20460,154,5.0910542807969
PTBP1,14615,110,5.09080546332557
TMEM38A,4122,31,5.08681967544793
YBX2,8247,62,5.08496924995668
EML3,13037,98,5.08441564286075
FMNL1,17695,133,5.08386149430241
LRRC75B,4923,37,5.08351985729437
ISLR,4791,36,5.0824014467925
DLK1,5325,40,5.08081071081541
FAAP20,20639,155,5.07967215034555
IRX3,4932,37,5.07424336120441
C1QL1,4000,30,5.07287194407977
CABP7,4000,30,5.07287194407977
CACNG8,4000,30,5.07287194407977
ERAS,4000,30,5.07287194407977
FAM25A,4000,30,5.07287194407977
HSPA1L,4000,30,5.07287194407977
INHBB,4000,30,5.07287194407977
KCNK5,4000,30,5.07287194407977
MISP,8000,60,5.07287194407977
OTOP1,4000,30,5.07287194407977
RAC3,5200,39,5.07287194407977
SLC6A19,4000,30,5.07287194407977
ZNF70,4000,30,5.07287194407977
MYL3,9868,74,5.07218651346984
AGRN,19351,145,5.0682406207539
FZD10,4005,30,5.06653877061649
FES,10154,76,5.06254701267234
PLK5,12292,92,5.06241695254733
CCDC85C,23533,176,5.05857285320211
MTX1,7760,58,5.05543939444375
PODNL1,13647,102,5.05540107272549
CHST1,8028,60,5.05517881821601
TRPM2,15525,116,5.05381123360818
CIC,18213,136,5.05068236530572
ZNF181,4420,33,5.0499177723871
ADAMTSL5,10182,76,5.04862525699027
FBXO24,9647,72,5.04815700872455
DUSP9,8042,60,5.04637845717957
SLC52A2,13806,103,5.04617132879633
NCKIPSD,10992,82,5.0457969361298
STEAP3,4022,30,5.04512376338117
PLEKHH3,10594,79,5.04382208271728
HSPB7,5769,43,5.04150906790154
GATA2,13419,100,5.04048681628513
EPS8L3,12884,96,5.03979826794637
ATXN7L2,10067,75,5.03910990769819
NADK,14230,106,5.03841111335165
RHOF,8995,67,5.03809405600659
MUC4,17590,131,5.03730320010953
RBM38,4834,36,5.03719183524677
PRSS27,8327,62,5.03611641700405
NCAPH2,11014,82,5.03571816977835
MKNK2,10081,75,5.03211183819042
CTU2,12502,93,5.03148393109815
TOMM40,7260,54,5.03094738255844
PIDD1,11438,85,5.02645118898152
DPYSL4,12111,90,5.02637794806021
APC2,10498,78,5.02551611911122
TP73,24096,179,5.02459095833487
CHPF,4712,35,5.02406672447062
TRMT2A,8214,61,5.02305313836321
NOS3,18319,136,5.021457389558
KCNAB3,10780,80,5.01953933860706
FOXP4,15499,115,5.01864871771661
SSNA1,4046,30,5.01519717654945
PIEZO1,23631,175,5.0089717755714
TMEM200B,5402,40,5.00838893652204
GLI1,9590,71,5.00763167229285
SPIB,7159,53,5.00744448547241
ITGB2,28098,208,5.00703425804252
PRRT1,8516,63,5.00377223230038
HIP1R,17045,126,4.99995592024289
TERT,14069,104,4.99991643267037
KCNK7,6495,48,4.99867289331955
AGAP2,12321,91,4.99560476055795
LTBP3,22478,166,4.99508700487731
ABCA7,27495,203,4.99384375170367
ALDH3B1,16665,123,4.99220521349584
SCGB3A1,4336,32,4.99175591053359
HMGA1,7864,58,4.98858210845416
TMEM204,8000,59,4.9883240783451
RARA,23869,176,4.98736415243224
CKB,6105,45,4.98562353226513
TRAPPC1,4206,31,4.98522841231487
TRAPPC5,6378,47,4.98432071436707
GCGR,10858,80,4.98348075798344
HCFC1R1,4344,32,4.98256298988804
KCNIP2,18462,136,4.98256298988804
XYLT2,8010,59,4.98209645777289
C8orf58,10454,77,4.98196721757722
CFD,6246,46,4.98136640895868
CCDC154,10595,78,4.97950620277768
HES2,8016,59,4.97836734365779
RGS11,5707,42,4.97776115066527
VILL,19840,146,4.97741467631482
MMRN2,15357,113,4.97696624497852
CPTP,4485,33,4.97673055829453
MAP4K2,10743,79,4.97386681041672
IRAK1,9656,71,4.97340386674487
CDC34,13193,97,4.97302689381477
CHAD,7481,55,4.97273906205743
HRAS,7345,54,4.97272675253564
VPS28,5580,41,4.96983870268269
TRABD,14300,105,4.96644805714103
CXCL12,5450,40,4.96427835506277
CILP2,6411,47,4.95866440746111
PSTPIP1,24831,182,4.95758094759248
RNPEPL1,12689,93,4.95733407727867
LPCAT1,12692,93,4.95616231536315
SP7,8600,63,4.95489817793838
DGKQ,16247,119,4.95411880220342
SIGLEC8,4647,34,4.94878835373967
ZYX,9705,71,4.94829342991123
LAT,8751,64,4.94669263582989
ITM2C,9025,66,4.94640145239911
VAV2,8345,61,4.94420113583169
CA7,4518,33,4.9403799366868
PRR36,4793,35,4.93916177878272
RXRA,20000,146,4.9375953589043
CPNE7,17677,129,4.93598446784929
DBP,6853,50,4.93494036099009
FKBP2,4662,34,4.93286561128878
MSLN,9050,66,4.93273735998916
PLCD1,18381,134,4.93092389247367
SHISA4,4254,31,4.92897759807155
EBF4,14691,107,4.92634763248733
DLG4,23359,170,4.92251797590399
IL11,5222,38,4.92197456593977
KRTCAP3,5086,37,4.92059934279594
CLCNKB,20071,146,4.92012890130467
RIN1,7287,53,4.91948608089708
PDE6B,14850,108,4.91914855183492
S100A1,4538,33,4.91860655662207
AQP1,14582,106,4.91678714462995
SNAPC4,9357,68,4.91546852192546
MGAT4B,12117,88,4.91224704771829
ESPNL,13638,99,4.90995084776748
SH3BP1,15844,115,4.90936862382541
NRXN2,34037,247,4.90838154630824
KCTD11,4273,31,4.90706077748569
SLC4A11,10616,77,4.90594247292316
EMILIN1,8000,58,4.90377621261044
FOXF1,4000,29,4.90377621261044
FOXL1,4000,29,4.90377621261044
GNG3,4000,29,4.90377621261044
KLHL30,4000,29,4.90377621261044
RPP25,4000,29,4.90377621261044
SLC24A3,4000,29,4.90377621261044
TMIE,12000,87,4.90377621261044
TNFRSF10D,4000,29,4.90377621261044
ZFP36L2,4000,29,4.90377621261044
ZNF703,4000,29,4.90377621261044
ZNF853,4000,29,4.90377621261044
TMEM129,7449,54,4.90329950293654
TNK2,37410,271,4.89975335238569
SPATA32,4004,29,4.89887733527516
ALS2CL,14913,108,4.89836759838722
CNIH2,8287,60,4.89718541723641
GAL3ST4,5387,39,4.89677633362071
P3H3,9255,67,4.89655926891186
AGAP3,35639,258,4.89651210405297
TMEM171,4006,29,4.89643156526255
MAP3K11,12986,94,4.89604150873759
ELAVL3,4421,32,4.89578231804426
NUDT22,7601,55,4.89423245931478
CCL27,5391,39,4.89314303639673
HSD3B7,4009,29,4.89276748576746
BEST2,8157,59,4.89231244658095
TNFRSF12A,5945,43,4.89225665478957
EFNA1,7328,53,4.89196166368682
ULK1,18253,132,4.8913902490442
SLC17A9,11063,80,4.89113568382755
RNF112,8299,60,4.89010429601616
CADM3,4150,30,4.88951512682387
AP1G2,11759,85,4.88923791985464
CDC25B,14390,104,4.88838250807779
CISH,4013,29,4.88789056826358
LHX2,11629,84,4.88573099782383
CACNA1G,12745,92,4.88248169326887
OPLAH,11499,83,4.88214478196505
ARID3C,4021,29,4.87816584194025
LRCH4,13034,94,4.87801097379672
CERK,8045,58,4.87634676207378
ADAMTS2,9016,65,4.87631878682616
EIF6,8462,61,4.87584004709471
FAM72A,5968,43,4.87340244851273
STK25,14863,107,4.86933815978412
FXYD7,4029,29,4.86847973453506
PRSS56,6113,44,4.86845227197796
INHBE,7649,55,4.86351953500479
CAMK2N1,5565,40,4.86169218959426
RPP21,4038,29,4.85762873958439
MINK1,16015,115,4.85694889015858
THBS3,16017,115,4.85634241592619
BAHD1,13232,95,4.85613497266805
RAP1GAP,17690,127,4.85588646616265
ZNF142,4179,30,4.85558453608975
ADAMTSL2,6689,48,4.85369718076102
UBTF,15058,108,4.85119909647686
RNF167,8372,60,4.84746482950766
AUP1,6146,44,4.84231186765397
HPCAL4,4052,29,4.84084522468948
ISYNA1,6430,46,4.83882030954213
SS18L1,10066,72,4.83802609409554
LRRC4B,8390,60,4.83706502415234
NOC2L,10349,74,4.83644183157023
ACTG1,10490,75,4.83591224411798
IP6K3,4057,29,4.83487918423509
GFRA2,9094,65,4.83449419199743
KRT19,7557,54,4.83322455966313
PIANP,10509,75,4.82716903994649
TNFRSF25,7568,54,4.82619952396595
BCAR1,29434,210,4.82572584202736
SIRT7,11073,79,4.82563452942354
CREB3,4068,29,4.82180551879099
GUCY2D,8000,57,4.81922834687578
PYY,8000,57,4.81922834687578
RELL2,4492,32,4.81840018434409
TRPM4,21207,151,4.8160429012813
EPHA8,4075,29,4.81352266268509
PARP3,9280,66,4.81048201593771
ROGDI,6328,45,4.80992915051811
PTCHD1,4220,30,4.80840942566802
CD63,7739,55,4.80695967479669
IGFBP6,5488,39,4.8066570898715
TMEM147,4081,29,4.80644568743978
CDH24,9712,69,4.80543882676419
TPI1,6898,49,4.80469170310058
ZBTB42,4505,32,4.80449581089316
C1QTNF5,10138,72,4.80366646904377
MACROD1,16477,117,4.80286474040446
ARFRP1,10583,75,4.79341580277782
SYNGAP1,28653,203,4.79201947276349
FLYWCH2,8046,57,4.79167620867589
SPEG,28233,200,4.79143502906033
CCDC28B,6635,47,4.79125810342625
GSE1,36427,258,4.79058925731858
EFHD2,4377,31,4.79046623308119
RENBP,8472,60,4.79024735040582
JPH2,4095,29,4.79001339449127
PPM1M,7202,51,4.7897152485063
PLPP2,7767,55,4.78963060683039
CHCHD10,5508,39,4.78920372353209
CHD5,19495,138,4.78793761328893
BAP1,10457,74,4.78649101223299
DOC2B,8480,60,4.78572824913185
CD151,7916,56,4.78492216386166
CARM1,10038,71,4.78413904535649
WDR6,9338,66,4.78060324565238
GPS2,9904,70,4.78057399145912
MRC2,16842,119,4.77909798001419
ENO3,12033,85,4.77790648213834
GRB7,9345,66,4.77702226943841
NOTCH1,21382,151,4.77662621866395
CEP131,16712,118,4.77580093666357
RASGEF1A,17137,121,4.77576787250706
MAPK15,9208,65,4.77464054974203
GALP,5101,36,4.77353172546224
ATP2A1,14882,105,4.77222196056422
ADORA2A,17860,126,4.77179443788018
ARRDC1,10773,76,4.77166085274993
TBKBP1,5103,36,4.77166085274993
DDIT3,5245,37,4.77143341419641
KCP,13893,98,4.77114566587314
TPSAB1,5673,40,4.76913749957555
TMEM97,4255,30,4.76885729173186
SLC26A1,6245,44,4.76554823676562
CASZ1,24571,173,4.76229075645164
MSI1,9095,64,4.75959398088481
ANAPC2,16488,116,4.7586377609029
PPP2R5B,11091,78,4.75681798020283
KCNH3,13224,93,4.75677647508992
ZNF687,11661,82,4.75631591818358
AIFM3,12515,88,4.75602856389953
PTH1R,17636,124,4.75569759632487
SLCO4A1,14082,99,4.75514200126778
MYL6,5690,40,4.75488875836416
MOGAT3,4126,29,4.75402444266645
SNAPC2,4980,35,4.75369526218987
SEMA7A,8254,58,4.75287251040508
SPRY4,4839,34,4.75243221323172
MYRF,19084,134,4.74928275348766
CKMT1B,4988,35,4.74607105166511
EVC2,4989,35,4.74511974457919
TMEM120A,11121,78,4.74398599212567
PAQR4,5708,40,4.73989436494255
LMTK3,13563,95,4.73762279424491
TMEM208,5568,39,4.73759592478714
NCDN,8995,63,4.73731232131962
TWIST1,4712,33,4.73697719735802
NKAIN4,15141,106,4.73526122072479
ADAP1,35569,249,4.73500375448981
ASPHD2,4000,28,4.73468048114111
C15orf62,4000,28,4.73468048114111
CABLES2,8000,56,4.73468048114111
CACNG4,4000,28,4.73468048114111
CDSN,4000,28,4.73468048114111
CLDN9,4000,28,4.73468048114111
CSPG4,4000,28,4.73468048114111
CTAG2,4000,28,4.73468048114111
FAM90A26,4000,28,4.73468048114111
GAL3ST2,4000,28,4.73468048114111
GPR153,4000,28,4.73468048114111
IQCC,4000,28,4.73468048114111
KCNE5,4000,28,4.73468048114111
MLLT1,8000,56,4.73468048114111
MRGBP,4000,28,4.73468048114111
NHLH1,4000,28,4.73468048114111
NPR1,8000,56,4.73468048114111
PPP1R3G,4000,28,4.73468048114111
PRLHR,4000,28,4.73468048114111
SYT2,8000,56,4.73468048114111
VSIG8,8000,56,4.73468048114111
CBLN3,5286,37,4.73442456629969
FAIM2,11148,78,4.73249625210168
GPRASP2,4003,28,4.73113213204208
TEKT4,4003,28,4.73113213204208
CD68,5004,35,4.73089576452949
REEP2,9295,65,4.7299505306105
CLEC18A,9153,64,4.72943376555745
KRT80,8014,56,4.72640926492749
SEMA4C,12310,86,4.72533969337514
KRT18,6871,48,4.72513177734107
DKKL1,6872,48,4.72444418540607
KIF21B,8306,58,4.72311698782609
TPSD1,4010,28,4.72287329789637
PRDM16,20340,142,4.72204402529877
MXD4,8310,58,4.72084352597876
POLD4,11894,83,4.72000864703347
FAM50A,9746,68,4.71927344137662
ASPSCR1,25228,176,4.71870124284149
SYT7,12328,86,4.71844026812524
DSTN,4015,28,4.71699176203349
LTB4R2,8031,56,4.71640441403672
IL17RB,4017,28,4.71464324733992
ADM,4304,30,4.7145650037916
PFDN2,4018,28,4.71346986674078
GNB3,9332,65,4.71119697621353
CEND1,4023,28,4.70761171378684
KRT15,11639,81,4.70719279973034
PWWP2B,8048,56,4.70644183016015
PPP1R27,5031,35,4.70550634182182
CASQ1,10063,70,4.7050387370974
CYP2W1,7476,52,4.70464314414389
PCGF2,7189,50,4.70429076281334
OSM,5033,35,4.70363648037067
IZUMO4,6473,45,4.70218317078304
CXXC5,21003,146,4.70180008465867
BAIAP2,35389,246,4.70174912446852
TSPAN9,17266,120,4.70091226139675
OBP2A,4029,28,4.70060112299937
DDX51,8346,58,4.70048043384657
KCNK4,9357,65,4.6986096165464
ACVRL1,12097,84,4.69671536527183
BET1L,4178,29,4.69485515807606
KCNQ1,13114,91,4.69352190444063
PLEKHD1,4036,28,4.6924484451349
S100A14,5048,35,4.6896597475645
GAB4,8223,57,4.68853542198787
PFDN6,4473,31,4.68765273914517
FGFR4,14286,99,4.68723993153107
SEMA3F,17608,122,4.68643326652833
KCNQ2,49795,345,4.68625583748708
INPP5A,20352,141,4.68602557727494
GSTT2B,4042,28,4.68548291058002
FHOD1,14437,100,4.68506563605529
C3orf18,11406,79,4.68474935510318
NECAB3,18916,131,4.68419133484492
SEMA6C,12565,87,4.68327214893158
TMIGD2,4046,28,4.68085069811282
ZACN,4046,28,4.68085069811282
SNED1,27748,192,4.6801759322633
CIDEB,8961,62,4.67980598196549
TMEM132E,8095,56,4.67911597889177
SLC25A11,5496,38,4.67659228226664
GNG8,4339,30,4.67653555573152
IRX5,5207,36,4.67635593078219
NPHS1,10994,76,4.67574152871339
SOX10,12008,83,4.6751984383591
APEH,12587,87,4.67508656163703
ZFYVE28,20115,139,4.67398591583122
NEURL4,15485,107,4.67374704997555
FLOT1,5938,41,4.67020881794702
CSNK1G2,18104,125,4.67012073214001
AAMP,8257,57,4.66922935388231
CDK16,14344,99,4.66828706510408
FAM83G,8984,62,4.66782517858334
CD7,4058,28,4.66700885277586
RPUSD1,4928,34,4.66660297886126
SHC2,18410,127,4.66597672930024
ZNF135,4495,31,4.66470983363657
KCNQ4,10006,69,4.66424364236796
PRDX5,4061,28,4.66356117324907
SPATA20,11608,80,4.66149500949209
NME3,4355,30,4.65935425403423
GRAMD4,21199,146,4.65832856163433
SLC46A2,4066,28,4.6578263464251
HCFC1,12634,87,4.65769467716679
SF3B4,4212,29,4.65695746686652
PLPPR2,9880,68,4.65526710117981
MAMSTR,9595,66,4.65255582156352
COL8A2,8000,55,4.65013261540645
COMP,8000,55,4.65013261540645
NYNRIN,8000,55,4.65013261540645
CIDEA,4364,30,4.64974513664506
CDK18,20090,138,4.6461345829302
CYP2A6,8007,55,4.64606730651325
ADAM33,11358,78,4.64499632139721
ZMYND10,7284,50,4.64293606450647
ROBO4,9475,65,4.64009395060946
CABP4,6997,48,4.6400429387038
OSBPL5,32081,220,4.63839168645013
TBX2,4522,31,4.63685774042379
KRI1,9775,67,4.63607734360913
AMPD2,18534,127,4.63475944676904
ZDHHC11,16491,113,4.63472625214572
KCNJ11,4672,32,4.63275976628289
SCRN2,5694,39,4.63275976628289
FBXL16,8762,60,4.63170230000435
LRRC74B,8035,55,4.62987690395166
TMEM59L,11106,76,4.62858836364802
EPN3,7745,53,4.62857263673299
LRRN2,4385,30,4.62747725799751
RNF123,21060,144,4.62484051881916
MLF2,10823,74,4.62462686084453
UVSSA,25600,175,4.62371140736437
RDH5,4828,33,4.62316415781917
ARHGDIG,8632,59,4.62309923850334
CASKIN1,12000,82,4.6219499934949
SMPD3,13319,91,4.62128134656014
CALHM2,4830,33,4.62124980413064
CYB5D1,4539,31,4.61949123203269
PAK4,13617,93,4.61949123203269
MOB2,16700,114,4.6172247634738
ADGRD2,13338,91,4.61469832469894
CDK9,6743,46,4.6142094898941
SFMBT2,6743,46,4.6142094898941
BEGAIN,22284,152,4.61363331239229
KLHDC8B,7335,50,4.61065389146082
PACS2,34183,233,4.61039761663433
KATNB1,11444,78,4.61008984781803
TRIP10,11300,77,4.60898099934091
TBC1D10C,8952,61,4.6089542536322
PDGFB,8073,55,4.60808385027271
HSF4,9689,66,4.60741801093012
RAET1G,4111,28,4.60684065301981
FBRS,13508,92,4.60669449072489
ZC3H12A,9691,66,4.60646714558889
PPP1R1B,9398,64,4.60614037626594
SLC25A1,4259,29,4.60556582541483
DERL3,6614,45,4.60194007627436
PTPN23,13818,94,4.60124439372314
LRRN1,5440,37,4.600398576739
BCAP31,14410,98,4.59996715725021
CALM3,10888,74,4.5970184161389
SHARPIN,12802,87,4.59657198494964
TKT,18248,124,4.59620138145471
DUS1L,10746,73,4.5948216628553
PLK3,8244,56,4.59454680363039
DMTN,17965,122,4.59330458987091
RANBP1,10015,68,4.59251512328073
RNF166,12225,83,4.59221127589497
ARL6IP4,5893,40,4.59109401579706
SCO2,4863,33,4.58989030515134
PHF1,8842,60,4.58979592316649
FAAP100,10758,73,4.58969637377236
WDR46,9878,67,4.58773598236275
TWF2,14892,101,4.58734055288796
ATP2B3,19470,132,4.58564695510035
TBC1D24,16819,114,4.58455636779906
ACSF2,21256,144,4.58219520729825
DOC2A,15058,102,4.58168803556148
ESPN,23476,159,4.58105662014359
DDX41,8416,57,4.5810155388553
ACE,20234,137,4.57964123975439
PRCD,17429,118,4.5793324489943
CLCF1,4579,31,4.57913751958864
GPER1,9306,63,4.5789946626123
GABRD,13590,92,4.57889839446003
BCAN,12853,87,4.57833303908234
RNF44,10497,71,4.57494405423344
PLEKHM2,11095,75,4.57221446063972
HDAC7,34914,236,4.57198746941179
RECQL4,9472,64,4.57015490457637
FASN,16282,110,4.5695935294499
PILRB,4737,32,4.56919012625579
OBSL1,21477,145,4.56653742385849
AMIGO3,4000,27,4.56558474967179
C11orf68,4000,27,4.56558474967179
CPLX3,8000,54,4.56558474967179
DCHS1,8000,54,4.56558474967179
DMRT3,4000,27,4.56558474967179
GATA5,4000,27,4.56558474967179
GDF7,4000,27,4.56558474967179
GJB2,4000,27,4.56558474967179
HCN2,4000,27,4.56558474967179
HOXC4,12000,81,4.56558474967179
HSPB9,4000,27,4.56558474967179
MLLT11,4000,27,4.56558474967179
MRGPRF,4000,27,4.56558474967179
NELFB,4000,27,4.56558474967179
RGS9BP,4000,27,4.56558474967179
S1PR4,4000,27,4.56558474967179
TEX22,4000,27,4.56558474967179
TPBGL,4000,27,4.56558474967179
TREX2,4000,27,4.56558474967179
SCARF1,9187,62,4.56468285668801
KAT2A,14969,101,4.56374343734435
BCL3,14823,100,4.5630636570013
HAUS7,14082,95,4.56301505172161
DRAP1,5040,34,4.56290069044212
LOXL1,9933,67,4.56233323605952
LOXL3,10231,69,4.56166766548078
CALML6,4301,29,4.56059168808225
TEAD2,9202,62,4.55724205655213
DEXI,4750,32,4.5566849743313
LILRB3,9808,66,4.55151642617271
CACNA1S,8025,54,4.5513617442211
ZNF513,5797,39,4.55044576664047
CLDN5,7135,48,4.55029859034485
NOL4L,21415,144,4.54817377195104
TRIM47,6990,47,4.54792525268
AP2A1,9965,67,4.54768249210027
GAL3ST3,7586,51,4.54726195883765
PRMT1,16067,108,4.54654608792859
HES7,4022,27,4.54061138704305
ELF3,9833,66,4.53994438196908
PRELID1,5817,39,4.53480043135891
TNF,4177,28,4.53404882081984
IGSF22,8056,54,4.53384781496702
SASH3,4030,27,4.53159776642361
ZBED4,4031,27,4.5304735794312
ABCD1,8961,60,4.52884449867628
CGB7,9111,61,4.52852140034194
COL16A1,36018,241,4.52574504793242
LZTR1,20326,136,4.52563602869788
IDUA,16594,111,4.52443683092567
FSCN1,9870,66,4.52292534021296
OTUB2,4038,27,4.52261986099236
KHNYN,10171,68,4.52207638970175
ALKBH6,4936,33,4.52200902632718
BTBD19,8975,60,4.52178000586497
RTN4RL2,4338,29,4.52169314210276
CELF4,23341,156,4.52061764435367
PCSK4,10028,67,4.51911208952725
AGPAT1,8981,60,4.51875910841088
SERF2,8532,57,4.51873262716904
OGFR,6438,43,4.51762438843181
CCND2,13029,87,4.51648741663407
MT1G,4044,27,4.51590974250424
BHLHE40,4795,32,4.51392150741891
MYO1C,27871,186,4.51391138506613
RIC8A,9741,65,4.51338570804072
PEX10,7793,52,4.51326987625044
SMTNL2,11241,75,4.51282976966441
NAA38,8845,59,4.51176852761569
TIMM13,4048,27,4.51144738109861
TMEM82,4048,27,4.51144738109861
NACC2,12000,80,4.50921950584868
ADARB2,17705,118,4.50794607475412
PLEKHG4B,12308,82,4.50628858644286
SMARCD3,23868,159,4.50581888782014
ZCCHC24,5405,36,4.5050481649552
FBXO36,4204,28,4.5049290971847
LDB3,22822,152,4.50487269885855
GAS6,10364,69,4.50312831778597
PROC,8862,59,4.50311358911767
MATN1,11116,74,4.50272908554519
UNC5B,4357,29,4.50197494846035
CRTC2,10519,70,4.50107470400334
KNDC1,24344,162,4.50106942129982
MSRB1,5260,35,4.50064684519117
MSX1,6763,45,4.50055177650134
DNAJC4,7214,48,4.50046859469233
UNC13D,18638,124,4.50002590453833
SPATA33,4362,29,4.49681450033053
PLEKHF1,5415,36,4.4967285930901
AP5Z1,16261,108,4.49230404001898
NPPC,4068,27,4.48926720715023
VMO1,4069,27,4.488163922017
MEF2D,15676,104,4.48735801806835
PNMA2,5125,34,4.48722331313722
TLCD1,7085,47,4.48694389784519
ADORA1,16583,110,4.48665029527246
ARHGAP27,27890,185,4.48658448502334
TINAGL1,12666,84,4.48572286228433
MYO15A,29406,195,4.48529791695824
CD2BP2,4374,29,4.48447756068627
ARHGEF1,31073,206,4.48411427061192
LPAR2,5130,34,4.48284980113611
SNRPD3,4074,27,4.48265562068904
TONSL,5584,37,4.48176365642195
AOC3,6943,46,4.4812926098741
RBM10,12226,81,4.48118902307063
TRIP6,7396,49,4.48117406273496
C10orf105,8000,53,4.48103688393713
GRK1,8000,53,4.48103688393713
PPP1R9B,8000,53,4.48103688393713
MAPK8IP2,6340,42,4.48077017142692
RASGRP2,14190,94,4.48061980496592
LTB4R,7250,48,4.4781214402911
CARNS1,4835,32,4.47657779277635
SYT6,5440,36,4.47606348007038
FOXO6,8009,53,4.47600138238195
PKDCC,9068,60,4.47540533222741
MPDU1,6803,45,4.47408961700406
PPT2-EGFL8,11792,78,4.4740390280215
COL2A1,24192,160,4.47343204945306
ELFN2,21017,139,4.47338947979945
TIE1,21024,139,4.47190005217584
TMEM198,4387,29,4.47118870536625
BIN1,12405,82,4.47105198887052
BCAT2,11955,79,4.4696153194736
P2RX1,8024,53,4.46763398199115
JRK,8027,53,4.46596425457792
SLC38A5,11511,76,4.46573732661584
KDELR1,4696,31,4.46504912738423
DES,9847,65,4.46480046532189
CTDSP1,8032,53,4.46318414734773
NINJ1,8032,53,4.46318414734773
SLC23A1,8340,55,4.46055886369923
FZR1,16984,112,4.46036785788141
MLX,5005,33,4.45966764314705
DUOX2,10162,67,4.45952135738823
INTS1,21844,144,4.45885100376907
CFAP46,22004,145,4.45716798092205
PPP1CA,12296,81,4.45567802505379
IL18BP,5314,35,4.45491200709552
CEACAM7,8200,54,4.45422902407004
TRPT1,5620,37,4.45305485008188
YJEFN3,8052,53,4.4520982453424
GRM2,8204,54,4.4520572888072
SLC19A1,28870,190,4.4514290237855
BRD3,18094,119,4.44841208021438
HLX,5626,37,4.44830576918951
TBL3,8973,59,4.44740807163277
FLRT1,12624,83,4.44706771608175
MST1,8518,56,4.44675321074535
FAM72B,5628,37,4.4467249924414
SLC2A4,4412,29,4.4458533205897
ANKRD33B,4260,28,4.44570937196349
ZMYND15,7914,52,4.44426486550666
WNT2,4111,27,4.44231062969768
NDRG2,19034,125,4.44193893741004
APOE,4569,30,4.44112229729023
KMT2D,38085,250,4.43995618929567
NFKBIA,6246,41,4.43991353841969
LTBP4,35801,235,4.4398197698714
CDHR4,8379,55,4.43979722201356
EVPL,8075,53,4.43941734631542
SBF1,33980,223,4.4388873593478
ABCG5,4115,27,4.43799246626662
ATP8B3,12652,83,4.43722596014986
ELOVL1,6860,45,4.43691423680446
MAP3K6,13569,89,4.43644191930724
SYNGR1,8081,53,4.43612115722027
CNOT3,18152,119,4.43419833513657
MLLT6,12966,85,4.43410062467767
TMEM63A,23188,152,4.43376767005994
STX1B,8242,54,4.43153093877388
TRMT112,4733,31,4.43014382045138
AGPAT2,8092,53,4.43009083928534
KIF1A,47491,311,4.42936745799922
NKX2-2,8857,58,4.42928866443305
TUBB2A,4734,31,4.42920800637861
CYP21A2,4887,32,4.42894487990048
RNH1,12371,81,4.4286651843878
DHX58,13290,87,4.42778890529159
GIGYF1,13139,86,4.42719625735961
TPD52L2,8101,53,4.42516912374978
NR4A1,23859,156,4.42247103553624
PLEKHG5,35026,229,4.42219180111638
SBSN,4130,27,4.42187384956105
VAC14,24943,163,4.42009449216214
JDP2,8418,55,4.41922795476973
SH2D2A,6737,44,4.41752244895373
NFATC1,26491,173,4.41713208926704
TMEM63B,13485,88,4.41391898236578
NAT16,5057,33,4.41380987817895
EDN2,4598,30,4.41311173908635
MAP7D1,15940,104,4.41303791036634
IFRD2,8279,54,4.41172581197902
RING1,5060,33,4.41119299485197
FIZ1,8128,53,4.41046937395386
MEGF8,17023,111,4.41041560079777
BAIAP2L2,12423,81,4.410127746604
CCDC88B,17792,116,4.40987069479356
SWI5,4909,32,4.409096277872
PLXND1,33752,220,4.40875336848206
LRPAP1,4297,28,4.40742888633103
NKG7,4298,28,4.40640342591076
KCNC1,17194,112,4.40589087462242
ZNF598,11207,73,4.40581365120398
PDZD7,5527,36,4.40560617542661
DECR2,11364,74,4.40446467044354
HSPB6,5070,33,4.40249241695285
SPPL2B,20130,131,4.40169713313098
CBX8,8606,56,4.40128327319648
DENND4B,17988,117,4.39942196617992
ARHGEF2,29058,189,4.39935208860934
TMEM184A,12765,83,4.3979461690416
SLC6A9,9074,59,4.39790529278828
A3GALT2,4000,26,4.39648901820246
ANKRD39,4000,26,4.39648901820246
CCDC71,4000,26,4.39648901820246
CYP2A13,4000,26,4.39648901820246
DUSP1,4000,26,4.39648901820246
EGR1,4000,26,4.39648901820246
IER5L,4000,26,4.39648901820246
INSRR,4000,26,4.39648901820246
LRRC14B,4000,26,4.39648901820246
LRRC73,4000,26,4.39648901820246
LSMEM2,4000,26,4.39648901820246
LY75-CD302,4000,26,4.39648901820246
MAFB,4000,26,4.39648901820246
MYBPH,4000,26,4.39648901820246
NMUR1,8000,52,4.39648901820246
NOG,4000,26,4.39648901820246
NPB,4000,26,4.39648901820246
NPW,8000,52,4.39648901820246
NR1D1,4000,26,4.39648901820246
PHGR1,4000,26,4.39648901820246
RAB33A,8000,52,4.39648901820246
RASD2,4000,26,4.39648901820246
SCUBE3,4000,26,4.39648901820246
SIX2,4000,26,4.39648901820246
SLC35G6,4000,26,4.39648901820246
SNAI3,4000,26,4.39648901820246
SORCS2,12000,78,4.39648901820246
THBD,4000,26,4.39648901820246
TLCD2,4000,26,4.39648901820246
TPPP,4000,26,4.39648901820246
TSSK3,8000,52,4.39648901820246
ZBTB12,4000,26,4.39648901820246
ZMIZ1,12000,78,4.39648901820246
ZNF865,4000,26,4.39648901820246
GTPBP6,16004,104,4.3953901706598
SHPK,4001,26,4.3953901706598
SLC4A1,8007,52,4.39264545343071
TNKS1BP1,17555,114,4.39234711193463
UAP1L1,5082,33,4.39209692128118
VWA7,12321,80,4.39174044884215
TMEM132A,14171,92,4.3911671145799
KHSRP,12477,81,4.39104087489472
OST4,4005,26,4.39100026786763
CPT1B,10168,66,4.39036910974645
WIZ,18488,120,4.39019640335765
PTOV1,13404,87,4.39013089759216
CAMTA2,22187,144,4.38991938190524
PHF2,4163,27,4.38682176283621
OBP2B,4009,26,4.38661912517083
ACTA1,4010,26,4.38552520518949
ARHGEF19,8485,55,4.38433246001787
AMN,9721,63,4.38351242981895
CPLX1,12037,78,4.38297484576137
NRN1,8642,56,4.38294883697395
DNMT3L,8334,54,4.38261075082485
DLG3,21916,142,4.38247743541599
NDUFS6,4014,26,4.38115497578721
INPP5E,12662,82,4.38030326346065
LILRB2,6640,43,4.38019063444638
NPC1L1,4015,26,4.3800637790311
RAB40C,12975,84,4.37889524267386
SPRED3,7570,49,4.37817217542771
TRERF1,4790,31,4.37742603386145
MAF1,6181,40,4.37717473468566
TMEM253,7572,49,4.37701576439353
PRICKLE4,8657,56,4.37535449337287
SBK3,4021,26,4.3735279962223
SLC18A2,4021,26,4.3735279962223
AHNAK,17170,111,4.37265607294004
SLC12A7,21348,138,4.3723460638499
HMCES,4177,27,4.37211850579056
TTC31,8046,52,4.37135373423064
AMHR2,5261,34,4.37122590378792
ATXN7L3,8820,57,4.37118217403699
RASIP1,9905,64,4.37036923333138
TWIST2,4184,27,4.36480377597685
SHMT2,8061,52,4.36321946974565
IL32,6821,44,4.36312105829076
FAM90A1,4031,26,4.36267826167449
C1orf210,4036,26,4.35727355619669
LPCAT4,8541,55,4.35558610505229
PFKFB4,17552,113,4.35456190885
CLSTN3,25021,161,4.35225015252171
NFKBIE,8237,53,4.35210575106192
DHRS11,11815,76,4.35083388630342
KCNK17,4042,26,4.35080555982431
PDK2,14460,93,4.3501806436092
IGSF9,9485,61,4.34995872203642
PEAR1,15242,98,4.348873293267
SOAT2,4045,26,4.34757875718414
ITGB4,27699,178,4.3465887146164
RAB40B,15874,102,4.34616721931995
RABL6,23359,150,4.34339821403293
NYAP1,11057,71,4.34323846769363
PSENEN,4051,26,4.34113948970868
RBMY1J,4051,26,4.34113948970868
GAREM2,12000,77,4.34012377437935
HMGN2,4989,32,4.33839519504383
LLGL1,9355,60,4.33810535036217
RHBDF2,24641,158,4.33701969435549
SHC1,12633,81,4.33681762020593
TRIM29,19808,127,4.33666354939506
LRRC14,9671,62,4.33623631520967
PHF23,5928,38,4.33578798639296
RHPN1,8112,52,4.33578798639296
HID1,13573,87,4.33546854426621
B4GALT2,4993,32,4.33491961307303
SYNDIG1,8270,53,4.33473942823422
LRP1,22787,146,4.33369496546654
USP21,8429,54,4.33321603955087
AHDC1,17017,109,4.33247569610542
PPP2R3B,44350,284,4.33129088949614
CYSTM1,4061,26,4.33044966087413
MMP14,8752,56,4.32786150012899
MAFK,9221,59,4.32779445035905
TBC1D26,12036,77,4.32714234733734
GPX4,5472,35,4.32627967940526
CHD3,25512,163,4.32151210873315
JUP,13776,88,4.32068071117905
ENOPH1,4072,26,4.31875149135802
ARHGEF17,20372,130,4.31620755763054
PKD1,33538,214,4.31587888776142
E2F3,5800,37,4.31485659611382
PHOX2A,5488,35,4.31366661911545
SYT5,9723,62,4.31304550081176
TPM2,9254,59,4.31236142497956
BSN,8000,51,4.3119411524678
JSRP1,8000,51,4.3119411524678
MMP15,8000,51,4.3119411524678
NKD1,8000,51,4.3119411524678
ATP8B2,13962,89,4.31156570713937
GCKR,9260,59,4.3095672383111
TLR2,4240,27,4.30715542421867
IRX2,8015,51,4.30387139360479
REEP6,8015,51,4.30387139360479
LASP1,16031,102,4.3036029218068
RUNX3,9589,61,4.30278011038851
LMO1,8490,54,4.30208221406058
GMPPA,10379,66,4.30111505038076
CCL16,7234,46,4.30102496410781
TMEM201,13525,86,4.30084522184458
NDUFAF3,5662,36,4.30056258063986
GPR146,9437,60,4.30041067634186
TMEM255B,17148,109,4.29937829021611
RASGEF1C,15103,96,4.29932866875594
RAB3IL1,15104,96,4.29904402040658
NOC4L,10384,66,4.29904402040658
TSPEAR,8025,51,4.29850831398659
QSOX1,8028,51,4.29690199548361
ATP2A3,19214,122,4.29471827610236
DOK2,6615,42,4.29449476747493
TRNP1,4095,26,4.29449476747493
S100A6,4253,27,4.29398988918109
ATG2A,11814,75,4.29394950404585
CHRNE,10869,69,4.29390209637813
UBA7,11663,74,4.29154904526454
UNC5A,8040,51,4.29048870892318
NEURL2,4732,30,4.28814196456447
DLX3,5521,35,4.28788306569563
HRK,6944,44,4.28583651189535
CTRB2,5366,34,4.28569129329636
KLF13,16732,106,4.28499821557459
FGFRL1,6472,41,4.28487329434014
HELZ2,12000,76,4.28375853055625
CHMP1A,13895,88,4.28367740030245
GOLGA6L4,8844,56,4.28284077896075
NT5DC4,12637,80,4.28192087284832
ZNF524,4266,27,4.28090459416014
ZNF574,11384,72,4.27789622831744
CCDC120,10912,69,4.27698147777986
TTYH2,22618,143,4.27636211868663
PITX1,6803,43,4.27524118958165
PSMB10,5223,33,4.27352796361305
PLEKHG4,10764,68,4.27295047934379
CYTH2,14884,94,4.27170082185343
ALKBH7,4910,31,4.270442098207
TM7SF2,5705,36,4.26814817380944
PNPLA7,16324,103,4.2677922914336
RHOC,11571,73,4.26721576259987
UNC93B1,9513,60,4.26605440477642
TNNT2,23467,148,4.26576354156222
HOXB3,23626,149,4.26568424429518
RNF126,9831,62,4.26566385966766
GNA11,13637,86,4.26552259481176
MAD2L2,12371,78,4.26464054792899
HYAL2,9834,62,4.2643625589173
PHYHIP,8408,53,4.26359360983551
GPR137,16024,101,4.26327231113377
ADCYAP1R1,16502,104,4.26274538184701
MAP3K12,18724,118,4.26261403832096
LMNB2,13329,84,4.26259777730463
SLC29A1,16503,104,4.26248708060591
NTRK1,20163,127,4.26031005239386
FAM53A,20322,128,4.26026053106459
SGSH,19052,120,4.26023257953371
SFTPC,10167,64,4.25774636137969
VARS2,17003,107,4.25648256595138
HMG20B,8108,51,4.25450533050597
MGAT5B,18609,117,4.25260907773896
FAM222A,8910,56,4.25111603244993
OPN4,6843,43,4.25025073983983
SAMD14,14482,91,4.25016201179633
BSG,13370,84,4.24952623587834
PYGM,13533,85,4.24832252269051
SLC39A5,8757,55,4.24815129876118
TANGO2,22612,142,4.24758426829015
HYPK,12104,76,4.24695161654618
ITGA5,19432,122,4.24653751322719
CTSZ,12589,79,4.2445191154426
SYT15,11954,75,4.24366065256798
KCND1,9086,57,4.24321227988182
COL6A2,14825,93,4.24307670196216
LRRC4,5102,32,4.24230764956363
KLHDC3,4146,26,4.24166813140614
SHANK1,21854,137,4.240160192422
ING1,6701,42,4.2393796279431
SLC26A9,17551,110,4.23919559264448
TRABD2B,11173,70,4.23760895116899
NDRG4,27298,171,4.23699466352915
MNX1,5588,35,4.23647143981846
LRWD1,8633,54,4.23082103525707
SQSTM1,17906,112,4.23069851995185
RAI1,24626,154,4.22979658024464
NPM3,4798,30,4.22915543483098
GUK1,12156,76,4.2287843342115
GPSM3,6880,43,4.22739328673314
AP5B1,4000,25,4.22739328673314
B3GALT4,4000,25,4.22739328673314
BMP2,4000,25,4.22739328673314
BPIFB2,4000,25,4.22739328673314
CEACAM4,4000,25,4.22739328673314
DDN,4000,25,4.22739328673314
DOCK3,4000,25,4.22739328673314
FOXD2,4000,25,4.22739328673314
GALR3,4000,25,4.22739328673314
GBX1,8000,50,4.22739328673314
GPR3,4000,25,4.22739328673314
GSC,4000,25,4.22739328673314
HCN4,4000,25,4.22739328673314
HTR1F,4000,25,4.22739328673314
LENG9,4000,25,4.22739328673314
LOXL4,4000,25,4.22739328673314
MEX3B,4000,25,4.22739328673314
OXER1,4000,25,4.22739328673314
REM1,4000,25,4.22739328673314
SOCS1,4000,25,4.22739328673314
UBXN10,4000,25,4.22739328673314
VANGL2,8000,50,4.22739328673314
ZSWIM6,4000,25,4.22739328673314
CLK3,21765,136,4.22642214193949
TUBB4B,4001,25,4.2263367025575
LEFTY2,5282,33,4.22579260771506
C15orf39,14406,90,4.22563260648044
RALGDS,30093,188,4.22556707755733
PAX7,5924,37,4.22453886857869
FAM20C,15054,94,4.22346187275584
SLC35A2,6086,38,4.22322562986156
IBA57,11372,71,4.22293244260363
ARHGDIA,5927,37,4.22240058334067
TFEB,23548,147,4.22236665975724
PEPD,36043,225,4.22234992432353
PAX5,17141,107,4.22221416888579
ZMIZ2,17946,112,4.22126867815991
PCBP4,14585,91,4.22014715494237
HMCN2,23569,147,4.21860452730126
MLXIPL,12347,77,4.21814896675729
ESAM,8018,50,4.21790300497195
IDH3G,10424,65,4.21766022467619
ZNF385A,14596,91,4.21696672066556
ZNF182,4011,25,4.21579983718089
RGS14,12685,79,4.21239662154567
TAPBP,9475,59,4.21177758593782
DBH,4015,25,4.2115997875299
TTYH3,14619,91,4.21033218789483
CPSF1,15592,97,4.20787222999604
MDFI,9645,60,4.20766983438446
ABCA3,12380,77,4.20690511248403
CA14,8843,55,4.20683715065607
CACNA1F,13349,83,4.20554220149944
WDR1,24450,152,4.20491634901227
RASA3,22041,137,4.20418587383469
TRIM8,16411,102,4.20395213207512
RNF207,11263,70,4.20374720868429
TAOK2,16413,102,4.20343986105434
EPHB6,15452,96,4.20222371759131
CTRL,8532,53,4.20162858315717
ARHGEF5,9338,58,4.2011361855733
MMD2,4025,25,4.2011361855733
NXNL2,5153,32,4.20032090589436
REXO1,13694,85,4.19837510585444
TBX21,4189,26,4.19812749410596
LMF2,6445,40,4.19787696432771
MIEF2,4513,28,4.1964817027619
ARMC12,8060,50,4.19592385779964
EXOC2,4031,25,4.19488294391777
FLOT2,14512,90,4.19476731869881
SYT3,9836,61,4.19472941017847
MMP11,16610,103,4.19430712615064
CFAP157,8879,55,4.18978048465498
NGF,4521,28,4.18905594438497
TCEAL8,4037,25,4.18864829005017
NAB2,7106,44,4.18812957199568
ARID3A,17282,107,4.18776606115446
PLXNA1,13892,86,4.18722513860121
RRBP1,21323,132,4.18714750343778
SMPD4,17449,108,4.18644942373481
CDT1,5979,37,4.18567791561468
GDNF,9219,57,4.18199661297388
PRKCZ,45127,279,4.18177224986742
LSM14B,4691,29,4.18143356436618
NNAT,4045,25,4.18036418960014
CBX2,4046,25,4.17933098045787
KLK3,6476,40,4.17778212401051
RILP,5020,31,4.1768666737443
HOXB7,10691,66,4.17559378055392
LILRA4,5994,37,4.17520324615619
C1orf159,20580,127,4.17398598573457
SFRP1,6483,40,4.17327117616722
FOXN1,8105,50,4.17262755013758
HGS,21889,135,4.17157910335949
NCS1,12000,74,4.17102804291003
MRM1,4379,27,4.17043594397971
CCDC12,9573,59,4.16866109127346
PRODH,15906,98,4.16732847579376
PKMYT1,10877,67,4.16637455491213
ADCY4,21603,133,4.16418687875208
INHA,7148,44,4.16352108822066
SRL,6337,39,4.16268488389061
PTPN6,12675,78,4.16235646693724
ZNF576,4225,26,4.16235646693724
CYB561D1,4063,25,4.16184423995386
BMP1,22923,141,4.16044987779521
MN1,13013,80,4.15819826866857
NT5DC2,13994,86,4.15670513258882
GBGT1,4231,26,4.15645381063811
GGT6,4883,30,4.15553712396458
CLIC6,4395,27,4.15525346955339
DBN1,15302,94,4.15501209204459
TMEM259,13187,81,4.15462326503841
NTHL1,11398,70,4.15395725666004
ANKRD13D,14329,88,4.15393240820731
GSK3A,22476,138,4.15291171787986
APLP1,15311,94,4.152569723236
ELP5,7167,44,4.15248342941277
CES2,11240,69,4.15217276561689
UBQLN4,8148,50,4.15060705619356
SLC25A10,11736,72,4.14958850231474
HDAC5,23149,142,4.14905073543466
MYO18A,48767,299,4.1470357995635
ZGPAT,9624,59,4.14657030618878
TMPRSS13,4078,25,4.1465358378942
KCTD9,5059,31,4.14466706902478
GADD45G,4080,25,4.14450322228739
LGI3,4407,27,4.14393896044637
PBXIP1,6366,39,4.14372197757065
ENO2,12244,75,4.14314925194362
ANHX,8000,49,4.14284542099847
CADM4,8000,49,4.14284542099847
SLC45A3,8000,49,4.14284542099847
RAB26,12898,79,4.14283231076964
RAB1A,4245,26,4.14274583576204
SORBS3,29719,182,4.14218824690161
WDR83,9471,58,4.14214018592372
DGKZ,32988,202,4.14178946972278
PET100,4737,29,4.14082855191931
TPRN,12088,74,4.14066317959301
WDR24,7515,46,4.14020154229619
DSCAML1,8170,50,4.13943039092596
ISG15,8007,49,4.13922360034817
ABHD17A,9479,58,4.13864434021347
CNTN2,22883,140,4.13816412283452
SLIT1,8336,51,4.13813930179251
OTOG,12918,79,4.13641826477062
RGL4,12756,78,4.13592569915566
HHIPL1,8014,49,4.13560810681155
BAD,9323,57,4.13534557277767
NFATC4,14401,88,4.13316418840376
TMEM102,8019,49,4.13302947599299
SLC22A11,12278,75,4.13167612321206
VASH1,12933,79,4.13162074880591
JMJD7-PLA2G4B,8022,49,4.13148384043727
PCP2,4748,29,4.13123522545109
ITIH4,23090,141,4.13035914026417
CACNG6,5241,32,4.129794624704
HS3ST6,6716,41,4.12919892212171
NSDHL,4096,25,4.12831375657533
EXTL1,11305,69,4.1282991495386
GPR78,6554,40,4.12806179967838
UBE2I,22612,138,4.12793400721155
PDLIM4,12293,75,4.12663462464798
COL5A1,21800,133,4.12655638264593
PMEPA1,10982,67,4.12653943123104
AXIN2,14919,91,4.1256683594634
ACR,8034,49,4.12531284142243
LIMS2,31483,192,4.12494113548398
SPAG8,6395,39,4.12493105695305
ZBTB48,11479,70,4.12464542306918
SLC25A45,9676,59,4.12428613339818
GPR35,20015,122,4.12284371506524
LAMTOR1,8039,49,4.12274702923097
RAVER1,10501,64,4.12232237464502
C10orf71,4104,25,4.12026636133834
SH3D21,15925,97,4.11988344176441
SLC6A12,16418,100,4.11976444071934
PATZ1,7061,43,4.11902928943832
RAPGEF3,24142,147,4.11847776091307
ARMCX2,5256,32,4.11800868114035
MEDAG,4435,27,4.11777654987309
RREB1,9035,55,4.11743895110699
TRAIP,16100,98,4.11711346186184
EEF2KMT,8053,49,4.11557970544987
LTBR,13148,80,4.11550304762581
DAB2IP,32872,200,4.11525265196704
MED29,4109,25,4.11525265196704
NEU1,4109,25,4.11525265196704
DMKN,19725,120,4.11487711560336
SKI,16931,103,4.11478597633702
MGAT3,12000,73,4.11466279908692
SLC7A5,12000,73,4.11466279908692
GNAZ,8055,49,4.11455783587682
JPH4,8220,50,4.11425137394953
KIF1C,12004,73,4.11329170185297
STK16,4441,27,4.11221323996558
MUC12,12338,75,4.11158367975342
MUC17,12009,73,4.11157911475086
MAN2C1,15793,96,4.11148995657703
FLI1,17110,104,4.11126968388307
IRF5,14149,86,4.11116910208834
SLC12A4,20073,122,4.11093094988446
INO80E,8559,52,4.10934830536508
ATG16L2,12346,75,4.1089194427991
MAL,4116,25,4.10825392296709
ARHGAP4,24383,148,4.10551093096997
ST14,8898,54,4.10481883539833
GALNT9,20607,125,4.10287114740927
SCNN1D,9728,59,4.10224019600749
EPN1,13521,82,4.10201907565556
YOD1,5772,35,4.10142106820956
MYD88,5114,31,4.10009204188431
AQP3,8087,49,4.09827666229601
HEMK1,8418,51,4.09782955805921
PRICKLE3,9739,59,4.09760680016026
SPSB3,9245,56,4.09707342878625
CANT1,14698,89,4.09566474371206
CPT1C,18666,113,4.09467859338557
IL11RA,11068,67,4.09447560840073
RADIL,17517,106,4.09297197824936
SIM2,11404,69,4.09246070550104
KRT14,7440,45,4.09102576135465
SLC9A5,13894,84,4.08925908836141
WDR81,14722,89,4.08898793663088
SRRT,14558,88,4.08859029243046
ESRP2,9596,58,4.08818358700328
NDST2,8274,50,4.08739984213985
MPZ,7778,47,4.08716861869802
DEFB124,5630,34,4.08472814917021
ADCY3,29806,180,4.08471202636766
CYP26B1,8778,53,4.08387959347198
PUF60,16233,98,4.08338118252791
GFI1,10440,63,4.081621104432
DPH2,5469,33,4.0813012532366
ZNF652,4480,27,4.0764149550641
ZNF276,16929,102,4.07531800103283
BMF,6806,41,4.07459593901989
GRWD1,4151,25,4.07361434520177
ACY1,9133,55,4.07325751924358
ASIC1,20097,121,4.07236572777795
ISOC2,6312,38,4.07201381231582
PEX16,10797,65,4.07195426340878
MCF2L,56975,343,4.07194986530785
ACAA1,13296,80,4.06969269480928
MYBBP1A,16624,100,4.06871346172583
SPI1,4156,25,4.06871346172583
SPON2,14963,90,4.06833277611155
PTPRF,38910,234,4.06768451953967
TBX4,17627,106,4.06743008696852
IL4I1,8149,49,4.06709576242334
NELFA,18464,111,4.06621018047988
LGALS3BP,9151,55,4.0652454292702
DNMT3A,22961,138,4.06519070471964
IFFO1,10818,65,4.06404974875436
CSPG5,6659,40,4.06296997073015
TRADD,8491,51,4.06259913081409
GAS2L1,7661,46,4.06129938524421
NCOR2,48631,292,4.06127396837762
ADGRL1,20985,126,4.06119841127186
SPRYD3,11660,70,4.0606179083543
CCDC159,10661,64,4.06045467180821
GGA3,12161,73,4.06018860200995
GGTLC2,6164,37,4.06005325396823
ARHGAP23,36654,220,4.05969999708099
TSPYL2,6332,38,4.05915211360352
ABHD15,4000,24,4.05829755526381
CDK5R1,4000,24,4.05829755526381
CILP,4000,24,4.05829755526381
DHH,4000,24,4.05829755526381
EFNB1,4000,24,4.05829755526381
G0S2,4000,24,4.05829755526381
GDF6,4000,24,4.05829755526381
HES1,4000,24,4.05829755526381
HIPK4,4000,24,4.05829755526381
KCNJ12,8000,48,4.05829755526381
LINGO4,4000,24,4.05829755526381
NEUROD2,4000,24,4.05829755526381
NRTN,4000,24,4.05829755526381
PGAM2,4000,24,4.05829755526381
PRR18,4000,24,4.05829755526381
RASD1,4000,24,4.05829755526381
REM2,4000,24,4.05829755526381
SPTB,24000,144,4.05829755526381
TRPC5,4000,24,4.05829755526381
TTLL8,8000,48,4.05829755526381
ULBP2,4000,24,4.05829755526381
ZBTB39,4000,24,4.05829755526381
SKOR1,14169,85,4.0576292398596
SEMA4G,14843,89,4.0556545444371
TTBK1,8508,51,4.05448157260724
SLC5A10,9843,59,4.05431196045523
DALRD3,10010,60,4.05424331195186
SPDEF,4004,24,4.05424331195186
C19orf81,8343,50,4.05359538461766
ICOSLG,8345,50,4.05262388182925
MTG1,8179,49,4.05217793959993
TSFM,8513,51,4.05210022550715
DOT1L,16194,97,4.05144768495111
RPP25L,4007,24,4.05120794136642
SNX33,5844,35,4.05089021315975
TCF7,18202,109,4.0504196747954
GATA6,5344,32,4.05019716094193
RBP4,4509,27,4.05019716094193
UPK3B,5010,30,4.05019716094193
YIF1A,7849,47,4.05019716094193
YTHDF1,4008,24,4.05019716094193
ZFYVE21,15031,90,4.04992770467415
SDC3,10689,64,4.04981824830642
OAZ1,7015,42,4.04961979855263
STAT6,25558,153,4.04908786521743
PDE2A,38756,232,4.04894310051435
CD72,9189,55,4.0484340976441
PRKCA,4344,26,4.04833242928404
GTPBP3,10026,60,4.04777334456794
DNAH1,21561,129,4.04681589157145
CLCN7,18564,111,4.04430644108923
GPR132,9706,58,4.04185140128616
BCL2L11,8368,50,4.04148497775635
PSME1,5357,32,4.04036842039829
CD300C,4018,24,4.04011702863495
PPOX,8205,49,4.03933740012039
PCDH1,12224,73,4.03926321899894
FAM131C,4019,24,4.03911177433572
NID1,4019,24,4.03911177433572
LRP3,14406,86,4.03782671285908
PNKP,14407,86,4.03754644446783
BICD2,4021,24,4.03710276574366
ADAMTS7,12232,73,4.0366214510336
MYL9,4022,24,4.03609901070494
LGALS1,5363,32,4.03584814992983
HTRA3,4023,24,4.03509575467443
CRLF1,13243,79,4.03490531936169
PLCG1,19614,117,4.03471001976366
NRL,14758,88,4.03318183203704
SLC25A6,8050,48,4.03309073815037
HOXB2,5200,31,4.03228282734545
RAB24,11910,71,4.03217361354227
KCNS3,5536,33,4.03190689197091
NPRL2,6040,36,4.03142141251372
OLFM1,18290,109,4.03093159762854
TMEM176A,7216,43,4.03055235763913
LLGL2,36425,217,4.02951530309882
CTBP1,32062,191,4.02935371600539
TUBB2B,8394,50,4.02896667784907
RAB3A,4030,24,4.02808690348765
SFTA2,8061,48,4.02758720284214
ATP6V1B1,25872,154,4.02608884450775
HDDC3,6720,40,4.02608884450775
ETV4,12938,77,4.02546647801455
TPRG1L,4035,24,4.02309546990217
S100A4,8743,52,4.02286539467228
CORO1A,9248,55,4.0226060686907
SMOC2,8072,48,4.02209866725849
RIPK4,4037,24,4.02110235844817
IRF4,4038,24,4.02010654310432
WDR86,9096,54,4.01546591879665
CLUH,18705,111,4.01382008940821
GRM6,13987,83,4.01371150695761
ZBTB1,5058,30,4.01176112619989
C1orf35,6409,38,4.01038401986854
FOSB,7084,42,4.01017544986543
CCDC42,4049,24,4.00918503854168
MFSD12,19908,118,4.00910112786426
DCAF15,11477,68,4.00749664194969
RFX1,8777,52,4.00728177573427
ZFHX2,11311,67,4.00651189406589
UROD,7597,45,4.00648040864533
NUTM2A,4052,24,4.00621673767405
PTGIR,4052,24,4.00621673767405
ACBD4,7601,45,4.00437201216664
PLA2G4D,12000,71,4.0019323114407
PRSS21,5747,34,4.00156942401745
NFKB2,10481,62,4.0011202561199
DBNDD1,9641,57,3.99894479566499
GORASP1,12011,71,3.99826723314366
SAT2,4737,28,3.99804136047381
DMPK,17604,104,3.99590003926604
CPA1,8296,49,3.99502933558194
RET,12022,71,3.99460886186063
SLC26A11,15917,94,3.99447100788254
SPATA2L,4065,24,3.99340472842688
TRIM67,4912,29,3.99330310473163
MYO15B,38283,226,3.99296139927044
ATP2B2,28125,166,3.9921623358447
E4F1,13730,81,3.99031442068911
USF2,11359,67,3.9895814802165
EFEMP2,10512,62,3.98932090985471
NAGS,5426,32,3.98898887358527
ZIC4,18825,111,3.98823398525262
PEMT,21714,128,3.98715181506377
C1orf174,4072,24,3.98653983817663
MAPKAPK3,13067,77,3.98572627937187
SCUBE1,12049,71,3.98565754313955
TUBGCP6,17651,104,3.98526000176984
CYP2D6,4074,24,3.98458277394581
ASB2,16806,99,3.98440495429328
KCNJ10,6112,36,3.98393084613594
PRKCD,24963,147,3.9830264833539
FAM229A,6454,38,3.98242193730051
SETD1A,9002,53,3.98225895039958
GRINA,6118,36,3.98002375475366
ATAD3A,12919,76,3.97903106793676
SGSM2,23462,138,3.97838393023049
USP2,17348,102,3.97688831216767
METTL1,6464,38,3.97626101227374
ADAMTS10,20587,121,3.97543760776964
ZNF768,4255,25,3.97404774310988
DISP2,8000,47,3.97374968952915
SLC29A4,12086,71,3.97345587765087
TNFAIP2,13620,80,3.97288062189311
WNT9B,8003,47,3.97226009199465
MUC3A,12091,71,3.97181273155971
MTA2,9204,54,3.96834832652915
MYO7A,32737,192,3.96693410417699
GPANK1,5286,31,3.96668004203488
CLEC10A,7503,44,3.96652655452503
MMP17,15007,88,3.96626224276688
PSMC5,8187,48,3.96560161745578
EXOC7,23026,135,3.96559085353234
ARAP1,36347,213,3.96372639315116
ADGRA2,8023,47,3.96235791053636
FKBP10,9903,58,3.96144700604701
PGF,9392,55,3.96093067751827
SAMD8,8198,48,3.9602806101623
PRDM14,4441,26,3.95990904589278
TSC2,41011,240,3.95825271782089
EEF1D,22904,134,3.95718267846483
HAMP,5812,34,3.95681684098903
CSK,16241,95,3.95642989707184
CHKB,10601,62,3.95582882788348
NKX2-5,4105,24,3.95449213667607
F10,8039,47,3.95447164028277
PDZD4,8895,52,3.95412165774252
SULT1A4,5816,34,3.95409550891133
POLRMT,16597,97,3.95307247153692
PSMA7,8044,47,3.95201361464858
TMEM25,5991,35,3.95149430908122
BRD1,12668,74,3.95108434756239
LZTS2,7190,42,3.95105464351136
PLCD3,14380,84,3.95105464351136
ANKRD2,4280,25,3.95083484741415
THRA,19863,116,3.95007901131587
SPHK1,12329,72,3.95000167598067
NCF4,10103,59,3.94997452506788
LPIN3,13016,76,3.94937787082629
AP1M1,20555,120,3.94872055973127
NEIL1,11648,68,3.94866405903645
PLEKHG2,16102,94,3.94857750791618
GDPGP1,4455,26,3.94746488727494
ATP1A2,19020,111,3.94734515101895
RBFOX3,63755,372,3.94658377266656
LAMB3,9091,53,3.94327302513442
POU2F2,26246,153,3.94294702656508
EEF1G,8578,50,3.94254445020577
SYNGR4,8065,47,3.9417231886216
ORMDL3,7553,44,3.94026860037088
SMTN,26265,153,3.94009471384836
CSNK1E,17343,101,3.93903451038503
PPFIA3,22323,130,3.93897685633872
SIGLEC7,8071,47,3.93879290251929
PDGFRB,18890,110,3.93870417398111
GRK6,14082,82,3.93860246569655
TRIM11,8931,52,3.93818297454033
GPR139,4123,24,3.93722780040147
POLR2E,9450,55,3.93662020351869
SLC50A1,6704,39,3.93480520722177
NTF4,10315,60,3.93436505599982
TEX264,15302,89,3.93400081055286
CALML4,20635,120,3.93341173274903
SLC44A4,13417,78,3.93216577613696
SLC6A3,12043,70,3.93147926691116
GRN,9981,58,3.93048889899645
CIART,4991,29,3.93009514134277
MLST8,7231,42,3.9286520380095
CD93,4132,24,3.9286520380095
ATG9B,10675,62,3.92840668893609
MAPK13,7060,41,3.92800282733277
FAM89B,5856,34,3.92708665980674
FOSL2,7063,41,3.92633441327614
ASS1,23603,137,3.92596114244759
PPFIA4,32220,187,3.9256240576988
CERS2,11372,66,3.92554283396957
CHRM1,8444,49,3.92500750449879
IKBKE,6378,37,3.9238269453528
CYB561,15170,88,3.923645186368
ITGA7,25858,150,3.92363828917918
CACFD1,6206,36,3.92358771053543
SCN4B,11901,69,3.92155464965413
TREML1,6727,39,3.92135188185146
NCLN,16042,93,3.92118265219979
DDT,10005,58,3.92106043986842
ABCB6,15700,91,3.92043606718691
VSIG10L,6384,37,3.92013913807334
GPRC5C,14321,83,3.92010214704393
MTMR11,9492,55,3.91920153005179
PTDSS2,20735,120,3.91444181843628
DNAH2,17977,104,3.91299017028644
JADE2,18325,106,3.91250150848535
RALB,8646,50,3.91153669834202
KCNC4,13834,80,3.91142359911697
FCHSD1,12797,74,3.91125549073379
KCNK12,4670,27,3.91056509607862
GBA2,14011,81,3.91028598929851
FKBP4,10208,59,3.90934488898519
ENGASE,12978,75,3.90882412088131
TESK1,6404,37,3.90789635500627
CHRNB1,8482,49,3.9074231747215
ADCY6,16452,95,3.90568793814391
CDK4,10218,59,3.90551894957534
CORO1B,7622,44,3.90459836507495
GPAA1,6413,37,3.90241201582102
RGMA,17682,102,3.90176781130442
NTF3,9017,52,3.90062239609845
ZMYM3,9019,52,3.89975741718813
SERPINH1,9366,54,3.89970937405235
GSDMD,12664,73,3.89892242490864
SH3TC1,28467,164,3.8966803612561
RAB34,6944,40,3.89621501081395
C16orf74,8161,47,3.89535565693337
STC2,8161,47,3.89535565693337
RINL,10424,60,3.89322482277802
CLCN6,8167,47,3.89249387978856
TMEM92,7473,43,3.89193975815924
MAPKBP1,18250,105,3.89151820367763
CYP27B1,7301,42,3.89098519200749
CARD11,16694,96,3.88958673081472
ALX3,8000,46,3.88920182379449
APOBR,4000,23,3.88920182379449
C1QTNF4,4000,23,3.88920182379449
CACNG1,4000,23,3.88920182379449
CACNG3,4000,23,3.88920182379449
DCUN1D3,8000,46,3.88920182379449
DRAXIN,4000,23,3.88920182379449
EXOSC6,4000,23,3.88920182379449
FGF16,4000,23,3.88920182379449
FOXC1,4000,23,3.88920182379449
FOXC2,4000,23,3.88920182379449
GALNT18,4000,23,3.88920182379449
GOLGA6L6,4000,23,3.88920182379449
IRS1,8000,46,3.88920182379449
KLHL29,16000,92,3.88920182379449
LRRC38,4000,23,3.88920182379449
MMP24,4000,23,3.88920182379449
MRGPRE,4000,23,3.88920182379449
MXRA5,4000,23,3.88920182379449
NPPB,4000,23,3.88920182379449
PNMA6A,4000,23,3.88920182379449
PROB1,4000,23,3.88920182379449
PRR34,4000,23,3.88920182379449
PURA,4000,23,3.88920182379449
RGPD4,4000,23,3.88920182379449
SFRP2,4000,23,3.88920182379449
SH3RF3,4000,23,3.88920182379449
TMEM132C,4000,23,3.88920182379449
UBE2R2,4000,23,3.88920182379449
ZNF512B,4000,23,3.88920182379449
TMEM121,4522,26,3.88897745971027
KNCN,5914,34,3.88857278996082
ZNF185,18265,105,3.88832232231682
USF1,9394,54,3.88808579916695
ZNF48,8003,46,3.88774391982455
P2RY2,4176,24,3.88725819469714
ATP6V0B,5568,32,3.88725819469714
HAX1,5570,32,3.88586241078522
MVD,13577,78,3.88582663463428
ETNK2,16191,93,3.88509740637324
C1orf54,8010,46,3.88434639080598
ANO9,14280,82,3.88399159117218
CST3,4528,26,3.88382422102691
LCK,9581,55,3.88279521169519
GNAI2,32230,185,3.88243379730999
RMI1,4007,23,3.88240761047615
SMDT1,4009,23,3.88047076457419
MTFR1L,14992,86,3.87999810735379
PLXNA2,17433,100,3.87989976411003
AMIGO1,4011,23,3.87853585020642
CAMK1D,4186,24,3.87797186360613
ITIH1,16744,96,3.87797186360613
GRIK3,12386,71,3.87721522180595
STARD3,15701,90,3.87710740264679
SIK1,10468,60,3.87686048458522
CETN2,5060,29,3.87650293486991
SLC6A7,4189,24,3.87519460994396
TMEM69,4015,23,3.87467180452751
SLC2A1,14489,83,3.87464855047388
FGF22,4016,23,3.87370699581124
GFAP,11875,68,3.8731822281816
HNRNPDL,5065,29,3.87267617975158
SIRPA,5240,30,3.8724213313586
DGCR2,14674,84,3.8718935378011
SBK1,8560,49,3.87181815046586
DCTN3,9783,56,3.87176161189092
HLA-C,6464,37,3.87162256458233
CELSR1,31623,181,3.87140086594541
ATP4A,8389,48,3.87011329623441
SMC1B,4020,23,3.86985256098954
SPSB1,13634,78,3.86958106340249
MASP2,8041,46,3.86937129590298
TRIM41,10489,60,3.8690986321516
SOX15,4022,23,3.86792821859223
PILRA,12942,74,3.86743443941588
PRR5,19939,114,3.86717756908633
SLC35C1,5077,29,3.86352272019731
DHRS3,19437,111,3.86265909206053
SUN2,21017,120,3.86191897536643
ANKRD23,10859,62,3.86184191954993
SETD1B,4729,27,3.8617760623149
FAM72D,7006,40,3.86173523195719
CCDC187,6831,39,3.86165043320374
LGI4,9459,54,3.86136779758688
CNFN,4029,23,3.86120806532091
DUSP23,4030,23,3.86024994917567
TMPRSS6,12442,71,3.85976432545318
CCL25,4732,27,3.85932776810802
KCNAB2,39789,227,3.85882842429183
COL13A1,59428,339,3.85834643387638
CDHR5,8941,51,3.85812875738087
U2AF2,12274,70,3.85748776368023
SSRP1,8419,48,3.85632265614806
TSC22D4,8069,46,3.85594430417101
LDB1,12983,74,3.85522117499194
NLRP10,5790,33,3.85503222002607
HSPG2,47029,268,3.85444351644978
ANO7,16847,96,3.85426253245213
NBL1,11056,63,3.85420806171039
SLC25A39,7723,44,3.85353473243575
ALDOA,9304,53,3.85299818051344
TECPR1,28794,164,3.85242758365901
KAT5,10710,61,3.85241442376428
RABEP2,9484,54,3.85118916041484
CELF5,18620,106,3.85051504527358
GLTP,4216,24,3.85037718715732
MORN1,14586,83,3.84888131412423
TMEM145,8963,51,3.84865884410827
GTPBP1,17927,102,3.8484441590609
RNASEH2A,8262,47,3.84773632488903
AP3D1,33225,189,3.84759587632235
BNIP3,4044,23,3.84688607694806
CD27,4397,25,3.84570687899307
PPM1N,10730,61,3.84523378178149
TNFRSF1A,10382,59,3.84382514224242
NRBP2,10910,62,3.84378931295992
GET4,21294,121,3.84344576083186
VPS9D1,11967,68,3.84340594632377
TNNI1,8449,48,3.8426299493562
NR2E1,10741,61,3.84129582706596
AMMECR1L,5107,29,3.84082726658347
MTCH1,19025,108,3.83965077501964
MLF1,4404,25,3.83959426587933
SH2B1,17625,100,3.83763362199888
WFIKKN2,4936,28,3.83685614355034
PPARD,4056,23,3.83550475719377
NLRC3,8115,46,3.8340868256754
GOLGA6A,9703,55,3.83397515441117
P2RY11,4411,25,3.83350105348732
IGFN1,12001,68,3.83251720353775
NAPA,19599,111,3.83073140325427
ADAM15,15540,88,3.83022506288305
NDUFV1,10066,57,3.83010399115897
USP20,16601,94,3.82988946644578
ZFP36,4592,26,3.82969426672688
ITGA3,23847,135,3.82906424260644
ZFP36L1,9010,51,3.82858259930548
DOK4,15017,85,3.82849761600657
EPHA2,12017,68,3.82741440955784
CARD19,10250,58,3.82733753179351
GALNS,20147,114,3.82725237256229
MZT2A,4772,27,3.82697799637199
CT62,5126,29,3.82659087991451
GPRIN2,5128,29,3.82509844977413
LINGO1,27236,154,3.8244591931673
MPP2,13088,74,3.82429221538206
RNF2,4599,26,3.82386520391604
PDPN,6015,34,3.82327838401135
UBE2S,4069,23,3.82325074838485
TPPP2,9024,51,3.82264286566294
SLC25A29,16811,95,3.82228171782426
COPE,15396,87,3.82211707919754
CRMP1,13273,75,3.82194827399967
TRIM52,4956,28,3.82137246258363
ZFP37,4071,23,3.82137246258363
HECTD3,9736,55,3.82097996335781
ID3,4426,25,3.82050907070324
TYROBP,4072,23,3.82043401158594
DPP7,10094,57,3.81947956954688
NRG2,12398,70,3.8189066632853
SULT1A3,5845,33,3.81875732317382
MCOLN1,14347,81,3.81870892842138
SZT2,29240,165,3.81679831633908
CACNA1B,8152,46,3.81668481235965
CRHR2,8153,46,3.81621667979344
KRT8,17371,98,3.81587281883459
TECR,19147,108,3.8151854595889
CHRNA10,5497,31,3.8144207207925
TRIM28,9581,54,3.81219893511891
IRF3,8872,50,3.81189656152672
NFKBIL1,4791,27,3.81180108509438
LYPD4,4970,28,3.81060803311156
OSR2,7989,45,3.80989256033028
PRAF2,8167,46,3.80967486106966
CACNA2D4,32324,182,3.80836816327401
PARD6B,4085,23,3.80827595965188
PARP10,18830,106,3.80757249830027
MYC,7639,43,3.80736559925697
FXYD1,6041,34,3.80682328750675
WRAP73,14927,84,3.80626822360108
ARRB2,10840,61,3.80621388178187
TSNAXIP1,8530,48,3.80614073178318
AARS2,8000,45,3.80465395805982
GLIS1,8000,45,3.80465395805982
KCNG2,8000,45,3.80465395805982
TP53TG5,8000,45,3.80465395805982
SDC1,6045,34,3.80430429773834
CSH2,4090,23,3.80362036556918
DBI,7293,41,3.80250925009864
FBXO2,9072,51,3.8024172420351
UBALD1,4625,26,3.80236888060754
VAT1,12810,72,3.80168389251879
GOLGA2,19571,110,3.80165151737281
KCNK9,21173,119,3.80151930191276
PHLDB1,45738,257,3.80056871639483
TBX5,8544,48,3.79990407796237
THOP1,16200,91,3.79943495400213
STRN4,25460,143,3.79900857817966
SLFNL1,5520,31,3.79852730112253
PPIE,12111,68,3.79770778297882
USP19,11227,63,3.7955040821475
R3HDM4,9268,52,3.79498404678676
WNK3,4637,26,3.79252880586799
TELO2,12843,72,3.79191549195404
PCK2,12487,70,3.79168774016266
C1QC,4639,26,3.79089374279152
ANO1,32295,181,3.79084408062523
NCAN,12133,68,3.79082164012664
PRR29,4104,23,3.79064505243127
SDF4,12493,70,3.78986671027064
PLA2G4F,10173,57,3.78981881205212
FSCN3,8032,45,3.78949597416317
CUL7,18564,104,3.78926008894847
EPHA1,12317,69,3.78910626658552
UBXN6,15174,85,3.78888550807768
CD300A,4463,25,3.78883556955692
FURIN,14996,84,3.78875471950476
PIK3R5,23751,133,3.78758490765362
KLK14,5358,30,3.78713844276205
PDLIM7,13575,76,3.78674787231491
CBS,20721,116,3.7865170311166
SGTA,13041,73,3.7862091548994
GPBAR1,5538,31,3.78618105854033
PSG7,9650,54,3.78494072511651
VIPR1,22160,124,3.78481420617263
ZSWIM8,19301,108,3.78474462435877
NIT1,8221,46,3.78465084422283
APOB,4111,23,3.78419053640913
DPYSL5,8761,49,3.78298862778082
USP5,14485,81,3.7823277180574
TCF20,25037,140,3.78214680763759
HAPLN4,9121,51,3.78198982784151
SLC2A8,10911,61,3.78144610746177
TAF4,23790,133,3.7813757520673
PSCA,8051,45,3.78055293311124
B3GNT8,5368,30,3.78008341585675
MYO7B,12172,68,3.77867556356035
SCN5A,16112,90,3.77820651247252
DYRK1B,8058,45,3.77726875955306
SLC48A1,18092,101,3.77596039761262
SLC1A7,8061,45,3.77586300266451
MAP2K3,11829,66,3.77388393844805
SYNC,4840,27,3.77321053691883
CRABP1,4123,23,3.77317664205141
SLC12A5,23849,133,3.77202101311087
SEZ6L2,12196,68,3.77123966543592
SYTL1,13452,75,3.77109124597069
ANKRD52,11300,63,3.7709844540062
TRPV5,4305,24,3.77077589339262
TNS4,10227,57,3.76980803510377
TTC7A,41992,234,3.76913708933341
TNS1,60659,338,3.76889544744437
FADS3,18130,101,3.76804608458949
EPAS1,26032,145,3.76749862677508
GREM1,4490,25,3.76605192582017
RABGGTA,7903,44,3.76576600513745
ARL16,4671,26,3.76492315838361
GPC2,9163,51,3.7646545039553
ARHGEF4,27860,155,3.76307801546956
SRGAP2C,6291,35,3.76305871971158
MIF,4315,24,3.76203713118314
ACAP1,16544,92,3.76131704428867
CYP4F11,8457,47,3.75901590590436
ONECUT2,10799,60,3.75803088736347
ZNF618,8100,45,3.75768292154057
FUBP3,14761,82,3.75742835322395
PRR14,9002,50,3.7568480664147
FHL3,8104,45,3.75582819156942
TLE3,22701,126,3.75420680412934
ZNF469,18203,101,3.75293498399206
KEL,13698,76,3.75274509904183
HS6ST1,8472,47,3.75236042448456
PRKCSH,14964,83,3.75165616464956
CUEDC1,25968,144,3.75073711207376
MYH7B,14438,80,3.747792912466
LAD1,13175,73,3.74770046216646
BCR,38625,214,3.74746786117133
AHRR,22383,124,3.74710641150808
AJAP1,8123,45,3.74704316933135
MAN2B1,21662,120,3.74692785085755
SCAMP3,5778,32,3.74597674421489
DYSF,32337,179,3.74408707462155
NISCH,29466,163,3.74161463781987
AFAP1L2,11392,63,3.74053057674421
PRRC2A,18806,104,3.74049900517066
KIRREL2,5245,29,3.73977213545124
DRD4,5788,32,3.73950477333685
RTN2,12486,69,3.7378201093652
SOCS5,4343,24,3.73778268962819
KLHL33,4524,25,3.73774826413186
RAD9A,7965,44,3.73645307452621
ARHGEF40,20095,111,3.73617839126054
TMEM178B,8329,46,3.73557625049296
CDH16,6521,36,3.73405694396302
ABR,70104,387,3.73388383422509
SCYL1,15400,85,3.733282383089
COL9A2,10871,60,3.73314097623384
TSPAN11,4530,25,3.73279760417937
CCDC74B,9061,50,3.73238564108433
DUS3L,9606,53,3.73186498766365
TMEM18,9244,51,3.731666942854
GGT1,35532,196,3.73103268805446
BCS1L,7433,41,3.73088927229509
SYCE1,6708,37,3.73079431387301
RHBDL3,9972,55,3.73055163690851
GSDMA,10519,58,3.72946189760277
SLC45A4,9795,54,3.72891046425465
GABBR1,25942,143,3.72842334440113
HDGF,16147,89,3.72812785056542
ARF1,10886,60,3.72799701934945
ALDH1A3,10161,56,3.72772796468152
PLA2G4E,17603,97,3.72715695109347
SARDH,17603,97,3.72715695109347
LHX6,14894,82,3.72387538082038
WNK4,12717,70,3.72311117491634
FOXO3,13082,72,3.72263955535589
POLG,20715,114,3.72231009172158
ZDHHC1,12359,68,3.72150165544595
PRIMA1,4726,26,3.7211079290753
B3GAT1,14361,79,3.72078902195577
APOL6,4000,22,3.72010609232516
ASCL2,4000,22,3.72010609232516
BMP8A,4000,22,3.72010609232516
CEMP1,4000,22,3.72010609232516
CHST13,4000,22,3.72010609232516
DLGAP3,12000,66,3.72010609232516
ERICH4,4000,22,3.72010609232516
FOXD1,4000,22,3.72010609232516
FOXI2,4000,22,3.72010609232516
FZD2,4000,22,3.72010609232516
FZD5,4000,22,3.72010609232516
GLP1R,4000,22,3.72010609232516
GOLGA6D,4000,22,3.72010609232516
GOLGA6L1,4000,22,3.72010609232516
HSPE1-MOB4,4000,22,3.72010609232516
IPMK,4000,22,3.72010609232516
KCNJ4,8000,44,3.72010609232516
MANSC4,4000,22,3.72010609232516
N4BP3,4000,22,3.72010609232516
NAT8L,4000,22,3.72010609232516
OTOP3,4000,22,3.72010609232516
PROZ,8000,44,3.72010609232516
PRR15L,4000,22,3.72010609232516
RWDD2A,4000,22,3.72010609232516
SOCS3,4000,22,3.72010609232516
SOX2,4000,22,3.72010609232516
SPEF1,4000,22,3.72010609232516
TBCC,4000,22,3.72010609232516
TET1,4000,22,3.72010609232516
TIGD5,4000,22,3.72010609232516
TMEM151A,4000,22,3.72010609232516
VGLL2,4000,22,3.72010609232516
XKR7,4000,22,3.72010609232516
ZNF296,4000,22,3.72010609232516
ZNF367,4000,22,3.72010609232516
TP53I11,18366,101,3.7196273284116
SHISA6,4728,26,3.71953385634726
NOXO1,8548,47,3.71899830559583
EEF2,10004,55,3.71861864486721
TTC36,4002,22,3.71824696884074
MAP3K14,16373,90,3.71797858235859
BRPF1,13281,73,3.71778884037671
KCNIP3,16020,88,3.71546176511876
TTC16,8010,44,3.71546176511876
PEX11B,4188,23,3.71461492243982
ALKBH4,4006,22,3.71453429088883
TMEM43,10928,60,3.71366906594419
AMOT,8196,45,3.71366906594419
PIAS4,12022,66,3.713298378631
ZNF219,14209,78,3.71298952906113
CUEDC2,8016,44,3.71268073086343
DLEC1,16035,88,3.71198612268179
IL9R,19868,109,3.71077808136833
DCST2,10755,59,3.71051535348776
GALE,7839,43,3.71022653561985
GGT5,8023,44,3.7094414481617
FAM72C,7112,39,3.70907397486147
HSD17B1,4012,22,3.70897915486058
AP4M1,9119,50,3.70864637502633
FKBP5,8027,44,3.70759296606469
MFGE8,15508,85,3.7072832537768
NFIX,17337,95,3.70631470025631
RUNDC1,4016,22,3.7052849525151
PC,19350,106,3.70525013658884
VPS18,4017,22,3.70436255148137
PTPRU,29581,162,3.70420317068804
PRKAR1B,21182,116,3.70410817683727
NOXA1,4200,23,3.70400173694713
PNPLA5,4018,22,3.70344060958204
GNGT2,5662,31,3.70326222221765
TNS3,38173,209,3.70324657502308
CMTM3,9498,52,3.70308613872602
DCXR,5297,29,3.70305925060256
IPO4,11144,61,3.70238320876843
RCC2,5116,28,3.70186120495787
ANGPTL8,6395,35,3.70186120495787
NFAM1,8041,44,3.70113776129851
PEA15,8041,44,3.70113776129851
FABP1,4021,22,3.70067753526502
JARID2,10786,59,3.69985097596522
DYRK2,7131,39,3.69919143306896
SCD5,4024,22,3.69791858084012
CDAN1,12074,66,3.69730603842156
DNLZ,4025,22,3.69699984330451
ALDH3B2,15736,86,3.69655132342704
ZNF584,8237,45,3.69518412826012
CCDC183,17400,95,3.69289528496228
TBC1D9B,28025,153,3.69265254805449
IMPDH2,8609,47,3.69264694113523
TUBB3,13373,73,3.69221218791917
IGFBP2,9716,53,3.68961456067281
ZNF319,4219,23,3.68732099909409
APOA1,4036,22,3.68692377832028
MED24,28069,153,3.68686407279302
EBF2,11925,65,3.68678324377565
MYL6B,9359,51,3.68581357193529
TEF,8993,49,3.68539568197351
AXL,9177,50,3.68520718032746
CD8B,4038,22,3.68509766451229
HCRTR1,5507,30,3.68467183154514
ACTL6B,8995,49,3.68457624991526
ATP1A3,16155,88,3.6844133381122
ARMC5,9914,54,3.68415150266031
EIF1AD,5694,31,3.68245007063512
FAM78B,4776,26,3.68215160653473
PAPLN,19472,106,3.68203523741752
RHOD,4042,22,3.68145085831288
KIF12,10841,59,3.68108040095571
AQP7,12497,68,3.68040641431196
ALOX12B,12682,69,3.68005219094258
ASB6,4045,22,3.67872048684812
SPIRE2,21699,118,3.67819647234995
RASAL3,11772,64,3.67724322597242
TRIM46,4967,27,3.67673424575944
SHROOM1,10854,59,3.67667151527186
PYGO2,6071,33,3.6765996629799
PRKCG,11039,60,3.67632716302547
PXDN,27238,148,3.67518441257951
ZNF358,8841,48,3.67225205769828
S1PR3,4605,25,3.67200285492564
MBD1,12711,69,3.67165619428321
ADCK5,4975,27,3.67082190928385
BCL6B,7741,42,3.66982080956552
GFRA3,4056,22,3.66874368079404
RAB6B,5163,28,3.66816229412443
HK3,17153,93,3.66720760838274
ELL,16049,87,3.66660318719704
MED22,4428,24,3.66603211857616
MRI1,4059,22,3.66603211857616
FAM131B,7013,38,3.66498662246364
FBXL19,10894,59,3.6631717116542
VIL1,12002,65,3.66313032678092
CRHR1,22353,121,3.66135793992545
CDIPT,7945,43,3.66072571588722
PADI2,12016,65,3.65886236534826
LY6G6C,4067,22,3.65882084320154
CITED1,8319,45,3.65876086843113
TM6SF2,8135,44,3.65837108034435
IGDCC3,15163,82,3.65781177352363
FIBCD1,10910,59,3.65779950749412
KDM4B,29783,161,3.65636944116595
C16orf95,12028,65,3.65521202045433
TTC21A,17580,95,3.65508407044048
IGFLR1,8883,48,3.65488916380845
GAA,12775,69,3.65326198712594
CACTIN,13887,75,3.65296460292343
SLC13A2,4445,24,3.65201129832514
APBB3,14632,79,3.65187610335613
TRAPPC3,12227,66,3.65104057478547
UNC45B,4447,24,3.65036883765578
EHMT2,14825,80,3.64995845330079
TCF3,16308,88,3.64984654630872
ZNF710,9454,51,3.64877609686296
LMNA,37265,201,3.64827500607373
ANP32A,21522,116,3.6455914599836
IGSF8,7611,41,3.64363420850997
RNASEK-C17orf49,7426,40,3.64332305885969
LHX9,9470,51,3.64261132204249
DPH1,15416,83,3.6416569050218
HNRNPA2B1,5387,29,3.64119265833335
GDPD3,9105,49,3.64006187457307
STX16-NPEPL1,12825,69,3.63901925033402
SIT1,4461,24,3.63891284937351
FTCD,17475,94,3.638340202144
RHBDD3,7808,42,3.63833028776213
LRRC23,13014,70,3.638143907439
STAC2,4277,23,3.63731758129014
TMEM205,4463,24,3.63728214677465
SNX22,5765,31,3.63709812700717
ITGAX,12088,65,3.63706900910197
B3GNT4,4092,22,3.63646734342635
TIMM44,10603,57,3.63612437753525
AIF1L,9673,52,3.63609140345495
RNF38,8929,48,3.6360600786326
PENK,5023,27,3.63574338018856
PSG9,4093,22,3.6355788832887
DLL1,8000,43,3.6355582265905
FAM120B,16000,86,3.6355582265905
TCERG1L,8000,43,3.6355582265905
TSKS,8000,43,3.6355582265905
CCDC33,24374,131,3.63527378722928
LPAR5,8001,43,3.63510383861067
NLRP6,4652,25,3.6349039438806
USH1C,24380,131,3.63437913412332
PAQR8,5025,27,3.6342963181467
ANXA8L1,8192,44,3.63291610578629
PAX6,25507,137,3.63290315776808
SULT1A2,8755,47,3.6310676774681
POU2AF1,16021,86,3.63079281102603
SAMD1,4285,23,3.63052679000652
TMEM143,8385,45,3.62996203511969
INPP5K,18450,99,3.6293717973904
MSMP,6337,34,3.62900733467386
SLC38A10,20132,108,3.62851957057166
CAPN5,16032,86,3.62830162334381
ATP13A1,18280,98,3.62612290678203
IRF1,18280,98,3.62612290678203
DMRTC2,8582,46,3.62545031348822
CCL19,5038,27,3.62491841974735
NR6A1,8024,43,3.62468417406829
PTRH1,8399,45,3.62391137807817
DYRK3,4293,23,3.62376130798461
TYRO3,15871,85,3.62249062438225
CHST8,8031,43,3.62152481792105
GCAT,4109,22,3.62142233373099
ZNF316,8032,43,3.62107393086703
MYL10,8593,46,3.62080933205585
PRDM11,12704,68,3.62043757553971
ADAMTS14,4297,23,3.62038801377192
MAGIX,5980,32,3.61944040603239
SLC25A25,17571,94,3.61846195620434
PROCA1,9724,52,3.61702099399627
DDR1,24318,130,3.61583108660454
FRS3,10290,55,3.61526345221104
DEF8,17774,95,3.61518948792302
C9orf152,4679,25,3.61392886234934
CHDH,5802,31,3.61390394729341
PITPNM2,25081,134,3.61370408147835
CYP26A1,10858,58,3.61302354953799
PRSS36,10673,57,3.61227647100217
E2F4,7496,40,3.60930056498027
AK1,8621,46,3.60904936670408
TUB,12000,64,3.60737560467894
HOMER3,11629,62,3.60613478410807
KHDRBS1,4314,23,3.60612130161751
PRKAG1,14634,78,3.60515704649648
ALOX15,7130,38,3.60484588826613
SMO,12197,65,3.60456589177869
MIF4GD,6570,35,3.6032575959978
IGFBP5,4882,26,3.60220321032566
CEACAM8,4131,22,3.60213613393867
EGR2,7138,38,3.60080571355246
SH2D6,17094,91,3.60072810663592
RPH3AL,46220,246,3.59996105075327
CTDNEP1,11653,62,3.59870774945445
OSR1,9774,52,3.59851771491914
GFY,5639,30,3.59841953827258
CAMK2G,27449,146,3.59765044912697
CARD10,24442,130,3.59748712724201
GTPBP2,11097,59,3.59616046019292
PVALB,8088,43,3.59600220236449
ART5,6019,32,3.59598830836911
HSF2BP,25581,136,3.59595316521297
OGDHL,15803,84,3.59527721152271
PPM1F,19755,105,3.59504971992492
MANF,6397,34,3.59496943564613
CD9,16181,86,3.5948910219052
MPO,10350,55,3.59430540321272
PAX9,12233,65,3.59395816087833
PPRC1,18634,99,3.5935338446846
B4GALNT3,19201,102,3.59309715324644
CRAT,10731,57,3.59275247181122
DUSP15,8666,46,3.59030863032032
VPS16,13001,69,3.58975631763202
ADCYAP1,7161,38,3.58924049481043
PIK3CD,26948,143,3.58923698977491
CACNB1,16209,86,3.58868107998322
PKP1,12251,65,3.58867767382456
MAOB,4147,22,3.58823833356659
HMGA2,7541,40,3.5877625029959
IZUMO1,9050,48,3.58744535271939
SSR4,8108,43,3.58713194532856
LAMTOR2,4714,25,3.58709655217067
RYR1,24139,128,3.58660319451074
KLF4,6035,32,3.58645461939912
WDR5,4717,25,3.58481516788903
TSPAN1,9627,51,3.58320652537056
NDUFS7,8498,45,3.58169353547642
RAB4B-EGLN2,5855,31,3.58119055545625
ABCG4,10578,56,3.58077555767904
HSD17B10,6048,32,3.57874563956244
STRA8,5859,31,3.57874563956244
MEA1,7184,38,3.57774932952916
B4GALNT1,8510,45,3.57664296879889
PROSER3,13050,69,3.57627753912137
ZNF446,6433,34,3.57485146585237
GOLGA8N,10792,57,3.57244503104209
HOXD3,14770,78,3.5719612876391
CYP1A1,4166,22,3.57187334836789
CBLN1,4356,23,3.57135153700137
CAPN10,12500,66,3.57130184863215
ABCC3,31063,164,3.57102661828792
PDCD6,10607,56,3.57098556133958
RNF31,17426,92,3.57094164930057
CYP4F12,8524,45,3.57076861385249
IGSF9B,20458,108,3.57069879727973
ZNF775,11366,60,3.57055917232431
TST,4736,25,3.57043351920028
C1R,12696,67,3.56944360694543
NOP16,4359,23,3.56889362128423
LIN52,4549,24,3.56851840427682
PIGV,6255,33,3.56844709095939
ADRM1,6066,32,3.56812621629965
AKAP8,12706,67,3.5666343486368
SLC35B2,4362,23,3.56643908646904
BCOR,27131,143,3.56502740040744
NMB,4364,23,3.56480460476122
FBLN1,27134,143,3.56463324244321
LILRA5,5503,29,3.56443846091982
LACRT,5694,30,3.56366135867915
DNAI1,21453,113,3.56273111565446
SYVN1,8546,45,3.56157637075574
MYT1,12160,64,3.55991013619633
IRF2BP2,6084,32,3.55756962986089
LRRC32,8747,46,3.55706123131998
CAPN12,13888,73,3.55529619736773
PXDC1,8184,43,3.55382035834848
PIGW,4568,24,3.55367561756901
STRA6,27798,146,3.55248245118664
PPIF,4189,22,3.55226172578196
ART1,4000,21,3.55101036085584
BSX,4000,21,3.55101036085584
CCDC134,4000,21,3.55101036085584
CCDC184,4000,21,3.55101036085584
CHST14,4000,21,3.55101036085584
CLDN4,4000,21,3.55101036085584
DYNLL2,4000,21,3.55101036085584
E2F1,4000,21,3.55101036085584
EIF5AL1,4000,21,3.55101036085584
EN2,4000,21,3.55101036085584
ENPP7,8000,42,3.55101036085584
GMEB2,12000,63,3.55101036085584
KLLN,4000,21,3.55101036085584
LIN28A,4000,21,3.55101036085584
LRFN1,4000,21,3.55101036085584
LRRC10B,4000,21,3.55101036085584
LRRC52,4000,21,3.55101036085584
MYOG,4000,21,3.55101036085584
NUDT18,4000,21,3.55101036085584
OXT,4000,21,3.55101036085584
PCDH12,4000,21,3.55101036085584
RAB3B,4000,21,3.55101036085584
RBPMS2,8000,42,3.55101036085584
RNF103-CHMP3,4000,21,3.55101036085584
SCD,4000,21,3.55101036085584
SLC30A1,4000,21,3.55101036085584
SORCS3,8000,42,3.55101036085584
TMEM190,4000,21,3.55101036085584
TMEM238,4000,21,3.55101036085584
USP51,4000,21,3.55101036085584
YRDC,4000,21,3.55101036085584
ZC3H3,8000,42,3.55101036085584
ZIC1,8000,42,3.55101036085584
F2RL3,4191,22,3.55056654003833
LRRC8A,10862,57,3.54942246133366
NGFR,6098,32,3.54940203805734
CMTM5,5146,27,3.54884162430765
GAL3ST1,18297,96,3.54882007346674
TMSB4Y,4003,21,3.54834909903156
ZNF277,8006,42,3.54834909903156
GAD2,5528,29,3.54831853300321
C17orf99,12963,68,3.54810143945511
ZNF668,9532,50,3.54795911601606
DCDC2B,4007,21,3.54480694869562
ACTB,11641,61,3.54431393166527
HOOK2,22139,116,3.54399111982325
HTR2C,4008,21,3.54392251582419
GRIK5,16035,84,3.54325948074171
KLK11,7828,41,3.54262901903032
RHBG,8210,43,3.54256587243898
LOXHD1,21776,114,3.54094661783672
DPEP1,23115,121,3.54065905391103
TFAP2A,13565,71,3.54022762530693
PHOSPHO1,8026,42,3.53950696322535
PLPPR3,4013,21,3.53950696322535
FAM86B1,10320,54,3.5392129842417
WDR83OS,4014,21,3.53862517275121
ETFB,9750,51,3.53800299689666
CXXC1,8412,44,3.53790403454604
APLNR,4015,21,3.53774382152512
NR4A3,8030,42,3.53774382152512
RAP2C,5356,28,3.53598243550494
PRAME,9182,48,3.53587240711288
TAF10,4591,24,3.53587240711288
DDAH2,5740,30,3.53510240005559
BBC3,9567,50,3.53497923004757
MYOZ3,11290,59,3.53468490936765
KCTD21,8038,42,3.53422280254375
LHPP,20095,105,3.53422280254375
S100A2,7657,40,3.53340956446285
TCF25,32927,172,3.53320567470149
DCTN2,14552,76,3.53251115768794
COX4I2,4021,21,3.5324649200257
ZNF646,4021,21,3.5324649200257
LRP5L,16854,88,3.53160659055432
SLC6A6,12072,63,3.52983137262012
CTF1,4024,21,3.52983137262011
MEIS3,14375,75,3.52895439588158
ZNF423,27221,142,3.52839261873469
PACSIN3,11122,58,3.52726215616647
SGCA,14959,78,3.52683121989635
ARL4C,4028,21,3.52632607830768
SERINC2,8248,43,3.5262446426678
GLIPR2,8249,43,3.52581716725955
RNF215,14583,76,3.52500187661489
ALG12,10170,53,3.52490610339204
PDXK,27636,144,3.52435740795815
LEAP2,4224,22,3.52282773894428
F11R,12097,63,3.52253652395387
SIGLEC15,12097,63,3.52253652395387
SLC45A1,12290,64,3.52225445534152
TSEN54,9026,47,3.52204714338945
NECAB2,19207,100,3.52154384275161
BCAM,13065,68,3.52040099193697
CDCA8,4035,21,3.5202085361644
SSTR2,4035,21,3.5202085361644
TBC1D10A,23252,121,3.51979761014767
SH3PXD2A,20190,105,3.51759322521628
EMP3,11923,62,3.51721390626459
HBEGF,11541,60,3.51641760268938
TAL1,10772,56,3.51628702646945
CDCA3,6925,36,3.51621448831522
AMZ1,12509,65,3.51466065888757
PPP1R35,4427,23,3.51407438336976
LY6G5B,8277,43,3.51388979252434
KCND3,12513,65,3.51353713594059
CABIN1,32921,171,3.51330397998295
RAB22A,4043,21,3.51324299862066
ACHE,6741,35,3.51185319770146
S100A13,11364,59,3.51166777778606
TIMP1,6934,36,3.51165061026577
NAT9,7898,41,3.51123068637242
ARHGEF35,4046,21,3.51063802358461
RAB8B,4046,21,3.51063802358461
ALOX5,15031,78,3.50993734405093
RASSF1,7516,39,3.50970384635641
MARCO,8096,42,3.50890351863225
SLC7A14,4048,21,3.50890351863225
FTSJ3,9640,50,3.50821019645904
ADGRG1,35093,182,3.50787030204511
CITED2,4435,23,3.50773557952152
EBNA1BP2,9449,49,3.50754189522572
BCL2L12,8871,46,3.50734016349407
PLXDC1,28156,146,3.50731308346662
SSBP3,37220,193,3.50730533837505
PDE1B,12536,65,3.50709079307791
SUV39H1,10222,53,3.50697466948709
PRPF40B,23342,121,3.50622628871363
NUTM2B,4052,21,3.50543964546479
SAP130,4827,25,3.50312267390357
ESRRA,9462,49,3.50272282477149
JAKMIP3,29548,153,3.50232122848339
MICAL3,39206,203,3.50216124963251
RGS8,9079,47,3.50148667432902
PLOD3,11981,62,3.50018707990925
KAZALD1,8310,43,3.49993571753598
GUCD1,13724,71,3.49921216389452
CDC42EP1,7926,41,3.49882664155556
KCNH4,4061,21,3.4976708799368
PAQR5,12183,63,3.4976708799368
UBE2F-SCLY,4061,21,3.4976708799368
PLA2G15,11411,59,3.49720380569282
PAX8,18569,96,3.49683671087409
HS1BP3,12186,63,3.49680980881914
AURKAIP1,4063,21,3.49594916156125
IGLL1,4063,21,3.49594916156125
WNK2,42372,219,3.495890228621
CAV3,4064,21,3.49508893785023
POLDIP2,4064,21,3.49508893785023
ZC3H4,13547,70,3.49500293876217
SCARF2,12001,62,3.49435392087265
CDC42EP4,5807,30,3.49431509838455
MSC,5420,28,3.49422913737352
NDOR1,4065,21,3.49422913737352
DTX1,14134,73,3.49341683805314
AVPR2,6583,34,3.49339502959567
PODN,12200,63,3.49279707625164
CCDC22,5423,28,3.49229613213433
SLCO2A1,12011,62,3.49144462612545
ITPRIP,12017,62,3.48970137342038
TBC1D17,12600,65,3.48927699857338
OSBP2,35287,182,3.48858481904579
NOP9,19004,98,3.487977622394
CDK2,8339,43,3.48776421785873
GSTZ1,11444,59,3.48711924386236
DENND2D,12414,64,3.48707163332909
PLEKHO1,11834,61,3.48650992720259
TRIM3,15908,82,3.48650992720259
SEC14L5,8925,46,3.48611928183259
ISM2,8150,42,3.48565434194438
TACC3,25230,130,3.48512803662502
FBLN2,22320,115,3.48494787078359
GABRA4,4076,21,3.48479917650229
SLC10A3,4076,21,3.48479917650229
FXYD2,7958,41,3.48475747184838
RASAL1,8735,45,3.484514214594
GFER,4465,23,3.48416736734109
POLR1C,8348,43,3.48400405039818
P2RX6,12037,62,3.48390308252826
A4GALT,9126,47,3.48345359590546
POLR2F,9126,47,3.48345359590546
FNDC5,9709,50,3.48327801976157
RND1,8739,45,3.48291928876057
BRD4,23694,122,3.4826840954263
MOV10,16316,84,3.48223619598513
ENG,13597,70,3.48215082822763
CNTNAP1,10685,55,3.48161543502589
TMEM8B,8549,44,3.4812081809102
SERPINA1,10104,52,3.48098892969316
RSPO1,4276,22,3.47998699001418
CAD,22158,114,3.47990132457859
EHD1,20997,108,3.47903776704999
DOCK6,36565,188,3.4776422826455
WAS,13229,68,3.47675855768815
PCK1,7004,36,3.47655415927797
TSC22D3,18289,94,3.47640631157889
MAOA,13430,69,3.47508725878882
SALL3,15573,80,3.47464419637733
MST1R,12460,64,3.47419801413702
SIGLEC9,10124,52,3.47411222299681
TXNDC17,4673,24,3.47382628312759
RECQL5,26100,134,3.47261732059611
ARMCX6,4091,21,3.47202186346207
UBE2L3,8183,42,3.47159756652165
SEZ6,17341,89,3.47143073658266
CALB2,12081,62,3.47121441969975
NEK8,10919,56,3.46894805835048
HDAC4,53427,274,3.46882515751176
GNB2,7803,40,3.4672968134169
OSBPL2,26923,138,3.46695553136975
IL17B,8000,41,3.46646249512117
PRR12,8000,41,3.46646249512117
TNNC2,8000,41,3.46646249512117
SMUG1,14249,73,3.46522237273093
SPRY2,5467,28,3.46418912101051
SHF,20115,103,3.46345718942889
VSX1,8010,41,3.46213482658794
PMEL,14856,76,3.46022498429422
PIP4K2B,8604,44,3.45895499053943
EPS15L1,20142,103,3.45881448542161
GRTP1,8018,41,3.458680464077
ZP1,9583,49,3.45849560346319
CYP4A11,8020,41,3.45781795024556
PTHLH,7239,37,3.45713057845837
THEM6,4500,23,3.45706828781732
GPR179,4109,21,3.45681222765231
ACTN4,16833,86,3.45564852524493
RAB8A,8026,41,3.45523298791046
THPO,12531,64,3.4545133872913
TCEA3,9203,47,3.45430810781628
GGPS1,5679,29,3.45397162360306
KANK2,15280,78,3.45274006665115
SPOCK2,9797,50,3.45199002693326
PALD1,17441,89,3.45152688510291
DUSP4,5879,30,3.45152028853871
ELK1,4116,21,3.45093329529236
ZNF414,6468,33,3.45093329529236
SMG5,18426,94,3.45055872313396
TMEM176B,8628,44,3.44933341893849
PTMA,8236,42,3.44925727135098
FTSJ1,9611,49,3.44841986973133
MRAS,9614,49,3.44734380777905
CAMSAP3,9811,50,3.44706414166396
CHCHD4,4121,21,3.44674628571302
IMP4,7068,36,3.44507432535128
EPS8L1,19049,97,3.44423034333027
C19orf25,4322,22,3.44294872033796
CPAMD8,27507,140,3.44252770650461
RNF40,11594,59,3.44200384912548
SLC16A5,9629,49,3.44197355571584
SMAD6,9044,46,3.44024929128216
ZNF580,5112,26,3.4401322521146
FAM86B2,6292,32,3.43996402226218
PLEKHG3,23203,118,3.43977870333671
UBE2J2,12393,63,3.43840267330509
RD3,4131,21,3.43840267330509
PNPLA6,27368,139,3.43529767235256
EIF4A1,8862,45,3.43457816119145
RAB11FIP4,21666,110,3.4340497482924
PRSS55,7880,40,3.43341586739747
HIF3A,20291,103,3.43341586739747
KLF6,9064,46,3.4326582734285
LSM7,8079,41,3.43256590679161
DOLPP1,7488,38,3.43249882256109
RSPH6A,8080,41,3.43214108427839
ETV3,4139,21,3.43175681165096
CTNS,7688,39,3.43118289662003
PNOC,8282,42,3.43009935846978
SRC,22678,115,3.42993370120336
POU2F3,15777,80,3.42971630032225
CLEC18B,8086,41,3.42959435579636
CSNK2B,5128,26,3.42939861014233
DAAM2,14201,72,3.42930572939693
OTP,5720,29,3.42921413469262
PLPP7,8089,41,3.42832240832852
NR2F2,10463,53,3.42619660436749
KHK,8489,43,3.42613568296902
WWC3,4541,23,3.42585494278308
SAC3D1,4344,22,3.42551205554803
ASGR1,6518,33,3.42446096255768
EMC10,4543,23,3.42434675218533
CCAR2,15605,79,3.42417501725773
ADD2,16791,85,3.42400980880059
SLC35E4,4742,24,3.42327925370208
HOXA9,13041,66,3.42314800305973
DOK1,9091,46,3.42246338030534
SLC16A6,4151,21,3.42183604996949
ANTXRL,12653,64,3.42120503091341
PTPRS,25504,129,3.42116520695467
SLC12A9,16807,85,3.42075020524607
SYNPO,16018,81,3.42034067898998
DNPEP,15431,78,3.41895329002849
ANKRD16,5936,30,3.41837732080847
ZBTB17,16623,84,3.41792490968498
KLK2,14843,75,3.41768641385149
NUMBL,11480,58,3.41726565338707
KLHDC9,5147,26,3.41673908544975
LBH,6732,34,3.4160753832187
C16orf92,4555,23,3.41532542155389
BCL2L2,9113,46,3.4142010962752
MON1B,7133,36,3.41368082596143
KLF10,5350,27,3.41352130816582
MED16,14070,71,3.41316188609015
CBL,8126,41,3.41271227676217
TMBIM1,17047,86,3.41226794306611
UNK,16056,81,3.41224570229581
ATXN2L,17447,88,3.41157204546355
RAD23A,10509,53,3.41119945489552
TMEM79,7341,37,3.4090952537066
DGAT2,19448,98,3.4083467058811
CYP2F1,8137,41,3.40809880311778
TUBGCP2,31756,160,3.40789986586372
FAM221B,4168,21,3.4078794250056
SYNDIG1L,12108,61,3.40761137087177
ADCY7,31790,160,3.40425505317296
STX10,8544,43,3.40408073650796
METTL24,4372,22,3.4035737349727
RNASEK,4770,24,3.40318453271598
TEKT2,7157,36,3.40223352404399
GSTP1,6362,32,3.40211468533066
DEAF1,26046,131,3.4019105924106
DKK1,4971,25,3.40164416554668
IMPDH1,17301,87,3.40126666385326
ASB1,10142,51,3.40125509956048
ANK1,32422,163,3.40048167657764
PCDH19,7758,39,3.40022352529193
ARHGAP39,16113,81,3.40017482753438
HEY2,5968,30,3.4000482198926
A1BG,15119,76,3.40003322750678
PTGS1,8555,43,3.39970377705716
ECI1,8755,44,3.3992974001829
ADCY5,40805,205,3.3980762113674
TMEM134,8164,41,3.39682753074098
ADCY1,12745,64,3.39650900401313
MBLAC1,4182,21,3.39647093338674
DNM1,39235,197,3.39613703065703
CGNL1,5179,26,3.39562774141916
FBXO44,8167,41,3.39557976747513
TKFC,16136,81,3.39532827194233
LYPD1,5379,27,3.39511786553024
RTKN,13152,66,3.39425738350836
KLHL35,10364,52,3.3936619206503
KCTD15,10766,54,3.39259502111966
EMC9,5583,28,3.39221241708122
PHLDA3,6580,33,3.39219400515972
DQX1,6979,35,3.39209090209279
CORO7,19153,96,3.39021358973639
NELFE,4592,23,3.38780646671994
SLC24A4,23160,116,3.38775558729564
GDPD5,36939,185,3.38749942573705
TPSB2,6591,33,3.38653262842527
ST6GALNAC2,16778,84,3.38634913420511
KRT7,17579,88,3.38595468895856
SELENBP1,8391,42,3.38554199581059
BCL11A,32967,165,3.38529992931583
WDR45,12988,65,3.38503928103054
TP53INP2,4396,22,3.38499189474537
SH3GLB2,14588,73,3.38469657177427
TSHZ3,8194,41,3.3843910130546
GLYCTK,7595,38,3.38414103796412
PITPNA,14991,75,3.38394499638434
ZBTB16,27985,140,3.38372734046176
ADAD2,9396,47,3.38335435464381
SFXN5,33191,166,3.38283166206599
NUDT16L1,4199,21,3.38272003891959
ADRA1D,8000,40,3.38191462938651
AMER1,4000,20,3.38191462938651
ANGPT4,4000,20,3.38191462938651
APOA4,4000,20,3.38191462938651
BEX1,4000,20,3.38191462938651
CACNA1I,8000,40,3.38191462938651
CACNG2,4000,20,3.38191462938651
CD248,4000,20,3.38191462938651
CHST2,4000,20,3.38191462938651
DRGX,4000,20,3.38191462938651
EAF1,4000,20,3.38191462938651
EIF4EBP3,4000,20,3.38191462938651
ELOVL4,4000,20,3.38191462938651
ENHO,4000,20,3.38191462938651
EXOC3L2,4000,20,3.38191462938651
HOXD9,4000,20,3.38191462938651
HTR6,4000,20,3.38191462938651
INA,4000,20,3.38191462938651
KCNJ14,8000,40,3.38191462938651
KCNK3,4000,20,3.38191462938651
LENG1,4000,20,3.38191462938651
LIX1L,4000,20,3.38191462938651
MAGEB2,4000,20,3.38191462938651
MAS1,4000,20,3.38191462938651
MC1R,4000,20,3.38191462938651
MOCOS,8000,40,3.38191462938651
MT1A,4000,20,3.38191462938651
MYH7,4000,20,3.38191462938651
NAP1L5,4000,20,3.38191462938651
NUTM2E,8000,40,3.38191462938651
OLIG1,4000,20,3.38191462938651
PITX3,4000,20,3.38191462938651
PLD6,4000,20,3.38191462938651
PPP1R14C,4000,20,3.38191462938651
PRRX2,4000,20,3.38191462938651
PYGB,12000,60,3.38191462938651
RASSF10,4000,20,3.38191462938651
SAPCD2,4000,20,3.38191462938651
SLC16A13,4000,20,3.38191462938651
SLC6A17,8000,40,3.38191462938651
SNN,4000,20,3.38191462938651
SNTA1,4000,20,3.38191462938651
SOX12,4000,20,3.38191462938651
SOX7,8000,40,3.38191462938651
SYT11,4000,20,3.38191462938651
TMEM170B,4000,20,3.38191462938651
TMEM47,4000,20,3.38191462938651
TREML2,4000,20,3.38191462938651
TRIM71,4000,20,3.38191462938651
ULBP1,4000,20,3.38191462938651
WASL,4000,20,3.38191462938651
XKR4,4000,20,3.38191462938651
XRN2,4000,20,3.38191462938651
ZNF697,4000,20,3.38191462938651
LENG8,10802,54,3.38128846485598
INMT,8002,40,3.381069362046
SLC43A1,14807,74,3.38031583135817
PHB2,7205,36,3.3795677073675
FAM83F,8408,42,3.37869682288852
NDUFS8,9412,47,3.37760279602988
CDHR1,19025,95,3.37747058913764
BMP4,10614,53,3.37745384129423
BNC1,5207,26,3.37736817223158
CLN3,17023,85,3.37734527989019
DIS3L2,23234,116,3.37696562803508
CREB3L1,16425,82,3.37676711853508
KIF25,21845,109,3.37494799361986
LAPTM5,8017,40,3.37474329987428
C1QTNF9,6414,32,3.37453283880163
PREB,6414,32,3.37453283880163
ANKRD11,50313,251,3.37431905064701
SUMO3,4811,24,3.37418212867496
SLC25A42,16038,80,3.3739016130555
UNC13A,16039,80,3.3736912569477
KL,4010,20,3.37348092706884
PCDH10,8021,40,3.37306034597832
HLA-DPB1,8623,43,3.37289409865754
CCNO,4011,20,3.37263986974471
RER1,10230,51,3.37199699117717
TP53INP1,4012,20,3.37179923169144
POLR3GL,8026,40,3.37095901259557
NEURL1,14853,74,3.36984693428401
CCNG2,5219,26,3.36960261981411
MRTO4,8030,40,3.36927983002392
MAEA,19875,99,3.36915268738882
OPN1LW,8031,40,3.36886029574052
BRF1,33537,167,3.36809937148551
RASSF4,23099,115,3.3674200820767
YPEL4,6428,32,3.36718320287394
FAM219A,4018,20,3.36676419052913
CHRDL2,16273,81,3.36674350126353
MZF1,6030,30,3.36508918346916
ZNF141,4020,20,3.36508918346916
AKR7A2,7639,38,3.36464866911081
PLIN4,4021,20,3.36425230478638
PRTFDC1,4022,20,3.36341584225411
LCTL,6436,32,3.36299776694743
ZNF787,8045,40,3.36299776694743
KLK5,4425,22,3.36280776707359
BIN3,12069,60,3.36257979556203
LYSMD3,4023,20,3.36257979556203
MYEOV,4023,20,3.36257979556203
RASL12,8048,40,3.36174416440011
RAB17,16097,80,3.36153532149992
NAV1,27773,138,3.36084844169041
TMEM9B,4831,24,3.36021325213315
PMF1-BGLAP,4027,20,3.35923976099976
SURF6,7249,36,3.35905439806634
ZBTB45,8256,41,3.35897528597013
CHID1,25986,129,3.35770789802863
RBM19,16116,80,3.35757223071383
IL2RB,18334,91,3.35719680674345
RANGRF,4231,21,3.35713577013078
ACAN,9067,45,3.35692419372213
FOXRED1,11888,59,3.35688026806535
CSAD,12291,61,3.35687563896472
PLIN1,8060,40,3.35673908623971
NAIF1,8464,42,3.35634249608302
ANKS1A,8264,41,3.35572361579978
GOLGA6B,7861,39,3.35567155695392
HOXA3,17342,86,3.35422279007312
AK3,4841,24,3.35327209689222
ABCC10,22191,110,3.3528061757696
GNAS,35103,174,3.35272281863802
SF3A2,11097,55,3.35235297136628
MAU2,29666,147,3.35159071340806
CUL9,26848,133,3.35067525110553
ARF3,5047,25,3.35042067504112
CCDC157,8479,42,3.35040486930613
GOLGA6L10,4038,20,3.35008878592027
CHTF8,4442,22,3.34993794896458
OSGIN1,15749,78,3.34991861187565
ARID3B,15144,75,3.34975696254607
LILRA6,4039,20,3.34925935071702
POLD1,18988,94,3.34843032612526
ABHD14A,7677,38,3.34799416221668
MAN1B1,18791,93,3.34753935961839
ARRB1,28490,141,3.34749008594944
KLHL38,4851,24,3.34635955907138
EXOC3L1,8086,40,3.34594571297206
DGKA,22242,110,3.34511832778092
ARAP3,13952,69,3.34507037597003
ANKLE1,4449,22,3.34466719921345
DHX38,19017,94,3.34332413274788
CPNE5,8095,40,3.34222569920841
CCDC106,8905,44,3.34203803914669
TGFA,8703,43,3.34188967169068
SRRM2,21051,104,3.34159062710747
TFDP1,8705,43,3.34112186246111
DNAJB2,9921,49,3.34066761092509
GATA1,4050,20,3.34016259692495
C6orf62,5671,28,3.33957360687083
ARF5,4659,23,3.33908720652027
SEMA5B,17826,88,3.33903834159108
SEMA4D,48819,241,3.33903367820787
XRCC3,14788,73,3.33892031302698
SLC30A3,14792,73,3.33801741407809
LILRB4,12158,60,3.33796476004591
PTPN5,13582,67,3.33659667455303
KIF7,16016,79,3.33630439212705
MFAP4,4258,21,3.33584815486692
UNKL,26972,133,3.3352709899778
CDC37,14609,72,3.33353211466669
SIAH2,4262,21,3.33271737292899
B9D1,12792,63,3.33115418466776
FCGR3A,9546,47,3.33019039558278
NUBP2,5078,25,3.32996714197175
FMOD,4672,23,3.32979608201583
ALDH3A1,11587,57,3.32733466600554
CRYGN,8540,42,3.32647340595394
EEPD1,12000,59,3.3255493855634
GRID2IP,12000,59,3.3255493855634
SIGLEC1,12000,59,3.3255493855634
IQSEC1,32950,162,3.32546385408567
WFS1,16476,81,3.32526201724092
SCAF8,4475,22,3.32523449593311
CCND3,13223,65,3.32488014686717
DUOXA1,8140,40,3.32374902151008
TBXA2R,8751,43,3.3235591146982
LIPE,16286,80,3.32252450387966
DLL3,4073,20,3.32130088817728
PNMA3,4073,20,3.32130088817728
ARSA,6517,32,3.32119896088287
COX6A2,4075,20,3.31967080185179
IL13,5910,29,3.31896867181756
DAGLA,4076,20,3.31885635857361
IPO13,17733,87,3.3184071816007
LGI2,4281,21,3.31792605545979
RAB35,8766,43,3.31787198411179
RHOA,4893,24,3.3176354426845
TMEM214,11010,54,3.31740944571974
GHRL,7140,35,3.31560257782991
LMCD1,4081,20,3.31479012926882
CC2D1B,14284,70,3.3146740976905
AP3B2,23060,113,3.31445232541783
CYC1,5306,26,3.3143528218639
GLIS2,5306,26,3.3143528218639
TRIP13,11227,55,3.31353530981131
SHKBP1,17356,85,3.31254601864316
LONRF3,5718,28,3.31212345655202
DCTN1,28387,139,3.31198177676207
FOXP3,12867,63,3.31173733817285
ITPR3,8987,44,3.31154431274077
CAPN1,21451,105,3.31081102126319
XYLB,12055,59,3.31037682511496
ACADS,4087,20,3.30992378701885
PAOX,8788,43,3.30956597777924
DDOST,8175,40,3.30951890337518
TFF3,5723,28,3.30922976141263
ATP6V1E2,8994,44,3.30896694892165
NFE2L1,10427,51,3.30828898242471
SEC14L2,10836,53,3.30825905052575
MGRN1,26377,129,3.30793484619828
LRP5,25766,126,3.30762433674377
STAT5A,11657,57,3.30735410268562
CFAP65,14521,71,3.30715431012247
TNIP2,9613,47,3.30697987269668
HCK,4091,20,3.3066874890115
PIM1,6342,31,3.30619216370173
PSORS1C1,8797,43,3.30618004009594
SPTBN2,27015,132,3.30492490156594
LRRC71,12280,60,3.30480256943307
SMPX,4094,20,3.30426441561945
LRRK1,24361,119,3.30403383191983
LETM1,20070,98,3.30271682790113
ZNF536,11674,57,3.3025378426423
PPP1R3B,4916,24,3.30211355188268
ARHGAP22,40158,196,3.30123645281018
PITX2,22129,108,3.30106900423646
UCP2,9837,48,3.30043513694322
TMEM235,4714,23,3.30012882799702
ITGA11,19882,97,3.29992675837935
KCNA2,10454,51,3.29974452073296
MYH3,12095,59,3.29942890671855
TBCB,10046,49,3.29910047461555
TADA2B,9636,47,3.29908650023176
GRM4,35060,171,3.29895836637247
PYCR1,9637,47,3.29874416480577
PER2,18047,88,3.29814913709772
ACSL6,32608,159,3.29811350633253
MMP21,9230,45,3.29764156711577
IGF2BP1,13333,65,3.29744919988184
ABHD8,8000,39,3.29736676365185
CCDC102A,8000,39,3.29736676365185
GOLGA8Q,8000,39,3.29736676365185
GRK5,8000,39,3.29736676365185
MYBPC2,8000,39,3.29736676365185
NTSR1,8000,39,3.29736676365185
PI4K2A,8000,39,3.29736676365185
SERTAD2,8000,39,3.29736676365185
TUBA4B,8000,39,3.29736676365185
VAMP5,8000,39,3.29736676365185
ZBTB4,8000,39,3.29736676365185
NRGN,4103,20,3.29701645565343
FBXO41,10873,53,3.29700129416877
EVC,12108,59,3.29588640789237
STMN3,9030,44,3.29577505410867
ARHGAP1,12520,61,3.29547591681433
ZNF692,8621,42,3.29521898699068
XKRX,4516,22,3.29504525449527
PTPRN,20127,98,3.29336347870898
SPAG7,8626,42,3.29330893656929
GLB1L,9244,45,3.29264730251824
PDE4C,22187,108,3.29243953642893
TNFRSF1B,8012,39,3.29242812146964
MYH9,43968,214,3.29207483027981
GPRASP1,5754,28,3.29140109915962
ST3GAL1,17674,86,3.29121487073939
VIPR2,8015,39,3.29119577158013
ZBTB37,4316,21,3.29101979690068
DVL2,10690,52,3.29016951783159
SMARCD2,12339,60,3.2890003689633
ALDH16A1,11928,58,3.28891764762605
PALM3,9050,44,3.28849157332611
P2RX3,8022,39,3.28832387300109
PTPRE,24274,118,3.28801125704547
CAPG,20578,100,3.28692256719459
CTDSP2,14202,69,3.28618658537768
CFB,13791,67,3.28603118220428
FOXO1,12764,62,3.28547018210535
NPTX2,6382,31,3.28547018210535
TMEM150A,7206,35,3.2852348606308
PKD2L1,4324,21,3.28493095361317
TMEM74B,4942,24,3.28474104027828
TMEM130,7825,38,3.28467107774281
CCDC24,8034,39,3.2834122615403
PALM,22869,111,3.28298153711927
PDE9A,20192,98,3.28276182329515
CYS1,4533,22,3.28268792616383
SPTBN4,21639,105,3.28204663880571
SLC27A6,8040,39,3.28096195388244
HPS1,22679,110,3.28066148624292
MUC16,20000,97,3.28045719050491
TTLL12,13404,65,3.27998285452288
GGTLC1,5984,29,3.27792527580912
MED12,23938,116,3.27765140787731
NUTF2,4334,21,3.2773515097885
SCARA5,8049,39,3.27729334193251
AIP,8462,41,3.27720396608005
FOS,5367,26,3.27668270408233
CLIP3,8672,42,3.27583981628767
DNASE1,14663,71,3.27512703657426
FOXA3,4337,21,3.27508449237338
CCNF,8055,39,3.27485215508563
GABARAP,6816,33,3.27474127845525
AMOTL2,11567,56,3.27461259178083
BOLA3,6404,31,3.27418343257282
FSD1,14875,72,3.27392071685148
NINJ2,12193,59,3.27291008174861
SEMA6B,13227,64,3.27273813080421
CTSH,25423,123,3.27243440518067
DNAH17,34520,167,3.27218854639367
TMSB4X,4548,22,3.27186111901949
PTAFR,8063,39,3.27160289088612
CTBP2,21510,104,3.27028471832819
GNA13,4966,24,3.26886633529103
TMEM127,8070,39,3.26876506929551
SLC22A17,8691,42,3.26867827486442
TBCD,88363,427,3.26851181319792
HS3ST1,4967,24,3.26820821845284
OLFM2,12213,59,3.26755036655701
CAPN11,8074,39,3.26714566623914
ACOT11,12008,58,3.26700613764853
CRYAB,12630,61,3.26677422632743
ZNF385C,16564,80,3.26676129378074
PWP2,17814,86,3.26534925482474
C2CD2L,12846,62,3.26449800750371
MPPED1,9118,44,3.26396674035987
CHI3L1,10571,51,3.26322289468758
IRX6,5597,27,3.26287993544527
RRAGD,4768,23,3.26275320788128
NPPA,4562,22,3.26182033522592
ELF4,4355,21,3.26154797782396
HDAC3,13895,67,3.261436202503
BCL6,15350,74,3.26073853517396
CLPTM1,20954,101,3.26022122332765
PRKACA,21992,106,3.26012141428674
FAM3A,12242,59,3.25980988619187
SLC22A13,8094,39,3.25907265989805
P3H4,9755,47,3.25884136506747
MAD1L1,67668,326,3.25856880410239
KIRREL3,11004,53,3.257751278762
TPCN2,8098,39,3.25746284381511
TOR2A,6439,31,3.25638619384941
RGS12,50691,244,3.25575415584742
SYN1,12470,60,3.25444872114179
GHRHR,18498,89,3.25430210850253
THTPA,10600,51,3.25429520940966
PRMT8,12056,58,3.2539988139419
BRAT1,12475,60,3.2531443328768
PFKFB2,13307,64,3.25306284332662
CLEC11A,4159,20,3.25262287029239
KCNJ5,8113,39,3.25144017123318
C6orf136,9572,46,3.25048209259882
RASA4B,9579,46,3.2481067533517
CLP1,8747,42,3.24775155903129
SGF29,8540,41,3.24727165819314
CALCOCO1,15627,75,3.2462225277275
TAP1,9586,46,3.24573488320007
AGO2,22095,106,3.24492374487413
RBM24,9797,47,3.24487062531726
ALG1L2,8130,39,3.24464134184684
CNTD1,8549,41,3.24385307766632
ADGRE5,10426,50,3.24373166064311
UPF1,24192,116,3.24323823585347
MYO19,30034,144,3.24296268649968
GRM1,5840,28,3.24293183639802
MICB,11264,54,3.24260280516462
SFTA3,14604,70,3.24204360527329
BANF1,5008,24,3.24145172145672
RUSC2,8348,40,3.2409340003704
NFASC,48840,234,3.24065529597233
RAB5C,13986,67,3.24021564663086
TLN1,15865,76,3.24015772875354
RAB11FIP5,17329,83,3.23964353671972
PSMB9,10649,51,3.23932098974011
MPRIP,41139,197,3.23895662018592
CFAP77,4181,20,3.23550789704521
LMAN1L,15472,74,3.23502692056104
PHF19,21120,101,3.2345963784852
CEP72,14429,69,3.23448762114726
NAALADL1,10251,49,3.23312490176449
WBP1,4812,23,3.2329192217743
KIAA1671,16746,80,3.23125725965509
LRRC27,20937,100,3.23056276389789
LYRM1,5236,25,3.22948303035381
JAK3,19481,93,3.22897244015138
FGFR1,34364,164,3.22799440821434
ABCB8,12993,62,3.22756418105078
P2RY6,21587,103,3.22728685622653
RASSF5,17815,85,3.22719891661918
FAM167A,15720,75,3.22701777613217
TMEM150C,4402,21,3.22672454416705
HINT2,5660,27,3.22656166054543
CXCL16,7548,36,3.22599169734802
PAF1,8388,40,3.22547890260993
SH2D5,5662,27,3.22542193547989
HAUS5,8179,39,3.22520284988566
ZSCAN18,15310,73,3.22507861456845
NDUFS2,18249,87,3.22457748651023
SCAF1,6714,32,3.22374942330558
C17orf58,6924,33,3.22366212506513
FXYD3,11540,55,3.22366212506513
SLC43A2,17419,83,3.22290503747724
HAP1,8817,42,3.22196698274319
C1orf167,23933,114,3.2218131262279
SBK2,4830,23,3.2208710756062
MXRA7,10921,52,3.22057615105024
CSF1R,20163,96,3.22039185062843
KLF15,15123,72,3.22023214065766
MALL,4201,20,3.22010438408618
APOC1,4622,22,3.21947736246228
TEAD4,8614,41,3.21937543080675
MKX,6515,31,3.21839918682983
CLPTM1L,25862,123,3.21688577383451
SYT13,4417,21,3.21576668404422
PHKA2,23348,111,3.21562895204645
CNTROB,17882,85,3.2151072978174
SPHK2,9678,46,3.21488061483322
KBTBD4,4208,20,3.21474774656512
JPH3,9052,43,3.21304306371233
ABCG1,24209,115,3.21302145796562
TTYH1,22525,107,3.2130065735348
AKAP5,4000,19,3.21281889791718
AWAT1,4000,19,3.21281889791718
BARX2,4000,19,3.21281889791718
BMP6,4000,19,3.21281889791718
CCDC87,4000,19,3.21281889791718
CEBPA,4000,19,3.21281889791718
EDN1,4000,19,3.21281889791718
FAM43B,4000,19,3.21281889791718
FZD4,4000,19,3.21281889791718
GDF10,4000,19,3.21281889791718
GNAI3,4000,19,3.21281889791718
GOLGA7B,4000,19,3.21281889791718
GPC4,4000,19,3.21281889791718
HAS2,4000,19,3.21281889791718
HEYL,4000,19,3.21281889791718
IRS2,4000,19,3.21281889791718
JUND,4000,19,3.21281889791718
KCNB2,4000,19,3.21281889791718
MBLAC2,4000,19,3.21281889791718
MYBPC3,4000,19,3.21281889791718
MYOD1,4000,19,3.21281889791718
MYPOP,4000,19,3.21281889791718
NXPH2,4000,19,3.21281889791718
PRLH,4000,19,3.21281889791718
PRSS50,8000,38,3.21281889791718
PSORS1C2,4000,19,3.21281889791718
RTN4RL1,4000,19,3.21281889791718
S100P,4000,19,3.21281889791718
SERPINB9,4000,19,3.21281889791718
SESN2,4000,19,3.21281889791718
SFRP5,4000,19,3.21281889791718
SGPP2,4000,19,3.21281889791718
SRF,4000,19,3.21281889791718
SYNPO2L,12000,57,3.21281889791718
TEX29,8000,38,3.21281889791718
TIGD4,4000,19,3.21281889791718
TMEM60,4000,19,3.21281889791718
USP27X,4000,19,3.21281889791718
VSTM2B,4000,19,3.21281889791718
POLE,40844,194,3.21266985653209
XIRP1,4001,19,3.2120158939437
ZNF891,4001,19,3.2120158939437
APBB1,15795,75,3.21169480473553
HS3ST3B1,4002,19,3.21121329127155
SH3BP5L,10953,52,3.21116699950878
MFNG,15166,72,3.21110185039996
CLASRP,15593,74,3.20992346020139
TRIM7,10536,50,3.20986582136153
IER2,4004,19,3.20960928862856
ZMAT5,4004,19,3.20960928862856
COL27A1,25712,122,3.20934649023922
PRAP1,4005,19,3.20880788805711
SENP3,12437,59,3.20869925438296
THBS2,23824,113,3.20816280322931
LONP1,13915,66,3.20814035989234
PRDM8,9489,45,3.20763322420472
TUBB4A,5061,24,3.20750646533398
SULT1A1,13497,64,3.20726881945227
BOLA2,4008,19,3.20640608574569
PRR3,6751,32,3.2060811180675
ZIK1,8650,41,3.20597687410051
MBOAT7,12448,59,3.20586380356369
HCST,4009,19,3.20560628377868
LGR6,27641,131,3.20560628377868
ANPEP,18361,87,3.20490793264666
COL4A6,9075,43,3.20489981407427
RSPH9,4010,19,3.2048068807154
SEMA4A,21742,103,3.20427933793405
SIGLEC10,4222,20,3.20408775877452
LRRC25,4011,19,3.20400787625748
DAXX,10556,50,3.20378422639874
QSOX2,13091,62,3.20340244476302
LRRC15,4012,19,3.20320927010686
KCNG1,8026,38,3.2024110619658
USHBP1,12039,57,3.2024110619658
HLA-F,6759,32,3.20228637787745
FAM78A,12885,61,3.20212328121967
TBX3,8242,39,3.2005501224478
NHSL2,20501,97,3.20028992781319
GGT7,8243,39,3.20016184753303
KCNN4,15852,75,3.20014631849594
PPIL6,8667,41,3.19968846901689
ARHGAP33,14375,68,3.19958531893263
LHX4,8034,38,3.19922220355209
AGBL5,12897,61,3.19914386900174
GAK,37646,178,3.19811296834085
PTGES3L-AARSD1,4865,23,3.19769934124932
ELANE,5289,25,3.197121033642
GFI1B,12060,57,3.19683472429571
MAP1B,8252,39,3.19667160799985
MAGEB17,4232,20,3.19651666293621
RANBP3,17777,84,3.19604915192065
SLC25A53,4021,19,3.19603968954706
CDK2AP1,8257,39,3.19473587370895
RNF220,36417,172,3.19460315926342
SEC16A,32818,155,3.19456863644896
KIF19,8047,38,3.1940538316562
RAMP1,5083,24,3.19362388767563
TGM2,9319,44,3.19356677096269
SART1,9744,46,3.19310494564408
PISD,17164,81,3.19197255861463
KCNN3,9962,47,3.19112603053937
FIGN,4028,19,3.19048549942124
HLA-DMA,12087,57,3.18969361917814
RAB15,9332,44,3.18911795312916
XPNPEP2,4030,19,3.18890213192773
ADAMTS5,5515,26,3.18874996787123
LHFPL4,5515,26,3.18874996787123
SLC30A2,4667,22,3.18843461952017
CDH23,32254,152,3.18751797399857
TFR2,14855,70,3.18726387151876
POLDIP3,12105,57,3.18495058033922
PPP6R2,23361,110,3.18488600002154
SOBP,8498,40,3.18372758709015
ZNF71,4037,19,3.18337270043813
SERTAD3,5737,27,3.18325588263677
ZNF518B,4250,20,3.18297847471672
TXNRD3,8713,41,3.18279581785486
PTK7,20189,95,3.18274198614808
SLC46A1,6376,30,3.18247926228342
USP35,18280,86,3.18210785697199
AKAP8L,13396,63,3.18095881832413
ANKRD65,4678,22,3.18093723157346
HAND2,5317,25,3.1802845865963
GRAPL,8720,41,3.18024082121209
ARR3,4041,19,3.18022162624814
HCCS,4041,19,3.18022162624814
SMARCA1,4254,20,3.17998554714293
SLC41A1,12550,59,3.17980817743114
ACTN1,52550,247,3.1791928200132
MAPK4,12555,59,3.178541826106
DUOX1,22347,105,3.17806449264406
TBC1D28,10003,47,3.178046337722
EMP1,10004,47,3.17772866015926
FOXN2,4045,19,3.1770767840961
LIG1,29167,137,3.17703092005316
C1orf226,11291,53,3.17494420968001
FBLIM1,14702,69,3.17442673687484
GGA1,24291,114,3.17433014491015
GADD45A,4475,21,3.17408747339069
LEMD2,15986,75,3.17332162146864
GNAT2,8313,39,3.17321473706421
LSR,10233,48,3.17271381238254
MICA,7888,37,3.17268867361311
DUSP6,5330,25,3.17252779492168
SNX20,4051,19,3.17237116555634
ALK,20259,95,3.17174480272194
CLEC4F,4052,19,3.17158825065862
SLC2A6,4052,19,3.17158825065862
GNL1,11943,56,3.17151836633416
TSLP,7252,34,3.17112789297136
SULF2,26664,125,3.17086205125498
RBM20,16000,75,3.17054496504985
TMEM86A,9815,46,3.17000658078002
ALKBH5,8750,41,3.1693371383965
ARHGAP9,13020,61,3.16892154212868
TUSC2,4056,19,3.16846045159486
USP11,15586,73,3.16796827852195
PNKD,14733,69,3.16774736208062
SAP30BP,17946,84,3.16595150861994
RSPH1,4060,19,3.16533881568196
RIMS4,4275,20,3.16436456550785
PSD4,20736,97,3.16402120997773
NOSIP,16676,78,3.16370042087009
SLC22A7,9835,46,3.16356020237477
SNX17,7912,37,3.1630647443706
PES1,16252,76,3.16300162236494
GDF11,4277,20,3.16288485329578
TNNI3,10265,48,3.16282322865178
PRRG3,7700,36,3.16230978332245
ACTR1B,8128,38,3.16222332472164
CLIC4,4065,19,3.16144541000461
ABHD11,5350,25,3.16066787793132
POLM,12412,58,3.16066787793132
ACO2,29776,139,3.15748343286355
DGCR6L,4071,19,3.15678594735169
ABCD4,17573,82,3.15617139486364
SLC37A1,20361,95,3.15585570248729
C12orf57,5144,24,3.15575237578835
CYB5R1,7716,36,3.15575237578835
UNC5CL,14148,66,3.1553062699959
VPS52,12434,58,3.15507557510725
VDR,15866,74,3.15469157411574
S1PR5,4504,21,3.15365040928582
ENDOV,12440,58,3.15355383447617
GTF3C5,10299,48,3.1523818275668
ESRRB,20170,94,3.15220600061807
VTN,8154,38,3.1521401990848
SPACA5,6652,31,3.15211525889903
HCN3,12236,57,3.15085213917998
RPTOR,23830,111,3.15058769502226
ARFGAP2,12024,56,3.15015334739928
SLC51A,15246,71,3.14988769101984
PHF21B,9019,42,3.14980406772887
CDC42BPB,21046,98,3.14955462966719
ZSCAN1,4081,19,3.14905062280538
RFX5,6659,31,3.14880172731587
SPOCD1,11170,52,3.14878354034196
ZNF454,9237,43,3.14869176277189
DENND6B,8163,38,3.14866485156652
HTATSF1,4513,21,3.14736127707143
CYGB,19129,89,3.14695386079146
ATP6V1C2,9672,45,3.14694289334973
SOCS2,9244,43,3.14630742240632
STK11,13334,62,3.14502335416175
ST6GALNAC6,10325,48,3.14444362635453
RGPD3,4087,19,3.14442759766791
IFT140,26028,121,3.14439580571514
PCSK7,22589,105,3.14401731892145
MLPH,33992,158,3.14393099225152
SMAD7,18075,84,3.1433563360273
TCEAL3,4520,21,3.14248704500516
VDAC1,30142,140,3.14158349223085
PXN,24330,113,3.14144145598583
C2CD4D,4737,22,3.14131821180085
AXIN1,12274,57,3.14109717899676
ST8SIA2,8184,38,3.14058543295912
CD34,12277,57,3.14032962246528
SYCE1L,8185,38,3.14020173284514
TOLLIP,14864,69,3.13982924418285
CXCL17,4094,19,3.13905119483848
TNIP1,31245,145,3.13891900311118
DNMT3B,22198,103,3.13845577823958
DIP2A,25216,117,3.138356691293
HNRNPL,17458,81,3.13821840967244
BRD2,15088,70,3.13804379715079
TFAP2E,12286,57,3.13802920193767
HSPE1,4742,22,3.13800598256024
RABAC1,5822,27,3.13678100286622
FGD3,21132,98,3.13673702138821
STAP2,14018,65,3.13631689128439
NHP2,4315,20,3.13503094265262
MOV10L1,14674,68,3.13439000679137
TCN2,8201,38,3.13407525708297
TJAP1,16619,77,3.13385193408462
MDGA1,23108,107,3.13194448108323
HSBP1L1,6911,32,3.13185553871707
ARRDC2,10367,48,3.1317044894483
KLHL21,11232,52,3.13140243461714
PACSIN1,12096,56,3.13140243461714
RGS2,4104,19,3.13140243461714
KLK15,9721,45,3.13108030701354
POU6F1,16852,78,3.13065916321087
RELA,7347,34,3.13012378927838
CTSA,10162,47,3.12832095219772
ANKRD62,8000,37,3.12827103218252
B3GNT2,8000,37,3.12827103218252
CCDC3,8000,37,3.12827103218252
DUSP5,8000,37,3.12827103218252
IL27,8000,37,3.12827103218252
SRXN1,8000,37,3.12827103218252
GUCY1A2,4325,20,3.12778231619562
CDHR2,20980,97,3.1272232511963
SLBP,4326,20,3.12705929670505
SMYD5,13627,63,3.12703634917957
MVB12A,10820,50,3.12561426006147
FERMT3,16663,77,3.12557674443691
NUDT16,4114,19,3.12379085845132
PTGDR,4114,19,3.12379085845132
TGFBI,23169,107,3.12369860886837
SMPD2,5847,27,3.12336907793521
STRIP2,8014,37,3.12280612146995
NR4A2,12347,57,3.12252585850864
MMP19,6932,32,3.12236780555015
NLRC5,49612,229,3.12206099383017
MYBPHL,8016,37,3.12202697822607
GANAB,16469,76,3.12132505717864
SLCO2B1,27309,126,3.12073853530118
ABHD16A,17125,79,3.12024824200332
SLC27A4,4119,19,3.11999892975692
GRIK4,16916,78,3.11881462629638
NDUFB11,5206,24,3.11816946236175
ERRFI1,8026,37,3.11813708665091
NINL,39700,183,3.11783565328832
ITPK1,17142,79,3.11715384110996
AIF1,4774,22,3.11697200865116
GNAO1,37982,175,3.11639755748849
APLF,8031,37,3.11619577355998
IKZF5,4125,19,3.11546074949545
CMIP,29533,136,3.11475562656395
KPTN,8687,40,3.11446034708093
CD276,18895,87,3.11433260393359
ACTC1,6738,31,3.11188345238889
CCDC88C,30431,140,3.11174820488391
ANXA9,8043,37,3.11154646990677
D2HGDH,18480,85,3.11106865257417
FPGS,15221,70,3.11062379682091
FBXL22,4349,20,3.11052161819868
DNALI1,8482,39,3.10998987375793
ZNF205,6961,32,3.10935980865877
ERICH1,28933,133,3.10921539908344
KIF5A,25888,119,3.1091458660151
KIAA0232,9357,43,3.10831097709992
KIAA0930,30250,139,3.10800749411388
TSPAN15,20242,93,3.10757890063181
CES3,10230,47,3.10752663892798
GRAP,8054,37,3.10729677892478
TLR5,8054,37,3.10729677892478
ETV3L,8055,37,3.1069110189274
MPST,7402,34,3.10686564169525
RCN1,21990,101,3.10662462544827
SYMPK,22645,104,3.10637334030644
INPP4A,30271,139,3.10585136589293
LY6E,4575,21,3.10470851222368
SLC22A8,14380,66,3.10440007704464
FBXW4,16125,74,3.10402086914235
CLSTN1,13729,63,3.10380394276859
BAG5,4359,20,3.10338575763846
SLC22A23,25069,115,3.10279773728069
DNAJC14,11338,52,3.10212666657433
EMID1,14391,66,3.10202717725675
SIDT2,17881,82,3.10180638230182
PIP5KL1,11776,54,3.10162007450529
EPHX1,11777,54,3.10135671201276
P2RX5-TAX1BP3,4144,19,3.1011765423911
SRSF2,5672,26,3.10048590846436
TMEM51,5236,24,3.10030370913966
OAZ2,10691,49,3.10006204919912
NOP14,8073,37,3.09998368109255
PRDM6,12001,55,3.09983009109671
EP400,25533,117,3.09939303362881
ST3GAL4,22919,105,3.09874807876071
PTPN18,14843,68,3.09870234855868
ENDOU,8077,37,3.09844846570016
NFKBID,10044,46,3.09773144069652
CHAT,18778,86,3.09771709582746
C4orf46,4368,20,3.09699141885212
PBX4,12012,55,3.09699141885212
CALCA,6338,29,3.09484140903152
EGR4,4153,19,3.09445595754123
COX6B2,5030,23,3.0928046312481
MLXIP,15748,72,3.09242892196887
TBC1D10B,13784,63,3.09141935071605
SP4,4158,19,3.0907348705312
GHDC,7443,34,3.08975137442271
PIK3C2B,26053,119,3.08945488732196
ANXA11,20581,94,3.08925684040943
TAB1,14020,64,3.08762533924018
SYNJ2,20592,94,3.08760659637075
KLK6,5477,25,3.08737870128401
SLC25A48,28485,130,3.08688012512021
EBF3,12490,57,3.08677556245046
IGDCC4,16875,77,3.08631023955865
FADS6,8328,38,3.08628136207222
HSP90AB1,5700,26,3.08525545137015
ESYT1,20176,92,3.08422032021767
FOXO4,7457,34,3.08395058063944
IL1RL2,8337,38,3.08294964415707
ALOXE3,8558,39,3.08237136120762
NLGN3,14922,68,3.08229720946633
IRGQ,4610,21,3.08113697254302
LRIG1,24807,113,3.08103642617548
BHLHE41,5269,24,3.08088635814296
IQSEC3,12077,55,3.08032300432654
KIAA1614,8565,39,3.07985220189314
NPEPL1,12958,59,3.07968765448069
LAYN,5272,24,3.07913319822748
AANAT,9007,41,3.07890529154762
RAMP2,6811,31,3.07853042169966
ARHGEF15,12525,57,3.07814984231587
NPHP4,24397,111,3.07736626521214
TREML4,4616,21,3.07713202847126
PINLYP,9236,42,3.07579935977119
KIAA0513,20013,91,3.07554320965545
ZBTB46,13858,63,3.07491155507794
HLA-DPA1,12099,55,3.07472195414924
BAZ2A,25304,115,3.07398183986286
ABCC8,44889,204,3.07385143083984
TMEM9,12544,57,3.07348746611976
STOML1,10788,49,3.07218792806709
MMP25,9469,43,3.0715456555839
FDXR,8369,38,3.07116157047885
PRKD2,20925,95,3.07079464556003
PIWIL1,15419,70,3.07067934440697
SRM,8816,40,3.06888804844511
FBF1,21385,97,3.0679983076969
ARID5A,8602,39,3.06660475577944
BAG6,14558,66,3.06644271932284
MFSD2A,14117,64,3.06640980775996
CDKN1C,5074,23,3.06598488277058
TMEM61,8163,37,3.0658052502095
SLC22A6,5075,23,3.06538074781831
SERPINA10,6620,30,3.06517942240469
MGAT1,15447,70,3.06511327839782
SLC37A4,6179,28,3.06501406773984
PHF5A,4193,19,3.06493574807268
PRNP,4193,19,3.06493574807268
MFSD2B,10818,49,3.0636682721379
PARVB,34002,154,3.06343657976309
MARVELD1,5521,25,3.06277361835402
FAAH,12369,56,3.06228828920114
PSG1,9719,44,3.06213074787543
SURF4,8175,37,3.06130498562204
PTK2B,36018,163,3.06098109051031
SLC16A2,8399,38,3.06019183037713
KLK10,6853,31,3.05966302381386
CETP,8184,37,3.05793844788125
WNT5A,15706,71,3.05763324444725
ZAP70,17924,81,3.05662893305409
ZPR1,6196,28,3.05660457142745
PCGF5,8632,39,3.05594695426492
ZNF792,7526,34,3.05567625296682
THAP3,7527,34,3.05527029092976
BST2,5093,23,3.05454688693853
UNC45A,20154,91,3.05402631015354
CNRIP1,4651,21,3.053975799489
THY1,6423,29,3.05388523282606
MDC1,15947,72,3.0538390081624
LAT2,12627,57,3.05328476875
RAB37,13292,60,3.053188049401
TRMU,17063,77,3.05230529757676
PLEKHH1,22603,102,3.05229652875657
SPAG4,7756,35,3.05226952110696
MED15,35457,160,3.05218343741344
SCAMP5,16630,75,3.05043412151519
ATP13A2,23283,105,3.0503031060051
CD3D,5768,26,3.04888281428742
MAP3K3,14426,65,3.04761473603387
JPH1,8213,37,3.04714090557168
CDCA5,8659,39,3.04641807474475
ASL,14433,65,3.04613664394268
MICAL1,13989,63,3.04611654373222
CNGA3,10881,49,3.04592991158789
AP1S1,6218,28,3.04578995248705
NMRK2,7553,34,3.0447530093775
MCRS1,12885,58,3.0446418083728
PLPP4,12000,54,3.04372316644786
ADRB1,4000,18,3.04372316644786
AGMAT,4000,18,3.04372316644786
ALX4,4000,18,3.04372316644786
ANKRD35,4000,18,3.04372316644786
CAMK2N2,4000,18,3.04372316644786
CATSPER1,8000,36,3.04372316644786
CFAP53,4000,18,3.04372316644786
DDTL,4000,18,3.04372316644786
DND1,4000,18,3.04372316644786
ECHS1,4000,18,3.04372316644786
FAM83B,4000,18,3.04372316644786
FOXS1,4000,18,3.04372316644786
FRZB,4000,18,3.04372316644786
FZD8,4000,18,3.04372316644786
GCM2,4000,18,3.04372316644786
GJA4,4000,18,3.04372316644786
GPC6,4000,18,3.04372316644786
GPR12,4000,18,3.04372316644786
GRIN3B,4000,18,3.04372316644786
HRCT1,4000,18,3.04372316644786
IL27RA,4000,18,3.04372316644786
IRF2BPL,4000,18,3.04372316644786
KCNF1,4000,18,3.04372316644786
KCTD12,4000,18,3.04372316644786
KLHL34,4000,18,3.04372316644786
LNX2,8000,36,3.04372316644786
MAB21L2,4000,18,3.04372316644786
MARCKS,4000,18,3.04372316644786
MEGF9,4000,18,3.04372316644786
MEOX2,4000,18,3.04372316644786
MYOZ1,4000,18,3.04372316644786
NGB,4000,18,3.04372316644786
NWD2,4000,18,3.04372316644786
PCBP1,4000,18,3.04372316644786
PGM2L1,4000,18,3.04372316644786
PTH2,4000,18,3.04372316644786
RAB39A,4000,18,3.04372316644786
RAB3D,8000,36,3.04372316644786
RPIA,4000,18,3.04372316644786
S100A9,4000,18,3.04372316644786
SDHAF1,4000,18,3.04372316644786
SLC22A3,4000,18,3.04372316644786
SMCR8,4000,18,3.04372316644786
SMIM2,4000,18,3.04372316644786
SOX9,4000,18,3.04372316644786
TGM7,8000,36,3.04372316644786
TMEM115,4000,18,3.04372316644786
TMEM158,4000,18,3.04372316644786
TMEM185B,4000,18,3.04372316644786
TOX,4000,18,3.04372316644786
TPGS1,4000,18,3.04372316644786
TPMT,4000,18,3.04372316644786
UCN,4000,18,3.04372316644786
UCP1,4000,18,3.04372316644786
ZBTB5,4000,18,3.04372316644786
ZFP91,4000,18,3.04372316644786
ZNF77,4000,18,3.04372316644786
HYOU1,12003,54,3.0429624258414
WNT2B,12893,58,3.04275263328035
ENTPD6,21343,96,3.04234460404915
MEPCE,9563,43,3.04135373969716
LY6H,4671,21,3.04089947407907
BTBD2,14903,67,3.04084117518481
E2F8,8675,39,3.04079932094695
UQCRH,8011,36,3.03954379373148
CHIT1,20028,90,3.03946791137194
ZDHHC14,18030,81,3.03865873522249
DSC2,5343,24,3.03821639922426
POMGNT1,21372,96,3.03821639922426
CCRL2,4453,20,3.03787525657894
TLL2,4008,18,3.03764787070645
SLC5A6,12476,56,3.0360246753069
DEDD2,10471,47,3.03600396487759
SERINC4,5125,23,3.03547459418106
SP1,5126,23,3.03488242200116
C8orf74,6018,27,3.03461930852229
FOXN4,11593,52,3.0338921888743
ELL3,9810,44,3.03372566142725
CKAP4,8028,36,3.03310729092961
STARD10,20740,93,3.03296104660507
YIPF2,8699,39,3.03240994473098
CSF2RB,8478,38,3.03167624243188
ZDHHC12,4018,18,3.03008777147622
AKAP1,22100,99,3.02995066343226
GZMM,4019,18,3.02933383075179
NR2E3,8038,36,3.02933383075179
ZNF485,4019,18,3.02933383075179
TMOD1,8486,38,3.02881819271005
TRIOBP,20547,92,3.02853113256007
PTGIS,4021,18,3.02782707430774
RRAS,4021,18,3.02782707430774
IFITM2,5138,23,3.02779433537913
OCA2,4022,18,3.0270742580287
STMN4,4022,18,3.0270742580287
HNF4A,8268,37,3.02687085842527
EZR,5141,23,3.02602748398715
ZNF558,10282,46,3.02602748398715
SUGP1,13412,60,3.02587053031898
MYLK2,8048,36,3.0255697479601
CPSF4L,4472,20,3.02496836259974
TDRP,8947,40,3.02395406673657
SLCO5A1,6263,28,3.0239057838998
VWF,16105,72,3.02387896076782
ATG9A,10740,48,3.02294045084828
GPR61,8056,36,3.02256520997801
DUSP22,17903,80,3.02243389768107
NUPR1,8057,36,3.0221900622543
LRRC42,8281,37,3.02211909883591
CD37,6044,27,3.02156502294625
TRMT1,9630,43,3.02019375002326
NEK6,22181,99,3.01888596825449
RASGRF1,24202,108,3.01831898168534
FCGR3B,4931,22,3.01772954153329
C20orf173,9414,42,3.01764211672474
BRSK1,12331,55,3.01687299677655
UBE2Q1,9641,43,3.01674782830868
ZDHHC18,12783,57,3.01602337283941
PIAS3,12111,54,3.01582676883612
APH1A,5607,25,3.01579688727172
ARHGEF10L,39254,175,3.0154127484722
CCDC127,4935,22,3.01528356014197
SYDE1,7180,32,3.01452000390998
GRID1,8302,37,3.01447461544931
TCF7L1,8976,40,3.01418416166356
NDUFA11,8303,37,3.01411155696256
BRINP2,8079,36,3.01396030840239
LRP10,8977,40,3.01384839423996
ACO1,4040,18,3.01358729351273
HSPA5,4040,18,3.01358729351273
IFFO2,8978,40,3.01351270161418
ATP6V0E2,5836,26,3.01335779177688
CTIF,17064,76,3.01248841811269
EDF1,4042,18,3.01209615680144
STARD5,4042,18,3.01209615680144
C2orf76,10105,45,3.01209615680144
TMEM63C,20210,90,3.01209615680144
ITGB7,16843,75,3.01185771185642
SPIN1,4941,22,3.01162201362085
PDE4A,23808,106,3.01144951877495
TRIB1,7188,32,3.01116494547491
RBM4,4268,19,3.01107675531133
FGR,10558,47,3.01098669409293
ZW10,4044,18,3.01060649500283
OAF,4269,19,3.01037141992709
KCNQ3,12809,57,3.00990137988963
CA2,4046,18,3.00911830592967
TMEM184B,21130,94,3.00899171947309
KLF11,5396,24,3.00837476298281
RASGRP4,12143,54,3.00787927179233
TFAP4,11694,52,3.00768874171538
ATP6V1F,4048,18,3.00763158739907
TCEAL2,4048,18,3.00763158739907
VASP,16193,72,3.00744585087172
DKK3,21145,94,3.00685717817292
SHANK2,50849,226,3.00620545631714
ADIRF,4050,18,3.00614633723245
RBPJL,9901,44,3.00584271675601
FGF5,5626,25,3.00561200620913
ASMTL,18454,82,3.00549473945696
FN3KRP,9903,44,3.0052356597598
SDF2L1,4052,18,3.00466255325554
PSG4,14636,65,3.00388700341792
FABP3,11260,50,3.00347658027221
ACSF3,28826,128,3.00343490294507
PYM1,8783,39,3.00340818731809
EPB41L1,33335,148,3.00299004139315
AMT,13740,61,3.002864518087
ZMYND19,5406,24,3.00280988180822
PIGG,28384,126,3.00254540094913
GYPC,4056,18,3.00169937519513
ANAPC15,6535,29,3.00154626632621
NEFM,5184,23,3.00092733317476
CNBP,4058,18,3.00021997678448
MOB1B,4058,18,3.00021997678448
RBM15,4960,22,3.00008555832674
NOTCH4,16010,71,2.99957449951833
CARS2,37449,166,2.99819930293552
FCER1G,4061,18,2.9980036113744
CD8A,10831,48,2.99754228068604
CYP4B1,18059,80,2.99632504956997
MAT1A,8581,38,2.99528623509352
XRCC1,20098,89,2.99522740586525
SIRT2,12646,56,2.99521143833061
MATK,13777,61,2.99479991859733
FCRLB,8357,37,2.99463542628457
PPP6R1,22361,99,2.99458475300089
CACNA1E,21009,93,2.99412690306959
ZBTB7C,25756,114,2.99377440402285
CSRNP1,4971,22,2.99344686568108
HJURP,12428,55,2.99332643412066
ACTN3,4520,20,2.99284480476682
MAGEA10,4068,18,2.99284480476682
SEMA4F,8136,36,2.99284480476682
TOP1MT,29380,130,2.99284480476682
MAN1C1,24184,107,2.99259729858052
HAL,17858,79,2.99217443970808
TCEAL1,4295,19,2.99214798409051
IL17RD,12208,54,2.99186418720301
SLX1A,6783,30,2.99152112285406
SGK2,17638,78,2.99114798834503
SLC25A35,8593,38,2.99110336126353
PIGO,9950,44,2.99104007423129
ZBTB18,7689,34,2.99089861878375
DDX54,18093,80,2.99069441608269
SLC5A1,13798,61,2.99024195379877
MGMT,4072,18,2.98990487863247
AMER3,4751,21,2.98969510490914
FAM136A,4073,18,2.98917079935955
PRELID3B,4073,18,2.98917079935955
DAZAP1,14485,64,2.98850585130461
CNKSR1,13809,61,2.98785998106419
NPR2,18564,82,2.98768583936322
DIP2C,12000,53,2.98735792262475
LEFTY1,12000,53,2.98735792262475
HAS3,5887,26,2.98725260282145
CNPPD1,5208,23,2.98709817495736
DMAP1,9965,44,2.98653775600615
ABLIM2,28312,125,2.98629082137125
PRR7,5889,26,2.9862380833435
PRTN3,6342,28,2.9862380833435
NAA30,4757,21,2.9859242050501
SYDE2,5211,23,2.98537848688888
CRIM1,12693,56,2.9841206845607
SEC14L3,5440,24,2.98404232004692
EPHX3,4987,22,2.98384286530993
ID2,7935,35,2.9834155520738
MAG,8842,39,2.98336735005822
DAPK3,9976,44,2.98324466104664
NR1H2,14284,63,2.98320668792145
CA11,9074,40,2.9816307069751
NPRL3,16342,72,2.98002512930888
ZFPL1,6129,27,2.97966046641983
PNMA5,5902,26,2.97966046641983
ZCCHC14,13170,58,2.9787554822235
BEAN1,12943,57,2.9787396102145
C3,45431,200,2.97762728479365
NOS1AP,14766,65,2.97744075457298
CACNA1C,53842,237,2.9772808111311
FADS2,29543,130,2.97633213837624
FAM178B,16817,74,2.97629401884524
SDK2,20000,88,2.97608487386013
CHMP6,7046,31,2.9758544851258
ELAVL1,15456,68,2.97580479811442
BTNL9,9323,41,2.97454681550674
AMIGO2,4094,18,2.97383797405751
CA9,10235,45,2.97383797405751
TXNDC5,13195,58,2.97311176209803
SMYD2,11603,51,2.972983643863
KDM2B,40728,179,2.97271026645151
DNASE1L1,12516,55,2.97228035500572
SNX21,5234,23,2.97225970484867
ANKMY1,33917,149,2.97140242225781
FKBP1B,12070,53,2.97003273168989
NCBP2L,6834,30,2.96919633835514
RNF152,5240,23,2.96885635404159
MTFP1,8202,36,2.96876192777163
TMEM229B,12303,54,2.96876192777163
CLDN7,6838,30,2.96745945836781
TBX18,5243,23,2.96715759969062
BLCAP,11628,51,2.96659178016361
EPHA5,4560,20,2.96659178016361
GNPDA1,9120,40,2.96659178016361
SLITRK5,5244,23,2.96659178016361
MICALL1,13225,58,2.9663674632048
ZNF76,14366,63,2.96617877838438
PLB1,34899,153,2.96531670418142
OR51E1,4562,20,2.96529121384175
TSR1,8214,36,2.96442480296845
SF1,13016,57,2.96203340311972
DMRT1,5024,22,2.9618679079022
GRAMD1B,44542,195,2.96113040604539
MESP1,4112,18,2.96082020082477
NFYB,8224,36,2.96082020082477
ETV6,12337,54,2.96058020567191
KRT78,9139,40,2.96042422968509
ERBB2,27879,122,2.95988797865888
PDAP1,11655,51,2.95971936677327
SIVA1,4571,20,2.95945274940845
CCL17,8000,35,2.9591753007132
CSDC2,8000,35,2.9591753007132
IL1RAPL2,8000,35,2.9591753007132
MAP1A,8000,35,2.9591753007132
PDE6A,8000,35,2.9591753007132
SPON1,8000,35,2.9591753007132
TNFRSF10C,8000,35,2.9591753007132
BACE1,17144,75,2.95897803551083
NUP210,22631,99,2.95885774653585
STARD8,8003,35,2.95806602595346
ZBTB25,9375,41,2.95804799583673
NIPAL4,4116,18,2.95794282453631
HLF,15094,66,2.95755088829349
P4HTM,13269,58,2.95653098959104
TRMT5,4119,18,2.95578845976971
DMRTB1,4577,20,2.95557319588072
SYNGR2,4577,20,2.95557319588072
ITPKB,5494,24,2.9547124537778
SLC6A5,8014,35,2.95400579057968
GTF2H4,8016,35,2.95326876318682
ABO,4810,21,2.95302316911088
ALOX12,8933,39,2.95297594416375
CLK2,12141,53,2.95266411922387
MIER2,16037,70,2.95234799597251
GCK,17645,77,2.95162852323901
CMTR1,13753,60,2.95084531030598
ROR1,5273,23,2.95027636927327
STK11IP,17885,78,2.94983887159237
ACSS1,12841,56,2.94972695655548
SLC6A11,8027,35,2.94922167755146
DNAJC17,16972,74,2.94911245079663
NANOS3,11469,50,2.94874411839438
MYO1A,15369,67,2.94864051231565
KRT72,4129,18,2.94862985366709
SARM1,15600,68,2.94833583074721
CCS,8489,37,2.94807023883381
TIMM50,11702,51,2.94783192785356
CALCB,8031,35,2.94775275877295
CAPN9,8031,35,2.94775275877295
KLHL26,8032,35,2.94738575768247
IL23A,8034,35,2.94665202958745
PRRT3,8034,35,2.94665202958745
DPAGT1,14922,65,2.9463135090487
ACIN1,22048,96,2.9450635379273
STX5,8270,36,2.944351309744
CCDC17,5284,23,2.94413461301627
CUX1,31017,135,2.9439241381641
CAP2,4137,18,2.94292788634069
CHST6,4137,18,2.94292788634069
ATF5,5517,24,2.94239445732377
HLA-DOA,6207,27,2.94221669062142
AMBP,7359,32,2.94119494878022
FST,7590,33,2.94079532990131
SLC39A13,11730,51,2.94079532990131
SGSM1,9431,41,2.94048350768417
TPT1,5751,25,2.94028397616633
HAUS8,12425,54,2.93961191125749
TRIM17,4832,21,2.93957811329125
CSF1,8744,38,2.93945004384006
CDS1,4142,18,2.93937534181348
DNAJC5,8056,35,2.9386050652564
TNRC18,29923,130,2.9385349184256
SLC5A2,9208,40,2.93824033830279
LDLRAP1,22790,99,2.93821455295537
APCDD1,8518,37,2.93803337138532
SLC38A8,9439,41,2.93799130850401
CPA5,9670,42,2.93775417650948
BID,8754,38,2.93609220737234
CNNM2,8063,35,2.93605387643626
LRRC3B,9906,43,2.93604540810862
CYB5R3,35713,155,2.93560758018038
TNK1,10600,46,2.93524665946754
L3MBTL1,32263,140,2.9350528352237
CALR,8067,35,2.93459804211052
CARHSP1,9681,42,2.93441616432669
DHCR7,14752,64,2.93441616432669
MADD,27663,120,2.93409793244682
WDSUB1,4151,18,2.93300232854527
ATP1B1,17296,75,2.93297406572604
CPSF4,15915,69,2.93248016874231
TET3,21688,94,2.93157483550657
CDH4,12000,52,2.93099267880164
PLEKHA6,36013,156,2.92993464684584
STMN2,4618,20,2.92933272359161
NOD2,14086,61,2.9291039669541
TUBGCP5,18708,81,2.92853415630006
FA2H,12011,52,2.92830839610521
TGFB3,18018,78,2.92806461418745
PSMC3IP,4159,18,2.92736058326315
CNR1,11323,49,2.92703023650868
DCAF5,8551,37,2.92669491959539
QRICH2,12711,55,2.92668247370401
TEP1,24267,105,2.92661669003654
PDGFRL,8783,38,2.9263977209766
CXCR4,6934,30,2.92637550855481
GPR157,8321,36,2.92630517144368
KLHL14,4856,21,2.92504972063907
HPX,12950,56,2.92489913892887
IDH2,5782,25,2.92451974177318
SKOR2,6477,28,2.92399597414921
TROAP,7405,32,2.92292419015174
NRSN2,6944,30,2.92216125811046
ANO2,26159,113,2.92179634634868
CCDC136,20604,89,2.92166959828576
B3GAT2,4631,20,2.9211095913509
GSTM4,6715,29,2.92108784072104
CNN2,8105,35,2.92083928509631
GNG4,12970,56,2.92038888582335
SULT4A1,8107,35,2.92011871292779
SUDS3,9729,42,2.91993862543393
TRIB2,5328,23,2.9198211890349
TUBA8,19695,85,2.91914438687843
COPZ2,18305,79,2.91910686393373
IKZF4,21319,92,2.91886247857366
ATP2B4,14836,64,2.91780178323991
CTSF,7419,32,2.9174084954945
ATOH8,15303,66,2.91715827667137
CRELD2,9043,39,2.91705563521119
SULT2B1,16000,69,2.91690136784586
TICRR,8118,35,2.91616191250377
ME3,8814,38,2.91610519438819
ITGA2B,14152,61,2.91544364602285
CCKBR,8120,35,2.91544364602285
COL23A1,20657,89,2.91417342320181
MOB3A,16713,72,2.91387367098461
SLC6A4,12305,53,2.91331126139756
MSI2,60604,261,2.91294211032235
PIF1,10684,46,2.91216909306963
CFAP100,16494,71,2.91155497376552
ARFIP2,4182,18,2.91126080004578
PIPOX,17425,75,2.91126080004578
TXNL4B,4879,21,2.91126080004578
EPHA10,23931,103,2.91117969852334
ITGB1BP2,6042,26,2.9106183503492
AZU1,6740,29,2.9102529451694
FBXL12,12318,53,2.91023665136361
POLR2A,20918,90,2.91014740075328
GSDMB,16508,71,2.90908576067897
SUSD3,12091,52,2.90893326818458
ADCK2,9539,41,2.90719152541874
SLC25A5,5818,25,2.90642371036998
TOM1L2,18385,79,2.90640473996774
KCNK10,11638,50,2.90592423903292
C1QTNF1,20024,86,2.90496062851818
ECH1,9547,41,2.9047554164627
DPP6,56584,243,2.90472661862336
IL6,5356,23,2.90455700059334
PLA2G6,53560,230,2.90455700059334
STMN1,11178,48,2.90448921471735
PRRT4,6055,26,2.90436929361022
FLYWCH1,17937,77,2.90357837389487
GPRC5A,10017,43,2.90351061322991
BUB1B-PAK6,8159,35,2.90150783254144
B4GALT3,9558,41,2.90141242529498
MAN2A2,20516,88,2.90123306088919
TAPBPL,12125,52,2.90077625943255
STX6,9327,40,2.90075233570195
TRMT44,28683,123,2.90050203545334
PKN1,23792,102,2.89975867684452
CPNE2,31257,134,2.89968045773934
AP2A2,45726,196,2.899248862178
RAP1GAP2,28000,120,2.89878396804558
GLUL,10267,44,2.89868985473861
DXO,5367,23,2.89860393053437
ZSCAN29,5367,23,2.89860393053437
NFIC,24736,106,2.89847146438365
ATP6V1G2,5834,25,2.89845271630657
RCCD1,8871,38,2.89736796114727
REC8,11675,50,2.89671488598416
UCK2,18916,81,2.89633204673617
TRIM50,10511,45,2.89575032484812
BCKDK,12382,53,2.89519423933912
ST6GALNAC4,8647,37,2.89420241210364
LRRC8E,9584,41,2.8935413147923
ATF4,4909,21,2.8934694323535
MYLK,68731,294,2.89325894004055
GLRA4,24782,106,2.89309136239989
TLX1,7014,30,2.89299797210138
TMC4,16601,71,2.89278885231543
THAP7,4678,20,2.89176111961224
PTGES2,5616,24,2.89052532426197
PCGF1,6085,26,2.8900502995579
ACOT7,21769,93,2.88959585220217
GTF2IRD1,18263,78,2.88878432998026
EIF4E1B,11245,48,2.88718367648826
RIBC1,8200,35,2.88700029337873
PTCH1,41240,176,2.88660026562573
DNAJB1,17577,75,2.88608519319552
RSPO3,5156,22,2.8860404129753
PSG8,10787,46,2.88436215725928
NCKAP5L,12666,54,2.88367898289707
VCP,20645,88,2.88310474580783
JAKMIP1,27919,119,2.88296744795297
PAK6,19478,83,2.8822149526551
ADGRD1,39428,168,2.88202119172636
PRAM1,9154,39,2.8816838659837
ZNF516,17372,74,2.88120748992173
SCN1B,10804,46,2.87982363850018
GADD45B,4229,18,2.87890580888897
ATAD3C,8225,35,2.87822521649916
CYP17A1,8700,37,2.87657106407588
TBX20,4469,19,2.87564904714002
DHRS1,11055,47,2.87562166587365
ETV7,4234,18,2.87550606183076
NAA10,6822,29,2.87527189247167
KRT86,13176,56,2.87473010391082
ADRA2A,4000,17,2.87462743497853
ARFGEF3,4000,17,2.87462743497853
ARL4D,4000,17,2.87462743497853
ARRDC4,4000,17,2.87462743497853
B4GAT1,4000,17,2.87462743497853
BMP3,4000,17,2.87462743497853
C11orf96,4000,17,2.87462743497853
CALHM3,4000,17,2.87462743497853
CCL24,8000,34,2.87462743497853
CCR1,4000,17,2.87462743497853
CD52,4000,17,2.87462743497853
CDX1,4000,17,2.87462743497853
CEL,4000,17,2.87462743497853
CELA1,4000,17,2.87462743497853
CITED4,4000,17,2.87462743497853
DOLK,4000,17,2.87462743497853
EFNA3,4000,17,2.87462743497853
FAM171B,4000,17,2.87462743497853
FBXO48,4000,17,2.87462743497853
FNDC8,4000,17,2.87462743497853
FZD7,4000,17,2.87462743497853
GCC1,8000,34,2.87462743497853
GOLGA8K,4000,17,2.87462743497853
GOLGA8S,4000,17,2.87462743497853
GPR37,4000,17,2.87462743497853
GUCA1A,8000,34,2.87462743497853
HSPA1B,4000,17,2.87462743497853
HSPB2-C11orf52,8000,34,2.87462743497853
IRF2BP1,4000,17,2.87462743497853
KCNA5,4000,17,2.87462743497853
KCNA7,4000,17,2.87462743497853
KCNE4,4000,17,2.87462743497853
ME1,4000,17,2.87462743497853
MUC22,4000,17,2.87462743497853
NXT1,4000,17,2.87462743497853
PAIP2B,4000,17,2.87462743497853
POTEM,4000,17,2.87462743497853
PSPN,4000,17,2.87462743497853
PTGDR2,4000,17,2.87462743497853
RAB20,4000,17,2.87462743497853
SLC10A1,4000,17,2.87462743497853
SPATA25,4000,17,2.87462743497853
TBC1D22B,4000,17,2.87462743497853
TCEAL5,4000,17,2.87462743497853
TCF15,4000,17,2.87462743497853
TIMP3,4000,17,2.87462743497853
TRIM38,4000,17,2.87462743497853
ZNF804A,4000,17,2.87462743497853
PNP,10825,46,2.87423691365874
ATF6B,11296,48,2.87414841024349
CRTC1,12002,51,2.87414841024349
PTPRT,8237,35,2.87403209975787
C6orf132,4001,17,2.8739089577391
CNPY1,24244,103,2.87359517263497
NOLC1,8239,35,2.87333443448302
CACNG5,8004,34,2.87319083955875
CLSTN2,4002,17,2.87319083955875
TAF1C,9652,41,2.87315581858365
ATP12A,4003,17,2.87247308016841
CHST15,9184,39,2.87227070004516
FAHD1,4239,18,2.87211433493547
LTA,4240,18,2.87143694947911
PHF24,27089,115,2.87142517168924
MTHFR,11072,47,2.87120642307019
SNAP29,4476,19,2.87115183013153
UQCR10,4005,17,2.87103863668268
ZNF727,4005,17,2.87103863668268
ZNF75D,16022,68,2.87068024963528
SGSM3,16729,71,2.87065501448314
TXNRD2,30396,129,2.8705552519467
SNAP47,25920,110,2.87045223173238
RCE1,4949,21,2.87008313667879
MVB12B,20033,85,2.8698921129921
ARSI,8014,34,2.86960562513455
SLC4A9,12021,51,2.86960562513455
CMTM2,8015,34,2.86924759573653
KIF4A,4008,17,2.8688896556672
LDHD,5188,22,2.8682390842908
TAC3,8018,34,2.86817404338093
TYK2,24054,102,2.86817404338093
PRADC1,4010,17,2.86745878800851
UPP2,12031,51,2.86722044881908
LRFN2,4011,17,2.86674388928301
GPR161,14630,62,2.86642114862561
TRAPPC2L,7551,32,2.86640890320139
NUDT1,10383,44,2.86630537788705
STYX,4014,17,2.86460133032241
VPS51,17712,75,2.86408759263763
KCTD8,5196,22,2.86382301179766
ZGLP1,8032,34,2.8631747360344
SHBG,11340,48,2.86299651164996
ASTL,4725,20,2.86299651164996
FHL1,25516,108,2.86288430767944
CDV3,4962,21,2.86256377336222
TEX35,8035,34,2.86210572244285
SLFN5,4018,17,2.86174956194976
COASY,7328,31,2.86133606743946
C22orf39,4019,17,2.86103750682113
C14orf119,4020,17,2.86032580594879
SLC8A3,16555,70,2.85997008827612
TXN,8041,34,2.85997008827612
MTMR4,17029,72,2.8598021412394
GPAT2,12536,53,2.85962787743275
AOC2,4021,17,2.85961445906842
COLEC12,4021,17,2.85961445906842
ZNF860,4021,17,2.85961445906842
SUSD4,14193,60,2.85936557124203
SEC14L6,16801,71,2.85835293954458
PEX5,10887,46,2.85786852120473
SMKR1,4261,18,2.85728530058471
GOLGA8J,4736,20,2.85634681536023
GOLGA8T,4736,20,2.85634681536023
IVD,14682,62,2.85626899634878
SPRYD7,4737,20,2.85574382890987
CRKL,4027,17,2.8553537968498
FAM193B,24162,102,2.8553537968498
YBX1,4738,20,2.85514109699157
DGCR8,18954,80,2.85483982643158
USB1,11374,48,2.85443823123883
C2orf72,7584,32,2.85393639610676
LYNX1,5214,22,2.85393639610676
ZNF628,4029,17,2.85393639610676
ANKRD34B,4030,17,2.85322822330376
APEX2,4030,17,2.85322822330376
VSTM2L,4031,17,2.85252040186409
HEXIM2,5217,22,2.85229525959376
ARPC5L,11384,48,2.85193081887829
HTR3A,9961,42,2.85193081887829
OPTC,4032,17,2.85181293152632
CSNK1D,23009,97,2.85145568299788
SLC27A1,18265,77,2.851436369699
STX4,9726,41,2.85129549259401
FUT6,11150,47,2.85112085347383
RARRES2,4033,17,2.85110581202929
RRP12,27762,117,2.8505439927831
COMT,16610,70,2.85049998864606
CKS1B,6646,28,2.84964217944094
NFE2,9257,39,2.84962019112183
TRIM39,6410,27,2.84903884534901
TSPAN18,29917,126,2.84868966342013
CEP68,12114,51,2.84757546803223
PCMTD2,16390,69,2.84749370869639
CRAMP1,21617,91,2.84733525719732
CEACAM1,18054,76,2.84729712898388
HPN,13306,56,2.8466439086975
SLC22A4,9031,38,2.84603600745626
GALNT6,17350,73,2.84587628755291
MMACHC,4041,17,2.84546145506413
SWSAP1,4041,17,2.84546145506413
EIF3B,21874,92,2.84480338213001
UPK3A,4042,17,2.84475748142359
NFKBIB,4280,18,2.84460109013819
SEC24B,4043,17,2.84405385602625
NRIP3,10940,46,2.84402327151334
ATP11A,38053,160,2.8439615310322
CDC14B,11655,49,2.84365194062529
TOP3B,20218,85,2.84363184783711
SURF1,6423,27,2.8432724581484
SLC13A4,13084,55,2.8432483126912
TLE6,13085,55,2.84303102202916
TTC22,8328,35,2.84262757032968
MSN,16658,70,2.84228627754899
BANP,40694,171,2.84222441453331
PHACTR3,29035,122,2.8420429466861
HMGB2,4760,20,2.84194506671135
MIXL1,4046,17,2.84194506671135
RIN3,26656,112,2.84194506671135
SF3B6,4047,17,2.84124283170599
PROX1,9764,41,2.84019868506446
MYCBP,4763,20,2.84015505302247
FAM53C,11670,49,2.83999686101009
WSB2,13341,56,2.83917576262116
TCOF1,23351,98,2.83865901828511
TNPO3,4290,18,2.8379703183663
UNC93A,11202,47,2.83788587004403
TAC4,4052,17,2.83773685585245
URB1,9296,39,2.83766502896028
SOX13,20502,86,2.83723205665047
SLX1B,6437,27,2.83708855036308
TBXAS1,17404,73,2.83704628758004
FAM171A2,4053,17,2.83703669872049
MAP1LC3B,8106,34,2.83703669872049
TCF19,7153,30,2.83678006099805
STOM,4054,17,2.83633688700398
ATF3,12401,52,2.83621580079185
MIP,12164,51,2.83587053763091
PELI3,9065,38,2.83536141018615
SAP30L,9305,39,2.83492037713216
FAM89A,9783,41,2.83468260870586
MCM7,9547,40,2.83390772337824
HAPLN2,8115,34,2.83389026245573
EXOSC4,8832,37,2.83357883349866
TRIM45,8838,37,2.83165515472507
FUT2,4062,17,2.83075079761549
ZNF770,4062,17,2.83075079761549
NIPSNAP1,4301,18,2.83071208225795
PROKR2,4540,19,2.83067744309884
PICK1,11709,49,2.83053748125269
ILDR1,8125,34,2.83040239751732
DPCD,16016,67,2.82952397813307
NIM1K,4781,20,2.82946214548129
SLC13A5,16018,67,2.82917068509048
CNP,8846,37,2.82909430900522
ABHD14B,8609,36,2.8284104229972
ANKRD34A,5979,25,2.8281607537937
HTRA1,11002,46,2.82799623617123
SNRPD2,4545,19,2.82756338650577
ING2,5024,21,2.8272375484521
FSTL4,28000,117,2.82631436884444
RNF7,4070,17,2.82518666828357
KIAA1549,4071,17,2.82449268973572
C1QTNF6,11975,50,2.82414582829771
BEX2,4072,17,2.82379905204178
ZNF736,7186,30,2.82375282164195
MAMLD1,13895,58,2.82333283201753
UCK1,9105,38,2.82290512721993
OGFOD3,22525,94,2.82264128889973
GML,4554,19,2.82197531657197
SRPRA,8389,35,2.82195761183759
NFIL3,4794,20,2.82178942794035
DPM2,4075,17,2.82172018157402
KLC4,22053,92,2.82171265499985
SARS2,18458,77,2.82162126408886
WNT4,8872,37,2.82080345552978
DPP9,36931,154,2.82047522637092
LY6G5C,7676,32,2.81973080094759
PACS1,35025,146,2.81946915569125
PDIA4,8157,34,2.8192986980297
FIBP,6959,29,2.81866717207095
DCDC2C,12000,50,2.81826219115542
JMJD4,5040,21,2.81826219115542
PADI1,12000,50,2.81826219115542
PIGR,12000,50,2.81826219115542
S100A10,5281,22,2.8177285304489
CRIPT,4801,20,2.81767517549386
ACRBP,11765,49,2.81706445966747
PLD2,18488,77,2.81704269215449
ARMCX3,4564,19,2.81579219799929
NPAS1,9609,40,2.81562254501947
HYI,6249,26,2.81420324416864
GJB6,10578,44,2.81346650960496
CIAO1,4087,17,2.81343521896602
FOLR3,11540,48,2.8133778546023
TRPV2,18994,79,2.81321739203469
IQSEC2,27654,115,2.81275896708938
TRPV3,17314,72,2.81272788859684
INTS3,24049,100,2.81251996289784
TRO,10823,45,2.81227309105411
NR2C2AP,4570,19,2.81209531546362
PYROXD2,11305,47,2.81202985548281
C1orf122,4811,20,2.81181844056247
ARHGEF11,23577,98,2.81144873122007
GHITM,4331,18,2.81110428672164
SLC9A8,8181,34,2.81102792810515
TUFM,6016,25,2.81076681298746
ARL10,7460,31,2.81070652844455
CSTB,4092,17,2.80999749264764
NSUN4,7223,30,2.80928807646671
CHAF1A,24077,100,2.80924918335882
KIFC3,37081,154,2.80906584464023
CD244,8187,34,2.80896781236451
HS3ST2,4335,18,2.80851041886769
TMEM41A,4335,18,2.80851041886769
CAV1,5299,22,2.80815708044926
PORCN,8912,37,2.80814275779401
FNIP1,4096,17,2.80725335447122
NAGK,13253,55,2.80699169420143
SRRM3,20000,83,2.8069891423908
FAM3B,12051,50,2.80633526627376
PSEN2,24344,101,2.80622229352643
FUT1,6749,28,2.80615230768476
DSN1,4098,17,2.80588329426894
CBX7,10848,45,2.8057920044689
IFI27,12779,53,2.80525041642515
RHOG,11092,46,2.80504999913053
DPF1,19292,80,2.80482241707361
CCDC92,12058,50,2.80470611161595
PPIL2,22911,95,2.80460817765893
PPP2R5D,10612,44,2.80445238773099
KCNH5,8443,35,2.80390884824181
TAX1BP3,4101,17,2.80383070956209
RGMB,12786,53,2.80371461532121
PASK,27272,113,2.80255465767583
KAZN,20032,83,2.80250513417612
PRCC,20034,83,2.80222535928003
TSKU,9897,41,2.80203091451646
GCHFR,5552,23,2.80201860503926
DPF3,33317,138,2.80159809619917
NAPB,4105,17,2.80109859681221
ALAS1,12074,50,2.80098942304664
SERTAD4,8696,36,2.80011330859969
CD1D,7006,29,2.79975804316896
C1RL,8939,37,2.79966084097328
MAPKAPK2,10393,43,2.79846683466987
FATE1,4109,17,2.79837180333758
TUBB6,4594,19,2.79740435169106
CPT2,4111,17,2.79701039647632
GAD1,28295,117,2.79684758182168
SP2,4112,17,2.79633018966783
POLR2I,4354,18,2.79625463155522
TAF6,16208,67,2.79600543150168
F2,7984,33,2.795670911066
LTB,4116,17,2.79361266761762
AIFM2,12109,50,2.79289340935379
TOX3,8962,37,2.79247581538275
CAPS,9934,41,2.79159451992847
BOC,30534,126,2.79112624158446
AIPL1,4120,17,2.79090042230926
BRD9,28598,118,2.79086597851324
CREG2,4363,18,2.790486515194
NPAS2,32965,136,2.79047710964092
C5orf47,8000,33,2.79007956924387
GABRR2,8000,33,2.79007956924387
LRRC56,8000,33,2.79007956924387
RS1,8000,33,2.79007956924387
TFCP2L1,8000,33,2.79007956924387
MLC1,9941,41,2.78962880605265
ANGPTL2,8004,33,2.78868522663056
SMOC1,16010,66,2.78833685870718
EGLN3,8248,34,2.78819343838849
AKT2,36875,152,2.78807334870101
GEM,5580,23,2.78795829662687
NOVA2,8735,36,2.7876113716752
TET2,5582,23,2.78695938645252
SUN5,4126,17,2.78684191466654
WT1,31069,128,2.78660447752727
MESP2,8010,33,2.78659632383907
TRIM62,8010,33,2.78659632383907
ALPL,19906,82,2.78626544368224
FSTL1,14325,59,2.78580053240913
CCR7,8013,33,2.78555304554486
PRR5-ARHGAP8,8257,34,2.78515435143857
SMPD1,7045,29,2.78425902774191
CD24,5588,23,2.78396694616642
CCR10,6074,25,2.78392709037414
KDELR3,8018,33,2.78381598328149
JAG1,22356,92,2.78346883077079
ZNF683,7777,32,2.7831109204158
TMEM94,32085,132,2.78268805410017
HHEX,6077,25,2.7825527640172
DENND1C,14342,59,2.78249844001958
DLG5,36709,151,2.78225562688912
IL12B,4376,18,2.78219667865435
THYN1,5592,23,2.78197555350106
ITPKC,8024,33,2.78173436614543
KCNH8,8024,33,2.78173436614543
CD82,25296,104,2.78082796850251
CD300LG,8028,33,2.7803483500188
DSTYK,4136,17,2.78010390230032
BLVRB,8029,33,2.78000206176995
NOL6,9249,38,2.77895460950778
AVIL,19962,82,2.77844904929059
ANP32B,9251,38,2.77835381940736
NTMT1,14364,59,2.77823674650242
ITFG2,26785,110,2.77775328902383
EIF2B4,9256,38,2.77685298004942
BMPR1A,4872,20,2.77661299621224
WBP2,12180,50,2.77661299621224
LRRC75A,8040,33,2.77619857636206
PPP1R26,8284,34,2.77607671171273
FHOD3,24123,99,2.77585332097388
HNF1B,8041,33,2.77585332097388
PCNT,31677,130,2.77582411099691
FBXO6,8286,34,2.77540664733626
RHOBTB2,30221,124,2.77527159289188
BTBD17,5363,22,2.77464560307676
EOMES,4388,18,2.77458811891327
TSPO,4388,18,2.77458811891327
SLC39A6,8045,33,2.77447315773163
NKX3-2,7314,30,2.77433521688803
WNT5B,23408,96,2.77395595028285
PITPNM3,16095,66,2.77361125243255
ABCB9,29515,121,2.77290645540076
ELN,20981,86,2.77245753898518
FGF2,4149,17,2.77139304408632
ZBP1,10495,43,2.77126877681982
ITGB8,9275,38,2.77116454806873
MPP3,16600,68,2.77072523853353
PHKG2,12939,53,2.7705614863202
GSTM5,6836,28,2.7704391346642
CDK5RAP3,23927,98,2.77032334751434
TPM1,21487,88,2.7701260053615
CYP1B1,10257,42,2.76962882780995
CAMK1,11723,48,2.76946007354009
AKR1B1,11968,49,2.76928169852839
DUS2,24425,100,2.76922385210768
ILK,9038,37,2.76899405371323
SMIM13,4397,18,2.76890895287501
GMFG,8552,35,2.76817146932946
DHX37,20037,82,2.76804910525222
RHD,4155,17,2.76739103247031
SYS1-DBNDD2,8310,34,2.76739103247031
NR1H3,15645,64,2.76692280320533
COLEC11,12468,51,2.76672515397356
GRIP2,21758,89,2.7667101940932
MARK2,29339,120,2.76648662549086
PHF7,12959,53,2.76628559854132
SLC25A23,18339,75,2.76616606362384
PDPK1,20786,85,2.76592652263883
SWT1,4402,18,2.76576389500033
KMT5A,10521,43,2.76442028445243
CEACAM3,8566,35,2.76364725726192
LILRB1,12483,51,2.76340056234418
SLC6A13,15665,64,2.7633901855185
STAG3,22520,92,2.76319845385043
RALGPS1,18849,77,2.76309009987544
TMEM161A,13956,57,2.76252699734926
TMPRSS3,14446,59,2.7624666085256
PM20D1,12000,49,2.76189694733232
ZNRF3,12000,49,2.76189694733232
SCUBE2,30125,123,2.76166306665255
CLDN2,10042,41,2.76157139623276
PLA2G2C,10287,42,2.76155175336315
EPOR,7104,29,2.76113525484822
DDX56,11269,46,2.76099162218084
MTCL1,31856,130,2.76022665633002
FCN3,5146,21,2.76021015223928
MAST3,24015,98,2.76017183993236
TSPAN2,8089,33,2.75938145060588
CCDC86,9072,37,2.75861643049605
MANEAL,5641,23,2.75781019237333
IGSF3,9324,38,2.75660137101432
DLX1,6627,27,2.75574754771196
TRANK1,17183,70,2.75544461452663
SLC8A2,12030,49,2.75500942377288
POR,38801,158,2.754271856102
GFRA1,12525,51,2.75413406944051
SLCO3A1,20630,84,2.75405553919987
SHISA5,16463,67,2.7526973233177
TMEM196,4423,18,2.75263230065373
APOLD1,8109,33,2.75257572499087
KRT6A,6635,27,2.75242486792572
PPP1R9A,6881,28,2.75232116328505
PIM2,8110,33,2.75223631984599
LZTS1,8111,33,2.75189699839119
VTI1A,8361,34,2.75051064224713
POLD2,12794,52,2.74909427431763
SCNN1A,22646,92,2.74782430366121
ATAD3B,23878,97,2.74768170743355
FKBP6,4185,17,2.74755310392213
MAP4K1,20679,84,2.74752965683512
TP53TG3D,4926,20,2.74617509491393
PRRC2B,31773,129,2.74614916558625
GOLGA8B,21186,86,2.74563068183933
RCN3,8623,35,2.74537891751195
G6PD,12567,51,2.74492951537697
TRAF3,23904,97,2.74469309781201
DOCK1,12079,49,2.74383337759647
TTC38,12079,49,2.74383337759647
ANKZF1,9862,40,2.74339049230299
CLDN11,6412,26,2.74266314298345
PNPO,7892,32,2.74255621237629
GLS2,16280,66,2.74209294274582
TIMP2,15047,61,2.74203219768163
DMWD,10114,41,2.74191219705056
EGFLAM,18999,77,2.74127508250709
CD247,24181,98,2.7412235530365
NOTCH3,16532,67,2.74120832529514
CHCHD6,20003,81,2.73894000880175
SIX4,5186,21,2.73892044801838
SIGLEC6,7409,30,2.73876201596964
TP53TG3C,4941,20,2.73783819420078
PNPLA1,8400,34,2.73774041426527
INPP5D,29404,119,2.73736798324714
GPX3,9637,39,2.73725579632819
ZNF408,5685,23,2.73646566317994
TUBA4A,9641,39,2.73612012334973
TNFAIP8L3,8405,34,2.73611177630318
GATA4,16072,65,2.73549590480492
POLR1E,4205,17,2.7344850748904
PEX26,4454,18,2.73347388095901
THAP8,4454,18,2.73347388095901
TMEM37,6189,25,2.73219795555543
GNPTG,9162,37,2.73151803726917
NPY5R,4210,17,2.7312374679131
CNDP2,21056,85,2.73045918975925
BCL2,17093,69,2.73038213804094
CX3CR1,5699,23,2.72974334009088
ACAD8,12637,51,2.7297245564408
GRHPR,10160,41,2.72949802765447
CD1E,6198,25,2.72823058195104
RHCE,12149,49,2.72802398287825
POP7,4215,17,2.72799756581593
GNAQ,5207,21,2.72787429295628
RDH10,10414,42,2.72787429295628
PHF12,22565,91,2.72771310679524
PML,21326,86,2.72760628460321
TMEM106A,5209,21,2.7268269232911
PFKP,24067,97,2.72610395188841
CALM1,11666,47,2.72501264497113
CYP4F3,12412,50,2.72471368787183
OGG1,5959,24,2.72414670600021
IL12RB1,8194,33,2.7240220348976
ANKRD53,7946,32,2.72391815102865
RGS10,17383,70,2.72374186339591
NDRG1,49919,201,2.72347138567154
NTRK3,33539,135,2.72255269964626
PLTP,5218,21,2.72212369555833
NAGLU,8697,35,2.72201936365477
ATP1B2,11183,45,2.72174118434039
RFTN1,27092,109,2.72131031007773
PCDH17,8948,36,2.72125450732933
SDK1,28336,114,2.72119048383725
FKRP,6712,27,2.72084907608569
PLAU,5970,24,2.71912734021026
SERPINB1,7960,32,2.71912734021026
LRRTM1,4478,18,2.71882373063677
EPHB1,24881,100,2.71847162846068
MYOM3,11696,47,2.71802304345359
NXF3,11945,48,2.71798915379745
NUMA1,32609,131,2.71723031340816
MFN2,23150,93,2.71721866551141
DLGAP4,31614,127,2.71717060752886
DTX2,26886,108,2.71700349604808
RAC2,12200,49,2.71661994819572
HIRIP3,4482,18,2.71639729267993
SERP2,8217,33,2.71639729267993
UNC5C,4234,17,2.71575572506238
LMX1A,8969,36,2.71488296706242
RNPS1,13956,56,2.71406161143085
SLC16A11,4486,18,2.71397518185275
P4HB,15706,63,2.71311118873488
EIF3G,7230,29,2.71301588526165
HDAC6,17452,70,2.71297300088306
SLC43A3,9724,39,2.7127657454972
OLFML2B,8229,33,2.71243608627427
NR1I2,10226,41,2.7118814747672
TNNT1,15466,62,2.71147946491612
PLEKHM1,30191,121,2.71081892057744
THNSL2,14725,59,2.71012513594301
UBXN11,15973,64,2.71010500570634
UQCRC1,11983,48,2.7093699776442
LEMD1,13482,54,2.7091438953697
PSMB8,4744,19,2.70895353955918
KIAA1191,4245,17,2.70871843107518
SPSB4,12486,50,2.70856529664145
DGKD,38462,154,2.70820473675588
SCAMP2,10741,43,2.7077986977678
ZNF696,5746,23,2.70741512272502
SIM1,9244,37,2.70728778207055
THEMIS2,14743,59,2.70681629429294
RNF214,9998,40,2.70607291809283
GTSE1,12000,48,2.70553170350921
TMEM163,12000,48,2.70553170350921
ADAMTS15,4000,16,2.70553170350921
ADAMTS8,8000,32,2.70553170350921
ANKK1,8000,32,2.70553170350921
ANKRD50,4000,16,2.70553170350921
B3GNT9,4000,16,2.70553170350921
B4GALT5,4000,16,2.70553170350921
C3orf70,4000,16,2.70553170350921
C5orf52,4000,16,2.70553170350921
C6orf47,4000,16,2.70553170350921
CAPN14,8000,32,2.70553170350921
CCDC85B,4000,16,2.70553170350921
CEBPD,4000,16,2.70553170350921
CLC,4000,16,2.70553170350921
CST6,4000,16,2.70553170350921
DDX28,4000,16,2.70553170350921
DGAT2L6,4000,16,2.70553170350921
DSEL,4000,16,2.70553170350921
EMILIN3,4000,16,2.70553170350921
F8A1,4000,16,2.70553170350921
F8A3,4000,16,2.70553170350921
FGF18,4000,16,2.70553170350921
GNA14,8000,32,2.70553170350921
GOLGA8H,4000,16,2.70553170350921
GOLGA8R,4000,16,2.70553170350921
HAND1,4000,16,2.70553170350921
HTRA4,4000,16,2.70553170350921
IGLON5,4000,16,2.70553170350921
ISM1,4000,16,2.70553170350921
JUN,4000,16,2.70553170350921
KCNK13,4000,16,2.70553170350921
KCNK18,4000,16,2.70553170350921
KDF1,4000,16,2.70553170350921
KRT3,4000,16,2.70553170350921
LAGE3,4000,16,2.70553170350921
LBP,4000,16,2.70553170350921
LRIT1,4000,16,2.70553170350921
MAB21L1,4000,16,2.70553170350921
MAN1A1,4000,16,2.70553170350921
MB21D2,4000,16,2.70553170350921
MS4A10,4000,16,2.70553170350921
MZT1,4000,16,2.70553170350921
NES,4000,16,2.70553170350921
NOA1,4000,16,2.70553170350921
NOTO,4000,16,2.70553170350921
NT5C1A,4000,16,2.70553170350921
OLFM4,4000,16,2.70553170350921
PADI6,4000,16,2.70553170350921
PDXP,8000,32,2.70553170350921
PIRT,4000,16,2.70553170350921
POTEG,4000,16,2.70553170350921
PRKAA2,4000,16,2.70553170350921
RASSF9,4000,16,2.70553170350921
RBM15B,4000,16,2.70553170350921
RGS16,4000,16,2.70553170350921
RHOB,4000,16,2.70553170350921
RNF222,4000,16,2.70553170350921
SCT,4000,16,2.70553170350921
SERTM1,4000,16,2.70553170350921
SLC35D1,4000,16,2.70553170350921
SMIM10L2A,4000,16,2.70553170350921
SNAI1,4000,16,2.70553170350921
SOWAHC,4000,16,2.70553170350921
SOX11,4000,16,2.70553170350921
TFF1,4000,16,2.70553170350921
TIGD1,4000,16,2.70553170350921
TRIM6-TRIM34,4000,16,2.70553170350921
UBE2J1,4000,16,2.70553170350921
UBTD2,4000,16,2.70553170350921
UCN3,4000,16,2.70553170350921
WBP4,4000,16,2.70553170350921
XYLT1,16000,64,2.70553170350921
YWHAG,4000,16,2.70553170350921
ZNF449,4000,16,2.70553170350921
WDFY4,20003,80,2.70512593461902
HAGH,16253,65,2.70503231292836
TNFAIP8L1,4501,18,2.70493060781858
COL26A1,8002,32,2.7048554896368
CXCR3,4001,16,2.7048554896368
TM9SF4,10003,40,2.70472028742298
ZNF282,12004,48,2.7046301601225
NR5A2,9254,37,2.70436224956345
ARF6,4002,16,2.70417961370236
GIPR,12508,50,2.70380127069596
C8orf33,4003,16,2.70350407545262
SV2A,4003,16,2.70350407545262
SLC5A9,14012,56,2.70321466237003
GJA5,8008,32,2.70282887463457
FBXL8,5757,23,2.70224201757477
CHCHD7,6759,27,2.7019291313341
CHRNA2,14272,57,2.70136118098418
PFDN4,4507,18,2.7013296351878
IFT20,7513,30,2.70085022977759
CKMT2,10269,41,2.70052585071276
MAX,5010,20,2.70013144062795
SHOX,16032,64,2.70013144062795
ZNF837,4008,16,2.70013144062795
GOLGA6L2,4009,16,2.69945792318205
TGM4,12027,48,2.69945792318205
HMGB3,9022,36,2.69893430853279
KCNA3,4010,16,2.69878474165507
TCEAL7,4010,16,2.69878474165507
DIDO1,12036,48,2.69743938535315
SLC25A4,4012,16,2.69743938535315
PLEKHA2,10281,41,2.69737379252693
OLFML2A,8025,32,2.69710325583472
CTDSPL,16304,65,2.69657079134106
TVP23A,9784,39,2.69612981492383
USP36,22331,89,2.69571807814607
SV2C,8031,32,2.69508823659241
ISCA2,4016,16,2.69475269273825
KCNMB1,4267,17,2.69475269273825
CTTN,24098,96,2.69452904324927
ARMC6,10293,41,2.69422908393757
PTPRJ,12302,49,2.69409554283757
CDPF1,6026,24,2.69385831746685
IGF1R,49972,199,2.69351241194235
SHCBP1L,4776,19,2.69080309708307
GABRA5,9804,39,2.69062975410187
NDUFA13,4525,18,2.69058401453954
ZNF511,4526,18,2.68998954171265
FABP5,6790,27,2.68959337241343
ACSBG1,25903,103,2.68955106996727
WDR88,4024,16,2.68939533152009
CSRP2,8049,32,2.68906120363693
POFUT2,20123,80,2.68899438802287
MPC2,5032,20,2.68832641445669
IDH3B,8303,33,2.68826165891256
PTGER4,5787,23,2.68823350530118
KREMEN1,15852,63,2.68812290753659
PIP5K1C,12078,48,2.68805931794258
NRP2,27182,108,2.68741652544878
ATP1B4,4027,16,2.68739180879981
ZNF396,4027,16,2.68739180879981
APIP,4028,16,2.68672463109157
ZC3H18,26187,104,2.68621164284719
FAM181A,8061,32,2.68505813522809
MAPK3,9825,39,2.68487878974196
FAM151A,4031,16,2.68472508410738
HAAO,8062,32,2.68472508410738
MED9,4031,16,2.68472508410738
KCTD7,8314,33,2.6847049018464
LDLRAD4,63237,251,2.68469589631391
PARVG,16629,66,2.6845434546817
CISD1,8063,32,2.68439211559887
KLHL42,8819,35,2.684363579284
MAP2K2,19654,78,2.68433236076267
BTN2A1,8064,32,2.68405922967183
KCTD17,9326,37,2.68348362185934
KIF16B,8066,32,2.68339370543933
FADS1,20169,80,2.6828615236345
IGF1,11093,44,2.68284943104672
UBL5,4034,16,2.68272851116431
ZNF593,4034,16,2.68272851116431
MAGED2,8574,34,2.68218095169446
PFKFB3,24210,96,2.68206364660145
SAMD4A,26987,107,2.68177170744697
FLRT2,13371,53,2.68104816928405
MDH2,12110,48,2.68095627102481
MBP,35576,141,2.68073961515346
GLMP,6308,25,2.6806552230394
UBAC1,15142,60,2.68015952665686
ZC2HC1A,4039,16,2.67940748057362
CARD14,26509,105,2.67909793719555
CXorf38,4040,16,2.67874426090021
TMCC2,14898,59,2.6786543580857
FAM110A,10353,41,2.67861489046357
MED25,10101,40,2.67847906495318
LIN9,4798,19,2.67846510872629
UMODL1,24000,95,2.67734908159765
HIVEP3,24253,96,2.67730841067996
EIF5A2,4046,16,2.67477182749304
LYSMD1,4046,16,2.67477182749304
TFE3,13151,52,2.67446674364077
ZNF496,10622,42,2.67445705957886
CIB1,6072,24,2.67345029991028
OAZ3,8349,33,2.67345029991028
SMIM3,4048,16,2.67345029991028
FBXO45,4049,16,2.67279002569445
TRAF1,10377,41,2.67241977074004
CLEC4G,9871,39,2.6723669445056
FBXW9,4050,16,2.67213007753996
CDC20,6077,24,2.67125065345652
SLC35B1,9876,39,2.67101398432713
RAPGEF1,22538,89,2.67095928667494
PCBP3,44570,176,2.67093100638109
ARPC5,5825,23,2.67069653136102
MTERF4,15956,63,2.67060192593821
TMCC3,8359,33,2.67025201028245
GALT,6333,25,2.6700731323121
BCL7C,8360,33,2.66993260214724
PGS1,16723,66,2.66945363319392
WDR3,4055,16,2.66883521924459
RNF8,8112,32,2.66817722239567
SLC22A5,25099,99,2.66791145710398
MPND,10143,40,2.66738805433226
LIMD1,12427,49,2.66699632799451
GABPA,4819,19,2.66679302587025
LGALS9,17249,68,2.66647567741066
CERCAM,17503,69,2.66642414931919
CXADR,8118,32,2.6662051771463
VPS25,4059,16,2.6662051771463
HDAC11,9896,39,2.66561581540166
ASF1B,4060,16,2.66554847636375
ZBTB33,4060,16,2.66554847636375
CCDC142,10152,40,2.66502334861033
CEMIP,16244,64,2.66489209899947
FMNL3,12945,51,2.66477630125472
ZCWPW1,18784,74,2.66462609214866
CAPZB,17515,69,2.66459731005046
ZNF519,4062,16,2.66423604481458
MAP1S,14220,56,2.66367396969964
CD3G,4063,16,2.66358031357047
ARPC1B,20823,82,2.66356432415784
CRTAC1,16513,65,2.66244111802971
CHSY3,7622,30,2.66222615800565
ZNF32,6606,26,2.66211869100967
ZNFX1,8385,33,2.66197215908777
FAM20B,8131,32,2.66194239676223
P3H1,17535,69,2.66155813433327
TBC1D16,13978,55,2.66140083869306
IL15RA,14745,58,2.66057712450889
BRI3,12716,50,2.65957426029137
ARL8A,10432,41,2.65833013429538
SLITRK4,5598,22,2.65816798308336
PRDM15,34873,137,2.65719785636998
MAK,4073,16,2.65704071054182
CAMKK1,8148,32,2.65638851596388
SMIM22,8403,33,2.65626996952885
REEP1,18844,74,2.6561418231225
FGF14,12478,49,2.65609579804358
PRSS3,8151,32,2.65541082420239
RNF187,4840,19,2.65522222968362
UBOX5,4331,17,2.65493182634822
SLC24A1,19618,77,2.65478057358305
FOXB1,4077,16,2.65443385186089
C12orf75,12232,48,2.65421684451525
CAMK2A,24468,96,2.65378293625229
LILRA1,4078,16,2.65378293625229
ZNF821,12744,50,2.65373087679419
LNP1,4079,16,2.65313233979819
TMEM53,4079,16,2.65313233979819
RYBP,9433,37,2.65304444582425
NR2F1,12238,48,2.65291554519615
ZFYVE27,12501,49,2.65120897272121
CTDP1,15308,60,2.65109586834584
TMEM107,4083,16,2.65053314083684
ARHGEF10,39558,155,2.65026931369083
COPS7A,8423,33,2.64996278688721
CDS2,8169,32,2.64955975371204
ZNF526,4085,16,2.64923545019261
BTBD16,12000,47,2.6491664596861
DUSP10,12000,47,2.6491664596861
ICAM3,8938,35,2.64862412236581
ACVR2B,8429,33,2.64807646861442
IQCB1,4087,16,2.64793902961508
OLFML3,5109,20,2.64780945733921
YWHAH,6900,27,2.64671579691118
SDR16C5,4601,18,2.64614054896575
GPX1,4857,19,2.64592867853999
TOB1,5624,22,2.64587915528105
CSRP1,14827,58,2.64586293254762
ZNF616,5113,20,2.64573802416312
NUP153,4091,16,2.6453499912092
FDPS,9717,38,2.64511178175748
ZNF606,4603,18,2.64499080290928
NOL12,9462,37,2.64491315339888
C19orf67,4092,16,2.64470352249189
EIF5A,5372,21,2.64408813168714
SPNS3,17651,69,2.64406673194345
EAF2,4094,16,2.64341153249556
HAS1,8701,34,2.64303177563823
EPB41L4B,4095,16,2.64276601075381
WNT8A,4095,16,2.64276601075381
ABRACL,4097,16,2.64147591262798
GATAD2A,26383,103,2.64061863189789
ETS2,8453,33,2.64055797396794
SMOX,21521,84,2.64003372397627
LPO,15373,60,2.63988652524804
CDC42SE1,8199,32,2.63986506013827
TNFAIP8,13324,52,2.63974122978233
NXF1,14095,55,2.63930904031583
PMP22,18199,71,2.63878167686623
NME2,7948,31,2.63813169378414
FXYD5,11538,45,2.63799893087871
CROCC,38977,152,2.63771467104574
LYG2,5385,21,2.63770500342123
TACR1,8463,33,2.63743785347406
PKN3,9489,37,2.63738731767944
TESC,12824,50,2.63717609902254
USP46,10775,42,2.6364810103802
BRPF3,15909,62,2.63597595099583
PLXNA4,12831,50,2.63573737774648
HPCAL1,21815,85,2.63545948657211
UBXN1,5134,20,2.63491595589132
C19orf12,8729,34,2.63455372663859
RABL2B,13353,52,2.63400824875456
THBS1,14637,57,2.63399786670808
DDX5,10015,39,2.63394249717571
UBE2O,13869,54,2.63354805662804
POMT1,24143,94,2.63347533581023
ORAI2,7193,28,2.63293784576178
RAB25,8223,32,2.63216023690547
ERBB3,26213,102,2.63194058060828
TMEM164,8484,33,2.63090954195556
XKR6,8999,35,2.63067034178304
MYADM,9002,35,2.62979364649029
AGPAT3,49643,193,2.62961353452288
TMPRSS5,8748,34,2.62883167350575
CFAP45,13896,54,2.62843105910869
ST3GAL2,16215,63,2.62794476289053
DPYSL2,24709,96,2.62789918184552
FANCG,8495,33,2.6275028315422
LMBR1L,14168,55,2.62571011598331
GCH1,4380,17,2.62523053422697
ATPAF2,13405,52,2.62379053678625
LTF,17272,67,2.62376424466068
CD6,17791,69,2.62326018130144
XXYLT1,36614,142,2.62321449376132
ANO8,4126,16,2.62291003733321
CSF3,4126,16,2.62291003733321
SPIN2A,4126,16,2.62291003733321
ASAP3,18052,70,2.62280106422619
CYP2S1,8512,33,2.62225523425176
FAH,24768,96,2.62163924758644
KLF8,9547,37,2.62136464412487
ALPK3,8000,31,2.62098383777455
BPIFA2,8000,31,2.62098383777455
C1orf94,8000,31,2.62098383777455
C20orf202,8000,31,2.62098383777455
CDH22,8000,31,2.62098383777455
CEACAM6,8000,31,2.62098383777455
DNER,8000,31,2.62098383777455
EVPLL,8000,31,2.62098383777455
LRRC18,8000,31,2.62098383777455
NTN1,8000,31,2.62098383777455
OPA3,8000,31,2.62098383777455
RANBP9,8000,31,2.62098383777455
REN,8000,31,2.62098383777455
RP1L1,8000,31,2.62098383777455
RRP36,8000,31,2.62098383777455
SLC5A5,8000,31,2.62098383777455
SYPL2,8000,31,2.62098383777455
TRRAP,24777,96,2.62068696307951
HSPA12A,31490,122,2.62047370457386
RGS3,51109,198,2.6203568710737
ITPRIPL1,4906,19,2.61950175125739
ST20-MTHFS,4648,18,2.61938310365564
IL24,4390,17,2.61925051023101
ZMAT3,4649,18,2.61881967429371
MMP28,12140,47,2.61861594038165
GNB1L,4133,16,2.61846765401327
BHMT2,8009,31,2.61803854441208
TGIF1,17053,66,2.61779587802158
SPATA24,5426,21,2.61777394829033
TRIM54,8527,33,2.61764237761827
MLEC,8269,32,2.6175176717951
REST,5685,22,2.61748889521559
RIIAD1,12665,49,2.61687827619327
NNMT,14734,57,2.6166571721872
TCHP,17578,68,2.6165683786356
SAMD5,8536,33,2.61488244540194
SSU72,8279,32,2.61435603672831
TMEM233,4140,16,2.61404029324561
NAPSA,10609,41,2.61397869365344
PCSK6,52539,203,2.61340592613282
EXOC3,21742,84,2.61319868336369
MIEF1,8025,31,2.61281877908989
TNFAIP1,8804,34,2.61211034527809
DCAF8,26417,102,2.61161594577298
CNNM4,8029,31,2.61151708832935
ZNHIT1,6216,24,2.61151708832935
MEF2A,9066,35,2.61122903217577
POLR1A,23833,92,2.61096920994889
SPATC1,4146,16,2.61025731163455
UBN1,25397,98,2.60997467165317
KLF3,4147,16,2.60962787895752
GFOD1,13479,52,2.60938587028857
SCRG1,16331,63,2.60927832528749
TMEM54,9851,38,2.6091311728086
ARL6IP1,4148,16,2.6089987497678
NGEF,28000,108,2.60890557124102
INHBA,13225,51,2.60835759695595
ARAF,10374,40,2.6079927737702
CYP11A1,13488,52,2.60764473202993
BRMS1,7004,27,2.60741561945847
BMP7,21018,81,2.6066712815711
MROH7-TTC4,8046,31,2.60599934156057
CYB5R2,14538,56,2.60540953701533
XKR8,4674,18,2.6048122947778
NPC2,4935,19,2.60410852921352
CD19,8834,34,2.60323969660723
PFDN5,6497,25,2.60267402600162
ARHGAP35,20013,77,2.6023827158623
SDR39U1,5979,23,2.60190789349021
PPP5C,18459,71,2.60161372432355
RFXANK,10925,42,2.60028218643906
SNRNP70,9105,35,2.60004419612362
KLF12,12488,48,2.59980624936823
IFITM3,8846,34,2.59970828395074
NHLRC2,4163,16,2.59959808168072
CLCN1,9367,36,2.59952869985939
SLIT3,16393,63,2.59940976821021
ZMYND8,20817,80,2.59934832445521
KLC1,33315,128,2.59873974222706
PABPN1,5988,23,2.59799721028356
KLHDC4,32546,125,2.59779591146878
ARL15,4167,16,2.59710266715547
ILF3,24228,93,2.59631880908821
ZNF664,9640,37,2.59607554537969
SNX32,4170,16,2.59523424797046
GABRB1,8082,31,2.59439132667612
COX19,4433,17,2.59384383936705
TMEM200C,4433,17,2.59384383936705
ARHGEF37,12000,46,2.59280121586299
BCL9,12000,46,2.59280121586299
BDKRB1,12000,46,2.59280121586299
C4orf50,12000,46,2.59280121586299
CORO2B,12000,46,2.59280121586299
RASSF2,12000,46,2.59280121586299
SH2B3,12000,46,2.59280121586299
DACT1,8870,34,2.59267412399417
RGPD8,13566,52,2.59265163980685
SPIN2B,4958,19,2.59202815483436
MICAL2,77763,298,2.59200534844895
MROH1,24794,95,2.59160998460691
INSIG1,7831,30,2.59117453407216
LCLAT1,4177,16,2.59088504046848
TRIM68,8093,31,2.5908650317801
ROMO1,4179,16,2.58964508591453
RAET1E,10187,39,2.58947031601205
DNAI2,12022,46,2.58805644571252
PKNOX2,21431,82,2.58799868983896
RNF170,4705,18,2.5876498758324
NFATC3,15950,61,2.58679363501664
TPO,25111,96,2.58582935304134
RNF212,20403,78,2.58578974750917
CD300LF,8110,31,2.5854341186432
PXMP2,10727,41,2.58522419697673
RNF14,10466,40,2.58506755542634
ISLR2,11776,45,2.58468339542108
SH2D4B,14917,57,2.58455633002656
DDX49,12039,46,2.58440190965661
RAB11FIP1,12043,46,2.58354351825591
MOSPD3,4713,18,2.58325751449001
TECPR2,16234,62,2.58320447236619
FRMD8,12307,47,2.58308259659
C1orf198,9166,35,2.58274082540973
TUBG2,4976,19,2.58265184720031
SPINT1,11262,43,2.58253115012644
RSAD1,9169,35,2.58189577987846
MAST1,24626,94,2.58182388664283
LRRC8D,20439,78,2.58123529617053
APOBEC3D,8389,32,2.58007553082294
CCDC74A,5506,21,2.57973872928139
WDR27,26482,101,2.57966450848152
C9orf78,9178,35,2.57936395791083
SYNE3,16000,61,2.57870990490721
HGH1,4985,19,2.57798908559052
BCL2L2-PABPN1,8134,31,2.57780559407381
FAM186B,9710,37,2.57736027368282
GCN1,28095,107,2.57600900761243
PLEKHB1,14442,55,2.57589398443786
HS6ST2,7880,30,2.5750619005481
RCAN1,18650,71,2.57496985186533
FXYD4,6833,26,2.57368009261084
CCHCR1,11831,45,2.5726677089408
SS18L2,8414,32,2.57240951129946
MOCS1,10257,39,2.5717981972521
PPP2R2C,27887,106,2.57096819819249
FAM217B,9735,37,2.57074147482899
STRC,18682,71,2.57055924083548
TCTA,4211,16,2.56996599715907
POU5F1,11844,45,2.56984394330282
PRPSAP1,18951,72,2.56976258050582
CPXM2,19486,74,2.56863063301449
KCNE1,13168,50,2.56828267723763
PFKFB1,8166,31,2.56770398018569
ACLY,16071,61,2.56731743379475
CENPT,20029,76,2.56653364454915
WRNIP1,7380,28,2.56622248300331
NBPF14,6326,24,2.56610657936378
TULP1,10811,41,2.56513735648593
MXI1,20836,79,2.56451579690473
SLC39A14,24001,91,2.56451173929563
ZBTB21,6330,24,2.56448502702295
ARHGEF39,10551,40,2.56424197091196
GAREM1,12398,47,2.5641230453487
SHD,12926,49,2.56403863283211
AP1B1,20054,76,2.56333411621995
EGFR,22435,85,2.56262753285361
ALYREF,6599,25,2.56244478662412
TCAF1,10559,40,2.56229917938177
EPHB4,18746,71,2.56178319306991
KLK12,4489,17,2.56148579637205
TMEM234,10564,40,2.56108642891822
RBP1,8193,31,2.55924212159116
THAP5,4494,17,2.5586359011825
GLI2,12425,47,2.55855110794633
ZFYVE19,10577,40,2.55793864376402
EPHB2,16131,61,2.55776817795025
TP53,10578,40,2.5576968269136
ZBTB14,7406,28,2.55721333034897
ZNF7,9524,36,2.55667632628968
C22orf15,4233,16,2.55660921663993
SNRNP200,23017,87,2.55660227446345
CASQ2,12170,46,2.55658295730122
TNFRSF8,8202,31,2.55643388224779
ZNF667,8997,34,2.55607641211829
POLR3D,6088,23,2.55532314309756
PELI2,5295,20,2.5547985868831
LAIR1,17211,65,2.55446459717766
C2orf81,7945,30,2.55399468550271
ACP2,7946,30,2.55367326658936
DNAAF5,18278,69,2.55336589810339
ZDHHC3,28082,106,2.55311552392971
GRAMD1A,23049,87,2.55305282447504
EHF,15633,59,2.5527149380644
SUPT5H,29686,112,2.55187252234245
BLK,22800,86,2.5512689309407
NAA60,22535,85,2.55125576656626
LSM1,4242,16,2.55118501038115
ADARB1,24924,94,2.55095470359759
MAML1,10076,38,2.55086851759999
TPBG,5038,19,2.55086851759999
IFT27,14852,56,2.55032614120179
ANKMY2,4244,16,2.54998275542809
GAS7,36615,138,2.549251502692
ZDHHC9,10085,38,2.5485920856061
CNNM3,11414,43,2.54813963665008
STIP1,14600,55,2.54801787145559
TPRA1,16459,62,2.54789120872427
ATAT1,9558,36,2.54758164172242
NCOA4,11949,45,2.54726183483794
DMRT2,8766,33,2.54627384827184
TMED1,5314,20,2.54566400405458
SEC13,17007,64,2.54533470077893
UBA1,18338,69,2.54501155445162
TRPV1,16748,63,2.54431122105744
GALNT16,17014,64,2.54428748419815
DDX11,30844,116,2.54378223971492
PHGDH,38291,144,2.54365624628063
CGN,18615,70,2.5434759501161
MTF1,5053,19,2.54329617883806
FKBP8,10373,39,2.54303809015856
RAPGEFL1,15161,57,2.54296067376863
PKM,28196,106,2.54279295442595
COL17A1,21283,80,2.54243452850558
AK6,4523,17,2.54223076274909
RNF213,47364,178,2.54193397530107
SLC6A16,17563,66,2.54177948573148
FAM174B,23421,88,2.54138155831103
ZNF267,4259,16,2.54100183471163
SHROOM2,12249,46,2.54009425996864
MAPKAPK5,12516,47,2.53994866700489
EVL,39420,148,2.53943868670321
LRTOMT,4528,17,2.53942352913298
IGSF1,20243,76,2.5394013914279
LHFPL3,8258,31,2.53909792954667
PCSK9,12521,47,2.5389343915209
CAPN2,26644,100,2.53859377675012
IQUB,6129,23,2.53822928620949
WDR54,7195,27,2.53819860996347
ZP3,20253,76,2.53814755180343
CAMTA1,63172,237,2.53756020757488
FGF9,10929,41,2.53744166538287
ST8SIA5,14397,54,2.53696450631203
PCBD1,6666,25,2.53668964100398
ABCF2,4000,15,2.53643597203988
AKAP11,4000,15,2.53643597203988
ANKRD1,4000,15,2.53643597203988
APLN,4000,15,2.53643597203988
ARHGAP31,8000,30,2.53643597203988
AVPI1,4000,15,2.53643597203988
BEST4,4000,15,2.53643597203988
C7orf33,4000,15,2.53643597203988
CBR3,4000,15,2.53643597203988
CCL4,4000,15,2.53643597203988
CCL8,4000,15,2.53643597203988
CDC5L,4000,15,2.53643597203988
CEACAM18,8000,30,2.53643597203988
CENPQ,4000,15,2.53643597203988
CH25H,4000,15,2.53643597203988
CUX2,12000,45,2.53643597203988
FAM180B,4000,15,2.53643597203988
FBXO30,4000,15,2.53643597203988
FDX1,4000,15,2.53643597203988
FGFBP2,8000,30,2.53643597203988
FRAT2,4000,15,2.53643597203988
FZD1,4000,15,2.53643597203988
GOLGA8M,8000,30,2.53643597203988
GPR27,4000,15,2.53643597203988
GPR63,4000,15,2.53643597203988
HECA,4000,15,2.53643597203988
HEXIM1,4000,15,2.53643597203988
HPS6,4000,15,2.53643597203988
HS3ST4,8000,30,2.53643597203988
HSF5,4000,15,2.53643597203988
HSPA1A,4000,15,2.53643597203988
HSPA6,4000,15,2.53643597203988
INTS5,8000,30,2.53643597203988
ITGAD,8000,30,2.53643597203988
NDN,4000,15,2.53643597203988
NPIPB9,4000,15,2.53643597203988
NPTXR,4000,15,2.53643597203988
NUAK2,4000,15,2.53643597203988
NUDT11,4000,15,2.53643597203988
OSBPL11,4000,15,2.53643597203988
OSTF1,4000,15,2.53643597203988
OTUD1,4000,15,2.53643597203988
PAQR7,8000,30,2.53643597203988
PARD6G,4000,15,2.53643597203988
PDRG1,4000,15,2.53643597203988
PLAGL2,4000,15,2.53643597203988
PPIC,4000,15,2.53643597203988
PRRG4,4000,15,2.53643597203988
SH2D7,8000,30,2.53643597203988
SMIM10L2B,4000,15,2.53643597203988
SOX17,4000,15,2.53643597203988
TMED8,4000,15,2.53643597203988
TMEM203,4000,15,2.53643597203988
TMUB2,6400,24,2.53643597203988
TOPAZ1,4000,15,2.53643597203988
TRAM2,4000,15,2.53643597203988
TSSK6,4000,15,2.53643597203988
TUBB1,4000,15,2.53643597203988
UBL3,4000,15,2.53643597203988
UBTD1,4000,15,2.53643597203988
UTF1,4000,15,2.53643597203988
VSX2,4000,15,2.53643597203988
WNT8B,4000,15,2.53643597203988
ZC3HAV1L,4000,15,2.53643597203988
ZG16,4000,15,2.53643597203988
ZNF132,4000,15,2.53643597203988
ZP4,4000,15,2.53643597203988
MYLK3,24803,93,2.53612918221945
SLC5A7,4001,15,2.5358020215345
HOPX,8804,33,2.53528357041697
ADIG,4002,15,2.53516838784596
ISOC1,4002,15,2.53516838784596
ID1,12006,45,2.53516838784596
KCNG3,8005,30,2.5348516897338
BDNF,16277,61,2.53482573438075
IGF2R,34158,128,2.53460432438359
CCDC85A,8006,30,2.53453507073683
ZNF579,4003,15,2.53453507073683
NCSTN,15213,57,2.53426850555487
RAPSN,8007,30,2.53421853082541
LIMK1,17082,64,2.53415918839406
NPHS2,4004,15,2.53390206996991
PLOD1,16552,62,2.53357548359067
TSPAN14,16819,63,2.53357062431001
AFF3,23495,88,2.53337720694627
RIMS3,12282,46,2.53326938530825
APOBEC3C,4005,15,2.53326938530825
THRAP3,8011,30,2.5329531614429
ACP5,6676,25,2.53288992614328
SLC34A1,12017,45,2.53284777103092
ENO4,8013,30,2.53232095049533
PROCR,8281,31,2.53204573145711
PLA2G2F,4007,15,2.53200496335401
KSR1,45947,172,2.53200128954874
WDR82,12290,46,2.53162038977672
SPG7,49429,185,2.53152686251595
ICMT,4008,15,2.53137322558871
BATF3,9085,34,2.53131749915556
GOLGA3,22184,83,2.5306429339982
ALDH1B1,4010,15,2.53011069530163
CPN2,4010,15,2.53011069530163
FUT9,4010,15,2.53011069530163
HIF1AN,8555,32,2.53001211315882
CDA,4011,15,2.52947990230853
CYCS,4011,15,2.52947990230853
AP1S2,6418,24,2.52932225320275
ARHGEF3,24606,92,2.52894534587953
BCDIN3D,4012,15,2.52884942376858
CCM2L,4012,15,2.52884942376858
KIFC1,12038,45,2.52842927932203
CIZ1,27287,102,2.52834897348499
RABL2A,14714,55,2.52827653413427
ZPBP2,4014,15,2.527589409108
IYD,5085,19,2.52729116846976
DRG1,8029,30,2.52727460160905
FKBP7,4283,16,2.52676320663947
IL34,12314,46,2.5266862587588
ITPKA,8836,33,2.52610191873596
CPEB3,8033,30,2.52601615539886
EMP2,8034,30,2.52570173964639
GOLPH3,4017,15,2.52570173964639
PSAT1,4018,15,2.52507314289685
ADCY8,8576,32,2.52381688760187
CD5,4020,15,2.52381688760187
NDUFA3,7237,27,2.52346814960442
PRRX1,13671,51,2.52326305462237
CATIP,8846,33,2.52324627559925
ASIC2,10188,38,2.52282598972688
FBXO33,4558,17,2.52270946465865
ADGRG5,8046,30,2.52193484667152
TMED3,8047,30,2.52162144604437
C9orf85,4292,16,2.52146477493868
TGFB1,12878,48,2.52107318233503
FBXW10,8049,30,2.52099487840962
CDHR3,20393,76,2.5207229130915
DLGAP2,34078,127,2.52070636734601
HEBP2,6440,24,2.52068171134398
IL17RC,17443,65,2.52048903181933
ABHD1,8051,30,2.52036862207416
SPSB2,8051,30,2.52036862207416
ANGPTL4,5099,19,2.520352145846
MARVELD3,4026,15,2.52005561057117
TRAPPC6A,4026,15,2.52005561057117
ZNF835,4026,15,2.52005561057117
VEZF1,9395,35,2.51978737687127
PPL,15569,58,2.51976425594987
CEP164,32213,120,2.51966445550791
GPR83,4027,15,2.51942982074982
GOLGA8A,12350,46,2.51932101946202
TAF9B,4028,15,2.51880434164834
CIB2,8325,31,2.51866314741097
PAPSS2,5371,20,2.51864802039584
ZNF180,4029,15,2.51817917303538
FLAD1,12625,47,2.51801960524619
ZNF428,4030,15,2.51755431467978
ZNF578,8060,30,2.51755431467978
GABRG3,18272,68,2.51718689577805
TMEM106C,6987,26,2.5169537817103
B4GALT1,4031,15,2.51692976635066
HEBP1,12093,45,2.51692976635066
TRAF3IP1,12095,45,2.51651357292093
C7orf57,4032,15,2.51630552781734
LDHAL6A,4032,15,2.51630552781734
SOHLH2,4032,15,2.51630552781734
DCLRE1A,4301,16,2.51618851756262
KCMF1,5108,19,2.51591143141518
CBX6,4033,15,2.51568159884938
CTSW,4033,15,2.51568159884938
UBR2,4033,15,2.51568159884938
HSD17B2,12637,47,2.51562851279838
XPO4,4302,16,2.51560362948322
KRTDAP,8067,30,2.51536975038045
ACVR1B,9681,36,2.51521385513716
XAF1,9950,37,2.51519278969449
BTN2A2,8337,31,2.51503786760182
YBEY,4303,16,2.51501901325513
PPIP5K1,23398,87,2.5149719869786
PGPEP1,8069,30,2.51474628532892
STX16,8607,32,2.5147268070261
MAVS,4035,15,2.51443466868886
PPM1G,4036,15,2.51381166703655
LRR1,5651,21,2.51354476082522
HEY1,5382,20,2.51350028196693
STK26,4306,16,2.51326679378468
CAPNS1,9420,35,2.51310004306853
GSG1L,12113,45,2.51277401671581
ORAI1,4307,16,2.51268326306869
CLEC17A,4039,15,2.51194451303776
RGL3,19658,73,2.51174858017311
CLTA,4309,16,2.51151701416496
TEX2,25047,93,2.51142300900663
KLHL18,4042,15,2.51008013066787
TBRG4,13476,50,2.50958342934588
UQCC2,4043,15,2.50945928472905
NOP56,8356,31,2.50931913621306
MGAT5,9167,34,2.5086745369072
KANK4,12133,45,2.50863196773087
SCAP,23733,88,2.50797191577982
SKIDA1,6473,24,2.50783102441762
PPP1R15A,4855,18,2.50770188790761
ALDH1L1,23466,87,2.50768407701889
ASRGL1,16454,61,2.50755794812905
HIRA,9711,36,2.50744365478147
PPFIBP2,53413,198,2.50732629366832
LGALS12,5935,22,2.50723241268756
SKIL,11870,44,2.50723241268756
SHOX2,5126,19,2.50707678339226
RSPO4,4047,15,2.50697896915234
MT1M,4048,15,2.50635965616589
GABRE,19702,73,2.50613915282931
STKLD1,11607,43,2.5057694333354
SFTPB,8638,32,2.50570197129818
MOB4,4589,17,2.50566784482766
FER1L5,8100,30,2.50512194769371
NXN,29705,110,2.50470028097974
CLGN,4051,15,2.50450355175501
PA2G4,13234,49,2.5043647701366
RORA,20797,77,2.50427875619331
PEX19,10266,38,2.50365782031341
FBXO31,14320,53,2.50337256085873
TMEM169,4053,15,2.50326767534161
SYN2,18914,70,2.50326767534161
SF3A1,14053,52,2.50280453608622
FAF2,10540,39,2.50274517165226
PHYKPL,14326,53,2.50232410103986
ZNF609,12164,45,2.50223870967433
PPP1R10,11894,44,2.50217325866834
PDIA5,16492,61,2.50178016483843
SCAMP4,16498,61,2.500870316312
TMEM126B,4057,15,2.50079957805263
AAAS,16773,62,2.50019325132014
ATP6V1B2,4058,15,2.50018331398707
NOS1,12176,45,2.49977263998674
DCAKD,17317,64,2.49976943212724
MYOC,4059,15,2.49956735357466
ZNF665,4059,15,2.49956735357466
SH3RF2,17321,64,2.49919215150091
SEC14L4,4061,15,2.498336342812
PAM16,14620,54,2.49826798887649
RBM46,4604,17,2.49750428755737
HEATR9,4064,15,2.49649209846445
ZNF786,4064,15,2.49649209846445
FAM3D,8130,30,2.4958779552668
HLA-G,4878,18,2.4958779552668
ZBTB10,4607,17,2.4958779552668
SIX1,11654,43,2.49566379034872
PGLYRP3,6234,23,2.49547758985851
ADRA1A,10302,38,2.49490887044627
NOS2,9760,36,2.49485505446546
NFATC2,12202,45,2.49444612887056
MYCL,4339,16,2.49415229639014
ZBTB34,4068,15,2.49403733730569
ACSS2,23596,87,2.49386822136486
GNA15,8409,31,2.49350347273116
TMEFF2,8409,31,2.49350347273116
DPP3,14920,55,2.49336869458791
LPXN,6512,24,2.49281176613256
SEMA4B,32018,118,2.49275986175032
KCNIP1,12755,47,2.49235574411864
ZNF623,8143,30,2.49189337790975
TM2D2,6788,25,2.49109798864652
F2R,4073,15,2.49097566613296
SPRED1,4345,16,2.49070812751135
SLC23A2,16023,59,2.4905818277951
CDKN2A,13308,49,2.49043908686413
ODF4,4618,17,2.48993281505287
ADAMTS17,15758,58,2.48954243564434
TMEM213,4077,15,2.48853173611958
TMEM255A,8154,30,2.48853173611958
SEC31B,26911,99,2.48827281267336
GALNT14,31261,115,2.48821331614119
ARID1A,26652,98,2.48707514392825
WFDC2,9520,35,2.48670193337243
CLIP2,22308,82,2.48625604814142
PSMG4,8163,30,2.48578804071041
PLEK2,12246,45,2.48548355907877
PPP2R1B,18507,68,2.4852239130954
WASF1,4355,16,2.48498893548492
WDR87,4083,15,2.48487481953454
RFX4,22870,84,2.48430982832065
SMAD3,40571,149,2.48406635172212
MYLIP,4085,15,2.48365823455558
ARHGEF7,33232,122,2.48311016360829
PPP3CB,11986,44,2.48296752366105
PARP8,5994,22,2.48255328149827
MAGED1,13078,48,2.482518767557
ZNF596,8449,31,2.48169850895921
PODXL,14447,53,2.48136603249789
DTX3L,4089,15,2.48122863491307
ZNF708,4089,15,2.48122863491307
PPP1R16B,10359,38,2.48118073012236
CDC25A,8451,31,2.48111119420144
ATRN,4090,15,2.48062197754512
MAP3K8,8999,33,2.48034632225258
EPN2,32451,119,2.48034168991399
TMEM222,9272,34,2.48026525882531
MMP2,14727,54,2.480116656303
C17orf67,12000,44,2.48007072821677
CENPP,12000,44,2.48007072821677
LAMP1,12000,44,2.48007072821677
KLHL36,10091,37,2.48004838543853
RPAP1,20184,74,2.47980264144473
RNF181,4092,15,2.47940955233615
PAX3,16644,61,2.47893285739699
TMEM131,21556,79,2.4788574477782
STOX1,4093,15,2.47880378406048
ITGAE,29475,108,2.4783496520695
CYP2B6,12555,46,2.47818515255722
CFAP74,16651,61,2.47789072599336
ZNRF1,15287,56,2.47775520698168
ASGR2,5460,20,2.47759313508169
GABBR2,44227,162,2.47753711515868
CENPM,8464,31,2.47730041377556
SPCS1,5188,19,2.4771155727966
POGK,4642,17,2.47705940110171
FBXO32,12017,44,2.47656226500801
S100A8,4097,15,2.47638366808873
ZNF497,4097,15,2.47638366808873
GJB1,12841,47,2.47566369568049
ITGA6,19402,71,2.4751668764709
ADRB3,4646,17,2.47492676278823
MEGF11,22421,82,2.47372552169568
MAP3K9,12033,44,2.47326923781279
CASP3,5470,20,2.47306371435942
S1PR1,5470,20,2.47306371435942
ARHGAP8,20242,74,2.47269718975004
ZCCHC18,4378,16,2.47193394564569
MYO5C,16148,59,2.4713024911296
MT2A,4106,15,2.4709556473842
BTBD6,4655,17,2.47014172715663
LRSAM1,15061,55,2.47002595599572
GPN2,7942,29,2.46979411362903
KALRN,80523,294,2.46956248783486
TCF7L2,32870,120,2.46930182857549
FRMPD3,20000,73,2.46879767945215
AFAP1L1,12060,44,2.46773206787739
ZFHX3,24121,88,2.46762976150253
ALDH2,12061,44,2.46752746361009
ZNF384,17003,62,2.466373075598
FOLR1,6582,24,2.46630055014513
TNFRSF10A,8502,31,2.46622802895746
ATXN1,12616,46,2.46620280519625
TRAPPC12,47178,172,2.46593461466989
HOXD8,4663,17,2.46590386873561
SDCBP2,13990,51,2.46572760684363
CDKN1A,6311,23,2.46503046984281
METTL13,12074,44,2.46487069228104
TPCN1,31834,116,2.46467360060838
ENPP6,11528,42,2.46426811995547
FHL2,10980,40,2.4640543747807
ATG4B,18941,69,2.46398932926107
MYCBPAP,18941,69,2.46398932926107
ARNT2,20041,73,2.46374699810603
BPIFB4,9884,36,2.46355578020871
POLR2M,4393,16,2.4634934700744
S100B,6315,23,2.46346908870593
GRIPAP1,27464,100,2.46279830278656
CELA2B,12361,45,2.46235997609244
SESN3,5495,20,2.46181228708754
CCDC93,29126,106,2.46160097998331
EHMT1,87382,318,2.46148829769268
GLRX5,5771,21,2.46127905794894
PDIK1L,4672,17,2.46115362583779
MPV17,11819,43,2.46082289641459
DHFR,4948,18,2.46056844498614
LRRC74A,4124,15,2.46017068093102
KLF17,19796,72,2.46007126001039
P4HA2,21723,79,2.4598007247759
MCM3AP,20075,73,2.45957427591746
TMEM109,8251,30,2.45927618183482
SLC38A7,9903,36,2.45882917616711
MYO9B,37412,136,2.45878536082843
TTC28,24213,88,2.45825372639502
PPCDC,12107,44,2.45815220439426
EPB42,15139,55,2.45729975052854
NHS,25051,91,2.45702152627977
TSR3,4405,16,2.45678247764741
FXYD6-FXYD2,9362,34,2.45642164920191
WWC1,36352,132,2.45605595884144
EIF4E3,12944,47,2.45596396139008
VOPP1,28092,102,2.45589699699149
ZMAT2,5784,21,2.45574713752132
ZNF263,8263,30,2.45570468066308
DAP,4133,15,2.45481342563744
CCDC121,4134,15,2.45421961493941
RASL10A,9373,34,2.45353883279935
PTGES3,4411,16,2.45344067423188
BEND2,4136,15,2.45303285497087
TLE2,23717,86,2.45262603303318
TMPRSS4,21788,79,2.45246241712442
IGFBP1,4137,15,2.45243990528391
BEND7,28962,105,2.4521858717325
PLEKHG1,23170,84,2.45214353792375
ABTB2,8000,29,2.45188810630522
FGF23,8000,29,2.45188810630522
FREM2,8000,29,2.45188810630522
GNG7,8000,29,2.45188810630522
GRXCR2,8000,29,2.45188810630522
H6PD,8000,29,2.45188810630522
HS3ST5,8000,29,2.45188810630522
IPPK,8000,29,2.45188810630522
ITIH6,8000,29,2.45188810630522
KCNMB4,8000,29,2.45188810630522
LHX8,8000,29,2.45188810630522
PRB2,8000,29,2.45188810630522
SCGB1A1,8000,29,2.45188810630522
SOD3,8000,29,2.45188810630522
TACR2,8000,29,2.45188810630522
FCMR,9380,34,2.45170783367039
CFP,7725,28,2.45161448861676
DCAF11,10764,39,2.45066277491776
C9orf43,4693,17,2.45014057956832
PGC,8006,29,2.45005056837894
ATP6V1G2-DDX39B,17669,64,2.44996928270685
HDLBP,51351,186,2.44994691852502
FIGNL1,4695,17,2.44909685621174
FAM193A,24030,87,2.44882707246464
ARHGAP44,20993,76,2.44867824354189
TALDO1,12437,45,2.44731299063107
RND2,4699,17,2.44701207489128
GMPR2,9957,36,2.44549415803785
C2,27107,98,2.44532876142604
CCDC137,8852,32,2.44512580525007
BTG4,21024,76,2.44506765442708
KRT23,5256,19,2.44506765442708
ALG3,9959,36,2.44500304564543
CYTH1,28503,103,2.44421434113469
ICAM1,8027,29,2.44364081854264
CYP4V2,12456,45,2.44357993452783
PDE6D,8028,29,2.4433364288044
VWA5A,6091,22,2.44301828423915
PPP2R5C,45974,166,2.4422405206341
KIF3C,14127,51,2.44181561688557
YPEL2,16066,58,2.44181561688557
RBCK1,16069,58,2.44135974241605
PSMB3,9698,35,2.44106026043572
SNPH,8036,29,2.44090403813362
TMEM177,8036,29,2.44090403813362
CXCL3,4157,15,2.44064081986036
FBXL14,5543,20,2.44049404971063
MYO1F,31596,114,2.44042453316915
DUSP28,6929,25,2.4404059960936
GNB1,36043,130,2.43957995627582
SYAP1,4159,15,2.43946715271929
HRH2,8041,29,2.43938625176492
GIMAP5,10817,39,2.43865527495745
CX3CL1,8048,29,2.43726451919008
MATN4,6938,25,2.4372402921494
ATP6AP1,6383,23,2.43722501882782
CHRFAM7A,12489,45,2.43712320157567
NDUFV3,8053,29,2.43575125424584
CCDC160,4166,15,2.43536819206902
NACA,16943,61,2.43518612279498
ANXA8,8333,30,2.43507593619574
STX18,15278,55,2.43494311580388
FCER2,6667,24,2.43485679031877
NLGN4Y,10001,36,2.43473505965232
RAB5B,11948,43,2.4342539180385
MYO5B,36686,132,2.43369531199378
LHFPL5,12509,45,2.43322660999909
ACCSL,8062,29,2.43303210747231
DKK2,8618,31,2.43303210747231
SIN3B,23352,84,2.43303210747231
TSSK4,5560,20,2.43303210747231
ZER1,4726,17,2.43303210747231
TUBA1B,5284,19,2.43211120205691
ANGEL1,14464,52,2.43168640387304
CLIC1,7233,26,2.43135021053641
NCAPG2,22819,82,2.430579776587
ERN2,12525,45,2.43011829656516
ETS1,16144,58,2.430017944802
GOLGA8O,4732,17,2.4299471132532
NLGN4X,18102,65,2.42873108949423
KIAA1549L,8358,30,2.42779226804487
UXS1,26482,95,2.42641711193806
ZNF746,8084,29,2.42641079297894
PLPP3,19235,69,2.42632814585567
B4GALT7,11151,40,2.42626823021183
HEXA,17842,64,2.4262138356769
ZFP28,4182,15,2.42605066670481
TGFB1I1,5855,21,2.42596779563166
PTGER3,4183,15,2.42547068806109
RAB11FIP3,24542,88,2.42529938379931
PIH1D1,10598,38,2.42522656947891
DGKG,24822,89,2.42519057300298
C4orf36,9762,35,2.42505658734947
C21orf58,13669,49,2.42466627902464
BPIFB1,12000,43,2.42370548439367
FOXK1,12000,43,2.42370548439367
ZNF250,4745,17,2.42328972390182
ABLIM3,24564,88,2.42312723812093
SLC12A3,12004,43,2.42289785177641
LRRC41,11726,42,2.42265758884928
NARF,17035,61,2.42203454526066
CRY2,18432,66,2.42194407052419
TOX2,17315,62,2.42193135457076
ABL1,8937,32,2.42187016091235
PKNOX1,19271,69,2.42179554177437
CDKN1B,14803,53,2.42169121607086
TCP10L,8939,32,2.42132829489581
SLC22A15,8101,29,2.4213189545046
DUSP18,8381,30,2.42112967143766
KIAA1755,20115,72,2.42105745280466
MT3,4471,16,2.42051595035492
UBR4,60363,216,2.42033550336294
TAC1,5870,21,2.41976855935662
SERPINA3,12021,43,2.41947140942717
CCER2,5312,19,2.41929133879306
SLC6A2,8667,31,2.41927664730545
DNHD1,33553,120,2.41903707880894
SLC7A9,9228,33,2.41879459839087
MTSS1,27694,99,2.41792119816036
CLEC16A,19023,68,2.41781206747919
ZNF691,8114,29,2.41743959211754
FGF6,5596,20,2.41738000670944
PDIA6,16230,58,2.41714169444754
RCL1,11194,40,2.41694810032983
GTF3A,12594,45,2.41680416583124
APBA1,12595,45,2.41661227983157
BAX,5038,18,2.41661227983157
SLC35G2,4479,16,2.41619263541791
VPS37C,4479,16,2.41619263541791
GRHL2,12319,44,2.4158493983766
CREBRF,5042,18,2.41469509436562
RMDN3,21010,75,2.41450354311269
ZNF462,29417,105,2.41425730758122
NID2,23256,83,2.41399135052529
FANCE,13452,48,2.41349839742124
PCDH7,12051,43,2.41344832899543
ESYT3,12332,44,2.41330268720413
TULP3,12053,43,2.4130478563614
WDR45B,18224,65,2.41247202491356
CSMD2,28612,102,2.41126305184834
CYP3A4,12064,43,2.41084763036505
IL19,14309,51,2.41075751063963
WTIP,4770,17,2.41058904400716
IL17RA,8138,29,2.41031025441653
CDC42EP2,6176,22,2.4093951375163
TK1,4212,15,2.40877110355165
SAMD4B,21627,77,2.40816966257698
FGD5,22470,80,2.40812790699529
DCUN1D1,8427,30,2.40791358446886
FRAS1,12367,44,2.40647276935403
FBL,10681,38,2.4063805995073
CRX,6185,22,2.40588914620867
EFHD1,17150,61,2.40579349728953
RNF144A,16309,58,2.40543317805405
FLNB,36555,130,2.40541048732182
AKNA,26995,96,2.40536250728731
OLFML1,4218,15,2.40534468661914
CRISPLD2,16032,57,2.40480456430927
UBE2K,4219,15,2.40477456462658
EML2,31785,113,2.4046333372388
COL4A2,25317,90,2.4044896049673
NRIP1,9002,32,2.40438276250541
POTEH,4220,15,2.40420471283401
SMCO4,16036,57,2.40420471283401
DPEP2,9567,34,2.40378587643235
MEFV,10694,38,2.40345531918248
NRM,5067,18,2.40278126421777
ERGIC1,36324,129,2.40208670405715
LRP8,26753,95,2.40183822219354
ABHD12,21123,75,2.40158686932716
AFF2,8450,30,2.4013595001561
CYP2E1,18032,64,2.40064924889903
VWCE,12679,45,2.40060191375334
PSAP,14934,53,2.40044831066673
EVA1B,4509,16,2.40011683611374
HTT,50732,180,2.39984480521001
ZNF563,4228,15,2.39965560268674
IKBKG,14660,52,2.39917545331649
SPARC,13815,49,2.39904186521808
CAPN13,20020,71,2.39876062623818
ADAMTS12,12411,44,2.39794124072204
KCNE3,8180,29,2.39793457829361
COL6A3,34414,122,2.39782405291541
RIPPLY2,4232,15,2.39738749720216
RASL11B,13829,49,2.39661315843429
HGF,8467,30,2.39653806263364
DTX4,12702,45,2.39625505152563
UPB1,9598,34,2.39602203373914
SUN1,30489,108,2.39592495636947
CRELD1,21184,75,2.39467142375367
ZNF514,12434,44,2.39350560870205
HK2,9043,32,2.39348154683995
SLC7A6,22894,81,2.39307316310219
NBR1,8762,31,2.39304618833558
WDR13,14700,52,2.39264708473603
OTUD5,9330,33,2.39235118477502
TRPV4,8766,31,2.39195422110385
VASH2,13008,46,2.39188304046401
FAM110C,7918,28,2.39185677248856
CACNA1D,61092,216,2.39145406910066
SCN3B,10183,36,2.39121922140655
TGM5,13578,48,2.39110181485569
USPL1,4244,15,2.39060883321384
ACOX3,20377,72,2.38992838313617
LRCOL1,8208,29,2.38975448957624
MEIS1,27741,98,2.38944258447697
ENTPD3,4813,17,2.38905251192897
ZHX2,13024,46,2.38894460921037
COX7C,4247,15,2.38892015261585
DEGS2,7928,28,2.38883979875939
POLR3E,25767,91,2.38874708948789
TUFT1,11611,41,2.38839892868568
SLC3A2,16143,57,2.38826901907986
DMRTC1,9913,35,2.38811685722844
BCCIP,5948,21,2.38803655740137
NSG1,10197,36,2.38793619021113
NLRX1,14448,51,2.38756431476622
NUTM2G,4533,16,2.38740940084642
SH3PXD2B,8217,29,2.38713701477933
MYOM2,38254,135,2.38698423677095
TUBG1,6234,22,2.38697856421249
AACS,37709,133,2.38560898304599
CCK,6238,22,2.38544795916971
SLC39A1,13045,46,2.38509885706063
GNLY,9075,32,2.38504172210178
OPRK1,8225,29,2.38481517938502
KCTD5,7091,25,2.38465282004408
MARK4,25812,91,2.38458260711431
MB,14750,52,2.38453641665218
CCNL2,13051,46,2.38400234390896
DNAJC19,4256,15,2.38386839477433
THBS4,19865,70,2.38342838215007
LRCH1,8230,29,2.38336632447652
CDKN2AIP,4541,16,2.38320343845779
NOP2,15898,56,2.38252886206623
SLC15A3,17034,60,2.38246891820113
AK8,12493,44,2.38220193217012
FOXRED2,10791,38,2.38185072591395
MSMO1,4260,15,2.38163002069473
MPI,4545,16,2.38110600968907
CA12,14773,52,2.38082394541526
GPR68,8241,29,2.3801850322099
FBLN7,16198,57,2.38015969718522
SLC6A1,23587,83,2.38011543849646
ODC1,4547,16,2.3800586791372
ADA,20466,72,2.3795353592869
TRAP1,20466,72,2.3795353592869
PGAP2,20473,72,2.37872176345263
KLHDC8A,12512,44,2.37858445800842
TCEANC2,4550,16,2.37848940967842
RIPPLY3,4552,16,2.37744437918208
NEMP1,8251,29,2.37730030910699
AR,5123,18,2.37651623380664
ELK3,12239,43,2.37637599581044
RNF25,11101,39,2.37626647231914
FUNDC1,4555,16,2.37587855412444
PPP1R13L,16797,59,2.37581667123658
ONECUT1,9682,34,2.37523440196532
RNF43,13954,49,2.37514428608197
EME1,10539,37,2.37462456186167
DDB2,13673,48,2.37448844014558
PSMC3,4275,15,2.37327342413088
ETV5,22238,78,2.3724196518765
IGFBP3,10549,37,2.37237351952414
ASB16,4277,15,2.37216363997183
ENC1,8842,31,2.37139456030269
TBX22,8843,31,2.37112639400615
PRX,19977,70,2.37006581625926
FRMD5,24830,87,2.369928093086
RRP1,11418,40,2.36953205772395
PAQR9,5424,19,2.3693354704404
SETD7,12561,44,2.36930568733391
CDK12,16275,57,2.36889872657488
SAE1,12280,43,2.36844184142703
FAM107A,12566,44,2.36836294275038
CMPK2,8570,30,2.36773486304773
ABHD13,4000,14,2.36734024057056
ABRA,4000,14,2.36734024057056
ACER2,4000,14,2.36734024057056
ADRB2,4000,14,2.36734024057056
ALX1,4000,14,2.36734024057056
APOBEC4,4000,14,2.36734024057056
B3GALT6,4000,14,2.36734024057056
BHLHE22,4000,14,2.36734024057056
BMP8B,4000,14,2.36734024057056
C2CD4B,4000,14,2.36734024057056
C8orf48,4000,14,2.36734024057056
CCIN,4000,14,2.36734024057056
CHST3,4000,14,2.36734024057056
CYP8B1,4000,14,2.36734024057056
DRICH1,8000,28,2.36734024057056
ELOVL2,4000,14,2.36734024057056
EXOC8,4000,14,2.36734024057056
FAM163A,4000,14,2.36734024057056
FIGLA,4000,14,2.36734024057056
FJX1,4000,14,2.36734024057056
GAGE10,4000,14,2.36734024057056
GCNT4,8000,28,2.36734024057056
GDF5,8000,28,2.36734024057056
GPR62,4000,14,2.36734024057056
GPR88,4000,14,2.36734024057056
ID4,4000,14,2.36734024057056
IGFBP4,4000,14,2.36734024057056
INHBC,4000,14,2.36734024057056
KBTBD11,4000,14,2.36734024057056
KIAA1210,8000,28,2.36734024057056
LDOC1,4000,14,2.36734024057056
MBD3L1,8000,28,2.36734024057056
MGAT2,4000,14,2.36734024057056
MMP9,4000,14,2.36734024057056
NBPF10,8000,28,2.36734024057056
NKX2-6,4000,14,2.36734024057056
NPFFR1,4000,14,2.36734024057056
NPIPA7,8000,28,2.36734024057056
NUS1,4000,14,2.36734024057056
NUTM2F,4000,14,2.36734024057056
PADI3,4000,14,2.36734024057056
PDCL2,4000,14,2.36734024057056
PGP,4000,14,2.36734024057056
PLCXD3,4000,14,2.36734024057056
PNMA1,4000,14,2.36734024057056
PRSS35,4000,14,2.36734024057056
RAB12,8000,28,2.36734024057056
RAB32,4000,14,2.36734024057056
RGL1,8000,28,2.36734024057056
RHOU,4000,14,2.36734024057056
RIMBP3C,4000,14,2.36734024057056
RNF122,4000,14,2.36734024057056
RNF169,4000,14,2.36734024057056
RNF26,4000,14,2.36734024057056
SCGB1D2,4000,14,2.36734024057056
SDC4,4000,14,2.36734024057056
SLITRK2,4000,14,2.36734024057056
SNX30,12000,42,2.36734024057056
STOX2,24000,84,2.36734024057056
TACR3,4000,14,2.36734024057056
THRSP,4000,14,2.36734024057056
TICAM1,4000,14,2.36734024057056
TMEM247,4000,14,2.36734024057056
TPRX1,8000,28,2.36734024057056
TSPYL5,4000,14,2.36734024057056
VCX3A,4000,14,2.36734024057056
ZNF729,4000,14,2.36734024057056
ZNHIT2,4000,14,2.36734024057056
ZSWIM3,4000,14,2.36734024057056
ZXDA,4000,14,2.36734024057056
TIGAR,19430,68,2.36716618423348
NETO1,10288,36,2.36681428184126
BSPRY,4001,14,2.3667485534322
CMTM8,4001,14,2.3667485534322
TIGD6,4001,14,2.3667485534322
MAGEB1,7431,26,2.36656655535054
CDK2AP2,4573,16,2.36652674700128
HNRNPUL1,23440,82,2.36618600349568
PRKCE,30880,108,2.36558795319782
PKHD1,4003,14,2.36556606602104
DHX30,24876,87,2.36554568866881
PMPCA,9437,33,2.36522587198802
MSL3,11439,40,2.36518201198462
ZNF275,8008,28,2.36497526530525
TLL1,5721,20,2.36456188036113
SLC7A4,4291,15,2.36442411749232
ATP2C2,29179,102,2.36440791115134
CHD4,39767,139,2.36420214491777
PLLP,8011,28,2.36408961734671
TRIB3,8584,30,2.36387322650502
PLAT,21751,76,2.36334432286676
COL22A1,20035,70,2.36320463246375
CYP27C1,8014,28,2.36320463246375
PTGER2,4007,14,2.36320463246375
POM121,8016,28,2.36261501054946
ZSWIM4,8017,28,2.36232030991199
KLRG2,4010,14,2.36143664894819
BAMBI,4011,14,2.3608479088213
CCL2,4011,14,2.3608479088213
EIF1AX,4012,14,2.36025946218401
PDP2,6018,21,2.36025946218401
TBC1D3L,4012,14,2.36025946218401
ACTR1A,12611,44,2.35991188157968
ACP1,8312,29,2.35985380780098
TMEM181,28952,101,2.35958398430532
COA3,4014,14,2.3590834485008
PM20D2,8028,28,2.3590834485008
MZT2B,10036,35,2.35884838637959
LOXL2,28675,100,2.35878962816845
AEN,12044,42,2.35869170432138
TADA3,8603,30,2.35865253705906
CRYBB3,4015,14,2.35849588101674
CCDC80,15203,53,2.35797507541255
ASCC2,34709,121,2.35795713017239
BEX4,4016,14,2.35790860614597
APPBP2,4304,15,2.3572825018958
NUDT10,4591,16,2.35724827140859
B3GNT5,9470,33,2.35698379661573
EFCC1,8325,29,2.35616875080381
GLRA1,4019,14,2.35614853502917
GFOD2,8039,28,2.35585544527484
NTM,46227,161,2.35571529768849
TCP11L1,8614,30,2.35564055912689
SNCAIP,13213,46,2.3547729198786
SPATA3,14650,51,2.35464363274692
ERI3,19534,68,2.35456327222569
KY,8618,30,2.35454720077965
LIG4,7182,25,2.35443792076477
TAGLN3,6033,21,2.35439108957788
REG1B,5172,18,2.35400090212518
CERS6,4023,14,2.35380585689342
MLN,4023,14,2.35380585689342
THNSL1,8046,28,2.35380585689342
PHC1,18684,65,2.35307697398976
TMEM119,4312,15,2.35290906497206
PRKCQ,4025,14,2.35263626392105
TREM1,8050,28,2.35263626392105
PLAG1,8051,28,2.35234404726922
LMO4,6901,24,2.35229535155126
CCL3,4026,14,2.35205190319976
MOAP1,4026,14,2.35205190319976
RDH14,4026,14,2.35205190319976
TYW1B,4026,14,2.35205190319976
NDUFB2,13231,46,2.35156938933988
CCDC97,8629,30,2.35154569200592
ZNF721,8054,28,2.35146783269983
ORMDL2,4315,15,2.35127320698946
UCP3,9781,34,2.351193076355
OCEL1,6043,21,2.35049502621601
RDH8,11512,40,2.35018389811432
SORBS1,36263,126,2.35017093623087
OPCML,8925,31,2.34934125514805
PEX6,4031,14,2.34913444859395
DYNLL1,8064,28,2.34855182596285
GINS2,6048,21,2.34855182596285
ELAVL2,20736,72,2.34855182596285
CNPY4,6625,23,2.34819732757403
MYT1L,62814,218,2.3474301563545
AGBL1,12102,42,2.34738744726877
IKBIP,4325,15,2.34583673714671
TMEM11,4325,15,2.34583673714671
ROR2,13552,47,2.34577903750245
HSPB1,4904,17,2.34472058317988
DGCR6,6635,23,2.34465822082561
C1orf52,4039,14,2.34448154550191
CHKB-CPT1B,7213,25,2.34431902771836
NHLH2,7213,25,2.34431902771836
GFPT2,13272,46,2.34430489680198
PGRMC1,4040,14,2.34390122828768
UCMA,4040,14,2.34390122828768
CASP2,10389,36,2.34380453668138
MAP6D1,8369,29,2.34378119852333
B3GNT3,4329,15,2.34366918183403
KBTBD8,4618,16,2.34346617887329
YIPF3,7793,27,2.34342858959158
AGAP1,20783,72,2.34324066126958
RANBP10,4042,14,2.34274145529001
IL17RE,8662,30,2.34258690560137
MSTO1,15016,52,2.34229569430073
PLA1A,10396,36,2.34222636894795
NTN4,9241,32,2.34219820669556
PDHB,4043,14,2.34216199908044
SOD1,4043,14,2.34216199908044
CCDC116,4044,14,2.34158282944664
ZNF366,4044,14,2.34158282944664
C1orf56,4912,17,2.34090182001509
HDAC1,12425,43,2.34080207748282
PAH,25717,89,2.34078937679667
ADAM12,19649,68,2.34078268408858
KDM5C,24273,84,2.34071461186064
ARHGAP5,10117,35,2.33996267724677
MGLL,35266,122,2.33989442967818
CYP2U1,4047,14,2.33984703787552
AFMID,11565,40,2.33941349200969
PADI4,10698,37,2.33933148789121
INSC,18505,64,2.33928707139407
SETD3,10120,35,2.3392690124215
DNAJA4,17931,62,2.33872853741524
NKX3-1,4049,14,2.33869127248264
CIITA,22567,78,2.33783259708555
RHBDD1,30093,104,2.33754774503172
SPRED2,23151,80,2.33729143752685
SLC41A3,28650,99,2.33723942973309
DENND3,44861,155,2.33698208936452
GALK1,8104,28,2.3369597636432
INPP5F,13315,46,2.33673410366924
TNPO2,20553,71,2.33655367767666
PIGP,4633,16,2.33587887201313
CHRDL1,4054,14,2.33580684812092
CPLX2,17664,61,2.33578795734349
NFATC2IP,11583,40,2.33577803980766
BDH1,26354,91,2.33554095222109
CCSAP,6661,23,2.33550627461011
SERPINC1,6662,23,2.33515570326898
GREB1,27231,94,2.33483878786921
CNN1,11588,40,2.33477019633173
KAT6B,25211,87,2.33411267110885
TEX36,4057,14,2.33407960618246
RAB9A,4058,14,2.33350442638793
CDC45,15653,54,2.3333979427186
C11orf16,4059,14,2.33292953000301
AIMP2,4061,14,2.33178058662453
COMMD7,4061,14,2.33178058662453
EDEM1,8703,30,2.33155093373768
USE1,7543,26,2.33142729322681
MX2,32493,112,2.33142177386692
GALNT2,20021,69,2.3310734671362
DNM2,47009,162,2.33091607973203
C19orf33,8126,28,2.33063277437416
SLC25A38,9000,31,2.32976341135515
MAF,16842,58,2.32930825916658
GGCX,10457,36,2.32856319514037
DESI2,4648,16,2.3283405365828
ARMCX4,8716,30,2.32807340251481
HNRNPK,13369,46,2.32729557860393
SET,12788,44,2.3272481027996
ASF1A,4069,14,2.32719610771252
NUBP1,12207,42,2.32719610771252
PWWP2A,8721,30,2.32673865110871
NEDD8-MDP1,4070,14,2.32662431505706
COBL,12501,43,2.32657113932677
MSL2,6687,23,2.32642549651233
MROH2A,15992,55,2.32622942241443
TMEM50A,8143,28,2.32576715271576
ZNF672,4944,17,2.32575035192438
TTLL6,12216,42,2.3254815722697
ZNF335,11345,39,2.32515946313043
NMNAT2,16000,55,2.32506630770323
CDIP1,13384,46,2.3246872826028
HNRNPF,9896,34,2.32387019804247
APOBEC3G,7568,26,2.32372569672435
PJA2,4660,16,2.32234480987915
SF3B2,16310,56,2.32234480987915
ZNF235,4078,14,2.32206006922075
SCTR,12818,44,2.32180127466073
FAM210A,8158,28,2.32149079732342
NBPF3,19524,67,2.32112559074878
CDKN2D,4080,14,2.32092180448094
PRDX6,7869,27,2.32079539950275
IL16,27691,95,2.32047878221602
SLAMF9,8745,30,2.32035309048817
PDE3B,8456,29,2.31966708259718
SETD6,6707,23,2.31948819072282
CCR9,6124,21,2.31940585294307
GCLM,4666,16,2.31935851136666
AUTS2,72337,248,2.31890962602224
NRP1,21880,75,2.31849723221196
DHRSX,20432,70,2.31728684472451
KCNJ8,5838,20,2.31717343568791
KCNA4,4671,16,2.31687578977453
SMC1A,12555,43,2.31656438173827
AMMECR1,8468,29,2.31637988314145
TRPM1,21903,75,2.31606261429017
CES4A,17816,61,2.3158598158125
TSPAN6,7302,25,2.31574543233807
SLC47A1,20741,71,2.315374752292
DPH3,4382,15,2.31532265818337
MTHFS,4382,15,2.31532265818337
MFHAS1,12271,42,2.31505850271752
ZNF441,4092,14,2.31411558218041
KLHL10,6140,21,2.31336179860315
DNAJB9,5848,20,2.31321110081157
ZC4H2,8190,28,2.31242025940958
KIF18B,10531,36,2.31220067719902
TEX38,7023,24,2.31143246775669
ARHGAP40,12000,41,2.31097499674745
CABP1,16099,55,2.31076842805464
GPRC5B,15807,54,2.31066476860722
FAM81A,15222,52,2.31059730295754
TBL1X,30156,103,2.31023482442506
FAM83A,8198,28,2.31016368926134
NCR3LG1,4099,14,2.31016368926134
SNTG2,28406,97,2.30969315673091
ABCG8,8200,28,2.30960023470298
CUL4A,11423,39,2.30928250977981
ASB13,12017,41,2.30770574693928
GREB1L,24038,82,2.30732173733001
KCNK6,4398,15,2.30689947434278
PYGO1,4986,17,2.30615919372526
SMG9,14079,48,2.30601466312313
ZNF473,4400,15,2.30585088367262
PITRM1,26113,89,2.30529163263815
ST3GAL3,39614,135,2.30503597196536
DDX6,8805,30,2.30454148510154
CDCA2,12034,41,2.30444573383492
ERGIC3,14383,49,2.30430114496195
TMCO6,7928,27,2.30352409166084
LARP6,4699,16,2.30307018813297
MIIP,13804,47,2.30295548509368
TSHZ1,12042,41,2.30291479496507
ISCA1,4994,17,2.30246490586987
PIP5K1B,11167,38,2.30165229545424
EVA1C,18222,62,2.30137972804263
YTHDF2,6470,22,2.29991103080381
PREX1,20000,68,2.29970194798283
KCNB1,10297,35,2.29905821168356
MEIS2,38543,131,2.29889119398922
FAT3,22656,77,2.29879437202296
PPP1R3F,8828,30,2.29853735572259
RNF138,8828,30,2.29853735572259
VWA5B1,12065,41,2.29852465486692
GFPT1,4120,14,2.29838858307821
POLR2C,7063,24,2.29834209557628
ELF5,10006,34,2.2983229542103
IKBKB,24427,83,2.29826760747599
NANOS1,4712,16,2.29671621690086
PIGC,4123,14,2.29671621690086
F13A1,12371,42,2.2963449104233
ISG20,16497,56,2.29602011572582
CAMSAP1,22392,76,2.29569053084472
CDC42EP5,4125,14,2.29560265752296
GPI,19153,65,2.29545711805068
MAST2,33004,112,2.29532443637916
SUPT4H1,9432,32,2.29476819636065
CLMN,22697,77,2.29464181577091
RTN3,4127,14,2.29449017743693
ZNF823,4127,14,2.29449017743693
TCP11,12383,42,2.29411959031307
PLPP5,6784,23,2.29316145270901
WDR91,22715,77,2.29282347755018
BTF3L4,4133,14,2.29115919726161
NUAK1,10923,37,2.29114421472674
KIF17,17714,60,2.29101137815503
APCDD1L,8268,28,2.29060497394345
SMARCD1,15959,54,2.28865705854842
PI4KB,19212,65,2.28840777545412
SLC25A37,12414,42,2.28839075937222
ACBD5,6503,22,2.28823994607114
KMT5B,16554,56,2.28811428350422
SSH1,21286,72,2.28786858325499
CCL4L2,4139,14,2.28783787443398
CD101,9165,31,2.28782004388395
RNASET2,21289,72,2.28754618174483
SMARCB1,21585,73,2.28751232749794
GABRP,18629,63,2.28740803748296
NR3C2,22474,76,2.28731433508387
TMEM100,9463,32,2.2872507268386
ECE1,33122,112,2.28714714383968
CARNMT1,5324,18,2.28679426479929
TK2,31657,107,2.28616018791646
M6PR,11244,38,2.28589035782084
LARS2,16275,55,2.28577947301085
CCDC57,41428,140,2.28573934592117
GRHL3,16276,55,2.28563903436051
ADPGK,16572,56,2.28562900368869
MCF2L2,24858,84,2.28562900368869
PLIN3,8582,29,2.28560998024257
GIPC1,15685,53,2.28551450886178
SLC44A3,15097,51,2.28492609258412
SALL2,8587,29,2.28427912547359
EBF1,19546,66,2.28390837551939
BUD13,8000,27,2.28279237483589
CNGA4,8000,27,2.28279237483589
CYP4F22,8000,27,2.28279237483589
E2F2,8000,27,2.28279237483589
EIF4EBP1,8000,27,2.28279237483589
FCGBP,8000,27,2.28279237483589
GIPC2,8000,27,2.28279237483589
LRTM1,8000,27,2.28279237483589
MAP3K1,8000,27,2.28279237483589
NCMAP,8000,27,2.28279237483589
SSC4D,8000,27,2.28279237483589
TFAP2D,8000,27,2.28279237483589
TNN,8000,27,2.28279237483589
TRIM21,8000,27,2.28279237483589
MAGEA11,8596,29,2.28188748841807
ASPRV1,27873,94,2.28106034630167
CPNE9,8007,27,2.28079667774287
WDFY2,8007,27,2.28079667774287
ADORA2B,12159,41,2.28075499308902
TAF5L,4152,14,2.2806746055593
RAB6A,5042,17,2.28054536690086
SMARCC2,18686,63,2.28043050038906
DIXDC1,28480,96,2.27994244677742
RNF182,4747,16,2.2797823497023
CHIC2,8308,28,2.2795765436404
ZNF517,8012,27,2.2793733148636
CCDC50,8309,28,2.27930219335232
PTCH2,8309,28,2.27930219335232
INCENP,8013,27,2.2790888554458
HIP1,12168,41,2.27906804412963
KIF22,16028,54,2.27880446701861
ZNF740,8018,27,2.27766762268485
MAD2L1BP,8019,27,2.27738358881246
AGTRAP,9802,33,2.27715125014803
ASB7,8020,27,2.27709962577147
ZNF239,8021,27,2.27681573353536
LYPD3,5645,19,2.27657672128764
LIPG,5646,19,2.27617350188961
KHDC1,8024,27,2.27596448139172
SH3GLB1,8325,28,2.27492155250024
DYDC1,8028,27,2.2748304681972
MSANTD4,4163,14,2.27464832147063
ABCA4,23200,78,2.27404604389783
MPL,8031,27,2.27398069962485
PLA2G10,8032,27,2.2736975844979
WDR62,26779,90,2.273216450538
WRAP53,12795,43,2.27311182592606
RAI2,8630,29,2.27289743342315
SLC26A5,11013,37,2.27242061722148
DAPK2,28290,95,2.27134598650914
KLC2,8636,29,2.27131830134805
ZNF41,8637,29,2.2710553259745
SALL4,8935,30,2.27101150266582
GRPEL1,7744,26,2.27091374907152
NRK,8042,27,2.27087030573081
ZNF274,11918,40,2.27012225500017
SHTN1,16390,55,2.26974136200437
WDR53,5364,18,2.26974136200437
LIMK2,16391,55,2.26960288714853
LHFPL2,20278,68,2.26817432486717
CHST11,8053,27,2.26776840912544
NUDT17,4475,15,2.26720533813621
KNOP1,10144,34,2.26705633673386
DDA1,8056,27,2.26692390748351
TIRAP,11936,40,2.26669881326174
BOLA1,8058,27,2.26636125573184
ATXN7L1,17310,58,2.26633216065185
NPIPA3,10745,36,2.26615033332554
BORA,4179,14,2.26593945017522
EMC3,14629,49,2.26555221600846
FLT1,20302,68,2.26549300362804
HOMEZ,8062,27,2.2652367897156
SH3GL1,16129,54,2.26453456490634
ARL4A,4779,16,2.26451701486437
FAM219B,9858,33,2.2642155157183
DNAJC27,4481,15,2.26416958004006
SPECC1L,8066,27,2.26411343896444
EXOSC1,4184,14,2.26323158754355
DRD2,17036,57,2.26307975904005
TMEM170A,5081,17,2.26304068882388
CDH3,20623,69,2.26302777896203
NCK2,12853,43,2.26285426069587
MED8,6877,23,2.26215025377024
SOX30,8074,27,2.26187007662709
BEX5,4187,14,2.26160997427328
EVA1A,13161,44,2.26129083949558
PNRC1,5085,17,2.26126051915716
APOM,7478,25,2.26124273160371
NME4,5685,19,2.26055859132256
ARFGAP3,12867,43,2.26039215145131
DCP1B,9877,33,2.25985993256565
KIR3DX1,6586,22,2.25940242473438
ARHGEF6,9284,31,2.25849533629862
ZNF300,4194,14,2.25783523182695
LYPD6,8689,29,2.2574640177744
KCTD19,13783,46,2.25739059641267
PPARA,13485,45,2.25711766143705
STC1,4495,15,2.25711766143705
ENSA,4496,15,2.25661563348744
GSTM3,6895,23,2.2562447128612
SURF2,4498,15,2.25561224725645
ITLN2,7797,26,2.2554772441721
PLEKHF2,8397,28,2.25541525837376
NKIRAS2,11396,38,2.25540112173899
SOCS7,5099,17,2.25505191996747
ERCC2,14099,47,2.25476966566659
LRP2,24000,80,2.25460975292434
NPIPA8,12000,40,2.25460975292434
PGBD5,12000,40,2.25460975292434
TMEM139,8400,28,2.25460975292434
HELZ,14402,48,2.25429665616654
UBE2E1,13503,45,2.25410883984882
MKNK1,30907,103,2.25409911558424
ESPL1,19206,64,2.2539054074845
C3orf52,8105,27,2.25321887707429
DNAJB13,8408,28,2.25246454859235
SLC12A8,37536,125,2.25244740341706
SLC1A5,7808,26,2.25229970194798
CACNA2D3,24927,83,2.25216764343146
GPLD1,12014,40,2.25198244007758
MBD3,17131,57,2.25052984501817
CCNI2,7514,25,2.25040898947732
RRP8,6312,21,2.25032342259559
IRF8,16232,54,2.25016498258836
NRIP2,4509,15,2.25010953385663
CELF2,21644,72,2.25002636588273
DDX31,8418,28,2.24978877697368
MAN2B2,12026,40,2.24973532638384
ZSCAN2,6915,23,2.24971905931713
MAT2A,6314,21,2.24961061821719
FCHO1,29469,98,2.24933071145867
USP6,8423,28,2.24845327372248
ANXA5,12033,40,2.24842657982981
NYAP2,8426,28,2.24765273256165
DZIP1,11136,37,2.24732114380928
ATG4D,12041,40,2.2469327327541
SAFB2,27998,93,2.2467180550964
PNRC2,8129,27,2.24656649018171
PGAP3,11441,38,2.24653012702889
DENND2A,20481,68,2.24569303059697
HEG1,13858,46,2.24517351640611
WDR77,5724,19,2.24515646255568
SLC30A4,4519,15,2.24513031382154
ZNF200,6026,20,2.24488193122238
TLE1,15669,52,2.24468135462504
FAM117B,4520,15,2.24463360357512
SRPX2,18382,61,2.24455219663341
NRG1,31044,103,2.24415157084661
LOX,6330,21,2.24392439864508
TM6SF1,8139,27,2.24380624139171
IRF2,12663,42,2.24339278897944
LRFN3,4824,16,2.24339278897944
MAGEC3,13569,45,2.24314479066096
ZSCAN10,8443,28,2.24312707859344
SYT12,15381,51,2.24273644234721
BEND4,4223,14,2.24233032495435
SENP8,8145,27,2.24215334544962
DLK2,7547,25,2.2405688547678
SETBP1,13289,44,2.23951002623232
TPM3,22957,76,2.23919076389227
COQ10A,6646,22,2.23900456956074
LGALS4,13294,44,2.23866772518439
LMO2,12993,43,2.23847193201909
EIF4E2,14206,47,2.23778667578722
SMS,4232,14,2.23756166405535
ANTXR1,16324,54,2.23748333725645
FCAMR,8165,27,2.23666123682635
MCM5,9377,31,2.23609584112151
POMT2,40236,133,2.23578211406902
CHMP5,8170,27,2.23529241110002
TUBGCP3,14828,49,2.23514724628998
FAM149A,17553,58,2.23495754007198
ATP10A,44494,147,2.2346448982776
HM13,24524,81,2.23401635116871
ZNF436,5450,18,2.23392525977825
AZIN2,11204,37,2.23368156528563
ZNF785,6965,23,2.23356888660128
ZNF677,7268,24,2.23351544043138
FUS,14235,47,2.23322778477226
RTN4,28168,93,2.23315862349436
SH2D3C,23323,77,2.23305257867994
COLQ,27565,91,2.23293474532322
TAF8,8482,28,2.232813242698
ADAMTSL3,16056,53,2.2327039780454
BROX,4848,16,2.2322868840835
TULP2,10005,33,2.23094818130444
SRGAP2,30637,101,2.22980956077969
PPIB,4553,15,2.22836457020855
LRP4,16092,53,2.22770911455984
CFAP20,8198,27,2.22765784321629
SUV39H2,6680,22,2.22760843851806
SEC61B,4251,14,2.22756080034868
FAM8A1,4859,16,2.22723334308229
VANGL1,12758,42,2.22668779486179
COPS6,5468,18,2.22657144582872
CAP1,11849,39,2.22625825885853
CLU,15495,51,2.22623615487205
MOGS,5773,19,2.22610005052291
NMT1,16408,54,2.2260286444036
SPA17,5470,18,2.22575734292348
TNFAIP3,8205,27,2.22575734292348
FAM234A,26135,86,2.22571002967086
KAT8,15196,50,2.2255295007808
HMG20A,12769,42,2.22476958938419
MAP7,13074,43,2.22460347351415
CDK11A,19462,64,2.22425790032614
CASP9,10342,34,2.22365301487413
LZTFL1,20684,68,2.22365301487413
ZNF232,14906,49,2.22345118529369
SND1,49598,163,2.22288029593936
SLC11A1,14001,46,2.22224231057467
WDR47,4566,15,2.22202012443266
TPM4,24969,82,2.22129039696979
ARHGAP20,9139,30,2.22031817226382
RFX8,8837,29,2.21965654073122
ARMC7,8229,27,2.21926588876986
EDA2R,8230,27,2.21899623313331
ANXA6,24083,79,2.21875394030257
PDGFD,8232,27,2.21845711840223
TNFRSF10B,15248,50,2.21793981465537
ZFAND2A,8542,28,2.2171297031801
SLC40A1,7017,23,2.21701685836938
NTAN1,13732,45,2.21651847250791
FAM9C,5494,18,2.21603434033335
GAPDHS,7328,24,2.21522792317894
IL10RA,10688,35,2.21495157239012
MAPRE2,13744,45,2.21458321190909
SLC35F2,8247,27,2.21442209272307
CHST4,5193,17,2.21423257075181
FAT4,15888,52,2.21374069395894
LAMC3,13444,44,2.21369002816136
SLC9A1,13754,45,2.21297307434045
SRGAP2B,8563,28,2.21169238871476
CALN1,12846,42,2.21143413411542
PUS1,8565,28,2.21117593982072
NAV2,40382,132,2.2109490915706
ZKSCAN5,4592,15,2.20943900003474
RALY,17454,57,2.20888201988119
CDH20,16843,55,2.20869565536137
RAB23,4900,16,2.20859730898711
CXCL14,4288,14,2.20833977665164
DEPDC7,4288,14,2.20833977665164
KCNK2,9804,32,2.20769620849385
PDGFRA,17467,57,2.20723803601112
SLC44A2,22067,72,2.2068958473361
TTC39A,28504,93,2.20683455327635
PRICKLE1,19005,62,2.20656360980756
CAMKK2,13796,45,2.20623598611761
TMEM179,4906,16,2.20589621158517
PPP1R13B,26391,86,2.20412002673063
LPIN1,36834,120,2.20356059904643
ANAPC11,7676,25,2.2029146882403
PBK,4299,14,2.20268922127989
SIRT6,7063,23,2.20257784159393
MVP,17505,57,2.20244654527313
PATL2,14742,48,2.2023050089615
GPM6B,19971,65,2.20143659215986
GUSB,15368,50,2.20062117997561
TSPAN33,11990,39,2.20007790735736
RIT1,4613,15,2.19938085587677
ITM2A,7996,26,2.19934418119183
MT1E,4306,14,2.1991084445616
NQO2,12923,42,2.19825759396786
APOBEC2,4000,13,2.19824450910123
ARL2-SNX15,4000,13,2.19824450910123
ARL3,4000,13,2.19824450910123
ARMCX1,4000,13,2.19824450910123
BIK,4000,13,2.19824450910123
BOK,8000,26,2.19824450910123
C11orf42,4000,13,2.19824450910123
C16orf54,4000,13,2.19824450910123
C1QL3,4000,13,2.19824450910123
C1orf116,4000,13,2.19824450910123
C9orf40,4000,13,2.19824450910123
CCDC71L,4000,13,2.19824450910123
CENPB,4000,13,2.19824450910123
CLDN20,4000,13,2.19824450910123
CLEC14A,4000,13,2.19824450910123
CLRN2,4000,13,2.19824450910123
CORO2A,8000,26,2.19824450910123
CSNK1A1L,4000,13,2.19824450910123
CXCL1,4000,13,2.19824450910123
CXCL5,4000,13,2.19824450910123
FAM181B,4000,13,2.19824450910123
FAM43A,4000,13,2.19824450910123
FBP2,4000,13,2.19824450910123
FNDC1,12000,39,2.19824450910123
FZD9,4000,13,2.19824450910123
GAST,4000,13,2.19824450910123
GIMAP8,4000,13,2.19824450910123
GRK7,12000,39,2.19824450910123
HCRT,4000,13,2.19824450910123
KRCC1,8000,26,2.19824450910123
LMOD1,4000,13,2.19824450910123
LSM11,4000,13,2.19824450910123
MAPRE1,4000,13,2.19824450910123
MBOAT1,4000,13,2.19824450910123
MYADML2,4000,13,2.19824450910123
NANP,4000,13,2.19824450910123
NATD1,4000,13,2.19824450910123
NDUFA8,4000,13,2.19824450910123
NHLRC1,4000,13,2.19824450910123
NLRP13,4000,13,2.19824450910123
NLRP14,4000,13,2.19824450910123
NPIPB6,8000,26,2.19824450910123
NR0B2,4000,13,2.19824450910123
P2RY1,4000,13,2.19824450910123
PDCD1LG2,4000,13,2.19824450910123
PET117,4000,13,2.19824450910123
PI16,12000,39,2.19824450910123
PKDREJ,4000,13,2.19824450910123
PMVK,4000,13,2.19824450910123
PREP,12000,39,2.19824450910123
PYURF,4000,13,2.19824450910123
RELL1,12000,39,2.19824450910123
RP2,4000,13,2.19824450910123
RRS1,4000,13,2.19824450910123
SCGB2A1,4000,13,2.19824450910123
SHISA3,4000,13,2.19824450910123
SLC51B,4000,13,2.19824450910123
SMTNL1,4000,13,2.19824450910123
SPESP1,12000,39,2.19824450910123
SPIN4,4000,13,2.19824450910123
SYNM,8000,26,2.19824450910123
TCHH,4000,13,2.19824450910123
TIGD2,4000,13,2.19824450910123
TMC2,12000,39,2.19824450910123
TMEM30B,4000,13,2.19824450910123
TMEM31,4000,13,2.19824450910123
TRIM58,4000,13,2.19824450910123
TRPC4AP,4000,13,2.19824450910123
TSPYL4,4000,13,2.19824450910123
TUBA3C,4000,13,2.19824450910123
UBL4B,4000,13,2.19824450910123
VAT1L,8000,26,2.19824450910123
ZBTB2,4000,13,2.19824450910123
ZNF629,4000,13,2.19824450910123
ZNF777,4000,13,2.19824450910123
ZNF783,4000,13,2.19824450910123
ADIPOR1,8308,27,2.19816309565324
GNG12,5231,17,2.19814753200423
MCOLN2,8001,26,2.19796976288087
ZNF471,6772,22,2.19734559499419
BNC2,24010,78,2.19732895536983
PACSIN2,21240,69,2.19728916598559
TM4SF5,4002,13,2.19714593613316
EML6,28322,92,2.197134001155
UBE2E2,4310,14,2.19706750865017
HLA-E,4003,13,2.19659706130525
PPARGC1B,16012,52,2.19659706130525
RIMKLA,4003,13,2.19659706130525
SRGN,4003,13,2.19659706130525
ARPC4,8622,28,2.19655786645378
PEX12,4311,14,2.19655786645378
DEDD,5851,19,2.19642378938109
VAMP8,8007,26,2.19632272671536
USP49,17247,56,2.19617578994196
EHD4,4005,13,2.19550013393381
PLEKHA7,46221,150,2.19505071031772
PPP1R7,20954,68,2.19500042758693
CAPN8,22495,73,2.19497459831265
SH3RF1,9863,32,2.19448987408229
IL20RA,4932,16,2.19426739943975
CYFIP2,36374,118,2.19423723685934
ADGRB3,12022,39,2.19422176919105
CLCN4,9557,31,2.19398040202955
KCTD1,26827,87,2.19351081191804
DZIP1L,25903,84,2.19342029007039
NFYA,4009,13,2.19330956258541
RAG1,12337,40,2.19302237457178
LYSMD4,5552,18,2.1928841256829
N4BP1,22209,72,2.19278538714781
EXOSC5,8020,26,2.19276260259474
RNF180,4319,14,2.19248922488591
SLC25A19,6787,22,2.19248922488591
DCAF4,20053,65,2.19243455752379
ECHDC2,20979,68,2.19238471612834
CREB3L4,5862,19,2.19230221625192
CCDC9,9566,31,2.19191623481041
PHC2,24687,80,2.19186754446406
KLF2,4014,13,2.1905774878936
ZYG11B,4014,13,2.1905774878936
CNGB1,23776,77,2.19050661560196
TMEM14B,7411,24,2.19041832695389
CHCHD5,4632,15,2.19035921592391
FGFR1OP2,8030,26,2.19003188951555
TPTE,8030,26,2.19003188951555
DPT,8031,26,2.18975919223133
ARL11,4016,13,2.18948656284983
PIK3R6,4017,13,2.18894150769353
TRUB2,8034,26,2.18894150769353
UGT8,8037,26,2.18812443359585
MERTK,12057,39,2.18785221109851
MID1IP1,4019,13,2.18785221109851
NDUFB10,4020,13,2.18730796925496
AKAP17A,8042,26,2.18676399811115
CYTL1,4021,13,2.18676399811115
PARM1,4021,13,2.18676399811115
ZNF641,9590,31,2.18643073015603
RBP7,4022,13,2.18622029746517
WIPF3,4022,13,2.18622029746517
CCDC180,8355,27,2.18579760606668
MAPT,28164,91,2.18544405108772
SLC28A1,4024,13,2.18513370686007
COLGALT1,15788,51,2.18492077652283
DRG2,13002,42,2.18490100652566
SAXO2,4334,14,2.18490100652566
ARSD,12074,39,2.18477174997638
PFKM,21053,68,2.18467861870786
NRBP1,15792,51,2.1843673518074
SMG6,52950,171,2.18435279178505
GPX2,4026,13,2.18404819582835
DYRK4,27566,89,2.18378003348617
SLC25A15,7746,25,2.18300711940777
DRC3,17972,58,2.1828516414914
CD177,4029,13,2.18242194996399
TMEM258,6199,20,2.18223237902017
ARG2,8060,26,2.18188040605581
DMBT1,31620,102,2.18188040605581
HEPACAM,8370,27,2.18188040605581
PAN2,17051,55,2.18175244403563
ATP9A,8062,26,2.18133913083724
SMARCA4,53646,173,2.18122965695063
SLA,17679,57,2.1807696575036
INTS12,13027,42,2.18070798240936
CDKN2B,4033,13,2.18025738566946
ESF1,4033,13,2.18025738566946
ZNF502,4033,13,2.18025738566946
MTURN,14273,46,2.17989312620724
CLEC3B,15827,51,2.17953681807938
IFI27L2,5276,17,2.17939911673884
ZNF354A,5276,17,2.17939911673884
MMGT1,4345,14,2.17936961157243
SLC25A28,11176,36,2.17875674047807
FAM234B,13041,42,2.17836691103801
SCIMP,4037,13,2.17809711082609
ZNF264,4037,13,2.17809711082609
AKAP12,12423,40,2.17784086252049
TRIM32,4038,13,2.17755771084817
ZNF555,4038,13,2.17755771084817
ADHFE1,18328,59,2.17735664702973
TTLL3,27965,90,2.17680898726827
UROS,23307,75,2.17654436181395
C19orf38,8080,26,2.17647971198142
ZNF791,4040,13,2.17647971198142
CSF3R,17715,57,2.17633794947819
DUSP26,6216,20,2.17626424027446
NCKAP1L,17094,55,2.17626424027446
IL5RA,8394,27,2.1756420060385
YPEL5,9016,29,2.17558838181475
TXNDC16,4042,13,2.17540277991215
PPM1H,17102,55,2.1752462240236
EIF3K,12129,39,2.17486471343184
TRIM14,8086,26,2.17486471343184
ZNF251,4976,16,2.17486471343184
ANKHD1-EIF4EBP3,8088,26,2.1743269130576
SMURF1,8089,26,2.17405811259857
ZDHHC16,13378,43,2.17405186221588
UBB,4667,15,2.17393269512739
OGFOD2,6845,22,2.17391152217687
PLXNC1,32050,103,2.17371111904406
FCRL6,5913,19,2.17339347060185
SAG,30193,97,2.17299187924679
RBM7,4670,15,2.17253616448812
PURG,4359,14,2.17237003034692
EBPL,4048,13,2.17217836867711
SERPINF1,17438,56,2.17212087677078
ANXA2R,6851,22,2.17200764403746
OS9,9655,31,2.1717111032829
FAM117A,24605,79,2.17168263134757
ACTR2,4049,13,2.17164189587674
C5orf15,4049,13,2.17164189587674
SEZ6L,16196,52,2.17164189587674
PIP4K2A,16508,53,2.17157106078853
NDUFS3,11213,36,2.17156740672281
IL2RA,8099,26,2.17137375883564
PPP1R3E,5919,19,2.17119033479789
DFFA,4050,13,2.17110568800122
TMEM39B,8100,26,2.17110568800122
IGF2BP2,19939,64,2.17104705632917
FGF13,21498,69,2.17091924297766
AURKC,5609,18,2.1705995125319
ACTA2,8102,26,2.17056974485434
RSAD2,9350,30,2.17021259639776
BNIP1,8104,26,2.17003406624011
YDJC,4052,13,2.17003406624011
LSM2,4364,14,2.1698810637677
BBIP1,4988,16,2.16963248076119
JMJD6,9041,29,2.16957248649948
CDK6,14656,47,2.16907734144604
ZNF681,4054,13,2.16896350182657
EXT1,13412,43,2.1685405467286
RAB36,8111,26,2.16816127145973
DTD1,8112,26,2.16789399319648
LRRC20,8736,28,2.16789399319648
PLAC9,9048,29,2.16789399319648
CCNK,8737,28,2.16764586523572
GTF3C1,30892,99,2.16761328699511
LRRFIP1,32154,103,2.16668039327493
POLR1D,17794,57,2.1666756645502
IFT22,4059,13,2.16629170643137
PI4KA,48104,154,2.16537025164445
SUGP2,19683,63,2.16492020171061
SH3GL3,8436,27,2.16481021795723
PTPN1,4062,13,2.16469178641185
FAM124A,4064,13,2.16362648533586
PTCRA,4064,13,2.16362648533586
CPEB2,12193,39,2.16344903708807
CCDC13,20010,64,2.16334369096189
CD209,5941,19,2.16315024266432
SH3BP4,15324,49,2.16280105507621
DNTTIP1,10011,32,2.16204711098528
C19orf47,18145,58,2.16203966386793
CCL21,4067,13,2.16203049825545
DACT2,4067,13,2.16203049825545
IL1R1,25035,80,2.16139940364227
NOVA1,6572,21,2.16129662864019
USP22,20342,65,2.16128650978393
RNF150,12832,41,2.16113621890347
OSER1,4695,15,2.16096781430448
PTTG1IP,12834,41,2.16079943594899
AGT,12523,40,2.16045013455978
SFT2D2,4070,13,2.16043686398155
SLC7A8,21290,68,2.16035880505667
HMGN4,4072,13,2.15937574567901
PRF1,4072,13,2.15937574567901
UBAP2L,27884,89,2.15887535515277
HIPK2,12220,39,2.15866891237437
PTPRH,6267,20,2.15855409566715
ARSG,21624,69,2.15826960254966
DYNLT1,5955,19,2.15806475090995
SCN2B,8149,26,2.15805081271443
RNF175,8151,26,2.15752129466444
FRMD3,24145,77,2.15702983195495
RFX2,34809,111,2.15687048672414
ST6GAL2,9095,29,2.15669102258843
APLP2,17877,57,2.15661614225017
NPAS3,22582,72,2.15656587827322
ACKR3,10038,32,2.15623168241419
CDRT4,16000,51,2.1559705762339
GEMIN4,5961,19,2.15589256696338
ADCY9,18517,59,2.15513272272835
AVPR1A,5022,16,2.15494361091932
PLD3,29192,93,2.15482365396647
HTR5A,9103,29,2.15479565532701
NT5C,4709,15,2.15454319136962
SATB2,36417,116,2.15449980508463
TTC7B,48038,153,2.15426511635012
AHCYL1,13187,42,2.15424910039028
SMIM12,4710,15,2.1540857512016
TMEM242,4082,13,2.1540857512016
ZNF92,4082,13,2.1540857512016
ZNF430,4083,13,2.15355817692994
YIPF5,4084,13,2.15303086101982
CGREF1,10369,33,2.15263155115739
PXYLP1,19796,63,2.15256235250909
PYGL,16027,51,2.1523385050067
ITPA,16657,53,2.15214594894021
DAO,12260,39,2.15162594691801
GLT1D1,8176,26,2.15092417720277
PANX1,4088,13,2.15092417720277
ZSCAN30,11950,38,2.15084110320816
EIF2D,18555,59,2.15071908524715
ELMOD1,8807,28,2.1504169325042
STAT5B,31148,99,2.14979805001454
TTLL4,20140,64,2.14937970487325
DHRS13,7556,24,2.14838409489879
APOD,4093,13,2.14829661285241
C1orf216,5983,19,2.14796516658344
KIAA0319L,33698,107,2.14769342598585
CA10,10710,34,2.14724738373747
PTDSS1,16065,51,2.14724738373747
ARMC10,12287,39,2.14689786841497
TBC1D13,4096,13,2.14672315341917
CHST12,8511,27,2.1457336386661
UNG,4730,15,2.14497756620709
MMAB,4100,13,2.14462878936706
SSH2,12303,39,2.14410583672395
LARP1,38816,123,2.14331976202875
PPP4R4,9468,30,2.14316516437675
PLP1,18307,58,2.14290761462192
PBX3,15151,48,2.14285396621414
BCL2L14,12626,40,2.14282567995344
GALR1,7892,25,2.14262204091897
KCNJ3,8840,28,2.1423893579824
NBPF12,4420,14,2.1423893579824
SREBF2,21156,67,2.14207109254014
SLC7A1,12000,38,2.14187926527812
UST,12000,38,2.14187926527812
ANO4,20211,64,2.14182906615938
OTUD7A,8211,26,2.14175570244914
PRDM10,8211,26,2.14175570244914
SHROOM4,16108,51,2.14151534763735
ZNF286B,4423,14,2.14093623384179
GSTM2,6637,21,2.14012979409723
TMTC4,18022,57,2.13926460853436
HNF4G,8221,26,2.13915047716943
ZDHHC23,9486,30,2.13909843730962
TBC1D2B,25929,82,2.13904893832924
C6orf141,5692,18,2.13894811415872
DFFB,12333,39,2.13889030318777
DPP4,23096,73,2.13785736010751
AQP4,7595,24,2.13735223450365
GOLGA6L9,8229,26,2.13707085585246
GJB3,5064,16,2.13707085585245
STK35,5064,16,2.13707085585245
IL6R,16779,53,2.13649770972627
LHFPL1,4116,13,2.13629203994289
SIK3,29132,92,2.13604384116133
SLC38A1,14250,45,2.1359460817178
WBP1L,12034,38,2.13582775331041
CPEB1,21535,68,2.13578077360838
ETV1,13936,44,2.13553736643235
MPPED2,18688,59,2.13541270477102
LPIN2,19323,61,2.13524600106171
USP1,4752,15,2.13504711451169
TIMELESS,11722,37,2.13497425844226
IDNK,4119,13,2.13473610983368
TTL,12043,38,2.13423160203749
GIPC3,4120,13,2.1342179700012
CRB3,4754,15,2.13414890369363
MYL4,12365,39,2.13335496233035
CMTM7,9829,31,2.1332659174073
DCPS,15538,49,2.13301347457767
MORC2,30129,95,2.13270861821978
CDADC1,4123,13,2.13266505855079
SRPX,12053,38,2.13246089631938
AOC1,14276,45,2.13205601460343
SRSF6,4759,15,2.13190667958805
EDN3,5078,16,2.13117897086192
CYTH4,16504,52,2.13111440533323
FGFR2,52384,165,2.13048226118194
CTNNBIP1,12067,38,2.1299868387617
FAM20A,15878,50,2.12993741616483
CTRB1,7622,24,2.12978092640452
NDST1,17153,54,2.12934635325449
TBX15,9213,29,2.1290681483167
GRK4,13662,43,2.12885857215078
WIPI1,18430,58,2.12860606081842
MYO18B,29870,94,2.12855691437785
NUP188,26376,83,2.1284418732111
LAMC2,12077,38,2.12822316662561
SPDYE1,6992,22,2.12820714663911
GPHB5,5086,16,2.12782674283068
LMO3,12398,39,2.12767656954467
NUDC,12399,39,2.12750496888578
TM4SF4,5087,16,2.12740845567856
CTNNBL1,20032,63,2.12720269220597
ZSCAN22,4452,14,2.12699033294749
ICAM2,8269,26,2.12673310833352
WNT16,7633,24,2.12671167575727
POP5,5407,17,2.12659695578216
SLC36A3,8270,26,2.12647594592622
CRYBA4,12087,38,2.12646241278543
WBP2NL,11451,36,2.12643309157129
GRIA3,12407,39,2.12613315944344
SORCS1,28000,88,2.12577490990009
SPATA9,12412,39,2.12527667654002
ATG101,4774,15,2.1252081877167
ZNF711,4774,15,2.1252081877167
MAP7D2,8275,26,2.12519106620059
FXR2,18779,59,2.12506483980834
TDRD5,8277,26,2.12467754896821
CAPN3,32796,103,2.12426641558001
SMAGP,5095,16,2.12406806948711
GCDH,4141,13,2.12339484095748
FOXN3,38877,122,2.12255876114491
DHRS4L2,13706,43,2.12202435522574
GDF15,12750,40,2.12198564981114
PRLR,27414,86,2.12186954203866
WFDC3,9882,31,2.1218246005056
DCTD,6376,20,2.12165284152228
C4BPA,4145,13,2.12134572651506
LRAT,8609,27,2.1213078172479
GSN,37957,119,2.12054609635638
ANKS3,23291,73,2.1199585071076
ERN1,22337,70,2.11965818200345
HCG27,8298,26,2.11930056312483
FEM1B,10214,32,2.11907711259777
NABP2,6386,20,2.11833049131632
UBASH3B,24271,76,2.11796392265152
NCAM1,36407,114,2.11793483533421
CCNE2,10220,32,2.11783303601504
PRKAG2,40578,127,2.11692620598397
CCM2,25246,79,2.11654326009296
GRB10,45060,141,2.11651115287838
AMPD3,31327,98,2.11592322073533
RIBC2,8314,26,2.11522204387898
SUPT6H,30380,95,2.11508814872757
DDIT4L,4478,14,2.11464067938415
HPD,9276,29,2.11460811238053
TRIM73,10556,33,2.11449758942317
ICE1,6078,19,2.11439216710575
HLA-B,9597,30,2.11435738004783
RLN1,4480,14,2.11369664336657
ANGPTL7,8000,25,2.11369664336657
CYP4X1,8000,25,2.11369664336657
FAM200A,8000,25,2.11369664336657
GEMIN6,8000,25,2.11369664336657
GPR39,8000,25,2.11369664336657
HS3ST3A1,8000,25,2.11369664336657
IGSF21,16000,50,2.11369664336657
KCTD16,8000,25,2.11369664336657
LATS2,8000,25,2.11369664336657
NXF2,8000,25,2.11369664336657
RGCC,8000,25,2.11369664336657
URAD,8000,25,2.11369664336657
ANKRD6,46724,146,2.11351569168064
RNF157,21766,68,2.11311398326089
ALG2,4802,15,2.11281630324022
PKLR,4482,14,2.11275344986217
PDE6G,10885,34,2.1127257216195
GXYLT1,4162,13,2.11268093138033
RAB7B,9925,31,2.11263180878553
PIWIL4,13769,43,2.11231504195831
LIG3,23701,74,2.11182382662843
APBB2,42279,132,2.11174687707382
ZNF600,7367,23,2.11168824422125
COPZ1,12493,39,2.11149716715079
SMAD9,8649,27,2.11149716715079
CACNA1A,64403,201,2.11097259601785
ATP1A4,16022,50,2.11079430120242
SRD5A1,4166,13,2.11065243312648
TCP11L2,9936,31,2.11029294506807
RBM3,5450,17,2.10981830090168
POP4,11542,36,2.10966776395624
ABCA1,8016,25,2.10947768799059
SPRY3,8016,25,2.10947768799059
PROSER2,8017,25,2.10921456242142
APOBEC3H,7055,22,2.10920260372794
MID2,8659,27,2.10905866713098
UBE2L6,8981,28,2.10875425059174
TBC1D8,23101,72,2.10811526181402
VIM,8984,28,2.10805008065054
NPM2,12514,39,2.10795382045827
SLC25A20,8022,25,2.10789991859044
PHLDA1,4172,13,2.10761697900406
PARP16,12517,39,2.10744859864303
TFAP2B,7062,22,2.10711191862088
CCR6,18299,57,2.1068816205807
SLC26A2,8027,25,2.10658691253676
UBE2Z,14772,46,2.10625606487652
MMP16,4819,15,2.10536291516072
B4GALT6,14136,44,2.10532319882578
WFDC1,8032,25,2.10527554120176
GDAP1,18313,57,2.10527094277323
HLA-A,5462,17,2.1051830355024
NLRP3,14780,46,2.10511600746657
QPCTL,8355,26,2.10484213917533
BORCS8-MEF2B,8036,25,2.10422761908071
ZNF529,8037,25,2.10396580153447
FARP2,46940,146,2.10379009753059
ZNF599,8038,25,2.10370404913319
POLR3K,5466,17,2.10364246979768
ESYT2,10612,33,2.10333929079824
UPF2,8361,26,2.10333166760075
IFT172,33766,105,2.1033053135437
DPYSL3,17692,55,2.10270522966604
SUSD6,8042,25,2.10265769049149
TRAF3IP3,19624,61,2.10249482666711
RBM14-RBM4,8044,25,2.10213490140882
DUSP16,9977,31,2.10162079805516
FOSL1,4185,13,2.10107002064634
B4GALNT2,4507,14,2.10103416070163
GID4,8049,25,2.10082906534135
HNRNPH3,10948,34,2.10056809278665
ZBTB24,8051,25,2.1003071850618
ERVMER34-1,4187,13,2.10006640468233
NEURL3,6764,21,2.09994699045289
WDR55,8053,25,2.09978556400504
DHRS4,8055,25,2.09926420197797
PLK2,9023,28,2.09893848216385
ZC3H7B,4190,13,2.09856277718495
RHEB,10315,32,2.09832802986657
ITGA10,8061,25,2.09770166814695
SH3YL1,22573,70,2.0974972228508
PHKG1,8064,25,2.09692127318112
STAT2,16128,50,2.09692127318112
NCKAP5,20000,62,2.09678707021964
C2CD2,24517,76,2.09671258174634
FAM180A,4194,13,2.09656128669645
CALM2,10970,34,2.09635546762336
DLEU7,8714,27,2.09574695876603
CTC1,18720,58,2.09563086008993
NEIL2,8071,25,2.09510260772303
CABP5,4198,13,2.09456361038707
ASB8,14209,44,2.09450691382935
CLEC2L,8397,26,2.09431416848992
NUCB1,9366,29,2.09428836754663
FHIT,8075,25,2.09406478599784
SIL1,25847,80,2.09349766201819
NPTN,9371,29,2.09317093698023
DCAF12,9696,30,2.09276895382829
ZNF717,4525,14,2.09267645575298
C1orf105,13901,43,2.09225709033336
ZNF395,18751,58,2.0921662685128
CD33,12932,40,2.09212163896474
EPHA4,25219,78,2.09198890592131
CYTH3,14874,46,2.09181219512948
NANOG,5821,18,2.09154658405625
DESI1,9702,30,2.09147472441961
CDK1,5822,18,2.09118733524415
HMGB1,10674,33,2.09112203053691
BORCS8,9381,29,2.09093964933821
AWAT2,8411,26,2.09082820982164
TOM1,17147,53,2.09064530655491
BCAS4,4206,13,2.09057965677721
SIAH1,16177,50,2.0905697158846
KCNMA1,66003,204,2.09054310984303
MED31,4207,13,2.09008272793081
RSRP1,16828,52,2.09008272793081
CERKL,12626,39,2.0892550379546
ABCC12,20396,63,2.08923927879339
RNGTT,4209,13,2.08908957861842
SYP,8095,25,2.08889106200526
CRIP3,10365,32,2.08820584930764
KCNJ2,4859,15,2.08803125913964
ADAMTS19,9395,29,2.08782382655048
IKZF1,24956,77,2.08693241274853
UBE2C,5834,18,2.08688595574073
DBNL,14587,45,2.08659982617938
TG,45382,140,2.0865896087176
PPM1L,12643,39,2.08644578891203
BIVM,10375,32,2.08619312077818
FBP1,5836,18,2.08617077892245
TOMM22,4215,13,2.08611578562394
OVGP1,12000,37,2.08551402145501
PEBP4,12000,37,2.08551402145501
USP31,12000,37,2.08551402145501
IFT122,60662,187,2.08505501201832
AKR1A1,10706,33,2.08487171249308
USF3,12004,37,2.08481908176109
GALNT15,12985,40,2.08358236696897
SSPN,12336,38,2.08354014132113
CXCR6,8116,25,2.08348609498923
FICD,5844,18,2.08331496676787
TCF21,4222,13,2.08265704320344
SCNM1,5846,18,2.08260223499682
ANKRD29,16240,50,2.08245974715918
NT5M,12343,38,2.08235851764867
HLA-DQB1,9745,30,2.0822460519568
GABARAPL2,4223,13,2.0821638731719
F3,8122,25,2.08194695234333
PCED1A,6824,21,2.08148321269392
GTF2F1,10074,31,2.08138482253289
BANF2,12024,37,2.08135131881738
TNR,12350,38,2.08117823346862
YWHAZ,17226,53,2.08105741736311
TMEM98,7477,23,2.08062154542971
DYNC1H1,42265,130,2.08043961585353
CDO1,6178,19,2.08016762571524
HSPA8,8133,25,2.07913108901175
PLIN5,12039,37,2.07875805776727
ZFP30,5532,17,2.07854478306474
ADAMTS13,12367,38,2.07831739171484
ADAMTS16,8138,25,2.07785366760046
CLMP,13021,40,2.07782175217664
MAPK7,6511,20,2.07766218976287
RUNX1,21812,67,2.07764790178705
HIVEP2,9768,30,2.0773431384438
ACSL5,15955,49,2.07726501836338
EWSR1,17910,55,2.07711116266061
CD22,22469,69,2.07710275871351
ASB18,12049,37,2.07703280417131
ZDHHC19,8793,27,2.07691788908076
GGACT,13680,42,2.07661424611452
KLHL22,12052,37,2.0765157863807
NACC1,5538,17,2.07629283855438
ZNF706,10100,31,2.07602680219766
FLVCR2,23134,71,2.07587048228964
TYSND1,5865,18,2.07585552698916
ADNP2,8472,26,2.07577385184252
RAB33B,4889,15,2.07521863124556
MAML3,5215,16,2.07519210240399
EFR3B,12387,38,2.07496174887684
PEX11G,12063,37,2.07462225461827
OARD1,8803,27,2.07455855943282
SPRY1,7173,22,2.07450500059956
FAM156A,14020,43,2.074498274802
FCGR2A,14020,43,2.074498274802
SIPA1L2,24462,75,2.07377644676632
LST1,5545,17,2.07367172947054
SLC2A9,30661,94,2.07364388090625
TMX4,8159,25,2.07250559467245
CCNE1,12734,39,2.07153558263034
CDC25C,15020,46,2.07147900068947
KIF26B,16000,49,2.07142271049924
MYLK4,16000,49,2.07142271049924
EEF1A1,10776,33,2.07132855920109
REPS2,12412,38,2.07078240278259
MEST,16006,49,2.07064621816742
BLVRA,16007,49,2.07051685937326
PPP4C,4247,13,2.07039746560041
ABCC6,12088,37,2.07033158979651
KRT4,7189,22,2.06988793563787
MECP2,32026,98,2.06974104589944
GAN,8170,25,2.06971519546298
GPR143,16342,50,2.06946189535339
RGR,16019,49,2.06896581359559
ANTXR2,14059,43,2.06874356730379
QPRT,8174,25,2.06870236688678
THSD4,20277,62,2.06814328571252
ALDH18A1,12102,37,2.06793656068916
KDM2A,32387,99,2.06755518145716
RBMS2,8179,25,2.06743772428568
SLC1A2,44494,136,2.06742657255614
TRIO,62162,190,2.06738451009761
ZNF217,17015,52,2.06711208613692
NOL7,4254,13,2.06699060564291
DNAJB12,12769,39,2.06585747585675
SLC22A1,12121,37,2.0646950134032
NCF1,13432,41,2.06459946106085
RIMBP2,33099,101,2.06394983273233
ADAMTS3,9176,28,2.06394092464739
ZDHHC5,13764,42,2.06394092464739
MCL1,4261,13,2.06359493931118
ABHD17B,4262,13,2.06311075467033
GJA1,5904,18,2.06214306669909
SCML4,23292,71,2.06178892912968
TLN2,40024,122,2.06173088539453
NRG3,14767,45,2.06116554916223
ZIM2,20020,61,2.06090701690886
C10orf90,23964,73,2.06042203259235
MAFF,8864,27,2.0602819267472
BIRC5,6241,19,2.05916929845678
ISG20L2,6899,21,2.0588551157303
GRAP2,19383,59,2.05884499957493
KCTD20,4271,13,2.0587632958101
SYNCRIP,9860,30,2.05796022072201
FRMPD1,13809,42,2.05721506892944
UNC13B,16112,49,2.05702354567948
APBA2,27950,85,2.05697848656782
ZHX1,9544,29,2.05522892397755
SNX8,26005,79,2.05476835778915
LIN7A,8230,25,2.0546261417901
SLC34A2,13168,40,2.0546261417901
MFAP3L,16134,49,2.05421862947736
DNASE2,6915,21,2.05409131502868
DNMT1,55018,167,2.05307260572012
FKBP14,4283,13,2.05299510539457
NADSYN1,25043,76,2.05267349625344
MUTYH,16810,51,2.05208383222739
PRKAG3,4285,13,2.05203688130803
TAF11,7911,24,2.05197702200167
FBXL20,8900,27,2.05194820209968
DRC7,15825,48,2.05158802161836
TTC9C,8573,26,2.05131880004781
MCFD2,14179,43,2.05123533484195
LAMTOR4,8574,26,2.05107955129576
RAB2B,4287,13,2.05107955129576
SPDYE2B,8574,26,2.05107955129576
KIAA0040,8245,25,2.05088819247211
FAM120AOS,6598,20,2.05026652281692
NDUFB3,4619,14,2.05008897213298
CAND2,8249,25,2.04989370189508
TENM3,24751,75,2.04956241932842
GRB14,13536,41,2.04873669924419
USP43,16839,51,2.04854974878214
TRAF5,12218,37,2.04830318034541
MAPRE3,12879,39,2.04821291320869
BIN2,8588,26,2.04773591905098
ADAMTS1,8920,27,2.04734742137748
VKORC1L1,4295,13,2.0472591470093
ZFP62,14539,44,2.04696669224852
PTPRA,8263,25,2.04642056721924
ZNF846,16526,50,2.04642056721924
PDZRN3,35699,108,2.04625776617688
FTCDNL1,10249,31,2.04584551685007
PCDH18,6943,21,2.04580749581209
SYT9,8266,25,2.04567785469786
KATNAL2,18518,56,2.04543924015169
RBM12B,4299,13,2.04535427690275
SERHL2,5292,16,2.0449975083214
PSTK,11250,34,2.04417950931807
BAG1,11914,36,2.0437959821708
NPR3,10924,33,2.04326588739939
OVOL2,9272,28,2.04257138962084
TRPC3,9605,29,2.04217645501736
TSPAN12,9278,28,2.04125047688774
TMEM138,9941,30,2.04119180930682
IL10,7955,24,2.04062730622945
TRIM56,5304,16,2.0403708171261
ACAD9,17239,52,2.04025245928532
UBC,7294,22,2.04009108435709
HMGN1,5308,16,2.03883323550053
STK24,19243,58,2.03867430758632
ABAT,20904,63,2.03846748613997
CHADL,5310,16,2.03806531337793
COL4A1,21910,66,2.03748393920137
BMPER,22574,68,2.03747846901996
ZNF487,4317,13,2.03682604503241
PLA2G7,4318,13,2.03635433913963
VDAC2,9302,28,2.035983866326
BEST1,8307,25,2.035581214269
STON2,24258,73,2.03545030872467
ADAP2,12296,37,2.03530971514803
CBX3,10971,33,2.03451249238456
ZNF570,5986,18,2.03389453153883
ACOX2,21949,66,2.03386364335058
OTUB1,4991,15,2.03280783172902
PNPLA4,4326,13,2.03258854285828
PNPLA3,8322,25,2.03191217819425
RHCG,8324,25,2.03142397248108
HSCB,4662,14,2.0311799575895
ZNF774,6329,19,2.03053809316934
ABHD14A-ACY1,7663,23,2.03011970444708
PGM1,12661,38,2.0300569610092
POLE3,4332,13,2.02977332326984
POMC,4332,13,2.02977332326984
RUBCN,21333,64,2.02918048357696
ACTR5,4000,12,2.02914877763191
BAG3,8000,24,2.02914877763191
BTC,8000,24,2.02914877763191
C1orf74,8000,24,2.02914877763191
CATSPER3,8000,24,2.02914877763191
CCDC167,4000,12,2.02914877763191
CCR5,4000,12,2.02914877763191
CFAP58,8000,24,2.02914877763191
CHMP4B,4000,12,2.02914877763191
CLDN22,4000,12,2.02914877763191
CNNM1,8000,24,2.02914877763191
CPXM1,4000,12,2.02914877763191
CXCR1,4000,12,2.02914877763191
CXCR5,4000,12,2.02914877763191
DBX2,4000,12,2.02914877763191
EFHC2,8000,24,2.02914877763191
FAM106A,4000,12,2.02914877763191
FEM1C,4000,12,2.02914877763191
FRAT1,4000,12,2.02914877763191
GABRG1,4000,12,2.02914877763191
GAP43,4000,12,2.02914877763191
GAS2L2,4000,12,2.02914877763191
GOLT1A,8000,24,2.02914877763191
GOT1,8000,24,2.02914877763191
GPRIN1,4000,12,2.02914877763191
GSG1L2,8000,24,2.02914877763191
HEPHL1,4000,12,2.02914877763191
HTR1E,4000,12,2.02914877763191
IFNA1,4000,12,2.02914877763191
IGIP,4000,12,2.02914877763191
KCNK15,4000,12,2.02914877763191
KRT28,4000,12,2.02914877763191
KRTAP10-7,4000,12,2.02914877763191
LCE3C,4000,12,2.02914877763191
LRRC59,8000,24,2.02914877763191
LYPD8,8000,24,2.02914877763191
MAGEH1,4000,12,2.02914877763191
MPLKIP,4000,12,2.02914877763191
MSH4,4000,12,2.02914877763191
MYF6,4000,12,2.02914877763191
NDUFA1,4000,12,2.02914877763191
NUCKS1,8000,24,2.02914877763191
NUDT3,8000,24,2.02914877763191
ODF1,4000,12,2.02914877763191
PANX3,4000,12,2.02914877763191
PCP4L1,4000,12,2.02914877763191
PRELP,4000,12,2.02914877763191
PXT1,4000,12,2.02914877763191
RAB6C,4000,12,2.02914877763191
RTP4,4000,12,2.02914877763191
SDE2,4000,12,2.02914877763191
SERPINE1,4000,12,2.02914877763191
SFT2D3,4000,12,2.02914877763191
SIAH3,4000,12,2.02914877763191
SLC10A2,4000,12,2.02914877763191
SLC35G5,4000,12,2.02914877763191
SLPI,4000,12,2.02914877763191
SMIM15,4000,12,2.02914877763191
SPDYE3,8000,24,2.02914877763191
TIMM23,4000,12,2.02914877763191
TMEM14A,4000,12,2.02914877763191
TNKS2,4000,12,2.02914877763191
TRIM44,8000,24,2.02914877763191
TSPYL6,4000,12,2.02914877763191
TUBA3E,4000,12,2.02914877763191
TUSC1,4000,12,2.02914877763191
UNC119B,4000,12,2.02914877763191
VCPIP1,4000,12,2.02914877763191
ZCCHC3,4000,12,2.02914877763191
ZFP91-CNTF,8000,24,2.02914877763191
ZNF830,4000,12,2.02914877763191
ZNF99,4000,12,2.02914877763191
ZXDB,4000,12,2.02914877763191
ACMSD,8002,24,2.0286416172276
CXCL2,4001,12,2.0286416172276
KIAA2013,4001,12,2.0286416172276
PRB4,4001,12,2.0286416172276
RPL36A-HNRNPH2,4001,12,2.0286416172276
FUZ,12670,38,2.02861493159728
MATN3,8003,24,2.02838813208238
TNFSF8,8004,24,2.02813471027677
BACE2,29017,87,2.0279599735095
PLA2R1,8005,24,2.02788135178704
TBC1D14,25352,76,2.02765471626203
AGFG2,12009,36,2.02762805658946
SPDYE2,8006,24,2.02762805658946
RUVBL2,16348,49,2.02732831954905
NOB1,6673,20,2.02722291586184
ING5,23359,70,2.0269191665487
RMI2,8009,24,2.02686855051258
PDCD11,20024,60,2.02671671757082
AARD,4339,13,2.02649874081699
TBL1Y,8011,24,2.02636252915432
DCX,6009,18,2.02610961321209
ZNF594,4006,12,2.02610961321209
CHSY1,17697,53,2.02567073919291
ERLIN2,5009,15,2.02550287246148
JAK1,26047,78,2.0254873197846
NDEL1,19040,57,2.02488586003184
DHRS12,19713,59,2.02437947683056
PCSK2,10024,30,2.02429048047876
EMILIN2,8354,25,2.024128937866
PEX14,10694,32,2.02396237404841
GLIS3,48134,144,2.02349984057696
NCOA2,21729,65,2.02332781913685
PLA2G2A,5349,16,2.02320561114916
ASTN2,16050,48,2.02282744187604
STARD9,20064,60,2.02267621374791
C2orf69,4013,12,2.02257540755734
DDO,4013,12,2.02257540755734
UBE2D1,8027,24,2.02232343603529
EFEMP1,8363,25,2.02195063337708
UTP14A,12043,36,2.02190362298288
ZSCAN20,4015,12,2.02156789801435
UBXN7,8031,24,2.02131617744431
HSP90AA1,11044,33,2.02106451955369
L3MBTL4,13053,39,2.02090968430359
ADAM19,8034,24,2.02056139171711
EDEM2,4017,12,2.02056139171711
FFAR4,4017,12,2.02056139171711
KIAA2012,8034,24,2.02056139171711
SUSD5,4017,12,2.02056139171711
PTTG1,4352,13,2.0204453208651
IFNGR2,12053,36,2.02022611230257
SNTB1,9710,29,2.02009318748113
RAD9B,4688,14,2.0199148810329
TXNIP,6363,19,2.01968813321841
CELA2A,4019,12,2.01955588716786
DNAJC3,4019,12,2.01955588716786
MSX2,4020,12,2.0190535100815
UBALD2,4355,13,2.0190535100815
HBG2,8042,24,2.01855138287183
TCF23,4021,12,2.01855138287183
PRR5L,33509,100,2.01851122348414
PLEKHJ1,7373,22,2.01823197739057
KLF7,17763,53,2.01814418012143
EMC8,8714,26,2.01812670103395
CDCP1,8044,24,2.01804950535247
DACT3,8044,24,2.01804950535247
ZFR2,8045,24,2.01779866016846
CDC26,4023,12,2.01754787733722
CDCA4,4023,12,2.01754787733722
ABHD4,7377,22,2.01713763986724
MCHR2,4024,12,2.01704649864007
CDH13,12074,36,2.01671238459358
PCIF1,8050,24,2.01654536907519
TEAD1,13082,39,2.01642975915111
CRACR2A,16103,48,2.0161696852829
ZEB2,37576,112,2.01604448845694
ZNF326,4027,12,2.01554385659986
EIF2B2,7383,22,2.01549835694171
TMEM132B,16109,48,2.0154187374828
LEF1,21815,65,2.01535137208456
PLP2,4028,12,2.01504347331868
GPX7,4029,12,2.0145433384283
SLC20A1,14103,42,2.01432907089603
FARSA,8395,25,2.01424337664474
MMS19,18809,56,2.01379360142107
ZNF256,4031,12,2.01354381308053
C21orf91,4367,13,2.01350538960497
SPATA6L,4367,13,2.01350538960497
MGME1,5039,15,2.01344391509417
CMKLR1,10751,32,2.01323166478222
PAMR1,12434,37,2.01272062549945
RPUSD2,4033,12,2.0125452790795
ZBTB43,4034,12,2.01204638337323
DCDC2,8406,25,2.01160755971122
MVK,18158,54,2.01149234482731
PLEKHA4,26567,79,2.01130165785775
STK40,12780,38,2.01115423969777
ALDH6A1,8072,24,2.01104933362924
ECSCR,4036,12,2.01104933362924
CBLN2,12110,36,2.01071720326861
COMMD8,4037,12,2.01055117922408
DIRAS2,4038,12,2.01005327155216
ITSN2,20863,62,2.01005327155216
SLC39A2,4038,12,2.01005327155216
FAM107B,35670,106,2.00999692018486
IK,10432,31,2.0099569308087
SPP1,7740,23,2.00992342314961
MTRR,27933,83,2.00980141222984
ODF2,13799,41,2.00968910507786
LDLRAD3,12118,36,2.0093897781468
CCDC25,12119,36,2.0092239732307
MTG2,17170,51,2.00905819567515
IL10RB,10102,30,2.00866044113236
PTN,4041,12,2.00856102710409
AGPAT5,14147,42,2.0080641045343
NBPF1,11791,35,2.00775187903533
AKR1B10,8086,24,2.00756742778324
FABP7,4043,12,2.00756742778324
OXGR1,4380,13,2.00752923205592
SLC5A4,12131,36,2.0072364464251
LYPD5,15838,47,2.00719772169675
ACTR6,5729,17,2.00707099666855
MSL1,13483,40,2.00662441853386
ADPRHL1,12135,36,2.00657481100807
LYRM7,4045,12,2.00657481100807
LTK,8091,24,2.00632681016626
DCAF16,4047,12,2.00558317532187
ZDHHC13,12141,36,2.00558317532187
CDK10,15514,46,2.00551853747299
SLC25A44,10458,31,2.00495990650185
PRELID3A,9446,28,2.00494621263651
SLC35G1,4049,12,2.00459251927084
TMEM217,8775,26,2.00409755815497
UQCC3,5400,16,2.00409755815497
PPP2R2D,9114,27,2.00376771984718
RBPMS,40845,121,2.00372956374473
BTK,20593,61,2.00356230168093
AK4,9453,28,2.0034615386189
CEP250,40855,121,2.00323911470208
AFF1,17898,53,2.00292183883657
CTSB,16887,50,2.00267343482354
PGLS,8106,24,2.00261414027329
ITGB5,40536,120,2.00231772018147
LRRC8B,4054,12,2.00212015553222
SLC31A2,4054,12,2.00212015553222
EPHA3,4055,12,2.00162641443345
PRUNE2,32106,95,2.00138223255291
PCDHGA1,4057,12,2.00063966244211
TMC3,4057,12,2.00063966244211
TRAK1,24345,72,2.00039312643934
ZNF354B,4734,14,2.00028748675163
NSD1,23333,69,2.00018951208734
ILDR2,4058,12,2.00014665118966
PELI1,4058,12,2.00014665118966
SEMA5A,12178,36,1.9994896807015
EFCAB6,17591,52,1.9994265332056
GK,12179,36,1.99932550550808
MRO,8460,25,1.99876751145775
UGDH,5754,17,1.99835066734691
GLOD5,8125,24,1.99793110412988
CCR8,4064,12,1.99719367877156
SPTAN1,61299,181,1.99718281837863
LRRC72,4065,12,1.99670236421344
DNAJC9,11857,35,1.99657606525306
SOD2,21343,63,1.99653864640725
CADM1,39640,117,1.99638754610606
HLA-DQB2,4066,12,1.99621129132504
CDH5,14909,44,1.99616666031265
BAALC,16265,48,1.99608856084294
BEND3,5083,15,1.99601492979727
HERC3,16944,50,1.99593639600243
RTN1,18303,54,1.99555690309645
SMIM21,4069,12,1.99473952089644
TIMM10,4069,12,1.99473952089644
IL1R2,21364,63,1.994576124802
GPR37L1,8141,24,1.9940044492145
TMEM179B,5767,17,1.99384597536226
MPC1,8142,24,1.99375954569581
PER3,13232,39,1.99357119930583
CLDN14,16287,48,1.99339230319337
PARP14,20022,59,1.99313718043956
PDZD11,4752,14,1.99271064021091
COL8A1,8147,24,1.99253592991963
HSDL1,4754,14,1.99187231011406
ANKDD1A,15963,47,1.99148014259432
CHI3L2,20040,59,1.99134693746311
RASL11A,4756,14,1.99103468508878
ELOVL6,8833,26,1.99093808137777
PSMD8,8494,25,1.99076679384654
PLCD4,20386,60,1.99072773239665
SLAMF8,10194,30,1.99053244813803
PTPDC1,12233,36,1.99049990448646
METTL22,23109,68,1.99030849278015
LRRC36,12235,36,1.99017452648818
ANKRD27,13935,41,1.99007534703763
GAB2,12577,37,1.98983607040313
SFTPD,12238,36,1.98968665889711
POTEI,4420,13,1.98936154669795
BTRC,8501,25,1.98912753169422
TAGAP,8161,24,1.98911778226385
RRM2,17344,51,1.98890274560323
CHD7,26188,77,1.98875382971408
TMEM17,17006,50,1.98865966681554
ST6GALNAC1,14969,44,1.98816545785298
TKTL1,16330,48,1.98814332162342
SLC5A11,8166,24,1.98789985562763
TREM2,4083,12,1.98789985562763
TWSG1,4083,12,1.98789985562763
MCM2,14634,43,1.98745837178652
PJA1,4084,12,1.98741310247983
TMEM178A,12935,38,1.98705459476904
OCIAD2,8855,26,1.98599165136193
LCN15,5791,17,1.98558275598586
NTRK2,27934,82,1.98551585601556
GTF3C4,4429,13,1.98531904186158
GYG1,20443,60,1.98517710476144
NUDT4,4771,14,1.98477488205454
DNAJC16,14995,44,1.98471815529185
DMC1,5795,17,1.98421220706025
CATSPERG,24551,72,1.98360843400129
ZBTB32,8526,25,1.98329499729446
CABLES1,13985,41,1.98296031183192
C11orf71,4094,12,1.98255864937167
CDH11,24229,71,1.98205405659699
RNF4,16724,49,1.98174858694019
DPF2,12293,36,1.98078461983103
WDR25,21172,62,1.98071705102932
FBXO5,8538,25,1.98050751310993
DSE,26312,77,1.97938147204896
SRSF1,15036,44,1.97930624757923
ETF1,9571,28,1.97876104112052
VWA2,4102,12,1.97869212835876
ZBED3,4102,12,1.97869212835876
FAM120A,15384,45,1.97849919815903
ABHD6,8890,26,1.97817278659278
DACH1,8892,26,1.9777278534424
DNAH9,35568,104,1.9777278534424
OIP5,4104,12,1.9777278534424
ZNF346,8208,24,1.9777278534424
DNAJC5G,6499,19,1.97742354080147
C1QTNF9B,4447,13,1.97728312039688
SELPLG,5816,17,1.97704775445566
FNDC3B,24978,73,1.97677770794471
SNRPA,12661,37,1.97663440940369
STX3,16083,47,1.97662112269062
GZMB,4107,12,1.97628320197897
RAB11A,8557,25,1.97610998561792
DDX39A,10612,31,1.97586418226502
JOSD1,9586,28,1.97566471151309
MATN2,41083,120,1.97565784157136
TRAPPC9,56836,166,1.97550083917996
CLVS2,4454,13,1.97417558069262
GABRB2,14737,43,1.97356760621049
TIMMDC1,5827,17,1.97331555515945
HKDC1,12000,35,1.9727835338088
LIN28B,12000,35,1.9727835338088
SLC28A2,12000,35,1.9727835338088
THSD7B,12000,35,1.9727835338088
XDH,12000,35,1.9727835338088
OGDH,8230,24,1.9724410961185
STARD6,4116,12,1.9719618830242
IL7R,14410,42,1.97141449596438
PSG5,9607,28,1.97134609394863
GOLIM4,8580,25,1.97081272108771
SERPINA5,8580,25,1.97081272108771
DDX24,9610,28,1.97073068934073
CTSL,7552,22,1.97039517601968
ZNF460,5836,17,1.97027240231565
PSMB1,6866,20,1.97023864222925
GRM5,10986,32,1.97016690588692
C16orf46,8240,24,1.97004735692418
HSP90B1,13734,40,1.96995172819951
HOMER2,23349,68,1.96985048437434
BTG1,5151,15,1.96966489772074
GALNT1,12707,37,1.96947889017551
ABHD2,13051,38,1.96939324062045
WDFY1,12022,35,1.96917338260735
ALOX15B,4122,12,1.96909148727017
SRP9,4122,12,1.96909148727017
SYTL4,8589,25,1.96874760122628
CNKSR3,16149,47,1.9685427900324
PRKX,12026,35,1.96851841058586
HDHD3,4811,14,1.96827290839373
POLE4,4468,13,1.96798971271373
VPS4A,13748,40,1.9679456673765
GTF2E1,4125,12,1.96765942073397
OSBPL10,46752,136,1.96757524639188
UBASH3A,4470,13,1.96710918040379
ZNF541,12039,35,1.96639275734742
COL25A1,12385,36,1.96607067675276
RFT1,12042,35,1.96590287375067
CLDN16,12043,35,1.96573963345558
APOL3,12044,35,1.96557642026782
DIAPH2,4130,12,1.96527726647158
OXTR,8951,26,1.96469177441737
ARL13A,8608,25,1.96440208491317
TUBB,8264,24,1.96432601900475
MBD2,12052,35,1.96427168981958
KCTD6,10332,30,1.96394577780866
SH3KBP1,34444,100,1.96371770374318
KDM4A,15157,44,1.9635052278552
PON3,11368,33,1.96346204732151
AHSA1,14124,41,1.96344519689673
FAT2,15850,46,1.96300407510132
PEBP1,6893,20,1.96252118345365
RASGRP1,23438,68,1.96237046504209
SORL1,36203,105,1.96172160365485
LAMTOR5,5517,16,1.96159630488251
TANC1,20000,58,1.96151048504418
NFIA,37932,110,1.96146055695727
TMEM114,12762,37,1.96099108740481
SDSL,12073,35,1.96085499923015
PMM1,12075,35,1.96053021993421
SEC24C,14495,42,1.95985394183144
PIK3R3,12427,36,1.95942587362862
MCHR1,4834,14,1.9589079359293
OXLD1,4489,13,1.95878325604921
TTLL9,15885,46,1.95867891661038
COMMD5,6562,19,1.95843882835549
KIAA1217,40412,117,1.95825008234298
HMBS,11745,34,1.95802634992152
RIN2,19697,57,1.95734511727706
VSIG1,12095,35,1.95728833449405
EDA,12096,35,1.95712652163571
SERPINB7,10714,31,1.95705345363042
CLEC4A,8295,24,1.95698495733035
AGPAT4,12098,35,1.95680297617008
GPR173,4494,13,1.95660392443367
NUP85,24203,70,1.95623702893902
MBOAT2,21437,62,1.95623181435801
FOXJ2,8644,25,1.95622086382838
P2RX7,4152,12,1.95486394762226
YES1,8304,24,1.95486394762226
CTTNBP2NL,8305,24,1.95462856364302
STAT1,21801,63,1.95459494198752
INTS9,28722,83,1.95459170140715
BSDC1,8306,24,1.95439323634183
ACKR2,20078,58,1.95389031282416
CD80,5886,17,1.95353546379785
ACVR1,34625,100,1.95345249350845
SKP1,14199,41,1.95307415740329
POLL,10045,29,1.95272323050689
PPP1R14A,7275,21,1.95244555923345
SPEN,23218,67,1.95183288973121
PEX13,4505,13,1.95182642317534
RTN4IP1,12477,36,1.95157372217543
CPT1A,23915,69,1.95151251873443
SERPING1,9359,27,1.95131306749515
CFAP221,38131,110,1.95122398695296
AP4S1,9707,28,1.95103759395946
IRF6,12134,35,1.9509973962177
CDC20B,4162,12,1.95016701358184
RNF146,4162,12,1.95016701358184
TMPRSS2,21504,62,1.95013678405844
TF,28095,81,1.95006289361315
NDNF,9020,26,1.94966253578823
ELMO2,23591,68,1.94964346401833
HIVEP1,15959,46,1.94959675357829
ERC2,32961,95,1.94946688384284
OSCAR,5900,17,1.94889995591765
ATP1A1,21174,61,1.94858592984393
TUBA3D,6598,19,1.94775319667607
CCDC40,23964,69,1.94752219519003
PGLYRP4,4863,14,1.9472261900642
CD83,4516,13,1.94707219583811
LBHD1,6253,18,1.94704824336981
NT5E,12507,36,1.94689256668928
PAIP2,4864,14,1.94682585573237
CYFIP1,26763,77,1.94602568069918
ZNF836,5909,17,1.94593158570217
MIER3,14253,41,1.94567459208373
JADE3,4520,13,1.94534912309843
ZNF83,17387,50,1.94508231977139
FAM98C,7651,22,1.94489927712726
PABPC4,18780,54,1.94487103287403
CLPSL1,8000,23,1.94460091189724
CUZD1,8000,23,1.94460091189724
FRK,8000,23,1.94460091189724
IGFBP7,8000,23,1.94460091189724
NODAL,8000,23,1.94460091189724
PAG1,16000,46,1.94460091189724
PCNA,8000,23,1.94460091189724
SIK2,8000,23,1.94460091189724
SMIM9,8000,23,1.94460091189724
SRD5A2,8000,23,1.94460091189724
VEGFC,8000,23,1.94460091189724
VRTN,8000,23,1.94460091189724
SNX7,4522,13,1.94448872985514
COX4I1,10436,30,1.94437406825595
MUC20,13915,40,1.94432749084384
SLC13A1,8003,23,1.94387195991228
CCDC27,8005,23,1.94338629546258
RETSAT,9050,26,1.94319956605634
HRG,6964,20,1.94251271073321
NELFCD,14280,41,1.94199579558609
MANSC1,8011,23,1.94193075710622
UBL7,11147,32,1.94171109967468
CD59,13586,39,1.94162624092557
RASGRF2,16376,47,1.94125534417643
CDC42EP3,12893,37,1.94106633502367
PSMD7,8015,23,1.94096160888059
TLDC2,8017,23,1.94047739742771
ZFP2,8017,23,1.94047739742771
AGAP14P,4183,12,1.94037655044887
CCDC61,8018,23,1.9402353822871
ELL2,14992,43,1.93999905367689
PIK3AP1,21623,62,1.93940440292248
GSS,24416,70,1.93917123244639
DEF6,8024,23,1.93878455822258
SPTBN1,20934,60,1.93861543673632
HECTD4,38033,109,1.93846761813756
HHIPL2,13260,38,1.93835227626979
KIAA1958,4188,12,1.93805995953382
YWHAQ,8729,25,1.93717185782249
ADTRP,23399,67,1.93673473369713
TXLNG,8034,23,1.9363713337289
PPP1R8,4542,13,1.9359264721279
XPC,15373,44,1.9359167851819
RITA1,4195,12,1.93482600966094
FBLN5,21328,61,1.93451605769483
NUP210L,8043,23,1.93420456237448
RND3,17491,50,1.93351702554829
TTF2,17495,50,1.933074952493
LRRN4,8048,23,1.93300289453006
PTP4A2,19247,55,1.9328238646673
CA5A,8051,23,1.93228261025686
BCKDHA,27656,79,1.93210338242359
LGMN,16109,46,1.93144295675435
GP2,8055,23,1.93132306581973
PRKCB,30835,88,1.93032908958011
LCP2,16119,46,1.93024471681592
DNAJC5B,8061,23,1.92988553469519
SLC22A14,8762,25,1.92987595833515
FAM114A1,16129,46,1.92904796269799
BNIPL,10519,30,1.92903201600143
VSIG4,8065,23,1.92892836889993
PFAS,17536,50,1.92855533153884
SPNS1,7717,22,1.92826543595965
EEA1,8069,23,1.92797215208551
SPOCK1,28771,82,1.92775363810569
NLE1,8071,23,1.92749439910518
PTRH2,4211,12,1.9274744978693
TIMM17B,4915,14,1.92662481429954
ARMCX5,5969,17,1.92637120789314
KLHL3,29498,84,1.92610230434922
KCNJ1,8077,23,1.92606255975956
KCTD2,13696,39,1.9260319881144
FCRL2,10536,30,1.92591949281692
CREBBP,56548,161,1.92575601376257
UPF3A,8784,25,1.92504248029742
DCT,16872,48,1.92427574929531
EIF1B,4921,14,1.92427574929531
CLTCL1,24608,70,1.92404115781092
RBM44,8789,25,1.92394733723206
SLC35E2B,8086,23,1.92391878495893
DAZAP2,4571,13,1.92364428711549
TMEM64,4571,13,1.92364428711549
AKIRIN1,4220,12,1.92336377026721
INPP5B,21103,60,1.92309034509966
PEG10,4221,12,1.92290810483952
LGALSL,4573,13,1.92280298193854
NYX,8091,23,1.92272985974267
SGTB,4926,14,1.92232256643975
CEACAM21,19357,55,1.92184020887801
NSFL1C,8096,23,1.92154240306052
NBPF19,10915,31,1.92101426497447
NEDD4L,92273,262,1.92052200080038
CD40LG,8104,23,1.91964552013548
TMEM187,8104,23,1.91964552013548
BUB3,8457,24,1.91949748386606
ARID1B,55678,158,1.91940267769341
NDUFB8,7402,21,1.91894642575295
TFPT,4583,13,1.91860747030437
CLTB,9529,27,1.91650110176169
GM2A,12000,34,1.91641828998569
PINK1,12000,34,1.91641828998569
SLC9A2,12000,34,1.91641828998569
TENM1,12000,34,1.91641828998569
TMEM120B,12000,34,1.91641828998569
PIGL,13059,37,1.91639239279119
ELK4,8118,23,1.9163349710739
PREX2,8475,24,1.91542067505077
KDM1B,8123,23,1.91515539765825
ATXN7,25784,73,1.91498423786236
BTBD18,5299,15,1.91465255485177
ZBTB38,35682,101,1.91454166004169
GLI3,20844,59,1.9145362035483
SVBP,4593,13,1.91443022782602
WWP2,46991,133,1.91438635359284
FAM186A,12013,34,1.91434441686742
ZFAT,59359,168,1.91432354903868
ADCY2,24035,68,1.91362758309368
HP,5656,16,1.91338875778586
DNAJC28,4243,12,1.91293780592214
STK36,25108,71,1.91266479756605
ATG16L1,22987,65,1.91259799808695
RTKN2,8137,23,1.91186030418802
TESPA1,15928,45,1.91092614669002
ZMYM5,8141,23,1.91092093049723
TMEM150B,12036,34,1.91068623129181
COL1A2,21603,61,1.90989022258554
KIF20A,8502,24,1.9093378288703
AP1AR,8149,23,1.90904494970891
SOAT1,4606,13,1.90902692931067
RCBTB2,8504,24,1.90888878422569
MYH10,35792,101,1.9086576752796
NDUFAF6,25874,73,1.90832316568923
F12,13474,38,1.9075665120482
ZNF343,12411,35,1.90745325966526
NDUFAF2,8158,23,1.90693886922995
MYH11,26254,74,1.90646516778092
IMPA2,16676,47,1.90633230488326
PELP1,15617,44,1.90567002232191
SNCA,10648,30,1.90566188733274
COTL1,8519,24,1.90552767003818
YPEL3,6035,17,1.90530401655578
NXPH1,9586,27,1.90510525753048
KLHL15,6391,18,1.90500589356774
HSD17B3,12072,34,1.90498835982673
HK1,31250,88,1.90469431927048
STRIP1,19534,55,1.90442617606489
KCNG4,4262,12,1.90440992738799
TAF6L,11721,33,1.90432868816236
FEZ1,25577,72,1.90403763784516
ESRRG,30557,86,1.90362050022738
SLFN13,8883,25,1.90358810615024
MYB,16347,46,1.90332260294586
DOCK11,12083,34,1.90325411568553
SAFB,23460,66,1.90286756640673
ACP6,13152,37,1.90284126045166
FIS1,12087,34,1.90262426407117
ADGRE2,9954,28,1.90262426407117
DDRGK1,11733,33,1.90238102394537
SMIM20,12089,34,1.90230949456765
RPUSD3,8889,25,1.90230320023991
KCTD10,18490,52,1.90221266336505
METTL17,9957,28,1.90205101180722
TERF2IP,4623,13,1.90200692978692
HARS2,6046,17,1.9018375355465
LIMS3,7114,20,1.90155447252545
LRRC43,13517,38,1.90149820103111
PARVA,16008,45,1.90137629088447
MOG,10317,29,1.90124114087833
ZKSCAN1,9250,26,1.90118444030377
ACSL1,22414,63,1.90113876730035
RAP1B,9608,27,1.90074302650782
JAM3,16014,45,1.90066389811906
HNRNPH1,16726,47,1.90063359537446
KANSL3,29186,82,1.90034262735348
NAA40,8544,24,1.89995203898119
PSMD3,12104,34,1.89995203898119
PSMB4,5341,15,1.89959630933524
METTL18,4274,12,1.89906296455958
OSGEP,11401,32,1.89845220840923
EFTUD2,39195,110,1.89825543682876
WIPF1,24590,69,1.897943142966
FAM91A1,12830,36,1.89787882553257
MBNL3,15327,43,1.89759677775977
TNRC6B,20674,58,1.89756262459531
OAS2,8199,23,1.89740301197438
RETN,4278,12,1.89728730961375
CBR4,7487,21,1.89716060417034
THAP4,12835,36,1.89713948824175
LRRC37A2,31379,88,1.89686406441259
MCM8,4279,12,1.8968439145893
TINF2,6421,18,1.89610538324115
MAL2,8919,25,1.89590460218999
DDB1,33893,95,1.89585985183795
HNF1A,8206,23,1.89578446200072
ENPP2,16059,45,1.89533792044826
DUSP3,8209,23,1.8950916427309
MCC,29629,83,1.8947579347199
R3HCC1,11068,31,1.8944588635884
CLPP,7141,20,1.89436472728554
ARHGAP25,21066,59,1.89436023102444
EIF2B5,11070,31,1.89411659459768
EIF4A2,8571,24,1.89396689080099
PRKCH,69642,195,1.89389550193955
BCL2L1,8572,24,1.89374594272693
FGF10,4286,12,1.89374594272693
ZNF568,16432,46,1.89347703203237
TRPM3,26441,74,1.89298197930942
NPLOC4,38592,108,1.8928626657014
PSMD13,15008,42,1.8928626657014
CHRNA7,34305,96,1.89280748824431
RBM28,16082,45,1.89262726430037
MON1A,4647,13,1.89218378231223
KLHL23,5720,16,1.8919802122442
LURAP1L,4648,13,1.89177668597352
GARNL3,37550,105,1.89135039193387
PIGZ,8227,23,1.89094533793338
VRK3,24683,69,1.89079211949657
SRA1,8231,23,1.89002639960855
ZNF79,4295,12,1.88977767416243
RHOQ,13961,39,1.88947311146872
DHX33,8234,23,1.88933778178017
GABRA6,11814,33,1.88933778178017
UPK1A,4296,12,1.88933778178017
C15orf61,4654,13,1.88933778178017
NME6,7161,20,1.88907394463707
LARP4B,45841,128,1.88863712642165
TMEM108,23641,66,1.8882988497907
FAM98A,11105,31,1.88814684396185
PQBP1,8598,24,1.88801933252562
TJP3,22212,62,1.88797683254064
ZFAND2B,9676,27,1.88738517969069
TMTC2,8601,24,1.88736079770437
EIF1,5018,14,1.88707870910367
RAP2A,4302,12,1.88670272211242
GRIN2B,15419,43,1.88627445442143
UCHL1,9326,26,1.88569119373899
CPNE1,22243,62,1.88534556509431
PHACTR1,43776,122,1.88502186031229
ZNF23,19736,55,1.88493417730298
COX5A,4307,12,1.88451244730151
TRIM66,31226,87,1.88449735961459
SBDS,5384,15,1.88442494208015
FAT1,20821,58,1.88416549161344
CCDC63,8258,23,1.88384685095398
PABPC1L,19393,54,1.88339493618183
TMEM218,10416,29,1.88317058856008
AURKB,7902,22,1.88312128186543
SYT17,20115,56,1.88304468551474
AK2,16164,45,1.88302596291008
SLC6A20,12214,34,1.88284095954055
SNAI2,4311,12,1.88276388553181
ZKSCAN2,4311,12,1.88276388553181
SLC1A6,19403,54,1.8824242641537
ACAA2,10422,29,1.88208643738647
MKI67,12219,34,1.88207050330046
VLDLR,17977,50,1.88124527417618
LYZL4,15102,42,1.88108084272591
PARP12,24811,69,1.88103751906549
GYG2,10428,29,1.88100353379764
LGALS8,17982,50,1.88072218295324
FAHD2A,12230,34,1.88037771707508
ANO10,12950,36,1.88029230359713
PARP1,33826,94,1.87961908095744
SVIL,37431,104,1.87929321394671
PTGR1,6480,18,1.87884146077028
HADHB,10443,29,1.87830171889704
MED12L,21608,60,1.87814585119577
PLEKHA8,9368,26,1.87723698471497
SIPA1L3,36756,102,1.87700126345317
RHOH,13334,37,1.87686877587072
STIM2,15858,44,1.87670883709177
SNRPB,8290,23,1.87657506576332
SSUH2,32081,89,1.87644027315482
CUL1,10093,28,1.87642147275978
AKIP1,4326,12,1.87623557802303
DTWD2,4327,12,1.87580196684253
NAGPA,9738,27,1.87536855603688
TMEM200A,12264,34,1.87516466730498
ZNF254,12265,34,1.87501177984739
NT5C3B,9380,26,1.87483540221853
HSPBP1,4691,13,1.87443573575036
CREB5,39339,109,1.87411319353888
RAB29,4331,12,1.8740695244811
HPGD,11189,31,1.87397182073432
GTPBP4,12272,34,1.87394226530543
ZNF34,8302,23,1.87386259879281
ACTG2,4694,13,1.87323775807519
KIF5C,57057,158,1.87301299207133
DNAAF1,12641,35,1.87274759953371
AP2S1,13366,37,1.87237529982494
PRMT7,26737,74,1.87202515296856
DCAF13,4698,13,1.87164283448381
FGD2,12649,35,1.87156315959408
SLC29A3,11565,32,1.87153079360775
TMCO4,20601,57,1.87145414178954
CHN2,36866,102,1.87140070632791
RBKS,8315,23,1.87093292786265
BORCS5,4340,12,1.8701832051907
PLEKHA3,9404,26,1.87005062450126
HTR7,4341,12,1.86975238666842
SORT1,23515,65,1.8696529951956
BAG4,8322,23,1.86935920393871
SLIT2,27140,75,1.86914957408982
NLRP1,36556,101,1.86876779498872
WDR74,11222,31,1.86846112120802
SLC16A9,8328,23,1.8680124033595
SEC16B,20639,57,1.86800846819159
ARL5C,8331,23,1.86733973054591
PPM1A,12679,35,1.86713482180815
TMEM40,16667,46,1.86677953983056
DHX16,9424,26,1.86608192623195
SLC8B1,21748,60,1.86605552476725
ERAL1,7975,22,1.86588393345463
TMSB15B,8339,23,1.8655483025756
FBXO25,20671,57,1.86511667432665
FNTB,20320,56,1.86404743352012
TRIM2,18146,50,1.86372458359226
GPRIN3,4356,12,1.86331384539202
COMMD4,6534,18,1.86331384539202
PIK3IP1,5808,16,1.86331384539202
STK17A,8350,23,1.86309069403329
IQCE,23599,65,1.86299801610342
CHD6,23611,65,1.86205117030302
TPGS2,18163,50,1.86198019566509
FOXK2,19982,55,1.86172860190429
COPRS,4360,12,1.86160438314854
CISD2,4362,12,1.86075082772298
A4GNT,4000,11,1.86005304616258
ADO,4000,11,1.86005304616258
AGAP9,4000,11,1.86005304616258
BORCS6,4000,11,1.86005304616258
BTNL2,4000,11,1.86005304616258
CASP14,8000,22,1.86005304616258
CCNA2,4000,11,1.86005304616258
CDKN2AIPNL,4000,11,1.86005304616258
CMYA5,12000,33,1.86005304616258
CNPY3,4000,11,1.86005304616258
CT47A6,4000,11,1.86005304616258
CTSG,4000,11,1.86005304616258
CTU1,4000,11,1.86005304616258
DEFB118,4000,11,1.86005304616258
DSC1,4000,11,1.86005304616258
EIF4EBP2,4000,11,1.86005304616258
ENDOD1,4000,11,1.86005304616258
EPO,4000,11,1.86005304616258
FAM162B,4000,11,1.86005304616258
FAM167B,4000,11,1.86005304616258
FAM199X,8000,22,1.86005304616258
FANCF,4000,11,1.86005304616258
FEM1A,4000,11,1.86005304616258
FITM1,4000,11,1.86005304616258
FITM2,4000,11,1.86005304616258
GJC3,4000,11,1.86005304616258
GUCA1B,4000,11,1.86005304616258
HEPN1,4000,11,1.86005304616258
HINT3,4000,11,1.86005304616258
HNRNPA0,4000,11,1.86005304616258
IL1RAPL1,4000,11,1.86005304616258
KBTBD7,4000,11,1.86005304616258
KHDRBS2,4000,11,1.86005304616258
KIF3B,4000,11,1.86005304616258
KLHL40,4000,11,1.86005304616258
LEP,4000,11,1.86005304616258
LMTK2,8000,22,1.86005304616258
LRRC3,4000,11,1.86005304616258
LRRC53,4000,11,1.86005304616258
LTV1,4000,11,1.86005304616258
LURAP1,4000,11,1.86005304616258
MAP10,4000,11,1.86005304616258
MOGAT1,4000,11,1.86005304616258
NBPF20,8000,22,1.86005304616258
OPN1SW,4000,11,1.86005304616258
OR9Q1,4000,11,1.86005304616258
PCDHB11,4000,11,1.86005304616258
PLPP6,4000,11,1.86005304616258
PPM1E,4000,11,1.86005304616258
PPP1R17,8000,22,1.86005304616258
PPP1R3D,4000,11,1.86005304616258
PRMT6,4000,11,1.86005304616258
R3HDML,4000,11,1.86005304616258
RAP2B,4000,11,1.86005304616258
RBAK-RBAKDN,8000,22,1.86005304616258
RNASEL,4000,11,1.86005304616258
SCCPDH,4000,11,1.86005304616258
SCNN1G,4000,11,1.86005304616258
SERINC1,4000,11,1.86005304616258
SERPINB12,8000,22,1.86005304616258
SGCG,4000,11,1.86005304616258
SLC2A12,4000,11,1.86005304616258
SPACA1,8000,22,1.86005304616258
SPATA31D3,4000,11,1.86005304616258
SYCE3,8000,22,1.86005304616258
TFB2M,4000,11,1.86005304616258
TIFAB,4000,11,1.86005304616258
TMEM252,4000,11,1.86005304616258
TMSB10,4000,11,1.86005304616258
TRIM72,4000,11,1.86005304616258
UTP3,4000,11,1.86005304616258
VCX3B,4000,11,1.86005304616258
ZNF14,4000,11,1.86005304616258
ZNF622,4000,11,1.86005304616258
ZNF750,4000,11,1.86005304616258
ZNHIT6,4000,11,1.86005304616258
ZSWIM1,4000,11,1.86005304616258
PDCD5,9455,26,1.85996362483446
RILPL1,12001,33,1.85989805465803
CELA3A,12003,33,1.8595881491253
LIPC,12003,33,1.8595881491253
PPP1R14D,4001,11,1.8595881491253
STAP1,4001,11,1.8595881491253
FCGR1A,10912,30,1.85955716425211
SUCLG2,8005,22,1.85889123913812
NLGN1,14556,40,1.85870548468618
NEURL1B,4003,11,1.85865905187368
TEFM,4003,11,1.85865905187368
HDHD2,8370,23,1.85863886441791
OGFRL1,6551,18,1.85847850187627
TGM6,8007,22,1.8584269226053
TTC4,8007,22,1.8584269226053
C19orf53,4368,12,1.85819485131127
NDUFB7,4004,11,1.85819485131127
SAA1,4004,11,1.85819485131127
SMIM17,4004,11,1.85819485131127
SCARB1,28393,78,1.85812940578416
FYN,56423,155,1.85809605145033
BTBD3,13471,37,1.85778103017298
PRSS23,16023,44,1.85738305801668
NOM1,20759,57,1.85721021123398
BCL7A,6556,18,1.85706111436721
VSTM4,8013,22,1.85703536369657
ZNF843,4371,12,1.85691949451559
KLHL25,4007,11,1.85680363979294
LPAR3,8015,22,1.85657197371187
SARNP,8015,22,1.85657197371187
TRAF6,8016,22,1.85634036543172
PXMP4,4009,11,1.85587732218766
TACC2,48108,132,1.85587732218766
RGS20,13122,36,1.85564588718053
UPP1,8748,24,1.85564588718053
SGMS1,20777,57,1.85560123092873
ARMC9,33907,93,1.85518070329398
GPR19,8024,22,1.85448957743029
TRAFD1,8025,22,1.85425848838637
POLR2K,4013,11,1.85402745692757
SLC4A8,41227,113,1.8539129847948
CDCP2,12770,35,1.85382947577961
TMEM266,8027,22,1.85379648303235
LAMA1,24447,67,1.85371031348547
LDLRAD1,4014,11,1.8535655666792
VAMP4,4014,11,1.8535655666792
ACOT12,12045,33,1.85310390651316
CRYBA1,4015,11,1.85310390651316
RBX1,8031,22,1.85287316265728
ESRP1,13142,36,1.85282189404831
PDE8A,28475,78,1.85277851513361
SLC9A7,16063,44,1.85275781227674
GDAP1L1,8397,23,1.85266253366416
ANKRD31,8033,22,1.8524118472925
SLF2,8033,22,1.8524118472925
NECAB1,8399,23,1.85222137101773
GLCE,12051,33,1.85218127574068
SV2B,13878,38,1.85203568117434
CEACAM16,6209,17,1.85191008856726
ZNF418,9497,26,1.85173803020005
ZNF608,16440,45,1.85141311827729
LCOR,13153,36,1.85127235851767
TLR8,4019,11,1.8512595632372
PIK3R1,28136,77,1.85106217275207
ZNF2,4385,12,1.850990903199
ZHX3,18271,50,1.85097401860134
HNRNPM,21196,58,1.85083080302338
CYP4A22,4020,11,1.85079905090804
NCF2,16446,45,1.85073766657416
TRIM26,12062,33,1.85049216995117
ENOX2,8042,22,1.85033876763251
PBDC1,4022,11,1.84987871323976
SAYSD1,4022,11,1.84987871323976
TSPAN10,8044,22,1.84987871323976
CASD1,10971,30,1.84955681125869
JRKL,4024,11,1.84895929042006
LRCH2,4024,11,1.84895929042006
SNAPIN,4024,11,1.84895929042006
OSBPL6,15368,42,1.84852179117951
SASS6,4025,11,1.84849992165225
ZBTB3,4025,11,1.84849992165225
SMYD4,13175,36,1.84818104983551
TCP10L2,13546,37,1.84749507289681
SERPINB8,16476,45,1.84736778735607
CD58,8055,22,1.84735249774061
NIPAL3,8056,22,1.84712318387545
PPP2R5A,8057,22,1.84689392693318
SUMO2,4396,12,1.84635921531566
NAGA,4030,11,1.84620649743184
MORC1,4031,11,1.84574849532382
TM9SF3,16858,46,1.84562905388278
AGAP6,4398,12,1.84551957947422
VAMP1,8063,22,1.84551957947422
FCRL1,14294,39,1.84545502373127
AGO1,16128,44,1.84529072039939
FAM168B,4032,11,1.84529072039939
MPV17L2,4032,11,1.84529072039939
TIMM23B,4032,11,1.84529072039939
AGAP4,10997,30,1.84518393892144
CHD8,36291,99,1.84513817921393
STXBP5L,5499,15,1.84501616442254
CABYR,12098,33,1.84498566324607
NEDD9,12100,33,1.8446807069381
CLIC5,16502,45,1.84445713637611
CHKA,20904,57,1.84432772555521
EBP,8070,22,1.84391875703849
PUS7L,4035,11,1.84391875703849
RGP1,13573,37,1.84381995560747
CLPB,32283,88,1.84374740504918
ADAMTSL1,31918,87,1.84364040827512
SP100,34120,93,1.84359941695748
STAR,6238,17,1.84330069572205
SLC25A43,8073,22,1.84323354010909
RPP40,4405,12,1.84258685823556
ETHE1,4038,11,1.84254883225615
PSRC1,5507,15,1.84233591577257
WIPI2,18360,50,1.84200143212773
SCPEP1,15424,42,1.84181035314099
ZNF552,5509,15,1.8416670699146
POFUT1,8080,22,1.84163667936889
SCG3,4040,11,1.84163667936889
KLHL1,4041,11,1.84118094151208
GLT8D2,16166,44,1.84095315715708
AP3M1,8085,22,1.84049775748926
TMCO1,8085,22,1.84049775748926
CHRAC1,6983,19,1.84036597331645
CHD1L,17274,47,1.84033793656554
SLC31A1,4043,11,1.84027014213463
ZNF595,4043,11,1.84027014213463
SLC44A5,13601,37,1.84002413480334
TREH,4044,11,1.83981508027951
UNC50,8456,23,1.83973596205983
C9orf50,4780,13,1.83953515405961
GCSH,8825,24,1.83945498255584
ADAMTS18,15447,42,1.83906796703869
CDK5RAP2,51494,140,1.83892511016472
PRSS57,4046,11,1.83890563140146
CASP8AP2,4047,11,1.83845124404505
CD302,4047,11,1.83845124404505
RNF17,16188,44,1.83845124404505
PCSK1N,4783,13,1.83838135822808
EIF3F,12512,34,1.83799708118832
ZNF415,11412,31,1.83735284807189
DPEP3,4050,11,1.83708942830872
DUSP14,9573,26,1.83703709106966
UBE3B,20253,55,1.83681730722617
DNAJC7,29464,80,1.83649993450258
IL18RAP,8471,23,1.83647825465446
IL13RA1,8473,23,1.83604476515732
C1QB,8474,23,1.8358280971416
HUWE1,42374,115,1.83565479954429
OSTM1,19529,53,1.83564417386948
SUFU,8107,22,1.83550319098318
GZF1,10689,29,1.83507389376385
CHRNA9,9953,27,1.83485773120538
EMC7,4055,11,1.83482421323066
IKZF2,11798,32,1.83456972606151
ZNF75A,14384,39,1.8339080999176
ANKS6,16969,46,1.83355616655996
POLN,37630,102,1.83340575178009
GNA12,22876,62,1.8331763159815
PTPN14,9226,25,1.83281737989731
EEF1B2,6643,18,1.8327401273207
MOGAT2,5536,15,1.83268495089587
TM2D3,9969,27,1.8319128296406
DOK5,8125,22,1.83143684545239
IDS,22900,62,1.83125508316125
INIP,4063,11,1.8312114655797
SLC4A10,8126,22,1.8312114655797
SLC2A11,21058,57,1.83083990763635
COMMD3-BMI1,4064,11,1.83076087220726
FBXO34,8867,24,1.83074210229562
YIF1B,11825,32,1.83038085649672
GTF2A2,4066,11,1.82986035038129
RAB4A,8132,22,1.82986035038129
AMFR,22179,60,1.82979284695605
HAPLN1,13311,36,1.82929797397512
SPTLC1,20339,55,1.82905063785101
SNRPB2,4068,11,1.82896071402417
ACVR1C,8137,22,1.82873594313637
INSL3,4069,11,1.82851122748841
PIEZO2,53271,144,1.82837080825086
TUBA1A,5920,16,1.82806196183055
EPHX2,14061,38,1.82793195244559
B2M,8142,22,1.82761291688782
NAT2,8515,23,1.82698852556406
SLC2A5,15553,42,1.82653397330719
RGS9,12222,33,1.82626710472516
PTCD1,7779,21,1.82594696534559
ACTN2,34081,92,1.82586277341368
HMGN3,4075,11,1.82581894101848
VGLL3,4447,12,1.82518441882789
TMED4,4077,11,1.82492327315436
RAPGEF5,25948,70,1.82468031491487
SHE,11122,30,1.82444594284473
TSPAN5,12976,35,1.82439907565548
RNASE1,4449,12,1.8243639268437
DENND1A,40045,108,1.82418169546132
SDHD,4079,11,1.82402848361126
MEI1,27449,74,1.82346666599586
NRBF2,4081,11,1.82313457109785
FOLR2,5937,16,1.82282749099492
TBC1D21,4082,11,1.82268794332443
PDE1C,33029,89,1.82258259114959
ACCS,15592,42,1.8219652954622
TRAPPC10,20047,54,1.82195231193567
CDYL2,16335,44,1.82190687104997
ERV3-1,4084,11,1.82179534393984
TBC1D25,4084,11,1.82179534393984
PHF6,4085,11,1.82134937200742
TXNDC11,15970,43,1.82119385176731
FANK1,21544,58,1.82093435299311
SLAMF1,4086,11,1.82090361836768
POM121C,22661,61,1.82072099547749
SYT10,8173,22,1.82068082335748
CCNJL,11518,31,1.82044371437718
SIN3A,31213,84,1.82027250740696
COPS7B,17841,48,1.81976236994061
SLC1A4,8922,24,1.81945642468676
VAV1,24167,65,1.8192117425425
GYS1,12274,33,1.81852994573497
CSGALNACT1,34592,93,1.81844392075015
CLN5,9299,25,1.81842920173487
EFCAB14,11159,30,1.81839661047756
BFSP2,13763,37,1.81836578198504
IL17D,5952,16,1.81823367171318
BHMT,8929,24,1.8180300393163
MASP1,25674,69,1.81780875148141
MAP3K15,16000,43,1.81777911329525
SRRD,10791,29,1.81772818556591
CPVL,21211,57,1.81763362288465
ANKRD24,16003,43,1.81743834360582
ELMO1,36472,98,1.8174360258822
CBR1,4094,11,1.8173454285907
VWA3A,16004,43,1.81732478209972
SEC14L1,44663,120,1.81729734019829
ZNF675,4839,13,1.81710643447095
XPO6,49879,134,1.81710363214095
NUTM1,4095,11,1.81690163239324
C9,16008,43,1.81687067795627
SNX19,21222,57,1.81669148878552
FTH1,4468,12,1.81660588865882
GRM3,8936,24,1.81660588865882
FMO5,8564,23,1.81653518159481
FCGRT,9683,26,1.81616813723121
CHRM2,4470,12,1.8157930896035
PARP6,29428,79,1.81576223815097
PDE4DIP,69675,187,1.81533702388311
ROPN1B,8199,22,1.81490722884506
PLPPR4,8200,22,1.8146858986952
ZNF738,4100,11,1.8146858986952
PSMG1,8201,22,1.81446462252172
SCO1,4848,13,1.81373309331785
SEMA6A,41397,111,1.81362187531417
SKA2,7459,20,1.81360216081861
TMPRSS9,16037,43,1.81358519752597
EFNA5,12310,33,1.81321174280674
NPL,13057,35,1.81308129016662
RPH3A,39927,107,1.81263238081677
BATF,4105,11,1.8124755626432
PPP3CA,13436,36,1.81227934888232
BIVM-ERCC5,8212,22,1.81203414141508
ZNF257,4106,11,1.81203414141508
DENND5B,12694,34,1.81164483061512
SP140L,25396,68,1.81107414394615
SYBU,35110,94,1.81087994965726
ATP9B,55305,148,1.81004742843939
ZNF214,4111,11,1.8098302565435
ZNF317,10092,27,1.80958571132453
RAD54L,21682,58,1.80934460385958
FAM171A1,8227,22,1.80873032324063
MTERF3,8227,22,1.80873032324063
SDHA,29171,78,1.80857249386135
SLC22A2,16082,43,1.80851049699813
MGP,5612,15,1.80786598149671
TMEM154,10102,27,1.80779439701912
CENPL,4864,13,1.8077668660372
ARSJ,4116,11,1.80763172610552
WASF2,4116,11,1.80763172610552
LDHA,11975,32,1.80745333011054
KCNMB3,17215,46,1.80735489923647
SRCAP,20962,56,1.80695753502189
FAM118A,20219,54,1.80645323692439
SLC38A2,14231,38,1.80609593024647
IL21R,16107,43,1.80570347133072
LNPEP,12365,33,1.80514650658722
LRP12,10118,27,1.80493565909144
SNX1,14615,39,1.80492193699725
YY1,13495,36,1.80435608236998
CYB561A3,14999,40,1.80380805620989
ANOS1,12000,32,1.80368780233947
CLCA2,12000,32,1.80368780233947
ITGA8,12000,32,1.80368780233947
LYN,12000,32,1.80368780233947
SCGB2B2,12000,32,1.80368780233947
SERPINA12,12000,32,1.80368780233947
TSHZ2,12000,32,1.80368780233947
GRIK1,4501,12,1.80328707187905
VPS37B,12003,32,1.8032369930912
NPIPA5,6753,18,1.80288651944194
OTUD7B,12756,34,1.80283940732426
ECHDC3,8255,22,1.80259532032715
HAUS4,16886,45,1.80251283101259
FAM120C,4503,12,1.80248614490953
GNPAT,12009,32,1.80233605030175
PAFAH1B3,5254,14,1.80231461025547
LCORL,13142,35,1.80135461921363
STAT3,24407,65,1.80132298856986
RBM47,18776,50,1.80119015199537
STXBP6,13147,35,1.80066953721043
ZNF229,4132,11,1.80063218408769
JADE1,10144,27,1.80030944387689
TMEM223,8269,22,1.79954339935913
CYP39A1,12030,32,1.79918982777005
NSUN2,18798,50,1.79908215203027
CNIH3,22558,60,1.79905025058241
LPAR1,9028,24,1.79809373294808
ALAD,12415,33,1.79787648441007
GPR137B,12039,32,1.79784480671764
PITPNC1,17685,47,1.79756842048251
ZKSCAN7,10164,27,1.7967669223423
PID1,12048,32,1.79650179515884
AZGP1,12426,33,1.79628493110824
ACER1,8661,23,1.79619065872046
CBX1,4896,13,1.79595139632454
SPAG6,12053,32,1.79575654426895
PDE10A,48216,128,1.7956075682822
ASTN1,8290,22,1.79498484551274
PFN4,4145,11,1.79498484551274
PPP2R1A,29780,79,1.79429990410701
MTMR12,12063,32,1.79426789588607
ADAR,20359,54,1.79403104265309
TNFRSF9,12065,32,1.79397046233516
CLHC1,12443,33,1.79383079273093
SPATA22,12068,32,1.79352449685728
MECOM,27539,73,1.79294649729631
GPD1L,9433,25,1.7925975985299
COPS8,10566,28,1.79242115507898
MLYCD,12079,32,1.79189118536913
OXNAD1,8306,22,1.79152713331335
MYO10,24164,64,1.79144625294435
GABRB3,44555,118,1.79134070819261
PCYT1B,8309,22,1.79088029477683
TMEM263,9066,24,1.79055705063482
SNRNP25,5667,15,1.79032007908232
SMARCA2,66493,176,1.79031469409419
CDC37L1,4156,11,1.79023392315937
CEP70,10582,28,1.78971101158235
SLC30A10,12094,32,1.78966873061631
GLP2R,11718,31,1.78937281978122
JAZF1,20413,54,1.78928516128812
PRR4,4916,13,1.78864484060312
LGALS3,12864,34,1.78770362871799
DYNLT3,4163,11,1.78722368115549
AMPH,20817,55,1.78705197306296
WBP11,6058,16,1.78641908452242
OTUD6B,4166,11,1.78593667418395
ATL3,4545,12,1.7858295072668
ADAM23,8335,22,1.78529386554297
ABCC4,22356,59,1.7850506632117
G6PC3,4547,12,1.7850440093529
CYP3A5,14400,38,1.78489938773177
NAP1L4,28054,74,1.78414260051759
GLB1L3,16684,44,1.7837957767083
SIRT3,10239,27,1.78360572308694
RBBP7,18582,49,1.78359505801247
SKAP1,20101,53,1.7834085404456
PSMF1,12516,33,1.78336821300343
BST1,15553,41,1.78304506918083
N4BP2,12139,32,1.78303432144935
UTP23,7590,20,1.78230019994019
SPOCK3,8731,23,1.78178986315175
SRSF10,9875,26,1.78085631117062
PLBD1,12155,32,1.78068725858278
CCT7,12916,34,1.78050630844133
YWHAB,10258,27,1.78030210554564
VGLL4,43315,114,1.78016053445717
ZC3H12D,9881,26,1.77977492893532
SNCB,4562,12,1.77917472830505
DAGLB,17119,45,1.77797953528118
ZNF501,4185,11,1.77782847900844
ARFIP1,12177,32,1.77747011809753
NONO,17128,45,1.77704528634275
PLBD2,4188,11,1.776554962906
PIGT,12186,32,1.77615736320972
CCNJ,4189,11,1.77613086289098
POLH,4189,11,1.77613086289098
MCTP2,20184,53,1.77607486481852
ATP8B1,21327,56,1.77603244005856
CDH7,8760,23,1.77589124374177
ERI2,12571,33,1.77556571107716
PTPRG,12571,33,1.77556571107716
ACBD3,8000,21,1.77550518042792
CCL18,8000,21,1.77550518042792
CRYBB1,8000,21,1.77550518042792
FHDC1,8000,21,1.77550518042792
GADL1,8000,21,1.77550518042792
LAPTM4A,8000,21,1.77550518042792
NFE2L3,8000,21,1.77550518042792
PPIL1,8000,21,1.77550518042792
SLC15A1,8000,21,1.77550518042792
SYCE2,8000,21,1.77550518042792
ZNF648,8000,21,1.77550518042792
ABHD18,4191,11,1.77528327001917
TAS1R1,8002,21,1.77506141507415
ZBTB8A,8002,21,1.77506141507415
SCAMP1,12194,32,1.77499209677494
C16orf89,11434,30,1.77466221587538
LANCL2,16774,44,1.77422491585795
ZFX,10294,27,1.77407606359891
RSPH14,14107,37,1.77402482862835
EPC1,12583,33,1.77387241150369
U2AF1,14110,37,1.77364764404395
BRCA1,27080,71,1.77338211732971
KEAP1,14494,38,1.77332352582706
BRINP1,8010,21,1.77328856971577
CHST9,8010,21,1.77328856971577
BRINP3,11063,29,1.77303668538749
PCP4,8013,21,1.77262466534673
SIRT5,8396,22,1.77232305494291
BZW1,10687,28,1.77212706321367
GPR55,8016,21,1.77196125791209
IMPG1,8016,21,1.77196125791209
SRRM4,16420,43,1.77128293621949
ACYP1,8020,21,1.77107748671114
UGT3A2,8402,22,1.7710574112474
METTL21A,9548,25,1.77100682309725
MAP6,12604,33,1.77091689574349
FERMT1,15660,41,1.77086206647314
EGFL6,8021,21,1.77085668163862
MOB1A,4584,12,1.77063593161597
KCNH1,20258,53,1.76958708023976
PSMC4,8027,21,1.76953300653088
MCM4,19113,50,1.76943160643882
TBRG1,11086,29,1.76935818604021
STXBP1,20644,54,1.76926361157597
AURKA,4206,11,1.76895201727302
POLR2D,4206,11,1.76895201727302
HAO2,8030,21,1.76887191076256
NMRAL1,15296,40,1.76878380198039
PLEKHB2,10709,28,1.7684864996325
FBN1,31364,82,1.76837775545016
BOLL,9564,25,1.7680440346019
DAB1,24106,63,1.76769784826475
PRDM1,18368,48,1.76755120002779
GRIN2A,35214,92,1.76711618051661
C3orf20,8038,21,1.76711140127188
SPINT2,14546,38,1.7669841319495
TNFRSF11A,8039,21,1.76689158395613
NPC1,27951,73,1.76651832095607
CERS4,19528,51,1.76646503583277
COPG2,8043,21,1.76601286129844
PPP1CB,8810,23,1.76581240580907
PNLDC1,8045,21,1.7655738276474
AHCY,13409,35,1.76548604711057
TRIM74,6513,17,1.76547055733366
RBM18,8046,21,1.76535439267006
BATF2,8048,21,1.76491568631006
CLVS1,44458,116,1.7648211660841
FBXW2,8049,21,1.76469641488674
MKS1,16485,43,1.76429880574607
CLDN18,8051,21,1.76425803545191
PHRF1,8051,21,1.76425803545191
ATCAY,8821,23,1.7636103951001
ARHGEF38,12273,32,1.76356666080613
NFIB,33751,88,1.76355359773644
NMU,8439,22,1.76329237697602
ABCC5,16495,43,1.76322920962255
LAS1L,8056,21,1.76316303915384
FMNL2,12276,32,1.76313568166126
RBFOX1,60234,157,1.76299298341031
IP6K2,16114,42,1.76294420298167
MAP1LC3A,8057,21,1.76294420298167
CCBE1,12279,32,1.76270491310967
MED27,4222,11,1.76224826732599
BDH2,8062,21,1.76185083644547
KIF13B,8062,21,1.76185083644547
TNFRSF19,8063,21,1.76163232586176
C12orf60,4608,12,1.76141386947214
SEMA6D,23811,62,1.7611919450839
ZNF532,37255,97,1.76108290994761
TIAM1,21126,55,1.76091360992387
SPTSSB,5379,14,1.76043148583049
SCN10A,8069,21,1.76032239973024
RAB13,4996,13,1.76000361016912
MYOCD,12299,32,1.75983849321682
RBM22,8456,22,1.75974744197027
YAP1,18067,47,1.75956149422888
DSC3,8073,21,1.75945019737685
GPN1,4999,13,1.75894739676034
CECR2,20000,52,1.75859560728099
TRABD2A,18854,49,1.75786376195968
WSCD1,21934,57,1.75771983108444
TTLL11,8851,23,1.75763273022008
CRK,8083,21,1.75727346819539
IFNGR1,5389,14,1.7571647731086
ALLC,8470,22,1.75683876851247
IDH1,13476,35,1.75670840054212
MTMR14,16176,42,1.75618712208498
ZFHX4,26963,70,1.75599172241261
DHX34,16564,43,1.75588419540715
MXD1,8091,21,1.75553595889548
RBM23,17338,45,1.7555214940869
PIP4K2C,8092,21,1.75531901179231
LITAF,21194,55,1.75526379745454
DDX3X,16185,42,1.75521055834703
PYCARD,5010,13,1.75508543640817
FARP1,41241,107,1.75487919955557
PHLDB3,14655,38,1.75384177300153
SMPDL3A,4243,11,1.75352632209529
TRIM5,25855,67,1.7527617881949
GRM8,30101,78,1.75269486789241
STAG2,16598,43,1.75228737273912
DDAH1,16213,42,1.75217929358211
DCLK1,16218,42,1.75163909772146
AMPD1,14675,38,1.75145152867717
NCAPD2,23173,60,1.75130434353075
PGRMC2,10042,26,1.75124039761102
LIN7B,5794,15,1.7510776472488
HSPB8,15067,39,1.75077547681787
PLA2G12A,8114,21,1.75055970463684
LBR,20093,52,1.75045598694171
PIN1,7342,19,1.75037804299492
ZSCAN25,8115,21,1.75034398563442
GCLC,25506,66,1.7502263431311
ZFAND5,8889,23,1.75011894422072
UQCR11,7344,19,1.74990136052134
STIM1,46384,120,1.74986959092093
PI15,4252,11,1.74981471887355
HBB,6572,17,1.74962108032777
ANKRD30BL,12372,32,1.74945470643984
CRHBP,12372,32,1.74945470643984
ABHD5,13149,34,1.74895577457056
PRPF19,11989,31,1.7489257404451
CHIC1,4255,11,1.74858100696835
MAPK8,18961,49,1.74794385148398
LUZP1,12383,32,1.74790064023853
STAB2,22833,59,1.74775949839096
TARS2,12771,33,1.74775949839096
LRRC47,8128,21,1.74754446892512
CIB4,12000,31,1.74732255851636
CLDN10,12000,31,1.74732255851636
KSR2,12000,31,1.74732255851636
MOXD1,12000,31,1.74732255851636
TEKT5,12000,31,1.74732255851636
UAP1,12000,31,1.74732255851636
NT5DC1,12002,31,1.74703138661859
TECTA,17423,45,1.74695699159035
METTL9,15100,39,1.74694927875595
BLOC1S2,7744,20,1.74685673005502
SLC26A4,14715,38,1.7466905323369
MYOF,20140,52,1.74637101020952
ZNF260,6972,18,1.7462554024371
RCAN2,8523,22,1.74591392341906
COCH,10073,26,1.74585089574207
DNAJC11,22086,57,1.7456228730873
FCRL3,10850,28,1.74550432484465
PGR,14725,38,1.74550432484465
UBAP2,33339,86,1.74477133763604
ECI2,5815,15,1.74475389306269
UBFD1,11243,29,1.74465043586603
ZNF827,46526,120,1.74452888933663
MYRIP,13573,35,1.74415401206112
APBA3,13961,36,1.74412902597112
TGOLN2,4266,11,1.74407224206524
CTNNAL1,12023,31,1.74397993031659
LMAN2L,12023,31,1.74397993031659
SLC2A2,12023,31,1.74397993031659
QDPR,9696,25,1.74397412819024
MPP1,25986,67,1.74392580750324
EIF5,10860,28,1.74389704646082
FHAD1,60523,156,1.74339897950959
MAST4,32980,85,1.74325496360129
MED10,7760,20,1.74325496360129
TGFB2,9702,25,1.74289560368301
RAB31,28721,74,1.74270869798824
ST6GAL1,33382,86,1.74252386392211
ZNF829,4270,11,1.74243845073778
SP110,24069,62,1.74231340746989
COPG1,22129,57,1.74223086334702
NCL,15141,39,1.74221875102138
PLPPR5,8548,22,1.74080771751294
TRMT11,12435,32,1.74059136534569
FAM169A,9327,24,1.74045140142117
ZNF782,17491,45,1.74016532299346
CLSPN,12050,31,1.74007225744368
HSH2D,12051,31,1.73992786508973
CSRNP2,8554,22,1.73958666931268
CFL2,5057,13,1.73877358837353
ZNF318,8169,21,1.73877358837353
ZCCHC2,25675,66,1.73870586593581
TMEM219,9337,24,1.73858736436278
BPI,18285,47,1.73858340258317
B3GAT3,8170,21,1.7385607641889
CD99,28014,72,1.73840118023723
JTB,4280,11,1.73836733286222
ENOX1,12064,31,1.73805294282132
HOMER1,9340,24,1.7380289315905
TBC1D2,12069,31,1.73733289437371
ITGAM,21417,55,1.73698748299256
MRS2,4284,11,1.73674420743472
TOP3A,21033,54,1.73654152985187
TDRD10,16753,43,1.73607507984982
PPP2R5E,12079,31,1.73589458582634
TSC22D1,21823,56,1.73566621679553
DTYMK,5067,13,1.73534202415728
PLAGL1,21048,54,1.73530397174906
GPT2,12473,32,1.73528851343491
SNX25,24563,63,1.73480944226153
MYL12A,11698,30,1.7346117093793
ZNF37A,6240,16,1.73431519455718
RCOR1,12096,31,1.73345491916306
SCN8A,33955,87,1.73303827275292
POLR3A,25760,66,1.73296867654899
METTL23,10148,26,1.73294797721816
APPL2,36299,93,1.73292961532244
DAW1,8588,22,1.73269962381237
ZNF778,10931,28,1.73256993180537
TIGD7,5857,15,1.7322424258425
MDFIC,8982,23,1.73199814018904
PIK3CG,8201,21,1.73198895786164
SETD5,45692,117,1.73196188233486
HIGD1B,5858,15,1.73194672040962
POLR2B,14060,36,1.73184817436578
WDR73,8593,22,1.73169141967888
PSTPIP2,16015,41,1.73160786518697
TMIGD3,12894,33,1.73108706017923
ZNF714,5861,15,1.73106020954778
NPAT,12504,32,1.73098637460602
ZNF862,14067,36,1.73098637460602
FRMPD2,24228,62,1.73087920605881
PLK1,14850,38,1.73081152749747
FANCA,42987,110,1.73080517008638
UBE2N,4691,12,1.73024837146187
GLB1,27757,71,1.73012889495581
HSBP1,8210,21,1.73009030979578
CLN8,12902,33,1.7300136842312
ENPP5,7429,19,1.7298796058243
ZNF761,12904,33,1.72974554819831
SATL1,8212,21,1.72966895316894
NCBP1,8214,21,1.7292478017316
ERAP1,30905,79,1.72898402020084
ARID5B,10564,27,1.7287333395198
ADI1,9784,25,1.72828834289989
CEP104,21917,56,1.72822210380658
MORC4,12134,31,1.72802626522139
DIRAS3,5090,13,1.72750059654321
PPP1R36,9006,23,1.7273825555383
IL1RN,15672,40,1.72634743715493
ARF4,4310,11,1.72626732822513
ASXL1,19591,50,1.72625931774106
CRYL1,16070,41,1.72568139147289
LY6K,5488,14,1.72546664764618
SLC16A14,4704,12,1.72546664764618
TEK,4312,11,1.72546664764618
CBLC,7057,18,1.72522214337416
XPO7,21172,54,1.72514065734812
GALNT10,17254,44,1.72486662446976
RYR3,65879,168,1.72486424425669
DDX25,10982,28,1.72452394140999
CEPT1,20003,51,1.72451778331962
SLA2,4315,11,1.72426701845894
GLB1L2,12946,33,1.72413382928711
ATAD1,11378,29,1.72395015384442
RNF145,16087,41,1.72385777093115
PCBP2,23157,59,1.72330580933458
PCF11,12171,31,1.72277304265848
MAGI1,40833,104,1.72271996403006
PPP1R11,5497,14,1.72264161584177
KLC3,12565,32,1.72258285937713
C5orf24,12566,32,1.72244577654573
DIABLO,13745,35,1.72232829434017
NR3C1,17281,44,1.72217167632668
FRMD4A,46345,118,1.72215309641864
IQGAP3,8643,22,1.72167353572841
CRTC3,29075,74,1.72149050782185
ATP6V0A1,40479,103,1.72107614727049
FBXO3,14541,37,1.72107614727049
LRRC61,4716,12,1.72107614727049
COA1,16114,41,1.72096934100592
DSP,18084,46,1.72050512001526
MAP4K4,27126,69,1.72050512001526
XG,8256,21,1.7204507562286
BFSP1,16122,41,1.7201153678805
PROM1,25563,65,1.71986426405448
TMEM14C,5507,14,1.71951352138773
ICA1,18095,46,1.71945922024625
TENM4,33830,86,1.71944817101531
PRPF18,39345,100,1.71910770333537
DENND5A,37379,95,1.71905021424714
CC2D1A,17313,44,1.71898854840878
BEND6,8265,21,1.71857730712926
ZNF18,14169,36,1.71852532511701
COL19A1,12993,33,1.71789706410767
EFCAB11,10237,26,1.7178818084214
HINFP,13387,34,1.71786206617078
CD99L2,12207,31,1.71769236521638
HLCS,16544,42,1.71712299847961
MTUS2,16151,41,1.71702680706887
MYDGF,9456,24,1.71670793369874
NASP,16156,41,1.71649541724247
SETD9,5517,14,1.7163967667722
NKAIN2,8276,21,1.71629306952916
SCML1,8276,21,1.71629306952916
DAPK1,27193,69,1.7162660201351
PRTG,12618,32,1.71534741068899
USP7,37857,96,1.715211476985
FAM222B,16565,42,1.71494614469343
BCAR3,33924,86,1.71468375266619
ST8SIA1,15786,40,1.713880465925
PLCG2,60400,153,1.71335410031833
TRPC7,8291,21,1.71318796808869
RASEF,8687,22,1.71295319089451
EXO5,4344,11,1.71275602777402
CHPF2,5529,14,1.71267154318724
DCUN1D2,16196,41,1.71225611021051
LSS,11063,28,1.71189748933964
NUDCD3,30030,76,1.7117916206019
GPBP1L1,24502,62,1.71152319828556
LSAMP,24504,62,1.71138350491319
MTPAP,8301,21,1.71112413485403
MORN5,13046,33,1.71091802498474
FNIP2,20168,51,1.71040902517564
HMOX1,10679,27,1.71011695839378
UBE2A,14635,37,1.71002174632458
MAP3K10,17416,44,1.7088222748393
ZWINT,5542,14,1.70865408918842
VPS26B,16628,42,1.70844857390225
ZNF512,8315,21,1.70824310804851
BMPR2,9107,23,1.70822524378807
NPIPB3,24156,61,1.70803769160935
RAG2,7524,19,1.70803769160935
CHMP4A,9113,23,1.7071005481376
MARVELD2,8321,21,1.70701135000881
TMEM221,4359,11,1.70686216670115
MPPE1,20620,52,1.70571833877884
STK32B,24192,61,1.70549596885398
CYP46A1,14279,36,1.70528645784599
ANAPC10,5159,13,1.70439582019867
ENO1,9526,24,1.70409303181348
N4BP2L1,12305,31,1.70401224723254
CACHD1,16678,42,1.70332671104729
EXOSC2,11121,28,1.70296933050665
PRODH2,12714,32,1.70239528300092
HPSE,4371,11,1.70217620330595
AATF,26236,66,1.70152740920498
SERPINE2,19479,49,1.70146123353292
UIMC1,19480,49,1.70137388952709
PPP2CA,21081,53,1.70050258865789
GABARAPL1,5171,13,1.7004405407861
FBXO43,4376,11,1.7002313036221
DGKI,30235,76,1.7001852940855
EMC1,25859,65,1.70017750810258
NRDE2,21882,55,1.70007590363091
PDE8B,19495,49,1.70006480471853
POMZP3,9152,23,1.69982597193815
PHF11,13530,34,1.69970580043077
STK17B,8756,22,1.69945458763141
VPS33B,12738,32,1.69918775538339
GNG5,10748,27,1.69913835119903
JKAMP,10751,27,1.69866421716
TIGIT,15928,40,1.69860101928002
CS,17124,43,1.69846214743775
SLC7A7,24695,62,1.698147050188
CTXN3,7967,20,1.69796140549091
IRGM,5976,15,1.69774830792496
ZNF197,7969,20,1.69753526384064
NAA35,4383,11,1.69751589884789
EDARADD,9168,23,1.69685943446531
SFT2D1,14750,37,1.69668937338713
LAMB1,22730,57,1.69616483831968
RERE,48256,121,1.69600327484983
UQCC1,24339,61,1.69519530295063
TXLNA,4390,11,1.69480915367889
HSPD1,14767,37,1.69473611820005
ELAVL4,30334,76,1.69463645963852
ABLIM1,48698,122,1.69449909558977
ZFP90,12776,32,1.6941338155975
TCP1,12378,31,1.69396273244437
DIAPH1,27557,69,1.69359588799702
BRCC3,5991,15,1.69349756103481
CHGB,7988,20,1.69349756103481
GMDS,29567,74,1.69284460766802
CDC6,11588,29,1.6927083923405
PKD2L2,5996,15,1.69208537160766
KCNRG,8396,21,1.69176291608187
CPSF7,8796,22,1.6917262811847
RFPL1,22391,56,1.6916369902697
ATF1,4799,12,1.69130967087469
AIM2,24795,62,1.69129830225419
NOL4,20796,52,1.69128256133967
ABCA13,24000,60,1.69095731469325
ABCD2,4000,10,1.69095731469325
AKR7A3,4000,10,1.69095731469325
BLOC1S5-TXNDC5,4000,10,1.69095731469325
BMS1,4000,10,1.69095731469325
BTNL3,4000,10,1.69095731469325
C16orf78,4000,10,1.69095731469325
C18orf63,4000,10,1.69095731469325
C6orf120,4000,10,1.69095731469325
CATSPERD,12000,30,1.69095731469325
CCL11,4000,10,1.69095731469325
CD300E,8000,20,1.69095731469325
CFAP161,12000,30,1.69095731469325
CLDN1,8000,20,1.69095731469325
CNR2,4000,10,1.69095731469325
CNTNAP5,8000,20,1.69095731469325
CST7,4000,10,1.69095731469325
DGKK,4000,10,1.69095731469325
DMRTA1,4000,10,1.69095731469325
DNAJC30,4000,10,1.69095731469325
EFNB2,8000,20,1.69095731469325
EID2B,4000,10,1.69095731469325
EIF2S2,4000,10,1.69095731469325
ENPP4,4000,10,1.69095731469325
FADD,4000,10,1.69095731469325
FAM184B,4000,10,1.69095731469325
FAM218A,4000,10,1.69095731469325
FFAR2,4000,10,1.69095731469325
FGL2,4000,10,1.69095731469325
FIBIN,4000,10,1.69095731469325
FLG2,4000,10,1.69095731469325
GAS1,4000,10,1.69095731469325
GIMAP7,4000,10,1.69095731469325
GNG10,4000,10,1.69095731469325
GP1BA,4000,10,1.69095731469325
GPKOW,4000,10,1.69095731469325
HACD4,8000,20,1.69095731469325
HS6ST3,4000,10,1.69095731469325
IFIT1B,4000,10,1.69095731469325
IL22RA1,4000,10,1.69095731469325
IL31,4000,10,1.69095731469325
KBTBD6,4000,10,1.69095731469325
KRT34,4000,10,1.69095731469325
KRTAP12-3,4000,10,1.69095731469325
LACTBL1,4000,10,1.69095731469325
LRRC10,4000,10,1.69095731469325
MEX3C,8000,20,1.69095731469325
MRFAP1L1,4000,10,1.69095731469325
MT4,4000,10,1.69095731469325
MUL1,4000,10,1.69095731469325
NOBOX,8000,20,1.69095731469325
NRAS,4000,10,1.69095731469325
NXF5,8000,20,1.69095731469325
OVCH1,12000,30,1.69095731469325
PAPPA,12000,30,1.69095731469325
PCDH20,8000,20,1.69095731469325
PCDHB13,4000,10,1.69095731469325
PCDHB8,4000,10,1.69095731469325
PDSS2,8000,20,1.69095731469325
PLPPR1,16000,40,1.69095731469325
PLVAP,8000,20,1.69095731469325
PODXL2,4000,10,1.69095731469325
POM121L2,4000,10,1.69095731469325
PPP1R3C,4000,10,1.69095731469325
PRH2,4000,10,1.69095731469325
PROK1,4000,10,1.69095731469325
RLF,4000,10,1.69095731469325
RPEL1,4000,10,1.69095731469325
RPRML,4000,10,1.69095731469325
RRAGA,4000,10,1.69095731469325
RRP1B,8000,20,1.69095731469325
SLC15A5,4000,10,1.69095731469325
SLC35F3,8000,20,1.69095731469325
SLC35G3,4000,10,1.69095731469325
SLCO4C1,4000,10,1.69095731469325
SOX4,4000,10,1.69095731469325
STBD1,4000,10,1.69095731469325
STK38,8000,20,1.69095731469325
TIMM22,4000,10,1.69095731469325
TIMP4,4000,10,1.69095731469325
TNFRSF21,4000,10,1.69095731469325
TRIL,4000,10,1.69095731469325
TSPYL1,4000,10,1.69095731469325
TTC9,4000,10,1.69095731469325
UBE2QL1,4000,10,1.69095731469325
VWC2,4000,10,1.69095731469325
WFDC9,4000,10,1.69095731469325
ZHX1-C8orf76,12000,30,1.69095731469325
ZNF492,4000,10,1.69095731469325
ZNF784,4000,10,1.69095731469325
PANK2,10401,26,1.69079473827611
ST6GALNAC5,8002,20,1.690534681023
CYP19A1,27209,68,1.69039799182831
TTI1,12005,30,1.69025304259218
IGBP1,4002,10,1.69011225856397
SBNO1,8004,20,1.69011225856397
TRIM27,13210,33,1.68967725616586
FBXO17,14011,35,1.68962974846232
AMOTL1,16014,40,1.68947902055027
VWA8,12011,30,1.6894086900607
ERLIN1,4004,10,1.68926804664661
CYP3A7-CYP3A51P,8009,20,1.68905712542715
AGTR1,12415,31,1.6889142732337
TMEM191B,5607,14,1.68884625687216
APOBEC1,4005,10,1.68884625687216
RNF41,14820,37,1.68867532101621
GID8,4006,10,1.68842467767674
RRP7A,4006,10,1.68842467767674
DNAJA1,8013,20,1.68821396699689
ADCK1,16030,40,1.68779270337443
NOCT,8015,20,1.68779270337443
AGA,6813,17,1.68773077057304
WARS2,8016,20,1.68758215039247
UBE2E3,15633,39,1.68738784041545
GMPR,12427,31,1.6872833911802
NSMCE1,14432,36,1.68720796366289
PANK3,8018,20,1.68716120198878
RBMX2,8018,20,1.68716120198878
CSNK2A2,19245,48,1.6870034004734
PLEKHM3,12029,30,1.68688068636787
FAM135B,24060,60,1.68674046353442
SDC2,13637,34,1.68636939794884
TMEM128,4011,10,1.68631993487236
ZNF98,4011,10,1.68631993487236
SPG21,10834,27,1.68565063676271
SYN3,29696,74,1.68549085785696
HIBADH,8026,20,1.68547950629779
RNASE4,8027,20,1.68526953002941
SRGAP3,36524,91,1.68521646738677
NBPF9,14851,37,1.68515037758132
BCAS2,4014,10,1.685059606072
DNAAF2,4014,10,1.685059606072
MED19,4014,10,1.685059606072
STEAP4,4014,10,1.685059606072
FUCA2,8030,20,1.68463991501196
PRPF38B,8031,20,1.68443014787026
RARRES1,12047,30,1.68436023709795
TRAK2,12047,30,1.68436023709795
ADH1B,4016,10,1.68422043296141
SH3GL2,4016,10,1.68422043296141
EIF3I,9639,24,1.68411559508821
MKRN1,10041,25,1.68405269862888
ANKRD37,4820,12,1.68394089430034
C8B,13657,34,1.68389979349991
BAK1,4017,10,1.68380115976426
SIRPD,12052,30,1.68366144841678
BMI1,10847,27,1.68363040459917
PDZD9,4018,10,1.68338209526456
ZNF324B,8036,20,1.68338209526456
ZNF530,4018,10,1.68338209526456
ZNF493,8037,20,1.68317264122758
RSPH3,4421,11,1.68292517182771
GOT2,8040,20,1.68254459173458
ZDHHC7,24929,62,1.68220712440903
MCMBP,12867,32,1.68215229875446
RASGEF1B,12867,32,1.68215229875446
ACOT13,8042,20,1.68212615239319
BPGM,8042,20,1.68212615239319
COX7A1,4424,11,1.68178394770577
MTMR6,4022,10,1.68170792112706
HHIP,18503,46,1.68154432202107
VSNL1,6034,15,1.6814292158037
GTF2A1,4425,11,1.6814038835368
BRF2,4023,10,1.68128989778101
THAP10,4023,10,1.68128989778101
PHYHD1,19716,49,1.68100848894237
SRSF7,8450,21,1.68095165010927
PLGRKT,5231,13,1.68093634800324
ZNF324,4024,10,1.68087208220005
PDK3,9256,23,1.68072680371413
FOXR1,8049,20,1.68066325227308
HCLS1,8049,20,1.68066325227308
MTOR,32200,80,1.68045447422932
SLC2A10,8050,20,1.68045447422932
DNAAF3,10063,25,1.68037097753479
UBN2,12881,32,1.68032401429032
OPTN,16505,41,1.68019993704752
STYXL1,8052,20,1.68003707371411
CYBRD1,4832,12,1.67975892188072
RECK,4027,10,1.67961988049988
UQCRQ,4027,10,1.67961988049988
NFKBIZ,15303,38,1.67957597747745
UBA3,8055,20,1.67941136158238
DGKH,18527,46,1.67936603823371
UHMK1,4834,12,1.67906394508226
HILPDA,4029,10,1.67878611535692
NRAP,4029,10,1.67878611535692
PDPR,16117,40,1.67868195291258
THOC7,12088,30,1.67864723497014
SP140,24579,61,1.67864268190388
ZC2HC1C,9268,23,1.67855063607876
INVS,8060,20,1.67836954311986
MED21,4031,10,1.67795317756711
MPHOSPH6,4031,10,1.67795317756711
SCN7A,12094,30,1.67781443495279
MYNN,8869,22,1.67780182312557
PRDX4,11289,28,1.67762617809943
GZMH,4032,10,1.6775370185449
SLC25A24,8064,20,1.6775370185449
INSIG2,12098,30,1.67725969386006
HERC2,44764,111,1.67720723734207
C3orf22,4033,10,1.67712106589958
CYB5R4,4033,10,1.67712106589958
NUFIP2,4033,10,1.67712106589958
PIK3C2A,8066,20,1.67712106589958
ISCU,9276,23,1.67710298568111
NIFK,11696,29,1.67707804808839
AAK1,16537,41,1.67694865821911
COMMD2,4437,11,1.67685647614386
CHAC1,5244,13,1.67676926704899
AFAP1,32281,80,1.6762378510636
ELF2,21790,54,1.67621284981066
ZNF160,12107,30,1.67601286663245
DSCC1,4036,10,1.67587444469104
BRD8,24217,60,1.67580524229418
AGGF1,5651,14,1.67569650721682
TMEM116,8882,22,1.67534613480079
NRXN3,42393,105,1.67528146668357
CA8,8076,20,1.67504439296013
LAIR2,8076,20,1.67504439296013
STT3B,12922,32,1.67499254202706
PTPN3,16156,40,1.67462967535851
KDM8,16965,42,1.67451122233107
HBD,8887,22,1.67440355230119
NANS,11716,29,1.67421516306263
PRKAB2,8080,20,1.67421516306263
BCL7B,12526,31,1.67394784465882
MIEN1,4041,10,1.67380085592007
UPK1B,8083,20,1.67359377923371
BPIFA3,4042,10,1.67338675377858
TMEM167B,4042,10,1.67338675377858
AADAC,4043,10,1.67297285648603
AREL1,17393,43,1.67219374534146
HSD11B1,8091,20,1.67193900847189
FAM168A,8092,20,1.67173239218315
EPB41L3,61109,151,1.67133845763263
ENTPD4,17402,43,1.67132891694771
IQGAP2,40474,100,1.67115413815611
CLN6,20645,51,1.67089025041135
RNF130,18623,46,1.6707090474336
NXPE3,14170,35,1.67067060026151
TENM2,38462,95,1.67064577916759
THRB,17005,42,1.67057235441615
NOD1,12148,30,1.67035625422449
PRPF8,31586,78,1.67029279485942
ORC6,9315,23,1.67008129846247
NDUFA2,4457,11,1.66933187898818
BACH1,21880,54,1.66931800719261
MRRF,8915,22,1.66914462919805
LNX1,24315,60,1.66905102005503
FMR1,16616,41,1.66897568373672
ALDH5A1,19860,49,1.66881990775367
MMP1,9323,23,1.66864821357695
RCC1,20673,51,1.66862715714905
PBX1,51886,128,1.66860067286541
GDF9,5270,13,1.6684967811015
SH3BGRL2,8108,20,1.66843346294352
ERG,20677,51,1.66830435845347
ANKRD13A,21896,54,1.66809819133058
BCLAF1,19061,47,1.66780323782767
SLC39A11,19063,47,1.66762825978247
TRPS1,21502,53,1.66720747239778
FANCD2OS,12171,30,1.66719971870175
UXT,5681,14,1.66684755540965
PROK2,4058,10,1.66678887599138
ART4,4464,11,1.66671419907041
SH3BP5,13393,33,1.66658975240431
LPGAT1,8525,21,1.66616321916989
MTHFD1,35727,88,1.66601442822522
FAM24B,4060,10,1.66596779772734
SFXN2,8121,20,1.66576265454329
ZNF202,4061,10,1.66555756187467
MYO1B,36561,90,1.66501089491418
TRPC1,8531,21,1.66499137773102
ENAH,28443,70,1.66462063816796
ZNF281,4064,10,1.66432806564297
SRSF5,11788,29,1.66398921364453
KBTBD2,10978,27,1.66353971567564
ERP29,8132,20,1.66350940943754
TNFSF4,22371,55,1.66291452877617
CNST,4070,10,1.66187451075504
TRIM36,16688,41,1.6617749257532
TBL2,11397,28,1.66172869391633
TRA2A,8956,22,1.66150339094469
PCID2,17921,44,1.66066897709956
RGN,10183,25,1.66056890375455
EXOSC7,13851,34,1.66031474116152
GPATCH3,8556,21,1.66012639591203
DDC,24448,60,1.65997118588998
KIT,27708,68,1.65995521003524
ANKLE2,26487,65,1.65986673394588
TMED10,8152,20,1.65942817928681
PCCB,13453,33,1.6591568091839
CAPRIN1,17941,44,1.65881772134225
CARF,4078,10,1.65861433515768
LETMD1,9788,24,1.65847877207348
FBXO27,9383,23,1.65797797028434
CPQ,20399,50,1.65788255766778
DOCK9,39992,98,1.65746966233186
POTED,4081,10,1.65739506463441
TRMT6,4081,10,1.65739506463441
CSF2RA,39182,96,1.65720894503142
IQGAP1,31838,78,1.65707231039731
L2HGDH,4082,10,1.65698903938585
PPFIA1,49803,122,1.65690253512903
FBXO46,14288,35,1.6568730687084
ARHGAP32,28183,69,1.65597778396671
RBM43,4085,10,1.65577215637038
SIKE1,4495,11,1.65521961838717
SNTB2,4495,11,1.65521961838717
PRKAB1,15121,37,1.65506039663119
TPH2,8174,20,1.65496189350942
DHODH,11035,27,1.65494689612027
PPP6R3,39238,96,1.65484379642747
SYK,8175,20,1.65475945168759
SEC61A1,15131,37,1.65396657573592
PSMD4,15541,38,1.65385439697172
EYA2,21676,53,1.65382427899506
RNF168,4091,10,1.65334374450575
LCP1,20049,49,1.65308810254815
ZC3H15,10639,26,1.65297077477299
PLG,18005,44,1.652921340661
FSIP2,14736,36,1.65240128471654
EEFSEC,8187,20,1.65233400727324
LVRN,17197,42,1.65192085170941
CTSK,11466,28,1.65172875672113
MYBL2,4095,10,1.65172875672113
NHSL1,20886,51,1.6516101321336
SVOPL,18432,45,1.65132550263013
ERH,7373,18,1.6512807087741
WWOX,16386,40,1.65112394941365
ESR1,28676,70,1.65109516011338
IQCJ-SCHIP1,8603,21,1.65105677594134
ATP7B,31955,78,1.65100510775871
IDH3A,19266,47,1.65005696648153
ECT2L,8200,20,1.64971445335927
ENKUR,8200,20,1.64971445335927
ITGA2,4100,10,1.64971445335927
ELP3,23792,58,1.64888238487237
CLEC4M,7384,18,1.64882078355789
PHYHIPL,8615,21,1.64875698704856
C5orf67,16000,39,1.64868338182592
DHX32,16000,39,1.64868338182592
ALPK2,13949,34,1.64865004515222
CTPS2,12719,31,1.64854711079459
GLYR1,23390,57,1.64830383817897
GCSAM,4104,10,1.64810654453534
EXTL2,4515,11,1.64788752705433
ARL6IP5,4105,10,1.64770505694836
LMAN2,12318,30,1.6473037649228
SZRD1,8623,21,1.64722735050717
XRRA1,25049,61,1.64714593311172
DEFB119,4107,10,1.64690266831581
POTEC,4107,10,1.64690266831581
MTMR7,16839,41,1.64687332745231
OSMR,12733,31,1.64673452463648
NREP,13967,34,1.64652534401291
ZNF550,11503,28,1.64641588494866
ADD1,43960,107,1.64633696698979
NPIPB11,10682,26,1.64631680142388
BLNK,12737,31,1.64621737475044
EPSTI1,9040,22,1.64606464262175
MSANTD2,15204,37,1.64602527344516
SLC7A2,8220,20,1.64570054957981
RUVBL1,20139,49,1.64570054957981
ANXA2,23844,58,1.64528643268258
IST1,29602,72,1.64514460722808
DTNB,49349,120,1.64473345164596
DRP2,8226,20,1.64450018448165
NDUFC1,5347,13,1.64446942891433
VCX,4936,12,1.64436691866443
KDM4D,4114,10,1.64410045181649
WDR37,22629,55,1.64395514265993
TCEAL4,8644,21,1.64322552561584
ZNF521,20997,51,1.64287894555138
ZNF341,12353,30,1.64263642648094
RECQL,4118,10,1.64250346254809
SUPT16H,11532,28,1.64227557445061
VIP,7414,18,1.64214899727427
IL12A,4119,10,1.64210469987206
ZNF432,9474,23,1.64205270162317
WWTR1,26779,65,1.64176743649967
MAPK1,8240,20,1.64170613077015
NFRKB,10714,26,1.64139967078681
ZMYND12,8242,20,1.64130775510144
C10orf88,10304,25,1.64106882248957
SFMBT1,9481,23,1.64084034333698
CCNL1,14842,36,1.64060000886558
TLE4,28048,68,1.63983310609158
MMD,4127,10,1.6389215553121
CGGBP1,8667,21,1.63886482559402
PPP1R12B,44161,107,1.63884361923125
CSNK1A1,13209,32,1.63859895738312
FAM111A,9497,23,1.63807594979235
OPALIN,9910,24,1.63806157629215
FAM156B,10736,26,1.63803614687126
SUGT1,4130,10,1.63773105539298
GNG2,21065,51,1.63757556229492
GPAT3,12393,30,1.63733460633576
AKR1E2,20250,49,1.63667967249322
PPP1R21,16531,40,1.63664128214216
STX7,4133,10,1.63654228375829
ASNSD1,4134,10,1.63614640995961
LRRC37A3,28114,68,1.63598345876277
MTAP,13241,32,1.63463889646353
ADGRF5,12000,29,1.63459207087015
CCDC6,12000,29,1.63459207087015
FCRL4,12000,29,1.63459207087015
OTUD3,12000,29,1.63459207087015
ATOX1,17802,43,1.63377518327851
ADAMTS20,8282,20,1.63338064689037
PRICKLE2,20705,50,1.63338064689037
TRIM9,14909,36,1.63322726752853
SLC38A4,12012,29,1.63295911175839
ITIH5,27350,66,1.63222205147722
ATP8A2,31911,77,1.63208565361638
PUM3,16164,39,1.63195583452207
LIN54,6217,15,1.63193564229685
XPNPEP1,35237,85,1.63159601270172
CD164,9951,24,1.63131245312584
MAP4,31099,75,1.63120098526633
CAPZA1,12027,29,1.63092249525582
CCDC47,10787,26,1.63029165410307
HOOK3,12032,29,1.63024475153273
SDHC,4149,10,1.63023120240372
ZNF500,13277,32,1.63020664518142
CANX,17842,43,1.63011242084542
CHRNB4,12035,29,1.62983837560796
CA5B,12036,29,1.62970296198419
TMEM185A,14942,36,1.62962022029065
TIAM2,40685,98,1.6292374766124
SLC29A2,4567,11,1.62912462987745
VPS11,15364,37,1.6288836408136
CD4,11212,27,1.62882081686471
ZNF544,12878,31,1.62819309692471
P2RX4,10801,26,1.62817850873159
SLC24A5,4986,12,1.62787707792371
DDR2,9145,22,1.627165048584
DRAM1,16217,39,1.62662231665627
PLAC1,12059,29,1.62659464718814
CHST10,5823,14,1.62619971875017
SLC10A7,8735,21,1.6261066334772
COL4A3,26624,64,1.62592049489736
ELOVL7,8736,21,1.62592049489736
CORO1C,25378,61,1.62579235867741
SETDB1,11236,27,1.62534166951648
NQO1,4162,10,1.62513917798487
ACOXL,28316,68,1.62431271929851
EXTL3,38311,92,1.6242653332127
HGD,16659,40,1.62406609250808
FBXO15,29573,71,1.62388623870721
ASXL3,8749,21,1.62350456548444
GTPBP8,4583,11,1.62343709025754
CTNND2,18749,45,1.62340560373772
ENPEP,20000,48,1.62331902210552
RNF34,12084,29,1.62322946461782
TIMM8A,4167,10,1.62318916697217
ZSCAN32,11251,27,1.62317473990642
OPN5,12085,29,1.62309514691285
DKC1,16256,39,1.62271986400189
AREG,7503,18,1.62266995412388
SEPHS1,10838,26,1.62262004731591
ZNF439,8337,20,1.62260507587214
FYCO1,12089,29,1.6225580983077
B3GALT1,4170,10,1.62202140498154
CCL13,5005,12,1.62169732478074
TFCP2,8342,20,1.62163252428027
EBI3,7508,18,1.62158932682358
RCSD1,4173,10,1.62085532201606
COL12A1,33809,81,1.62048617220449
ITGAL,39659,95,1.62022184014584
MGAM,20041,48,1.61999802615191
EFHC1,32569,78,1.61987989248763
TCL1B,10859,26,1.61948209529513
IGHMBP2,33417,80,1.61925469282653
SCML2,17127,41,1.6191802394447
CHTOP,8356,20,1.61891557175036
GDE1,12535,30,1.61878642012916
PDZD8,12959,31,1.61801610480719
SEC22A,12124,29,1.61787403913244
ZMYND11,21740,52,1.61784324496871
VPS39,21742,52,1.61769442303467
OSBPL3,25506,61,1.61763343834844
LEKR1,9201,22,1.61726164213679
BBS1,18403,44,1.61717376181064
NEDD8,8365,20,1.61717376181064
ZNF442,6274,15,1.61710932230786
CADM2,12557,30,1.61595028878865
CCNYL1,12560,30,1.6155643134012
DNAH10,25961,62,1.61533613514089
KCNN2,17168,41,1.61531337144509
SYT16,16758,40,1.61447171709584
TRUB1,4191,10,1.6138938818356
RFFL,20538,49,1.61372886201129
COG1,9643,23,1.6132746339498
ACYP2,12578,30,1.61325232758142
LY86,4612,11,1.61322900794673
NR1H4,8387,20,1.61293174168905
BASP1,8808,21,1.61262959166932
NFYC,31458,75,1.61258565200577
GON4L,45300,108,1.61256856500549
HNRNPAB,5035,12,1.61203477865494
SCOC,15105,36,1.61203477865494
ZNF771,4617,11,1.61148195465677
CFLAR,26024,62,1.61142566109717
HNRNPA1L2,12593,30,1.61133072153729
HLA-DOB,7556,18,1.61128807117409
XRCC6,8820,21,1.6104355378031
SNX5,26043,62,1.61025002512739
PLEKHG7,12185,29,1.60977471074614
HADH,18494,44,1.60921643444367
C12orf54,14292,34,1.60908336690654
RAP1GDS1,12191,29,1.60898243379885
ZNF24,8828,21,1.60897614900582
ATP6V0A4,23121,55,1.60897283522562
POLR3G,7147,17,1.608858225817
FOXP1,106793,254,1.60873150087398
SH2D3A,14298,34,1.60840813259395
CERS3,13039,31,1.60808886434515
DPH7,12203,29,1.60740021719592
MCPH1,33680,80,1.606610275243
ZNF582,4210,10,1.606610275243
ZNF136,9263,22,1.60643683140458
EIF3A,8000,19,1.60640944895859
HRH1,16000,38,1.60640944895859
KCNJ6,8000,19,1.60640944895859
MGARP,8000,19,1.60640944895859
RBP2,8000,19,1.60640944895859
SLC16A12,8000,19,1.60640944895859
SLX4IP,8000,19,1.60640944895859
ST6GALNAC3,8000,19,1.60640944895859
SLC25A12,21053,50,1.60638133728519
SFI1,48845,116,1.60631424714438
EIF4ENIF1,26529,63,1.60624691206868
OR51E2,8001,19,1.60620867287448
CLEC3A,8002,19,1.60600794697185
SLC14A1,19375,46,1.60586397885708
FAS,32011,76,1.60585743546515
RHOBTB1,19376,46,1.60578109983257
ASAH2B,4634,11,1.60557017364055
MYL12B,5477,13,1.60543692466769
NCOA6,16012,38,1.60520554479999
TMEM192,8006,19,1.60520554479999
CNOT8,10114,24,1.60502177388326
UBE2B,10957,26,1.60499735993519
FZD3,8009,19,1.60460426915579
DDX55,15597,37,1.60455012229661
DIRC3,36677,87,1.60442006029188
CCL23,8010,19,1.60440394402856
GPAT4,21924,52,1.60426528670041
TTF1,8011,19,1.60420366891384
STK10,36266,86,1.60395223144124
TRMT10B,8014,19,1.60360314345754
BAZ1B,8015,19,1.60340306820571
ITPR2,25740,61,1.602927679818
ZNF654,8019,19,1.60260326620136
TRIML1,8020,19,1.6024034403577
SLC7A13,8021,19,1.6022036643397
MSMB,5911,14,1.6019896738762
PHLDB2,37580,89,1.60186483243959
TMEM39A,14780,35,1.60171870133326
CD74,4223,10,1.60166451782454
LYPD6B,21540,51,1.60146375207718
EXPH5,16050,38,1.60140505815187
PRR11,8025,19,1.60140505815187
ALKBH8,4224,10,1.60128533588376
FGGY,40558,96,1.60098527748461
TRA2B,19014,45,1.60078003915423
NDUFB4,8029,19,1.60060724768573
GATB,29164,69,1.6002750612239
PDZD2,42270,100,1.60014886651834
ZNF407,16064,38,1.60000941131334
XPO5,22407,53,1.59987035620552
NELL1,25790,61,1.59982002630924
SLC35B4,8033,19,1.59981023175261
CELF1,40165,95,1.59981023175261
SLC26A8,9302,22,1.59970160925614
LRRC37A,19453,46,1.59942500335968
HNRNPD,10150,24,1.59932908581825
RUNX2,13111,31,1.59925792862454
CMTM4,8036,19,1.59921299050134
HPS4,27916,66,1.59912856812946
MAD2L1,8037,19,1.5990140091662
ZNF678,8037,19,1.5990140091662
TIPIN,8039,19,1.59861619500793
OOEP,8040,19,1.59841736214785
YEATS2,19890,47,1.59829047341544
LAMP5,4232,10,1.5982583314681
PSIP1,10157,24,1.59822686039729
ERCC6,26241,62,1.59809997349159
HSDL2,8042,19,1.59801984477353
NKIRAS1,12275,29,1.59797188190972
COX20,8043,19,1.5978211602224
CPEB4,20744,49,1.59770359467739
SH3TC2,28365,67,1.59766106235781
VSTM5,9314,22,1.59764058077095
RNF128,8044,19,1.5976225250707
CD40,11432,27,1.5974754197592
OAS3,16517,39,1.59707780524398
ARPP19,9742,23,1.59688023970211
MBNL2,16943,40,1.59684335920983
HDAC8,22026,52,1.59683610939888
SAXO1,8048,19,1.59682847809005
ZNF575,8472,20,1.59674911680194
SULT1C2,12287,29,1.59641123548806
CNDP1,16102,38,1.59623346064697
NECAP2,8051,19,1.59623346064697
PSMC1,8051,19,1.59623346064697
TIFA,8051,19,1.59623346064697
NCAPH,8052,19,1.59603522002841
SNX24,20766,49,1.59601094905075
BPHL,16952,40,1.59599557781336
BECN1,18650,44,1.59575596453626
KANK1,38577,91,1.59553221491652
GMNN,5935,14,1.59551153534663
ZXDC,8904,21,1.59524274971062
PACRG,16961,40,1.59514869613184
PVR,12299,29,1.59485363447774
CHMP7,16116,38,1.59484680958907
ITPR1,95431,225,1.59472454781353
TTC12,27994,66,1.59467289804608
COL6A6,8059,19,1.59464891322357
ELP2,29696,70,1.59438324391875
PGM2,8061,19,1.59425326779168
TPST2,20365,48,1.59422442632509
SSMEM1,5516,13,1.59408593843454
DCP1A,8062,19,1.59405551868875
SNAP25,18671,44,1.5939611557282
PABPC5,4244,10,1.59373922214256
AMBRA1,20379,48,1.59312922332354
ZNF397,9765,23,1.59311902664393
HIPK1,16136,38,1.59287005350381
ERCC6L2,28879,68,1.59264652375971
SFSWAP,23787,56,1.59235901328999
ARL5A,8071,19,1.5922779818695
ZNF347,8071,19,1.5922779818695
PAFAH2,8496,20,1.59223852607651
DYDC2,8498,20,1.59186379354507
HEPH,19123,45,1.59165568501169
MEN1,5525,13,1.59148923735836
ZNF480,7225,17,1.59148923735836
BAIAP2L1,12753,30,1.59111485739191
C1S,14880,35,1.59095446274903
FRG1,8503,20,1.59092773345243
YKT6,9782,23,1.59035036752995
NBPF11,12334,29,1.59032794311997
ZNF610,13186,31,1.5901615882145
APBB1IP,8084,19,1.58971741608965
EDDM3A,8511,20,1.58943232493785
RNF183,8511,20,1.58943232493785
TSPAN7,20002,47,1.58934094171749
AP1S3,16600,39,1.58909241621776
KIAA0753,24264,57,1.58893120569594
SH3D19,30224,71,1.58890907018556
TMEM183A,9366,22,1.58877048572503
NLRP12,8089,19,1.58873477459126
ZNF44,8089,19,1.58873477459126
ROBO2,28951,68,1.58868567440353
KLRC4-KLRK1,6387,15,1.5884991213652
PANK1,9368,22,1.58843129475882
ARHGAP6,20866,49,1.58836208990644
TFAM,4259,10,1.58812614669477
AMZ2,14481,34,1.58808227883629
ZNF140,5111,12,1.58806400127717
FSHR,8094,19,1.58775334712982
GPR155,8094,19,1.58775334712982
FAM76A,8096,19,1.58736111557173
MLH1,16622,39,1.58698917754872
OVCH2,9803,23,1.58694351679873
GALNT8,16624,39,1.58679825007307
CEACAM20,4263,10,1.58663599783557
PRKDC,50735,119,1.58647025089975
SAMD15,4690,11,1.58639918649261
RILPL2,4264,10,1.58626389746084
ANKH,24306,57,1.58618558277817
VMA21,4691,11,1.58606100717338
NKAIN3,12372,29,1.5854433277111
TACO1,4693,11,1.58538508089715
CDH1,29442,69,1.5851647946992
SORD,14513,34,1.58458068489136
DCBLD1,21771,51,1.58447150887614
CALU,8112,19,1.58423022579743
MOK,34161,80,1.58398858552689
PCTP,13238,31,1.58391529703855
KIF11,9397,22,1.58352925075031
DHX35,13243,31,1.58331727721788
HYAL1,8544,20,1.58329336581765
PSME3,9400,22,1.58302386907454
PFDN1,14530,34,1.58272673639561
SAMD13,16667,39,1.58270439246504
SOX6,54705,128,1.5826161139255
RFX7,13249,31,1.58260024924118
NDE1,28214,66,1.58223836066853
NSUN5,8123,19,1.58208489371768
ZBTB49,8123,19,1.58208489371768
F8,17958,42,1.58191796897465
GCOM1,8125,19,1.58169545743615
KAT2B,16252,38,1.58150081118247
PPP4R2,8555,20,1.58125757072426
B3GALT5,20105,47,1.5811985832496
VAMP3,9411,22,1.58117355958991
NPNT,15829,37,1.581032804186
RIMKLB,20982,49,1.5795807534071
MAP2K6,15846,37,1.57933663116624
IFNLR1,4711,11,1.57932757050527
ADD3,31269,73,1.57907044002184
NAT10,13707,32,1.57906570570319
PSD3,32126,75,1.57905495364495
NPY1R,9852,23,1.57905067957551
SIAE,14564,34,1.57903182366302
COL9A1,35558,83,1.57882284852399
ACACB,50986,119,1.57866018474481
PRR19,9855,23,1.57856999443713
WSCD2,18855,44,1.57840619138697
MPZL1,16714,39,1.57825380574457
FYTTD1,12857,30,1.57824436309552
DCLK3,12000,28,1.57822682704704
SBSPON,12000,28,1.57822682704704
SOCS6,12000,28,1.57822682704704
TGM3,12000,28,1.57822682704704
POC1A,4286,10,1.57812161893911
SLC25A18,8145,19,1.57781161346455
NDUFA10,12437,29,1.57715726062891
SLC2A14,17155,40,1.57710970767077
SFXN4,11151,26,1.57707434963769
CEP95,26162,61,1.57707203113353
USP28,20161,47,1.57680658281996
HSD17B12,43326,101,1.57675934804984
KDM3A,27027,63,1.57665017687017
SLC35B3,4290,10,1.57665017687017
STEAP2,11588,27,1.57596988252392
ST3GAL6,24036,56,1.57586303249829
TSC1,24036,56,1.57586303249829
DCUN1D4,33479,78,1.57584958387137
ZNF100,9874,23,1.57553243823961
PTCD3,19755,46,1.57497416301473
PRMT5,11168,26,1.57467371712123
GALM,8162,19,1.57452531140269
MTCP1,8162,19,1.57452531140269
LUC7L2,20192,47,1.57438577239665
ARHGEF9,33940,79,1.5743739288246
LRRC1,8593,20,1.5742649269808
SLC10A4,5158,12,1.5735934685009
TSACC,5588,13,1.57354653478971
RNPEP,13327,31,1.5733376380428
CPOX,12038,28,1.57324488491148
RBMX,9890,23,1.57298354855187
MBTPS1,32253,75,1.57283723811111
PCYOX1L,9032,21,1.57263523510002
ARL9,4732,11,1.5723187203403
SUOX,9034,21,1.57228707587152
L3HYPDH,9895,23,1.57218871098312
RRAGC,18930,44,1.57215260108829
PPIH,12910,30,1.57176512597359
ABCC2,14202,33,1.57165445387628
CDKL5,17217,40,1.57143039060766
EML1,53811,125,1.57120041877428
RAPH1,9902,23,1.57107728692971
ALDOB,17221,40,1.57106538732316
COL24A1,8180,19,1.57106058577857
GSTA4,9043,21,1.57072226511372
ANP32E,9478,22,1.56999624069431
DHRS7B,20251,47,1.56979889962141
FAAP24,4740,11,1.56966501785872
TRIM13,5171,12,1.56963742226409
MAP3K5,8620,20,1.56933393475012
DCTPP1,4741,11,1.56933393475012
CMAS,12069,28,1.56920390459561
CTNNA1,62933,146,1.56915937867392
KCNIP4,24141,56,1.56900889976094
KIF2C,13795,32,1.56899265154575
LPL,12502,29,1.56895735485856
KIF13A,14661,34,1.56858464496475
RAB21,12074,28,1.56855407690612
NAA50,12506,29,1.56845552938124
HADHA,12076,28,1.56829429650252
HTR4,16389,38,1.5682806262333
RSPO2,17686,41,1.56800293797181
MAGI3,4746,11,1.56768061202072
AKTIP,12082,28,1.56751547132631
OCRL,20282,47,1.56739954226571
PTPRB,12085,28,1.56712634874344
AKR1D1,12086,28,1.56699668414401
GSPT1,15540,36,1.56691025299761
ZDHHC2,12952,30,1.56666829650394
UBE2Q2,16840,39,1.56644501836192
ACSS3,20296,47,1.5663183640241
NALCN,20738,48,1.56555021902356
DHRS7,13394,31,1.56546742587699
VWA3B,32841,76,1.56527214051567
TRAF3IP2,18587,43,1.56477461735213
NCAPD3,34150,79,1.56469256645115
KCNC2,13835,32,1.56445635186655
POLR2G,5189,12,1.56419254394443
GCSAML,12108,28,1.56414948171163
PDSS1,16000,37,1.56413551609126
RMND5A,16000,37,1.56413551609126
COLGALT2,16001,37,1.56403776373103
CCDC69,16003,37,1.56384229566082
NICN1,7353,17,1.56378481434981
MUC13,16004,37,1.56374457994627
CRYM,17306,40,1.5633489561477
CASR,9087,21,1.56311669895712
PHOSPHO2,4760,11,1.56306978669124
SLC7A6OS,8222,19,1.56303522156029
SMG7,18610,43,1.56284072072671
ZKSCAN8,4328,10,1.56280713003073
SLC25A32,12120,28,1.56260081885845
ELAC2,22082,51,1.56215601937064
RNASEH1,15589,36,1.56198507483372
ANKFY1,28148,65,1.56191879288136
RXRG,8229,19,1.56170562543064
EIF4H,12128,28,1.56157007953203
RANGAP1,12566,29,1.56096648499457
EPB41L2,51138,118,1.56074123457158
GPR89B,34680,80,1.56028356603761
PITPNB,14306,33,1.56022903354893
MYRFL,19509,45,1.56016359959396
MCM3,12139,28,1.56015503126818
KLHDC10,8238,19,1.55999946487846
CDKN2C,9539,22,1.55995642827347
TBC1D1,57673,133,1.55981012157649
DCP2,8240,19,1.55962082423164
CASP7,18650,43,1.55948878352407
HSPA13,4338,10,1.55920453175957
SPX,5640,13,1.55903865893704
SLAMF7,8247,19,1.55829702821253
KCNJ15,20835,48,1.55826160029328
MGST3,13022,30,1.55824664232215
TPTE2,12154,28,1.55822954784963
COX11,14325,33,1.55815961982206
RNF121,16064,37,1.5579039004893
KANSL1,40383,93,1.55767555918553
OPN3,12159,28,1.55758877576811
HSD17B14,8687,20,1.55723017354047
TCAIM,8687,20,1.55723017354047
CASP10,4344,10,1.55705093434001
ABHD17C,13902,32,1.55691653201508
GNB5,25200,58,1.55675435320966
PHYH,10863,25,1.55662092855864
KATNAL1,8695,20,1.55579741432387
SAT1,6087,14,1.55566961759195
ADGRG2,12176,28,1.55541408710286
TOP1,16092,37,1.55519315544744
C6orf52,8264,19,1.55509143171209
RNASEH2C,4350,10,1.55490327787886
DOCK2,48729,112,1.55461609510267
UTP4,21324,49,1.5542470159439
ZNF385D,29597,68,1.55401016858656
ZNF331,29601,68,1.55380017430683
SGPL1,20897,48,1.55363834244679
PHEX,12631,29,1.55293364345196
LIFR,24829,57,1.55277404547127
ZNF234,4356,10,1.55276153782668
CFAP97,13504,31,1.5527155437053
LPCAT3,12198,28,1.5526087821417
TACC1,36596,84,1.55252393085838
NBPF26,16125,37,1.55201043457117
PDE3A,9588,22,1.55198418536719
ZAR1L,7409,17,1.5519651423828
SIRPB2,12204,28,1.55184545432354
NOMO2,15692,36,1.55173243255053
ZFYVE9,8285,19,1.55114973948929
GBF1,50152,115,1.55096579350554
ZMAT4,19627,45,1.55078369921428
MAPK9,17885,41,1.55055632993958
STRBP,23558,54,1.55041506058979
CTLA4,10471,24,1.55029989695877
GPATCH1,11344,26,1.55024295423218
COL15A1,8728,20,1.54991504554835
TOX4,12221,28,1.54968676250425
DNAJA2,8731,20,1.54938248969718
E2F6,8298,19,1.54871964228353
TRIM63,4806,11,1.54810906879948
TXNDC15,14419,33,1.54800170288862
PAK3,16169,37,1.54778701573753
TOE1,5244,12,1.54778701573753
PTPRK,36275,83,1.54761634315137
RBM33,28418,65,1.54707897044214
MLANA,9622,22,1.54650014230936
CACNB4,27992,64,1.5464599619944
IFI35,9185,21,1.54643891599601
PLEKHS1,16622,38,1.54629714735516
KPNA4,13124,30,1.54613591712276
LMNB1,8756,20,1.54495871602856
APEX1,4816,11,1.54489455661344
COX5B,4379,10,1.54460590517767
PHF10,9635,22,1.54441353080443
MORF4L1,22336,51,1.54439153025351
TRIM25,17088,39,1.54371103167221
CPNE4,37248,85,1.54350699902198
GAS2,19721,45,1.54339190023217
CHL1,29372,67,1.54288628740907
EPHX4,6576,15,1.54284426523107
PGLYRP2,8330,19,1.54277017907188
POMK,14030,32,1.54271230421052
MAP3K4,32453,74,1.54230229916865
NCBP2,4825,11,1.54201288801043
ANKRD18A,16233,37,1.54168473217891
ZZEF1,28518,65,1.54165404944332
CDCA7L,14480,33,1.54148042499661
TIMM21,8339,19,1.54110511951898
LRRC2,12290,28,1.54098632421192
FSD1L,8340,19,1.54092033473246
MKLN1,24144,55,1.54079940868338
NCBP3,22835,52,1.54026328642959
PIGX,8345,19,1.53999707509512
APOL4,7031,16,1.53920165183286
RAB30,18019,41,1.53902547094563
CAV2,10110,23,1.53875443077922
TIPARP,11429,26,1.53871345461631
TRHR,4839,11,1.5375515983985
LDHC,4400,10,1.53723392244841
DAG1,13641,31,1.53712123027611
CADPS,52378,119,1.53670564319751
PHACTR2,24213,55,1.53640857899689
NOSTRIN,27742,63,1.53601486303331
SGCD,12773,29,1.53566936901603
COX7A2L,17179,39,1.53553373940362
FBXL5,21146,48,1.53534382115343
NEMP2,24681,56,1.53468027426478
JAML,15426,35,1.5346429667902
RAB11FIP2,12349,28,1.53362393105227
C1orf21,24260,55,1.5334320248661
LONRF1,24260,55,1.5334320248661
MCM9,16770,38,1.53265063705054
UGCG,8387,19,1.53228515460459
GPC3,18108,41,1.53146123044894
PGD,15018,34,1.53129707549795
DCLRE1B,6627,15,1.53097085983998
ENTPD5,15471,35,1.53017920016195
C16orf87,4421,10,1.52993197438883
TBPL1,10613,24,1.52955716772404
CNEP1R1,5750,13,1.52921357154868
RAB19,7521,17,1.5288538412331
ZAN,4426,10,1.5282036282813
MED20,7525,17,1.52804116145038
NPIPB8,8411,19,1.52791292256197
GKAP1,16825,38,1.52764048637964
ATP2A2,27026,61,1.52665427656758
BTN3A3,11963,27,1.52656850277415
MDP1,4432,10,1.52613476055348
SIGMAR1,4432,10,1.52613476055348
NTNG1,15069,34,1.52611450526434
PTER,8423,19,1.52573615002597
TBP,10640,24,1.52567577265557
PRR13,4877,11,1.5255714957249
ARHGAP42,24390,55,1.52525875044082
NCALD,31050,70,1.52485683772661
NOMO3,35490,80,1.52467269851181
MX1,23072,52,1.52444140714371
C10orf67,4881,11,1.52432128347681
HDC,10650,24,1.52424321324462
ATPAF1,19082,43,1.52418330430374
GBP1,12870,29,1.5240951709745
RBMS1,29740,67,1.52379475567516
ELOF1,8436,19,1.52338496819212
NCOA1,20869,47,1.52331197068538
FAM217A,8438,19,1.52302389093017
HABP2,10216,23,1.52278849796182
XBP1,7552,17,1.52257809056066
SON,20887,47,1.52199921081214
MPZL2,9333,21,1.52191593736455
ABCB10,12000,27,1.52186158322393
AVEN,24000,54,1.52186158322393
PDE7B,12000,27,1.52186158322393
ACTRT3,4000,9,1.52186158322393
ARIH2OS,4000,9,1.52186158322393
ARL5B,4000,9,1.52186158322393
ASB14,8000,18,1.52186158322393
ASB17,4000,9,1.52186158322393
B3GLCT,8000,18,1.52186158322393
C16orf96,4000,9,1.52186158322393
C1orf115,4000,9,1.52186158322393
C2orf78,4000,9,1.52186158322393
CAPN6,4000,9,1.52186158322393
CBY3,4000,9,1.52186158322393
CCDC8,4000,9,1.52186158322393
CCL22,4000,9,1.52186158322393
CCR4,4000,9,1.52186158322393
CD180,8000,18,1.52186158322393
CDR2L,4000,9,1.52186158322393
CHST7,4000,9,1.52186158322393
CREG1,4000,9,1.52186158322393
CRYBG3,8000,18,1.52186158322393
CSGALNACT2,4000,9,1.52186158322393
DEFB104B,4000,9,1.52186158322393
DEFB123,4000,9,1.52186158322393
DNAJC25-GNG10,4000,9,1.52186158322393
EHD3,4000,9,1.52186158322393
ENDOG,4000,9,1.52186158322393
FGD1,4000,9,1.52186158322393
FGFBP3,4000,9,1.52186158322393
FKBPL,4000,9,1.52186158322393
FUCA1,4000,9,1.52186158322393
GIP,4000,9,1.52186158322393
GNG11,4000,9,1.52186158322393
GPR180,4000,9,1.52186158322393
GSPT2,4000,9,1.52186158322393
HSPA2,8000,18,1.52186158322393
KCNV2,4000,9,1.52186158322393
KPNA3,8000,18,1.52186158322393
LIN7C,4000,9,1.52186158322393
LRRC40,4000,9,1.52186158322393
LSM3,4000,9,1.52186158322393
MAP1LC3B2,8000,18,1.52186158322393
MRC1,4000,9,1.52186158322393
MT1HL1,4000,9,1.52186158322393
NIPSNAP3A,8000,18,1.52186158322393
NKAPL,4000,9,1.52186158322393
NMBR,4000,9,1.52186158322393
NMUR2,8000,18,1.52186158322393
OR4C3,4000,9,1.52186158322393
OR8S1,4000,9,1.52186158322393
PAK1IP1,4000,9,1.52186158322393
PARS2,4000,9,1.52186158322393
PERP,4000,9,1.52186158322393
PI4K2B,8000,18,1.52186158322393
PIGM,4000,9,1.52186158322393
PLCL2,16000,36,1.52186158322393
PMP2,4000,9,1.52186158322393
POLR2J,4000,9,1.52186158322393
PRAMEF20,4000,9,1.52186158322393
PRPH2,4000,9,1.52186158322393
PTX3,4000,9,1.52186158322393
RABIF,4000,9,1.52186158322393
RCBTB1,16000,36,1.52186158322393
REP15,4000,9,1.52186158322393
RHOXF1,8000,18,1.52186158322393
RNF113A,4000,9,1.52186158322393
SCGB1D4,4000,9,1.52186158322393
SERTAD1,4000,9,1.52186158322393
SGPP1,4000,9,1.52186158322393
SHC3,8000,18,1.52186158322393
SLC10A5,4000,9,1.52186158322393
SLC25A33,4000,9,1.52186158322393
SLC2A7,4000,9,1.52186158322393
SLC5A8,4000,9,1.52186158322393
SOWAHA,4000,9,1.52186158322393
SULT2A1,4000,9,1.52186158322393
TMEM74,4000,9,1.52186158322393
TNFSF18,4000,9,1.52186158322393
UBQLN2,4000,9,1.52186158322393
UQCRFS1,4000,9,1.52186158322393
URB2,8000,18,1.52186158322393
WFDC10B,4000,9,1.52186158322393
ZFP42,4000,9,1.52186158322393
ZKSCAN4,4000,9,1.52186158322393
ZNF280A,4000,9,1.52186158322393
ZNF597,4000,9,1.52186158322393
ZNF732,4000,9,1.52186158322393
DST,77784,175,1.52173984403641
SPECC1,45339,102,1.52167137430214
AUNIP,8001,18,1.52167137430214
SDS,8001,18,1.52167137430214
CD300LB,4001,9,1.5214812129207
CHCHD1,4001,9,1.5214812129207
NF2,4446,10,1.52132911803262
SBF2,49797,112,1.52127412692045
ACTR3C,37348,84,1.52126394381743
TOMM20L,4002,9,1.52110103270758
GLRX3,12008,27,1.52084768476742
LAX1,8006,18,1.5207210424421
ZFP57,4003,9,1.5207210424421
CXXC4,8007,18,1.52053111849525
SFPQ,17349,39,1.5204872966289
ZDBF2,8897,20,1.52047415056154
SHROOM3,28917,65,1.52038213445463
STAU2,16907,38,1.52023133514742
POC1B,19132,43,1.52019996930399
PROX2,8009,18,1.52015141288443
CLYBL,16021,36,1.51986675810392
GPRC5D,5786,13,1.51969893473988
FLRT3,4006,9,1.51958220990907
TMPRSS12,4006,9,1.51958220990907
SMARCAL1,25374,57,1.51942251024695
COL3A1,12021,27,1.51920297801241
PGAM1,5343,12,1.51910819961213
PAXIP1,20039,45,1.51889972875286
PTPN21,16477,37,1.51885466149543
NDP,4009,9,1.5184450817899
PLPP1,8018,18,1.5184450817899
WDTC1,16036,36,1.5184450817899
PRSS48,4010,9,1.51806641718098
ZNF813,4010,9,1.51806641718098
ADRA1B,16041,36,1.51797178053631
DDX50,12031,27,1.5179402376101
ZNF268,12477,28,1.51789067280311
UBXN2B,8022,18,1.51768794138512
RABGAP1,24512,55,1.51766730267835
FN3K,4457,10,1.5175744354438
HMMR,4457,10,1.5175744354438
NIPA1,8914,20,1.5175744354438
KMT2A,47246,106,1.51751661818977
TXNDC9,11143,25,1.51750634002805
HLA-DRB5,4012,9,1.51730965426115
LUZP4,4012,9,1.51730965426115
MAPK6,21400,48,1.51712058140703
DBT,4014,9,1.5165536454648
SCGN,4014,9,1.5165536454648
ZNF773,12042,27,1.5165536454648
CLASP1,37911,85,1.51651364246711
TRPC6,16504,37,1.51636986533326
ANAPC16,8029,18,1.51636476096543
NUP43,7137,16,1.5163411537112
C14orf39,12044,27,1.51630180992089
CFAP43,16059,36,1.51627033635861
ADAD1,5353,12,1.51627033635861
SSX5,8032,18,1.51579838966527
CNGB3,16066,36,1.51560969323932
FBN2,23654,53,1.51552782072787
MTX3,4017,9,1.51542104378783
OXCT1,17408,39,1.51533399064883
ZNF287,8035,18,1.51523244129327
PALLD,41081,92,1.51474475257934
C3orf62,6698,15,1.51474229444006
OSGIN2,4912,11,1.51470117765682
SLC8A1,17862,40,1.51468575943859
SWAP70,12058,27,1.51454130027261
PDZRN4,12059,27,1.51441570600275
DAB2,25908,58,1.5142122008987
SCLY,24124,54,1.51403904814186
KLHL41,8042,18,1.51391353715387
SKA1,4021,9,1.51391353715387
SNAPC5,8042,18,1.51391353715387
MAP3K2,8490,19,1.51369559383613
PRDM7,13406,30,1.51361239566754
ATP13A5,12067,27,1.51341170122542
SVOP,8045,18,1.51334899512634
TPST1,12068,27,1.51328629422333
PTGES,4023,9,1.51316090800291
ZNF134,4023,9,1.51316090800291
ALDH3A2,24141,54,1.51297286762662
XPA,8047,18,1.51297286762662
BTN1A1,4918,11,1.51285322990043
MAK16,4025,9,1.51240902680639
RPRD1B,17890,40,1.51231509419184
HUNK,12525,28,1.51207360675165
DPYD,8052,18,1.5120333663427
LSM4,8052,18,1.5120333663427
SPR,4026,9,1.5120333663427
XKR5,4026,9,1.5120333663427
ZNF491,4921,11,1.51193094587489
SLC12A1,25058,56,1.51159086316262
UBE2D4,12082,27,1.5115327759218
NUP50,17006,38,1.51138134677981
LCA5,4028,9,1.51128260498901
ANKDD1B,16560,37,1.51124204453262
DDX47,16115,36,1.51100126165578
EEF1E1-BLOC1S5,4029,9,1.51090750382123
LRGUK,8059,18,1.51072002305391
GPR176,12985,29,1.5105972160525
PTPRO,23284,52,1.5105614218184
CFAP57,12092,27,1.51028274881634
LINC01620,4031,9,1.5101578598104
SLC36A2,8062,18,1.5101578598104
LSM12,8960,20,1.50978331669041
ZNF488,4032,9,1.50978331669041
TP53BP1,32262,72,1.50950253124933
ZNF852,8067,18,1.50922185022827
RRAGB,16136,36,1.50903478752993
TEX26,8069,18,1.50884777119735
MS4A6A,10313,23,1.50846575149597
QRSL1,4036,9,1.50828700022193
ZNF154,4036,9,1.50828700022193
CPSF6,8073,18,1.50810016918016
EIF3D,16147,36,1.50800677101523
ACSM2A,21082,47,1.50792133176327
TFIP11,18400,41,1.50715760657442
ZNF844,8079,18,1.50698015420119
FAAH2,12121,27,1.50666933410504
FASLG,4041,9,1.50642077032807
BBX,40862,91,1.5063101721608
NAA20,4491,10,1.50608533929482
TTC23L,5839,13,1.50590478445024
THAP9,8085,18,1.50586180158212
DCK,8086,18,1.50567557083743
RBSN,12582,28,1.50522348788463
SRSF9,16177,36,1.50521019543691
DCLK2,12583,28,1.50510386430616
CUBN,17976,40,1.50507994187206
L3MBTL3,17976,40,1.50507994187206
NDUFB1,7191,16,1.50495436156819
LAP3,11688,26,1.50461636488791
GLDC,42257,94,1.50460267014853
ST18,35067,78,1.50448764417913
LGI1,23829,53,1.50439779560607
REV1,33722,75,1.50432119805461
KIR2DL4,4047,9,1.50418738149141
SNRK,16189,36,1.50409446732861
GPATCH4,8994,20,1.50407588587348
HLA-DMB,12142,27,1.50406349849178
ZNF148,13045,29,1.50364927945127
HORMAD2,8547,19,1.50360074782599
OAT,17995,40,1.50349080495094
NT5C2,34198,76,1.50316107277253
CXCL8,4050,9,1.50307316861623
ASPA,7650,17,1.50307316861623
MKKS,6300,14,1.50307316861623
ZNF333,7650,17,1.50307316861623
SRP68,27005,60,1.50279487326932
RAPGEF4,38714,86,1.50252961785008
DTHD1,14406,32,1.50244714897082
TAF15,16657,37,1.50244151152429
FAM110B,12156,27,1.50233127662777
SCAF4,12157,27,1.50220769915992
C19orf44,8105,18,1.50214591804953
PSMB5,4503,10,1.50207178742461
EMB,13960,31,1.50199646863871
ZCCHC17,4054,9,1.50159011664917
NET1,13964,31,1.50156622043801
FGF20,4505,10,1.50140494090411
FRMD6,35140,78,1.5013622145256
ITLN1,7659,17,1.50130692517484
USP12,8110,18,1.50121981082508
TES,13518,30,1.50107173963005
TRIP12,35602,79,1.50087779181807
OSBPL1A,20733,46,1.5006807789686
TMEM101,11720,26,1.50050819733872
LUC7L,17581,39,1.5004228490538
PDHA1,12623,28,1.50033446285071
ZNF620,8116,18,1.50010998839224
C1GALT1C1,4059,9,1.49974041214479
L1TD1,4059,9,1.49974041214479
ATG4A,12178,27,1.49961726052613
ATP6V0E1,4060,9,1.49937101795461
FBXL4,4060,9,1.49937101795461
OVOL3,4060,9,1.49937101795461
IGSF11,20302,45,1.49922331122444
STAC,12182,27,1.49912485623766
C8A,12183,27,1.4990018056872
SNRPG,4964,11,1.4988340420327
KCND2,9477,21,1.49879090887658
MSRB3,18503,41,1.49876776527965
HMGCLL1,8124,18,1.4986327752082
MYOM1,25278,56,1.4984351550411
PDE4D,65029,144,1.49778008775057
PRB3,4968,11,1.49762725133863
YIPF1,4065,9,1.49752677316008
FOXM1,14908,33,1.49722541950302
SNX29,28011,62,1.49711689709017
UQCRB,6327,14,1.49665891611858
GPAM,21242,47,1.49656329518092
TMEM52B,12206,27,1.49617720782297
NDUFAF4,4973,11,1.49612149299222
GNL3,14920,33,1.49602121675275
ZCCHC10,4070,9,1.49568705967954
HECW1,21707,48,1.49566409186486
ARMC2,16281,36,1.49559519265296
QSER1,17186,38,1.49555168063176
NENF,4071,9,1.49531965927185
TBC1D30,16737,37,1.49526009783475
GOLT1B,4072,9,1.49495243931624
CD14,4525,10,1.49476889696641
ZBTB44,13124,29,1.49459805321867
NAPEPLD,12672,28,1.49453298015818
FAR1,12220,27,1.49446309318226
TDRD9,20368,45,1.49436526239585
STARD13,36665,81,1.49425929349684
CES1,18560,41,1.49416486858671
UMOD,13130,29,1.49391506857896
FAM32A,4075,9,1.49385186083331
UNC5D,16300,36,1.49385186083331
LMBR1,27621,61,1.49376773029635
CADPS2,16301,36,1.49376021910207
IFNAR2,16301,36,1.49376021910207
AP4B1,11773,26,1.49375317020384
CHEK2,17209,38,1.49355286090636
MACF1,109608,242,1.49336424405433
DNASE1L3,11777,26,1.49324582430244
ANKRD20A1,12232,27,1.49299697503983
COL6A5,8156,18,1.49275290164191
GYPB,4078,9,1.49275290164191
TRIM16L,15860,35,1.49264832318446
RBM17,21299,47,1.49255821945787
TYMS,8611,19,1.49242545484482
ADGRF3,9068,20,1.49180177740914
HPR,4081,9,1.49165555817097
NKAIN1,12243,27,1.49165555817097
ZNF394,9526,21,1.4910814028368
THAP1,4537,10,1.49081535348755
TTC19,9529,21,1.49061196803687
CCDC149,19060,42,1.49045555544841
CTNND1,26777,59,1.4903309790776
PRPF40A,18155,40,1.49024054172912
C11orf24,4085,9,1.49019494073335
LRRCC1,5447,12,1.49010374711357
RBM5,25874,57,1.49006055403131
TSN,8626,19,1.48983023320992
ZNF839,19976,44,1.48983023320992
PSMD11,16800,37,1.48965287246787
EIF3H,12715,28,1.48947871998148
PTGS2,8632,19,1.4887946700265
P2RY10,4089,9,1.48873718094784
CBX5,13176,29,1.48869951809667
CTRC,5908,13,1.48831720318296
GGNBP2,13635,30,1.48819125605567
PNPLA8,14090,31,1.48813844586206
TOR3A,7728,17,1.48790239905721
SMIM19,8638,19,1.48776054545829
USP42,15003,33,1.48774488795247
CDH26,17278,38,1.48758833101849
ZNF707,10914,24,1.4873731190265
ZFYVE26,20010,44,1.4872987875363
APOL1,4093,9,1.48728227043629
KIN,12281,27,1.48704006177731
BTBD10,8188,18,1.48691898702875
STAC3,6824,15,1.4867737233528
IPCEF1,21846,48,1.48614759874167
RAD23B,9558,21,1.48608929100474
GRHL1,12290,27,1.48595109834721
F2RL1,4097,9,1.48583020085324
CXorf58,6377,14,1.48492409632778
RBM4B,10479,23,1.48456983444775
FNDC3A,12761,28,1.48410954663149
UGP2,15041,33,1.48398620796164
THEMIS,8206,18,1.48365740504405
ENTHD1,4104,9,1.4832958900818
FAM228A,10490,23,1.48301308819618
ADAMTS6,20524,45,1.48300680493464
CPLX4,4105,9,1.48293455125352
FAM83D,4105,9,1.48293455125352
HECW2,37403,82,1.48285966157631
HCN1,12773,28,1.48271525284306
AQP11,4562,10,1.48264560692087
TBC1D22A,9125,20,1.48248312521052
PDZK1,13688,30,1.48242897255399
QPCT,15059,33,1.48221240148423
FECH,8671,19,1.48209844212533
FRMPD4,25558,56,1.48201908792272
NR2C2,23277,51,1.48195769299061
SMIM14,8672,19,1.48192753593966
MCMDC2,11870,26,1.48154642567901
APMAP,4109,9,1.48149095470813
SNX15,4109,9,1.48149095470813
USP18,12327,27,1.48149095470813
CYYR1,4110,9,1.48113049462183
ABCA12,8222,18,1.48077020989923
GALNT12,12333,27,1.48077020989923
LRP11,12333,27,1.48077020989923
OPRM1,18734,41,1.48028717630882
GOT1L1,7311,16,1.48025260758266
PTPRD,29711,65,1.47975127669969
AGAP5,8228,18,1.47969040663484
COX10,4114,9,1.47969040663484
PRDM4,12344,27,1.47945066418399
COX6C,4572,10,1.47940272501597
APTX,22862,50,1.47927330477933
LTBP1,28353,62,1.47905835024134
TGFBR2,20123,44,1.47894691341258
ABCB1,30185,66,1.47892241536862
RUNX1T1,40248,88,1.47887342171543
ARL2BP,4117,9,1.47861217704535
ST3GAL5,39344,86,1.47847020194815
SLC35F4,20131,44,1.47835918427308
DNAJB14,15558,34,1.478147543375
CYP2C8,10067,22,1.47813890625813
GCNT3,18308,40,1.47778659794036
ENOSF1,28382,62,1.47754708633615
RGS7BP,8242,18,1.47717697959129
IL2RG,4579,10,1.47714113535117
CTSV,15112,33,1.47701406524292
ASAH1,22446,49,1.47655543829581
DYNC1LI2,16033,35,1.47654228190018
MND1,8704,19,1.47647927293988
TMEM140,4123,9,1.47646042515055
POMGNT2,8705,19,1.47630966015724
C22orf23,4124,9,1.47610240855861
RNF19B,4124,9,1.47610240855861
GANC,16498,36,1.47592346536446
CSMD1,48579,106,1.47587620459445
TFPI2,4583,10,1.47585190023413
CCNT2,8708,19,1.47580105554303
SFR1,5959,13,1.47557946575011
ARHGAP26,60053,131,1.47546605981261
DBF4B,8254,18,1.47502939978089
FAM153A,31182,68,1.47501888780888
EIF4E,8714,19,1.47478489690943
ZNF273,16055,35,1.47451899132392
DOCK8,35781,78,1.4744660076138
FAXC,12388,27,1.47419591529602
ZNF763,16062,35,1.47387637938648
FAM228B,19276,42,1.47375404061251
DDX23,19736,43,1.47367581134597
NMT2,16065,35,1.47360114570218
PDCL3,8265,18,1.47306626325365
MYL2,52349,114,1.4729537058972
ZNF19,22501,49,1.47294624096653
FAN1,13318,29,1.47282661438968
PDP1,11023,24,1.4726653561694
ASPH,35826,78,1.47261397360659
OCLN,17454,38,1.47258801325412
MAP7D3,19751,43,1.4725566205622
TUBGCP4,22969,50,1.47238218006292
ZFAND3,20215,44,1.47221611370771
MRFAP1,4595,10,1.4719976624098
TTLL5,54698,119,1.47152671358
PRDX1,9193,20,1.47151729767715
MS4A15,4137,9,1.47146394317035
USP30,18847,41,1.47141189372151
RABGEF1,28051,61,1.47086943347886
HARBI1,5060,11,1.47039766495066
RBM8A,5060,11,1.47039766495066
ACOT8,10121,22,1.47025238309462
PDE5A,29913,65,1.46975863945524
ILKAP,16568,36,1.46968767090674
ATL2,21176,46,1.46928667313732
HNRNPA3,7832,17,1.46814475739455
ZNF362,16127,35,1.46793590907829
KDM3B,26725,58,1.46792178487871
PDGFC,21657,47,1.46788555738252
PXDNL,12442,27,1.46779770122867
SLC20A2,23042,50,1.46771748519508
HLA-DRB1,8762,19,1.46670572833471
LDB2,32300,70,1.46584535019849
RPA1,20303,44,1.46583503613265
PSMB7,4153,9,1.46579492725637
ZNF776,15229,33,1.46566659360109
TBC1D20,12923,28,1.46550506264524
AGO4,12000,26,1.46549633940082
TBC1D9,12000,26,1.46549633940082
TGFBRAP1,12000,26,1.46549633940082
IAH1,18463,40,1.46538033012469
SYNPR,16618,36,1.46526569572649
RPN2,10156,22,1.46518554246757
OIT3,4155,9,1.46508937013134
ANXA4,28164,61,1.46496799028957
CALCR,12006,26,1.46476395742211
IPO9,12008,26,1.46451999273899
SLC2A13,12008,26,1.46451999273899
ABCC1,24478,53,1.46451078811574
HPS5,16166,35,1.46439455682949
HUS1,5081,11,1.46432044570957
A2ML1,18939,41,1.46426421463485
NDUFS1,8315,18,1.46420837832729
ARHGAP10,24025,52,1.46397136922455
MS4A1,12475,27,1.46391494979456
FKBP9,25880,56,1.46357974687515
P4HA3,12016,26,1.4635449461393
ASB3,4160,9,1.46332844540762
CIT,53620,116,1.46326779936156
NIN,57784,125,1.46317087315975
ZNF112,12020,26,1.46305790955157
PKP4,30057,65,1.46271717676497
GAB1,34221,74,1.46262051123346
RASSF3,12027,26,1.46220637505694
UBXN2A,12027,26,1.46220637505694
CCT3,14340,31,1.46219460963712
PBLD,16193,35,1.46195284417375
SUB1,17582,38,1.46186731790112
IFT43,16194,35,1.46186256673494
GTF2I,46736,101,1.46171421417339
PLGLB1,7867,17,1.46161303418255
HNRNPA1,10644,23,1.4615564914673
VTCN1,12033,26,1.46147727688938
TMEM212,4167,9,1.46087025027495
PARP9,8335,18,1.46069498089879
MTMR3,24100,52,1.45941544172696
CLDND1,13906,30,1.45918939855595
HPS3,12053,26,1.45905219221852
SH2D4A,15304,33,1.45848383128273
TRAM1,4638,10,1.4583504223314
ATP6V1A,12524,27,1.45818740008681
METTL6,18556,40,1.45803605491981
GAB3,12526,27,1.45795457438026
NPIPB15,5572,12,1.45667536082692
CEP89,12075,26,1.45639387766541
MDH1,12542,27,1.45609464189819
ROPN1,8826,19,1.45607020073292
HMGCS1,9293,20,1.45568261245519
PACRGL,20445,44,1.45565413248233
CWF19L1,12082,26,1.45555008051729
FOXJ3,20912,45,1.45549118517973
PLD5,12083,26,1.45542961787717
ZNF398,9295,20,1.455369394034
SCYL3,8371,18,1.45441317235592
MAP2,37207,80,1.45431327627017
GPHN,24186,52,1.45422608722483
GALNT7,20000,43,1.4542232906362
ALDH1A1,12094,26,1.45410584362575
SPEF2,32562,70,1.45405088174594
RHEBL1,4188,9,1.45354496965036
ARL14EP,11637,25,1.45308697662048
LRRC37B,26535,57,1.45294240719827
TCF4,89435,192,1.45206598947215
TNC,37269,80,1.451893908347
PRPF4,7454,16,1.45185495224535
MTIF3,9320,20,1.45146550617447
RALBP1,5126,11,1.45146550617447
SELP,12117,26,1.45134571864404
ACP7,9323,20,1.45099844658866
RGS6,41032,88,1.45061653044459
FNBP1,18185,39,1.45058752319025
MYO1E,26583,57,1.45031887954731
ANAPC13,7463,16,1.45010408870921
RAI14,24256,52,1.45002935956546
KPNB1,29389,63,1.449934476514
POPDC3,11663,25,1.44984765042721
CDH2,28946,62,1.44875773524469
NMRK1,8406,18,1.44835744299208
TRAPPC4,7005,15,1.44835744299208
DHPS,9808,21,1.44820977196404
ARID2,16814,36,1.44818516305358
CHRNA3,14017,30,1.44763414256396
ZNF12,8411,18,1.44749645295345
RNF32,15421,33,1.4474182318884
PPM1K,8879,19,1.44737871288081
ZNF790,8880,19,1.44721571978252
RAB3GAP2,21038,45,1.44677401200107
PARK7,11688,25,1.44674650469991
ZNF20,7481,16,1.44661499987125
CENPO,8417,18,1.44646461515878
PCDH9,12627,27,1.44629278519737
RNFT2,12160,26,1.44621349282976
ADGRL3,21989,47,1.44572274847575
TSGA10IP,4211,9,1.44560587340198
UFL1,4211,9,1.44560587340198
FBXO42,12166,26,1.44550025257355
C7orf25,8423,18,1.44543424739302
RPL17-C18orf32,8893,19,1.44510014524556
RPRD2,5617,12,1.44500536060666
RPE65,5149,11,1.44498197410183
HSPBAP1,12171,26,1.44490642287485
CTHRC1,8895,19,1.44477522109823
GRSF1,8896,19,1.44461281381168
HVCN1,13110,28,1.44460121468836
PSMD14,12175,26,1.44443171029239
USP32,32781,70,1.44433680520457
TTK,14054,30,1.44382295263406
NEK2,9838,21,1.44379360067324
SLC44A1,12182,26,1.44360171341404
HMOX2,14057,30,1.44351481655539
PXK,14527,31,1.44337238949517
TMEM220,8904,19,1.4433148687858
NNT,25775,55,1.44330013281287
OFCC1,28120,60,1.44320681197148
TRAPPC6B,4218,9,1.44320681197148
TARBP1,24852,53,1.44247123255662
ATP1B3,17819,38,1.44242388368244
VDAC3,14068,30,1.44238610863798
HMGXB3,15947,34,1.44209064274335
ZMYM2,19708,42,1.44144930418341
ERMAP,13142,28,1.44108369537091
PLCE1,45534,97,1.44088250121005
SLIRP,6573,14,1.44064520953632
NMI,4226,9,1.44047475932222
RBM45,13148,28,1.44042606666903
NABP1,8922,19,1.44040300287702
PECAM1,20663,44,1.44029660449118
OFD1,18786,40,1.44018508650549
SMYD3,53078,113,1.43998022955151
CAST,61549,131,1.43960362134115
CTAGE1,7048,15,1.43952098299653
CD47,13630,29,1.43911260824958
PIGF,9870,21,1.43911260824958
OXSM,8931,19,1.43895147146666
CTNNB1,25383,54,1.4389425204812
SAMM50,15984,34,1.43875246995923
MEGF10,19278,41,1.43851540413785
SMAD2,17870,38,1.43830728502168
MID1,34804,74,1.43812023086198
LXN,7055,15,1.43809268435996
ASAP1,48447,103,1.43801352747048
YTHDF3,8469,18,1.43758326435133
SHISA9,25408,54,1.43752668440547
SPATA21,12234,26,1.43746575713666
B9D2,4235,9,1.43741353787384
C5AR2,8000,17,1.43731371748927
EFCAB8,16000,34,1.43731371748927
ENTPD7,8000,17,1.43731371748927
FAM209A,8000,17,1.43731371748927
GPC5,8000,17,1.43731371748927
JMY,8000,17,1.43731371748927
KCTD14,8000,17,1.43731371748927
PLCXD2,8000,17,1.43731371748927
PPTC7,8000,17,1.43731371748927
PRKRIP1,8000,17,1.43731371748927
RCVRN,8000,17,1.43731371748927
RFXAP,8000,17,1.43731371748927
SEC22B,8000,17,1.43731371748927
SLC35F1,8000,17,1.43731371748927
TAT,8000,17,1.43731371748927
TCF24,8000,17,1.43731371748927
WEE2,8000,17,1.43731371748927
GDI2,16942,36,1.43724385146871
MTTP,8002,17,1.43695447886955
PAPPA2,16004,34,1.43695447886955
PEX3,8002,17,1.43695447886955
DLAT,8944,19,1.43685997223488
QTRT1,13653,29,1.43668826268525
ZNF780A,4708,10,1.43666721724151
SERP1,8005,17,1.43641595751582
GPX6,8006,17,1.4362365400842
DOK6,16013,34,1.43614684817512
SNAP91,19310,41,1.43613153604192
BMPR1B,24493,52,1.43599853613766
RELN,40509,86,1.43595081649628
LEPR,16016,34,1.43587783964962
ZNF280B,8009,17,1.43569855661308
C4BPB,11307,24,1.43567614938138
UBE2D3,21674,46,1.43552711037907
TDRD6,8010,17,1.43551931834134
CTTNBP2,26861,57,1.43530869197
COMMD6,13195,28,1.43529533342664
MAP2K1,17910,38,1.43509498511097
TINAG,4714,10,1.43483862086827
MSANTD3,10371,22,1.43481095066056
RNF139,8014,17,1.43480281256727
PKIA,8015,17,1.43462379786826
EMC2,16036,34,1.43408702169046
TXNDC12,13678,29,1.43406235198434
PRKAR1A,19811,42,1.43395501927448
CCDC34,8019,17,1.43390818554859
PAK1,33965,72,1.43381630099119
CD84,8020,17,1.43372939400426
TMEM254,7077,15,1.43362214047754
NDUFA6,7549,16,1.4335841587014
PPIA,6134,13,1.43348191007579
ZBTB26,4247,9,1.43335209156951
PAWR,10382,22,1.43329073100565
WASF3,8023,17,1.43319328678975
C9orf153,9440,20,1.43301467346886
ABCF1,16049,34,1.43292538350229
TDP1,19354,41,1.43286658886894
RALYL,14163,30,1.43271113297459
TSNAX-DISC1,4722,10,1.43240772104469
ERO1B,16528,35,1.4323210555243
CYP2R1,10390,22,1.43218713852749
SCRN1,9448,20,1.43180128255144
KIF24,8031,17,1.43176562568972
AK5,37323,79,1.43167085026142
CNBD2,8033,17,1.43140915472602
OLA1,17957,38,1.43133881958776
ELOVL5,4253,9,1.43132996306036
SCARA3,8034,17,1.43123098579962
NAPG,8507,18,1.43116170986146
PRRG2,4727,10,1.43089258700508
RACGAP1,25056,53,1.43072697443714
SLC11A2,27423,58,1.43055864423599
NIPAL1,8038,17,1.43051875341057
ZNF337,8038,17,1.43051875341057
ASNS,19388,41,1.43035382509642
NDUFAB1,8039,17,1.43034080605973
SEC24A,8039,17,1.43034080605973
SCMH1,30269,64,1.43012677181761
LCA5L,16086,34,1.42962945914636
LYZL6,8043,17,1.42962945914636
GSTA1,8044,17,1.429451732958
ALKBH1,7571,16,1.42941841421699
YIPF6,8519,18,1.42914575252863
SLC10A6,4260,9,1.42897801241684
APC,12308,26,1.42882321033554
EEF2K,8048,17,1.42874126987005
MFAP5,12310,26,1.42859107009016
ZNF155,8051,17,1.42820888584202
HERPUD2,10893,23,1.42814718582374
GSTO1,8999,19,1.42807818553936
MTA3,31734,67,1.42804739502676
MACC1,8052,17,1.428031512657
MTERF1,4263,9,1.42797239805201
GPNMB,23210,49,1.42795189004687
PABPC1,21802,46,1.42709910055756
FKBP3,8058,17,1.42696819805338
TUBA1C,16118,34,1.42679113288425
PRKG1,20385,43,1.42675819537523
ARFGEF2,24179,51,1.42667311384848
CHRNA1,8060,17,1.42661411165188
SLC16A4,8060,17,1.42661411165188
NRSN1,9957,21,1.42653825885541
PRAMEF6,6164,13,1.42650519734019
UTRN,33675,71,1.4260783292439
RMND5B,18498,39,1.42604249698426
GNAL,18502,39,1.42573419680114
RHOJ,4745,10,1.42546454347166
ALPK1,22777,48,1.42540195996446
ALDH1A2,34172,72,1.42513082825605
YBX3,21836,46,1.424877019159
PRRG1,8070,17,1.42484631225702
FAM216A,9020,19,1.42475339153755
TGFBR1,14243,30,1.42466388937155
ZNF433,8072,17,1.42449327798738
CKAP2L,8547,18,1.42446386636146
LIMS1,40840,86,1.42431272344388
FILIP1L,12348,26,1.42419469329526
IP6K1,12348,26,1.42419469329526
ARHGAP24,29447,62,1.42410912501758
SERPINB6,17574,37,1.42404508122568
WNK1,42274,89,1.42399773863557
ZNF207,20904,44,1.42369157762157
NLK,12353,26,1.42361823628348
MORF4L2,6653,14,1.42332195434875
TWF1,8079,17,1.42325903452335
PALMD,8080,17,1.42308288860323
CCDC68,13785,29,1.4229310736628
ALG6,16162,34,1.4229067862782
SLX4,9032,19,1.42286045080478
CTR9,16165,34,1.42264271449603
SERBP1,13313,28,1.42257356903511
ERMARD,17117,36,1.42254982365969
CASS4,4281,9,1.42196830948277
COL5A2,16650,35,1.42182597031265
SNX3,4282,9,1.4216362290742
SECISBP2,23789,50,1.42162958904809
JAM2,16655,35,1.42139912372894
DENND2C,12373,26,1.42131706722782
SASH1,25699,54,1.42124899791332
PLGLB2,7140,15,1.42097253335568
CAMK2D,16660,35,1.42097253335568
MLLT3,16661,35,1.42088724600598
TMEM44,22377,47,1.42065502597458
RAB5A,11904,25,1.42049505602592
PTPRM,52382,110,1.4203757368276
KDM1A,24763,52,1.42034132155311
GLDN,12385,26,1.41993993321032
CRLS1,18578,39,1.41990171758073
SMIM23,11434,24,1.4197297727003
SLC25A13,20486,43,1.41972399749702
CEP85L,20963,44,1.41968462236327
SUSD1,23822,50,1.41966024237533
NOTCH2,24299,51,1.41962752457889
MTM1,17631,37,1.41944122610517
HSD17B7,13819,29,1.41943012160372
EMSY,21930,46,1.41876947516443
COPA,30040,63,1.4185127939504
F5,8107,17,1.41834337485064
DNAJA3,16695,35,1.41799355529833
CAT,23378,49,1.41769028009187
AIG1,12405,26,1.41765063061748
DNAH3,20039,42,1.417639746836
CD160,8112,17,1.4174691493977
ZBTB41,4772,10,1.41739925791555
BTBD7,10976,23,1.41734760342365
ACBD7,4295,9,1.41733325562182
MAEL,16703,35,1.41731439895262
ASAP2,20047,42,1.41707402039441
CAB39,16706,35,1.41705988301841
AFTPH,8592,18,1.41700333633513
GTF3C2,16709,35,1.4168054584778
ASMT,16232,34,1.41677054459267
LMO7,54453,114,1.4160405037374
WDR44,8126,17,1.41502704158431
HECTD2,9082,19,1.41502704158431
WDR26,15296,32,1.41502704158431
INO80D,8129,17,1.41450482715145
SIRPG,16258,34,1.41450482715145
TOM1L1,16258,34,1.41450482715145
RASGRP3,31084,65,1.41438972403888
KCTD13,10999,23,1.41438378899699
HSPA14,8131,17,1.41415689827993
SEC61A2,20096,42,1.41361877422605
FAM47E,20097,42,1.41354843443532
VTI1B,8613,18,1.41354843443532
RHBDD2,13399,28,1.41344293787331
LYSMD2,8614,18,1.41338433547614
RUFY1,31586,66,1.41332467257335
CR1L,12444,26,1.41320765612422
SRP14,4308,9,1.4130562518328
AHCYL2,30647,64,1.41248759278714
DERL2,10538,22,1.41207291414886
MMP26,8143,17,1.41207291414886
NPIPB4,27782,58,1.41207291414886
RELB,16287,34,1.41198621476197
IFRD1,27311,57,1.41165928655143
SEC61G,4792,10,1.41148356819136
TRHDE,24452,51,1.41074469244816
TXNL4A,13905,29,1.41065119384694
UBLCP1,8154,17,1.4101679838011
FGD4,24467,51,1.40987980625914
COL14A1,20157,42,1.40934081891386
ASTE1,7199,15,1.40932683541596
MMP20,12000,25,1.40913109557771
SNX11,12962,27,1.40891367062854
PRPF31,7203,15,1.40854420216015
DDX3Y,12486,26,1.40845395425355
CTH,8165,17,1.40826818614992
SYTL2,39867,83,1.40817675891881
ZNF730,12010,25,1.4079577974132
GLT8D1,13452,28,1.40787406516239
MR1,8648,18,1.4078275515485
FCHSD2,18257,38,1.40781898358643
ZMYM4,16336,34,1.40775094758988
ATP2B1,22586,47,1.40750896644971
CIDEC,5767,12,1.407420688491
ITSN1,50952,106,1.40713985992687
PLIN2,12017,25,1.40713765057273
INTS10,30286,63,1.40699083174635
EPC2,12980,27,1.40695986122397
P2RY14,8173,17,1.40688972713987
CYLD,21161,44,1.40640086662262
PPCS,14909,31,1.40639014703846
PGBD2,8176,17,1.40637350047873
BCAT1,16837,35,1.4060344720381
RAD52,19726,41,1.40584507558397
CEACAM19,12996,27,1.40522768534066
BTF3,8183,17,1.4051704435921
VCL,14923,31,1.40507074329534
GNE,8185,17,1.40482709100967
GNPNAT1,8185,17,1.40482709100967
POGLUT1,12037,25,1.40479963005172
SLC27A2,12037,25,1.40479963005172
DIP2B,12038,25,1.40468293295668
EFCAB12,11079,23,1.40417070991768
PCBD2,7710,16,1.40364809520581
ZCCHC7,17348,36,1.40360763958859
LPP,50123,104,1.40342406263072
PDXDC1,22172,46,1.40328407858361
CHRNA5,12051,25,1.40316763313688
GPA33,12051,25,1.40316763313688
IQCF3,14947,31,1.40281465860683
SEH1L,15913,33,1.40266678526682
CERS5,19290,40,1.40255661146149
GALNT5,8683,18,1.40215278887383
CCDC124,7236,15,1.40212049311215
ELMOD2,14474,30,1.40192674978023
IL4R,21231,44,1.40176387068915
PTPN13,17378,36,1.40118456275652
CNOT6L,12552,26,1.4010481256222
COA5,7725,16,1.40092256492386
RFPL2,10622,22,1.40090607882702
RALGAPA2,16906,35,1.40029589528603
TAPT1,37195,77,1.40022812992478
MBTD1,19334,40,1.39936469613593
ZNF765,12084,25,1.39933574536019
FAM13C,29007,60,1.39907524227387
EHBP1,38208,79,1.39850950440502
TRPM8,31922,66,1.39844850284763
PHF21A,43047,89,1.39842684514786
POMP,9674,20,1.39835213123279
DROSHA,44516,92,1.39786209858729
TSPAN8,12100,25,1.39748538404401
SNX10,17435,36,1.3966036897954
NBPF15,6296,13,1.39659752801857
PEAK1,23732,49,1.39654320613466
CRADD,20342,42,1.39652359093731
MEOX1,4359,9,1.39652359093731
ANKS1B,60062,124,1.39641508455905
MYO3B,14048,29,1.39629163229227
NHLRC3,7752,16,1.39604319066523
IDI1,8722,18,1.39588313068005
PMFBP1,25199,52,1.39576618697646
SRSF3,8239,17,1.39561958246318
LEPROTL1,8241,17,1.39528088095063
NEDD1,8242,17,1.39511159183622
CNTNAP3B,22787,47,1.39509358477348
DNMBP,16000,33,1.39503978462194
PRSS12,16000,33,1.39503978462194
C12orf42,26669,55,1.39491772932062
TRIM59,4849,10,1.39489157739184
CDK14,28611,59,1.39479894539725
ARID4B,24732,51,1.39477313681637
PGM3,8729,18,1.3947637376322
MAN2A1,21341,44,1.39453862230454
STON1-GTF2A1L,16008,33,1.39434261331528
ATP6AP2,20860,43,1.39426969380268
PDLIM1,16009,33,1.39425551589424
KDR,10674,22,1.39408135369127
FBXO22,8249,17,1.39392771728866
POGZ,21353,44,1.393754916808
LAMP3,5824,12,1.39364613848345
HHLA2,16020,33,1.39329816191954
NRXN1,88843,183,1.39322259981705
SLC1A3,38858,80,1.39252236528345
MYO3A,19432,40,1.39230738138597
GTF2E2,9231,19,1.39218671776284
CD1C,5347,11,1.39147413215828
ZDHHC6,13611,28,1.39142766325505
OSBP,8264,17,1.39139759679503
PAM,35980,74,1.39111552292719
DLG2,59321,122,1.39105404421758
PDCD2L,20428,42,1.39064435514229
STK39,12160,25,1.39058989695169
EIF3C,25781,53,1.39049280755196
PARG,16057,33,1.39008759755564
DNAJB6,24329,50,1.39007547757265
PPP4R3A,17032,35,1.38993673119455
ARHGAP17,33091,68,1.389925930303
KIAA0319,12170,25,1.38944725940284
RCN2,10224,21,1.38928417873859
SLC12A6,23864,49,1.38881844485366
FRMD7,12176,25,1.38876257777041
KRAS,10716,22,1.38861742901275
HSPA9,12666,26,1.38843802880229
KANSL1L,18514,38,1.38827650336705
NADK2,20952,43,1.38814747101585
FBXL7,9258,19,1.3881265491109
ZFYVE1,16084,33,1.38775407572438
MTUS1,57029,117,1.38765895119403
CCT2,15111,31,1.3875898816886
SYT14,16086,33,1.38758153387734
TBCEL,16092,33,1.38706416566934
INPP1,16095,33,1.38680562621628
CYTIP,14145,29,1.38671649702664
SSR2,8780,18,1.38666203482818
CDKL3,20986,43,1.38589849484056
CINP,7321,15,1.3858412632372
GGA2,21481,44,1.38544987377689
CORIN,16599,34,1.38544607987398
FAM111B,6349,13,1.38493905125294
ERCC1,25890,53,1.38463866633824
TRIM55,13190,27,1.38455943886938
SLC15A4,20030,41,1.38450823569493
DARS2,8307,17,1.38419522570292
COQ4,8308,17,1.38402861578167
CELA3B,11244,23,1.38356521657577
ELP4,24454,50,1.38296991469147
TRIM60,12228,25,1.38285681607234
CASC3,15165,31,1.38264890881611
RDH13,22994,47,1.38253446621872
CNPY2,8807,18,1.38241088518127
CPSF3,12233,25,1.38229160033782
FER,17128,35,1.38214633382214
STEAP1B,8321,17,1.38186633095952
LGR5,12237,25,1.38183976031156
NTPCR,12237,25,1.38183976031156
ARRDC3,12727,26,1.38178330107723
UPRT,16643,34,1.38178330107723
KCNQ5,28398,58,1.38144269669989
TRAPPC3L,10284,21,1.38117867011118
RPS10-NUDT3,4898,10,1.38093696585811
ABCC11,29886,61,1.38055806994966
VPS41,35287,72,1.38009948885328
GNL2,17160,35,1.3795689047614
DHDDS,12750,26,1.37929067237724
RNF125,12260,25,1.37924740187052
FXN,4414,9,1.37912241343356
FAM161B,8340,17,1.37871819423431
CALD1,41703,85,1.37861901301035
USP10,16685,34,1.37830503325312
TP63,12269,25,1.37823564650196
GLYATL2,9816,20,1.3781233208584
RAB7A,19633,40,1.37805312662823
SLCO1C1,4418,9,1.37787377385598
ZNF28,19641,40,1.37749183010499
IL1RAP,18168,37,1.37748614362947
BACH2,21606,44,1.37743445055083
KLHL8,8350,17,1.37706703472026
DNAJC18,19158,39,1.37691481935561
THEM4,9825,20,1.37686091781639
CHORDC1,9334,19,1.37682404024735
RNF10,32923,67,1.37647407690002
MAPK14,9337,19,1.37638166345386
SEC22C,13765,28,1.37586065561674
SMARCA5,11799,24,1.37581068065559
SERINC5,8850,18,1.37569408653011
DECR1,18196,37,1.37536646831502
DLGAP1,36884,75,1.37535840583444
LSMEM1,8856,18,1.37476204446606
GCNT2,23617,48,1.37470383376849
MIPEP,15745,32,1.37467473026825
PLD1,31995,65,1.3741175240514
GOLM1,14768,30,1.37401731963157
FASTKD3,8867,18,1.37305657672171
DUX4,5419,11,1.37298619388269
ADK,16257,33,1.37298619388269
GJC1,20199,41,1.37292440026582
COQ2,9856,20,1.37253028790037
MATR3,26614,54,1.37238588702842
SYCP2L,20716,42,1.37131120326543
TGFBR3,24672,50,1.37075009297443
PIN4,4441,9,1.37073774665519
LINS1,16290,33,1.37020482221921
NR1D2,12835,26,1.37015629706349
UGT2A3,4443,9,1.37012071413363
SNX18,18763,38,1.36985296505556
PON2,8397,17,1.36935926401264
ZFPM2,29144,59,1.36929016699015
EYA1,29149,59,1.36905528926415
ZNF674,12846,26,1.36898303540478
MLIP,16308,33,1.36869245486577
SPTY2D1,4449,9,1.36827294513278
SEMA3A,12854,26,1.36813101546677
COX6B1,6922,14,1.36800938490064
DGKE,12859,26,1.36759904135701
ACACA,58891,119,1.36675499107502
CHD9,39594,80,1.36663721953286
EOGT,15838,32,1.36660270413396
GRIA1,12375,25,1.36643015328748
DAAM1,35153,71,1.3661191857676
IGF2BP3,28223,57,1.36604282943012
ZNF841,13866,28,1.3658388810446
TMC5,20306,41,1.36568994193684
ZNF682,8420,17,1.36561873395655
MYH14,17836,36,1.36520438055522
ACSM2B,24773,50,1.36516151834114
HMGCR,20812,42,1.36498572394997
RAD18,12400,25,1.36367525378488
GATAD2B,21330,43,1.36354738925101
GPX5,6450,13,1.36325240874495
NOL8,19350,39,1.36325240874495
PLCH1,16377,33,1.36292584441296
ZNF566,4467,9,1.36275942084077
DLD,9433,19,1.36237417488272
P3H2,27803,56,1.36235096389343
NUP93,31283,63,1.36214954864527
CYB5A,9436,19,1.36194103345366
PHTF2,22852,46,1.361526981899
LANCL1,8947,18,1.36077933003146
ARHGAP11A,12427,25,1.3607124122421
NRCAM,31320,63,1.360540368144
KHDRBS3,29334,59,1.36042110270542
PSMG3,4973,10,1.36011044817475
ANKRD10,20393,41,1.35986367679936
MGAT4A,12436,25,1.35972765736029
LINGO2,17413,35,1.35952463135046
PUM2,13933,28,1.359270934082
LRRFIP2,25379,51,1.35921546238002
GPR160,15429,31,1.35899090687643
PCDH11X,8959,18,1.35895665429082
ZP2,10951,22,1.3588187717378
POU6F2,22400,45,1.35880498502137
NSMCE4A,12944,26,1.35861836162004
FBXO38,41825,84,1.35842595992094
PSMA1,17432,35,1.35804281813364
C5,28397,57,1.3576725279081
ZNF689,8968,18,1.35759284854945
MTR,16444,33,1.35737269240762
TM4SF1,5980,12,1.35729015226214
TEKT3,16944,34,1.35723674928165
CR2,13958,28,1.35683636083712
SCG5,17947,36,1.35676075843221
VPS13D,68809,138,1.35652085876946
SLC41A2,16456,33,1.3563828727486
NELL2,33913,68,1.3562362209081
CHFR,36909,74,1.35610112750062
SLC25A3,11474,23,1.35583120927122
PDK4,12971,26,1.35579030705496
MAGI2,68358,137,1.35557595080591
MSH6,14470,29,1.35557048033461
EZH1,20465,41,1.35507940195306
FGF1,16972,34,1.35499761252818
C8orf76,5991,12,1.35479804882785
CNTN4,44438,89,1.3546532337882
ATG3,9990,20,1.35411997172633
RIMS2,31969,64,1.3540776144436
FTO,40467,81,1.35386900427661
LAMA3,42971,86,1.35367879792064
CTSC,13992,28,1.35353930278477
SLC4A7,20489,41,1.35349211581675
EDIL3,12494,25,1.35341549119038
TMEM167A,8496,17,1.35340274716503
ELP6,6497,13,1.35339049352084
NBN,23991,48,1.35327332925307
GPR107,16495,33,1.35317590505917
CCDC60,4499,9,1.35306653320643
ALOX5AP,12000,24,1.3527658517546
COL28A1,24000,48,1.3527658517546
ERP27,12000,24,1.3527658517546
KDM7A,12000,24,1.3527658517546
PARP4,12000,24,1.3527658517546
SLC17A6,12000,24,1.3527658517546
ZC3H12C,12000,24,1.3527658517546
ZNF592,12000,24,1.3527658517546
ACSM4,8000,16,1.3527658517546
APOL5,4000,8,1.3527658517546
ATG14,8000,16,1.3527658517546
BRK1,4000,8,1.3527658517546
C19orf18,4000,8,1.3527658517546
CA13,8000,16,1.3527658517546
CCDC152,4000,8,1.3527658517546
CCDC169-SOHLH2,4000,8,1.3527658517546
CHAC2,4000,8,1.3527658517546
CNTN3,8000,16,1.3527658517546
COLEC10,8000,16,1.3527658517546
CRYGB,4000,8,1.3527658517546
CSTF2T,4000,8,1.3527658517546
CXCL11,8000,16,1.3527658517546
CYP1A2,4000,8,1.3527658517546
DCAF4L1,4000,8,1.3527658517546
EPM2AIP1,4000,8,1.3527658517546
ERCC6L,4000,8,1.3527658517546
FAM187B,4000,8,1.3527658517546
FNDC7,8000,16,1.3527658517546
GCM1,4000,8,1.3527658517546
GCNT7,4000,8,1.3527658517546
GJA3,4000,8,1.3527658517546
GJD4,4000,8,1.3527658517546
GLT6D1,4000,8,1.3527658517546
GLUD2,4000,8,1.3527658517546
GNAT3,4000,8,1.3527658517546
GNMT,4000,8,1.3527658517546
GPR87,4000,8,1.3527658517546
GSTA2,4000,8,1.3527658517546
GZMA,4000,8,1.3527658517546
HNRNPCL1,4000,8,1.3527658517546
IER5,4000,8,1.3527658517546
IFNA4,4000,8,1.3527658517546
IL26,4000,8,1.3527658517546
IRAK2,4000,8,1.3527658517546
KIF5B,8000,16,1.3527658517546
KLF14,4000,8,1.3527658517546
KLF9,4000,8,1.3527658517546
LCMT2,4000,8,1.3527658517546
LIPK,4000,8,1.3527658517546
LRRC58,4000,8,1.3527658517546
MAGEE1,4000,8,1.3527658517546
MMP12,4000,8,1.3527658517546
MMP27,4000,8,1.3527658517546
MYH1,4000,8,1.3527658517546
OPRD1,4000,8,1.3527658517546
P2RY13,4000,8,1.3527658517546
PATL1,8000,16,1.3527658517546
PCDHB3,4000,8,1.3527658517546
PCDHB7,4000,8,1.3527658517546
PLA2G12B,4000,8,1.3527658517546
PLEK,8000,16,1.3527658517546
PROKR1,8000,16,1.3527658517546
PRSS38,4000,8,1.3527658517546
PTCHD3,4000,8,1.3527658517546
RAB40AL,4000,8,1.3527658517546
REC114,4000,8,1.3527658517546
RETNLB,4000,8,1.3527658517546
SAP30,4000,8,1.3527658517546
SMIM10L1,4000,8,1.3527658517546
SPDYC,4000,8,1.3527658517546
SPDYE6,4000,8,1.3527658517546
TDRD7,8000,16,1.3527658517546
THSD7A,16000,32,1.3527658517546
TMED7,4000,8,1.3527658517546
TMEM81,4000,8,1.3527658517546
TNFAIP6,8000,16,1.3527658517546
UGT1A8,4000,8,1.3527658517546
VN1R2,4000,8,1.3527658517546
XCL1,4000,8,1.3527658517546
ZFP82,8000,16,1.3527658517546
ZNF284,8000,16,1.3527658517546
ZNF543,4000,8,1.3527658517546
ZNF556,4000,8,1.3527658517546
ZNF705G,4000,8,1.3527658517546
ALAS2,8001,16,1.35259677715746
C4orf51,8001,16,1.35259677715746
FAM162A,10002,20,1.35249535268407
NDFIP1,12009,24,1.35175203772631
TMEM186,4003,8,1.35175203772631
XPR1,12010,24,1.35163948551667
TTPA,4004,8,1.35141443731729
EPHA6,14016,28,1.35122159849918
PRB1,4005,8,1.35107700549773
SCFD2,4005,8,1.35107700549773
SEL1L,16020,32,1.35107700549773
ZNF490,8010,16,1.35107700549773
CCDC174,8011,16,1.35090835276955
ANKFN1,28039,56,1.35088426295977
DNAJB4,9013,18,1.35081467500182
MTHFSD,9514,19,1.3507752356179
ADIPOQ,4006,8,1.35073974214139
MTPN,4006,8,1.35073974214139
TMEM231,13021,26,1.35058413891482
STEAP1,8013,16,1.35057117359751
RLIM,4007,8,1.35040264712214
LACC1,8516,17,1.35022425316042
FAXDC2,21047,42,1.34974499391109
ACADSB,12027,24,1.34972896159102
HLA-DRA,4009,8,1.34972896159102
MORN4,4009,8,1.34972896159102
NR1I3,11025,22,1.34969835549212
CYP24A1,14033,28,1.34958468784753
F2RL2,4010,8,1.34939237082754
GLRA3,8020,16,1.34939237082754
NCOA5,4010,8,1.34939237082754
USP38,10527,21,1.34929623287008
FBXO8,8021,16,1.34922413839133
RDH11,9526,19,1.34907365018567
SLC18B1,9526,19,1.34907365018567
ADPRM,8022,16,1.34905594789788
WDR76,8022,16,1.34905594789788
HHAT,17048,34,1.34895703189983
DAPP1,8023,16,1.34888779933153
FGF7,8023,16,1.34888779933153
TMEM45B,8023,16,1.34888779933153
KAT7,18558,37,1.34853800288071
PAN3,8527,17,1.34848243695487
SDHAF4,4013,8,1.34838360503823
CES5A,19566,39,1.34820270414059
CARD16,8028,16,1.3480476848576
CSTA,4014,8,1.3480476848576
DR1,8028,16,1.3480476848576
EREG,8028,16,1.3480476848576
ETAA1,4014,8,1.3480476848576
TASP1,8029,16,1.34787978752483
LMAN1,14052,28,1.34775988646203
C1QTNF2,4015,8,1.34771193200957
RFX6,8030,16,1.34771193200957
PDE7A,19574,39,1.34765168638065
WIPF2,12548,25,1.34759110192322
SDR42E1,4016,8,1.34737634636913
TRMO,8032,16,1.34737634636913
VPREB3,4016,8,1.34737634636913
LRFN5,9539,19,1.34723509714527
UBE2G1,12050,24,1.34715271544027
NOL10,16067,32,1.34712476679366
ICOS,4017,8,1.34704092781141
KIZ,24107,48,1.34676153988926
LTA4H,16072,32,1.34670567621165
SDR42E2,4018,8,1.34670567621165
ZNF850,4018,8,1.34670567621165
ZNF808,12057,24,1.34637059144524
CHCHD3,12058,24,1.34625893357566
GPR135,8039,16,1.34620311158562
HAUS2,8039,16,1.34620311158562
NT5DC3,25625,51,1.34616699394117
ADH1A,4020,8,1.34603567338767
CA6,4020,8,1.34603567338767
NOC3L,4020,8,1.34603567338767
PDE4B,35181,70,1.34580611157759
TMEM165,21614,43,1.34563087872323
TEX30,7541,15,1.34541093862346
KLF5,13574,27,1.3453911152709
ZNF749,4022,8,1.34536633690164
TNRC6C,34691,69,1.3453178601232
DLC1,33686,67,1.3452964446292
DENR,4023,8,1.34503191822481
TTPAL,8046,16,1.34503191822481
FMN2,54322,108,1.34474717416054
GUCY2C,4024,8,1.34469766576004
SPINK2,8048,16,1.34469766576004
EGLN1,14085,28,1.34460219556723
AHSG,4025,8,1.34436357938346
SPATA19,4025,8,1.34436357938346
CLEC19A,8052,16,1.34402965897129
TAOK3,34225,68,1.3438725773457
HYKK,8053,16,1.34386276096322
MMP13,4027,8,1.3436959043999
ITGBL1,12083,24,1.34347349342508
C19orf84,4028,8,1.34336231554578
GPX8,4028,8,1.34336231554578
PSMD10,4029,8,1.34302889228553
DNAJC13,28207,56,1.34283843900907
ETFDH,22668,45,1.34274005931174
HPSE2,8060,16,1.34269563449588
PLA2G2D,4030,8,1.34269563449588
NBPF6,8061,16,1.34252906761405
SPHKAP,8061,16,1.34252906761405
CCDC171,32248,64,1.34236254205369
TAF3,4031,8,1.34236254205369
TRMT2B,8062,16,1.34236254205369
ATP10B,23685,47,1.34219959958764
RD3L,4032,8,1.34202961483592
LRRC46,4537,9,1.3417338181388
DNAJB11,17140,34,1.34171642239371
RNF11,8066,16,1.34169685271967
TOPORS,4033,8,1.34169685271967
FRMD4B,39322,78,1.34168832252758
BTG3,12101,24,1.34147510297126
FAM216B,4034,8,1.34136425558216
RBM48,4034,8,1.34136425558216
NIF3L1,10590,21,1.34126925811363
DTNBP1,16138,32,1.34119801884209
TMEM41B,8069,16,1.34119801884209
RFC5,13115,26,1.34090400860159
RBPJ,37333,74,1.34069955575283
NIT2,8072,16,1.34069955575283
MBTPS2,4037,8,1.34036745281606
ZNF718,4037,8,1.34036745281606
MAPKAP1,42899,85,1.34018389005736
URGCP-MRPS24,4038,8,1.34003551436811
HMGN5,8077,16,1.33986960678926
ZNF30,8077,16,1.33986960678926
ZNF507,8078,16,1.33970374028681
PLAA,12118,24,1.3395931854312
PMAIP1,4040,8,1.3393721304501
TRIM69,16160,32,1.3393721304501
DTNA,47477,94,1.3391746536737
FCGR2B,8082,16,1.33904068473606
UBE2G2,8082,16,1.33904068473606
VPS53,68242,135,1.33805713480607
GYPE,4044,8,1.33804733111237
SEC24D,29834,59,1.33762125852252
ADAMTS9,22755,45,1.33760631353455
CRYZ,8597,17,1.33750258693895
ARCN1,4046,8,1.33738591374652
PSKH1,4047,8,1.33705545021458
PCMT1,8600,17,1.33703601626909
IFI27L1,8095,16,1.33689027968336
CCNDBP1,12144,24,1.33672514995514
LLPH,4048,8,1.33672514995514
SIPA1L1,36942,73,1.33658041224198
CTSO,4049,8,1.33639501284723
DYNC1LI1,8605,17,1.33625912143104
CIB3,4050,8,1.33606503876998
CNIH1,4051,8,1.33573522760267
CRISP3,4051,8,1.33573522760267
AKAP13,57729,114,1.33568316703931
NOX5,13168,26,1.33550699216357
CLCA1,4559,9,1.33525912105631
ZNF805,4053,8,1.33507609351552
CCDC191,8107,16,1.33491141162413
SLC3A1,20269,40,1.33481262198885
RPAIN,4561,9,1.33467360949259
BTN3A1,8109,16,1.33458216969254
PLCL1,8109,16,1.33458216969254
TPRG1,49162,97,1.33454993308039
FOXP2,34973,69,1.33447007364349
TTC33,4055,8,1.3344176096223
KLHL5,16729,33,1.33424810532315
ELF1,12674,25,1.33419387304186
DCTN6,4056,8,1.33408861119783
NOP10,4056,8,1.33408861119783
SLC35E3,8113,16,1.33392417281361
ADNP,14705,29,1.3339071642599
TMEM182,12677,25,1.33387813733001
M1AP,17751,35,1.33363767707203
DSG2,8622,17,1.33362441891836
AZI2,18267,36,1.33299312046767
FCRL5,18781,37,1.33252586430223
GRIA2,34019,67,1.33212781192214
IRAK3,4062,8,1.33211802240729
VPS37D,4062,8,1.33211802240729
FBXW7,33514,66,1.33201865214245
CEP192,38592,76,1.33201446845654
ADCY10,8126,16,1.33179015678524
NUDT2,4063,8,1.33179015678524
RNF20,8126,16,1.33179015678524
TMEM33,8126,16,1.33179015678524
CDC14A,21331,42,1.33177454816214
MPHOSPH10,12190,24,1.33168090410625
CCT5,12699,25,1.3315673003333
LRRTM2,4064,8,1.33146245251437
POLR3F,5080,10,1.33146245251437
LRIG3,23880,47,1.33123942697794
DLST,11178,22,1.33122422341212
RAB42,4065,8,1.33113490947563
SGMS2,9655,19,1.33104874072178
ATP6V1G1,8133,16,1.33064389696752
GATC,8133,16,1.33064389696752
CDKL4,4068,8,1.33015324656303
ZNF704,20342,40,1.33002246755934
LONP2,20851,41,1.32999376341515
RAPGEF2,41194,81,1.32997565169834
RFPL3S,16280,32,1.32949960860403
LAMC1,23408,46,1.3291872261772
FHL5,4580,9,1.32913675390736
PRAMEF26,6107,12,1.32906420673451
PARP2,13233,26,1.3289470318756
GLG1,28505,56,1.32879999470721
PRDM5,20361,40,1.3287813484157
DCAF7,14762,29,1.3287565946648
CASK,42250,83,1.32875225675304
ZNF69,4073,8,1.32852035527091
ZNF615,8149,16,1.32803126936272
ARL6IP6,13752,27,1.32797694871198
RUFY3,33107,65,1.32796357815642
BRIX1,4075,8,1.32786832074072
SMAP2,20376,40,1.32780315248783
AMACR,4076,8,1.32754254342944
TIMM8B,4076,8,1.32754254342944
TMCC1,24966,49,1.32751595642024
GOLGA4,12233,24,1.32699993632431
RASA2,12233,24,1.32699993632431
ATXN2,41802,82,1.3268121123855
AMDHD1,11725,23,1.32680659233927
RPUSD4,9180,18,1.32624103113196
RSU1,4080,8,1.32624103113196
NSUN3,4081,8,1.32591605170753
MECR,25511,50,1.32566917384129
CLINT1,17348,34,1.32562943738922
FH,11226,22,1.32553219038844
PLSCR1,16335,32,1.32502317894543
EPDR1,8680,17,1.32471310367674
R3HDM2,28086,55,1.32454108535397
COL4A4,12260,24,1.3240775057957
COPS5,15325,30,1.3240775057957
EPHA7,24015,47,1.32375588241654
PCDH11Y,8176,16,1.3236456475094
BCAS1,16866,33,1.32341020715943
CLRN1,8178,16,1.3233219386203
ESCO1,8180,16,1.32299838802406
DOCK5,32737,64,1.322311368059
SPOP,24555,48,1.32219020330322
FBXL13,20465,40,1.32202868483225
CCDC148,8187,16,1.32186720581859
RSBN1,8187,16,1.32186720581859
CTNNA2,49635,97,1.32183225163893
POU2F1,28144,55,1.32181143132645
PRMT3,8189,16,1.32154436610536
OPHN1,28150,55,1.32152969531977
PTPRR,20473,40,1.32151209080702
TTC6,20986,41,1.3214380997317
FMO1,16380,32,1.3213830053769
DCTN5,5121,10,1.32080243287893
DNAJC6,24070,47,1.32073109747541
TRIM24,12806,25,1.32044144517668
SLC28A3,4099,8,1.32009353672077
MED6,14860,29,1.31999359693417
MEI4,10765,21,1.31946506673696
RBM42,4101,8,1.31944974567628
RAD54L2,11792,23,1.31926791851916
EIF2AK3,37941,74,1.31921500526924
SHMT1,8204,16,1.31912808557251
RYR2,20000,39,1.31894670546074
TAB3,20000,39,1.31894670546074
SORBS2,51284,100,1.31889658739042
COQ9,13334,26,1.31888076142267
GIT2,28209,55,1.31876567489991
NCOA7,24106,47,1.31875871219751
ST7L,23595,46,1.3186528752005
USP39,29753,58,1.31852954999104
TSC22D2,14881,29,1.31813082793104
SRPK2,32844,64,1.31800350919947
DSG4,4106,8,1.31784301193824
GLUD1,34388,67,1.31783343124867
WWC2,28235,55,1.31755129885786
KDM5B,47234,92,1.31742450736147
MFSD1,26187,51,1.3172768633193
UTS2B,13356,26,1.31670830134845
HNRNPR,9763,19,1.31632444859866
ZNF701,12847,25,1.31622737969429
SESN1,20042,39,1.31618272174507
SH3BGR,17473,34,1.31614602414172
PDE11A,36491,71,1.31602827374663
PHF20,25184,49,1.31602459370981
TAF7L,9252,18,1.31592008925545
BUB1,24676,48,1.31570677752109
CCDC59,6684,13,1.31552633698458
RAB3C,12854,25,1.31551059179497
CEBPZ,8227,16,1.31544023508409
IL21,6172,12,1.31506725705243
CRTAM,10288,20,1.31489682324514
PPBP,4116,8,1.31464125534947
LIMCH1,26779,52,1.31341394919974
PSMA4,8240,16,1.31336490461612
CYP51A1,28326,55,1.31331853856004
ZC3HAV1,12366,24,1.31272765818011
VCPKMT,4123,8,1.31240926680049
ALCAM,26801,52,1.31233581379873
MAN1A2,16494,32,1.31225012902108
LYRM4,16495,32,1.31217057460283
ZNF780B,4125,8,1.31177294715598
ALG1,8767,17,1.31156721112286
NPIPA1,12377,24,1.31156097770504
NFAT5,18053,35,1.31132789041741
RBFOX2,32501,63,1.31110194548691
CRCP,8255,16,1.31097841478338
SHC4,8773,17,1.31067020858476
LAMA4,35610,69,1.31059876117759
TBX19,16000,31,1.31049191888727
SLC52A3,10840,21,1.31033592651507
SRRM1,27876,54,1.31025534500554
ANKEF1,4130,8,1.31018484431439
URGCP,18072,35,1.30994922563665
MKRN2,12393,24,1.30986768506861
CHODL,17042,33,1.30974278570303
FANCC,38235,74,1.30907117863006
C1QA,5685,11,1.3087444476078
PLA2G1B,5686,11,1.30851427798986
COG4,20161,39,1.30841397297826
TMTC1,21713,42,1.30834444281521
ZEB1,15515,30,1.30786257017848
GPR85,5689,11,1.30782425464059
VMP1,12934,25,1.30737383229724
GLRB,8278,16,1.30733592824799
CREBZF,9315,18,1.30702014662281
CYSLTR1,4140,8,1.30702014662281
MBD4,8802,17,1.3063519359139
GSTO2,16575,32,1.3058373229607
ITGB6,16061,31,1.30551464430586
CDYL,27471,53,1.30495049585006
NEU3,4665,9,1.3049188280591
UFM1,4147,8,1.30481393947876
CASP6,11924,23,1.30466347661673
CEP97,9332,18,1.30463916264375
HNRNPU,12963,25,1.3044490586232
PRKG2,8297,16,1.30434214945605
KIAA1328,16077,31,1.30421538235967
FABP6,14529,28,1.30351172995832
TC2N,16086,31,1.30348568333932
GSAP,28025,54,1.30328913460747
EDAR,4152,8,1.30324263174817
ASPN,4153,8,1.30292882422789
IZUMO2,4154,8,1.30261516779452
STAMBP,19217,37,1.30229319131291
ALG9,39478,76,1.30212022814415
FGD6,16103,31,1.30210958841187
FAR2,24416,47,1.30201497035686
PPP6C,4156,8,1.30198830775227
THOC5,25980,50,1.3017377326353
DPP10,29099,56,1.30167510392553
TRMT61B,12473,24,1.30146638507618
VIPAS39,13520,26,1.30073639591789
BYSL,8321,16,1.30058007619719
SKP2,16126,31,1.3002524309932
SART3,30178,58,1.29996055738894
EHD2,11448,22,1.29982742569013
PIH1D2,5205,10,1.29948688929357
RNF144B,4164,8,1.29948688929357
UTP15,8330,16,1.29917488763948
VCAN,20307,39,1.29900694879671
CCDC146,24474,47,1.29892937469287
ATRAID,8333,16,1.29870716597106
UNC80,21878,42,1.29847714081939
PDK1,17192,33,1.29831529513442
USP47,23969,46,1.29807729109917
PAIP1,9380,18,1.29796297076668
FMN1,32312,62,1.29783799840284
EDC3,16678,32,1.29777273222651
SHQ1,18243,35,1.29767047117829
INSR,18776,36,1.29685690943667
LEUTX,6259,12,1.29678784319023
AQP8,5216,10,1.29674640697336
DSCAM,12000,23,1.2964006079315
GMPS,12000,23,1.2964006079315
GOLGA5,12000,23,1.2964006079315
HMGCS2,12000,23,1.2964006079315
PDCD7,12000,23,1.2964006079315
SLC16A10,12000,23,1.2964006079315
UBAP1L,12000,23,1.2964006079315
PRR14L,13566,26,1.29632581990342
SETD2,39663,76,1.29604675306142
UBE3C,20355,39,1.29594370470227
ING3,8353,16,1.29559760733112
ADGRF1,20885,40,1.29544252023424
ATP11C,24019,46,1.2953751026419
RAP1A,12012,23,1.29510550242907
HEXB,22987,44,1.29468172178193
IL3RA,8360,16,1.29451277679866
LRRC7,12540,24,1.29451277679866
GMNC,12018,23,1.29445891955217
RSPH10B2,19334,37,1.29441234392574
NPM1,15157,29,1.29412844563184
TERF2,21430,41,1.29405972753007
DHCR24,4705,9,1.2938249379162
IGFL4,12024,23,1.29381298196756
MCEE,12025,23,1.29370538837239
PPARGC1A,40267,77,1.29340366286419
OTULIN,10982,21,1.29339295605749
DPH5,8368,16,1.29327519288203
PIR,10460,20,1.29327519288203
SEL1L3,26150,50,1.29327519288203
SLC35D2,12033,23,1.29284528340214
SAMD12,16219,31,1.29279676319109
DPYS,24069,46,1.29268414102605
ATG7,34014,65,1.2925527777393
FAM13A,38201,73,1.29253039420547
CEP85,17272,33,1.2923017921463
ACTR3B,12039,23,1.2922009548283
CREB3L2,12039,23,1.2922009548283
ATL1,24080,46,1.2920936291676
ERCC3,19369,37,1.29207332631835
DPM3,4188,8,1.29203997302254
LRRIQ4,4189,8,1.29173153664799
CFAP61,48188,92,1.29134284844177
DMGDH,12048,23,1.29123566527041
CD200R1,4191,8,1.29111510546848
NPSR1,4191,8,1.29111510546848
ARG1,11526,22,1.29103109225236
ATF7,14146,27,1.29098960827705
MTFR1,20960,40,1.29080711045287
MCOLN3,12054,23,1.29059293970283
FAM133A,4193,8,1.29049926234639
DEPDC1B,12056,23,1.29037884001144
ESCO2,16250,31,1.29033050475055
CAPRIN2,26212,50,1.29021617174825
CR1,4194,8,1.29019156104397
SPATS2,20970,40,1.29019156104397
FAM204A,12582,24,1.29019156104397
USP44,15204,29,1.29012791702458
IFIT3,13634,26,1.2898603544675
NFXL1,13644,26,1.28891498628041
NSMAF,26239,50,1.28888853591467
CBLB,20993,40,1.28877802291679
PMS2,9979,19,1.28783200638027
BCL2L13,16288,31,1.28732015607787
PCSK1,9983,19,1.28731599636069
FRS2,12085,23,1.2872823578964
WDR48,14188,27,1.28716795874592
SOX5,38887,74,1.28712259919563
NUP214,63588,121,1.28707199520591
GHR,23124,44,1.28701127567036
TSPAN3,12088,23,1.28696288014377
AMD1,17344,33,1.28693707068444
DTL,16293,31,1.28692510293969
ANK2,90959,173,1.2864504466493
RICTOR,17354,33,1.28619549118076
PTRHD1,5785,11,1.28612138023342
LRRC63,4208,8,1.28589909862605
TRIM35,8416,16,1.28589909862605
SNF8,12624,24,1.28589909862605
F11,16836,32,1.2855935868421
UHRF1,8945,17,1.28546783006307
AIDA,8947,17,1.28518047836304
HMCN1,20000,38,1.28512755916687
LDLR,13161,25,1.28482434062249
RGS4,7371,14,1.28467792189421
GABRA2,13691,26,1.28449025438681
AOX1,21064,40,1.28443396482587
ARHGEF33,22651,43,1.28402568596194
GART,24234,46,1.28388275110819
C1QBP,12645,24,1.28376356038397
USP24,20024,38,1.28358725446152
PPFIBP1,31617,60,1.28358084424955
SCARB2,27403,52,1.28350589882931
CCNB3,14232,27,1.28318851873856
METTL2B,14760,28,1.28311124150166
C4orf33,6853,13,1.28308449385742
ZNF16,6853,13,1.28308449385742
MTMR1,20560,39,1.28302208702407
KMT2E,20561,39,1.28295968626111
EXOSC10,21089,40,1.28291132984457
EIF5B,14238,27,1.2826477734715
SMARCE1,24258,46,1.28261252330596
RASSF6,4219,8,1.28254643446751
ACOX1,12657,24,1.28254643446751
BRD7,12657,24,1.28254643446751
TCTN2,8967,17,1.28231401136547
KCNK1,20049,38,1.28198669177203
AKNAD1,24276,46,1.28166150067375
CALCOCO2,20587,39,1.2813393942398
NDUFAF7,13728,26,1.28102826870701
PKD2,20593,39,1.28096606173043
ACAT2,8450,16,1.28072506674992
C1GALT1,12148,23,1.28060646157211
RPP30,13205,25,1.28054321445911
WLS,17433,33,1.28036692215631
MAB21L3,8455,16,1.2799676894189
SERPINB2,16912,32,1.27981632143293
TTI2,7400,14,1.27964337328138
ALKBH3,14272,27,1.27959213836093
PHF8,37532,71,1.27952647706726
CBFA2T2,20088,38,1.27949776898335
RSBN1L,15862,30,1.27925153047025
EXOSC8,12162,23,1.27913232159003
PGAM5,7934,15,1.27876782053939
C2CD5,33862,64,1.27838010915325
GPD2,22224,42,1.27826146899058
ABL2,16410,31,1.27774958575237
ATRNL1,22236,42,1.27757163549409
INTS7,19593,37,1.27730149836473
DDI2,12180,23,1.27724197825763
SPACA3,9004,17,1.27704461793804
COG8,12712,24,1.27699734275136
ZNF189,4238,8,1.27679646225069
C6,28607,54,1.27677414609621
MAP3K7,18542,35,1.27674481747954
PBRM1,17486,33,1.27648613484793
CRYBB2,8479,16,1.27634471211662
IQCK,18019,34,1.27626502468662
CD226,16960,32,1.27619419976849
MTHFD1L,23320,44,1.27619419976849
TULP4,19081,36,1.27612731678543
ZNF639,10603,20,1.27583311492465
DIS3,4242,8,1.27559250519057
SYNE2,74769,141,1.27552852851716
EXOC6,27587,52,1.27494516060535
TYW5,4245,8,1.27469102638832
VKORC1,6369,12,1.27439081653754
ARPP21,49898,94,1.27419926715432
ARHGAP18,10086,19,1.27416969974903
HTATIP2,8495,16,1.27394076680834
C2orf80,12744,24,1.27379082086121
AP2B1,28146,53,1.27365505121499
FBXO10,19652,37,1.2734667340454
RTF1,15935,30,1.2733911375161
CXCR2,9561,18,1.2733911375161
SLC38A11,16468,31,1.27324937467794
ZNF292,19128,36,1.27299170491337
SPATA7,14881,28,1.272678040761
LGR4,16476,31,1.27263114240085
ZNF146,8504,16,1.27259252281712
SPDYE16,6911,13,1.27231631260381
SERPINI1,16482,31,1.27216786204322
MTMR10,20213,38,1.27158517703149
ACVR2A,8512,16,1.27139647721297
ZNF74,8514,16,1.27109781701161
ATG13,26607,50,1.27106198721634
MGST2,4260,8,1.27020267770385
SLFN12L,12248,23,1.27015082423073
SENP2,21302,40,1.2700834210446
DDHD1,19714,37,1.26946171540328
TNIK,23444,44,1.26944415366837
RNFT1,10124,19,1.26938715840268
RASA1,9061,17,1.26901111796867
ARID4A,19190,36,1.26887886042641
SNTG1,22389,42,1.26884107762056
TRAPPC2,12264,23,1.26849374552984
CDK20,4266,8,1.26841617604745
BRAF,26133,49,1.2682341624761
ASIP,8000,15,1.26821798601994
CYP7B1,8000,15,1.26821798601994
FREM3,8000,15,1.26821798601994
GREM2,8000,15,1.26821798601994
P2RY8,16000,30,1.26821798601994
PTGFRN,8000,15,1.26821798601994
S100A11,8000,15,1.26821798601994
TMEM132D,8000,15,1.26821798601994
ZNF699,8000,15,1.26821798601994
ZPLD1,8000,15,1.26821798601994
KNSTRN,8534,16,1.26811891422977
ZNHIT3,9601,18,1.26808589373934
CA3,8001,15,1.26805947858512
SPATS2L,31475,59,1.26788221212902
DEPTOR,8005,15,1.2674258448669
SLC22A25,8005,15,1.2674258448669
TCTN1,26150,49,1.26740968902439
NLRP4,9607,18,1.2672939175384
ORC4,21350,40,1.26722796417293
NAALADL2,22426,42,1.26674765392164
OLFM3,16021,30,1.26655563175327
RIPK2,8011,15,1.26647658072145
MASTL,8546,16,1.2663382651576
TTC39C,19232,36,1.2661078063427
PCSK5,16029,30,1.26592349967678
MITD1,11223,21,1.2656189471107
THAP2,7482,14,1.2656189471107
NFX1,16033,30,1.26560767020015
SSX2,8017,15,1.26552873745285
ERBB4,20311,38,1.26544981455061
PEF1,8553,16,1.265301860638
OTUD4,14434,27,1.26523063590738
ANKRD45,8019,15,1.26521310489581
SHCBP1,16038,30,1.26521310489581
GPATCH8,16041,30,1.26497648378025
TRIM22,17111,32,1.26493212717396
ZNF627,8021,15,1.26489762974187
COA7,4279,8,1.2645626097262
ETNPPL,12303,23,1.26447267293977
EMCN,8024,15,1.26442471188429
COX15,8027,15,1.26395214752205
SMAD1,17661,33,1.26383763965523
ZNF365,5352,10,1.263794704554
ZNF518A,9634,18,1.26374223228061
ZNF649,8029,15,1.26363730080452
MGAM2,8031,15,1.26332261090269
RHBDL2,8031,15,1.26332261090269
RCAN3,16599,31,1.26320083753216
GRB2,16600,31,1.26312474109617
COA4,6426,12,1.26308669631616
IDO2,8037,15,1.26237948092068
KCNH7,8037,15,1.26237948092068
SMYD1,8037,15,1.26237948092068
BPIFC,8038,15,1.26222242947991
TMEM87A,13933,26,1.26218015307614
YPEL1,8039,15,1.26206541711152
UBAP1,8040,15,1.26190844380094
CFAP73,7506,14,1.26157220387453
PDLIM3,16085,30,1.26151618130675
KAT6A,18766,35,1.26150497739026
EDNRA,12332,23,1.26149913194761
MTFR2,8043,15,1.26143775807031
ZNF213,10727,20,1.26108497413499
CBLL1,5364,10,1.26096742333576
CD96,8047,15,1.26081072302219
WDR75,8047,15,1.26081072302219
PRKD3,24150,45,1.26034085567199
HELQ,8051,15,1.26018431103708
ZNF680,8053,15,1.25987133840302
SGCB,8054,15,1.25971491037491
RSPH10B,19330,36,1.25968884281339
MORN3,6981,13,1.25955852118678
ADIPOR2,18798,35,1.25935750642119
FBXL18,8057,15,1.25924585927262
ALG11,13433,25,1.25880839328017
AP3B1,24183,45,1.25862100088817
CSE1L,8066,15,1.25784079942469
GSTK1,8067,15,1.25768487519022
PDLIM5,24743,46,1.25747138949828
LAMP2,8069,15,1.25737314266446
ASCC3,8071,15,1.25706156463382
COPS2,8071,15,1.25706156463382
ZDHHC4,8071,15,1.25706156463382
KCNAB1,26368,49,1.2569312563709
ZNF565,9689,18,1.25656854843549
KCNU1,8075,15,1.2564388715987
SNX9,24229,45,1.25623144432204
WSB1,9155,17,1.25598140250291
PLS3,16695,31,1.25593714897852
GPM6A,42550,79,1.25579908682272
HGSNAT,20472,38,1.25549781083126
USP3,35050,65,1.25434779406632
CALCRL,4314,8,1.25430306143218
URI1,27505,51,1.25415485256289
CPSF2,9174,17,1.25338017657664
BBS12,8095,15,1.25333463720315
XRCC4,8095,15,1.25333463720315
GAR1,4318,8,1.25314113177823
CAMSAP2,13494,25,1.25311791514247
GABRA1,12416,23,1.25296450508843
LDLRAD2,8098,15,1.25287032454427
TDRD1,4320,8,1.25256097384686
RCOR3,24302,45,1.25245789089287
HSF2,8101,15,1.25240635577824
GSKIP,8105,15,1.25178826504127
CLTC,24857,46,1.25170433239554
MCF2,20536,38,1.25158507904838
MAT2B,13511,25,1.25154119953612
HSPA4L,9728,18,1.25153090725652
CSTF1,4324,8,1.25140226804311
DYRK1A,34593,64,1.25136609302886
CEP128,30271,56,1.25127824812953
PCCA,28112,52,1.25113517877133
MME,25409,47,1.25113139109108
C2orf68,4325,8,1.25111292647825
SLC22A16,12437,23,1.2508488618781
ERCC4,18926,35,1.25084024123986
ZNF619,4867,9,1.25075946843964
UBE2H,21633,40,1.25065025817464
PRMT2,17308,32,1.25053464456169
CHIA,8114,15,1.25039978902632
BZW2,12983,24,1.25034200270009
MLKL,14067,26,1.25015682610435
CENPA,8116,15,1.25009165699354
MOBP,8658,16,1.24995689697815
SYPL1,12447,23,1.24984392184285
CDNF,10285,19,1.24951634338053
CDON,31938,59,1.24950192957483
CLEC5A,8120,15,1.24947584829551
CEP57L1,12452,23,1.24934205711355
ITGA4,17330,32,1.24894712222006
UTP18,20582,38,1.24878783322017
CHAF1B,8668,16,1.24851486087181
PTP4A1,13545,25,1.24839964170783
SMAP1,9214,17,1.2479389776334
ZNF420,12476,23,1.24693870592962
SSX2B,8137,15,1.2468654157748
SUMO1,8137,15,1.2468654157748
TCF12,42314,78,1.24681826862101
SLC19A3,16820,31,1.24660349002356
CD44,39611,73,1.24652125896956
PSMA5,11396,21,1.24640588306628
GGH,16825,31,1.24623302836234
CRISPLD1,8143,15,1.24594668895487
TRIM40,4886,9,1.24589568827174
RHPN2,17373,32,1.24585584689309
CPA4,8145,15,1.24564074747201
MS4A14,8689,16,1.24549738911691
RIC1,20094,37,1.24545477542849
SULF1,28791,53,1.24512156825039
ANAPC4,21186,39,1.24511158827597
SPRTN,10323,19,1.24491674820001
SLC36A1,22276,41,1.24491380683109
FAM13B,21191,39,1.24481780516327
CDC73,13587,25,1.24454060108431
LYRM2,4348,8,1.24449480382208
DHX29,8154,15,1.24426586805979
C20orf96,4349,8,1.24420864727947
MED13L,58716,108,1.24411329100669
MGAT4D,8155,15,1.24411329100669
TPD52,22837,42,1.24394985711112
MPHOSPH8,17949,33,1.24355878065357
DIO2,16864,31,1.24335096668622
KIF6,20134,37,1.24298044389889
AKAP6,31564,58,1.24287826957558
TNKS,32120,59,1.24242193732132
DUT,11434,21,1.24226355111276
RNF24,8169,15,1.24198113455252
ANGPT1,19064,35,1.24178569060562
BOD1,9807,18,1.24144923685036
HERC1,31062,57,1.24118945254672
KBTBD12,9265,17,1.24106958876569
ANXA3,14173,26,1.24080689147039
CDH8,22350,41,1.24079194456239
ACADL,8724,16,1.24050055181532
AP1M2,8179,15,1.24046263457141
CLUL1,17449,32,1.24042945888439
THOC3,15272,28,1.24009441622345
BICC1,12000,22,1.24003536410839
GEMIN5,12000,22,1.24003536410839
GYS2,12000,22,1.24003536410839
SFRP4,12000,22,1.24003536410839
DDX1,8728,16,1.23993203643868
ANGPT2,4365,8,1.23964797411648
MED13,15825,29,1.23950109639442
MYBPC1,32199,59,1.23937366460949
ST7,33294,61,1.23924306116764
HEATR6,14737,27,1.23921686901589
HMBOX1,16921,31,1.23916262054231
SDHB,14192,26,1.23914572102662
KIF18A,12011,22,1.23889970604451
RBBP4,9282,17,1.23879656754085
SPIN3,12559,23,1.23869792938753
ZC3H14,24572,45,1.23869573760698
TBCCD1,14198,26,1.23862206457317
CAND1,12560,23,1.23859930694092
CNOT7,12561,23,1.23850070019727
MYO16,24030,44,1.23848725503959
EP300,39323,72,1.23845003339434
PNISR,13654,25,1.23843365657921
PLXDC2,8193,15,1.23834296206024
TJP2,54620,100,1.23834296206024
CATSPER2,11471,21,1.23825659867695
STS,8740,16,1.23822961259003
PDE12,12018,22,1.23817809696294
ANKRD17,21852,40,1.23811628386839
ABI1,8195,15,1.23804074291147
SGK3,21315,39,1.23757607831174
TRPM6,8747,16,1.23723868915478
RWDD4,7107,13,1.23722780869635
VAV3,32256,59,1.23718355117686
CACNB2,22419,41,1.23697310143046
ZNF320,18046,33,1.2368744627037
ALDH8A1,12031,22,1.23684019360823
LACTB,8750,16,1.23681449303278
DNAJC8,11485,21,1.23674718706342
PHLPP2,19692,36,1.23653185717971
NXPE1,12046,22,1.23530004726055
GDPD1,8215,15,1.23502664493725
GIN1,12049,22,1.23499247815592
SNRPE,6026,11,1.23468506217231
ZNF10,12052,22,1.23468506217231
ZNF800,12600,23,1.23466724564904
AGBL4,12054,22,1.23448020319401
SERPINE3,9316,17,1.23427541218486
MDGA2,24118,44,1.23396835303928
METTL8,18641,34,1.23367949572599
WAC,19193,35,1.23343940007844
YTHDC2,16452,30,1.23337513836124
MLLT10,33453,61,1.23335301702435
RIOK2,8229,15,1.23292549376103
CDKL2,8230,15,1.23277568507406
PCED1B,12073,22,1.23253742808752
MIER1,14817,27,1.23252608481387
CD86,12074,22,1.23243534614052
REL,14826,27,1.23177789010435
PARN,29666,54,1.23119658859888
MARK1,23076,42,1.2310661677434
CYB5B,12093,22,1.23049899688255
SLFN11,12094,22,1.23039725229871
ILF2,8796,16,1.23034638631615
WEE1,17044,31,1.23022005997397
CHMP2B,12099,22,1.22988878165969
TUBB8,8252,15,1.22948907999994
CFDP1,25311,46,1.22925268027166
DYNLRB2,6603,12,1.22922839777792
SLC39A9,9355,17,1.22912984926928
TMED5,8255,15,1.22904226385942
NBAS,44032,80,1.22889339730614
AGXT2,8807,16,1.22880967571668
GALNT3,19832,36,1.2278028101847
SNAPC3,4408,8,1.22755521937804
COL4A5,28104,51,1.22742418231364
RTCB,12124,22,1.22735271934185
PTEN,26453,48,1.22732319366841
BICD1,15431,28,1.22731656565125
KBTBD3,8820,16,1.22699850499284
C18orf54,12679,23,1.22697431147393
POLA2,18192,33,1.22694791963231
AKAP7,27018,49,1.2266919597301
NPHP1,27572,50,1.22657573965853
RAB11B,4412,8,1.22644229533509
PPP3CC,16546,30,1.22636817214548
CCDC38,16548,30,1.22621995264195
PKHD1L1,16000,29,1.22594405315261
WAPL,16000,29,1.22594405315261
SVEP1,12139,22,1.22583609599643
MYO1D,40842,74,1.22551139794624
GPBP1,25392,46,1.22533138745888
VAPB,12146,22,1.2251296203936
UGGT1,16011,29,1.22510179566809
LRBA,52457,95,1.22493428824263
STRADA,33138,60,1.22466580821529
TEX9,16021,29,1.22433711069482
ZFP64,20997,38,1.22410588099907
TMOD3,16025,29,1.22403150392772
WDFY3,40340,73,1.22399488321872
ZNF3,8845,16,1.22353044816697
SPOPL,12162,22,1.22351787282525
FNBP1L,12164,22,1.22331670250745
DMXL2,24881,45,1.22331223280731
DHRS7C,8295,15,1.22311559833147
RLN2,11613,21,1.22311559833147
ELMOD3,18804,34,1.22298550732973
MTDH,12721,23,1.22292329967596
PPP1R15B,8297,15,1.22282076511505
FILIP1,12171,22,1.22261312704795
DDX42,30984,56,1.22248398686835
DUSP12,6641,12,1.22219471623665
RIPK1,23799,43,1.2220877269097
CCZ1B,23253,42,1.22169538927651
VPS26A,12734,23,1.221674830782
RRM2B,12186,22,1.22110818720668
ZBTB20,55949,101,1.22101691743566
GPSM2,19944,36,1.22090780844278
ZNF212,8310,15,1.22090780844278
WDR59,50423,91,1.22068988863881
PHF20L1,29929,54,1.22037749331332
EYA3,16073,29,1.22037608725451
ACE2,21617,39,1.22028653879885
VPS45,12750,23,1.22014174864141
RAB9B,8870,16,1.22008194070314
PTK2,82048,148,1.2200745055314
CDH10,12198,22,1.21990690025419
AASDH,7209,13,1.2197222966299
LMOD3,4437,8,1.21953198265008
ARMC8,25516,46,1.21937664956717
UBA2,20524,37,1.21936115072404
EFCAB10,12204,22,1.21930714268278
TAF4B,4438,8,1.21925718950392
THSD1,8322,15,1.21914730691655
EPG5,28857,52,1.21883467254461
JAK2,8882,16,1.21843355258239
HYDIN,61633,111,1.21815431298786
PCMTD1,12216,22,1.21810939499842
OSCP1,18325,33,1.21804292245299
CPED1,21102,38,1.21801493618318
CD2AP,18881,34,1.21799795984473
RASSF8,28880,52,1.2178639939619
FUT8,31102,56,1.21784592145614
ADGRG6,23329,42,1.21771541372741
GOLGA1,20000,36,1.21748926657914
BOD1L1,13889,25,1.21747952674293
GLRX,7224,13,1.21718965066513
ITFG1,33344,60,1.21709979464486
UMPS,9449,17,1.21690229018035
AKAP10,16675,30,1.21688082616606
VPS37A,14456,26,1.21651605373615
RIC8B,16125,29,1.21644061088011
B3GALNT1,11677,21,1.21641187320573
SMG1,43930,79,1.21634990084923
SDCCAG8,33925,61,1.21619332287444
UBE2D2,21137,38,1.21599806894722
PKIG,16131,29,1.21598815017307
PPARG,47286,85,1.21584715771202
PARD3,20029,36,1.21572646320749
BUB1B,17804,32,1.2156961148098
PNLIPRP1,11684,21,1.21568310881747
CLIP1,44514,80,1.21558687312271
CASP8,20035,36,1.21536238240993
MOB3B,12244,22,1.21532378057013
FRRS1L,12246,22,1.21512529554962
CSDE1,21154,38,1.21502085578791
ESR2,18371,33,1.21499300821681
IL18R1,12249,22,1.21482768955022
ZSCAN9,6126,11,1.21453022929323
SLC45A2,4456,8,1.21433200337038
EXT2,28976,52,1.21382910497031
ABCB4,20618,37,1.21380193313901
BTBD9,8359,15,1.21375091376475
EIF2AK4,25078,45,1.21370251473318
MEF2C,56856,102,1.21343496622142
CCDC77,16171,29,1.21298032591935
ENY2,10041,18,1.21251794301279
TTC29,12834,23,1.21215578114212
DNAJC1,8370,15,1.21215578114212
ZFY,8370,15,1.21215578114212
ZNF175,10045,18,1.21203510859049
BLMH,16187,29,1.21178135852485
ABCB11,17862,32,1.21174860755087
ZNF133,12281,22,1.21166227255929
LPCAT2,27367,49,1.21104846596221
SLC17A1,9495,17,1.21100681831639
CHEK1,5586,10,1.21085378782188
PLAUR,15085,27,1.21062903537866
COG2,13968,25,1.21059372472312
RARB,35762,64,1.21046102723973
FAM185A,4471,8,1.21025797517746
FABP4,7266,13,1.21015387233759
SSBP2,25152,45,1.21013166604956
CCDC81,16214,29,1.20976346678437
TMEM243,15096,27,1.20974688650551
USP54,38023,68,1.20963729741621
NLN,24052,43,1.20923273793131
CEP83,39162,70,1.20899864183165
SGK1,26296,47,1.20892902024008
SNRPN,16226,29,1.20886878161234
ZNF444,20145,36,1.20872600305698
SCN3A,20148,36,1.20854602598684
TNRC6A,38063,68,1.20836610250523
ABI2,24071,43,1.20827825236691
TPD52L1,26872,48,1.20818623258821
C2CD3,37514,67,1.20801983349627
SIDT1,29678,53,1.2079080487734
TCTN3,8400,15,1.20782665335233
PHIP,21841,39,1.20777135246622
FBXL17,12322,22,1.20763060942222
SKAP2,23536,42,1.20700556113387
RFX3,24100,43,1.20682430758191
SEL1L2,25221,45,1.20682096921132
ARHGAP21,32508,58,1.20678632031757
ZNF644,16815,30,1.20674919871062
ZNF621,8410,15,1.20639047421635
SLAIN1,15140,27,1.20623110955662
ATP6V1H,38135,68,1.20608467181478
ECSIT,17946,32,1.20607676518855
CDC123,16267,29,1.20582190019314
NFKB1,43194,77,1.20575740363366
THADA,51622,92,1.20544010655751
PRDX3,11784,21,1.2053667212681
GRID2,24691,44,1.2053318512252
COL11A1,24694,44,1.20518541907351
ACSL4,20205,36,1.20513661626245
FAM76B,15156,27,1.20495770643225
NUP107,15720,28,1.20475330308934
POLR3C,16843,30,1.20474308474257
IL7,10107,18,1.20460004608602
ITM2B,11796,21,1.20414050893721
HNMT,4494,8,1.20406395349764
PPP1CC,18540,33,1.20391782923144
LRRC66,6743,12,1.20370682345063
SLK,10679,19,1.20341563738821
GPN3,12943,23,1.20194756201638
DOCK10,43899,78,1.20180113939793
SRPRB,13509,24,1.20165742993969
RAN,5066,9,1.20162777988467
ITK,20828,37,1.20156367665931
CPNE8,25895,46,1.20152981619447
WDR20,24213,43,1.2011921617612
UTS2,8447,15,1.20110617830704
CLEC1B,10137,18,1.20103508590228
PHLPP1,19151,34,1.20082603936235
RBBP6,17464,31,1.20063391560904
FBXL3,11273,20,1.20000519094705
STPG1,22547,40,1.19995196855866
KLRG1,18605,33,1.19971172018011
SSX3,8460,15,1.19926050687465
SSR3,10152,18,1.19926050687465
PCGF6,6205,11,1.19906723362616
TCN1,11854,21,1.19824881419127
FKBP1A,9597,17,1.19813584869377
VEPH1,40085,71,1.19803387145537
GTSF1,16386,29,1.1970648633249
GBP3,9607,17,1.19688869989738
HS2ST1,9045,16,1.19647615412237
RNF149,16396,29,1.19633476765319
CCP110,14700,26,1.19632354236802
B4GALT4,11875,21,1.19612980576197
PLCB4,32233,57,1.19609799816977
CSNK2A1,31116,55,1.1955605130239
NFE2L2,32248,57,1.19554163901657
EIF4G2,13579,24,1.19546286332243
UBAC2,22067,39,1.19540191730705
TCAF2,27727,49,1.19532453449662
CHPT1,13018,23,1.19502283723905
KLHL28,9058,16,1.19475897704094
TEKT1,10193,18,1.19443663943799
GEMIN8,14724,26,1.19437354474395
METTL4,11896,21,1.19401827870068
GRIA4,13597,24,1.19388028396376
EEF1E1,8502,15,1.19333614304393
GATM,21541,38,1.19319210729945
CNOT4,12478,22,1.19253280728487
ITGA1,17018,30,1.1923544350875
HACD3,13049,23,1.19218386812614
PEX5L,24397,43,1.19213287751461
ECD,5107,9,1.19198087583625
ITCH,16458,29,1.19182797730233
GRIP1,45411,80,1.19157547885279
DOCK4,44302,78,1.19086876932034
THUMPD2,15916,28,1.1899171855092
RBM41,11369,20,1.18987232980438
RNF217,22172,39,1.18974084923393
RRM1,22176,39,1.18952624951365
SRGAP1,21042,37,1.18934361075279
UBE4B,28442,50,1.18905654644065
PPHLN1,24464,43,1.18886796160579
ZNF211,6830,12,1.18837410110214
SGIP1,42121,74,1.18829886552837
WDR70,14233,25,1.18805403969174
NUCB2,26189,46,1.18804133759807
TMEM123,11387,20,1.18799143914517
TYW1,9680,17,1.18786257643741
ZNF382,9681,17,1.18773987603699
SUPT3H,12530,22,1.18758374854754
DENND1B,17089,30,1.18740053697227
GPR89A,17663,31,1.18710698648001
RMDN2,25641,45,1.18705322196789
SS18,17670,31,1.18663671206544
PARD3B,20525,36,1.18634764100282
RSRC1,20532,36,1.18594317804319
PDCD10,19963,35,1.18586396862724
NAP1L1,21677,38,1.1857061024744
ROPN1L,8557,15,1.18566599137075
VGLL1,11980,21,1.18564619728075
ZBTB8OS,10842,19,1.18532333440959
NKRF,8560,15,1.18525045422424
TSTD2,13696,24,1.18525045422424
PLCB1,67356,118,1.184945442923
ELSPBP1,11989,21,1.18475614675314
NIP7,6280,11,1.18474716316088
NEO1,29126,51,1.18435518848254
DNPH1,6854,12,1.18421288452402
LDHB,16565,29,1.18412948085975
CCNY,20567,36,1.18392499302683
ANKS4B,4000,7,1.18367012028528
APOOL,4000,7,1.18367012028528
BLID,4000,7,1.18367012028528
BLOC1S4,4000,7,1.18367012028528
BSPH1,4000,7,1.18367012028528
C1GALT1C1L,4000,7,1.18367012028528
C6orf118,12000,21,1.18367012028528
CCDC28A,4000,7,1.18367012028528
CCDC89,4000,7,1.18367012028528
CD69,4000,7,1.18367012028528
CFAP126,4000,7,1.18367012028528
CHMP4C,4000,7,1.18367012028528
COX8A,4000,7,1.18367012028528
CT55,4000,7,1.18367012028528
DEFB103B,4000,7,1.18367012028528
DSG1,8000,14,1.18367012028528
EID2,4000,7,1.18367012028528
FABP2,4000,7,1.18367012028528
FBXO47,4000,7,1.18367012028528
FCN1,4000,7,1.18367012028528
FOXD4,4000,7,1.18367012028528
GRIN3A,8000,14,1.18367012028528
HCRTR2,8000,14,1.18367012028528
HLA-DQA2,4000,7,1.18367012028528
IBSP,4000,7,1.18367012028528
IER3,4000,7,1.18367012028528
IMP3,4000,7,1.18367012028528
KCTD18,8000,14,1.18367012028528
KLHL11,4000,7,1.18367012028528
KRTAP5-11,4000,7,1.18367012028528
LMBRD2,12000,21,1.18367012028528
MIS18A,8000,14,1.18367012028528
MOCS3,4000,7,1.18367012028528
MPEG1,4000,7,1.18367012028528
MRGPRX4,4000,7,1.18367012028528
MUC21,4000,7,1.18367012028528
NAP1L3,4000,7,1.18367012028528
NLRP5,8000,14,1.18367012028528
NUDT15,4000,7,1.18367012028528
NUFIP1,4000,7,1.18367012028528
OCSTAMP,4000,7,1.18367012028528
PCDHB10,4000,7,1.18367012028528
PGAM4,4000,7,1.18367012028528
PGBD4,4000,7,1.18367012028528
PGLYRP1,4000,7,1.18367012028528
POTEF,8000,14,1.18367012028528
PRAMEF15,4000,7,1.18367012028528
PTH2R,12000,21,1.18367012028528
RNASE3,4000,7,1.18367012028528
RTP1,4000,7,1.18367012028528
SLC17A5,8000,14,1.18367012028528
SLC1A1,12000,21,1.18367012028528
SLC25A31,4000,7,1.18367012028528
SMCO3,4000,7,1.18367012028528
SMU1,4000,7,1.18367012028528
SPATA12,4000,7,1.18367012028528
SPINK4,8000,14,1.18367012028528
SPRYD4,4000,7,1.18367012028528
SRRM5,4000,7,1.18367012028528
SSTR1,4000,7,1.18367012028528
TADA1,8000,14,1.18367012028528
TAF1L,4000,7,1.18367012028528
TDRD15,4000,7,1.18367012028528
TMEM160,4000,7,1.18367012028528
TNFSF15,4000,7,1.18367012028528
TNNI3K,8000,14,1.18367012028528
TUBAL3,4000,7,1.18367012028528
UTP14C,4000,7,1.18367012028528
VNN1,4000,7,1.18367012028528
WFDC13,4000,7,1.18367012028528
WHAMM,8000,14,1.18367012028528
ZFP14,8000,14,1.18367012028528
ZNF165,4000,7,1.18367012028528
ZNF22,4000,7,1.18367012028528
ZNF416,4000,7,1.18367012028528
NEK11,26859,47,1.1835882764151
KPNA6,12002,21,1.18347287480614
BMX,16004,28,1.1833742767161
LEO1,8002,14,1.1833742767161
TNFRSF11B,8002,14,1.1833742767161
SLC9A6,30866,54,1.18333046061603
TTC13,15436,27,1.18310047931376
ARHGAP19-SLIT1,4002,7,1.18307858099478
BCO1,4002,7,1.18307858099478
TANC2,32018,56,1.18300468015269
ATP8A1,32028,56,1.18263531438519
EI24,8579,15,1.18262546778873
SLC22A9,4004,7,1.18248763265263
ASXL2,20021,35,1.18242857028648
ACSL3,26890,47,1.18222378267881
AADACL3,4005,7,1.18219237981052
GHRH,4005,7,1.18219237981052
GPR137C,8583,15,1.18207431995334
ZNF66,4006,7,1.18189727437372
SLC19A2,8013,14,1.18174977689782
ALG5,17171,30,1.1817301133492
ZNF611,9158,16,1.18171290828094
MYL1,8014,14,1.18160231623187
TMEM202,4007,7,1.18160231623187
CEP76,15458,27,1.18141667736364
ING4,11452,20,1.18124856073577
PGGT1B,12026,21,1.18111104635152
FBXO16,24054,42,1.18101284139215
TYR,8018,14,1.18101284139215
ZNF124,8018,14,1.18101284139215
KLHL2,20047,35,1.18089501699534
MAGOH,8019,14,1.18086556456943
ZNF766,8019,14,1.18086556456943
CHRNB3,4010,7,1.18071832447409
ASB9,12604,22,1.18061126382899
IL18,8022,14,1.18042395441065
METTL2A,8022,14,1.18042395441065
RP9,8022,14,1.18042395441065
TMTC3,4011,7,1.18042395441065
TRIM61,4011,7,1.18042395441065
ZNF671,4011,7,1.18042395441065
ZNF831,8023,14,1.18027682441509
RPAP2,8026,14,1.17983565440845
ZNF35,4013,7,1.17983565440845
C1D,8027,14,1.17968867102058
HMHB1,4014,7,1.1795417242504
ZNF486,4014,7,1.1795417242504
ATP2C1,37274,65,1.17950555835233
DNM3,16057,28,1.17946826459267
GPR171,4015,7,1.17924794050837
BAG2,4589,8,1.17913780933066
HABP4,8032,14,1.17895430307299
ZSCAN12,4016,7,1.17895430307299
PPM1B,13772,24,1.17870971689335
C18orf32,4018,7,1.1783674666852
CPA2,4018,7,1.1783674666852
EXOG,8611,15,1.17823062224591
NAA11,4593,8,1.1781109094314
SSR1,12057,21,1.17807426751458
CCT6B,12058,21,1.1779765668787
CCDC141,16078,28,1.17792772263742
SOS1,40777,71,1.177702816227
PECR,13210,23,1.17765384520651
NEB,56863,99,1.17760071860178
SSX2IP,16086,28,1.17734190753229
CDC40,10916,19,1.17728798018219
FAM174A,8044,14,1.17719554478894
LPAR4,4022,7,1.17719554478894
WIF1,8619,15,1.17713700988044
MTRF1L,12067,21,1.17709798984199
ASAH2,18963,33,1.17706251932452
NPHP3-ACAD11,8045,14,1.1770492184316
NRF1,8046,14,1.17690292844671
NUDT5,12069,21,1.17690292844671
EIF2AK1,14949,26,1.17639682071107
TMEM106B,8626,15,1.17618176306046
TMEM161B,16677,29,1.17617706124853
ERICH6,8051,14,1.17617202363461
SNW1,8052,14,1.17602595159988
DPY19L3,17255,30,1.17597726898401
STK38L,20708,36,1.17586369188637
TMA7,4027,7,1.17573391634992
ALG10,4028,7,1.17544202610256
STOML3,4028,7,1.17544202610256
CCNB1,10935,19,1.17524239521433
CNTLN,8058,14,1.17515028074984
NEIL3,4029,7,1.17515028074984
GSTA5,4030,7,1.1748586801839
HLA-DQA1,4030,7,1.1748586801839
SUZ12,8060,14,1.1748586801839
TTC39B,20152,35,1.17474208047368
MPP4,8637,15,1.17468378929716
NDUFS5,4032,7,1.17427591298143
FGF12,16129,28,1.17420310772921
TRMT13,8065,14,1.17413031150431
VAMP7,8066,14,1.17398474612971
NME9,12100,21,1.17388772259697
TTLL2,4034,7,1.17369372363439
HEATR4,20749,36,1.1735401865913
XPNPEP3,8071,14,1.17325746032489
AGTPBP1,24792,43,1.17313915023895
NXPE4,4036,7,1.17311211128372
CCDC110,8649,15,1.17305398175044
RDH16,5766,10,1.17305398175044
FAP,27101,47,1.17301935412838
ARL17A,8073,14,1.17296679825124
CD2,4037,7,1.17282152121405
PPP2R2B,24225,42,1.17267628015879
AGK,20188,35,1.17264723626439
PINX1,12113,21,1.17262787446738
FN1,38649,67,1.17254407704673
ALG14,8077,14,1.1723859059406
SPC25,9231,16,1.1723677623266
COX18,4039,7,1.17224077275096
ZNF215,12118,21,1.1721440372523
SLC25A36,19620,34,1.17212127827871
GINM1,8081,14,1.17180558869969
PRH1,17895,31,1.17171671987686
SLC30A6,4041,7,1.17166059914405
TTC32,7506,13,1.17145990359778
PROSER1,24828,43,1.17143812682149
ITIH2,8084,14,1.17137072764501
WFDC8,4042,7,1.17137072764501
GLOD4,12126,21,1.17137072764501
ABHD10,4043,7,1.17108099954022
MIA3,25422,44,1.1706729894816
HERPUD1,13869,24,1.1704658029458
TOR1B,5201,9,1.17043767215838
EIF2B3,12136,21,1.17040552434273
ERICH5,4046,7,1.1702126745282
KDSR,16186,28,1.17006807886843
ALMS1,43359,75,1.16996977422906
CGA,4047,7,1.16992351893776
ZNF330,4047,7,1.16992351893776
MYBL1,8673,15,1.16980789670927
ARPC2,28917,50,1.16952471881126
CEBPG,4627,8,1.16945394575717
RBBP5,4049,7,1.16934563624132
CD53,17356,30,1.16913388893288
CHP1,8680,15,1.16886450324419
SLTM,24306,42,1.16876832415234
ASZ1,4630,8,1.16869620021996
QKI,26625,46,1.16858646348755
ARHGEF28,37044,64,1.16857000475508
GNRHR,4053,7,1.16819158182608
SPATA2,5790,10,1.16819158182608
TMOD2,9843,17,1.16819158182608
RNLS,5212,9,1.16796744683341
SLC9C2,13320,23,1.16792847561396
TEX15,13900,24,1.16785541158671
ZNF879,4634,8,1.16768739901131
ZNF25,4055,7,1.16761540841951
ZNF304,4055,7,1.16761540841951
COG3,12166,21,1.16751943477095
ZNF607,4636,8,1.16718365121191
TAF1,36509,63,1.16716766633625
STT3A,26078,45,1.16716127250857
FREM1,22022,38,1.16713065041038
AP3S2,23766,41,1.16686442653242
TAB2,20290,35,1.16675221319397
GORASP2,12755,22,1.16663460363
RNMT,16814,29,1.16659360357094
ATF2,16238,28,1.16632109401185
NSMCE2,16239,28,1.16624927178795
KDM4C,46400,80,1.16617745840914
FKBP15,12183,21,1.16589029331227
TSEN2,12184,21,1.16579460303869
SACS,17987,31,1.16572361717887
MIS12,4642,8,1.16567501228316
DTWD1,4062,7,1.16560326960638
VNN2,8126,14,1.16531638718708
ARHGAP15,40056,69,1.16512936602591
MYCT1,4064,7,1.16502964595008
C3orf38,4645,8,1.16492215436349
SPO11,8131,14,1.16459979858347
CHAMP1,4066,7,1.16445658660627
GLYATL1,19750,34,1.16440604961156
GPR158,12199,21,1.16436113152089
PTPN11,24398,42,1.16436113152089
LYAR,8133,14,1.16431340984658
DIO1,6972,12,1.1641702682914
EXO1,14525,25,1.1641702682914
GIMAP4,4067,7,1.1641702682914
PDE1A,12782,22,1.1641702682914
CUL4B,37188,64,1.16404504829911
MEMO1,16855,29,1.16375584992238
C14orf93,11043,19,1.1637485820582
PAPSS1,12211,21,1.16321688996997
HDDC2,8141,14,1.16316926204179
HTR3D,7560,13,1.16309233285779
SLC25A17,8144,14,1.16274078613485
RTCA,4073,7,1.16245531086205
FDFT1,22116,38,1.1621699757342
VPS29,9894,17,1.1621699757342
BRWD1,28524,49,1.1619255142332
NOX1,8150,14,1.16188478064813
ACSM5,12230,21,1.16140976642873
FAHD2B,4078,7,1.16103003461038
SRR,11653,20,1.16087346756595
OPA1,40210,69,1.1606670451513
XIAP,8742,15,1.16057468407224
PPIL3,15155,26,1.16040620737775
ECM2,4665,8,1.15992784716365
IER3IP1,4083,7,1.15960824911612
NCEH1,8166,14,1.15960824911612
TXNDC8,4083,7,1.15960824911612
DNAL1,8167,14,1.15946626206468
USP40,30342,52,1.15918239224902
YAF2,12837,22,1.15918239224902
BEST3,12256,21,1.1589459402271
LRP2BP,8171,14,1.1588986613979
TDG,8171,14,1.1588986613979
NUGGC,4086,7,1.15875684805216
MAP2K5,34443,59,1.158627083203
OASL,12266,21,1.15800109599082
STK3,42055,72,1.15799716236276
SYNJ2BP-COX16,4090,7,1.15762358952105
ANKRD44,24541,42,1.15757641851786
TYW3,17530,30,1.15752925135876
EDRF1,22790,39,1.15747846025515
IFI16,21040,36,1.15730918876344
AKT3,33899,58,1.15726746219309
AFG3L2,21626,37,1.15722594365394
DHX8,12275,21,1.15715205241738
SMURF2,13445,23,1.15707008517501
NDUFC2-KCTD14,4092,7,1.1570577910902
RPE,4092,7,1.1570577910902
SNRPA1,11695,20,1.15670444784489
KCNT2,12866,22,1.15656959189341
C1orf50,9942,17,1.15655901628587
CHURC1,4094,7,1.15649254546681
TOR1AIP1,9943,17,1.1564426973664
PGK1,18133,31,1.15633765522508
SPINK13,4680,8,1.15621012970479
SULT6B1,9946,17,1.15609388094854
DNAJC24,16967,29,1.1560738404221
AGBL3,4096,7,1.15592785184109
HDAC2,19311,33,1.15585089088866
SLC25A14,16392,28,1.15536370940486
SCAI,15808,27,1.15525929900602
MTMR8,12882,22,1.15513308254158
MFAP3,4099,7,1.15508184463067
REV3L,32796,56,1.15494096381049
ZNF546,8200,14,1.15480011735149
LIAS,12888,22,1.15459531108788
DPPA4,10545,18,1.15456544957719
LRRC31,4102,7,1.15423707487594
KLHDC2,14065,24,1.1541550103843
LYPLAL1,21110,36,1.15347159315883
XIRP2,14660,25,1.15344973717139
CCR2,7625,13,1.15317744739737
EYA4,34021,58,1.15311747746637
TDRD12,12320,21,1.15292544183631
PLSCR5,4107,7,1.15283186782107
RALA,12321,21,1.15283186782107
KIAA1143,4108,7,1.15255123688927
UBR7,14675,25,1.15227074255077
FANCD2,31112,53,1.15223370633508
REXO2,13502,23,1.15218540180551
TUBD1,12328,21,1.15217727477477
ADGRL2,44622,76,1.15201251325971
SPIDR,53450,91,1.15155933124106
FAM124B,4113,7,1.15115012913715
ZCWPW2,16457,28,1.15080038430847
CCZ1,15871,27,1.15067349245083
ZNF391,8233,14,1.15017137887553
MANBA,17057,29,1.14997390223614
STARD4,4119,7,1.14947328991044
AKIRIN2,4708,8,1.14933377379321
DGKB,24718,42,1.14928727594654
PPP1R2,12359,21,1.14928727594654
BNIP3L,12361,21,1.14910132217647
USP6NL,12361,21,1.14910132217647
PEX11A,4121,7,1.14891542857101
CWH43,12364,21,1.14882250432088
CD28,4122,7,1.1486367009076
ICA1L,15904,27,1.14828590283496
TEX10,12371,21,1.14817245521165
SETX,20034,34,1.14789954476531
PHKB,31822,54,1.14778071765993
ZNF143,17683,30,1.14751387074134
AASS,27708,47,1.14732198340671
SLC12A2,12974,22,1.14694191223221
KIDINS220,34210,58,1.14674684890042
OXR1,36573,62,1.14663115971872
HBP1,20650,35,1.14641173877509
VPS35,18292,31,1.14628639307874
KIF27,12396,21,1.14585684441944
MITF,25398,43,1.14514787828664
ANKRD55,12404,21,1.14511782033403
KPNA5,4135,7,1.14502550934489
UGT3A1,8271,14,1.14488707076318
CDK19,8862,15,1.14485938706382
MTCH2,11816,20,1.14485938706382
CENPF,14772,25,1.14470438308506
MYO5A,72103,122,1.14445608306216
SF3B3,33736,57,1.14280966252686
SPPL3,22494,38,1.14264031223159
C7,20129,34,1.14248196531513
ITGB1,30196,51,1.14238737646517
DEGS1,12435,21,1.14226308350811
ARNT,17776,30,1.14151033845179
NSF,32607,55,1.14089186135651
PSMD6,14230,24,1.14077232755132
CHRM3,27869,47,1.14069387190905
CMPK1,4151,7,1.1406120166565
SACM1L,19569,33,1.1406120166565
SRSF11,22534,38,1.1406120166565
CCDC83,8303,14,1.14047464317502
NOL9,16013,27,1.14046955590378
RAB27A,21944,37,1.14045608172895
SMC2,8304,14,1.14033730277965
ENPP3,16021,27,1.13990006857794
PARP15,16022,27,1.1398289226493
FCF1,6528,11,1.13973838612903
ANK3,71237,120,1.13937913030134
ARPC1A,16029,27,1.1393311497091
TMEM45A,14249,24,1.13925119103483
EFCAB5,26720,45,1.13911795151492
RFK,4751,8,1.13893146853682
SNX31,20196,34,1.13869179440623
APH1B,13663,23,1.13860845313459
ZNF431,9505,16,1.13857199516432
SLC25A30,10108,17,1.13756526908529
DCAF17,24380,41,1.13747743892409
ZNF470,10707,18,1.13709654112183
AFF4,19630,33,1.13706757788849
OXA1L,4760,8,1.13677802668454
TNFSF10,4165,7,1.13677802668454
PSPH,8332,14,1.13650515629888
EIF3J,14880,25,1.13639604482074
MSH3,12500,21,1.13632331547387
NDC1,4167,7,1.13623241688052
ENPP1,29171,49,1.13615451537444
TTC23,29778,50,1.13570912397962
TMEM30A,8934,15,1.13563285070064
TDP2,8339,14,1.13555114069819
SELE,5361,9,1.13550575133291
RASAL2,28000,47,1.13535705415119
NDUFAF5,23833,40,1.1352040043256
GRM7,29802,50,1.13479452029612
SQLE,13712,23,1.13453962187704
SLC39A8,16698,28,1.13419103632558
EBAG9,9543,16,1.13403822844355
MOCS2,5966,10,1.13372934273768
CSTF3,8950,15,1.1336026690681
SAR1A,13127,22,1.13357388354541
RAE1,8354,14,1.13351220520496
SLC38A6,22678,38,1.13336939691937
CLUAP1,25068,42,1.13324090022525
TMEM50B,14922,25,1.13319750348027
PFN2,14330,24,1.13281159951537
AAGAB,12541,21,1.13260836005289
ANKUB1,16727,28,1.13222466219672
ZNF567,19118,32,1.13214005795971
UCHL5,13147,22,1.13184942338942
IGSF23,8367,14,1.13175104126715
RMDN1,25108,42,1.13143551405316
FBXO7,11359,19,1.13137385259871
CA1,18537,31,1.13113614404684
OXSR1,12558,21,1.13107512688512
ZBED5,6578,11,1.13107512688512
AZIN1,20333,34,1.13101949932761
REEP5,4785,8,1.13083874754826
HIGD1C,5384,9,1.13065496524809
TMEM260,24530,41,1.1305218084374
JMJD1C,25735,43,1.13015215903338
ORMDL1,8982,15,1.12956400447111
LAMB4,17965,30,1.12950112865678
STK33,28749,48,1.12930468684512
SPTLC3,8386,14,1.12918685455309
LAPTM4B,4792,8,1.12918685455309
PSMG2,29357,49,1.12895607071526
SPTA1,28764,48,1.12871577117614
MYEF2,21575,36,1.12861113935494
DDX18,11388,19,1.12849276358173
AXDND1,19181,32,1.12842154361471
SMC4,28182,47,1.1280248923509
PAXBP1,16794,28,1.12770762918688
SEC11A,8397,14,1.12770762918688
IL5,8398,14,1.12757334630653
LSM14A,13798,23,1.12746827766183
ST8SIA6,8399,14,1.1274390954021
C12orf76,16199,27,1.12737446747868
ZC3H6,12000,20,1.12730487646217
RFC2,13203,22,1.12704872902376
PCOLCE2,12607,21,1.12667894371566
WDPCP,42638,71,1.12630019553657
DCLRE1C,15015,25,1.12617869776441
NEK5,9610,16,1.12613182248042
EXOSC9,11416,19,1.12572491167386
PDCD4,18027,30,1.12561645178449
INO80,43869,73,1.12553177845501
POU5F1B,12022,20,1.12524193291849
ARAP2,22849,38,1.12488735539137
TXNL1,12630,21,1.1246271926701
HEATR3,16840,28,1.1246271926701
ZNF688,5414,9,1.12438979181672
FPGT-TNNI3K,16243,27,1.12432056877961
PLA2G4C,37305,62,1.12413192345243
AQP9,4212,7,1.12409318165743
HFE,4213,7,1.12382636628082
PSMD5,14445,24,1.12379302326447
ACADM,22278,37,1.12335794314841
USP13,85509,142,1.12323118589361
PIGA,14454,24,1.12309327667464
PIWIL2,12046,20,1.12300004296414
SRD5A3,17467,29,1.12298075516355
KIF9,13253,22,1.12279667768057
CDR2,12653,21,1.12258290076846
PPP1R1C,20487,34,1.12251766875718
DLGAP5,8436,14,1.12249418708893
R3HCC1L,8437,14,1.12236114285673
KIF14,6028,10,1.12206855653169
GALNTL6,13269,22,1.12144278915522
CACYBP,9050,15,1.12107667272481
SRI,12069,20,1.12085993185401
HIPK3,9659,16,1.12041896821998
PPP4R3B,10263,17,1.12038485237398
CHURC1-FNTB,12076,20,1.12021021178752
LZIC,12079,20,1.1199319908557
CLIP4,35637,59,1.11980785775348
ANKRD28,31411,52,1.11973232770748
GDA,24165,40,1.11960757438825
ATP6AP1L,16313,27,1.11949604601773
DPH6,15709,26,1.11948284886434
PUS10,9066,15,1.11909815664676
YEATS4,12088,20,1.11909815664676
ZNF587,12088,20,1.11909815664676
CEP152,20552,34,1.11896747177055
TBCE,53202,88,1.11878684029177
TMEM117,16325,27,1.1186731392764
MDN1,39305,65,1.11855718565131
COQ7,8466,14,1.11851653227997
CKAP5,32051,53,1.11847664882522
TM9SF2,14516,24,1.11829637786272
SLC39A10,12702,21,1.11825235737863
EAPP,7259,12,1.11814232132906
RALGPS2,16333,27,1.11812520655649
FARS2,8469,14,1.1181203167177
IFT57,10891,18,1.11788565474166
HENMT1,8471,14,1.11785632892011
AOAH,24203,40,1.1178497308223
CYP2C9,7261,12,1.11783433556364
ASB4,12104,20,1.11761884645952
ERMN,6054,10,1.11724962979402
ZNF451,20586,34,1.1171193762668
ATP10D,15743,26,1.11706511292701
SOS2,8477,14,1.11706511292701
TMEM216,4239,7,1.1169333524749
NAB1,15141,25,1.11680689168037
ZC3H8,12113,20,1.11678845187369
FAM227A,18776,31,1.11673789423713
PCDH15,32103,53,1.11666495565826
CSMD3,24229,40,1.1166501727307
TRMT1L,12119,20,1.11623554068372
SLC37A3,32732,54,1.11587064638196
ADAM22,20613,34,1.11565611409442
SNX6,8488,14,1.11561745549979
ZSWIM7,12129,20,1.11531523765735
GLE1,12135,20,1.11476378389337
PHC3,20026,33,1.11458286996659
CCDC158,12745,21,1.11447951694181
IMPA1,8499,14,1.11417354539148
ADAT1,13965,23,1.11398548479613
MFSD6,26123,43,1.1133662218246
PICALM,34634,57,1.11317857524416
DNAH6,13368,22,1.11313766975618
RP1,20660,34,1.11311807743602
PTBP2,20662,34,1.11301033200214
RSF1,29175,48,1.11281509655906
MS4A4A,8511,14,1.11260262745649
CCDC73,12159,20,1.11256341126294
CAMK4,13375,22,1.11255509303182
USP4,23109,38,1.11223121655361
UACA,38325,63,1.11186234390789
HERC5,12777,21,1.11168830268634
NDST3,4868,8,1.11155780752227
LRRC9,16431,27,1.11145633246225
SLC30A8,9129,15,1.11137516575304
CCDC190,13392,22,1.11114279938028
APP,40183,66,1.11094923494766
LRRC17,10959,18,1.11094923494766
SPCS2,4263,7,1.1106451984849
CDCA7,13401,22,1.11039656512952
INTS6,21936,36,1.11003762452511
ANKRD42,12797,21,1.10995088250554
SLC16A7,17064,28,1.10986415404152
EPCAM,12189,20,1.10982513065436
LIMA1,29254,48,1.10980995563378
PLOD2,44494,73,1.10972161615146
TOP2A,12191,20,1.10964305779231
BLZF1,4267,7,1.10960404995105
NRDC,31700,52,1.10952404244857
MET,12194,20,1.10937006048434
ERP44,12195,20,1.10927909122969
AAMDC,12197,20,1.10909719747036
PKP2,26839,44,1.10886578257764
TSEN15,6710,11,1.10882446865131
TMEM144,17083,28,1.10862974445732
BCL10,4882,8,1.10837021856174
BTLA,8545,14,1.10817565386568
PUDP,16481,27,1.10808440013878
DCHS2,16485,27,1.10781552918939
SULT1C4,4274,7,1.10778672932642
RIMS1,31756,52,1.10756745640571
CTPS1,21987,36,1.10746283401932
STX8,26264,43,1.10738904251919
GNAI1,31159,51,1.10708075418795
CNN3,12224,20,1.10664745725998
CWC25,12836,21,1.1065784857762
UBE3D,16505,27,1.1064731292752
KIF3A,12840,21,1.10623375727596
MBNL1,22625,37,1.10612898375515
STRADB,18347,30,1.10598396339015
ZNF569,14067,23,1.10590796155385
DIAPH3,20193,33,1.10536505491759
ERCC5,23875,39,1.10487682132837
CEP41,25101,41,1.10480458790364
FAM200B,11020,18,1.10479969744024
ZNF224,7348,12,1.10459922571144
MAP3K13,22663,37,1.10427429102326
GSR,4901,8,1.1040733334051
CKAP2,8579,14,1.10378376993615
CPS1,41061,67,1.10366664313532
ZCRB1,12260,20,1.10339792149641
TRNT1,19011,31,1.10293360171461
FZD6,5521,9,1.10259850260745
SETMAR,4295,7,1.10237030992808
ZFR,19639,32,1.10210568909179
CCDC126,4910,8,1.10204957373084
ZNF280D,34382,56,1.10166493656939
AP3S1,12895,21,1.10151542795063
ABCA10,23340,38,1.10122327263657
TXN2,4300,7,1.10108848398631
PAPOLA,38086,62,1.10108022381959
MALSU1,8602,14,1.10083247643365
NMNAT1,8602,14,1.10083247643365
STX11,9217,15,1.10076422785717
NMNAT3,12299,20,1.09989905826051
ARGFX,6765,11,1.09980963557285
RFC4,16610,27,1.0994785670492
CLK4,17227,28,1.09936274015002
CPA3,8000,13,1.09912225455062
CPN1,8000,13,1.09912225455062
DAPL1,8000,13,1.09912225455062
DNASE2B,8000,13,1.09912225455062
ESM1,8000,13,1.09912225455062
FCER1A,8000,13,1.09912225455062
KCNE2,8000,13,1.09912225455062
LCT,8000,13,1.09912225455062
MRAP2,8000,13,1.09912225455062
PSMB2,8000,13,1.09912225455062
REEP3,8000,13,1.09912225455062
RGS17,8000,13,1.09912225455062
RORB,8000,13,1.09912225455062
SLC6A14,8000,13,1.09912225455062
SMC5,16000,26,1.09912225455062
STRN,8000,13,1.09912225455062
TAAR2,8000,13,1.09912225455062
TNFSF11,8000,13,1.09912225455062
TRPA1,24000,39,1.09912225455062
ZNF560,8000,13,1.09912225455062
CCSER2,20320,33,1.09845652332436
GMEB1,8006,13,1.09829853065263
TIMM17A,8007,13,1.09816136335768
ZPBP,16014,26,1.09816136335768
RBL1,8008,13,1.0980242303203
TJP1,28955,47,1.09791046507454
DLG1,40663,66,1.09783520910661
GTF2H5,8010,13,1.09775006696691
MCUR1,8011,13,1.09761303662526
FAM47E-STBD1,8012,13,1.09747604048988
SUMF1,8012,13,1.09747604048988
S100Z,8013,13,1.09733907854798
SLC30A7,8014,13,1.09720215078674
PUS3,8015,13,1.09706525719338
FLT3,8016,13,1.09692839775511
ZBTB40,8016,13,1.09692839775511
SNRPF,8017,13,1.09679157245914
TBC1D4,24055,39,1.09660919181936
C8orf44-SGK3,8020,13,1.09638130129737
RAVER2,8020,13,1.09638130129737
ADAT2,8022,13,1.09610795766703
KLHDC1,8024,13,1.09583475029972
PDHX,12963,21,1.09573720924349
EIF2S3,8025,13,1.09569819768286
CEP170,42597,69,1.09562696634819
HDX,8026,13,1.09556167909356
PLK4,14205,23,1.0951641883265
POPDC2,16059,26,1.09508413181455
TSPAN16,8030,13,1.09501594475777
SERINC3,8031,13,1.09487959611567
VPS54,12356,20,1.09482506616591
SPAG1,16681,27,1.0947988129421
CRNKL1,11739,19,1.0947504550361
PRKD1,32746,53,1.09473813813892
ADPRH,6797,11,1.09463177646761
TFG,12359,20,1.09455931042528
SLC16A1,13599,22,1.09422930872128
MAGOHB,8036,13,1.09419836192197
CCDC175,16073,26,1.09413028512473
OSGEPL1,5564,9,1.09407734236084
CREB3L3,8037,13,1.09406221679793
EXOC4,53170,86,1.09401789778913
MOSPD1,8038,13,1.09392610554926
RAD51AP1,12986,21,1.09379650727116
OGFOD1,8041,13,1.0935179749291
STYK1,8660,14,1.09345969541365
RALGAPB,24126,39,1.09338199905557
CEP63,32789,53,1.09330248167059
ZNF169,8043,13,1.09324605699427
TXNRD1,22893,37,1.09317993524047
FRY,28474,46,1.09270262661923
CCDC122,8049,13,1.0924311139775
SLC18A1,14242,23,1.09231900682334
SARAF,11766,19,1.09223827908114
MSH2,16101,26,1.09222756802744
R3HDM1,36540,59,1.09213444517681
NUDT7,8053,13,1.09188849328262
CSRP3,8054,13,1.09175292232492
VPS72,8054,13,1.09175292232492
ZNF613,4337,7,1.09169483079113
MBIP,15490,25,1.09164448979552
FBXO39,8055,13,1.09161738502854
FBXW12,8056,13,1.09148188138095
APAF1,19211,31,1.09145128843873
FAM161A,11155,18,1.09142919460255
BRI3BP,8060,13,1.09094020302791
GCA,12400,20,1.09094020302791
CPM,20462,33,1.09083357218019
ARFGEF1,24188,39,1.09057938271931
ATMIN,8683,14,1.0905632802352
MED4,8063,13,1.09053429696204
NDFIP2,16747,27,1.09048420604808
DAD1,8067,13,1.08999355849819
SCN11A,12415,20,1.08962211176368
PPME1,19244,31,1.08957964571796
MDM1,19255,31,1.08895719045424
NFS1,14286,23,1.08895473156782
SCP2,16150,26,1.08891368871888
MEIOC,11182,18,1.08879383525232
RFC3,8080,13,1.08823985599071
LMBRD1,35433,57,1.08807684291497
YY1AP1,13069,21,1.08684990767644
GNPDA2,11210,18,1.08607427883956
GORAB,16821,27,1.08568687941782
CHD2,66665,107,1.08562173657648
SEMA3D,16201,26,1.08548583870192
MAP3K19,24302,39,1.08546350544049
EDNRB,13087,21,1.08535504267008
ZNF26,8103,13,1.08515093624644
IVNS1ABP,17453,28,1.08512702254996
NUP35,8107,13,1.08461552194461
CFTR,26816,43,1.08459374301626
ART3,18086,29,1.08454632591185
PTPN4,20581,33,1.08452633759054
ATAD2B,28067,45,1.08444905634655
HSPH1,13098,21,1.08444353667914
YWHAE,11851,19,1.08440431960752
LRIG2,12478,20,1.08412073389534
AMN1,8111,13,1.08408063572986
SCN9A,28100,45,1.08317550407397
ATG10,16238,26,1.08301244443958
IL4,4372,7,1.0829552793095
MED30,8120,13,1.08287906852277
ACAD11,18118,29,1.0826308008854
S100PBP,17499,28,1.08227452566229
PARL,10626,17,1.08211083567797
LARP1B,16879,27,1.08195621770763
WTAP,10003,16,1.08188811496919
TBC1D19,13129,21,1.08188296469063
COG5,21268,34,1.08129675944274
PRPS2,8133,13,1.08114816628611
NT5C3A,20030,32,1.08059179371311
KIF2A,26919,43,1.08044376881474
SFXN1,17530,28,1.08036063460151
C1orf53,6887,11,1.08032701969658
GALK2,24419,39,1.0802626687913
DNAJC15,4383,7,1.08023739017593
SLC24A2,20043,32,1.07989091593442
HIF1A,22553,36,1.079669460009
EPB41L4A,33210,53,1.07944279046965
SERF1A,5013,8,1.07940622521812
SERF1B,5013,8,1.07940622521812
NAV3,41987,67,1.07932588738846
MTMR2,18805,30,1.07904747547562
AGO3,12540,20,1.07876064733222
GPR156,8152,13,1.07862831653642
ZNF630,12542,20,1.07858862362829
ADGRE3,8154,13,1.07836375231848
ADAM17,24469,39,1.07805525804956
CNKSR2,47684,76,1.07803670763097
PLEKHH2,20079,32,1.07795476010128
QRICH1,19454,31,1.07781796556988
ZNF266,10044,16,1.07747180545966
ANKRD18B,20096,32,1.0770428756008
YLPM1,25121,40,1.07700000139692
CD3E,8169,13,1.07638364994552
TAOK1,12568,20,1.07635729770417
NEBL,56588,90,1.07574862742909
CCNI,13835,22,1.07556374190825
METTL15,10067,16,1.07501011364228
INO80B,4405,7,1.07484233397074
KLHL4,4405,7,1.07484233397074
E2F5,19508,31,1.07483446289709
EIF4G3,32111,51,1.0742589523759
BTNL8,13223,21,1.07419204744939
IKZF3,8186,13,1.07414830642621
HMGXB4,17002,27,1.07412886711488
STXBP3,17004,27,1.07400252873954
EML4,15122,24,1.07348169693528
QRFPR,4412,7,1.0731370084182
HNRNPLL,19560,31,1.07197702976464
SNX27,20193,32,1.07186914416252
BTN3A2,8204,13,1.07179156952766
C9orf72,4418,7,1.07167960188798
RNASEH2B,30311,48,1.07110885296132
RAB14,12631,20,1.07098871962204
CCDC170,12000,19,1.07093963263906
CDH17,12000,19,1.07093963263906
HSPA4,12000,19,1.07093963263906
PPID,12000,19,1.07093963263906
SLC26A3,12002,19,1.07076117244365
CLEC9A,12004,19,1.07058277171516
CCDC179,6322,10,1.06988757652215
PAICS,12645,20,1.06980296698664
OGT,22762,36,1.06975596747135
ERICH6B,12015,19,1.06960262935237
FBXW8,12015,19,1.06960262935237
ANXA7,12018,19,1.06933562919527
COX7A2,8224,13,1.06918507252005
FERMT2,29106,46,1.06897597025891
NCK1,14553,23,1.06897597025891
CDKAL1,12024,19,1.0688020285819
IFIH1,16456,26,1.06866529368072
ITGA9,12026,19,1.06862428003232
DMD,108871,172,1.0685845013906
GPATCH2,12029,19,1.06835776803298
BRWD3,15197,24,1.06818386662205
GRIK2,44960,71,1.06813139985072
MYO9A,41161,65,1.06812006953244
ERICH3,13299,21,1.06805334562173
MGST1,18369,29,1.06783738093754
HEPACAM2,12037,19,1.06764771883931
LY96,12037,19,1.06764771883931
INPP4B,38012,60,1.06763589268226
BRAP,8236,13,1.06762725065626
FSTL5,12038,19,1.06755902904708
ABI3BP,58296,92,1.06743565906257
TBC1D23,20280,32,1.06727088895827
CD274,13309,21,1.06725084104165
GINS4,12043,19,1.06711580101874
ZNF184,4437,7,1.06709048481882
ANO3,20290,32,1.06674488063448
PWP1,8243,13,1.06672061584434
NCAPG,12049,19,1.06658441295284
LGSN,21567,34,1.06630590623769
DRAM2,12687,20,1.06626141069962
BUD31,11421,18,1.06600933944413
FAM3C,12056,19,1.0659651287051
MROH8,8250,13,1.06581551956423
FAM118B,12058,19,1.06578832241406
ZNF85,8251,13,1.06568634546175
PRDM2,24120,38,1.06561157476524
ARIH2,32374,51,1.06553188422013
RNF212B,16509,26,1.06523448257374
GNL3L,11433,18,1.06489046320226
ANKRD46,8258,13,1.06478300271312
PTAR1,12070,19,1.06472871513411
ANKRD40,8259,13,1.06465407875105
RHOT1,16518,26,1.06465407875105
TRPC4,12079,19,1.06393539131292
CCR3,12080,19,1.06384731719112
GOSR1,12080,19,1.06384731719112
KIF23,17805,28,1.06367435689775
HOOK1,17807,28,1.06355488990647
HP1BP3,19080,30,1.06349516647375
POLK,16540,26,1.06323797296311
DCAF10,15904,25,1.06322768781015
HNRNPC,20996,33,1.06308994827353
GNB4,8278,13,1.06221044170149
GPATCH2L,18471,29,1.06194060150732
AIFM1,23570,37,1.06178057944252
SEMA3C,15930,25,1.06149235071767
ROBO1,29950,47,1.06143564327991
HAVCR2,17846,28,1.06123063569228
ACSM1,17210,27,1.06114694937171
LSM5,10836,17,1.06113969545165
NSUN7,17849,28,1.06105226760964
FAM177A1,9564,15,1.06082642076114
SIRT4,9564,15,1.06082642076114
PRC1,21682,34,1.06065028502114
STX2,12118,19,1.0605112717997
PPAT,12119,19,1.06042376364954
SERPINB5,12119,19,1.06042376364954
SP3,15947,25,1.06036076672305
SERPINB13,5742,9,1.06016132582649
PKIB,24245,38,1.0601175988178
SEMA3E,16589,26,1.06009741833805
POLA1,29351,46,1.06005296549882
LAMA2,48503,76,1.05983346116065
SDF2,10854,17,1.05937992812918
ATP7A,24266,38,1.05920016415303
CD200,8943,14,1.05885731435561
CRB1,24275,38,1.05880746378321
RSRC2,21083,33,1.05870305715273
REG1A,4473,7,1.05850223141988
ITGB1BP1,15339,24,1.05829520966525
NUDT9,8309,13,1.05824744691358
CCNG1,10227,16,1.05819172915193
UHRF2,26210,41,1.05805799164324
ARL1,8311,13,1.05799278503248
COBLL1,32636,51,1.05697785328295
RBM34,8321,13,1.05672131191022
FRYL,49930,78,1.05663665568655
TRIM16,19844,31,1.05663529037474
CDC23,12165,19,1.05641394095099
PTBP3,10246,16,1.0562294372474
SUGCT,16011,25,1.0561222376449
TRAPPC11,19855,31,1.05604989686207
DACH2,12170,19,1.05597991714616
MALRD1,20499,32,1.05586875594291
DDX59,17937,28,1.05584668141632
PPA1,11532,18,1.05574858357539
EIF4A3,12177,19,1.05537288262041
TMEM59,15383,24,1.05526816752618
METAP1,18589,29,1.05519957235149
SRSF12,8334,13,1.05507295853191
TMEM230,8334,13,1.05507295853191
SNUPN,17311,27,1.05495575060292
MED23,12182,19,1.05493971364872
PHACTR4,12182,19,1.05493971364872
ZNRF2,8977,14,1.05484693798398
ZCCHC9,8336,13,1.05481982202554
CCNB1IP1,12185,19,1.05467998290265
CCDC51,10262,16,1.05458261684241
STAG1,16037,25,1.05440999856161
TTLL7,28880,45,1.05392076400549
AP5M1,15408,24,1.05355595931044
UNC79,16693,26,1.05349284567243
PABPC4L,16055,25,1.05322785094566
SVIP,6422,10,1.05322785094566
TRDMT1,13487,21,1.05316537728356
CFAP44,25691,40,1.05310486299062
TMEM87B,16059,25,1.05296551136014
SRSF8,5139,8,1.05294092372415
NPIPB5,33406,52,1.05286212493623
ABHD12B,14776,23,1.05284294092975
CPE,15419,24,1.05280434665382
TLR3,10280,16,1.05273607140436
ZNF585B,16065,25,1.05257224693013
SNX13,12212,19,1.05234814867906
ZRSR2,8356,13,1.05229512163774
GSG1,8357,13,1.05216920382971
CEP135,16074,25,1.05198290076724
ZC3H11A,16083,25,1.05139421419714
CAPZA2,16084,25,1.05132884524574
GK5,14155,22,1.05124863082308
ACSBG2,17374,27,1.05113036713982
ZNF528,16088,25,1.05106745070441
ADH5,11585,18,1.05091865911018
DNAH5,28325,44,1.0506919236929
MICU1,16096,25,1.05054505137503
TRMT10A,8371,13,1.05040951336817
COPB2,10949,17,1.05018812128177
SCN1A,27701,43,1.04994281118819
KIF21A,28348,44,1.0498394503528
SLMAP,30283,47,1.04976381191537
ACOT2,9665,15,1.04974070234449
SYT1,25776,40,1.04963210098899
PYROXD1,16760,26,1.04928138859247
THOC2,27076,42,1.04919792018196
OR11A1,11606,18,1.04901711750745
ANKRD30A,20000,31,1.04839353510982
RBM6,29033,45,1.04836674351526
PCYOX1,9033,14,1.04830742414284
TRIM23,9679,15,1.04822232546333
INTS8,30329,47,1.04817163494455
RGS5,16137,25,1.04787588442291
SLC2A3,16138,25,1.04781095222038
TMA16,12266,19,1.04771527732502
EFCAB13,18723,29,1.04764753781134
ACSM3,38096,59,1.04752710591035
SLC4A1AP,9041,14,1.04737982106871
WRN,20022,31,1.0472415693835
RAF1,38770,60,1.04676233047816
PHF3,20679,32,1.04667796450862
NDC80,12282,19,1.04635039827949
GULP1,22625,35,1.04633822787649
SUMF2,8405,13,1.0461603850571
FPR2,13580,21,1.04595297816078
CDK15,12287,19,1.04592460256114
SLC17A8,12294,19,1.04532907041392
TIMM9,8417,13,1.04466888872578
TAX1BP1,16838,26,1.04442071937343
PLS1,20083,31,1.04406068327423
ERI1,20085,31,1.04395671905384
KLHL24,12961,20,1.04372027756701
CYP27A1,8425,13,1.04367691826765
TFRC,28521,44,1.04347143293017
ZNF559-ZNF177,4538,7,1.04334078473802
TNIP3,24000,37,1.04275701072751
VWDE,16217,25,1.0427066132412
ARHGEF26,8437,13,1.04219248979553
RAB2A,21423,33,1.04190060000705
NETO2,16236,25,1.04148639732277
DNM1L,18836,29,1.04136254249532
GNS,17537,27,1.04136049487867
PCLO,24046,37,1.04076221647926
NUB1,20802,32,1.04048906970838
TRIML2,12353,19,1.04033640343793
BAZ2B,48793,75,1.03967207264972
EIF3E,30582,47,1.03950027847208
MPDZ,40348,62,1.03935117984517
LRRC57,12365,19,1.03932677651991
SLC7A11,16273,25,1.03911836458751
EYS,24091,37,1.03881815854303
DIMT1,8465,13,1.03874519036089
KATNA1,16279,25,1.03873537360603
SLC35A5,10419,16,1.03869150724991
HCFC2,16283,25,1.03848020309111
PCYT1A,21496,33,1.03836232573274
ACBD6,12377,19,1.03831910734982
DBF4,12384,19,1.03773220216963
GSTCD,11733,18,1.03766237669747
REPS1,25432,39,1.03723396151364
SRSF4,13043,20,1.03715851549076
RAD17,16304,25,1.03714261205425
CCDC117,4567,7,1.03671567355838
PPP2R2A,31323,48,1.03650290336527
SLC25A27,18272,28,1.03648872179096
ANKRD36,12399,19,1.03647677971358
CC2D2A,39812,61,1.0363548296623
SAMD3,34591,53,1.03634746238897
ANGPTL6,8486,13,1.03617464487449
CRBN,16972,26,1.03617464487449
DHX9,21543,33,1.03609694814794
RABL3,8488,13,1.03593049439266
ABCD3,13713,21,1.03580846229296
COX17,5877,9,1.03580846229296
MTERF2,5877,9,1.03580846229296
SMAD5,16978,26,1.03580846229296
KIF1B,31349,48,1.03564325631154
SAMD7,7839,12,1.03541205645205
PDIA3,14373,22,1.03530399842069
TMEM232,20256,31,1.03514369580353
NAMPT,29404,45,1.03513915332875
YTHDC1,16337,25,1.03504763095627
DDX17,15034,23,1.03477499635346
BCKDHB,30073,46,1.03460295249413
PPA2,16358,25,1.03371886214284
TRIT1,12435,19,1.033476123174
DDX4,18980,29,1.03346179401695
DHRS9,15711,24,1.0332372363984
DNTTIP2,11134,17,1.03273843541532
VAPA,13754,21,1.03272076802554
NUP88,19653,30,1.03248805659793
NMD3,11794,18,1.03229546089464
C17orf75,15726,24,1.03225169916414
MSRA,16385,25,1.03201544991959
MAP4K5,27528,42,1.0319704623237
ATE1,22294,34,1.03153402170217
MEAF6,5246,8,1.03146462200122
PDCL,5902,9,1.03142093068379
DUSP11,4591,7,1.03129611874126
FAIM,8529,13,1.03095064326474
DNAH11,30184,46,1.03079825703538
TMEM245,13127,20,1.03052171231401
CLOCK,21016,32,1.02989406300312
SEC62,14451,22,1.02971589296939
CHD1,24311,37,1.02941747593518
PTPN2,40100,61,1.028911682756
SLC35F5,26309,40,1.02836736611396
TBL1XR1,47358,72,1.028328279555
ZFP1,8557,13,1.02757719252132
ATAD5,7243,11,1.02722796971563
CCDC172,8560,13,1.02721706032768
KCNMB2,20417,31,1.02698098164257
ROCK2,30297,46,1.02695364525715
KMT2C,91555,139,1.0268934159461
BLOC1S6,4611,7,1.02682291935396
DENND4C,20421,31,1.0267798199009
LETM2,18449,28,1.0265446324768
CNOT1,41518,63,1.02635301147141
SIRT1,12528,19,1.02580424582286
AEBP2,17146,26,1.0256594000239
BBS2,32976,50,1.02556848295321
CETN3,5936,9,1.02551319624254
ITGAV,29032,44,1.02510501304083
CFAP52,14520,22,1.02482261496561
MFSD11,24420,37,1.02482261496561
DHX15,19141,29,1.02476907426162
ZBBX,17824,27,1.02459262784376
DICER1,34331,52,1.02449425142349
PRPS1,16512,25,1.02407783108845
TRNAU1AP,8587,13,1.02398719417782
CAPS2,15853,24,1.02398222551285
GEN1,13874,21,1.0237884851826
AADAT,7269,11,1.0235537466846
NDUFB5,11238,17,1.02318114788344
CPNE3,20504,31,1.02262342480474
RPAP3,15214,23,1.0225323580372
EIF2S1,12570,19,1.02237673760292
TTC17,34448,52,1.02101463497503
CMC1,20539,31,1.02088079761412
ENTPD1,20539,31,1.02088079761412
AMY2B,24515,37,1.02085124444055
CSNK1G1,30489,46,1.0204865554907
DNAJC21,20548,31,1.02043365301715
ZNF107,13925,21,1.02003888283112
DPM1,16590,25,1.01926299860956
ATP8B4,47128,71,1.01899481703634
RAD51B,49138,74,1.01860752401238
GAS2L3,17282,26,1.01758801485996
PRKAR2B,25931,39,1.0172740777145
STAT4,16625,25,1.01711718177038
PLSCR4,8653,13,1.016176821496
PZP,10651,16,1.01606673683568
SERPINB11,12656,19,1.0154294873316
MS4A8,5331,8,1.01501845939194
KPNA2,12665,19,1.01470790301372
NCAM2,20000,30,1.01457438881595
RC3H1,20000,30,1.01457438881595
TEC,20000,30,1.01457438881595
ABT1,4000,6,1.01457438881595
AMELX,4000,6,1.01457438881595
ANP32D,4000,6,1.01457438881595
ASB12,4000,6,1.01457438881595
ASCL4,4000,6,1.01457438881595
ATOH7,4000,6,1.01457438881595
C11orf40,4000,6,1.01457438881595
C8orf88,4000,6,1.01457438881595
DEFB1,4000,6,1.01457438881595
EDDM3B,4000,6,1.01457438881595
ERVV-2,4000,6,1.01457438881595
FAM209B,4000,6,1.01457438881595
FKBP1C,4000,6,1.01457438881595
FMR1NB,8000,12,1.01457438881595
GADD45GIP1,4000,6,1.01457438881595
GBP6,4000,6,1.01457438881595
GDF3,4000,6,1.01457438881595
GPR183,4000,6,1.01457438881595
GPR33,4000,6,1.01457438881595
GPR65,4000,6,1.01457438881595
GRPR,4000,6,1.01457438881595
GXYLT2,12000,18,1.01457438881595
GZMK,8000,12,1.01457438881595
HRNR,4000,6,1.01457438881595
HTR2B,4000,6,1.01457438881595
HTR3C,4000,6,1.01457438881595
ISY1-RAB43,4000,6,1.01457438881595
KRTAP13-2,4000,6,1.01457438881595
KRTAP9-9,4000,6,1.01457438881595
MAGEB3,4000,6,1.01457438881595
MAGEF1,4000,6,1.01457438881595
MAML2,4000,6,1.01457438881595
MAP1LC3C,4000,6,1.01457438881595
MFAP1,8000,12,1.01457438881595
MIB1,24000,36,1.01457438881595
MKRN3,4000,6,1.01457438881595
MS4A18,4000,6,1.01457438881595
MYH8,4000,6,1.01457438881595
NACA2,4000,6,1.01457438881595
NTSR2,4000,6,1.01457438881595
P2RY12,8000,12,1.01457438881595
PCDHB1,4000,6,1.01457438881595
PCDHB16,4000,6,1.01457438881595
PCDHB2,4000,6,1.01457438881595
PDE6H,4000,6,1.01457438881595
PPIAL4G,4000,6,1.01457438881595
RAB44,4000,6,1.01457438881595
RNASE2,4000,6,1.01457438881595
S100A12,4000,6,1.01457438881595
SEPHS2,4000,6,1.01457438881595
SETSIP,4000,6,1.01457438881595
SF3B5,4000,6,1.01457438881595
SGCZ,8000,12,1.01457438881595
SLC22A24,4000,6,1.01457438881595
SLC46A3,8000,12,1.01457438881595
SMCP,4000,6,1.01457438881595
SMIM10,4000,6,1.01457438881595
SNAPC1,8000,12,1.01457438881595
SPATA16,8000,12,1.01457438881595
SPATA45,4000,6,1.01457438881595
SPIC,4000,6,1.01457438881595
TMEM207,4000,6,1.01457438881595
TOMM34,4000,6,1.01457438881595
TSPAN13,8000,12,1.01457438881595
WDR5B,4000,6,1.01457438881595
ZBTB6,4000,6,1.01457438881595
ZNF572,4000,6,1.01457438881595
ZNF80,4000,6,1.01457438881595
ZNF804B,8000,12,1.01457438881595
ZRANB1,12000,18,1.01457438881595
ANXA13,9334,14,1.01450192439278
HACL1,4667,7,1.01450192439278
C17orf78,4001,6,1.0143208086138
CEP19,4002,6,1.01406735513838
IGSF6,4002,6,1.01406735513838
TIMD4,8004,12,1.01406735513838
TMIGD1,4002,6,1.01406735513838
GLMN,20010,30,1.01406735513838
GOLGA7,17349,26,1.0136581977526
IL22RA2,4004,6,1.01356082798796
PABPC3,4004,6,1.01356082798796
PPP2R3A,16016,24,1.01356082798796
TP53RK,4004,6,1.01356082798796
CPB2,4005,6,1.0133077541233
LYZ,4005,6,1.0133077541233
TMEM209,14018,21,1.01327161103034
CD70,8011,12,1.01318126457716
ANKRD49,7344,11,1.01310078767025
CXCL13,8012,12,1.01305480660604
BCL2L10,4007,6,1.01280198534161
CRLF3,12021,18,1.01280198534161
MEP1B,8014,12,1.01280198534161
EPB41,50099,75,1.01256950120357
COQ5,12025,18,1.0124650865523
CCL28,8017,12,1.01242298996228
TMPRSS7,11358,17,1.01237099312503
ISY1,16035,24,1.01235985164049
MBD5,61469,92,1.01233514748429
CRY1,16036,24,1.01229672119327
FMO3,8018,12,1.01229672119327
TDRD3,17376,26,1.01208310732101
PP2D1,4010,6,1.01204427812065
ZSCAN21,8020,12,1.01204427812065
AUH,12031,18,1.01196015840674
TRIM33,16043,24,1.01185502842706
GABRR3,4011,6,1.01179196092341
RAB10,8023,12,1.01166584949864
INO80B-WBP1,4012,6,1.01153976950743
RGS1,4012,6,1.01153976950743
ZNF525,12036,18,1.01153976950743
COMMD9,8025,12,1.01141372093802
CCDC62,10032,15,1.01133810687396
XRCC5,25421,38,1.01107553531873
LRRTM3,8028,12,1.0110357636432
TRIAP1,4014,6,1.0110357636432
SENP7,16057,24,1.01097279822229
USP9X,42822,64,1.01089410247413
LRRC49,35464,53,1.01083620210628
ZNF329,12045,18,1.01078394900718
SYNPO2,16060,24,1.01078394900718
CEP162,12047,18,1.01061614225877
PTS,8032,12,1.01053225977685
ZNF280C,4016,6,1.01053225977685
SNRNP40,20751,31,1.01045109643855
ALDH9A1,12049,18,1.01044839121848
RSL24D1,10041,15,1.01043161917733
SPACA7,8033,12,1.01040646215954
HACD2,10711,16,1.01037501764885
MCTP1,37499,56,1.01009210509957
IL33,8036,12,1.01002925715874
ZNF484,4019,6,1.00977794358393
TRAPPC13,20765,31,1.00976983877661
CACUL1,20772,31,1.00942955431332
CENPN,8711,13,1.00941086401159
C3AR1,4022,6,1.00902475267623
MAPK1IP1L,8044,12,1.00902475267623
VCAM1,4022,6,1.00902475267623
STXBP4,12068,18,1.00885752948222
TRIP4,20114,30,1.00882409149443
COX6A1,4023,6,1.00877393866861
SNTN,4023,6,1.00877393866861
VWC2L,4023,6,1.00877393866861
CRISP2,8047,12,1.00864857841775
ANKRD54,16100,24,1.00827268453759
ATIC,20796,31,1.00826460387557
PRPF38A,4026,6,1.00802224422847
ZMAT1,14762,22,1.00802224422847
CCDC107,4027,6,1.00777192829993
TMEM126A,8054,12,1.00777192829993
IFT46,17451,26,1.00773342919087
C8orf89,4028,6,1.00752173665934
CD48,4028,6,1.00752173665934
GLIPR1L2,4028,6,1.00752173665934
VSTM1,8056,12,1.00752173665934
ANXA10,8057,12,1.0073966874181
GYPA,16116,24,1.00727166921415
NEXN,20149,30,1.00707170461656
MS4A4E,8060,12,1.00702172587191
TANGO6,32915,49,1.00691974382463
KRT39,8062,12,1.00677190654027
VPS4B,12093,18,1.00677190654027
CNIH4,8063,12,1.00664704334957
FBXO21,13439,20,1.006597106745
DEPDC5,68541,102,1.00656626602303
NAT1,14113,21,1.00645089232788
SLFN14,6721,10,1.00637245332138
MFF,20838,31,1.00623239764835
ZNF81,8068,12,1.00602319168662
TBC1D5,33620,50,1.00592344717029
TBC1D8B,16140,24,1.00577386747554
TMEM65,20177,30,1.0056741723903
PRSS54,8071,12,1.00564925170705
ANO5,24215,36,1.00556619168213
ORC1,4036,6,1.00552466681462
LIPN,4038,6,1.00502663577608
SYNJ1,20863,31,1.00502663577608
VHL,4038,6,1.00502663577608
ZSWIM2,4038,6,1.00502663577608
HELB,9425,14,1.00470673339864
DCBLD2,23564,35,1.00464277735977
ANKRD30B,22218,33,1.00461952263709
HPGDS,4040,6,1.00452909783758
FAM182B,32322,48,1.00446694022989
ZNF506,4041,6,1.00428051355204
METTL21C,8083,12,1.00415626754022
SNX12,12125,18,1.00411485903435
DLEU1,44463,66,1.00400947097366
ACRV1,4043,6,1.00378371389162
CPPED1,4043,6,1.00378371389162
FAM50B,8086,12,1.00378371389162
GSDMC,12129,18,1.00378371389162
ZFC3H1,24259,36,1.00374233610548
DYNC2LI1,10784,16,1.00353549833428
NDUFAF1,8090,12,1.00328740550403
GOLPH3L,4046,6,1.00303943530989
NME1-NME2,4046,6,1.00303943530989
USP48,31020,46,1.00301787847698
DIS3L,14163,21,1.00289779308221
CD55,13489,20,1.00286592909378
FAM229B,4047,6,1.00279158766094
PRPF3,19564,29,1.0026121882254
C5orf46,4048,6,1.00254386246636
SYCP2,24964,37,1.00249031635396
ZNF429,8097,12,1.0024200457611
PAFAH1B2,8098,12,1.00229625963542
PTGFR,8098,12,1.00229625963542
SMIM8,4049,6,1.00229625963542
ZNF33A,4049,6,1.00229625963542
VTA1,8101,12,1.00192508462259
EZH2,24981,37,1.00180810445779
RBBP9,4051,6,1.001801420702
C12orf50,9456,14,1.00141296132426
CCDC43,4054,6,1.00106007776611
IMPACT,8108,12,1.00106007776611
PIGBOS1,4054,6,1.00106007776611
RSPRY1,23649,35,1.00103185782509
FCAR,4055,6,1.00081320721672
SCLT1,16223,24,1.0006281341956
TLR1,8789,13,1.00045261536067
HYLS1,8114,12,1.00031983122105
GLS,26375,39,1.00014916053895
EARS2,16908,25,1.00009304157396
CYP20A1,4058,6,1.00007332559483
GTF3C3,24353,36,0.999867997026357
CTBS,4059,6,0.999826941429862
TCFL5,4059,6,0.999826941429862
UBE2T,4059,6,0.999826941429862
DYNLRB1,4060,6,0.999580678636407
AP4E1,8123,12,0.999211511821694
P4HA1,8124,12,0.999088516805468
NRG4,20989,31,0.998993315650882
RABEPK,4063,6,0.998842617588927
CNTNAP2,64337,95,0.998746879064048
AASDHPPT,10161,15,0.998498561968264
REG4,6775,10,0.998351182106719
ZFAND1,17616,26,0.998294509128625
NIPSNAP3B,4066,6,0.998105645662521
KMO,16271,24,0.997676247376022
MACROD2,24411,36,0.997492332619838
CNTNAP3,30514,45,0.99748416020445
CCL15-CCL14,4070,6,0.997124706453025
SF3B1,23743,35,0.997068711018219
NLRP8,4071,6,0.996879772847903
SLC5A12,5428,8,0.996879772847903
TMEM26,12214,18,0.996798155050879
RMND1,17646,26,0.996597306630956
ZNF670-ZNF695,4075,6,0.995901240555537
NAALAD2,11549,17,0.995628170396929
ALG10B,4077,6,0.995412694447832
ZNF793,14270,21,0.995377816637936
JAKMIP2,12233,18,0.99524995224323
DCUN1D5,10876,16,0.9950465993046
ADAM28,28550,42,0.995029172919323
RBMS3,32634,48,0.994863652696896
DCAF6,19721,29,0.994630335705175
LUZP2,12241,18,0.994599515218645
CUTC,8162,12,0.994437038780645
SDAD1,16325,24,0.99437612380124
ARL6,12246,18,0.994193423631507
SERGEF,45595,67,0.993917228507056
RGSL1,36752,54,0.993814703890246
FANCB,12251,18,0.993787663520646
LCMT1,20420,30,0.993706551239915
HDAC9,38119,56,0.993663103678714
CNTNAP4,20429,30,0.993268773621766
DMXL1,43590,64,0.993083442444307
SLC25A21,12260,18,0.993058129346773
PTPN20,20434,30,0.993025730464865
WDR93,9537,14,0.992907723842113
AFP,14988,22,0.99282254932617
PIAS2,19081,28,0.992543468610893
SPAG17,38172,56,0.992283449888109
TESK2,8180,12,0.992248791018047
PPIG,17045,25,0.992054746079938
TIPRL,4093,6,0.99152151362419
TOP2B,37527,55,0.991314544814443
CDK17,24566,36,0.991198621329597
DZANK1,25934,38,0.991075467854456
MGA,32762,48,0.990976754841295
MAP9,8192,12,0.990795301578079
DMTF1,26634,39,0.990423297635157
SUCLA2,23907,35,0.990228903907038
ABCA8,30059,44,0.990081131727645
GALC,25277,37,0.990076680676511
WDR19,29377,43,0.990042067356231
DDX20,9565,14,0.990001146082826
STAMBPL1,14349,21,0.989897654430507
ERICH2,16399,24,0.989889031102826
ADGRV1,101820,149,0.989796267488882
DAZ2,4101,6,0.989587309257208
ZNF549,4101,6,0.989587309257208
SLAIN2,17777,26,0.98925330892782
SEPSECS,14367,21,0.988657440204868
PTPRZ1,23261,34,0.988651368377467
FBXO28,4107,6,0.988141600989484
EXD1,8215,12,0.988021315949802
DDX10,38347,56,0.987755074689778
LRRC4C,17121,25,0.987651021957394
MINPP1,10958,16,0.987600548826139
SAGE1,7534,11,0.987551391644587
YME1L1,8907,13,0.987198611923759
SUPV3L1,12334,18,0.987100102626191
IWS1,16446,24,0.98706008883955
MMAA,20560,30,0.986940066941589
GNPTAB,22621,33,0.9867219200721
DEK,12340,18,0.986620151198658
SYNE1,101495,148,0.986301522536487
LYG1,7545,11,0.986111621557365
RYK,21269,31,0.985841868550301
C1orf146,4117,6,0.985741451363569
GUCA1C,4117,6,0.985741451363569
RAD50,29506,43,0.985713611222259
SLC26A7,24018,35,0.985652527508767
AP3M2,17844,26,0.985538896705327
PTCHD4,4119,6,0.985262819923237
SMNDC1,4807,7,0.984955373651157
KRIT1,26098,38,0.984847543234634
MDM2,13049,19,0.984847543234634
AP1G1,28848,42,0.984750516044325
FAM184A,23356,34,0.984630051371308
PCM1,42607,62,0.984245344764774
ANAPC7,25430,37,0.984119868559189
PGM5,20619,30,0.984115998657503
ZZZ3,13747,20,0.984044410965741
SELL,12373,18,0.983988738850031
DCC,28216,41,0.982835978202771
CENPV,11700,17,0.982778610249071
VRK2,8260,12,0.98263863323579
FAM9B,13085,19,0.982137989428256
NIPAL2,18597,27,0.982004570559077
ATP6V1D,12399,18,0.981925370254975
ETFA,22736,33,0.981731023660757
TAF1D,17227,25,0.98157387513395
FAM210B,4135,6,0.981450436581333
SLC17A3,16548,24,0.980975962113563
FMO2,8275,12,0.980857415169501
PHKA1,4138,6,0.980738896873807
TLK2,40703,59,0.980433693505658
ROCK1,21390,31,0.980265109967104
KLHL13,20701,30,0.9802177564523
SLC35A1,10351,15,0.980170407512272
NUSAP1,26223,38,0.980152964319013
PPP2R3C,16568,24,0.979791780604493
SPATA6,22092,32,0.979732646572228
ZNF236,24177,35,0.979170385312717
CSTF2,4145,6,0.979082643006951
RSPH4A,4145,6,0.979082643006951
ACOT9,20040,29,0.978797647227633
RB1CC1,20043,29,0.978651142565572
MS4A13,4147,6,0.97861045460907
SLC6A15,31110,45,0.978374531162925
USP53,16592,24,0.978374531162925
RAC1,13831,20,0.978068000690192
ATP13A4,27666,40,0.977926589860915
STARD3NL,4150,6,0.977903025364774
ANAPC1,27673,40,0.977679219278433
POSTN,13839,20,0.977502602611897
ATAD2,20068,29,0.97743197381113
DHTKD1,20070,29,0.977334571521762
COMMD10,12458,18,0.977275057456368
PSMB6,5540,8,0.976726246754227
NPEPPS,43633,63,0.976603129059886
MTF2,18708,27,0.976178052100019
PMS1,16632,24,0.976021538062485
SPP2,4158,6,0.976021538062485
SHOC2,16636,24,0.975786861087716
FAM149B1,23576,34,0.975441952826106
ANKRD12,17339,25,0.975233470611485
PNLIP,4162,6,0.975083506790921
RHOBTB3,33302,48,0.974907826620338
TMEM71,4164,6,0.974615166970176
PRRC1,8329,12,0.974498152302512
APOO,21521,31,0.974298160038862
UBR3,31935,46,0.974279461103989
ABCE1,13885,20,0.974264207241342
SLC4A4,20137,29,0.974082775509845
RNF13,28472,41,0.973999015206848
ASH1L,21546,31,0.973167673916103
IPO8,20854,30,0.973026171301384
GLRA2,5562,8,0.972862892308237
ATP6V0A2,33381,48,0.972600594413304
TRMT10C,4173,6,0.972513193209636
ZFAND6,19483,28,0.972063949318095
PIGU,16007,23,0.971875260522143
ZNF880,4176,6,0.971814548674284
PIP5K1A,28545,41,0.97150814366682
RPN1,16713,24,0.971291223661536
RAB3IP,23683,34,0.971034897598626
YIPF7,16025,23,0.970783606563366
KYNU,16027,23,0.970662463042238
PDILT,4181,6,0.970652369113564
SERAC1,18121,26,0.970473818928859
TLK1,25110,36,0.969724624913695
PPEF2,17439,25,0.969641214916713
TSGA13,4887,7,0.968831692478231
AQR,16060,23,0.968667951131877
GDAP2,16061,23,0.9686076393237
GLA,4190,6,0.968567435623821
INO80C,8380,12,0.968567435623821
LYPLA1,12573,18,0.968336329101363
SENP5,17463,25,0.968308603729746
CCNT1,10478,15,0.968290121030686
ARL17B,15369,22,0.968210317476781
GCNT1,16070,23,0.968065170826257
ACAD10,34264,49,0.96727654004167
NAAA,16783,24,0.96724007752221
ADGRA3,34269,49,0.967135410078724
CFI,12589,18,0.967105621240085
CREB1,23092,33,0.966596074569157
ITGB3BP,23795,34,0.966464361413249
GAPT,6300,9,0.96626132268186
DRC1,16103,23,0.966081307531388
FBXW11,20304,29,0.966070963871245
DOHH,10503,15,0.965985326874182
SDCBP,19606,28,0.965965618920966
CROT,13309,19,0.965607903799589
UBE3A,30124,43,0.965491495575753
TP53I3,4904,7,0.965473181309363
TSHR,12612,18,0.96534194939672
NSA2,6307,9,0.965188890581214
CDK13,42053,60,0.965043529656341
OCIAD1,16124,23,0.964823077101088
TTC27,16124,23,0.964823077101088
RAPGEF6,32255,46,0.96461369060164
CHUK,10519,15,0.964516008000716
VPS13C,33664,48,0.964424323969537
BCO2,23157,33,0.963882910305781
MCM10,16842,24,0.963851693448239
ZNF540,8423,12,0.963622831595349
SEC11C,8424,12,0.963508441420658
NUDCD2,4914,7,0.963508441420658
BET1,15451,22,0.963071928632493
RANBP3L,4214,6,0.963051152174611
CREM,29499,42,0.963018505266168
KIAA1586,4215,6,0.962822670287974
VPS8,52701,75,0.962576031589489
CNOT11,10544,15,0.962229124446086
CCNH,17578,25,0.961973668616029
POLR3H,4220,6,0.961681885133605
RB1,16178,23,0.961602626726292
NAE1,20404,29,0.961336250266701
DCN,12665,18,0.961302223907733
DUS4L,13372,19,0.961058599436789
ZNF230,7743,11,0.960895284082438
PLAC8,17604,25,0.960552894054337
SUPT7L,4226,6,0.960316506214816
SMC3,19025,27,0.959912693754909
WDR7,32418,46,0.959763544646674
PRKRA,15505,22,0.959717792279951
ESD,11982,17,0.959648617919724
NIPBL,24672,35,0.9595250650821
CLIC2,4230,6,0.959408405499719
CMSS1,22561,32,0.959365880416367
MANBAL,8463,12,0.959068310354203
RABEP1,16222,23,0.958994408530264
FUBP1,19753,28,0.958776992080416
FAM135A,22584,32,0.958388842900888
BTAF1,12000,17,0.958209144992844
MSRB2,12000,17,0.958209144992844
ZNF57,12000,17,0.958209144992844
BBS4,21182,30,0.957959011251018
TMBIM6,19771,28,0.957904098152064
RNF115,12007,17,0.957650515525455
FLVCR1,13422,19,0.957478437764025
UBQLN1,16255,23,0.957047511238262
IL13RA2,6361,9,0.956995178886294
AK7,12016,17,0.956933234014159
ATP6V1E1,12016,17,0.956933234014159
DENND6A,18380,26,0.956798480566368
MYOT,12021,17,0.956535208378183
SNX4,12021,17,0.956535208378183
USO1,12021,17,0.956535208378183
TOPBP1,27594,39,0.955966300979009
USP29,4953,7,0.955921760779551
SMCO2,19821,28,0.955487711243855
IREB2,16991,24,0.955399342066697
CRISP1,12036,17,0.955343115645907
ZYG11A,4249,6,0.955118276127044
TMEM168,12044,17,0.954708546987225
ACOT1,4251,6,0.954668914435148
DNAJC10,19838,28,0.954668914435148
BFAR,16298,23,0.954522474854457
CSNK1G3,16302,23,0.954288264947733
FMO4,12051,17,0.954153990533079
RAB28,12057,17,0.953679168940378
ARSK,4256,6,0.95354735790973
ADGRG7,12060,17,0.953441935316263
NCR3,4257,6,0.953323362758706
AHCTF1,20585,29,0.952883402984783
SNAP23,19880,28,0.95265200827789
TTC8,9232,13,0.952445627860152
CASP1,12075,17,0.952257535396616
XKR9,9234,13,0.952239336842639
ULK2,31262,44,0.95198159870134
HACE1,21318,30,0.951847629999018
SH3BGRL,8528,12,0.951758338476504
IMMP1L,12082,17,0.951705821876687
MYH15,18479,26,0.951672497040416
NEK4,12090,17,0.951076074434585
CAMLG,9249,13,0.950694997989504
CIAPIN1,14244,20,0.949709247230135
POP1,8547,12,0.949642577574309
DDX21,15672,22,0.949491090435212
CDK8,28509,40,0.949009682384232
DDX60,21382,30,0.948998586489527
PUM1,35653,50,0.948563831763529
GPATCH11,7846,11,0.9482809310031
POLR1B,19259,27,0.948249597522569
SLC9B1,17126,24,0.947868166592038
LY9,12137,17,0.947393074063948
RALGAPA1,41418,58,0.947177789871155
PTPN9,20000,28,0.946936096228223
CLPX,12858,18,0.946872971363465
SGCE,35718,50,0.946837625115211
COQ6,13573,19,0.946826463690322
IMMT,11431,16,0.946734915058773
EPM2A,27149,38,0.946721838128015
VSIG10,12149,17,0.946457300182248
METAP1D,20012,28,0.946368275263065
SAR1B,17876,25,0.945937186559216
PIGH,9296,13,0.94588834298676
TARDBP,16449,23,0.945760064148456
WDR12,24324,34,0.945445629001327
MED17,27904,39,0.945345975817617
WDR4,4293,6,0.945329036865551
DYNC1I1,12164,17,0.945290179210304
RABGAP1L,47962,67,0.94486585283723
ATG12,12171,17,0.944746507264328
GSTA3,7876,11,0.944668890890087
SMARCAD1,16473,23,0.944382158391182
TSGA10,20781,29,0.943896099823962
COQ10B,4301,6,0.943570694085983
TSPAN19,9320,13,0.943452579013404
ATG2B,22225,31,0.943436252067328
CMTR2,5019,7,0.943351361056209
C1QTNF7,12191,17,0.943196599123463
ZNF248,12909,18,0.943132129970674
GINS3,4304,6,0.942913000758321
CNTRL,50220,70,0.942787829777203
BIRC2,10764,15,0.9425626057376
AKAP3,7894,11,0.942514844774553
GTF2B,7896,11,0.942276112544367
ADGB,20106,28,0.94194379411939
KLHL32,20118,28,0.941381942765904
RNF6,8623,12,0.941272771718384
SNX14,56806,79,0.940644494319383
PPEF1,20856,29,0.940501766898818
GABPB2,12226,17,0.940496461632106
PRKAA1,12226,17,0.940496461632106
EFHB,12948,18,0.940291370543052
LATS1,10071,14,0.940260248464127
DAZL,8633,12,0.940182452279349
RUNDC3B,13682,19,0.939283408249433
ZNF106,22332,31,0.938915936870695
CDC42BPA,29537,41,0.938880047430998
SENP1,17290,24,0.938877398557273
PHTF1,18736,26,0.938618492357486
KLHL7,20898,29,0.93861158246922
USP15,32429,45,0.938580642772783
RNF141,4324,6,0.938551701032334
TOR1A,8651,12,0.938226229398639
SMAD4,37496,52,0.938017712439185
PAQR3,12259,17,0.937964739368148
TAMM41,21640,30,0.937684278018441
BPTF,38232,53,0.937651576467279
DONSON,12988,18,0.937395493208457
SLC13A3,28161,39,0.936718657335136
IMMP2L,18781,26,0.936369526266432
NUP58,20956,29,0.936013783662997
PRKACB,19521,27,0.935522719055743
EFR3A,21692,30,0.935436463964552
KLHL12,9402,13,0.935224211487442
LARP7,20251,28,0.935199344455309
CALB1,16638,23,0.935016666376845
ZNF583,4342,6,0.934660883294291
GALNT13,51397,71,0.934357797873192
IFT52,23901,33,0.933878773019998
GFM1,21004,29,0.93387473102465
C1orf87,10143,14,0.93358581901629
UBP1,25360,35,0.933493785713942
ICE2,20293,28,0.933263781824494
STRN3,20305,28,0.932712234649813
CAGE1,4352,6,0.932513225014663
IL6ST,20310,28,0.932482615685104
LGALS2,6529,9,0.932370398666828
ANO6,12341,17,0.931732415518526
ATP13A3,42109,58,0.931634797807678
TMEM135,13073,18,0.931300594032849
KDM6A,32698,45,0.930859124854076
CFAP69,27622,38,0.930510143484812
FEZ2,31267,43,0.930196878905043
ANGPTL5,8000,11,0.93002652308129
C6orf58,8000,11,0.93002652308129
CCL26,8000,11,0.93002652308129
CLEC4D,8000,11,0.93002652308129
GABRA3,16000,22,0.93002652308129
GBP2,16000,22,0.93002652308129
KPNA7,8000,11,0.93002652308129
MAMDC2,8000,11,0.93002652308129
MNDA,8000,11,0.93002652308129
NUP62CL,8000,11,0.93002652308129
PDC,8000,11,0.93002652308129
PDE6C,8000,11,0.93002652308129
RHAG,8000,11,0.93002652308129
SERPIND1,8000,11,0.93002652308129
TBC1D12,8000,11,0.93002652308129
THG1L,8000,11,0.93002652308129
TMPRSS11E,8000,11,0.93002652308129
ZNF117,8000,11,0.93002652308129
COQ3,8004,11,0.929561742210185
NLRP11,12373,17,0.929322697802807
NEGR1,16013,22,0.929271489995669
COG6,16018,22,0.928981418984932
SLC9C1,8011,11,0.928749492529063
FBXO11,31320,43,0.928622790955427
USP8,26222,36,0.928601377911024
MYO1H,16025,22,0.928575623669307
NUDT21,18940,26,0.928508768363772
SPAST,14585,20,0.927504869218103
TLR4,8022,11,0.927475964179796
E2F7,8024,11,0.927244788715145
TGS1,8024,11,0.927244788715145
ADGRF4,8027,11,0.926898241516173
RBM11,8027,11,0.926898241516173
WDR36,8027,11,0.926898241516173
METTL16,16056,22,0.926782783339602
NBEA,97837,134,0.926390957077164
ZNF461,8034,11,0.926090637870341
USP16,8039,11,0.925514639215116
GBE1,20468,28,0.925284440324626
NDUFS4,8042,11,0.925169383816255
SLC17A4,8043,11,0.92505435591823
ZNF233,8043,11,0.92505435591823
UBE4A,8044,11,0.924939356619881
ERMP1,16090,22,0.924824385910543
ARHGAP28,27064,37,0.924703231505327
CLNS1A,13899,19,0.924618720171864
PSMD1,37322,51,0.924267971162917
CDH19,8050,11,0.924249960826127
SEC63,21223,29,0.924238083703612
BTBD1,16101,22,0.924192557561682
ZNF385B,38058,52,0.924166066152181
CBY1,8052,11,0.924020390542762
TXLNB,27088,37,0.923883943349829
TAF12,16110,22,0.923676248870307
PDS5B,16117,22,0.92327507410192
HFM1,16121,22,0.923045987798564
TNPO1,23449,32,0.923035252167413
ZNF789,11725,16,0.922995890322971
SOCS4,4397,6,0.922969650958338
ZNF737,8063,11,0.92275978973711
CWC15,7331,10,0.92263391880685
DDX43,8066,11,0.922416586244771
ST8SIA4,8068,11,0.922187925712732
ZNF131,13206,18,0.921921298333442
PRR16,22746,31,0.921826725674684
GUF1,8074,11,0.921502623811038
LRRD1,4404,6,0.921502623811038
ZNF114,9542,13,0.921502623811038
CLEC1A,8078,11,0.92104632144718
SNRPC,4407,6,0.920875324543638
EGF,28648,39,0.920794963320817
TTLL1,8081,11,0.920704391121188
WDR41,22777,31,0.920572099143713
MARK3,51434,70,0.920535148178464
KIF15,16167,22,0.920419643056884
CUL2,38950,53,0.920367010821489
SCEL,8085,11,0.920248878744628
CD36,30876,42,0.920070050746427
C6orf89,8088,11,0.919907540139753
PTPN22,8089,11,0.919793816868627
ZFAND4,12505,17,0.919512974003529
BTBD8,13979,19,0.919327247418895
AIMP1,16933,23,0.918727177415576
ZNF225,7364,10,0.918499356161464
MED14,25045,34,0.918227968849202
RERG,11788,16,0.91806301442457
ZSCAN5A,16952,23,0.917697457242682
SF3A3,14015,19,0.916965793197912
GOLGB1,42067,57,0.916486242779524
SCAND1,8857,12,0.91640455126201
CCL5,4433,6,0.915474296247194
PEX7,6650,9,0.915405463593341
EED,21431,29,0.915267829333291
HSD17B6,13316,18,0.914305547145647
GIGYF2,42912,58,0.914201381918426
ZNF283,8881,12,0.913928061088574
CCNB2,8143,11,0.913694238566907
CHMP3,14072,19,0.913251534371002
FSIP1,20000,27,0.913116949934358
IFNAR1,12593,17,0.913087408871129
OSBPL8,25932,35,0.912903069786579
CDH18,24452,33,0.912834800995868
ZMYM1,20009,27,0.912706232129899
SPPL2A,16307,22,0.912517591788842
NEK7,17791,24,0.912438323930934
RNF135,8157,11,0.91212604936255
MTHFD2,20774,28,0.911655045949959
CD163,16325,22,0.911511446817804
ARIH1,21520,29,0.91148256739971
PSMC2,21520,29,0.91148256739971
ABCA6,18553,25,0.911419886106427
ARV1,8165,11,0.911232355744069
MORC3,20042,27,0.91120342274659
SNX16,8908,12,0.91115796031967
EMC4,6682,9,0.911021600253774
NDUFB9,11880,16,0.910953435524986
CENPH,8168,11,0.910897671969922
PTPRQ,30452,41,0.910669248685452
NEK3,14112,19,0.910662952924372
CCDC112,12628,17,0.910556678802196
BAZ1A,23773,32,0.910455290795174
SETD4,15602,21,0.910398759352861
MCTS1,13374,18,0.910340411678738
RGS7,50531,68,0.910214303292168
PKN2,16351,22,0.910062037141499
KLRD1,15612,21,0.90981561897408
IDE,34222,46,0.909169966406285
WDR89,4464,6,0.909116835856589
PLAC8L1,5208,7,0.909116835856589
TDO2,14136,19,0.909116835856589
ATG5,16374,22,0.908783704000284
VIT,8187,11,0.908783704000284
ARHGAP29,20099,27,0.9086192844762
PITHD1,8939,12,0.907998110585929
TMC1,24603,33,0.907232311260861
SLC25A26,28332,38,0.907191556661636
LYST,55930,75,0.907003744695113
LRRIQ1,17153,23,0.906943817126913
RINT1,12682,17,0.906679525304694
SPG11,42530,57,0.906508976604896
TTC3,41784,56,0.906505931675496
RDX,24628,33,0.906311375424353
DENND4A,20169,27,0.905465764226643
BBS9,36606,49,0.905391557886352
NKTR,25405,34,0.905216275529552
STRAP,13452,18,0.905061899032964
SPATA18,8238,11,0.903157584929633
FIG4,45691,61,0.903008436639938
PPWD1,20979,28,0.902746647817554
SPTLC2,29226,39,0.902584483309888
MICU2,16495,22,0.902117270039445
SCN2A,21746,29,0.902009788027304
ALB,22498,30,0.901924072198376
GTF2F2,21000,28,0.901843901169736
TPH1,13507,18,0.901376520751569
CHM,8256,11,0.901188491357839
UBA6,12013,16,0.900867960878784
ADAM9,20272,27,0.900865183439579
CCDC181,8260,11,0.900752080466141
SCAF11,25538,34,0.900501976655504
SAMSN1,24047,32,0.900081242070681
ABCB7,15031,20,0.899983934372034
GMCL1,12026,16,0.899894130553536
APOH,12778,17,0.899867721076392
TTBK2,9021,12,0.899744497342603
PGAP1,20299,27,0.899666929340714
SESTD1,19551,26,0.899491385239111
TEX14,12032,16,0.899445380155987
CCDC125,11283,15,0.899206229563018
NDRG3,12037,16,0.899071763233101
ZDHHC17,20317,27,0.898869862611958
MTMR9,8278,11,0.898793450670491
LRIF1,12043,16,0.898623832436837
TAF1B,8280,11,0.898576350803179
SEC31A,51197,68,0.898373712515509
A1CF,12048,16,0.898250897579418
MCCC1,20334,27,0.898118373103529
USH2A,12052,16,0.897952772488951
NUMB,27873,37,0.897864178863422
NCOA3,12054,16,0.897803784141101
CCDC91,36162,48,0.897803784141101
WDR11,30169,40,0.89679197305486
EPS8,44513,59,0.896515459006601
STK31,12826,17,0.896500057688612
TUSC3,24146,32,0.896390856790925
UEVLD,12073,16,0.896390856790925
RPA3,10566,14,0.896210577539488
USP34,52077,69,0.89618107582107
RRN3,8303,11,0.896087219637519
GPALPP1,12082,16,0.895723126472176
ARSB,12838,17,0.895662076640764
ZNF334,27189,36,0.895574877030522
OSBPL9,42342,56,0.894559629897712
NCOR1,45371,60,0.894469497093697
LRRC69,12102,16,0.89424283705477
LRPPRC,67347,89,0.893849472182575
CDC42SE2,20435,27,0.893679422495089
MDM4,12111,16,0.89357830187737
YIPF4,8327,11,0.893504525597493
IQCH,24251,32,0.892509736838632
CCDC102B,20470,27,0.892151392217252
POLB,26561,35,0.891284304269627
CPD,23528,31,0.891187976121913
TMED7-TICAM2,12147,16,0.890930008564817
SLU7,14432,19,0.890470869710971
AKAP14,8356,11,0.8904035644627
TRPM7,28108,37,0.890357487457669
MPP7,22033,29,0.89026028459319
CBFB,19002,25,0.889883862063601
BARD1,16723,22,0.889817877731307
DZIP3,8368,11,0.889126695106396
TSG101,14467,19,0.888316554342209
CEP78,13706,18,0.888289264978216
SEC23A,28201,37,0.887421306246593
NAA15,25916,34,0.887367629257149
THAP6,4574,6,0.887253510114519
ALDH1L2,16014,21,0.886976485788894
LYZL1,6864,9,0.886865724489469
MROH2B,16018,21,0.886754990849253
CCDC144NL,8392,11,0.88658391142163
IPO11,32806,43,0.886559343191001
OLR1,12970,17,0.886546626053518
IL20RB,16026,21,0.886312332673365
VRK1,25196,33,0.885880161690386
RRH,9164,12,0.885704398791753
SCIN,20649,27,0.884417598851623
TIAL1,20652,27,0.884289124476426
ARHGDIB,10717,14,0.883583182073549
G3BP2,41345,54,0.883412214230846
CUL3,45952,60,0.883160157395502
ASPM,12257,16,0.882934389657896
SPDYA,16089,21,0.88284178279715
GPCPD1,17636,23,0.882105199318323
RC3H2,16888,22,0.881124133662994
KNTC1,31481,41,0.880902765508382
RAD21,21502,28,0.880788853342222
COG7,12289,16,0.880635268454458
DISC1,14600,19,0.880224355593749
GSK3B,69185,90,0.879879501755542
GINS1,23842,31,0.879450998330525
FRA10AC1,17691,23,0.879362800021364
AGBL2,13077,17,0.879292631330897
NGLY1,23080,30,0.879180579563218
EXD2,16157,21,0.879126164722618
NUP98,51550,67,0.879100989986018
NEMF,28475,37,0.878882116153123
ZDHHC21,16167,21,0.878582386554298
NAA16,25412,33,0.878350250037422
ABHD3,13092,17,0.878285192477401
CTCF,27728,36,0.878165945310981
HERC6,12325,16,0.878063027508059
SERPINA9,7704,10,0.877963299425366
MAP4K3,36236,47,0.877304269683
SRPK1,17734,23,0.877230590683317
EPGN,4627,6,0.877090459317876
XKR3,7712,10,0.877052549114759
RPGR,20052,26,0.877017557989719
SMC6,20057,26,0.876798926699399
SPAG9,50144,65,0.876772698269476
SUCLG1,17744,23,0.876736209151147
PRCP,33185,43,0.876434106154105
DDIAS,17767,23,0.875601243607697
ZNF410,24731,32,0.875187158953284
GTF2IRD2,22417,29,0.875010253398838
IAPP,8505,11,0.87480448967082
CWC27,29386,38,0.87465293620559
ZBTB11,19333,25,0.874648173947786
C11orf65,13147,17,0.874610918073639
NTS,7734,10,0.874557700901606
GABRR1,8516,11,0.87367451675086
TMBIM4,8516,11,0.87367451675086
G2E3,28647,37,0.873605203248514
CDKL1,20908,27,0.873461784899902
PIAS1,16267,21,0.873181376001927
IGSF5,20150,26,0.872752162422325
PPM1D,12401,16,0.87268178485903
CLCN3,24049,31,0.871881188498331
CYB5D2,8534,11,0.871831753532965
PRRC2C,27961,36,0.870848157490178
IPO5,34953,45,0.870804556532446
B3GALNT2,20198,26,0.870678090544106
NDUFV2,15538,20,0.870617744725579
AKR1C3,21754,28,0.870585727892087
PLCZ1,22533,29,0.870505696109784
RIF1,20207,26,0.870290299045373
AGPS,8550,11,0.870200255514657
CDC42,27983,36,0.870163503969656
ZNF573,16325,21,0.870079108326085
ANKIB1,28000,36,0.869635190413674
WDR35,14007,18,0.869200590118615
NEK9,31907,41,0.869141566457811
METTL3,10901,14,0.868669017730688
SLCO6A1,16366,21,0.867899391630413
USP14,12475,16,0.867505155433814
CPB1,27299,35,0.867189362456704
UTY,17169,22,0.866703032750926
ANAPC5,36681,47,0.866661146539985
PARPBP,7805,10,0.866602083122744
C15orf40,7025,9,0.866540403259177
RBL2,22647,29,0.86612376254876
PREPL,10153,13,0.866047280252627
CENPI,6249,8,0.865908690513429
THUMPD1,7812,10,0.865825557958656
RPRD1A,14843,19,0.865813891509044
GLCCI1,21881,28,0.865532741856609
TTC21B,31260,40,0.86549318730301
PIGN,35220,45,0.864203056913078
CLCN5,18787,24,0.864065056744304
CARD8,24274,31,0.863799567528893
GLRX2,4700,6,0.863467564949747
CACNA2D1,40752,52,0.863072049117091
ARHGAP11B,17253,22,0.862483299675456
XPO1,40026,51,0.861828042266087
ABCC9,20419,26,0.86125452141681
ETNK1,18063,23,0.861252687547913
OAS1,11781,15,0.861195474761016
RNF111,25919,33,0.861168893628264
SLC22A10,8643,11,0.860836767864205
CCT6A,14934,19,0.860538073635244
PRPSAP2,28307,36,0.860203671585928
G3BP1,23598,30,0.859881675409741
CDC16,13375,17,0.859701662797318
ANLN,25971,33,0.859444632626813
DNAJC2,17319,22,0.859196510728139
TMEM62,25209,32,0.858592313383064
APOL2,4727,6,0.858535552203049
ZC3H7A,33883,43,0.858379299729185
MYPN,27617,35,0.857203983260512
UBIAD1,4736,6,0.856904044608068
IGSF10,14228,18,0.855699512636452
U2SURP,24506,31,0.855621917171157
MYCBP2,58521,74,0.855288469351521
ZNF345,9491,12,0.855188611371576
TRIQK,12656,16,0.855098515647664
DNAH14,34823,44,0.854631959871387
RTTN,56247,71,0.853791095299099
MAPK10,85588,108,0.853499976570882
AVL9,12684,16,0.853210880955285
HAVCR1,8723,11,0.85294189896255
TMEM70,10311,13,0.852776455863149
MYO6,15867,20,0.852565608971201
GBP5,14281,18,0.852523819465824
PLEKHA5,54749,69,0.85244336673791
N4BP2L2,27000,34,0.851741462215862
ZNF638,40524,51,0.851237025460034
ACTR8,15099,19,0.851134220257549
A2M,25436,32,0.850929927192706
MFN1,15898,20,0.850903165023653
NOX4,17492,22,0.850698854865118
C1orf162,4776,6,0.849727293815706
STXBP5,40598,51,0.84968543326623
NME1,4778,6,0.849371610561702
RAD51,10357,13,0.848988899913578
ANKRD36B,11952,15,0.848874153962477
RGPD6,27897,35,0.848600294142939
ZWILCH,18354,23,0.847597651475316
ECT2,23945,30,0.847420663032744
ZMYM6,11977,15,0.847102270030853
VEZT,22361,28,0.846953263474999
UNC13C,22373,28,0.846498990951793
RABGGTB,15185,19,0.84631383547374
CCDC186,12788,16,0.846272037381673
PEX1,23985,30,0.846007411979115
MLH3,16794,21,0.84578072189016
RFC1,29592,37,0.845707226867402
ACTL8,8000,10,0.845478657346627
ADAM21,8000,10,0.845478657346627
ANKRD22,8000,10,0.845478657346627
ANKRD61,4000,5,0.845478657346627
ARSH,4000,5,0.845478657346627
B3GNT6,4000,5,0.845478657346627
BBS10,4000,5,0.845478657346627
BLACE,4000,5,0.845478657346627
BMP5,4000,5,0.845478657346627
BORCS7-ASMT,4000,5,0.845478657346627
CD5L,8000,10,0.845478657346627
CKS2,4000,5,0.845478657346627
CTAGE9,4000,5,0.845478657346627
CXCL9,4000,5,0.845478657346627
DUXA,4000,5,0.845478657346627
EID1,4000,5,0.845478657346627
FER1L6,4000,5,0.845478657346627
GLO1,8000,10,0.845478657346627
GRXCR1,4000,5,0.845478657346627
HNRNPH2,4000,5,0.845478657346627
IDI2,4000,5,0.845478657346627
KLRF2,4000,5,0.845478657346627
KRT10,4000,5,0.845478657346627
KRT24,4000,5,0.845478657346627
KRT27,8000,10,0.845478657346627
KRTAP19-7,4000,5,0.845478657346627
LPA,4000,5,0.845478657346627
MAGEB10,4000,5,0.845478657346627
MCM6,12000,15,0.845478657346627
MRGPRX2,4000,5,0.845478657346627
MYH4,4000,5,0.845478657346627
MYOZ2,4000,5,0.845478657346627
NUDT19,4000,5,0.845478657346627
NUPR2,4000,5,0.845478657346627
PCDHB4,4000,5,0.845478657346627
PLA2G4A,8000,10,0.845478657346627
PLN,4000,5,0.845478657346627
PRR32,4000,5,0.845478657346627
PURB,4000,5,0.845478657346627
RGS21,4000,5,0.845478657346627
RNASE10,4000,5,0.845478657346627
SLCO1B1,8000,10,0.845478657346627
SPDYE5,4000,5,0.845478657346627
TAF7,4000,5,0.845478657346627
TAL2,4000,5,0.845478657346627
THAP11,4000,5,0.845478657346627
TNMD,8000,10,0.845478657346627
ZNF157,4000,5,0.845478657346627
ZNF625-ZNF20,8000,10,0.845478657346627
ZNF716,4000,5,0.845478657346627
ZNF728,8000,10,0.845478657346627
ZNF735,4000,5,0.845478657346627
ZSWIM5,8000,10,0.845478657346627
MSS51,8001,10,0.845372985723412
TLR10,8002,10,0.8452673405115
INTU,24009,30,0.84516172170099
EPS15,20008,25,0.845140601106185
USP9Y,20809,26,0.845112983459554
SH2D1B,4002,5,0.845056129281987
ZNF557,4002,5,0.845056129281987
SLC14A2,8005,10,0.8449505632446
MMP7,4003,5,0.844845023578943
ZKSCAN3,4003,5,0.844845023578943
RARS2,19215,24,0.844818642781954
UQCRC2,20819,26,0.844707049945235
CCNC,12812,16,0.844686763505841
INSL6,8008,10,0.844634023323304
EVI5,24831,31,0.844423128436082
SLC52A1,8010,10,0.844423128436082
VPS13B,32045,40,0.844291372603903
POLG2,16824,21,0.844272553698487
GALNT11,24837,31,0.844219136860183
EXOC6B,24036,30,0.84421233883837
METTL14,12023,15,0.843861256604802
AP5S1,8016,10,0.843791075196235
C2orf49,4008,5,0.843791075196235
CYP2J2,8018,10,0.84358060099439
EHHADH,8018,10,0.84358060099439
SLC30A9,12028,15,0.84351046625869
C5orf22,12029,15,0.843440343183933
SHPRH,20865,26,0.842844767448351
RANBP6,4013,5,0.842739753148894
SLC9A9,8027,10,0.842634765014703
SNRNP48,8028,10,0.842529803036002
URM1,4014,5,0.842529803036002
CEP126,12044,15,0.842389894400492
TBCA,20078,25,0.842194100355242
FSD2,4016,5,0.842110216480705
DEPDC4,12050,15,0.841970447150168
SLC25A41,4017,5,0.841900579882129
SPATC1L,4017,5,0.841900579882129
CEP120,21694,27,0.841815202299583
CEBPZOS,8035,10,0.841795800718484
RLBP1,8035,10,0.841795800718484
UPF3B,8035,10,0.841795800718484
ZC3HC1,8035,10,0.841795800718484
PATE2,4018,5,0.841691047632282
SLN,8036,10,0.841691047632282
SPCS3,8036,10,0.841691047632282
PON1,12056,15,0.841551417398767
TMLHE,16075,20,0.841533966876892
TPX2,4019,5,0.841481619653274
PSMC6,16882,21,0.841371960870948
CD46,20903,26,0.841312542353244
SLAMF6,4020,5,0.841272295867291
ZNF43,12061,15,0.84120254441253
KIR3DL1,4022,5,0.840853960563528
HTR2A,4023,5,0.840644948890507
LSM8,4023,5,0.840644948890507
MED28,4023,5,0.840644948890507
HSFY2,8049,10,0.840331626136541
NDUFB6,4025,5,0.840227237114661
SPARCL1,6442,8,0.839966377991061
ADAM29,8053,10,0.839914225602014
C3orf33,4027,5,0.839809940249941
PPFIA2,49134,61,0.839731315962784
CDH6,12083,15,0.839670933390675
CMTM6,8056,10,0.839601447216115
DDX27,12085,15,0.839531972541128
TBC1D7,9671,12,0.839271544879291
GIMAP2,4030,5,0.839184771559928
HIBCH,37886,47,0.83909617051769
SAAL1,17734,22,0.839090130218825
TOR1AIP2,4031,5,0.838976588783555
TPRKB,8065,10,0.838664508217361
FAM221A,8069,10,0.838248761776307
CLEC4E,5650,7,0.83799654533471
MOSPD2,12108,15,0.837937222345518
PIKFYVE,12108,15,0.837937222345518
AMBN,4039,5,0.837314837679255
BIRC3,8079,10,0.83721119677844
TNFRSF13B,4040,5,0.837107581531314
PLEKHA1,16161,20,0.837055783524908
ZNF554,8082,10,0.836900427960037
ZNF586,4041,5,0.836900427960037
CNTN5,24248,30,0.836831399551264
CCDC150,35565,44,0.836801595349396
POLD3,23447,29,0.836572049748017
KLHL6,8086,10,0.836486428243015
PSMD12,8086,10,0.836486428243015
ZNF726,4043,5,0.836486428243015
ZNF90,4043,5,0.836486428243015
UFSP2,19415,24,0.836115901161744
SUCO,21034,26,0.836072837920027
TGDS,8090,10,0.836072837920027
TDRKH,9708,12,0.836072837920027
LUC7L3,22653,28,0.836035930100404
GPRC6A,4046,5,0.835866196091574
CHCHD2,4048,5,0.835453218721964
CREBL2,4049,5,0.835246883029516
OTOA,20246,25,0.835205628120743
SLF1,17009,21,0.835089743278461
YARS2,8101,10,0.834937570518827
FAM177B,6482,8,0.834783000157115
KNG1,4052,5,0.834628487015427
LAMTOR3,4052,5,0.834628487015427
POF1B,4052,5,0.834628487015427
ZNF562,4052,5,0.834628487015427
C8orf34,17833,22,0.834431916632123
ARMC1,4055,5,0.834011006013936
GLYATL3,4056,5,0.833805381998646
LEMD3,12984,16,0.833497136016392
C12orf56,16232,20,0.83339443799569
DNAH7,24350,30,0.833325986707148
ADAM18,12178,15,0.833120700292292
EIF2AK2,14614,18,0.83309789693386
SCNN1B,17874,22,0.83251786781362
USP37,26817,33,0.832331601370435
TP53BP2,22764,28,0.831959318422266
TFDP2,42278,52,0.831919961815121
ZNF195,16261,20,0.83190815555907
RIOK3,15453,19,0.831636290148757
PSME4,25219,31,0.831431488250778
ARPC3,15464,19,0.831044722689391
UQCRHL,5699,7,0.830791451332008
NIPA2,12230,15,0.829578404591948
ADAM7,8154,10,0.829510578706527
RWDD1,8154,10,0.829510578706527
HAT1,8159,10,0.829002237868981
PDCD6IP,35101,43,0.828593652964986
CLK1,14696,18,0.828449419283576
ADSL,18787,23,0.828062346046625
ABCG2,8990,11,0.827609809193584
DISP1,16354,20,0.827177358294365
CRLF2,8178,10,0.827076211637689
CLDN12,8181,10,0.826772920030928
ZNF350,8186,10,0.826267928020159
CDC27,31108,38,0.82623605449844
ZNF669,4094,5,0.826066103904863
API5,16380,20,0.825864378360564
SMARCC1,20477,25,0.825783715726549
CSRNP3,9829,12,0.825780355125407
C5orf63,8195,10,0.825360495274316
TUBE1,9835,12,0.825276574532549
CCDC88A,81971,100,0.825149047684305
PIK3CA,25413,31,0.825084433250555
ADH6,9840,12,0.824857226679637
OR13A1,9030,11,0.823943763527167
METTL25,22166,27,0.823889695871477
ORC2,16422,20,0.823752193249668
MTX2,4107,5,0.823451334157904
TCEANC,4107,5,0.823451334157904
STARD7,13151,16,0.822912844197158
TATDN1,18084,22,0.822850274789905
CHRM5,8223,10,0.822550074032959
NEDD4,18934,23,0.82163342638523
RPA2,8233,10,0.821550984911092
DDX19B,12352,15,0.821384705971465
APPL1,13178,16,0.82122680331134
NUP205,26364,32,0.820977606890975
WDR49,16482,20,0.820753459382723
ZNF438,16485,20,0.820604095695847
RPGRIP1,26385,32,0.820324185259567
EXOC5,17316,21,0.820284213641912
RBM39,39629,48,0.819258130210464
NF1,69376,84,0.818959954071918
METAP2,11566,14,0.818723928954023
TBC1D31,34701,42,0.818653147945209
TM7SF3,27274,33,0.818385149004582
ACTR3,16535,20,0.818122680226552
FBXO9,28948,35,0.817790604038468
HECTD1,39707,48,0.817648788427997
PPP4R1,33105,40,0.817257726479144
CCDC66,22361,27,0.816704932636606
CCDC18,24850,30,0.816558864238191
NEK10,21538,26,0.816508314272906
COL21A1,33139,40,0.816419235193943
RANBP17,38950,47,0.816174519030377
UBR5,37317,45,0.815639833439949
GTF2H2,9122,11,0.815633872467696
PSPC1,13274,16,0.81528754060847
BORCS7,4150,5,0.814919187803978
CEP57,20758,25,0.814605123178175
CAPN7,17444,21,0.814265159563365
NFU1,9138,11,0.814205754503209
CDC7,8309,10,0.81403649762583
NUDT13,4155,5,0.813938538961856
DDX19A,18291,22,0.813538044355182
MCU,16630,20,0.813449099070718
MSR1,24140,29,0.812556124707612
KRT12,7493,9,0.812417767635889
TFB1M,22495,27,0.811839919923857
HEATR5B,20000,24,0.811659511052762
RNF19A,29184,35,0.811177439888486
PLSCR2,16684,20,0.810816262140137
UVRAG,32534,39,0.810811277716075
ANKRD36C,20038,24,0.810120282515982
CGRRF1,10022,12,0.809877779936901
DPP8,24220,29,0.809872206872079
TMC7,8353,10,0.809748504581949
RDH12,15036,18,0.809716192191503
CMBL,8354,10,0.809651575146399
PRIMPOL,15039,18,0.809554668913587
MYSM1,25912,31,0.809195380603441
STX12,8360,10,0.809070485499165
ATF7IP,36797,44,0.80878464925405
TMED9,5019,6,0.808586880905322
CNTN6,8366,10,0.808490229353696
GMFB,8367,10,0.808393600905106
MCCC2,32638,39,0.808227652099233
ERCC8,21764,26,0.808029593494296
NGDN,8373,10,0.807814314913773
SPINK1,7541,9,0.807246563174078
TMX3,21786,26,0.807213626769937
TMED2,5029,6,0.806979032663315
PRELID2,20142,24,0.805937355826395
ZNF33B,12594,15,0.805601388610412
NSL1,4201,5,0.805026096021545
WDR17,20165,24,0.8050181116318
HSD17B4,44538,53,0.804892340731443
PSKH2,11769,14,0.804602002063236
EDEM3,21031,25,0.804030866194311
ZFYVE16,20190,24,0.804021308620864
SAV1,10941,13,0.803672245352795
LRRC28,31146,37,0.803511470412257
TTC14,10107,12,0.803066697390682
MPHOSPH9,41285,49,0.80277978364994
CEP112,42129,50,0.8027521729418
ODF2L,28648,34,0.802744326997636
ADH4,13486,16,0.802471215633756
RAB38,20234,24,0.802272917913178
DPY19L1,34571,41,0.802166554654751
ZNF614,5903,7,0.802080379661378
CCDC178,21083,25,0.802047770570249
FUT3,8437,10,0.80168653061195
ERAP2,21101,25,0.801363591627532
GTF2IRD2B,16039,19,0.801251673525079
CFAP47,16051,19,0.800652644175985
SREK1,24508,29,0.800355184039569
ATXN10,30426,36,0.800295317543643
MTRF1,10991,13,0.800016198380941
PROS1,20296,24,0.799822143331457
VPS13A,36375,43,0.799572943305127
RBM26,12689,15,0.799570012464302
ARHGEF12,38073,45,0.799444006631434
STX17,16088,19,0.798811262535352
TANK,21170,25,0.798751683841878
KLRC1,9321,11,0.798220382432177
PRKAR2A,23730,28,0.798091947937819
NUP54,15262,18,0.797725898688995
TERF1,11031,13,0.797115224041785
EIF4B,15282,18,0.7966818914927
POC5,16134,19,0.796533754287141
PPIP5K2,33124,39,0.796369221990544
ALS2,44198,52,0.79578062685234
FBXL2,22102,26,0.795672612107947
TOMM7,8505,10,0.795276808791654
RRAS2,24683,29,0.79468074587537
ARGLU1,8514,10,0.794436135632255
CDKN3,11077,13,0.79380500464069
LIPA,16208,19,0.792897062664656
SIGLECL1,16223,19,0.792163939571518
AKAP9,29042,34,0.791853848902564
STK4,23064,27,0.791811437681545
CHN1,47040,55,0.790838880171165
ACSM6,4277,5,0.790721213323944
KDM5A,28231,33,0.790642788209804
MALT1,29100,34,0.790275583499253
RNF216,21404,25,0.790019302323517
UGGT2,24832,29,0.789912405381836
FRRS1,11993,14,0.789573998355893
LRCH3,34270,40,0.789475256349346
HMSD,12000,14,0.789113413523519
PAK2,12000,14,0.789113413523519
SIMC1,16289,19,0.788954238545567
ACER3,36867,43,0.788902427990452
C1orf141,12008,14,0.78858768839792
PTPRC,22301,26,0.788572533644673
TATDN3,11157,13,0.788113116106922
INTS2,12875,15,0.788018942769672
RGS22,33505,39,0.787313359475146
FXR1,30071,35,0.787250254587661
RGPD1,12029,14,0.787210986971671
ANKRD26,43822,51,0.787173776179599
EFCAB3,12030,14,0.787145549649395
CCDC138,12031,14,0.787080123205239
DYTN,11174,13,0.786914089529705
TEX28,7736,9,0.786898440136468
CPA6,12035,14,0.786818526155565
ZC3H12B,12038,14,0.786622442455743
PHAX,14636,17,0.785631985509301
STAM,12057,14,0.785382845009723
DAP3,23264,27,0.785004255445631
GTPBP10,12065,14,0.784862077271631
CP,26719,31,0.784755069508453
PTPN12,31034,36,0.784616399161657
GCC2,35352,41,0.784445009079243
NARS2,15524,18,0.784262604083447
LIPH,12078,14,0.784017301066586
COPS3,25882,30,0.783999991357664
ERLEC1,12079,14,0.783952393598992
ANXA1,14668,17,0.783918035172766
GALNTL5,12083,14,0.78369287116463
MIOS,13833,16,0.782341271888732
EIF3L,20752,24,0.782247022988399
IRAK4,17300,20,0.781945579048904
COMMD1,12111,14,0.781881014142699
ZDHHC20,23358,27,0.781845149357272
MAP2K4,24246,28,0.781107066096035
SUPT20H,30318,35,0.780836546134493
KRT20,4332,5,0.780682047411475
SC5D,9536,11,0.780223593189002
ZNF440,9536,11,0.780223593189002
SNU13,13871,16,0.780198025667712
GTF2H1,20813,24,0.779954366071938
TPR,22549,26,0.779899599663393
NKAP,12147,14,0.779563757494215
CCDC82,19969,23,0.779047888986827
ARHGAP12,25196,29,0.778500748152157
UBXN8,20026,23,0.776830485128231
AAR2,4354,5,0.776737397654228
SCAPER,47027,54,0.77667463366522
ANKRA2,13076,15,0.775905773031472
DERA,20061,23,0.77547516550411
SLC35A3,9605,11,0.774618655351413
ZFP69B,4374,5,0.773185786325219
MREG,13137,15,0.772302952588835
PYHIN1,8772,10,0.771070366937189
ERC1,49135,56,0.770885190783126
CTNNA3,28090,32,0.770532347030034
NPFFR2,12294,14,0.770242472936573
SLC15A2,17571,20,0.769885522596667
GNRH1,4393,5,0.76984170939825
DERL1,12302,14,0.769741583667877
FNBP4,27267,31,0.768983412263775
BBOX1,8797,10,0.768879079092079
FANCI,36069,41,0.768851367128819
LSG1,14959,17,0.768668342797923
GABPB1,14968,17,0.768206155793301
CNGA1,15855,18,0.767889792859756
NDUFA5,16738,19,0.767790392619712
LRRK2,29956,34,0.767693266117915
LIPT2,4409,5,0.767047999407238
IFI44,11478,13,0.766072315421234
KTN1,52149,59,0.765241761620756
C2orf42,13260,15,0.765139056422287
REXO4,6196,7,0.764151142856862
HINT1,8853,10,0.764015504210213
PAFAH1B1,31878,36,0.76384294283151
SYNRG,31027,35,0.762993599307235
NLRC4,8867,10,0.762809209289841
LARP4,12424,14,0.76218294931441
ADAM10,16862,19,0.762144205412688
ZNF45,13313,15,0.762092983411668
CCDC90B,12426,14,0.762060273803495
XPOT,15093,17,0.761843883914009
PIK3CB,34638,39,0.761560543599942
TAF5,9770,11,0.761536559329613
ASB5,24000,27,0.760930791611965
DAND5,8000,9,0.760930791611965
GBP4,8000,9,0.760930791611965
HEMGN,8000,9,0.760930791611965
KLHL31,8000,9,0.760930791611965
LONRF2,8000,9,0.760930791611965
MMRN1,16000,18,0.760930791611965
PPIL4,8000,9,0.760930791611965
SULT1E1,8000,9,0.760930791611965
ZSCAN16,8000,9,0.760930791611965
TEX101,8002,9,0.76074060646035
NXT2,5337,6,0.76040801110433
ANKRD13C,16012,18,0.760360521221049
RIOK1,16015,18,0.760218087155257
GAPVD1,27582,31,0.760201243644274
ZNF425,8018,9,0.759222540894951
SMCHD1,61476,69,0.759164908021567
BRCA2,13375,15,0.758560290703516
DYNC2H1,24972,28,0.758398283059605
GNGT1,8027,9,0.758371288513233
PNO1,8029,9,0.758182380482715
GOPC,8031,9,0.757993566541616
CLEC2B,8032,9,0.757899194832634
STAU1,8033,9,0.757804846619659
GJB7,8037,9,0.75742768855241
NUDCD1,16076,18,0.757333457687947
KRR1,8039,9,0.757239250266914
L3MBTL2,8042,9,0.756956768576936
SNIP1,8045,9,0.756674497563172
SYCP3,8046,9,0.756580454001456
ZNF571,8046,9,0.756580454001456
PALB2,9836,11,0.756426614950216
LRP6,19673,22,0.756388164962164
AGL,14309,16,0.756316081769294
HBS1L,24147,27,0.756298463522887
CENPE,16102,18,0.756110586622248
MNS1,8052,9,0.756016683171351
CD163L1,25952,29,0.755822474200129
FAF1,12529,14,0.75579543158131
ZRANB3,23278,26,0.755475387611043
CENPW,8059,9,0.755360011526953
MNAT1,19700,22,0.755351490827444
NLRP2,24180,27,0.755266294403935
EIF3CL,8063,9,0.754985282512181
ZNF322,8067,9,0.754610925114134
PEX2,8966,10,0.754386488821439
RNF114,8071,9,0.75423693878029
SREK1IP1,8072,9,0.754143500110966
LRRC34,13462,15,0.753657991989268
RDM1,4491,5,0.753042669647408
KIF20B,8089,9,0.752558577437967
TMPO,13485,15,0.752372553812349
FAM81B,13486,15,0.752316764656646
SMN1,11691,13,0.752115134411507
RGPD5,25181,28,0.752103646581329
ZRANB2,10792,12,0.752093690745703
SMN2,15301,17,0.751487467480173
CYP3A43,8103,9,0.751258340478306
MAP3K7CL,27950,31,0.750192153924736
MRAP,8117,9,0.749962588751474
TMEM248,12628,14,0.749870206072397
MYH13,8124,9,0.749316387604101
BCAS3,43335,48,0.749195348842979
LRIT3,7223,8,0.74914348705779
TCERG1,33433,37,0.748546892515185
DNAH8,13562,15,0.748100861831554
RBM25,18987,21,0.748092981693966
LYVE1,8141,9,0.747751668455438
ACTL6A,22634,25,0.747087264598946
TPP2,39880,44,0.746259998460413
TTN,10879,12,0.746079153463335
ASCC1,33560,37,0.745714191223486
DPY19L4,16333,18,0.745416804370993
GC,18166,20,0.744669080565124
SLC33A1,9094,10,0.743768337230374
HPRT1,8186,9,0.743641135218143
MRLN,16374,18,0.743550303272959
CLASP2,42759,47,0.743469153072644
RAD1,8188,9,0.743459493514377
ATG4C,9101,10,0.743196270604661
ACAP2,32768,36,0.743096476183559
IFT88,20028,22,0.742981045002029
TIA1,22770,25,0.742625083308412
ZMPSTE24,8198,9,0.74255261440543
ZSCAN31,19130,21,0.742500859562119
C3orf49,8201,9,0.742280981940704
PIK3C3,31011,34,0.741576198117709
CD109,16418,18,0.741557599329482
CCPG1,20983,23,0.741400528769859
PPT1,15534,17,0.740215639237423
WDR64,20108,22,0.740025083016742
KCTD3,16460,18,0.739665411044437
EVI2B,8243,9,0.738498887892238
PPP1R12A,51292,56,0.738466892480872
GABRG2,24731,27,0.738439165366833
AGFG1,14669,16,0.737754912675495
PPP1R42,23850,26,0.73735664875513
PHF14,27522,30,0.737282456809791
GTF2H2C,9178,10,0.736961130831665
NECAP1,19280,21,0.736724141256397
GRAMD1C,29418,32,0.73574864464184
UCHL3,14721,16,0.735148890295281
PRIM1,10122,11,0.735053564972369
ARL13B,8285,9,0.734755139758083
GPR18,7365,8,0.734699715820559
RAB3GAP1,27624,30,0.734560084575697
C11orf58,12893,14,0.734457532171118
INTS4,23945,26,0.734431241295045
TMEM68,17508,19,0.734023051843085
TBC1D15,17530,19,0.733101859193881
GP6,12000,13,0.732748169700411
HAUS6,12000,13,0.732748169700411
OR4N2,12000,13,0.732748169700411
CNTN1,24030,26,0.731833377977938
PIK3C2G,25883,28,0.731705054459083
CSPP1,65665,71,0.731336141586666
SUN3,23123,25,0.731288031264652
ATP6V1C1,12025,13,0.731224784732218
KXD1,8329,9,0.730873614226884
ANKRD7,12031,13,0.730860114404865
ASB15,12038,13,0.730435125137475
NUP133,8334,9,0.730435125137475
RFESD,9268,10,0.72980462438207
C2orf74,12066,13,0.728740099155058
DRD3,8354,9,0.728686417631759
DDX46,21367,23,0.728076346477182
DPY19L2,20446,22,0.727791468712738
PAAF1,15809,17,0.727339473712071
NME7,24218,26,0.726152286431987
MS4A3,12116,13,0.725732753087234
BRMS1L,12119,13,0.72555310144442
NUP160,20517,22,0.725272913647251
CFAP36,12127,13,0.725074464946395
TXK,12133,13,0.724715901788917
NME5,13068,14,0.724622050985784
ULK4,22406,24,0.7245019289947
FOCAD,43943,47,0.723437123460692
TRIM4,8426,9,0.722459806894816
AKR1C2,10305,11,0.722000211999061
GCFC2,24379,26,0.721356744444393
FANCM,29083,31,0.720966568173722
BRDT,15017,16,0.720658374777707
HLTF,17835,19,0.720564933651177
ST13,14085,15,0.72032260476816
ME2,20677,22,0.719660703646595
UTP6,16921,18,0.719513779669726
TPRXL,22568,24,0.719301232765653
CAMKMT,15054,16,0.718887127277589
STPG2,16000,17,0.718656858744633
ALG13,47061,50,0.718623622402097
SLCO1B3,16003,17,0.718522135844163
RAB27B,16004,17,0.718477239434775
EML5,24491,26,0.718057901792898
PDS5A,24493,26,0.71799926806883
CENPK,21669,23,0.717929175097049
AK9,32043,34,0.717692459502177
MTBP,16022,17,0.717670062408821
FCHO2,16030,17,0.717311898934132
G6PC2,5658,6,0.717267153634467
FNTA,22644,24,0.716887043855116
EIF3M,12271,13,0.716565727031613
PSEN1,29264,31,0.71650733673443
SLC9B2,17021,18,0.715286567521969
CNOT10,37838,40,0.715030314368943
HEATR5A,28381,30,0.714967329421763
ZNF383,12302,13,0.714760041977315
POT1,24605,26,0.714730992595401
SERPINI2,14203,15,0.714338089710592
TADA2A,21778,23,0.714335902983651
USP33,29355,31,0.714286176194732
BBOF1,16099,17,0.714237514125979
LMLN,19898,21,0.713842669787081
FAM133B,14226,15,0.713183177854599
SEC23IP,16132,17,0.712776453007323
USP50,18042,19,0.712297727062894
SPICE1,12345,13,0.712270395820569
CCDC14,19032,20,0.710784915802125
WDR43,17137,18,0.71044480748039
PMM2,16196,17,0.709959850575089
GLYAT,15245,16,0.709880407611468
SRP54,17151,18,0.709864886350151
BIRC6,46729,49,0.709254710522113
NOL11,20982,22,0.709199521937882
IFIT2,13359,14,0.708837559868421
TNFSF13B,8598,9,0.708007249697106
IBTK,20083,21,0.707266914476091
TBCK,37372,39,0.70584753583471
MTFMT,6708,7,0.705825951273273
TOMM20,10560,11,0.704565547788856
SNRNP27,10564,11,0.704298767952511
TMEM237,20195,21,0.703344463650574
ZNF445,10585,11,0.702901481780852
PCNP,8661,9,0.702857214281921
GATAD1,26966,28,0.702318546486852
PAPOLG,18303,19,0.702140391830232
KIAA0825,12534,13,0.701530081091824
ZNF226,8683,9,0.701076394436913
DYM,29927,31,0.700633899228
ANGPTL1,5799,6,0.699827134896329
TYRP1,20336,21,0.698467812914208
SCYL2,24210,25,0.698454074635793
NUP155,20339,21,0.698364788997657
DDX60L,24216,25,0.698281018621265
KANSL2,18463,19,0.696055656809226
BAAT,5836,6,0.695390259640818
SAP18,8767,9,0.694359111770927
UBR1,29233,30,0.694129503517226
ALKBH2,4879,5,0.693157333344232
RPP14,7809,8,0.692926547191499
MANEA,14659,15,0.692117053561602
ABCA9,19584,20,0.690750537047898
SCRN3,10772,11,0.690699237342213
PRPF39,13717,14,0.690337607514925
ANKAR,18648,19,0.689150342753579
IL12RB2,24541,25,0.689033582451104
CMC2,21635,22,0.687794054508927
IL23R,13769,14,0.687730478777124
AGR2,11803,12,0.687672211346914
DCTN4,15756,16,0.686857502794925
MIS18BP1,20706,21,0.685986740240671
UBA5,21694,22,0.685923498170031
RUFY2,24654,25,0.685875441994506
NBEAL1,36513,37,0.68540432879961
DYNC1I2,21724,22,0.684976264467899
RIC3,13827,14,0.684845661552197
PNN,7907,8,0.684338359304213
POLE2,15814,16,0.684338359304213
KATNBL1,20761,21,0.68416942552976
ZGRF1,15819,16,0.684122056643077
WWP1,35618,36,0.683637074838084
ALDH7A1,27734,28,0.682870192708028
MFSD8,31699,32,0.682805565729949
PRIM2,18825,19,0.682670682160358
TMEM184C,10946,11,0.679719731833576
OTOGL,17935,18,0.678834271859015
ZNF812P,13954,14,0.678612653166277
PSMA3,18946,19,0.67831075644826
CNOT2,39945,40,0.677314232947605
DHX40,19978,20,0.677127766420365
CEP55,12000,12,0.676382925877302
HTR3B,12000,12,0.676382925877302
ACKR4,4000,4,0.676382925877302
ARMS2,4000,4,0.676382925877302
B3GALT2,4000,4,0.676382925877302
C22orf31,4000,4,0.676382925877302
CLEC6A,4000,4,0.676382925877302
CXCL10,4000,4,0.676382925877302
CYP4Z1,8000,8,0.676382925877302
DNAJB7,4000,4,0.676382925877302
DPPA2,4000,4,0.676382925877302
DPRX,8000,8,0.676382925877302
DSG3,4000,4,0.676382925877302
FARSB,4000,4,0.676382925877302
FBXO40,4000,4,0.676382925877302
FLG,4000,4,0.676382925877302
GPR149,4000,4,0.676382925877302
GUCY2F,4000,4,0.676382925877302
HCAR2,4000,4,0.676382925877302
HCAR3,4000,4,0.676382925877302
HIGD2B,4000,4,0.676382925877302
IL36B,4000,4,0.676382925877302
IMPG2,4000,4,0.676382925877302
KLHL9,4000,4,0.676382925877302
KRT26,4000,4,0.676382925877302
KRTAP4-7,4000,4,0.676382925877302
MBOAT4,4000,4,0.676382925877302
NAP1L2,4000,4,0.676382925877302
NMS,4000,4,0.676382925877302
OMD,4000,4,0.676382925877302
OMG,4000,4,0.676382925877302
OR2A14,4000,4,0.676382925877302
OR5V1,8000,8,0.676382925877302
PCDHB12,4000,4,0.676382925877302
PCDHB14,4000,4,0.676382925877302
PCDHB15,4000,4,0.676382925877302
PKD1L3,4000,4,0.676382925877302
PLET1,4000,4,0.676382925877302
RAB39B,4000,4,0.676382925877302
RAD51AP2,4000,4,0.676382925877302
RNASE6,4000,4,0.676382925877302
SMCO1,4000,4,0.676382925877302
SMR3B,8000,8,0.676382925877302
SOSTDC1,8000,8,0.676382925877302
SPANXA1,4000,4,0.676382925877302
TBPL2,8000,8,0.676382925877302
TMEM236,4000,4,0.676382925877302
TMEM78,4000,4,0.676382925877302
TMPRSS11F,4000,4,0.676382925877302
TRAM1L1,4000,4,0.676382925877302
TRIM42,4000,4,0.676382925877302
TSR2,4000,4,0.676382925877302
UGT2B15,4000,4,0.676382925877302
USP26,4000,4,0.676382925877302
ZFP3,4000,4,0.676382925877302
ZNF404,4000,4,0.676382925877302
MUCL1,12001,12,0.676326565330191
MEP1A,4002,4,0.676044903425589
PIGK,8004,8,0.676044903425589
LMOD2,4003,4,0.675876018863155
MED11,4003,4,0.675876018863155
RANBP2,34035,34,0.675687365354143
C4orf17,8009,8,0.67562285017086
MED1,8009,8,0.67562285017086
MYH2,6008,6,0.675482282833524
TRIM37,17027,17,0.675310374106662
RPF1,4007,4,0.67520132356107
ZCCHC4,12021,12,0.67520132356107
RNPC3,20039,20,0.675066546112383
CATSPERB,20046,20,0.674830815002796
STAM2,12034,12,0.674471922098024
PSMA8,8025,8,0.674275813958681
PNPT1,12040,12,0.674135806522228
GGCT,12042,12,0.674023842428801
IQCF2,4014,4,0.674023842428801
TMPRSS11D,12042,12,0.674023842428801
ACAT1,26094,26,0.673946350609713
ZNF208,8030,8,0.673855966004784
ADH1C,4016,4,0.673688173184564
AMTN,4016,4,0.673688173184564
PTCD2,8032,8,0.673688173184564
C12orf43,12054,12,0.673352838105826
ANGEL2,14068,14,0.673113517364389
NCR1,8040,8,0.673017836693833
LDAH,8041,8,0.67293413841791
PIK3R4,26143,26,0.672683168450822
CLEC2A,4023,4,0.672515959112406
ORC3,12069,12,0.672515959112406
BANK1,20123,20,0.672248597005717
DNTT,4025,4,0.672181789691729
EXOC1,21132,21,0.672157933154616
CD38,8053,8,0.671931380481611
SLC25A16,16107,16,0.671889663750967
BCL2A1,4027,4,0.671847952199952
ZNF589,8055,8,0.67176454463295
POLR2J3,4028,4,0.671681157772892
CFAP70,16119,16,0.671389466718583
GEMIN2,8060,8,0.671347817247942
ABCB5,12092,12,0.671236777251706
UGT2A1,8063,8,0.671098028899717
ZSCAN5B,4032,4,0.671014807417958
LSM6,8067,8,0.670765266768119
C10orf53,4035,4,0.670515911650361
FOLH1,17150,17,0.670467040228229
ZNF253,4036,4,0.670349777876414
FAM114A2,16145,16,0.670308257295561
FPR1,9082,9,0.670275967066254
KIFAP3,16150,16,0.670100731519309
SLC25A40,18178,18,0.669759746165224
CDK11B,4040,4,0.669686065225052
MEIG1,12122,12,0.669575574206206
C5orf34,12124,12,0.669465119641012
FAM227B,24249,24,0.669437511693482
KLRC2,10104,10,0.669420948017916
BCHE,4042,4,0.669354701511432
MDH1B,4042,4,0.669354701511432
ASH2L,26277,26,0.669252809407842
ROS1,8087,8,0.669106393844246
WDR31,4044,4,0.669023665556184
MPZL3,4045,4,0.668858270336022
PCDHB6,4045,4,0.668858270336022
RRP15,4049,4,0.668197506423613
KDM5D,18232,18,0.667776034762584
ARRDC5,4052,4,0.667702789612341
PASD1,4054,4,0.667373385177407
RWDD2B,4054,4,0.667373385177407
LUM,4055,4,0.667208804811149
SLC30A5,17236,17,0.667121706887569
HESX1,9125,9,0.667117406344736
ZNF483,4057,4,0.666879887480702
DNA2,16235,16,0.666592350726014
CARD6,4059,4,0.666551294286575
CEP350,41618,41,0.66633908311234
MTHFD2L,27416,27,0.66611974754476
TBK1,46768,46,0.665275713957319
DCAF8L2,4069,4,0.664913173632147
TRAPPC8,28485,28,0.66486648848743
TAS2R1,12214,12,0.664532103367253
MS4A6E,8146,8,0.664260177635455
ZNF474,4076,4,0.663771271714722
IFIT1,4077,4,0.663608462965222
FAM151B,8155,8,0.663527088536899
RXFP1,12263,12,0.661876792834349
CHRNA6,8176,8,0.661822823754699
TMX1,4088,4,0.661822823754699
TRAT1,4089,4,0.661660969310151
USP45,25562,25,0.66151213312466
MORN2,4092,4,0.661175880622974
MICU3,16369,16,0.661135488669854
FIP1L1,28649,28,0.661060488134471
CEP44,12288,12,0.660530201052053
UBE2V2,13322,13,0.660034381955031
CCT4,8213,8,0.658841276880362
SMPDL3B,4110,4,0.658280219831924
SCFD1,43228,42,0.657168568678789
TRDN,12356,12,0.656895039699549
CUL5,12362,12,0.656576210202849
CTDSPL2,20605,20,0.656523102040575
CLEC12B,4132,4,0.65477533966825
CAB39L,24796,24,0.654669713706051
ATF6,8266,8,0.654616913503317
ZNF527,4133,4,0.654616913503317
TTC1,23765,23,0.654610027148241
SLC36A4,16536,16,0.654458563983843
RAB18,23818,23,0.653153383792843
MTIF2,13479,13,0.652346467572144
ECHDC1,21819,21,0.650994153876133
AICDA,6241,6,0.65026398898635
CNOT6,8328,8,0.649743444646784
CCAR1,21871,21,0.649446364748907
SEC23B,11457,11,0.649403175757207
TMEM19,15628,15,0.64920296187353
HERC4,19806,19,0.64885769926632
XRN1,32352,31,0.648116676007553
MMADHC,4176,4,0.647876365782856
TVP23B,12531,12,0.647721260117119
ZNF534,6266,6,0.647669574730899
CAAP1,8361,8,0.647178974646384
SSB,16727,16,0.646985521255266
CWC22,4184,4,0.646637596441015
TMCO5A,21971,21,0.646490439371141
IFT81,23138,22,0.643116274928717
CRTAP,5261,5,0.642827338792342
DHX57,24211,23,0.642551207929369
SRP72,18953,18,0.642372852096841
RGS18,4214,4,0.642034101449741
CYSLTR2,4218,4,0.641425249765104
NR2C1,31638,30,0.641364428102884
GTF3C6,4222,4,0.640817551754905
PRNT,4222,4,0.640817551754905
GPR22,4223,4,0.640665807129815
OLAH,20062,19,0.640577987821191
CCSER1,31678,30,0.640554573404857
ZNF705A,19015,18,0.640278341614064
TMEM244,4232,4,0.639303332587242
PDCD2,8466,8,0.639152304159983
PMPCB,8474,8,0.638548903353601
FABP12,10599,10,0.638157303403436
RPGRIP1L,15924,15,0.637135386093917
SPINK6,4248,4,0.636895410430605
ACOT6,9572,9,0.635963887682378
EIF2B1,5319,5,0.635817753221754
NDST4,4256,4,0.635698238606487
TECTB,4256,4,0.635698238606487
TRIM49B,5322,5,0.635459344116218
NCKAP1,28759,27,0.635013004578989
NUDT6,8526,8,0.634654399134227
SPIRE1,30918,29,0.634423470161128
ACOT4,4266,4,0.634208088023724
VBP1,16000,15,0.634108993009971
TMEM38B,16003,15,0.633990119862496
IRAK1BP1,11740,11,0.633748908402923
BMP2K,16036,15,0.632685450745793
PPP2CB,19248,18,0.632527673825407
ACTR10,18209,17,0.63147398209205
SPAG16,16092,15,0.63048371166788
RFTN2,8584,8,0.630366193734671
ZNF814,4294,4,0.630072590477226
RPF2,4301,4,0.629047129390655
GIMAP6,4302,4,0.628900907370806
IDO1,18289,17,0.62871177975363
VPS50,37669,35,0.628458477944877
SLC25A46,17251,16,0.627333303230933
SI,6482,6,0.626087250117836
HELLS,19457,18,0.625733292172043
KCNJ16,16242,15,0.624660995453733
PRKCI,15170,14,0.624216279649455
AHR,17378,16,0.622748694558455
LTN1,13038,12,0.622533755984631
CDK7,4348,4,0.622247401911041
HMGCL,15239,14,0.621389918123383
CWF19L2,12000,11,0.620017682054194
STMND1,12000,11,0.620017682054194
SAMHD1,16374,15,0.619625252727466
ZNF302,7644,7,0.619398283770423
NSRP1,6559,6,0.618737239710903
DCDC1,30614,28,0.61862944811408
ERVK3-1,7656,7,0.618427440065454
DHX36,32813,30,0.618397823311464
ZNF561,10956,10,0.61736302106362
RERGL,12052,11,0.617342531086154
WDHD1,12054,11,0.617240101597007
ABCA5,30706,28,0.616775937099083
ORC5,12090,11,0.615402165810614
BTD,8799,8,0.614963451189728
NLRP7,12104,11,0.614690365552736
DDHD2,30813,28,0.614634145476405
TLR7,4407,4,0.613916883029092
DEFB108B,5512,5,0.613554903734853
TPK1,20998,19,0.612023792345401
DUSP19,4430,4,0.610729504178151
ZNF577,24485,22,0.607736343447035
DOCK7,67965,61,0.607067733076075
RBBP8,33440,30,0.606802864124374
NOXRED1,4467,4,0.605670853707009
EIF2A,16769,15,0.60502975062076
NSUN6,15654,14,0.604916376790739
NOP58,19012,17,0.604802742473918
SKA3,7839,7,0.603990366263696
MAGT1,7847,7,0.60337459935531
BCAP29,13484,12,0.601942680994336
ADH7,12376,11,0.60118068718894
NUP37,13537,12,0.599585957784415
TMEM156,4515,4,0.599231828019758
ATP11B,32750,29,0.59893449925013
TNFSF14,4519,4,0.598701417019077
BBS7,14693,13,0.598446745824877
PLRG1,15840,14,0.597813192063272
CCDC7,28386,25,0.595701160675423
ATR,44319,39,0.595205986353816
CXCL6,4547,4,0.595014669784299
FPR3,8000,7,0.591835060142639
POLQ,16000,14,0.591835060142639
SPINK9,8000,7,0.591835060142639
UGT2B11,8000,7,0.591835060142639
ZSCAN4,8000,7,0.591835060142639
NUDT12,8001,7,0.591761090006388
IPP,8003,7,0.591613205190693
LRP1B,16011,14,0.591428453081146
MROH9,8008,7,0.591243816326313
ZNF624,8018,7,0.590506420696073
SULT1B1,8022,7,0.590211977205325
SDHAF3,8025,7,0.589991337213846
SPDL1,11468,10,0.589800249282614
SMG8,10322,9,0.58975453719199
CASP5,8032,7,0.589477151536493
ADGRL4,28694,25,0.58930693339836
MUSK,16080,14,0.588890607107104
XRCC2,8052,7,0.58801297579994
GTF2H3,16107,14,0.587903455782096
FBXO4,8067,7,0.586919608422104
FAM98B,9224,8,0.586628730162448
SLC17A2,8080,7,0.58597530707192
SNX2,21944,19,0.58563960953649
CLEC2D,20799,18,0.585359520447687
MED7,8090,7,0.585250986544019
PARP11,8098,7,0.584672818120661
MDS2,8103,7,0.584312042594238
ZNF101,8105,7,0.584167857019262
CFHR5,16225,14,0.583627794285499
ADGRE1,11611,10,0.582536324069677
MILR1,8132,7,0.582228293303137
ERGIC2,17456,15,0.581218142080633
ZNF684,8149,7,0.581013680346191
KCNJ13,8151,7,0.580871117794272
TBC1D32,23292,20,0.580785613839346
CCT8,11653,10,0.580436733782976
LRRTM4,8166,7,0.579804124558059
CFAP54,28006,24,0.579632586626268
RFWD3,16340,14,0.579520254729635
TM2D1,16373,14,0.578352223922447
METTL5,11702,10,0.578006260363444
TMF1,14047,12,0.577816979463773
LECT2,5867,5,0.576429969215359
COL10A1,8233,7,0.575085689437764
SNRNP35,9435,8,0.573509635084093
GFM2,16546,14,0.572305147001223
CEP295,20124,17,0.571382912935507
FASTKD2,8290,7,0.571131541754055
BRIP1,26095,22,0.570240443353158
CASP4,16619,14,0.569791260742658
TAF2,24942,21,0.569482857967418
ATRX,50017,42,0.567968548430467
BNIP2,16688,14,0.567435340501092
UBXN4,16789,14,0.564021738178702
C5AR1,12000,10,0.563652438231085
CLNK,12000,10,0.563652438231085
TEX11,12000,10,0.563652438231085
TMPRSS15,12000,10,0.563652438231085
SETDB2,8410,7,0.562982221300965
USP25,24043,20,0.562644367073412
HEATR1,12028,10,0.562340310839127
FUNDC2,15657,13,0.561600436635685
CEP290,36177,30,0.560894705926944
SYCP1,16944,14,0.558862190880679
FASTKD1,20619,17,0.557665732572585
KIAA0586,44878,37,0.557648920572668
ZNF426,6076,5,0.556602144401993
THOC1,30420,25,0.555870254665764
KITLG,8550,7,0.553763798963873
BCL2L15,6126,5,0.552059195133286
NEK1,23369,19,0.549928349166363
PUS7,16013,13,0.549114971361077
KLHL20,8626,7,0.548884822761548
CDH12,17265,14,0.548471529816521
FANCL,58014,47,0.547971136557265
CDK5RAP1,16138,13,0.544861695154599
CCDC15,8698,7,0.544341283184768
OCM,4971,4,0.544263066487469
DNAH12,16160,13,0.544119927995354
OCM2,4973,4,0.544044179269899
DBR1,11195,9,0.543764746127353
MON2,21224,17,0.541769211266214
RCHY1,12508,10,0.540760254139193
CENPC,20020,16,0.540565774926915
ATM,63891,51,0.539912181993433
AHI1,44133,35,0.536410450359268
SPINK5,16450,13,0.534527540206986
LMNTD1,24077,19,0.533757344838175
DDX52,12675,10,0.533635444479134
PIGB,17759,14,0.533214762220971
ZCCHC8,15236,12,0.532724803788896
ASB11,5081,4,0.532480162076207
CRYGS,10182,8,0.531434237577923
BLM,30708,24,0.528630657192108
TRIP11,12879,10,0.52518279825864
NAIP,20629,16,0.52460743681404
KPNA1,16777,13,0.524109080074204
ADGRG4,9058,7,0.522707052455411
ALG8,16822,13,0.522707052455411
ARL8B,11748,9,0.51816873790396
EIF1AY,9147,7,0.517621130550029
MIPOL1,35412,27,0.515710465341894
KLKB1,13121,10,0.51549647578485
LRRIQ3,17102,13,0.514149107496487
ERO1A,21085,16,0.513261883520836
NVL,25208,19,0.509809409380702
STIL,26600,20,0.508558590885189
NDUFA12,11993,9,0.50758328465736
ZNF84,11993,9,0.50758328465736
AADACL4,4000,3,0.507287194407977
ASIC5,4000,3,0.507287194407977
ATP6V0D2,4000,3,0.507287194407977
C1QTNF3-AMACR,4000,3,0.507287194407977
CLRN3,4000,3,0.507287194407977
CPO,4000,3,0.507287194407977
DPPA3,4000,3,0.507287194407977
ENAM,8000,6,0.507287194407977
FABP9,4000,3,0.507287194407977
GPR82,4000,3,0.507287194407977
HAO1,4000,3,0.507287194407977
HSPB3,4000,3,0.507287194407977
KLB,4000,3,0.507287194407977
MRGPRX3,8000,6,0.507287194407977
NOX3,4000,3,0.507287194407977
OR7D2,4000,3,0.507287194407977
OTUD6A,4000,3,0.507287194407977
PGBD1,4000,3,0.507287194407977
PRG4,4000,3,0.507287194407977
RGPD2,12000,9,0.507287194407977
SMIM18,4000,3,0.507287194407977
SPINT4,4000,3,0.507287194407977
SRFBP1,8000,6,0.507287194407977
SSX1,4000,3,0.507287194407977
TARM1,8000,6,0.507287194407977
ZNF354C,4000,3,0.507287194407977
ATXN3,14667,11,0.507275665415581
ZNF311,4001,3,0.5071604043069
SCGB3A2,9336,7,0.507142296608945
EPB41L5,21346,16,0.506986171368726
LIPI,8006,6,0.506907014147366
LIPJ,8009,6,0.506717137628145
SPATA17,16020,12,0.506653877061649
GBP7,4006,3,0.506527403303022
DEPDC1,10690,8,0.506179925820245
ADAM2,8018,6,0.506148360596634
TAF13,4009,3,0.506148360596634
AGMO,12035,9,0.505811909671435
TM4SF20,6689,5,0.505593456329273
CFHR3,8027,6,0.505580859008822
AGR3,4014,3,0.505517881821601
RXFP2,4016,3,0.505266129888423
BDP1,20085,15,0.505140347929277
TFEC,16070,12,0.505077480431091
NAA25,12053,9,0.505056528075642
ZSCAN23,4022,3,0.504512376338117
UGT2B28,4024,3,0.504261624660016
ZC3H13,12074,9,0.504178096148395
PIBF1,16128,12,0.503261105563469
JAGN1,4036,3,0.502762333407311
ZNF510,8073,6,0.502700056393387
SYTL3,4040,3,0.502264548918789
C10orf55,4043,3,0.501891856945809
ZNF658,8088,6,0.501767749167138
DPY30,4051,3,0.500900710351001
COX16,8110,6,0.500406603608362
DHDH,4059,3,0.499913470714931
OSTC,4062,3,0.499544258402734
LACTB2,8135,6,0.49886878368332
SYF2,4070,3,0.498562353226513
GPR34,4078,3,0.497584300547304
SLC39A12,4079,3,0.497462313712161
IFT74,20402,15,0.49729163259286
TMEM67,24497,18,0.496995251083457
CCDC30,50367,37,0.496876293157428
ADAMDEC1,8220,6,0.493710164873943
HACD1,8223,6,0.493530044419775
MUC7,8239,6,0.492571617339946
FGL1,23349,17,0.492462621093586
POU1F1,4122,3,0.492272871817541
DNAJC12,4129,3,0.491438308944516
TNFRSF17,4140,3,0.490132554983552
EFCAB7,20709,15,0.48991954648508
CAPSL,4157,3,0.488128163972073
COPB1,12480,9,0.487776148469208
ZFP69,8340,6,0.486606421494462
GRPEL2,4189,3,0.484399326242995
SLFN12,11208,8,0.482785814330694
MMS22L,18223,13,0.482520882204079
SECISBP2L,22520,16,0.480556252843554
THUMPD3,12685,9,0.479893285998874
HAUS1,15519,11,0.479426005841248
WDR33,4234,3,0.479251010305127
RPP38,4240,3,0.478572824913185
COA6,4245,3,0.47800913489562
IPO7,15619,11,0.476356500713895
SSBP1,4273,3,0.474876849434099
COIL,4274,3,0.474765741139894
UBE2U,12822,9,0.474765741139894
ARMC3,19972,14,0.474131832679863
TCEA1,4300,3,0.47189506456556
NUF2,14396,10,0.469840876547167
TRIM77,4351,3,0.466363773300829
PRR27,10167,7,0.465691008275904
IARS2,14539,10,0.465219702783755
CNBD1,16027,11,0.464229873628896
HTR3E,7309,5,0.462705517770763
NWD1,17595,12,0.461301228219814
MS4A2,4403,3,0.460855956764003
EQTN,4410,3,0.460124439372314
HSD17B11,13242,9,0.459707471144519
POLI,19130,13,0.45964338925274
IFIT5,4430,3,0.458047128133613
MCAT,4434,3,0.457633914666645
GLIPR1,4451,3,0.455886043053675
ZNF221,10469,7,0.452257186086648
COPS4,8983,6,0.451775303936749
ZDHHC15,4492,3,0.451725017282259
TMCO2,5990,4,0.451674741821237
CDH9,12003,8,0.4508092482728
WDR72,19517,13,0.450529181554795
IL15,15015,10,0.450471479105762
ZNF676,12026,8,0.449947065276768
GDPD4,12038,8,0.449498538546139
PRMT9,12038,8,0.449498538546139
CCDC39,24100,16,0.449050905146756
TECRL,12070,8,0.448306827424889
MEIOB,12083,8,0.44782449780836
LPAR6,22740,15,0.446162879866294
NAF1,12138,8,0.445795304582173
POLR3B,12334,8,0.438711156722751
SENP6,27757,18,0.438624226890206
ADAM32,16967,11,0.438510767056658
AKR1C1,6238,4,0.433717810758129
SPATA4,4708,3,0.431000165172452
STK32A,12613,8,0.429006850631762
ARSF,8000,5,0.422739328673314
LRRC19,8000,5,0.422739328673314
ZNF479,8000,5,0.422739328673314
TMPRSS11B,8003,5,0.422580860850495
XCR1,8004,5,0.422528064640993
ZNF121,8007,5,0.422369755137568
SLITRK6,8014,5,0.422000827225669
RAD54B,24061,15,0.421667590214851
COX7B2,8038,5,0.420740809826637
KLRF1,8040,5,0.420636147933645
RIT2,8042,5,0.420531538098298
MELK,8068,5,0.419176329869424
DET1,8096,5,0.417726609360982
ZNF138,8102,5,0.417417258625834
NUBPL,16239,10,0.416517597067124
VPS36,14677,9,0.414760941125279
RAD51C,14795,9,0.411452945785449
CTSS,8229,5,0.410975164587011
CENPU,16716,10,0.404632044674146
PRDM9,8454,5,0.400037216629585
CFH,20302,12,0.399792882993184
JCHAIN,8467,5,0.399423010438941
TM4SF18,5086,3,0.398967514280752
PLA2G5,8493,5,0.398200238948135
KRT40,6809,4,0.397346409679719
AKR1B15,8552,5,0.395453067047066
MKRN2OS,12062,7,0.392528642110853
BPNT1,8729,5,0.387434371564499
FKTN,22874,13,0.384409287243374
MED18,5281,3,0.384235708697577
UFC1,5281,3,0.384235708697577
WFDC11,7093,4,0.381436867828734
IL31RA,10687,6,0.379741513545786
TFPI,20153,11,0.369186333779106
MTO1,16565,9,0.367488459577164
SRBD1,16898,9,0.360246557752143
SLC38A9,32776,17,0.350821019645904
ATXN7L3B,4000,2,0.338191462938651
C2orf66,4000,2,0.338191462938651
MSANTD3-TMEFF1,4000,2,0.338191462938651
OSTN,4000,2,0.338191462938651
PCDHB5,4000,2,0.338191462938651
PNLIPRP3,4000,2,0.338191462938651
RAB40A,4000,2,0.338191462938651
ZIM3,4000,2,0.338191462938651
ZNF679,8000,4,0.338191462938651
HHLA1,8002,4,0.3381069362046
HSD17B13,8004,4,0.338022451712795
RGS13,8009,4,0.33781142508543
PPP1R3A,8013,4,0.337642793399377
UTP20,12023,6,0.337544502641921
F9,8026,4,0.337095901259557
SNRPD1,4017,2,0.336760231952851
TTC5,4019,2,0.33659264786131
CYLC1,4020,2,0.336508918346916
MS4A12,4022,2,0.336341584225411
UGT2B4,8044,4,0.336341584225411
NLRP9,4028,2,0.335840578886446
DSCR4,4029,2,0.335757223071383
LSM10,4030,2,0.335673908623971
MEPE,8060,4,0.335673908623971
IFI6,4034,2,0.335341063895539
ZNF227,8095,4,0.334222569920841
LRRC39,4052,2,0.333851394806171
GLIPR1L1,8117,4,0.333316706111766
RNF185,4061,2,0.333111512374933
OR2L13,6092,3,0.333084172296767
OOSP2,4080,2,0.331560257782991
DGUOK,4082,2,0.331397807877169
ZNF91,12247,6,0.331370748368075
TAF1A,8174,4,0.330992378701885
LRRN3,4121,2,0.328261551020287
LIX1,4142,2,0.326597260201498
MS4A5,4204,2,0.321780649798907
HORMAD1,10571,5,0.319923813204665
RSL1D1,8535,4,0.316992583890944
TMPRSS11A,8647,4,0.312886747254448
SLCO1A2,22061,10,0.306596675525725
LMO7DN,4465,2,0.302971075420964
CARD18,4487,2,0.301485592100424
EVI2A,4717,2,0.286785213431122
CLEC12A,12188,5,0.27747904737336
MGAT4C,12330,5,0.274283424929968
ATF7IP2,17700,7,0.267496072380854
IFI44L,17768,7,0.266472336849455
AFM,8000,3,0.253643597203988
C9orf57,8015,3,0.253168905506164
SPAM1,10784,4,0.250883874583569
OGN,8137,3,0.24937308315496
APELA,9006,3,0.225310768113692
CLEC4C,12281,4,0.220302231374416
CLCA4,8000,2,0.169095731469325
CYP7A1,4000,1,0.169095731469325
EFCAB9,4000,1,0.169095731469325
GFRAL,4000,1,0.169095731469325
NXPE2,4000,1,0.169095731469325
OR52A1,4000,1,0.169095731469325
OR5H15,4000,1,0.169095731469325
S100G,4000,1,0.169095731469325
SPINK8,4000,1,0.169095731469325
BPY2,12024,3,0.168758215039247
LYZL2,4009,1,0.168716120198878
OR7A5,4012,1,0.168589961584572
COX7B,4045,1,0.167214567584005
SPC24,4046,1,0.167173239218315
SAMD9,4061,1,0.166555756187467
UGT2B7,8158,2,0.165820771237387
CLEC7A,4176,1,0.161969091445714
PTH,4184,1,0.161659399110254
CD200R1L,4921,1,0.137448267806808
HYAL4,11086,2,0.122024702485532
C1orf185,4065,0,0
DIRC1,4000,0,0
DSCR8,4891,0,0
ERVFRD-1,4120,0,0
ERVW-1,8040,0,0
HRH4,4092,0,0
KLRB1,4000,0,0
NANOGNB,4866,0,0
PIWIL3,4243,0,0
SAMD9L,4040,0,0
STX19,4000,0,0
ZNF705D,4000,0,0
