gene,n_hits
TBCD,530
ABR,528
OBSCN,501
RBFOX3,495
EHMT1,449
MICAL2,446
MAD1L1,443
TNS1,436
MACF1,416
COL13A1,415
KCNQ2,400
KCNT1,398
CACNA1A,391
MCF2L,390
KALRN,389
MYLK,385
PLA2G6,382
NCOR2,380
KIF1A,375
HSPG2,365
FOXP1,363
PRKCZ,363
NEDD4L,362
CAMK2B,352
ITPR1,347
ADAP1,346
MYO18A,345
PPP2R3B,340
NLRC5,338
MSI2,335
PHLDB1,334
ACTN1,327
CAMTA1,321
TNK2,321
AUTS2,320
RPH3AL,320
CACNA1C,317
FHAD1,317
SMARCA4,317
USP13,316
DPP6,313
RGS3,313
C3,312
HDAC4,312
LDLRAD4,312
PTPRF,312
RGS12,312
SH3BP2,311
SHANK2,309
MYO15B,308
TSC2,308
PLEKHG5,307
NFASC,303
ANKRD11,302
COL16A1,302
ARAP1,301
ARHGAP23,301
PLCG2,300
DNM1,298
DNMT1,297
IFT122,297
LAMA5,297
PLXND1,297
SEMA4D,297
AGAP3,296
LTBP4,295
KCNAB2,294
LLGL2,294
GSE1,292
PDE2A,292
AGPAT3,290
ARHGEF1,290
DOCK6,289
NRXN2,285
PTK2,284
SPTAN1,284
LMF1,283
CACNA1D,282
LMNA,281
TTC7A,281
ARHGEF10L,280
GGT1,280
OSBPL5,280
INF2,279
SBF1,279
SPG7,279
VPS53,279
MTA1,278
NDRG1,278
PRKCH,278
HDAC7,277
KCNMA1,277
PEPD,276
ABCC8,275
MYH9,275
PLEC,275
WNK2,275
DNM2,274
KMT2D,274
LSP1,273
CYB5R3,272
TRAPPC9,270
BAIAP2,269
CROCC,269
GDPD5,268
PKD1,268
MYL2,267
PDE4DIP,267
AP2A2,266
BCR,266
MYO7A,266
ADGRG1,265
PCSK6,265
HTT,264
ADCY5,263
GRM4,263
SYNE1,263
DEPDC5,262
KSR1,262
DMD,261
PACS2,261
KDM2B,260
ABCA7,259
DGKZ,259
TCF4,259
UBR4,259
AP3D1,258
RYR3,258
ADGRV1,257
BCAR1,257
HDLBP,256
MICAL3,255
PI4KA,255
ADGRB2,253
GABBR2,253
TRIO,253
ACACB,252
AKT2,252
MYT1L,252
RNF213,252
CREBBP,251
POLE,250
CDK5RAP2,248
CTNNA1,248
SSBP3,248
MYO15A,247
OSBP2,246
POR,246
RALGDS,246
SYNGAP1,246
TNS3,246
ARHGAP22,245
DAB2IP,245
EML1,245
ITGB2,244
NINL,244
PCBP3,244
ZFAT,244
GPC1,243
IGF1R,243
MYO1C,243
NRXN1,243
BRSK2,242
GNAI2,242
GRAMD1B,242
MPRIP,242
LIMS2,241
DPP9,240
SPEG,240
DENND3,239
PPP2R5C,239
VPS13D,239
HYDIN,238
SMAD3,238
SMG6,238
ARHGEF2,237
SBNO2,237
SYNE2,237
CCDC57,236
PPFIA4,236
ARHGAP27,235
PLXNB1,235
PPFIBP2,235
IQSEC1,234
KIFC3,234
ABCC3,233
BANP,233
BRF1,233
EML2,233
DYSF,232
GNAO1,232
GRIN1,232
TBCE,232
TUBGCP2,232
WWP2,232
CACNA2D4,231
DST,231
ERGIC1,231
ITGAL,231
MYO9B,231
PSTPIP1,231
GAK,230
KMT2C,230
ANO1,229
LINGO1,229
SFXN5,229
SLC19A1,229
ADCY3,228
FANCA,228
MYO5A,228
TCF25,228
ADGRD1,227
ANK2,227
CELSR1,227
EPB41L1,227
MAPK10,227
NDRG4,227
SFI1,227
GSN,226
PLEKHA7,226
SORBS3,226
TECPR1,226
MLPH,225
TMC6,225
CABIN1,224
EVL,224
SNED1,224
TRAPPC12,224
EPS8L2,223
ITGB4,223
CIT,222
FLNA,222
XXYLT1,222
ATP2B2,221
ADCY7,220
CPNE2,220
KIF5C,220
NUP214,220
PTK2B,219
ATP10A,218
MED15,218
SIPA1L3,218
SMARCA2,218
CARS2,217
PRKDC,217
TBC1D1,217
ARHGAP26,216
FGFR1,216
LTBP3,216
PLCXD1,216
RBFOX1,216
RHBDF2,216
ASPSCR1,215
DNAH17,215
FGFR2,215
KIAA0930,215
NBEAL2,215
TG,215
TTC7B,215
BAHCC1,214
CD81,214
PACS1,214
PTCH1,214
SND1,214
TACC2,214
ABCA2,213
CTBP1,213
DLG5,213
FARP2,213
PIEZO1,213
PTPRU,213
ANK1,212
ANKRD6,212
CSF2RA,212
LIG1,212
PLXNB2,212
RAI1,212
SH3TC1,212
SMARCD3,212
SRCIN1,212
CCDC85C,211
CDH23,211
CHD4,211
KMT2B,211
NLRP1,211
AATK,210
ARRB1,210
DLGAP4,210
RNF220,210
SMTN,210
STIM1,210
RPH3A,209
ST3GAL3,209
TP73,209
ARHGEF10,208
ASAP1,208
EPB41L3,208
OSBPL10,208
PLEKHA6,208
POU2F2,208
PPP1R12C,208
ACACA,207
FYN,207
LARP1,207
PLB1,207
TTLL5,207
DTNB,206
GON4L,206
LARP4B,206
NPLOC4,206
TJP2,206
WWC1,206
XPO6,206
ABCB9,205
ASCC2,205
CPAMD8,205
DYNC1H1,205
GBF1,205
ACSL6,204
DGKD,204
ESPN,204
NTM,204
PDXK,204
EFTUD2,203
MAPK8IP3,203
ATP11A,202
CCDC88A,202
ECE1,202
FADS2,202
FAM182B,202
GNB1,202
SHANK1,202
TMEM94,202
UVSSA,202
ABLIM2,201
CARD10,201
CBFA2T3,201
CNTNAP2,201
NBEA,201
PIK3CD,201
PLXDC1,201
POMT2,201
PPFIA1,201
PRRC2B,201
TPCN1,201
UNKL,201
WDR59,201
ANKMY1,200
ANKS1B,200
KDM4B,200
PARVB,200
PRKCD,200
RYR1,200
ASS1,199
ATP9B,199
CAST,199
CEP250,199
GNAS,199
GRB10,199
NISCH,199
PTPRS,199
BEGAIN,198
MYO1F,198
RARA,198
STRN4,198
TCF20,198
TNIP1,198
AACS,197
CHD3,197
DLG4,197
FCHO1,197
GLDC,197
L1CAM,197
MICALL2,197
PLCB1,197
SEC14L1,197
SEMA4B,197
AKAP13,196
CASZ1,196
MED24,196
NFIC,196
RFX2,196
SMYD3,196
TNRC18,196
MAU2,195
PALM,195
PLCH2,195
STRA6,195
SZT2,195
ATP6V1B1,194
CIZ1,194
CMIP,194
CUEDC1,194
FMN2,194
PHGDH,194
VDAC1,194
ARHGAP4,193
CELF4,193
CLSTN3,193
ERBB2,193
ITGB5,193
VAC14,193
ACO2,192
GAS7,192
HMCN2,192
L3MBTL1,192
NFATC1,192
PIEZO2,192
RERE,192
ZNF423,192
ACAP3,191
ADD1,191
EPB41,191
IQSEC2,191
LGR6,191
SCRIB,191
SEC16A,191
ARHGEF4,190
ARID1B,190
COL18A1,190
FBLN1,190
NAV2,190
RAP1GAP2,190
RAPGEF3,190
STAT6,190
TRPM4,190
TXNRD2,190
ARVCF,189
ASPG,189
CACNA1H,189
COL1A1,189
COL7A1,189
DEAF1,189
MATN2,189
MOK,189
PPFIA3,189
PPP2R2C,189
SLC4A8,189
TFEB,189
ZNF827,189
DPF3,188
HECTD4,188
KLHDC4,188
PLA2G4C,188
SSUH2,188
TSPAN18,188
CYFIP2,187
GSK3B,187
HERC2,187
MYO19,187
NF1,187
PRDM15,187
SLCO2B1,187
TNNT3,187
CLCNKB,186
CUX1,186
FAAP20,186
HDAC5,186
KNDC1,186
LPIN1,186
MAGI2,186
NIN,186
NR4A1,186
RRP12,186
SRC,186
ABLIM1,185
ELFN2,185
EPN2,185
ITGAE,185
KCNH2,185
MARK3,185
MGLL,185
PIK3R5,185
PLD3,185
PNPLA6,185
TBC1D9B,185
BMP1,184
COL20A1,184
FRMD4A,184
GIT1,184
MGRN1,184
MTUS1,184
NOL4L,184
PLEKHM1,184
POLN,184
RIMBP2,184
SLC12A5,184
STAB1,184
HR,183
LRP1,183
MBP,183
RECQL5,183
TACC3,183
TLE2,183
TNS2,183
APBB2,182
C1orf167,182
CAMK2G,182
CEP164,182
DPEP1,182
EXD3,182
GSK3A,182
HSF2BP,182
JAKMIP1,182
PRKAG2,182
SBF2,182
SHANK3,182
TTYH2,182
VGLL4,182
CTSH,181
DOCK2,181
IGHMBP2,181
OSBPL2,181
SLC12A8,181
SORBS1,181
TK2,181
TOP1MT,181
CHD2,180
CLIP1,180
ITGA7,180
LDB3,180
PHACTR1,180
RABL6,180
STK10,180
SYMPK,180
BCL11A,179
FLNB,179
GGA1,179
JAKMIP3,179
NOTCH1,179
TMEM63A,179
TTC39A,179
TYK2,179
ITSN1,178
MARK4,178
NUMA1,178
OBSL1,178
SPTBN2,178
TIE1,178
ANK3,177
CXXC5,177
ERICH1,177
GTF2I,177
MEGF6,177
MMEL1,177
NEBL,177
SNX14,177
SUPT5H,177
TNNT2,177
CPT1C,176
EXOC7,176
GABBR1,176
LMO7,176
NTRK3,176
PDE10A,176
RIN3,176
TMEM181,176
TTLL3,176
AGRN,175
ATP6V0A1,175
CARD14,175
CCDC33,175
CFAP46,175
CHFR,175
COL27A1,175
CUL9,175
FARP1,175
KLC1,175
LRP5,175
MYOM2,175
PDE4D,175
PRKACA,175
UBE2I,175
ATP6V0D1,174
CSPP1,174
GLIS3,174
RXRA,174
SCARB1,174
SOX6,174
TCEA2,174
TTYH1,174
ACSF3,173
CDK18,173
CNTN2,173
DNMT3A,173
EXOC4,173
KMT2A,173
MED13L,173
MX2,173
NPAS2,173
NUP98,173
SPECC1,173
SPIDR,173
ACE,172
ATP13A2,172
BCOR,172
C2,172
DDR1,172
EPAS1,172
ERBB3,172
GRAMD1A,172
NGEF,172
NXN,172
PBX1,172
PDZD2,172
PEMT,172
PIGQ,172
PITPNM2,172
PRKD2,172
RHOBTB2,172
SHC2,172
SULF2,172
TRMT44,172
ZFYVE28,172
AKNA,171
CCDC88C,171
CLVS1,171
COL2A1,171
CRHR1,171
FAM107B,171
IGF2R,171
INPP4A,171
MAST3,171
MFSD12,171
MYRF,171
NAV1,171
PCNT,171
PKN1,171
COL9A3,170
HOOK2,170
HUWE1,170
INTS1,170
MECP2,170
MYO5B,170
SLC12A7,170
SLC1A2,170
SLC4A2,170
SRGAP3,170
CATSPERG,169
CHID1,169
CLPTM1,169
EPHA10,169
FBLN2,169
GRAMD4,169
HSPA12A,169
INPP5D,169
KDM5B,169
SLC16A3,169
STAT5B,169
STXBP2,169
UNC13D,169
ACSF2,168
DNHD1,168
FOXN3,168
ITIH4,168
MNT,168
SGSM2,168
ATP2C2,167
CAMTA2,167
DCTN1,167
GPSM1,167
PLEKHA4,167
PSD,167
RBPMS,167
SCUBE2,167
BCKDHA,166
CAPN2,166
CIC,166
DENND5A,166
PFKL,166
PHACTR3,166
PPP6R2,166
SLC41A3,166
DENND1A,165
DOCK7,165
EPB41L2,165
KANSL1,165
NRXN3,165
PRR5,165
RNF123,165
WDR1,165
WT1,165
ADGRL1,164
BRD9,164
CADPS,164
DLG2,164
EPS8L1,164
ITGA3,164
LIMS1,164
NECAB3,164
PRKAR1B,164
PXN,164
SLC25A48,164
SPTB,164
ZBTB16,164
ADAMTS10,163
ADCY4,163
ARMC9,163
ATP2A3,163
COL11A2,163
DTX2,163
GRIPAP1,163
GTF3C1,163
INO80,163
LOXL2,163
MAN2B1,163
MKNK1,163
NOS3,163
RASGRF1,163
SLC2A9,163
ST3GAL5,163
TCIRG1,163
CFAP221,162
COL6A1,162
LPP,162
LRPPRC,162
PLCB2,162
PLCE1,162
PTP4A3,162
PXDN,162
SREBF1,162
BACE2,161
DMBT1,161
FLT4,161
GARNL3,161
HGS,161
IFT172,161
ITFG2,161
PDE4A,161
PIGG,161
PIK3C2B,161
PRDM16,161
SPTBN4,161
TANGO2,161
TBL1XR1,161
DNAH9,160
EHBP1L1,160
ERCC1,160
EXTL3,160
GABRB3,160
HOXB3,160
INPPL1,160
KIF5A,160
MAN1C1,160
POLD1,160
RUFY1,160
SEC31A,160
SERGEF,160
SPPL2B,160
TIAM2,160
VILL,160
WDR62,160
ARHGEF17,159
BOC,159
C1orf159,159
CCDC88B,159
INPP5A,159
LRP8,159
MYH10,159
PTPRM,159
RAD51B,159
RGS6,159
SAMD11,159
USH1C,159
BAIAP3,158
CAMK2A,158
FBRSL1,158
FLII,158
FMNL1,158
GOLGA2,158
ITGA5,158
NTRK1,158
PARP10,158
RAP1GAP,158
SEMA4A,158
SH2D3C,158
SLC24A4,158
SUN2,158
TSNARE1,158
VIPR1,158
CELF1,157
JAG2,157
LZTR1,157
MFN2,157
MPHOSPH9,157
NEK6,157
RGS7,157
SLC22A23,157
SPIRE2,157
SUN1,157
TRIM29,157
ALDH3B1,156
ATP2B3,156
CD82,156
CHAF1A,156
DAPK2,156
DLGAP2,156
FAM53A,156
MBD5,156
PASK,156
PRKCE,156
SPAG9,156
TLN2,156
TPRG1,156
TRIOBP,156
ULK1,156
WIZ,156
ABCG1,155
AMPD3,155
ANP32A,155
AP1M1,155
CAPN3,155
CPNE4,155
CSMD1,155
CSNK1G2,155
KDM4C,155
LDLRAP1,155
MAST2,155
MEIS2,155
PAX6,155
PER1,155
PPP1R16A,155
PRPF40B,155
RASSF4,155
RNF10,155
SAG,155
SSBP4,155
TCOF1,155
TLK2,155
USP34,155
USP7,155
ACSBG1,154
AKT1,154
ASPRV1,154
BDH1,154
COL5A1,154
DDX11,154
DNAH1,154
FAM234A,154
FGGY,154
GATAD2A,154
MARK2,154
MED12,154
MTCL1,154
MTOR,154
MUC5B,154
PDE4C,154
PITPNM1,154
PLEKHA5,154
PLEKHG3,154
PRR5L,154
RASA3,154
SEMA3F,154
SIPA1,154
ST6GAL1,154
SUPT6H,154
TJP3,154
VPS8,154
ARHGEF7,153
CFAP61,153
CLK3,153
COL6A3,153
DLG3,153
DMKN,153
FSTL4,153
GALNT9,153
KCNK9,153
MEGF8,153
PHF8,153
PKP3,153
PPIL2,153
PPP1R12B,153
SIGIRR,153
SMCHD1,153
SMG1,153
SNAP47,153
SPG11,153
TBC1D10A,153
THADA,153
TLE3,153
ATP8B4,152
CALML4,152
EEF1D,152
EP400,152
EXOC3L4,152
FSCN2,152
GCN1,152
IFT140,152
LOXHD1,152
MUC4,152
PPP6R3,152
RTN4R,152
SCNN1A,152
SDK1,152
TSPAN4,152
ASIC1,151
CDK5RAP3,151
CHD5,151
CNTRL,151
CTNNA2,151
CYTH1,151
DDB1,151
DIS3L2,151
EVI5L,151
FAH,151
GALNT14,151
HIF3A,151
HM13,151
JAK3,151
LYST,151
MDGA1,151
MYCBP2,151
PDGFRB,151
PRKCB,151
RDH13,151
SLC12A4,151
TAF4,151
TKT,151
VAV1,151
ACOT7,150
CAPN1,150
GALNS,150
HIP1R,150
HK1,150
KIAA1217,150
LHPP,150
MADD,150
MAST1,150
MRC2,150
NOMO3,150
PPP6R1,150
RAB11FIP4,150
RHBDF1,150
RTTN,150
SH3BP1,150
TENM4,150
THRA,150
TPM4,150
ZC3H18,150
ATAD3B,149
CHD8,149
CIRBP,149
CLPB,149
CPNE7,149
DBN1,149
DUOX1,149
MAGI1,149
MIB2,149
MTHFD1,149
OGFOD3,149
OTOF,149
PLXNC1,149
PNCK,149
POLR3E,149
RAB11FIP3,149
RRBP1,149
ST3GAL4,149
STARD10,149
ABCC10,148
ADORA2A,148
AP3B2,148
ARHGAP8,148
BRD4,148
CHN2,148
KCNIP2,148
MACROD1,148
MROH1,148
NEB,148
SGSH,148
STK3,148
ZBTB7C,148
CDH1,147
CUL2,147
EP300,147
FAM193B,147
KANSL3,147
KIAA0319L,147
MAPKAP1,147
MMP11,147
NCOR1,147
PAPLN,147
PLCD1,147
PRMT1,147
SATB2,147
SETD5,147
SP100,147
TFDP2,147
TMEM184B,147
UCKL1,147
ZDHHC3,147
ACTN2,146
BRD3,146
CELF5,146
CHD9,146
CSMD2,146
IL2RB,146
KDM2A,146
OLFM1,146
P2RY6,146
SH3KBP1,146
SH3PXD2A,146
ACTR3C,145
CBS,145
CCDC30,145
CDHR2,145
CLIP2,145
COLQ,145
CORO7,145
DUS2,145
GRIP2,145
PHF21A,145
PHF24,145
PRPF18,145
PTH1R,145
PTPN2,145
RADIL,145
SORBS2,145
SQSTM1,145
SRRM3,145
TACC1,145
TGFBI,145
ASMTL,144
BEND7,144
CLCN7,144
CRTC3,144
DHRS3,144
DHX37,144
DIP2A,144
DMTN,144
EHD1,144
ERC2,144
FANCC,144
GLUD1,144
GRIN2A,144
IQGAP2,144
LRP5L,144
LRRK1,144
MINK1,144
MYH11,144
PPM1F,144
PPP2R1A,144
SLC44A2,144
SLC6A1,144
SYBU,144
XPNPEP1,144
ACAD10,143
ANXA11,143
ARID3A,143
ARIH2,143
BAZ2A,143
CAPG,143
DIRC3,143
DOC2A,143
GPR137,143
KIF25,143
LRRFIP1,143
MAP2K2,143
MAPT,143
MGAT5B,143
MUC6,143
PALLD,143
PCSK7,143
RAF1,143
TCF7,143
UPF1,143
XRCC1,143
AMPD2,142
APBA2,142
ARHGEF9,142
ATM,142
CD247,142
CERS4,142
CHRNA7,142
CRELD1,142
CSGALNACT1,142
DMPK,142
DROSHA,142
GET4,142
GOLGA3,142
IL9R,142
INTS3,142
NCAM1,142
NDRG2,142
PARP6,142
PDZRN3,142
PHF19,142
PTDSS2,142
RGL3,142
SVIL,142
TEP1,142
TNKS1BP1,142
TP53I11,142
TSPAN9,142
VRK3,142
ZBTB20,142
ADCY6,141
AHRR,141
ATG7,141
BCAR3,141
CEP131,141
CSNK1E,141
ELMO1,141
FBF1,141
GPR35,141
KANK1,141
MAP3K12,141
MYO18B,141
NUP210,141
PLCG1,141
PRCD,141
SAMD4A,141
SLC27A1,141
SNX29,141
STAG3,141
AFAP1,140
ANO2,140
ARPC1B,140
ATXN2,140
CAD,140
CLCN2,140
CNOT3,140
CTTN,140
DGAT2,140
ERC1,140
FHL1,140
GAD1,140
GAL3ST1,140
HPS1,140
KIAA0513,140
MYO1D,140
NT5C2,140
PANK4,140
PC,140
PFKFB4,140
SCAPER,140
AGO2,139
ANAPC5,139
BCL3,139
CD22,139
CLUH,139
COL23A1,139
DENND4B,139
DNAI1,139
FADS3,139
FGD3,139
GREB1,139
GRIP1,139
MEI1,139
MOB2,139
NPEPPS,139
PKM,139
SLC39A14,139
TET3,139
XPO1,139
ABCC1,138
ABLIM3,138
ADAM8,138
AHNAK,138
AKAP1,138
ALDH1L1,138
BRCA1,138
DGKA,138
DIXDC1,138
DOCK9,138
GPR89B,138
HSD17B12,138
MYLK3,138
NDE1,138
POLG,138
POMGNT1,138
PSEN2,138
SEMA6A,138
SMOX,138
TCF7L2,138
TECR,138
THBS3,138
THOC5,138
TTC3,138
UBAP2,138
VOPP1,138
DCAF8,137
FZR1,137
LRBA,137
NAPA,137
PPARG,137
RASGEF1A,137
RFTN1,137
SYN3,137
TCF3,137
TRAF7,137
ACOX2,136
AHDC1,136
ALG9,136
CAPN5,136
CDK13,136
CTSD,136
DNMT3B,136
DPF1,136
EFHC1,136
EPHB1,136
IQGAP1,136
MAEA,136
PFKFB3,136
PRPF8,136
PRX,136
RAB3IL1,136
RHBDD1,136
SEC31B,136
SLC38A10,136
SRGAP2,136
TMPRSS4,136
UBTF,136
USP39,136
APPL2,135
CC2D2A,135
CNPY1,135
CREB5,135
DGKQ,135
DLEU1,135
FHOD3,135
HPCAL1,135
ILF3,135
LFNG,135
NPHP4,135
PTPRE,135
RPTOR,135
SARDH,135
SH2D6,135
SULT2B1,135
TBL1X,135
TNPO2,135
ZMIZ2,135
ZNF532,135
ZP3,135
C2CD3,134
COL6A2,134
CPSF1,134
DTNA,134
FTO,134
GLB1,134
IDS,134
IGF2,134
KLC4,134
PAK1,134
PDE1C,134
POLRMT,134
SAMD4B,134
SLC17A7,134
SLC2A11,134
TMEM255B,134
TRIM66,134
TRPM2,134
AMDHD2,133
ANXA6,133
ATP1A2,133
CERCAM,133
CSF1R,133
DMXL1,133
ELN,133
ENTPD6,133
GALNT13,133
GHRHR,133
GLRA4,133
ING5,133
MAP4K1,133
MYO9A,133
NADSYN1,133
PARP1,133
PDE9A,133
POMT1,133
PTPRN,133
SH2B1,133
SHF,133
SIN3B,133
TBC1D24,133
TPO,133
ADORA1,132
ALMS1,132
ANAPC2,132
ANPEP,132
ARID1A,132
ASB2,132
ATP2A1,132
CADM1,132
CNOT10,132
D2HGDH,132
DEF8,132
DNAH2,132
ESRRB,132
FAM193A,132
GTF2IRD1,132
IKZF4,132
IST1,132
LRRC37A2,132
MAP4,132
MAP7D1,132
MCPH1,132
MEF2C,132
MTSS1,132
NUP188,132
PFKP,132
PHKA2,132
PTK7,132
RCN1,132
SAFB2,132
SARS2,132
SCYL1,132
SDK2,132
SETD2,132
SH3D21,132
SIN3A,132
SLC26A9,132
SRRM2,132
TRABD,132
ZNF276,132
ABCC11,131
ABI3BP,131
ACSM3,131
ADAM11,131
ADGRB1,131
ANO7,131
ARHGAP17,131
ASCC1,131
B4GALNT3,131
BMP7,131
CACNB3,131
CASK,131
CDC42BPB,131
CPT1A,131
CYFIP1,131
DHX30,131
FOXP4,131
FRYL,131
LETM1,131
LRRC27,131
NELFA,131
NPIPB5,131
PLEKHG2,131
PODNL1,131
SCN8A,131
TNXB,131
UNC13A,131
ZNF185,131
ZSWIM8,131
ABHD12,130
ACSS2,130
ACVR1,130
AK5,130
AP5Z1,130
ARHGEF40,130
CALD1,130
CLPTM1L,130
CNGB1,130
DOCK5,130
DUSP8,130
EIF3B,130
ITGA11,130
LAMA3,130
LAMB2,130
LRIG1,130
MTA3,130
NBAS,130
PAX8,130
PEAR1,130
PRMT7,130
RABGEF1,130
RBPJ,130
SGIP1,130
SHOX,130
SRP68,130
SRPK2,130
TOP3B,130
USP2,130
WDFY3,130
WNK1,130
ARHGEF16,129
ATP1A3,129
BAZ2B,129
CCDC93,129
CCM2,129
CEACAM1,129
EMC1,129
EPS15L1,129
GATA3,129
IL16,129
INTS9,129
MCF2L2,129
NFIA,129
PAK4,129
PHC2,129
PPP1R13B,129
PSD4,129
SDHA,129
SLC26A11,129
SLC37A3,129
SLC48A1,129
SLC8B1,129
SORL1,129
SYTL2,129
TRAF3,129
TSPAN32,129
USP54,129
ACAP1,128
ARHGAP33,128
CD99,128
CSK,128
ENOSF1,128
FASN,128
FERMT3,128
FIG4,128
FTCD,128
GTPBP6,128
ITIH1,128
MUC16,128
NCLN,128
NFKB1,128
NUP93,128
PLXNA3,128
PRUNE2,128
SMG5,128
STK25,128
TEX2,128
TP53BP1,128
VARS2,128
VEPH1,128
WDR27,128
ALPL,127
ATP13A1,127
CASKIN2,127
CD276,127
CEP83,127
CUL4B,127
DOCK8,127
EIF3C,127
ESYT1,127
GSS,127
IDUA,127
IKBKB,127
KIAA1755,127
MAN2A2,127
MCAM,127
MYO1B,127
PNPLA7,127
PPRC1,127
PROM2,127
RAPGEF1,127
RTN4,127
SCAP,127
SRPK3,127
TAF1,127
TANGO6,127
TF,127
TMEM44,127
UNC45A,127
ALK,126
B4GALNT4,126
CCDC183,126
CELSR2,126
CUL7,126
EIF2AK3,126
ETNK2,126
IPO11,126
JADE2,126
KLF13,126
LMTK3,126
NAA60,126
NEURL4,126
OSBPL9,126
PHLDB2,126
RASGEF1C,126
RASGRP2,126
SAMD14,126
SLC25A42,126
SLC37A1,126
SMARCB1,126
SOS1,126
SOX13,126
TRRAP,126
TSPAN15,126
ZEB2,126
ADARB2,125
APP,125
AQP1,125
CARD11,125
DGKG,125
DKK3,125
DOCK4,125
DPYSL2,125
FAM174B,125
FRMD5,125
GIGYF2,125
HIBCH,125
HSD17B4,125
KCNC1,125
LASP1,125
MMRN2,125
MYBBP1A,125
NECAB2,125
PDE6B,125
PLEKHG6,125
PRODH,125
RABGAP1L,125
RELN,125
SLC12A9,125
SLC25A29,125
SNTG2,125
SNX8,125
STRADA,125
TAOK3,125
THBS2,125
UBAP2L,125
VASP,125
VWA3B,125
ZBTB38,125
ACTN4,124
ALS2CL,124
C2CD2,124
CIITA,124
COPG1,124
CSNK1D,124
CTBP2,124
DDX54,124
HDAC10,124
KNTC1,124
MEF2D,124
MFNG,124
MORC2,124
NADK,124
NKAIN4,124
PHYHD1,124
PLAT,124
PLEKHH1,124
PPARGC1A,124
RFX4,124
SIK3,124
SMPD4,124
STK11IP,124
TMCO4,124
TNNT1,124
TRIM8,124
TRPV2,124
TRPV3,124
TUBGCP6,124
ZDHHC11,124
ZNF385A,124
ARHGEF3,123
ATP6V1H,123
ATP8A2,123
CDC42,123
CLN3,123
CTCF,123
DOCK10,123
FANCL,123
HECW2,123
IL1R1,123
MBD3,123
MEIS3,123
MTCH1,123
NOSIP,123
POFUT2,123
PRKCSH,123
PYGM,123
RAPGEF4,123
SHKBP1,123
SIL1,123
SIPA1L1,123
SKI,123
SLC22A5,123
ST6GALNAC2,123
TAOK2,123
TENM2,123
TRAP1,123
TTLL10,123
UBASH3B,123
UBN1,123
WNT3,123
WNT5B,123
ZNF469,123
ADGRD2,122
ALDH1A2,122
ARHGEF11,122
BACE1,122
CDC25B,122
CEP112,122
CNOT1,122
CNTN4,122
DOT1L,122
EPS8,122
GRIK5,122
IGDCC4,122
ITPK1,122
KAT2A,122
KDM5C,122
KLHL3,122
KRT8,122
MAPKBP1,122
METTL22,122
MMP17,122
NCAPG2,122
NRG1,122
PDPK1,122
SCMH1,122
SLC11A2,122
SLC43A2,122
SLC52A2,122
SYNJ2,122
TBX4,122
TMBIM1,122
ZNF331,122
ADA,121
ARHGAP15,121
ARPC2,121
BBX,121
CDH3,121
CLMN,121
CSNK1G1,121
CYTH2,121
DNAJB1,121
FAM178B,121
GAB1,121
HK3,121
IGSF9B,121
KDM6B,121
LMAN1L,121
NUCB2,121
NUP85,121
PDK2,121
PDLIM7,121
PPP5C,121
PTBP1,121
PUF60,121
RNASET2,121
SLC29A1,121
SLC38A3,121
SLC7A6,121
SORCS1,121
STK36,121
STX1A,121
THOP1,121
UVRAG,121
ZNF385C,121
ADCYAP1R1,120
AKT3,120
APLP1,120
ATP13A3,120
ATR,120
BCAM,120
BIRC6,120
BLK,120
COL4A2,120
CUL3,120
DDC,120
EPHB4,120
FAM153A,120
FGD5,120
FRMD4B,120
GTPBP1,120
HIVEP3,120
IMPDH1,120
KIAA0586,120
KRT7,120
LTBP2,120
NEU4,120
NFIX,120
NOP9,120
NRP2,120
NUDT14,120
PHF12,120
PLXNA2,120
PML,120
PRRC2A,120
RARG,120
SHISA9,120
TAPT1,120
TBC1D14,120
TTYH3,120
ZC3H7A,120
ADAMTSL1,119
AFF3,119
ALDH3B2,119
ALS2,119
BPTF,119
CES4A,119
CLASP1,119
DCUN1D4,119
DNAJC7,119
EGFL7,119
ENG,119
G3BP2,119
HNRNPL,119
JUP,119
KDM3B,119
LIMK1,119
LMNB2,119
MAST4,119
NHSL2,119
NPIPB4,119
OSBPL7,119
P4HA2,119
PAX5,119
PITRM1,119
POM121C,119
RGMA,119
RNF31,119
SEZ6,119
SLC13A3,119
SMAD4,119
ST3GAL1,119
TBC1D2B,119
TBC1D31,119
TMC4,119
TMEM63C,119
TOM1L2,119
TWF2,119
USP20,119
USP35,119
USP36,119
UXS1,119
ANXA4,118
ASPH,118
ATP6V0A2,118
C1QTNF1,118
CACTIN,118
CCDC40,118
CD6,118
CEP192,118
CRAMP1,118
CYGB,118
ECHDC2,118
EML6,118
FUT8,118
IL4R,118
INPP4B,118
INPP5K,118
KCP,118
LAMA2,118
MEGF11,118
PARN,118
PLA2G4E,118
PRPSAP2,118
RBM39,118
RNF212,118
SH3GLB2,118
SLC25A23,118
TERT,118
TRIM5,118
USP32,118
WDR81,118
ZIC4,118
ZNF462,118
COMT,117
EBF4,117
FHOD1,117
GOLGA8B,117
HNRNPUL1,117
HSF1,117
KCNIP3,117
KCTD1,117
KPNB1,117
MDN1,117
MLLT6,117
MVB12B,117
NDUFAF6,117
NUSAP1,117
PALD1,117
PAM,117
PLD2,117
POLR1A,117
POLR3A,117
PPP1R12A,117
RAB31,117
RAB40B,117
RUFY3,117
SGK2,117
SH3D19,117
SLC6A8,117
SPNS3,117
UBXN6,117
USP9X,117
WDR18,117
CAPN12,116
CDHR1,116
CLASP2,116
DHX58,116
EML3,116
FEZ2,116
FLI1,116
FLYWCH1,116
GNA11,116
KANK2,116
MCCC2,116
MEIS1,116
METRNL,116
MOB3A,116
NCAPD3,116
NLRP2,116
PCBP4,116
PDE11A,116
PLXNB3,116
PSMG2,116
RAPGEF2,116
REV1,116
REXO1,116
RGSL1,116
RUNX1T1,116
SEMA6B,116
SIDT2,116
SLC47A1,116
SLC6A12,116
TAF6,116
TGM1,116
UMODL1,116
UQCC1,116
VPS51,116
WFS1,116
ABCD4,115
ACIN1,115
ADARB1,115
ALG13,115
ANKLE2,115
ANKRD26,115
C19orf47,115
CACNB1,115
CD44,115
CHMP1A,115
CLCNKA,115
CLTCL1,115
DDX23,115
DYRK1A,115
DZIP1L,115
ESPNL,115
FADS1,115
FBLIM1,115
FBXO38,115
FGFR4,115
GRIK2,115
HAUS7,115
HID1,115
KIDINS220,115
KIF7,115
MAN1B1,115
MECR,115
PER2,115
PITX2,115
PSD3,115
RMDN3,115
RPAP1,115
SHISA5,115
SPATA20,115
SPOCK1,115
STARD13,115
TNRC6A,115
TSC22D3,115
ZAP70,115
ADAM15,114
APBB3,114
ASAP3,114
CCDC136,114
CHIT1,114
CRLF1,114
CTIF,114
DHRSX,114
FNBP4,114
FRMD6,114
GIT2,114
GPM6A,114
HDGF,114
INTS8,114
IQCE,114
KLHL29,114
LIPE,114
LITAF,114
MLXIPL,114
MTFR1L,114
MXRA8,114
NPC1,114
PISD,114
PPIP5K1,114
PPP1CA,114
RAB11FIP5,114
RANBP3,114
ROBO3,114
RUNDC3A,114
SDCCAG8,114
SLC22A8,114
SLC25A25,114
TCF12,114
TRAK1,114
TRPV1,114
ZFYVE21,114
ANKS3,113
AP1B1,113
ASL,113
CACNA1E,113
CAMSAP1,113
CGN,113
CPXM2,113
DDX10,113
DNAH14,113
DOK4,113
E4F1,113
EDC4,113
ELP2,113
FANCI,113
FXR2,113
GNA12,113
IRF1,113
KLK2,113
MAN2C1,113
MAP3K14,113
MFGE8,113
NPIPB3,113
PGAP2,113
PHF20,113
PIP5K1A,113
PROM1,113
PTPN23,113
SCML4,113
SH3GL1,113
SRRT,113
SSH1,113
STARD3,113
TMC8,113
TMPRSS2,113
TNNI3,113
TTC21A,113
ZFHX3,113
ANKFY1,112
ATN1,112
C15orf39,112
CACNA1G,112
CANT1,112
CAPN8,112
CEP170,112
CHTF18,112
CNTROB,112
CROCC2,112
CYP4B1,112
DLG1,112
EPHB6,112
ERN1,112
FAM20C,112
GLG1,112
HGSNAT,112
IFT52,112
KIF17,112
NCBP3,112
OPA1,112
PARP12,112
PLOD1,112
RALGPS1,112
RPGRIP1,112
SCN5A,112
SERPINF1,112
SLC1A3,112
SLC7A7,112
SLCO4A1,112
SNRNP200,112
SPRED2,112
STAT3,112
SUGP2,112
TFRC,112
TKFC,112
TTLL9,112
UACA,112
ZBTB17,112
ZCWPW1,112
ZZEF1,112
AHCYL2,111
CC2D1A,111
CD9,111
CDC34,111
CDK16,111
CENPT,111
CNDP2,111
COL17A1,111
COL9A1,111
COPE,111
CSF3R,111
ELAVL4,111
FAM13A,111
FBN1,111
FKBP9,111
FLVCR2,111
GABRD,111
HDAC6,111
IRF5,111
KTN1,111
MBTPS1,111
MCOLN1,111
MED16,111
MIDN,111
NEURL1,111
NHS,111
PAFAH1B1,111
PDE8A,111
PKNOX2,111
POLR2A,111
PRCC,111
SAFB,111
SEC14L6,111
SLC43A1,111
SLCO3A1,111
TFR2,111
TMEM132A,111
TRIP12,111
TYRO3,111
USP3,111
ZNF638,111
ACKR2,110
ANKRD13D,110
APBB1,110
ARPP21,110
BSG,110
CDON,110
CFAP74,110
DYRK4,110
EHBP1,110
ESPL1,110
FLOT2,110
GATB,110
ITGAM,110
JAK1,110
KCNQ1,110
KIAA1671,110
MCM3AP,110
MLLT10,110
MOV10,110
MSN,110
MUS81,110
PRLR,110
RANBP17,110
RBFOX2,110
RHOBTB3,110
RIN2,110
SGCA,110
SPNS2,110
STK32B,110
TLE6,110
TNFAIP2,110
TPM1,110
TPST2,110
TUBA8,110
VEGFA,110
WDR45B,110
ZDHHC7,110
ABHD16A,109
ADD3,109
AGAP1,109
AIFM3,109
BAHD1,109
BCAP31,109
CACNB4,109
CDC37,109
CHAT,109
COPZ2,109
DHX38,109
DLGAP1,109
DNAH10,109
FANCD2,109
FGFR3,109
FLRT1,109
GAREM2,109
GIGYF1,109
HOMER2,109
IL17RC,109
IPO5,109
JAG1,109
KCNN4,109
LHX6,109
LRRC37A3,109
MCC,109
MYCBPAP,109
NDUFS2,109
NFYC,109
NOSTRIN,109
NSMF,109
PAH,109
PAPOLA,109
PCM1,109
PKNOX1,109
PLCD3,109
PLOD2,109
PREX1,109
REEP1,109
RORC,109
SEMA3B,109
SGTA,109
SLC29A4,109
SLC51A,109
SPAG17,109
SPON2,109
SRCAP,109
STK32C,109
TBC1D5,109
TBC1D8,109
TBX1,109
TINAGL1,109
TMEM63B,109
TNC,109
TRIM3,109
UROS,109
ZNF444,109
ZSCAN18,109
ABAT,108
ABCB6,108
ARHGAP32,108
ARHGEF28,108
ATP6V0A4,108
ATP7B,108
ATXN2L,108
BAIAP2L2,108
BRD8,108
CHRDL2,108
CLASRP,108
CLEC16A,108
COPS3,108
DENND2A,108
DGCR8,108
ELL,108
EPS8L3,108
ERCC2,108
FBRS,108
GATA2,108
GOLGB1,108
KAZN,108
KIF1B,108
KLF17,108
LAIR1,108
MAP3K11,108
MBD6,108
MORN1,108
MVK,108
NSF,108
OSGIN1,108
P2RY8,108
PCBP2,108
PCGF3,108
PES1,108
PLD1,108
PNKP,108
PPP1R13L,108
RUFY4,108
SART3,108
SLC6A16,108
SLC9A6,108
SYT17,108
TBC1D10B,108
THEMIS2,108
TNRC6C,108
TTC12,108
WDPCP,108
WSCD1,108
ACOX3,107
AEBP1,107
AHNAK2,107
ALOX5,107
AP3S2,107
AXIN2,107
BBS2,107
BCL9L,107
CCZ1B,107
DLEC1,107
EFHD1,107
EHMT2,107
FAM117A,107
FPGS,107
GIPC1,107
IDE,107
IPO13,107
KAT6B,107
LPCAT1,107
LRP3,107
MAPK12,107
MASP1,107
MPP1,107
MYH14,107
MYH7B,107
MYL5,107
NFIB,107
NT5DC2,107
NTRK2,107
PLXNA1,107
PTPRK,107
RBMS1,107
SEMA4G,107
SLC2A1,107
SPATS2L,107
STOX2,107
SYNPO,107
TBK1,107
TMPRSS6,107
TRMU,107
TUBGCP5,107
WDR19,107
ARAP3,106
ARHGAP39,106
ARID3B,106
ATRX,106
BCAS3,106
BCAT2,106
C10orf90,106
CDHR3,106
CEP350,106
CFAP100,106
CFLAR,106
CLIP4,106
CRY2,106
CYP19A1,106
CYTH4,106
DPH1,106
ERAP1,106
FRMPD2,106
GANAB,106
GPS1,106
GREB1L,106
GRM6,106
GSDMB,106
HECTD1,106
HPS4,106
ITGB7,106
ITIH5,106
KCNH3,106
LIG3,106
LRCH4,106
MAFG,106
MGAT4B,106
NAP1L4,106
NCALD,106
NOTCH4,106
NUDCD3,106
P4HB,106
PLEKHG1,106
PRPSAP1,106
PTOV1,106
RAD54L,106
RBM6,106
ST7,106
TENM3,106
TGFB3,106
TRAIP,106
UBE4B,106
UNK,106
UTRN,106
WDR20,106
ZDHHC14,106
A1BG,105
ANAPC7,105
ARHGEF25,105
ATP2A2,105
ATP8B3,105
BTG4,105
CASKIN1,105
CEP63,105
CHN1,105
CNKSR2,105
CPEB1,105
CREB3L1,105
ENAH,105
EPHB2,105
EXOC3,105
EYA2,105
GNB5,105
LGALS9,105
N4BP1,105
NOTCH3,105
NPDC1,105
PAK6,105
PIK3AP1,105
PIPOX,105
PLK5,105
PROSER3,105
PUM1,105
RAB17,105
RAB26,105
SF3B3,105
SMPD3,105
SP140L,105
TMEM40,105
TTC28,105
ABCA4,104
ACER3,104
ALDH3A2,104
AVIL,104
BBS9,104
BRSK1,104
BTBD2,104
CEP104,104
CFAP99,104
CLN6,104
CLUAP1,104
CRIP2,104
CSNK2A1,104
CTSZ,104
DAAM1,104
DCPS,104
DLC1,104
DNAAF5,104
DNAJC17,104
DPP4,104
ELP3,104
ERCC6L2,104
FBXO15,104
GPI,104
GSDMD,104
GTF2IRD2,104
INPP5B,104
INTS10,104
MAP2K5,104
MAPK8IP1,104
MID1,104
MIER2,104
MUC12,104
NELL1,104
OGDHL,104
OSBPL3,104
PECAM1,104
PWP2,104
RASGRP3,104
RBM19,104
RUBCN,104
SCN4A,104
SLC15A3,104
SLC44A4,104
SPTLC1,104
ST18,104
STON2,104
SYNE3,104
TEX264,104
TMIE,104
TMPRSS9,104
TPM3,104
TRPM1,104
TTC23,104
UBA1,104
ULK2,104
VCP,104
ACOXL,103
ADAMTSL4,103
AKNAD1,103
ATP8B1,103
ATP8B2,103
BBS1,103
BRWD1,103
CCDC13,103
CELSR3,103
CNIH3,103
CPNE1,103
CYB561,103
EIF4ENIF1,103
EIF4G3,103
EPN1,103
FAM78A,103
FURIN,103
GCK,103
GGA2,103
GMDS,103
GRK6,103
IDH3A,103
MAP2,103
MAP3K10,103
NBEAL1,103
NFATC4,103
NR3C2,103
NT5DC3,103
PABPC1L,103
PDCD11,103
PIDD1,103
PILRA,103
PIP5KL1,103
PLCB4,103
POLD4,103
RAB40C,103
RASSF5,103
RASSF8,103
SCLY,103
SEMA6C,103
SLC13A5,103
SMTNL2,103
STAP2,103
SYT7,103
SYTL1,103
TCTN1,103
TDRD9,103
TMEM184A,103
TMEM201,103
USP4,103
USP48,103
VPS13A,103
ZNF28,103
ACAT1,102
ALDH16A1,102
APC2,102
ARFGEF2,102
ARHGAP44,102
ARHGEF12,102
ATP2C1,102
CAPZB,102
CEACAM21,102
CHCHD6,102
CNKSR1,102
CTC1,102
DAPK1,102
DCAKD,102
DGCR2,102
DHCR7,102
DNPEP,102
EGFR,102
EXT2,102
FAM149B1,102
FAM167A,102
FSD1,102
GMEB2,102
ISG20,102
KCNC4,102
LRRC37B,102
MAP4K2,102
MPPE1,102
MVD,102
NEK9,102
NPRL3,102
NRDC,102
NSD1,102
PCMTD2,102
PICALM,102
PTPN5,102
RALGAPA1,102
REV3L,102
RUVBL2,102
SEMA5B,102
SHARPIN,102
SLC9A5,102
SOX10,102
SPTLC2,102
SREBF2,102
STXBP1,102
SULT1A1,102
TIGAR,102
TNFRSF14,102
TRPM8,102
TUBB3,102
VPS41,102
XRRA1,102
ZDHHC11B,102
ADAMTSL5,101
B3GAT1,101
CACNA1F,101
CDK11A,101
CKAP5,101
COPA,101
CTU2,101
DDHD2,101
DDX42,101
DSE,101
EMID1,101
FN1,101
FOCAD,101
GALNT6,101
GPRC5C,101
GRID2IP,101
GRM8,101
IGSF1,101
NACC2,101
NID2,101
NR2C1,101
P3H1,101
PHLDB3,101
PI4KB,101
PITPNA,101
PTPN9,101
RAD50,101
RARB,101
SLC26A6,101
SMARCC2,101
STRC,101
SUSD1,101
TARBP1,101
TNKS,101
TOP2B,101
USP11,101
WDFY4,101
XRCC3,101
ZMYND8,101
ADCY9,100
ADD2,100
ASH2L,100
ASRGL1,100
CALCOCO1,100
CFDP1,100
CHL1,100
COL22A1,100
CPLX2,100
CTNND1,100
DCAF4,100
DNAJC11,100
EGFLAM,100
ELAVL1,100
ESR1,100
ESRRG,100
FAM120B,100
FEZ1,100
GABRP,100
HPN,100
IGF2BP3,100
LRRC8D,100
MAD2L2,100
MAP3K6,100
MATN1,100
MGAT1,100
MGAT3,100
MORF4L1,100
NCAN,100
NCS1,100
NRCAM,100
OPLAH,100
PFKM,100
POU6F1,100
PTPN11,100
PTPN12,100
R3HDM2,100
RFPL1,100
SAMD3,100
SAP30BP,100
SLC22A11,100
SLC30A3,100
SLC38A5,100
SORCS2,100
SOX5,100
SP140,100
SPEF2,100
TMC5,100
TMEM120A,100
TOM1,100
U2AF2,100
WDR25,100
WIPF1,100
WNK4,100
ZDHHC8,100
ZNF385B,100
ACSL1,99
ADCY2,99
AGAP2,99
AHI1,99
ANKFN1,99
ANKRD13A,99
AP1G2,99
ARHGAP35,99
ATG13,99
BRAF,99
CC2D1B,99
CCAR2,99
CRTAC1,99
DCAF15,99
ENGASE,99
EXOSC10,99
FAS,99
FMN1,99
FNDC3B,99
GABRG3,99
ITPA,99
KAT8,99
KCNIP4,99
KLF16,99
LDB1,99
MDC1,99
MX1,99
MYO10,99
NELL2,99
NEMP2,99
NOD2,99
NRP1,99
OPHN1,99
OXR1,99
PLEKHH3,99
PLOD3,99
PPL,99
PPP2R5B,99
R3HDM1,99
RORA,99
SARM1,99
SGSM3,99
SHC1,99
SLA,99
SLC1A6,99
SMAD7,99
ST3GAL2,99
SYT12,99
TCHP,99
TMEM62,99
TRIP10,99
TTC38,99
TTLL4,99
UBR5,99
UBXN11,99
VASH1,99
VWA7,99
WDR91,99
ZC3H4,99
ZFPM2,99
ZNF574,99
ZNF83,99
APTX,98
AQP7,98
ATG2A,98
BIN1,98
BTK,98
CAPN15,98
CHD7,98
DHTKD1,98
DTX1,98
DZANK1,98
EIF2AK4,98
ELMO2,98
ENO3,98
EPG5,98
ETV4,98
FAIM2,98
FGF11,98
FRMPD3,98
GCGR,98
HIC2,98
HOXA3,98
IGDCC3,98
IGF2BP2,98
LMBRD1,98
LPIN3,98
LTF,98
MADCAM1,98
MAPK6,98
MPP3,98
MXI1,98
MYOM1,98
NARF,98
NBPF3,98
NCF1,98
NEO1,98
NOM1,98
PACSIN2,98
PNKD,98
POU2F3,98
PPP1R7,98
PRDM11,98
SIDT1,98
SLC25A22,98
SLC4A3,98
SPIRE1,98
SRRM1,98
TBXAS1,98
TIMP2,98
TMEM175,98
TMEM259,98
TPRA1,98
TTC17,98
UCK2,98
WRAP73,98
ZNF19,98
ZNF385D,98
ABCB1,97
APEH,97
ARRDC1,97
ATG16L2,97
BCAN,97
BOP1,97
C17orf99,97
CASP8,97
CBFA2T2,97
CDH11,97
CFAP65,97
CHKB,97
COL12A1,97
COLGALT1,97
DAGLB,97
FLT1,97
FRMD3,97
GAPVD1,97
GLS2,97
GPBP1L1,97
HAL,97
KCNAB1,97
KCNN1,97
KHDRBS3,97
KLF15,97
LIMA1,97
LRCH3,97
LRRC49,97
LTBP1,97
MAP3K4,97
MFSD1,97
MFSD6,97
MVP,97
NEMF,97
NPR2,97
NRBP2,97
NRL,97
OTOG,97
PACSIN1,97
PAX2,97
PGS1,97
PHYKPL,97
PIAS4,97
PITPNM3,97
RACGAP1,97
RBCK1,97
RELB,97
RNF157,97
RNPEPL1,97
RSF1,97
SCAMP4,97
SCFD1,97
SEC61A2,97
SEMA4C,97
SEZ6L2,97
SFXN3,97
SLC38A9,97
SLC6A13,97
SLC9A1,97
SLIT2,97
SORT1,97
STAB2,97
TELO2,97
TMEM131,97
TOP3A,97
TPP2,97
TSPAN31,97
VIL1,97
WAS,97
WWTR1,97
AAAS,96
ADAMTS7,96
AKAP6,96
AMT,96
ANKRD24,96
ATG4B,96
BPI,96
C3orf18,96
CACNA2D3,96
CDYL,96
CPLX1,96
CPS1,96
DNAJB6,96
DPP3,96
EPHA4,96
FAM135B,96
FAM3A,96
FBLN5,96
FES,96
GABRE,96
GATAD1,96
GLYR1,96
GMIP,96
GPNMB,96
GPR108,96
GRIK4,96
ITGB1,96
LAMA1,96
LAMA4,96
LHX2,96
LRP2,96
MAP4K3,96
MPP2,96
MTMR4,96
MYO7B,96
NCAPD2,96
NCKIPSD,96
NDST1,96
NTF4,96
OLFM2,96
PCDH15,96
PIK3CB,96
PLEKHB1,96
POU2AF1,96
POU2F1,96
PPT2-EGFL8,96
RANBP2,96
RBM5,96
RGS22,96
RNH1,96
SEC23A,96
SNX25,96
STX8,96
TMEM59L,96
USP40,96
USP5,96
XYLT1,96
AATF,95
ACAD9,95
ACVRL1,95
AMZ1,95
ARFGAP1,95
ARHGAP21,95
ARHGAP25,95
ARNT2,95
ATOH8,95
CALCOCO2,95
CCDC120,95
CDH5,95
CDK14,95
COL4A1,95
CPSF4,95
CREM,95
CRISPLD2,95
DHRS7B,95
DHX34,95
DNASE1,95
DPYSL4,95
EFCAB5,95
ETV5,95
EXTL1,95
FGF13,95
FLAD1,95
GRHL3,95
GRIK3,95
IKBKG,95
INPP5E,95
INSR,95
KREMEN1,95
KRT15,95
LILRB4,95
MATR3,95
MCTP1,95
NCAPH2,95
NKD2,95
NONO,95
NT5DC4,95
PDCD2L,95
PDLIM4,95
PMEL,95
PPHLN1,95
PRC1,95
PRKAG1,95
PRKD1,95
PTPN6,95
RAI14,95
RET,95
RGS14,95
SMARCAL1,95
SMARCD1,95
SPEN,95
SPSB1,95
SRPX2,95
TJAP1,95
TOX2,95
USP49,95
VAT1,95
VPS9D1,95
VWF,95
ZFP64,95
ZMIZ1,95
ZNF219,95
ZNF687,95
ZNF839,95
ACAA1,94
ADAM33,94
ADTRP,94
ARSG,94
ATXN7,94
BCKDK,94
BLM,94
C5,94
CAPN13,94
CORO1C,94
DCTN2,94
DENND1C,94
DGKI,94
DIAPH1,94
DPP8,94
EIF3E,94
EVA1C,94
FAM222B,94
FAT3,94
GALNT16,94
GUCD1,94
HBM,94
HOMER3,94
IGSF21,94
KMT5C,94
MAP1S,94
MED12L,94
MTRR,94
MYBPC1,94
NYAP1,94
PARVG,94
PDCD6IP,94
PIK3R1,94
PLEKHN1,94
PMFBP1,94
PPFIBP1,94
PRKAR2B,94
PSEN1,94
RCC1,94
RFFL,94
RGL2,94
RTN2,94
SLC24A1,94
SLC5A9,94
SOD2,94
STK11,94
SYN2,94
TAB1,94
THSD4,94
TSPAN14,94
ULK3,94
ZNF23,94
ZNF280D,94
ZNF846,94
ABCC12,93
ANO9,93
ATP6V1G2-DDX39B,93
C8orf58,93
CCND2,93
CEP95,93
CTTNBP2,93
DAP3,93
DECR2,93
ERGIC3,93
ERI3,93
F7,93
FAM118A,93
FUBP3,93
GALNT2,93
GATAD2B,93
GBA2,93
GCLC,93
GPR161,93
GRAP2,93
GYG1,93
HAGH,93
IL6R,93
ITGAX,93
KCNQ5,93
LDB2,93
LHFPL2,93
LTBR,93
MFSD8,93
MPDZ,93
NEIL1,93
NPHS1,93
PERM1,93
PLCD4,93
PLIN5,93
POLB,93
PPFIA2,93
PRKAR2A,93
PSMD1,93
RAPGEF5,93
RBM10,93
RFC1,93
RNF207,93
RNF215,93
RRM2,93
SCAMP5,93
SCARB2,93
SCUBE1,93
SEL1L3,93
SHROOM3,93
SKOR1,93
SPRYD3,93
TPRN,93
ZBTB7B,93
ACADVL,92
ADGRA3,92
ADGRL2,92
ALOX12B,92
ALPK1,92
ATAD3A,92
ATP1B1,92
B3GALT5,92
BCKDHB,92
BMPER,92
C1QTNF5,92
CDC27,92
CDC42BPG,92
CDK12,92
COL4A3,92
CYP51A1,92
DRC3,92
ENO2,92
FBLN7,92
FBXW4,92
GINS1,92
HERC1,92
HNRNPM,92
HYPK,92
ITGA2B,92
ITSN2,92
KCTD10,92
LRRC23,92
MAPK9,92
MGA,92
MIPOL1,92
MKNK2,92
MLXIP,92
MROH6,92
MST1R,92
MYO1E,92
MYPN,92
NLGN3,92
PIANP,92
PLEKHG4B,92
PTP4A2,92
RBM20,92
RNF166,92
SEL1L2,92
SH3TC2,92
SIPA1L2,92
SLC25A6,92
SPOP,92
STK24,92
SYNRG,92
SYT15,92
TUBGCP4,92
VAV3,92
VDR,92
WNT5A,92
ZNF334,92
ACLY,91
ACTG1,91
AIM2,91
ANKRD30B,91
ARFRP1,91
ARMC8,91
ATP13A4,91
ATP2B4,91
BRPF1,91
CAMKK2,91
CCDC154,91
COL21A1,91
CRMP1,91
DNAH11,91
FANK1,91
FCHSD1,91
FGD4,91
GCC2,91
GRAMD1C,91
GSAP,91
GUSB,91
HGFAC,91
IBA57,91
IRX4,91
KHSRP,91
KIF1C,91
KIF2A,91
LMBR1,91
LONP1,91
LRRC4B,91
MAP3K7CL,91
MAPKAPK3,91
MECOM,91
MTMR3,91
NFE2L2,91
NLRX1,91
NR2C2,91
PDGFA,91
PLD4,91
PLPP3,91
PLPPR2,91
PPIE,91
PPP2R1B,91
PRRC2C,91
RAB24,91
RCOR2,91
RGL4,91
RGS10,91
RNF4,91
SENP2,91
SHD,91
SLC7A8,91
SMUG1,91
SP110,91
SPPL3,91
STRIP1,91
TBCK,91
TECPR2,91
TLN1,91
TRIM65,91
UBAC2,91
WDR37,91
ZDHHC1,91
ZMYM1,91
ZNF598,91
ALDH7A1,90
AMFR,90
ANKDD1A,90
ANKH,90
AP1G1,90
AVEN,90
BAD,90
CAPRIN2,90
CHD6,90
CTSB,90
FAM13C,90
FDFT1,90
FOXK2,90
GCNT3,90
GFAP,90
GPBP1,90
HELZ2,90
IFITM10,90
INSC,90
KATNB1,90
LAD1,90
LGALS4,90
MB,90
NNT,90
P2RX6,90
PAM16,90
PCK2,90
PCSK4,90
PDIA6,90
PELP1,90
RAC2,90
ROBO2,90
SIGLEC15,90
SPATS2,90
SPHK1,90
SSH3,90
STIP1,90
TBC1D17,90
THBS4,90
TM7SF3,90
TPD52L1,90
TSC1,90
UBXN8,90
USP22,90
WDR13,90
WIPI2,90
XYLB,90
ZBTB47,90
ACAP2,89
ADCK1,89
ARHGAP24,89
ATG4D,89
BLVRA,89
C16orf95,89
C1orf21,89
CABP1,89
CACNA2D2,89
CANX,89
CARM1,89
CELF2,89
CHI3L2,89
CTDSP2,89
DAB1,89
DNAJC6,89
DNASE1L1,89
DRD2,89
EBF1,89
EIF4E1B,89
EPB41L4A,89
FBXO11,89
GNAI1,89
GPM6B,89
HCFC1,89
HEATR4,89
HEXA,89
IGF2BP1,89
KATNAL2,89
KCNQ4,89
KDM1A,89
LIMK2,89
LMNTD2,89
MAP4K4,89
MOV10L1,89
MTERF4,89
MTHFD1L,89
NAV3,89
NTHL1,89
PDIA5,89
PKMYT1,89
PKP2,89
PKP4,89
PLCB3,89
RAD52,89
RAPGEF6,89
RELT,89
RINL,89
RNASEH2B,89
SDC3,89
SDF4,89
SEC13,89
SF3B2,89
SH3YL1,89
SLC11A1,89
SLC2A8,89
SLC39A11,89
STK33,89
TJP1,89
TKTL1,89
UBAC1,89
UBE2D2,89
ZBTB46,89
ZDHHC18,89
ZIM2,89
ABCA3,88
ABCB8,88
AFG3L2,88
ANKS6,88
ANLN,88
ARHGAP1,88
ARHGEF15,88
ATL2,88
BAG6,88
BNC2,88
C2CD5,88
CA12,88
CCDC150,88
CCDC159,88
CGB7,88
DLGAP3,88
DOK7,88
DVL1,88
ELFN1,88
EMP3,88
FBXO10,88
FRMPD4,88
FSCN1,88
GDA,88
GLI4,88
HOXC4,88
IKZF1,88
KCNAB3,88
KIZ,88
LAMC1,88
LAT2,88
LIFR,88
MAMSTR,88
MED17,88
MROH2A,88
MTHFD2,88
MYO5C,88
NACA,88
NBL1,88
NOP2,88
OSTM1,88
PEX16,88
PHC1,88
PLEKHG4,88
PMP22,88
PPP2R2A,88
RAB37,88
RAPGEFL1,88
RBM33,88
RIMS2,88
RMND5B,88
RUFY2,88
SCN4B,88
SDSL,88
SEC24D,88
SLC23A2,88
SNX5,88
STARD9,88
STXBP5,88
TEAD2,88
TGFB1,88
TGFBR3,88
TGIF1,88
TNRC6B,88
TOLLIP,88
TPRXL,88
TRAPPC3,88
TRIM16,88
TTLL12,88
UBE2J2,88
UIMC1,88
USP37,88
WDR45,88
ABI2,87
ANKRD28,87
ANTXRL,87
AP2S1,87
ARHGEF33,87
ASH1L,87
ATG16L1,87
BCL6,87
BCORL1,87
BECN1,87
C6,87
CYP2E1,87
DAZAP1,87
DNAJA4,87
DNAJC13,87
DUS1L,87
DUSP22,87
ERCC6,87
EXOC6,87
FBXL19,87
FOXP3,87
FSTL3,87
GALNT11,87
GPAM,87
GRIA2,87
HRH1,87
LAMC3,87
MYL3,87
NMRAL1,87
NPAS3,87
NR1H2,87
NRDE2,87
PADI2,87
PLA2G15,87
PODN,87
PRCP,87
PRICKLE1,87
PTPN18,87
RALY,87
RCAN1,87
RMDN2,87
RNF126,87
RSPH10B,87
RSPH10B2,87
RTKN,87
RXRB,87
SCIN,87
SGK1,87
SLC25A26,87
SLC27A5,87
SLC3A2,87
SMO,87
SNX9,87
STAT1,87
STRBP,87
SUCLA2,87
SULF1,87
SYNPO2L,87
TBC1D26,87
TESC,87
TLE4,87
TMCC1,87
TMCC2,87
TTC39B,87
ZBTB48,87
ZFHX2,87
ACSS1,86
AKAP8,86
ANO4,86
ARHGAP9,86
ASMT,86
ATAD2B,86
ATP10B,86
ATXN7L1,86
B9D1,86
BPIFB1,86
C1QTNF6,86
CARD9,86
CCDC69,86
CCND1,86
CDKL3,86
CERS2,86
CES1,86
CNTNAP3,86
CPVL,86
DDX19A,86
ELAC2,86
ELAVL2,86
EPHA2,86
FAM149A,86
FBXL13,86
FBXL16,86
FBXO16,86
FBXO25,86
FRMD8,86
GATA4,86
GCNT2,86
GJC1,86
GNG4,86
GPHN,86
GSDMA,86
IFT27,86
IL12RB2,86
IL15RA,86
IL1R2,86
INTS4,86
ITGA6,86
IVD,86
KEL,86
KIT,86
LIMD1,86
LZTFL1,86
MAP3K3,86
MAPK15,86
MATK,86
MIIP,86
MUC17,86
MYOF,86
MYOZ3,86
N4BP2L2,86
NMT1,86
NRG2,86
PDGFRA,86
PFAS,86
PKD2,86
POLA1,86
PPARGC1B,86
PPP4R1,86
PRSS27,86
RBBP8,86
RDX,86
RHPN2,86
RIPK1,86
SH2D4B,86
SLC20A2,86
SLC2A14,86
SLC4A11,86
SLMAP,86
SSC5D,86
STAT2,86
STT3A,86
THPO,86
TNFRSF10B,86
TRANK1,86
TRPM3,86
URGCP,86
USHBP1,86
ZCCHC2,86
ZHX3,86
ZNF516,86
ZNF76,86
ACOT9,85
ACSM2B,85
ADAR,85
AMBRA1,85
ANAPC1,85
ARRB2,85
ASXL1,85
ATP8A1,85
BRAT1,85
C1R,85
CCDC171,85
CDKL5,85
CEMIP,85
CHRM3,85
CMTR1,85
CRAT,85
DCST2,85
DHRS11,85
DNAJC18,85
EPHA1,85
ETFDH,85
FAAP100,85
FBXO9,85
FIBCD1,85
FNTA,85
FNTB,85
GAA,85
GART,85
GAS6,85
GJB1,85
HDAC3,85
HOXD3,85
HRC,85
HSPB8,85
HYOU1,85
IGFN1,85
KAT5,85
KCNH1,85
KDM5A,85
LILRB3,85
LIMCH1,85
LMBR1L,85
LNX1,85
LRRC45,85
LRRC71,85
LYPD5,85
MAMLD1,85
MFSD2A,85
MICALL1,85
MMS19,85
MUC3A,85
NOL3,85
NR1H3,85
NSMAF,85
NTMT1,85
NVL,85
OPRL1,85
P3H2,85
PDE4B,85
PIGN,85
PLEKHM2,85
PNPLA2,85
POGZ,85
POLM,85
PRKCG,85
PTEN,85
RAB5C,85
RAB7A,85
RASAL3,85
RAVER1,85
RHOC,85
SFTA3,85
SH2D3A,85
SLC12A3,85
SLC12A6,85
SLC39A13,85
SLC45A1,85
SLC7A5,85
TDRD10,85
TERF2,85
THAP4,85
TMC1,85
TMEM108,85
TMTC4,85
TULP4,85
UBA7,85
UNC5CL,85
ZFYVE26,85
ACE2,84
ACSL3,84
ALDH5A1,84
AP2A1,84
APLP2,84
APOO,84
BAALC,84
BAP1,84
BEAN1,84
CALM3,84
CAMSAP3,84
CCR6,84
CDC14A,84
CDK10,84
CEP128,84
CEP85L,84
CHKA,84
CHRNE,84
CSAD,84
CTDNEP1,84
CYB5R2,84
DGAT1,84
DNAH5,84
ECSIT,84
EFCAB6,84
ERCC5,84
FAM114A1,84
FAR2,84
FAXDC2,84
FNBP1,84
FNIP2,84
GALNT10,84
GLI3,84
GNG2,84
GPAT4,84
GUK1,84
HDAC8,84
IL21R,84
ITFG1,84
KIF22,84
KIF3C,84
LAMB1,84
LEF1,84
LEMD2,84
LRRC43,84
LSAMP,84
MN1,84
MSLN,84
MYO1A,84
NDEL1,84
NOC2L,84
NTNG2,84
NUMB,84
PCCA,84
PCYT2,84
PDE5A,84
PDXDC1,84
PKP1,84
PLA2G4D,84
PTPRD,84
RNF130,84
S100A16,84
SEC14L2,84
SEC16B,84
SERPINB6,84
SKAP1,84
SLC17A9,84
SYT3,84
TCERG1,84
TFAP4,84
TMEM161A,84
TRABD2B,84
TRIP4,84
UTP4,84
YEATS2,84
ZCCHC14,84
ZNF384,84
ACOT11,83
AKAP7,83
ANKRD29,83
ANXA2,83
ATG9B,83
ATP1A4,83
BRD1,83
C12orf76,83
CAB39L,83
CCND3,83
CORO6,83
CRTC2,83
CS,83
CTNNBL1,83
DHRS12,83
DNAH3,83
EIF2D,83
FAM227A,83
FBN2,83
GGA3,83
GPS2,83
GTSE1,83
HPX,83
IFRD1,83
IPCEF1,83
ITPR2,83
KDM3A,83
KDM6A,83
KRI1,83
LEFTY1,83
LPO,83
LRRFIP2,83
MAP2K3,83
MAP2K7,83
MBOAT2,83
MCM4,83
MPND,83
MTG2,83
MTMR1,83
MYADM,83
NCOA2,83
NMNAT2,83
NNMT,83
OFCC1,83
PBX4,83
PCDH1,83
PCOLCE,83
PEAK1,83
PLAUR,83
PMM1,83
PXYLP1,83
QKI,83
RNF111,83
RUNX1,83
SALL3,83
SFSWAP,83
SLCO2A1,83
SLIT3,83
ST7L,83
SYCP2L,83
TADA2A,83
TANC2,83
TBC1D10C,83
TBL3,83
TRAF3IP2,83
TRAPPC10,83
TRIM2,83
UBE2O,83
USF2,83
USP45,83
WDR12,83
WIPI1,83
WWP1,83
XPO5,83
ZMAT4,83
ZNF528,83
A2ML1,82
A4GALT,82
ABCC4,82
ADAM17,82
ADCY1,82
AGTPBP1,82
AP2B1,82
ASNS,82
ATXN10,82
BRD2,82
C12orf42,82
C4orf50,82
CASP7,82
CECR2,82
CFAP54,82
CMTM3,82
CNTNAP3B,82
COG4,82
CPT1B,82
CSRP1,82
DNAJB12,82
DPP7,82
EIF3L,82
ESRRA,82
F12,82
FAM20A,82
FANCE,82
FASTK,82
FBXL12,82
G6PD,82
GNL1,82
GPRC5B,82
HCN3,82
HDAC9,82
IL1RN,82
IMPA2,82
KIAA0753,82
LARS2,82
MAN2B2,82
METTL6,82
MKLN1,82
MLF2,82
MME,82
MORC3,82
MSH2,82
MUTYH,82
NANOS3,82
NCF2,82
NFATC3,82
PAQR5,82
PCSK9,82
PDPR,82
PIP4K2A,82
PIP5K1C,82
PLAGL1,82
PRKD3,82
PYGL,82
RBM23,82
RBMS3,82
REC8,82
REEP2,82
RNASEH1,82
RNF144A,82
RPA1,82
RRM1,82
SCARF2,82
SCN1B,82
SIRT7,82
SLC3A1,82
STIL,82
TBC1D3B,82
TFAP2A,82
TIMM50,82
TMEM43,82
TOPBP1,82
TRABD2A,82
TRIM25,82
UBA2,82
WSB2,82
ABCF1,81
ACCS,81
ADAM12,81
ADHFE1,81
AIFM1,81
AK2,81
AK9,81
ANKRD52,81
ARHGAP10,81
ATP11C,81
B4GALT7,81
C21orf58,81
CCDC91,81
CFB,81
CLEC18A,81
CRACR2B,81
CRYM,81
CYB561A3,81
DAB2,81
DPCD,81
DPYS,81
DRC7,81
ENDOV,81
ENPP1,81
ENTPD2,81
EVI5,81
FAAH,81
FAM83H,81
FBXO24,81
FBXO31,81
FGF8,81
FOXJ3,81
G2E3,81
GRB7,81
GSTZ1,81
IL11RA,81
KRIT1,81
KRTCAP2,81
LBR,81
LCMT1,81
LONP2,81
LOXL3,81
MAOA,81
MAP3K19,81
MMP2,81
MYH3,81
NOTCH2,81
ODF2,81
PAN2,81
PMEPA1,81
PRSS36,81
QRICH1,81
RAB30,81
RASGRP1,81
RILPL1,81
RNF19A,81
RTN1,81
RUVBL1,81
S100A13,81
SAE1,81
SFTPC,81
SGPL1,81
SHH,81
SLC15A4,81
SLC25A10,81
SLC6A6,81
SLC8A2,81
SLC8A3,81
SMOC1,81
SMYD5,81
SPINT2,81
STKLD1,81
TBCB,81
TECTA,81
TFAP2E,81
THNSL2,81
THOC2,81
TMEM165,81
TNS4,81
TXLNB,81
TXNDC5,81
UBE3B,81
UBE3C,81
UNC13B,81
USP8,81
VPS39,81
ZNF232,81
ZNF410,81
ABCA8,80
ABHD17A,80
AIRE,80
AKAP8L,80
AMN,80
ASAP2,80
BACH1,80
CALB2,80
CAPN10,80
CARD19,80
CAT,80
CCDC146,80
CDH2,80
CHRNA2,80
CLU,80
CNIH2,80
CPB1,80
CPD,80
CRACR2A,80
CRB2,80
CRTC1,80
CTDSPL,80
DES,80
DNAH7,80
DPP10,80
DRAM1,80
EARS2,80
EPB42,80
EYA4,80
F11R,80
FAM47E,80
FBXO17,80
FXYD3,80
GDI1,80
GDI2,80
GFI1B,80
GFRA2,80
GMPPA,80
GTF3C2,80
HAUS8,80
HLA-DMA,80
HLCS,80
HS1BP3,80
IFI27,80
JOSD2,80
KDM8,80
KIF21A,80
KIFC2,80
LGI1,80
LRRC28,80
MICAL1,80
MTFR1,80
NCOA7,80
NPEPL1,80
NRBP1,80
NUMBL,80
OTOA,80
P3H3,80
PADI1,80
PHLPP2,80
PSG4,80
PSMD4,80
RAD23A,80
RASIP1,80
RNF216,80
RNF44,80
RSRP1,80
SCARF1,80
SENP3,80
SET,80
SEZ6L,80
SF3A1,80
SGMS1,80
SIRT2,80
SLC6A3,80
SNAP23,80
SPTBN1,80
ST6GALNAC6,80
STAT5A,80
SUGP1,80
SYT5,80
THOC1,80
TMEM150B,80
TMEM17,80
TRAF4,80
TTC34,80
TXNRD1,80
VPS4A,80
ZC3H12A,80
ZFHX4,80
ZNF395,80
ZYX,80
ADAMTS17,79
AGO1,79
AOAH,79
AP1S3,79
APBA3,79
ASAH1,79
ASTN2,79
ATL1,79
BCL2L14,79
CDC25C,79
CDYL2,79
CERS5,79
CES2,79
CLK2,79
CNDP1,79
COL9A2,79
CTPS1,79
CYP46A1,79
DAAM2,79
DENND2D,79
DICER1,79
FAM50A,79
FBXL2,79
FUT6,79
GDAP1,79
GNB3,79
GORASP1,79
HEXB,79
HOXB7,79
IQSEC3,79
KCNC3,79
KIF12,79
KIF2C,79
LRSAM1,79
MAP2K1,79
MCRS1,79
MDFI,79
MFSD11,79
MSTO1,79
MTHFD2L,79
NAMPT,79
NHSL1,79
NLGN4X,79
NXF1,79
NXPH4,79
P4HTM,79
PABPC1,79
PIWIL1,79
PODXL,79
PRR12,79
QSOX2,79
RAB27A,79
RFXANK,79
RHCE,79
RNF41,79
ROCK2,79
RRAGC,79
SDCBP2,79
SH3RF2,79
SIGLEC1,79
SLC16A5,79
SLC36A1,79
SLC41A1,79
SLC47A2,79
SLC4A9,79
STX3,79
SUSD3,79
SVOPL,79
SYN1,79
TMEM260,79
TPGS2,79
TUB,79
UBE2H,79
UBR1,79
VPS13B,79
VPS16,79
VPS52,79
XAB2,79
YWHAZ,79
ZHX2,79
ZNF320,79
ADAMTS13,78
ADAMTS2,78
AK1,78
ATOX1,78
ATP4A,78
AXIN1,78
CASQ1,78
CBX7,78
CCDC12,78
CDAN1,78
CDC45,78
CDRT4,78
CEACAM7,78
CEP72,78
CFL1,78
CNTNAP1,78
CYP11A1,78
CYP4F3,78
DDB2,78
DHX57,78
DMXL2,78
DNAJA3,78
DOC2B,78
EIF6,78
ETFB,78
FBXO46,78
FRMPD1,78
FUT7,78
GDF15,78
GIPR,78
GPC3,78
GTF2IRD2B,78
HECW1,78
HLF,78
HPCA,78
ID1,78
IDH3G,78
IFT81,78
IL34,78
IRAK1,78
ITPRIP,78
KCNQ3,78
KCTD17,78
KEAP1,78
KLHL22,78
KLK15,78
LAT,78
LPCAT2,78
MBTD1,78
MCCC1,78
MTMR14,78
NACAD,78
OAS3,78
OSBPL1A,78
PABPC4,78
PARP14,78
PAX3,78
PHF1,78
PITPNC1,78
PKIB,78
PPARA,78
PPP1R1B,78
PTGDS,78
RABGAP1,78
RABL2A,78
RBM47,78
RHBDD2,78
SASH1,78
SCNN1D,78
SCRG1,78
SEMA6D,78
SLC34A1,78
SMAP2,78
SPARC,78
ST6GALNAC1,78
STOML1,78
TAB3,78
TGM2,78
TMEM9,78
TMPRSS3,78
TNFRSF1A,78
TRAF3IP1,78
TRAF3IP3,78
TRAPPC8,78
TRPM7,78
USP42,78
USP43,78
VAV2,78
ZC3H14,78
ZFAND3,78
ZNF362,78
ABTB1,77
ACSBG2,77
ACTB,77
AIFM2,77
AKR1E2,77
ALG12,77
ANKRD23,77
ANKRD44,77
ARHGAP42,77
ARPC1A,77
ATF7IP,77
ATPAF1,77
ATXN7L2,77
BCL2,77
CAPRIN1,77
CARD8,77
CCSER1,77
CDK8,77
CEP170B,77
CEP85,77
CFAP69,77
CFTR,77
CLSTN1,77
CNOT2,77
COLEC11,77
CORO1A,77
CYP2B6,77
EIF3D,77
EIF3K,77
ELF2,77
ELF3,77
EPM2A,77
ERCC3,77
ERCC8,77
EWSR1,77
FAT2,77
FBXO2,77
FERMT2,77
FKBP1B,77
FOXO1,77
FRS3,77
HAUS4,77
HSF4,77
IFFO1,77
ITGAV,77
ITM2C,77
JAZF1,77
KCNK4,77
KMT5B,77
LLGL1,77
LRRC32,77
LRRC8A,77
LUC7L,77
MBOAT7,77
MPO,77
MUC20,77
NCKAP5,77
NELFCD,77
NFKB2,77
NINJ2,77
NOC4L,77
NOS1AP,77
NPHP1,77
NUB1,77
PCID2,77
PDE1B,77
PHF7,77
POLDIP3,77
POLR2F,77
PPM1H,77
PPM1N,77
PRICKLE3,77
PRMT8,77
PRODH2,77
PRRT2,77
RAD54B,77
RGPD6,77
RGR,77
RIMKLB,77
RPN1,77
S100PBP,77
SGCE,77
SIAH1,77
SLC25A12,77
SLC5A1,77
SMCO4,77
SPOCD1,77
STPG1,77
SYNDIG1L,77
TFE3,77
TPM2,77
UBE3A,77
UBP1,77
UNC93B1,77
URI1,77
USP30,77
WDTC1,77
XPO7,77
YPEL2,77
ZNF75D,77
ZNF775,77
ZNRF1,77
ABL2,76
ADAMTS9,76
AFAP1L2,76
AIF1L,76
ARID4B,76
ARPC5L,76
ARRDC2,76
ATP2B1,76
BMPR1B,76
BRPF3,76
BUB1,76
CAMK1,76
CD72,76
CELA2B,76
CES3,76
CLEC3B,76
CPM,76
DCBLD1,76
DNAI2,76
DNAJC16,76
ETFA,76
FAM228B,76
FAM81A,76
FBXW7,76
FCGRT,76
FXR1,76
GALK2,76
GALNT7,76
GLI1,76
GPR160,76
HBEGF,76
HINFP,76
INPP5J,76
ITK,76
JMJD1C,76
KCNJ15,76
LPIN2,76
LUC7L3,76
MAP3K15,76
MED25,76
MYSM1,76
NALCN,76
NAPRT,76
NCKAP5L,76
NEK8,76
NFATC2IP,76
NLGN2,76
NOL9,76
NWD1,76
PARD3B,76
PARP3,76
POLD2,76
PPEF1,76
PPP2CA,76
PRICKLE2,76
RANBP1,76
RASA4B,76
RASAL2,76
RBBP7,76
RIMS1,76
SCNN1B,76
SEC24C,76
SIK1,76
SLC2A3,76
SLC2A5,76
SMYD4,76
SPATA3,76
SS18L1,76
SSBP2,76
ST3GAL6,76
STX18,76
SYNJ1,76
TANC1,76
TAPBPL,76
TGM5,76
TIAM1,76
TIMM44,76
TMCO5A,76
TMEM229B,76
TYMP,76
UHRF2,76
WBP2,76
WDR46,76
WNT7B,76
WWC2,76
YIF1B,76
ZNF568,76
ABCG4,75
ADPGK,75
ANKRD17,75
ARSD,75
CACNA2D1,75
CDCP2,75
CDH24,75
CDH4,75
CHMP7,75
CLMP,75
COMP,75
DDT,75
DDX49,75
DUOX2,75
EHD2,75
EIF4E3,75
EMC3,75
ENTPD5,75
EPHX1,75
ERN2,75
F8,75
FAM222A,75
FANCM,75
GPR17,75
GRM7,75
HAPLN4,75
HDAC1,75
KHNYN,75
KRT80,75
KRT86,75
LILRB1,75
LOXL1,75
LRP4,75
LYZL4,75
M1AP,75
MAFK,75
MALT1,75
MBD1,75
MCM2,75
MYL10,75
MYOM3,75
NEK11,75
OSCP1,75
PAXIP1,75
PHACTR2,75
PHKB,75
PICK1,75
POLR2E,75
PRPF3,75
PRRT1,75
PTCD3,75
PTPN3,75
RABEP2,75
RASGRP4,75
RHBDL3,75
RNF112,75
RNF13,75
RNPS1,75
SAR1B,75
SECISBP2,75
SECTM1,75
SESTD1,75
SETX,75
SH2B3,75
SLC2A4RG,75
SNAPC4,75
SRRM4,75
ST8SIA5,75
TMEM120B,75
TNFSF4,75
TTLL7,75
USP33,75
VWA3A,75
WDR6,75
XPC,75
ZGPAT,75
ZNF207,75
ZNF610,75
ABI3,74
AGBL5,74
AGPAT2,74
AHCY,74
AK8,74
ALAS1,74
ALDH3A1,74
ANKRD54,74
AOC1,74
ARHGAP28,74
BGN,74
BIN3,74
C5AR1,74
CCDC149,74
CD34,74
CES5A,74
CNN1,74
DMWD,74
DPAGT1,74
EDC3,74
EEPD1,74
EFEMP2,74
ESRP2,74
EYA1,74
FAM156A,74
FBXL5,74
FKBP10,74
FLNC,74
FNDC5,74
FOXN4,74
FOXP2,74
FXYD5,74
GFI1,74
GLI2,74
GPAT2,74
GPR132,74
GPR143,74
HES2,74
HOXA9,74
HP1BP3,74
IGSF5,74
INS-IGF2,74
KLC3,74
LAPTM5,74
LCP1,74
MACROD2,74
MAP4K5,74
MAPK8,74
MDGA2,74
MED14,74
MISP,74
MMP23B,74
MTUS2,74
NAA16,74
NAGK,74
NCF4,74
NDUFB2,74
NT5M,74
NUP160,74
OCRL,74
PGM5,74
PIAS3,74
PROCA1,74
QTRT1,74
R3HDM4,74
RAB3GAP1,74
RABL2B,74
RBL2,74
RBM17,74
RHOF,74
ROBO4,74
SERPINE2,74
SIM2,74
SLC38A8,74
SLC7A10,74
SMARCD2,74
SMG9,74
SNRPA,74
SNX31,74
TAF15,74
TALDO1,74
TPP1,74
TTBK1,74
TTC21B,74
TTLL6,74
UPK2,74
VPS50,74
WDR11,74
XRN1,74
ABCA13,73
ACSM2A,73
ACTL6B,73
ALDOA,73
ATP7A,73
BACH2,73
BCO2,73
BTNL9,73
C19orf81,73
C5orf67,73
CACNB2,73
CASC3,73
CCHCR1,73
CCZ1,73
CDHR5,73
CFAP44,73
CLIC5,73
CNGB3,73
COBLL1,73
CPNE8,73
CPQ,73
CREB1,73
CSNK2A2,73
CTNNA3,73
DAXX,73
DBNDD1,73
DCAF17,73
DGKH,73
DHX36,73
DNMT3L,73
DPY19L1,73
DRG2,73
DUS3L,73
DUSP9,73
FABP6,73
FOXK1,73
FOXO3,73
GFOD1,73
GRN,73
GTF2H1,73
GTPBP3,73
HELZ,73
KCND3,73
KLHL35,73
LARP1B,73
LGALS3BP,73
LGMN,73
LMNTD1,73
LYPD6B,73
MFSD2B,73
MGAM,73
MICB,73
MKS1,73
NAAA,73
NCDN,73
NKAIN1,73
NPM2,73
NSMCE1,73
NUDC,73
OLAH,73
PACSIN3,73
PDE8B,73
PFKFB2,73
PLA2G4F,73
PPP1R18,73
PSTPIP2,73
RAB3GAP2,73
RAB3IP,73
RALGAPA2,73
SETD1A,73
SF1,73
SF3A2,73
SHROOM1,73
SLC25A16,73
SLC25A45,73
SLC5A10,73
SLC6A15,73
SMARCC1,73
SMC4,73
SPSB3,73
STX16-NPEPL1,73
SUSD4,73
TAMM41,73
TCAF2,73
TGM4,73
TMEM145,73
TMEM214,73
TMEM67,73
TSPAN7,73
UBE2Z,73
UBR3,73
WDR97,73
WSCD2,73
ZNF514,73
ZNF710,73
AASS,72
ABCB4,72
ADSL,72
AGK,72
ALDH2,72
AOX1,72
ARF1,72
ATP1A1,72
ATPAF2,72
BBOF1,72
BCL2L13,72
BRIP1,72
BTBD16,72
CAB39,72
CABLES2,72
CACNG7,72
CCAR1,72
CCDC7,72
CDK4,72
CLDN14,72
COPS7B,72
CPLX3,72
DDX47,72
DNAJB2,72
DPYSL3,72
ELMOD3,72
EPHX2,72
FA2H,72
FABP3,72
FGF1,72
FTSJ1,72
GDPD3,72
GLB1L3,72
GNAL,72
GRK7,72
HAVCR2,72
HEG1,72
HHAT,72
HIP1,72
HMG20B,72
HSD17B6,72
IFNAR2,72
KCNJ4,72
LENG8,72
LUC7L2,72
MAF,72
MARK1,72
MSI1,72
MVB12A,72
MYH6,72
NAIP,72
NANS,72
NCKAP1L,72
NCSTN,72
NDUFV1,72
OPTN,72
PARG,72
PHKG2,72
PLK1,72
POLA2,72
POLR3C,72
PPP1R1A,72
PRR16,72
PSAP,72
PYGB,72
RER1,72
RGPD5,72
RMDN1,72
RRAS2,72
RSPRY1,72
SAMHD1,72
SGK3,72
SGSM1,72
SLC27A3,72
SLC37A2,72
SNX19,72
SORD,72
SP7,72
SRP54,72
STX1B,72
SYNGR1,72
TBC1D16,72
TFIP11,72
TMBIM6,72
TPD52,72
TRIM7,72
TULP1,72
USP15,72
UTP18,72
WDR83,72
XRCC5,72
ABCD1,71
ACY1,71
ADAP2,71
ADGRG3,71
AFAP1L1,71
AFMID,71
ALAD,71
ALCAM,71
ARFGEF1,71
ATF6B,71
ATP6AP2,71
BBC3,71
BBS4,71
BCL7B,71
BDNF,71
BEST2,71
C2CD2L,71
CA11,71
CA4,71
CCT3,71
CDIP1,71
CDKL1,71
CELA3A,71
CFAP157,71
CHEK2,71
CHSY1,71
CIDEB,71
CPEB4,71
CRIP1,71
CRYL1,71
DNM3,71
ECH1,71
ENKD1,71
EZH1,71
FAM107A,71
FAM13B,71
FIS1,71
FRY,71
FUZ,71
G3BP1,71
GATM,71
GM2A,71
GOLGA8N,71
GPER1,71
GTPBP2,71
HADH,71
HMGXB3,71
IGSF9,71
JSRP1,71
KCNA2,71
KCNK1,71
KCTD15,71
KLHDC8A,71
LHFPL5,71
LRRC37A,71
MAP3K13,71
MIA3,71
MLLT1,71
MYO1G,71
MYT1,71
NAA38,71
NAALADL1,71
NDUFS8,71
NOL4,71
NQO2,71
NUP50,71
NXF3,71
PCYT1A,71
PDE6G,71
PDLIM1,71
PEX11G,71
PKDCC,71
PLPP2,71
PRICKLE4,71
PROC,71
PTPRO,71
RCOR3,71
RECQL4,71
RIC8A,71
RNF17,71
RNF40,71
RPRD1B,71
RTF1,71
SART1,71
SCAMP2,71
SCN9A,71
SCPEP1,71
SERF2,71
SERPINA1,71
SERPINB8,71
SH3BP5L,71
SLC23A1,71
SLC35F4,71
SNUPN,71
SNX18,71
SPTA1,71
TDP1,71
TFPI,71
THTPA,71
TIGIT,71
TMEM163,71
TRIM41,71
TSSK3,71
TXNDC11,71
UBE2D3,71
ULK4,71
USP19,71
WNT11,71
YBX2,71
YLPM1,71
ZFYVE27,71
ZNF273,71
ZNF618,71
ZNF782,71
ABCA5,70
ADGRL3,70
ANKDD1B,70
APOBEC3A,70
ARHGDIG,70
ARHGEF19,70
ARL8A,70
ATF3,70
BAZ1A,70
BCL2L12,70
BFAR,70
BST1,70
CATSPERD,70
CEP290,70
CHI3L1,70
COL14A1,70
COL28A1,70
CRYBA4,70
CTDP1,70
CTNNB1,70
CTNNBIP1,70
CYP26A1,70
DDX60,70
DYM,70
EBF2,70
EMILIN1,70
ENPEP,70
EZH2,70
FAM3B,70
FAM86B1,70
FAT1,70
GALC,70
GFPT2,70
GLS,70
HVCN1,70
IAH1,70
IL4I1,70
IP6K2,70
KMT5A,70
LCK,70
LRRC74B,70
LRRK2,70
MAPK4,70
MMP28,70
MPPED2,70
MSANTD1,70
MYO3A,70
NADK2,70
NCOA6,70
NDUFAF5,70
NLN,70
NPW,70
NSUN2,70
NUDT1,70
NUP155,70
P3H4,70
PCCB,70
PGK1,70
PI16,70
PKIG,70
PLEKHO1,70
PMM2,70
PPIL3,70
PRAM1,70
PTPN20,70
PTPRH,70
RBM28,70
RENBP,70
REPS1,70
RFX1,70
RND3,70
RSPH14,70
RUSC1,70
SEH1L,70
SERPINH1,70
SH3BP4,70
SLC12A1,70
SLC22A7,70
SYT2,70
TAL1,70
TEF,70
THOC3,70
TIRAP,70
TLE1,70
TMTC1,70
TSKU,70
TSPAN1,70
TUBA1C,70
USP28,70
VPS26B,70
WDR7,70
WNT2B,70
YBX3,70
ZNF217,70
ZNF236,70
ZNF75A,70
ACRBP,69
ADGRA1,69
AFF4,69
ANTXR1,69
ARFGAP2,69
ARFGAP3,69
ARHGAP12,69
ARHGAP40,69
ARMC6,69
ASAH2,69
ASB8,69
ATP1B2,69
ATXN7L3,69
AZGP1,69
AZIN1,69
BTBD19,69
C10orf105,69
CBARP,69
CCDC92,69
CEP41,69
CERK,69
CHRFAM7A,69
CLEC4G,69
CYP2W1,69
DBNL,69
DCHS1,69
DCUN1D2,69
DNAJB5,69
DNMBP,69
DUSP15,69
EFCAB8,69
EHF,69
ELK3,69
ERI1,69
EVC,69
FAM135A,69
FAM83F,69
FAM83G,69
FBXO41,69
FBXO44,69
FLRT2,69
FN3KRP,69
FSTL1,69
GCKR,69
HAP1,69
HELLS,69
HSH2D,69
IFNGR2,69
IFT43,69
IFT74,69
IGSF22,69
KCTD19,69
KLF7,69
LEMD1,69
LONRF1,69
LSM7,69
MCFD2,69
MORN5,69
MSH6,69
MYO16,69
NCKAP1,69
NFAT5,69
NFKBID,69
NINJ1,69
NUP205,69
NUP88,69
NUTM2D,69
OFD1,69
P2RX1,69
PBX2,69
PDE7A,69
PGD,69
POC1B,69
POU6F2,69
PPCDC,69
PPP1R9B,69
PPP2R5D,69
PRMT2,69
PTPRN2,69
PYROXD2,69
RAB11FIP1,69
RASL11B,69
RSRC1,69
S100A4,69
SHBG,69
SHROOM4,69
SLC45A4,69
SLC9A3,69
SNX24,69
SPIB,69
SPSB4,69
SPTBN5,69
STMN1,69
STMN3,69
TAF6L,69
TEAD4,69
TLK1,69
TMEM132B,69
TNIK,69
TNK1,69
TRHDE,69
TRMT2A,69
TSC22D1,69
TYW3,69
UNC5A,69
UNC80,69
VCL,69
VPS11,69
VPS33B,69
ZDHHC20,69
ZMYND11,69
ZNF106,69
ZNF558,69
ZNRF3,69
ACTR1A,68
ADAM9,68
ADAMTSL3,68
ADGRF1,68
ANKIB1,68
AREL1,68
BLCAP,68
C16orf74,68
C20orf173,68
CABLES1,68
CARHSP1,68
CCDC18,68
CCNE1,68
CD36,68
CDHR4,68
CDKN1B,68
CDKN2A,68
CEACAM19,68
CEP57,68
CHD1L,68
CHRM1,68
CLEC10A,68
CMKLR1,68
COL1A2,68
COL4A5,68
COL5A3,68
COL8A2,68
COX7A2L,68
CRIM1,68
CTDSP1,68
CTRL,68
CYP2A6,68
DAO,68
DHRS1,68
DIDO1,68
DNAAF3,68
DYNC1LI2,68
EBI3,68
EGF,68
ERO1B,68
EVPL,68
FASTKD1,68
FLYWCH2,68
FOXRED1,68
GALNT15,68
GLYATL1,68
GRK4,68
GSG1L,68
GYS1,68
HDAC11,68
HJURP,68
HMGA1,68
IL27,68
JPH3,68
KCNMB3,68
KIF26B,68
KIF6,68
KIFC1,68
L3MBTL3,68
LANCL2,68
LCNL1,68
LGALS8,68
LGI4,68
LRRC14,68
MASP2,68
METTL9,68
MFAP2,68
MIP,68
MITF,68
MMAA,68
MMP15,68
MPHOSPH8,68
MSL1,68
MTX1,68
MXRA7,68
NDUFS3,68
NPIPA3,68
NTAN1,68
OAT,68
PACRGL,68
PADI4,68
PARVA,68
PBLD,68
PDAP1,68
PDK1,68
PDZD4,68
PHTF1,68
PIF1,68
PINK1,68
PLP1,68
PRRX1,68
PTPRQ,68
QRICH2,68
RAB38,68
RAB8A,68
RCN3,68
RFX3,68
RGPD8,68
RNASEH2A,68
RNFT2,68
RSRC2,68
SF3B1,68
SIGLEC7,68
SLC19A3,68
SLC39A4,68
SLC4A7,68
SNX1,68
SNX27,68
ST6GALNAC4,68
STAU2,68
SUB1,68
SULT1A2,68
SYNGR3,68
TAGLN,68
TGFBR3L,68
TRIM16L,68
TSC22D4,68
TTC1,68
TUBGCP3,68
TXNDC15,68
UCP2,68
UMOD,68
VEGFB,68
VPS13C,68
XYLT2,68
YAP1,68
ZNF282,68
ZNF292,68
AGT,67
AKAP9,67
AMD1,67
ANGEL1,67
ANKRD27,67
ARHGAP6,67
ARIH1,67
ARMC5,67
BDKRB1,67
BRI3,67
CBLB,67
CCDC74B,67
CCDC80,67
CCDC9,67
CCNY,67
CD151,67
CD63,67
CDH20,67
CDK17,67
CENPK,67
CHRNA3,67
COL11A1,67
CORO2B,67
CRADD,67
CRYAB,67
CTDSPL2,67
CUX2,67
CYP26B1,67
DDX56,67
DDX59,67
DECR1,67
DERA,67
DIP2C,67
DKKL1,67
DVL2,67
ETS1,67
FAM120A,67
FAM227B,67
FAP,67
FBL,67
FMNL3,67
FOXM1,67
FOXN1,67
FOXO6,67
GAL3ST3,67
GLP2R,67
GOLM1,67
GPD2,67
GPR146,67
GPR176,67
GTF2F1,67
HEMK1,67
HIF1A,67
HSD17B2,67
HYAL2,67
IFT88,67
IL6ST,67
INTS6,67
INTS7,67
IRF8,67
ISY1,67
KCTD13,67
KCTD2,67
KLHL21,67
LPCAT4,67
LRRC8E,67
LSR,67
MAP7D3,67
MAPK3,67
MDH2,67
MEMO1,67
METTL8,67
MLKL,67
MYL6B,67
MYRFL,67
NAA15,67
NAE1,67
NAPSA,67
NASP,67
NDUFS7,67
NFS1,67
NKD1,67
NOL8,67
NUDT22,67
PAPOLG,67
PAX9,67
PDCD6,67
PDSS1,67
PGF,67
PHLPP1,67
PHTF2,67
PIH1D1,67
PLEKHH2,67
POU5F1,67
PPP2R2B,67
PPP3CC,67
PPP4R3A,67
PRKAR1A,67
PSMC2,67
PSMD13,67
PSME4,67
PTPRJ,67
PYCR1,67
RAD9A,67
RCBTB1,67
RIIAD1,67
RIMS3,67
RNF121,67
RNF217,67
SCTR,67
SCYL2,67
SGF29,67
SHTN1,67
SKIL,67
SLAMF8,67
SLC1A7,67
SLC39A5,67
SNRNP40,67
SPATA6,67
STAMBP,67
STK4,67
TAF2,67
TMEM134,67
TMEM234,67
TMEM54,67
TMEM86A,67
TRIM26,67
TRMT1,67
TULP2,67
USP47,67
YJEFN3,67
ZFP62,67
ZMYND15,67
ZNF143,67
ZNF536,67
ZNF7,67
ZNF841,67
A2M,66
ABCC6,66
AGPAT1,66
ALDOB,66
AMOTL1,66
AP3B1,66
ARHGEF5,66
AXL,66
BFSP1,66
C12orf75,66
C17orf67,66
CACHD1,66
CCNL2,66
CDH8,66
CFAP45,66
CHST1,66
CLDN6,66
CLEC2D,66
DDX51,66
DKC1,66
DTNBP1,66
EDRF1,66
EEF2KMT,66
EMSY,66
EPN3,66
ERBB4,66
ERCC4,66
ERG,66
ESR2,66
EXPH5,66
FAM184A,66
FBXW5,66
FOLR3,66
GALNT8,66
GLB1L,66
GMFG,66
GNAZ,66
GNL2,66
GOLGA6A,66
GPR162,66
GTF3C5,66
HAUS1,66
HBS1L,66
HEATR3,66
HECTD3,66
HGD,66
HNRNPH1,66
HSD17B14,66
HTR4,66
IBTK,66
ICA1,66
IFT46,66
IPO4,66
IQCH,66
IQCK,66
JARID2,66
KAT6A,66
KAT7,66
KCND1,66
KCNE1,66
KMT2E,66
LBX2,66
LRRC41,66
LTA4H,66
LYPLA2,66
MAGED1,66
MRAS,66
MUC13,66
NCOA1,66
NEXN,66
NKX2-2,66
NOS1,66
NOVA2,66
ODF2L,66
PALM3,66
PDGFC,66
PGR,66
PIGL,66
PIK3CA,66
PINLYP,66
PKN3,66
PLAC8,66
POLD3,66
POMK,66
PPEF2,66
PPP2R3C,66
PSMD11,66
PTMS,66
PTPN7,66
RASAL1,66
RASSF7,66
RBPJL,66
RCAN3,66
RDH8,66
RHOBTB1,66
RUNX3,66
SBK1,66
SEC14L5,66
SERPINA3,66
SH3BP5,66
SLC25A13,66
SLC25A34,66
SLC39A1,66
SLC45A3,66
SLC5A6,66
SLC6A4,66
SLC9A7,66
SMARCE1,66
SPOCK2,66
SRD5A3,66
STON1-GTF2A1L,66
SUN3,66
SUPT20H,66
SUV39H1,66
SYNDIG1,66
TAPBP,66
TCEA3,66
TNFRSF25,66
TNNI2,66
TOM1L1,66
TOMM40,66
UBE2Q2,66
UQCRC1,66
VASH2,66
VWCE,66
WDR86,66
WFDC3,66
YIPF2,66
ZBP1,66
ZNF335,66
ZNF358,66
ZNF48,66
ZNF567,66
ZNF701,66
ZNF704,66
ZSCAN31,66
ACAD8,65
ACR,65
ACSL4,65
ADAD2,65
AMPH,65
ARHGEF37,65
ARPC3,65
ASXL2,65
ATP11B,65
BCAS1,65
BPHL,65
CACNA1I,65
CAPS,65
CCDC106,65
CEPT1,65
CPED1,65
CWC25,65
CWC27,65
DALRD3,65
DCTN3,65
DDX55,65
DOK1,65
EBF3,65
EEF2,65
EIF4E2,65
ENTPD1,65
ETV6,65
FGFRL1,65
FGR,65
FIZ1,65
FKBP8,65
GABRG2,65
GCNT1,65
GGACT,65
GNPTAB,65
GOLGA6L4,65
HHIPL1,65
HHIPL2,65
HIVEP1,65
HMGCL,65
IL17RD,65
IL19,65
INPP5F,65
JDP2,65
KANSL2,65
KATNBL1,65
KIF21B,65
KRT19,65
LAMB3,65
LRWD1,65
MAGEC3,65
MCTP2,65
METTL25,65
NFATC2,65
NGLY1,65
NLRP3,65
NOL12,65
NOP58,65
NPR1,65
NR2E1,65
NR2F1,65
NR2F6,65
NSG1,65
OCLN,65
ONECUT2,65
OXCT1,65
PAG1,65
PATL2,65
PEX10,65
PGAP3,65
PHOSPHO1,65
PIGR,65
PIGU,65
PIK3R3,65
PLBD1,65
PLEK2,65
PLK3,65
PLXNA4,65
PRPF40A,65
PRSS23,65
PSMD5,65
PTDSS1,65
RAB5B,65
RGMB,65
RNF167,65
ROBO1,65
SAMD12,65
SEMA7A,65
SHQ1,65
SHROOM2,65
SIGLEC9,65
SLC13A4,65
SLC6A9,65
SLIT1,65
SMC3,65
SPHK2,65
SPINT1,65
SSH2,65
SYNPR,65
TARDBP,65
TBC1D4,65
TGFBR2,65
TIA1,65
TMEM87B,65
TRAPPC11,65
TULP3,65
TVP23A,65
UNC93A,65
VWA5B1,65
WDR82,65
WWOX,65
ZNF254,65
ZNF630,65
ZNF761,65
ZNF763,65
ZP1,65
ACSM1,64
ADAM28,64
ADGRE5,64
AFF1,64
AGTRAP,64
AMOTL2,64
AMZ2,64
APOL3,64
AQP5,64
ARMC12,64
ART3,64
ASB1,64
AZIN2,64
BANF2,64
C1orf226,64
C7,64
CADM4,64
CALN1,64
CBFB,64
CBX8,64
CD33,64
CDC42EP3,64
CEP68,64
CLIP3,64
CLTC,64
COL26A1,64
CSDC2,64
CYTH3,64
DCDC1,64
DCT,64
DDHD1,64
DIABLO,64
DMRTC2,64
DPYSL5,64
DSCAML1,64
EPS15,64
FERMT1,64
FKBP4,64
GABRB2,64
GBX1,64
GDPD2,64
GGNBP2,64
GLT8D2,64
GNB2,64
GPC2,64
GPLD1,64
HEPH,64
HIPK2,64
HYAL3,64
ICOSLG,64
IFI16,64
INO80E,64
IRF3,64
KCNJ12,64
KDM4A,64
KLK1,64
KPNA6,64
LCA5L,64
LMAN2,64
LUZP1,64
MIB1,64
MTMR10,64
MXD4,64
NBN,64
NMT2,64
NOMO2,64
NR2F2,64
NTSR1,64
PARK7,64
PDGFB,64
PDLIM5,64
PEBP4,64
PHF11,64
PIGO,64
PIK3C3,64
PPP1R21,64
PRELID2,64
PTTG1IP,64
PVALB,64
PYY,64
RANGAP1,64
RC3H1,64
REEP6,64
RFPL2,64
RFPL3S,64
RHOQ,64
RMND1,64
RUSC2,64
SEC61A1,64
SFPQ,64
SIGLECL1,64
SIMC1,64
SLC44A3,64
SMCO2,64
SMIM22,64
SNX10,64
STX4,64
SYCP2,64
TEC,64
TMC2,64
TMEM114,64
TMEM204,64
TMOD3,64
TNIP2,64
TPPP2,64
TTC6,64
TUSC3,64
UBA5,64
USB1,64
USF3,64
VLDLR,64
WDR74,64
ZFR,64
ZNF609,64
ZNF862,64
AAMP,63
ACADM,63
ACP6,63
ACSL5,63
ADAMTS4,63
AEBP2,63
AGFG2,63
AIP,63
ALDH1A3,63
ALG6,63
ALOX12,63
ALOX5AP,63
ANO5,63
ANXA8L1,63
AP3M2,63
ASIC4,63
AXDND1,63
B3GALNT2,63
BAIAP2L1,63
BCL9,63
BSN,63
C2orf76,63
CAPN11,63
CCDC157,63
CCSER2,63
CDH26,63
CGREF1,63
CILP2,63
CLCN3,63
CLDN5,63
CP,63
CSDE1,63
CUBN,63
DCC,63
DEDD2,63
DNAAF1,63
DNAJC4,63
DNTTIP1,63
DSP,63
EIF2AK1,63
ENPP2,63
ENTPD4,63
EXT1,63
FAM110A,63
FUT1,63
GHR,63
GPT,63
GTPBP4,63
GUCY2D,63
HEATR5A,63
HERC3,63
HIC1,63
HMGXB4,63
HNRNPC,63
IL10RA,63
INTU,63
IREB2,63
ISG15,63
ITGA9,63
ITPR3,63
JAM2,63
KCNIP1,63
KCNN3,63
KLHL17,63
KLHL2,63
LMO1,63
LYPLAL1,63
MEPCE,63
METAP1,63
METTL2B,63
MLST8,63
MTMR7,63
MTURN,63
NFX1,63
NKTR,63
NOXO1,63
NPIPA8,63
NR3C1,63
NUBP1,63
OAZ2,63
OGT,63
PA2G4,63
PARP16,63
PHF20L1,63
PLPP4,63
POLR1D,63
POPDC2,63
PPIP5K2,63
PRAME,63
PRR14,63
PSMA3,63
RABEP1,63
RAET1E,63
RALGAPB,63
RASSF2,63
RGP1,63
ROCK1,63
RRAGB,63
SAMD8,63
SAMM50,63
SELENBP1,63
SENP6,63
SLC22A2,63
SLC25A39,63
SLC34A2,63
SLC35F5,63
SMIM5,63
SRM,63
SRPX,63
SV2B,63
SYNGR4,63
SYT1,63
TAF12,63
TBC1D2,63
TMEM129,63
TMEM68,63
TRIM69,63
TRNT1,63
TRO,63
TRPV4,63
TTF2,63
UBE2L6,63
USP24,63
UTP14A,63
WNT4,63
ZDHHC16,63
ZFYVE19,63
ZNF500,63
ZNF541,63
ZNF554,63
ZNF585B,63
ZSWIM7,63
ACBD4,62
ADGRG6,62
AEN,62
AGBL1,62
APBA1,62
AQP3,62
ASB18,62
ATE1,62
ATF7,62
ATIC,62
BID,62
BMP4,62
CA14,62
CACNA1S,62
CCDC86,62
CCNJL,62
CD19,62
CDC42BPA,62
CDC42EP1,62
CELA3B,62
CFD,62
CHRNB1,62
CLN8,62
CLUL1,62
COG5,62
CPA1,62
CTPS2,62
DCBLD2,62
DFFB,62
DNAJC14,62
DOCK1,62
DTX4,62
ENPP6,62
EYS,62
FBXO32,62
FGF17,62
FRAS1,62
GAS2L1,62
GLMN,62
GPT2,62
GRM2,62
HADHB,62
HLA-DPA1,62
HPD,62
HRAS,62
IP6K1,62
IRX2,62
JPH4,62
JRK,62
KATNA1,62
KLK11,62
LAMP1,62
LEPR,62
LGSN,62
LTB4R2,62
MAZ,62
MCM9,62
MGST1,62
MIEF1,62
MMP14,62
MPZL1,62
MSR1,62
MST1,62
MTMR11,62
MYRIP,62
NAGPA,62
NDST2,62
NFKBIE,62
NOTUM,62
NR1I3,62
NR4A2,62
NUPR1,62
NYNRIN,62
PAPPA2,62
PHF21B,62
PPME1,62
PPP1CC,62
PRDM2,62
PRDX3,62
PROZ,62
PWWP2B,62
PXMP2,62
QSOX1,62
RAB15,62
RALB,62
RFWD3,62
RNF38,62
RNPEP,62
SCAF11,62
SDHB,62
SENP5,62
SH3BGR,62
SKP1,62
SLC16A8,62
SLC29A3,62
SLC4A1,62
SLC5A5,62
SLTM,62
SMAD2,62
SMC1A,62
SNF8,62
SNTG1,62
SON,62
ST14,62
TARBP2,62
TBC1D30,62
TBRG4,62
TCP10L2,62
TCP11,62
TMEM132E,62
TMEM143,62
TNFAIP8,62
TOP1,62
TP53,62
TP53TG5,62
TPD52L2,62
TRAF1,62
TRIM22,62
TRIP6,62
TRPA1,62
TRPS1,62
TUBA4A,62
UBE2E1,62
UBE2E3,62
UFSP2,62
WRAP53,62
ZC3H11A,62
ZFYVE1,62
ZNF18,62
ZNF274,62
ZNF341,62
ZNF521,62
ZNF821,62
ABHD8,61
ACSS3,61
ADAT1,61
ADRA1B,61
AKAP10,61
ALG1L2,61
ANHX,61
ANKRD10,61
ARMC2,61
ATAD2,61
ATRNL1,61
C1S,61
C1orf54,61
CA9,61
CACNG6,61
CAMKK1,61
CCDC77,61
CEP152,61
CHAD,61
CHST8,61
CLEC18B,61
COPZ1,61
CTSA,61
CYLD,61
DAPK3,61
DCAF7,61
DCLRE1C,61
DDX41,61
DDX46,61
DNA2,61
DOK3,61
EEF1G,61
EFNA1,61
ELOVL1,61
ELP4,61
ERI2,61
EVA1A,61
FAHD2A,61
FAM53C,61
FCRL5,61
FGD2,61
GFRA1,61
GLDN,61
GNG7,61
GTF3C3,61
HMOX1,61
HPS5,61
IGSF11,61
ILKAP,61
ITGB3BP,61
IZUMO1,61
KCNG1,61
KCNJ14,61
KCTD21,61
LCP2,61
LIPA,61
MAPKAPK5,61
MCM5,61
ME2,61
MEST,61
MFAP3L,61
MFHAS1,61
MLH1,61
MMP25,61
MTG1,61
MTM1,61
NMUR1,61
NOL10,61
NOL11,61
NPAS1,61
NT5C3A,61
PDIA2,61
PDS5A,61
PEX1,61
PHAX,61
PHYH,61
PLA2G2C,61
POLE2,61
POLR1B,61
PRDM1,61
PRDM6,61
PROS1,61
QSER1,61
R3HCC1,61
RAB33A,61
RARS2,61
RASGRF2,61
RIC1,61
RNF43,61
RYR2,61
SACS,61
SCN3A,61
SEC23IP,61
SERPINI1,61
SIRPB2,61
SLC14A1,61
SLC20A1,61
SLC43A3,61
SMYD2,61
SNAP25,61
SNRNP70,61
SPAG7,61
SPRED3,61
SRSF9,61
STAG1,61
STX10,61
TBC1D20,61
TBX19,61
TC2N,61
TM9SF3,61
TMEM18,61
TNNC2,61
TRAF5,61
TRIM36,61
TTL,61
USF1,61
YIF1A,61
ZMYM3,61
ZNF316,61
ZNF415,61
ZNF496,61
ZRANB3,61
AAK1,60
ADCK2,60
AGPAT5,60
AHSA1,60
ALG8,60
ANAPC4,60
ASIC3,60
ATP1B3,60
ATP6V1E2,60
B4GALNT1,60
BORCS8,60
C12orf56,60
C6orf136,60
C9,60
CASQ2,60
CATSPERB,60
CCL16,60
CCL24,60
CD4,60
CDC42SE2,60
CFAP43,60
CTNND2,60
CYP17A1,60
DAG1,60
DGKE,60
DHX40,60
DISP2,60
DMRTC1,60
DNALI1,60
DNM1L,60
DPF2,60
DYRK1B,60
E2F5,60
EBNA1BP2,60
EED,60
EIF3J,60
EML5,60
ENPP7,60
FBXW11,60
FCGR2A,60
FDXR,60
FKBP5,60
FPR2,60
FUS,60
GALNT12,60
GLCCI1,60
GPR107,60
GPR157,60
GRB2,60
GRIN2C,60
GRK1,60
GSPT1,60
HDAC2,60
HEBP1,60
HKDC1,60
HUNK,60
IGSF8,60
IL23R,60
INHBA,60
IRF2,60
KCNK10,60
KCNN2,60
KDELR1,60
KIAA0232,60
KIF26A,60
KLC2,60
KLF12,60
LDLR,60
LPAR5,60
MAPK8IP2,60
MAPKAPK2,60
MEFV,60
MERTK,60
MIER3,60
MSRB3,60
MYBPC2,60
MYOCD,60
MZT2B,60
NAIF1,60
NAP1L1,60
NCOA4,60
NEK10,60
NIPBL,60
NLRC3,60
NSUN7,60
NTF3,60
NUBPL,60
NUCB1,60
PBX3,60
PER3,60
PIAS2,60
PIK3R4,60
PLEKHA2,60
PLS1,60
PM20D1,60
POLR2B,60
PRDM5,60
PROSER1,60
PSG7,60
RAPSN,60
RBM25,60
RBPMS2,60
RHOG,60
RIF1,60
ROM1,60
SH2B2,60
SLC38A7,60
SMAD6,60
SMC6,60
SMN2,60
SOCS2,60
SPESP1,60
SPPL2A,60
ST8SIA1,60
STK38L,60
STT3B,60
SULT4A1,60
SYCE1,60
SYVN1,60
TADA2B,60
TBXA2R,60
TEX29,60
TGFA,60
THBS1,60
TLCD1,60
TMEM176B,60
TMEM50B,60
TNNC1,60
TRA2B,60
TRADD,60
TRIM28,60
TRIM50,60
TRIP13,60
TSPAN33,60
TSPEAR,60
TTC16,60
TTC31,60
TTLL8,60
UBE2M,60
UCK1,60
UPP2,60
UQCRC2,60
UTP6,60
VSIG8,60
WNT9B,60
YY1,60
ZDHHC5,60
ZMYM2,60
ZMYND10,60
ZNF329,60
ZNF343,60
ZNF608,60
ZNF668,60
ABCC2,59
ABCC5,59
ADAMTS6,59
ADGRA2,59
ADORA2B,59
AGER,59
AJAP1,59
ALKBH5,59
APOBEC3D,59
ARMC3,59
BLMH,59
CABP4,59
CABYR,59
CATIP,59
CCT7,59
CD79B,59
CD8A,59
CDC6,59
CERS3,59
CLNS1A,59
CLOCK,59
CMSS1,59
COBL,59
CORO1B,59
CPNE3,59
CUEDC2,59
DENND5B,59
DENND6B,59
DHX35,59
DPEP2,59
DRC1,59
DUOXA1,59
ELL3,59
FAF2,59
FAT4,59
FCGR3A,59
FOXRED2,59
FREM1,59
GAB4,59
GANC,59
GAREM1,59
GDNF,59
GK5,59
GLIPR2,59
HBP1,59
HMBS,59
HMGCR,59
HMOX2,59
IFFO2,59
IGFBP2,59
INHBE,59
INPP1,59
IRF7,59
JAM3,59
KIF13A,59
LETM2,59
LMLN,59
LRIG3,59
MAFF,59
MMP21,59
MPP7,59
MYB,59
NCL,59
NDUFA11,59
NECAP1,59
NRIP3,59
OASL,59
OLA1,59
OS9,59
OSBPL6,59
PHC3,59
PHYHIP,59
PNOC,59
PPP1R1C,59
PRKG1,59
PRR19,59
PSMA1,59
PSMF1,59
PTBP2,59
PTGS1,59
PTRH1,59
PVR,59
QPCTL,59
RELL1,59
RFT1,59
RGS9,59
RNF25,59
RREB1,59
RSBN1L,59
RSPH6A,59
RSPO2,59
SCP2,59
SERAC1,59
SESN1,59
SKAP2,59
SMAD1,59
SNU13,59
STAG2,59
STRN3,59
SYS1-DBNDD2,59
TAF1C,59
TGFBRAP1,59
TMEM102,59
TMEM39A,59
TMEM8B,59
TNNI1,59
TRIM11,59
TRIM47,59
TRIM73,59
TSKS,59
TUBD1,59
UBE2L3,59
UBQLN4,59
UPB1,59
VMP1,59
WDR26,59
YTHDC2,59
ZBTB7A,59
ZDHHC19,59
ZFC3H1,59
ZNF451,59
ZNF544,59
ZNF623,59
ZNF776,59
ZNF793,59
ZNF812P,59
ZSCAN30,59
ACER1,58
ACTL6A,58
ADGRL4,58
ADPRHL1,58
AP4M1,58
ASB13,58
ATG9A,58
BCAT1,58
BCL2L2,58
BIRC7,58
C17orf75,58
CACNA1B,58
CACUL1,58
CALM1,58
CAND2,58
CD59,58
CDCA2,58
CDK5RAP1,58
CETP,58
CIAPIN1,58
CNR1,58
COQ9,58
CRB1,58
CRYGN,58
CSMD3,58
DBP,58
DCDC2C,58
DDRGK1,58
DDX19B,58
DHX32,58
DNAJB11,58
ECI1,58
EFR3B,58
EIF3F,58
EIF3I,58
ESYT3,58
FANCD2OS,58
FCRL1,58
FDPS,58
GJB6,58
GNS,58
GPATCH2L,58
GPATCH8,58
GRHL2,58
HYAL1,58
ICAM3,58
IFIT2,58
IL12RB1,58
ISYNA1,58
KAT2B,58
KCNK7,58
KDSR,58
KIF18B,58
KIRREL3,58
KLHDC8B,58
KLHL26,58
KLHL36,58
LARP7,58
MAEL,58
MAG,58
MAP6,58
MCM7,58
MTA2,58
MTHFR,58
MYLK4,58
NBPF11,58
NOD1,58
NPM1,58
NRN1,58
OLFML2A,58
OPRM1,58
ORC4,58
PAOX,58
PCGF2,58
PGPEP1,58
PPM1M,58
PPP1R10,58
PPP1R42,58
PPT1,58
PSG8,58
PTPN13,58
PUM3,58
QPCT,58
RAB35,58
RFC4,58
RFC5,58
RGS20,58
RHBG,58
RIN1,58
RND1,58
ROR2,58
SACM1L,58
SAP25,58
SEC22C,58
SEC63,58
SERINC2,58
SFTA2,58
SHCBP1,58
SHMT2,58
SLC41A2,58
SNCAIP,58
SNX30,58
SRGAP1,58
SRSF1,58
STIM2,58
SYT16,58
TAB2,58
TDRD12,58
TESPA1,58
TMEM232,58
TMEM61,58
TMEM92,58
TNFRSF12A,58
TRIM24,58
TTC39C,58
TXNL4A,58
UBE2G1,58
UBR7,58
UGGT2,58
USP18,58
USP21,58
WAPL,58
WFDC2,58
ZBTB11,58
ZFP36L1,58
ZMYM4,58
ZNF454,58
ZNF584,58
ZNF707,58
ABHD12B,57
ABHD14A,57
ABHD2,57
ACD,57
ADAMTS12,57
ADAMTS18,57
AKR1C3,57
ALG3,57
AMPD1,57
ANGPTL8,57
ANKRD13C,57
ANTXR2,57
APLF,57
ARHGAP29,57
ATP6V1C2,57
ATP6V1E1,57
BAG1,57
BNIPL,57
BPIFB4,57
C8orf82,57
CBLC,57
CCDC102A,57
CCDC137,57
CCDC142,57
CCDC66,57
CCDC78,57
CLDN2,57
CNKSR3,57
CNNM3,57
COA1,57
CTSV,57
CUL4A,57
CYP4F12,57
DCUN1D3,57
DDIAS,57
DDX21,57
DDX39A,57
DERL3,57
DGKB,57
DHRS4L2,57
DNAJC22,57
EOGT,57
EPPK1,57
ERICH2,57
ERMAP,57
EXOC6B,57
EXOSC4,57
F10,57
FAM186A,57
FHL3,57
FXYD6-FXYD2,57
GALE,57
GGCX,57
GGT5,57
GINS4,57
GLCE,57
GLT8D1,57
GPCPD1,57
GPR89A,57
GPRC5A,57
GPSM2,57
GPX3,57
HAS1,57
HMCN1,57
IFRD2,57
IGFLR1,57
IGSF3,57
JMJD7-PLA2G4B,57
KANK4,57
KPTN,57
KRT78,57
L3MBTL4,57
LIPC,57
LRP10,57
LRP11,57
LRRC26,57
LTB4R,57
LZIC,57
MAN2A1,57
MAPRE3,57
MEGF10,57
METTL13,57
MPPED1,57
MYL4,57
MYLK2,57
NBPF9,57
NFE2,57
NMRK2,57
NRG3,57
NSMCE2,57
NUDT21,57
NUP58,57
OPN1LW,57
OSBPL8,57
OTOP2,57
PAMR1,57
PBRM1,57
PDCD7,57
PDE6A,57
PELI3,57
PHF3,57
PIK3C2G,57
PKHD1L1,57
PLIN2,57
PNP,57
PRKAB1,57
PSME2,57
PUS1,57
RC3H2,57
RCOR1,57
RGS19,57
RPUSD3,57
SETBP1,57
SETD7,57
SFXN1,57
SIRPG,57
SLC17A8,57
SLC22A1,57
SLC25A27,57
SLC38A1,57
SLC6A20,57
SNRK,57
SNX11,57
SPATA21,57
STK40,57
STX17,57
SUCLG1,57
TBC1D28,57
TBC1D8B,57
TBCA,57
TEKT3,57
TM9SF4,57
TMEM253,57
TMEM65,57
TMIGD3,57
TMOD1,57
TNFRSF1B,57
TP53BP2,57
TPCN2,57
TPI1,57
TRAPPC13,57
TRIM54,57
TRPC6,57
TUBB2B,57
UBE2A,57
UBE2D4,57
UBE2Q1,57
UPRT,57
VANGL1,57
VEZT,57
ZNF114,57
ZNF131,57
ZNF692,57
ZSWIM4,57
ZWILCH,57
ACAN,56
ADAM22,56
AKR1A1,56
AKR1D1,56
ALOXE3,56
ANKRD36C,56
ANKRD53,56
ANXA9,56
APRT,56
ASB5,56
ATG2B,56
ATXN3,56
B4GALT3,56
BPIFA2,56
BRDT,56
BUB1B,56
C8B,56
CBX4,56
CCDC25,56
CCDC3,56
CCPG1,56
CD46,56
CD99L2,56
CDC14B,56
CDCA5,56
CDK5,56
CDK9,56
CHD1,56
CIB2,56
CKB,56
COQ5,56
CPNE5,56
CXCL16,56
CYP3A5,56
CYP4F11,56
DCAF11,56
DDX3X,56
DDX4,56
DDX60L,56
DENND4A,56
DIS3L,56
DNAJC2,56
ECHDC1,56
EIF2B3,56
EIF4A3,56
EIF4B,56
EME2,56
EPHA7,56
ESCO2,56
EVPLL,56
FAM156B,56
FCHSD2,56
FGF12,56
FIP1L1,56
FNDC1,56
FUOM,56
FUT3,56
GAS2L3,56
GDE1,56
GKAP1,56
GLE1,56
GLYCTK,56
GNA15,56
GOLGA1,56
GPN3,56
GRAPL,56
GRHPR,56
GRIN2B,56
GTF2F2,56
HAUS5,56
HEATR5B,56
HEATR6,56
HS6ST1,56
HSPB7,56
HSPD1,56
HTR3A,56
INHA,56
ISLR2,56
ISM2,56
KCNB1,56
KIN,56
KLHL5,56
KLRG1,56
LDLRAD3,56
LHX9,56
LPAR6,56
LRRC9,56
LYRM4,56
MAGEA11,56
MAP3K9,56
MBNL2,56
METTL16,56
MICA,56
MLYCD,56
MYO1H,56
NAALADL2,56
NAGLU,56
NAT10,56
NBPF26,56
NFAM1,56
NFE2L1,56
NIFK,56
NXPE3,56
OTUD5,56
PAF1,56
PARP4,56
PDGFRL,56
PLEKHS1,56
PLIN3,56
PLSCR1,56
PNPLA8,56
POLG2,56
PPP1R16B,56
PPWD1,56
PRSS50,56
PTMA,56
PTPN21,56
PUDP,56
RAB2A,56
RABGGTA,56
RHOH,56
RHPN1,56
RNF14,56
RNF150,56
RPGR,56
RSAD1,56
SAMD13,56
SCN1A,56
SDAD1,56
SEC22A,56
SH2D2A,56
SLC22A4,56
SLC5A2,56
SLC8A1,56
SLCO1A2,56
SPAG1,56
SRXN1,56
SSRP1,56
SSX2IP,56
STX5,56
SYT14,56
TARS2,56
TCERG1L,56
THOC6,56
TMEM130,56
TMEM185A,56
TMEM222,56
TNIP3,56
TNPO1,56
TPST1,56
TRIB3,56
TSFM,56
TTC13,56
TUFT1,56
USP9Y,56
VANGL2,56
ABHD17C,55
ADAM10,55
ADIPOR2,55
ADRA1D,55
AGO4,55
AHCYL1,55
AIMP1,55
AKR1B1,55
ARC,55
ARID5A,55
ATXN1,55
BCL7C,55
BORCS8-MEF2B,55
BTBD1,55
C19orf12,55
C19orf33,55
CDK2,55
CEP135,55
CFAP52,55
CLEC2L,55
CLINT1,55
CLYBL,55
CNGA3,55
CNTNAP4,55
COX4I1,55
CRELD2,55
CRHR2,55
CRLF3,55
CRLS1,55
DCAF6,55
DCLK1,55
DDI2,55
DEGS1,55
DENND4C,55
DENND6A,55
DMAP1,55
DMTF1,55
DNAJC21,55
DPM1,55
EDEM3,55
EFR3A,55
EXOSC2,55
EXOSC7,55
F13A1,55
FADS6,55
FBXL15,55
FBXO21,55
FGD6,55
FMR1,55
FXYD2,55
GAB2,55
GALNT3,55
GAMT,55
GRTP1,55
GTF2H3,55
GULP1,55
HCFC2,55
HERC6,55
HIPK1,55
HNRNPA1L2,55
HTRA1,55
IL11,55
IL32,55
INMT,55
IRAK4,55
KCNG2,55
LCAT,55
LILRB2,55
LRP6,55
LTC4S,55
LZTS1,55
MAPK13,55
MIOX,55
MLC1,55
MPDU1,55
MPG,55
MPV17,55
MPZ,55
MROH7-TTC4,55
MSANTD2,55
NAA40,55
NEDD4,55
NKIRAS2,55
NME7,55
NOX5,55
NPL,55
NUP107,55
OAZ1,55
ORMDL3,55
OSR1,55
P2RX3,55
PAQR7,55
PARD3,55
PCGF5,55
PCTP,55
PEX5,55
PHIP,55
PIGB,55
PIWIL4,55
PNPLA1,55
PNPO,55
PPIG,55
PPM1A,55
PPP3CB,55
PRAF2,55
PRDM7,55
PREP,55
PRPS1,55
PRSS55,55
PSMB9,55
PSMD3,55
PSORS1C1,55
PTAFR,55
PXK,55
RASL10A,55
RB1,55
RBM24,55
REL,55
RELA,55
RHBDD3,55
RNF149,55
RP1,55
RRP1,55
RTN4IP1,55
SCGB1A1,55
SCOC,55
SERPINF2,55
SFXN4,55
SLC15A2,55
SLC18A1,55
SLC25A28,55
SLC52A3,55
SLC9B1,55
SPAG4,55
SSU72,55
TAGLN2,55
TATDN1,55
TBC1D23,55
TCF7L1,55
TM6SF2,55
TMEM101,55
TMEM144,55
TMEM219,55
TPK1,55
TRIM62,55
TSEN54,55
TXNDC12,55
UBXN2A,55
UBXN4,55
USP31,55
VRK1,55
WDR24,55
XDH,55
ZBTB45,55
ZCCHC8,55
ZFAND6,55
ZNF107,55
ZNF765,55
ZSCAN32,55
ABCA10,54
ACTR3,54
ADK,54
AKAP12,54
AKAP17A,54
AMBP,54
ANKRD30BL,54
ARHGAP11B,54
ARL10,54
ARTN,54
ASIC2,54
ATAD3C,54
B3GNT7,54
BCL2L11,54
BLVRB,54
C12orf43,54
CALR,54
CAPNS1,54
CASP9,54
CCDC190,54
CCDC24,54
CCL17,54
CCNF,54
CCNI,54
CCS,54
CCT2,54
CDC123,54
CDIPT,54
CDK2AP1,54
CERKL,54
CHRNB4,54
CITED1,54
CLDN7,54
CLK1,54
CLP1,54
CMC2,54
CNN2,54
CPA5,54
CTR9,54
CXXC1,54
CYP2F1,54
CYP2S1,54
DHX16,54
DIP2B,54
DISC1,54
DLK2,54
DPY19L4,54
DTX3,54
DUSP10,54
E2F4,54
EFCAB13,54
ELL2,54
ELP5,54
EME1,54
ERAP2,54
ERO1A,54
ESYT2,54
FAN1,54
FTSJ3,54
GAPDH,54
GNL3,54
GNLY,54
GPSM3,54
GRHL1,54
GSTO2,54
HMGB3,54
IDO1,54
IL1RAP,54
IMPDH2,54
ITCH,54
KDELR3,54
KIAA1614,54
KLK3,54
KRT18,54
LDHA,54
LRRC56,54
MAP2K4,54
MCU,54
MDK,54
MED13,54
METAP1D,54
MYDGF,54
MYEF2,54
NAB2,54
NAT9,54
NCK2,54
NEK5,54
NIT1,54
NLRP7,54
NOL6,54
NPIPA1,54
NPNT,54
NR1D2,54
NSMCE4A,54
OGFR,54
OPA3,54
PDXP,54
PEX19,54
PITPNB,54
PLCL2,54
PLG,54
PORCN,54
PPOX,54
PROCR,54
PRR5-ARHGAP8,54
PRRT3,54
PTPRR,54
REN,54
RNF125,54
RYK,54
S100A2,54
SAMSN1,54
SCML2,54
SECISBP2L,54
SENP1,54
SERPINA12,54
SERPING1,54
SF3A3,54
SFT2D1,54
SH2D4A,54
SIRPD,54
SKP2,54
SLC24A2,54
SLC25A35,54
SLC4A4,54
SNX12,54
SREK1,54
STRADB,54
STX6,54
SULT1C2,54
TBX5,54
TDRP,54
TFCP2L1,54
THRB,54
TIAL1,54
TIMP1,54
TMEM178A,54
TOMM40L,54
TRAPPC5,54
TRMT61B,54
UCP3,54
USP10,54
UST,54
VSIG10,54
VTN,54
WBP1L,54
WIPF2,54
WRN,54
ZFP90,54
ZNF550,54
ZPBP,54
ZSCAN10,54
ABHD1,53
ACSM5,53
ADAMTSL2,53
ADNP,53
AGBL2,53
ALOX15,53
ANKRD12,53
ANKRD9,53
ANKS1A,53
ANP32B,53
AQR,53
ARHGEF39,53
ARID4A,53
ARMC10,53
ARNT,53
ASPHD1,53
BFSP2,53
C11orf21,53
C12orf54,53
C1RL,53
CA5B,53
CACNG5,53
CALB1,53
CBL,53
CCDC28B,53
CCDC68,53
CD101,53
CD40,53
CDCA7L,53
CDH15,53
CDK6,53
CEACAM6,53
CENPM,53
CENPP,53
CHODL,53
CHST15,53
CLCN5,53
CLTB,53
COLGALT2,53
COPS7A,53
CTNS,53
CX3CL1,53
CYBA,53
CYP1B1,53
DHDDS,53
DLST,53
DNASE1L3,53
EFCAB10,53
ERMARD,53
ETV3L,53
FAM83A,53
FAM89A,53
FBXO27,53
GHDC,53
GMPR,53
GNPDA1,53
GPATCH1,53
GRID2,53
GTF3A,53
GUCA1A,53
HACE1,53
HADHA,53
HAPLN2,53
HMBOX1,53
HS3ST6,53
HSPA9,53
ICAM1,53
ICAM2,53
IDH1,53
IL17B,53
IL7R,53
IQCF3,53
IQGAP3,53
IWS1,53
IZUMO4,53
KIAA1328,53
KRT14,53
LAMB4,53
LAMTOR1,53
LETMD1,53
LIMD2,53
LMF2,53
LNPEP,53
LPL,53
LSM14A,53
LVRN,53
MAP2K6,53
MAPRE2,53
MBNL1,53
MRTO4,53
MSX1,53
MTF2,53
MTMR2,53
MTR,53
NIPAL2,53
NPIPB11,53
OSMR,53
OTUD3,53
OVGP1,53
PARP15,53
PDIA3,53
PDZK1,53
PHF14,53
PHKG1,53
PLLP,53
PLPP7,53
POGLUT1,53
POM121,53
PRDM8,53
PRELID3A,53
PRSS56,53
PUS7,53
PXDC1,53
PYM1,53
RAD17,53
RAG1,53
RHCG,53
RIBC1,53
SCAMP1,53
SDF2,53
SEPHS1,53
SLC16A2,53
SLC22A16,53
SLC22A17,53
SLC25A37,53
SLC25A44,53
SLC26A4,53
SLC2A10,53
SLC6A11,53
SLC6A17,53
SLC6A2,53
SLC7A1,53
SMG7,53
SNAP91,53
SNX4,53
SPATA22,53
SSPN,53
STARD7,53
SYCE1L,53
SYDE1,53
TAC3,53
TAS1R1,53
TBCEL,53
TEAD1,53
TEKT5,53
TMEM117,53
TMEM138,53
TMEM231,53
TNFRSF8,53
TRIM37,53
TSNAXIP1,53
TTC22,53
USE1,53
VPS26A,53
VSIG10L,53
WAC,53
WDR41,53
WDR70,53
ZBTB4,53
ZCCHC7,53
ZNF148,53
ZNF160,53
ZNF43,53
ZNF573,53
ZNF587,53
ZNF674,53
ZSCAN5A,53
AANAT,52
ABHD14B,52
ACOX1,52
ACTR10,52
ACYP2,52
ADGB,52
ADGRG5,52
AHCTF1,52
ALX3,52
ANKRD18A,52
ANXA5,52
AOC3,52
APH1B,52
ARSI,52
ATAT1,52
BCLAF1,52
C14orf180,52
C16orf89,52
C1QBP,52
C20orf202,52
CAMK2N1,52
CCDC14,52
CCDC81,52
CCNYL1,52
CD226,52
CFAP97,52
CLCN1,52
CLCN6,52
CNTD1,52
CNTN1,52
COL4A6,52
CTCFL,52
DCHS2,52
DDX17,52
DEGS2,52
DHX9,52
DISP1,52
DOCK11,52
DZIP1,52
EIF2B4,52
ELOF1,52
ETV2,52
FAM25G,52
FBXO42,52
FBXO6,52
FGL1,52
FHL2,52
FIBP,52
FOSL2,52
FSIP1,52
FUNDC2,52
GIMAP5,52
GK,52
GLIS1,52
GNPTG,52
GRB14,52
GRINA,52
GRK5,52
HERC5,52
HSD17B3,52
HSP90B1,52
IDH3B,52
IFIT3,52
IGLON5,52
IL10RB,52
JAML,52
KCNMB2,52
KIF9,52
KNOP1,52
KSR2,52
KY,52
LMO2,52
LRIG2,52
LRRC36,52
LY6G5C,52
MAP1LC3B,52
MAP6D1,52
MAP7,52
MAPK11,52
MARCO,52
MFN1,52
MGAT4A,52
MPST,52
NBPF1,52
NR1I2,52
NR2E3,52
NR6A1,52
NRG4,52
OPN4,52
OTUD7B,52
P2RX4,52
PATZ1,52
PDCD10,52
PDHA1,52
PEX5L,52
PITX1,52
PLCH1,52
PLCZ1,52
PLEKHM3,52
PLPPR1,52
POC5,52
POP4,52
PQBP1,52
PRKX,52
PRMT5,52
PROX1,52
PRRG3,52
PTPN4,52
PUM2,52
PUSL1,52
RAB36,52
RFNG,52
RGS8,52
RIC8B,52
RNASEK-C17orf49,52
RNF212B,52
RNF214,52
RRAD,52
RRP36,52
SCAI,52
SDCBP,52
SEMA3D,52
SIAE,52
SLC26A5,52
SLC26A7,52
SLC5A11,52
SLC5A4,52
SLC9A2,52
SMOC2,52
SRL,52
SRSF11,52
SSR1,52
SSR4,52
STARD8,52
STC2,52
SUCO,52
SUDS3,52
TBCCD1,52
TBL2,52
TCAP,52
TEX9,52
TFB1M,52
TGM7,52
TIMELESS,52
TMEM127,52
TMEM200B,52
TNFRSF9,52
TNR,52
TOX4,52
TRIM27,52
TSPAN10,52
TSSC4,52
UBE2B,52
UHRF1,52
UNC5D,52
VCAN,52
VDAC3,52
VWA8,52
WDFY1,52
WNT6,52
ZBTB25,52
ZNF112,52
ZNF592,52
ZNF664,52
ZNF667,52
ZNF730,52
ZNF792,52
ABCB11,51
ABHD3,51
ACAD11,51
ACOT8,51
ACTR3B,51
ACVR2B,51
ADGRE2,51
ADGRF5,51
AK7,51
ALDH18A1,51
ANO10,51
ARAP2,51
ATG10,51
BDP1,51
BRMS1L,51
CABP2,51
CATSPER1,51
CCDC97,51
CD300LF,51
CDH18,51
CIB4,51
CLDN15,51
CLEC4C,51
CLHC1,51
COQ6,51
COX11,51
CTSC,51
CTSF,51
CYP4F22,51
DIAPH3,51
DLL1,51
DLL4,51
DNAJC5,51
DOLPP1,51
DYNC2H1,51
EDA,51
EFCAB12,51
ELF5,51
ESAM,51
EXOC1,51
EXOC3L1,51
F2,51
FAM234B,51
FBXL6,51
FSCN3,51
GAL3ST4,51
GALK1,51
GAS2,51
GCFC2,51
GEMIN8,51
GGH,51
GGT7,51
GLUL,51
GOLGA8A,51
GPATCH3,51
GRAP,51
HDDC3,51
HHIP,51
HLA-DMB,51
HNF4A,51
HRK,51
HS3ST4,51
IRS1,51
JMJD6,51
KCNJ10,51
KLF8,51
KLHL13,51
KLHL7,51
LGALS3,51
LIPH,51
LRCOL1,51
MCM10,51
MCMBP,51
ME3,51
MEIOB,51
METTL23,51
MOCS1,51
MR1,51
MRLN,51
MTMR12,51
MYO6,51
N4BP2L1,51
NDUFA5,51
NEK4,51
NEMP1,51
NREP,51
PABPC4L,51
PACRG,51
PCSK5,51
PGBD5,51
PGM1,51
PIGT,51
PMPCA,51
PPCS,51
PPIH,51
PRIMPOL,51
PRPF19,51
PSCA,51
PSMA7,51
PSMB3,51
PSTK,51
RAP1A,51
RARRES1,51
RASL12,51
RBSN,51
RDH12,51
RGS11,51
RHEB,51
RNMT,51
RS1,51
SCG5,51
SDS,51
SERPINA5,51
SHE,51
SIX1,51
SLC7A9,51
SNX6,51
SS18L2,51
SURF6,51
SYCE2,51
SYP,51
TAP1,51
TBC1D9,51
TEKT2,51
TMEM109,51
TMEM123,51
TMEM176A,51
TMEM178B,51
TMEM218,51
TMEM52,51
TSHZ2,51
TSR1,51
U2SURP,51
UBE3D,51
USP46,51
WBP2NL,51
WDR72,51
WEE1,51
ZFAND1,51
ZHX1-C8orf76,51
ZNF263,51
ZNF787,51
AARS2,50
ACOT12,50
ACP5,50
ACVR1B,50
AGAP4,50
AK4,50
AKR7A2,50
ALG5,50
ALKBH3,50
AMDHD1,50
ANGPT1,50
ANGPTL2,50
APAF1,50
APCDD1L,50
APOBEC3G,50
APOH,50
ATCAY,50
B4GALT6,50
BCS1L,50
BRCA2,50
BTNL8,50
C1orf105,50
C4orf36,50
C5orf47,50
C8A,50
CA1,50
CAP1,50
CCDC38,50
CCR7,50
CD163L1,50
CD2AP,50
CD300LG,50
CD37,50
CEACAM3,50
CEP89,50
CFI,50
CHPT1,50
CLDND1,50
CLSPN,50
CMTM7,50
CNOT8,50
COG7,50
COTL1,50
CSF1,50
CUTA,50
DBI,50
DCAF12,50
DCAF5,50
DCLK2,50
DDAH1,50
DDX50,50
DNAJC8,50
DPH7,50
DRICH1,50
EEF1A2,50
ELMO3,50
ELSPBP1,50
EMP1,50
ERMP1,50
FAM186B,50
FAM219B,50
FER,50
FGF14,50
FLVCR1,50
FMNL2,50
FMO1,50
FOSB,50
FYTTD1,50
GABPB2,50
GAPDHS,50
GC,50
GOLGA6B,50
GOLGA8Q,50
GP6,50
GPD1L,50
GPR68,50
GYG2,50
HNRNPF,50
HNRNPK,50
ICA1L,50
ICAM5,50
ICE2,50
IL23A,50
INCA1,50
INTS12,50
ISOC2,50
ITGB6,50
ITPKA,50
KANSL1L,50
KCTD7,50
KIF19,50
KIF23,50
KLF6,50
KLHL32,50
KREMEN2,50
LGR5,50
LRRC24,50
LRRC42,50
LY9,50
MAP1B,50
MCF2,50
MFF,50
MKRN2,50
MREG,50
MSL3,50
MTIF2,50
NBR1,50
NDRG3,50
NFYB,50
NT5E,50
OCIAD1,50
ORAI3,50
PAAF1,50
PFN1,50
PGAP1,50
PI4K2A,50
PID1,50
PIP4K2B,50
PIP4K2C,50
PIWIL2,50
PLA2G10,50
PPP1R14B,50
PPP2CB,50
PRPH,50
PRTN3,50
PSG1,50
PSMD6,50
PSMG4,50
RASGEF1B,50
RINT1,50
ROGDI,50
RPAP3,50
SEMA5A,50
SETD4,50
SFMBT2,50
SFTPB,50
SFTPD,50
SGCD,50
SHOC2,50
SLC25A38,50
SLC30A5,50
SLC38A6,50
SP3,50
SPAST,50
SPG21,50
SPSB2,50
SQLE,50
STRIP2,50
SUPT4H1,50
TCN2,50
TGM3,50
TMEM161B,50
TMEM200A,50
TMEM243,50
TNFRSF10C,50
TSHZ3,50
TSPAN5,50
VAMP5,50
VBP1,50
VDAC2,50
VTCN1,50
WDR64,50
WLS,50
XAF1,50
ZBTB44,50
ZC3H3,50
ZFAND2B,50
ZFYVE16,50
ZIK1,50
ZNF268,50
ZNF773,50
ZNF789,50
ACKR3,49
ACTR1B,49
ADGRG2,49
ADRA1A,49
ALPK2,49
AMY2B,49
ANKAR,49
ANKRD30A,49
ANKRD55,49
ARAF,49
ATP6V1A,49
AUH,49
AZU1,49
B3GNT2,49
BCL11B,49
C16orf46,49
C5orf24,49
C9orf78,49
CAPZA2,49
CCDC47,49
CCDC73,49
CCR3,49
CD53,49
CDR2,49
CDS2,49
CEP295,49
CEP76,49
CHCHD10,49
CHCHD3,49
CHKB-CPT1B,49
CLK4,49
CMC1,49
CMTM2,49
CNGA1,49
COMMD6,49
CORIN,49
CSF2RB,49
CSPG5,49
CYP27C1,49
CYP3A4,49
DCLK3,49
DCUN1D1,49
DPY19L3,49
DTL,49
EFCAB14,49
EGR3,49
EMB,49
EMP2,49
ENPP3,49
F11,49
FAM131B,49
FAM98C,49
FBXW8,49
FEM1B,49
FXYD4,49
GAB3,49
GABPB1,49
GALNT1,49
GDAP1L1,49
GEMIN5,49
GFM1,49
GNG5,49
GOLGA5,49
GRIN2D,49
GSTO1,49
HK2,49
IGF1,49
IKBKE,49
ING1,49
IPO7,49
ITGB1BP1,49
ITLN2,49
ITPKC,49
KAZALD1,49
KMO,49
KRCC1,49
LGALS1,49
LMAN2L,49
LPCAT3,49
LRRC3B,49
LRRC75A,49
LY6D,49
MAF1,49
MBNL3,49
MEX3D,49
MIPEP,49
MIS18BP1,49
MOXD1,49
MTAP,49
MTFP1,49
MYC,49
NAA25,49
NDUFA10,49
NEK3,49
NLGN1,49
NODAL,49
NOP14,49
NSUN4,49
NXPH3,49
ORAI2,49
PAK3,49
PARL,49
PCDH7,49
PCLO,49
PDIA4,49
PEA15,49
PGLS,49
PHRF1,49
PLAC1,49
PLIN1,49
PLS3,49
POLQ,49
POLR1C,49
POMZP3,49
PPP2R5E,49
PPP4R3B,49
PSMC5,49
PSME3,49
PTPRG,49
RAB3D,49
RASSF1,49
RCCD1,49
RFC2,49
RFX7,49
RICTOR,49
RIOK3,49
RNF183,49
RNF34,49
RNF8,49
SAR1A,49
SCN2B,49
SCRN2,49
SERTAD2,49
SH3PXD2B,49
SLC25A14,49
SLC25A36,49
SLC26A1,49
SLC35D2,49
SLC35F2,49
SLCO6A1,49
SMAD5,49
SNCG,49
SNRPN,49
SOX8,49
SPIN3,49
SRA1,49
STAT4,49
STEAP2,49
STOML2,49
SURF4,49
TADA3,49
TM9SF2,49
TMEM223,49
TMPRSS5,49
TPTE2,49
TRIM55,49
TRPT1,49
TSGA10,49
TTI1,49
TUBA4B,49
U2AF1,49
UBL7,49
USP50,49
YWHAE,49
ZDHHC17,49
ZDHHC9,49
ZGLP1,49
ZNF517,49
ZNF525,49
ZNF565,49
ZNF778,49
ABHD5,48
ADAMTS8,48
ADI1,48
AGPAT4,48
AMOT,48
ANKRD18B,48
ANKRD62,48
ANKUB1,48
APCDD1,48
ARID2,48
AVPR2,48
BICD1,48
BMX,48
C1orf35,48
CAMK4,48
CCDC124,48
CCDC144NL,48
CCDC158,48
CCT6A,48
CDH16,48
CEACAM18,48
CENPF,48
CFAP57,48
CKMT2,48
COL25A1,48
COL5A2,48
CRHBP,48
CRK,48
CYP4V2,48
DACT3,48
DCAF10,48
DDX6,48
DESI1,48
DHRS9,48
DIO2,48
DIRAS1,48
DOK2,48
DRD4,48
EIF2AK2,48
EIF4H,48
EMD,48
EPB41L5,48
EPCAM,48
FAM114A2,48
FANCG,48
FAR1,48
FBXO3,48
FCRLB,48
FLOT1,48
FOXR1,48
FRA10AC1,48
GALP,48
GCSH,48
GLT1D1,48
GOLGA7,48
GPAT3,48
GPN2,48
GRIA3,48
HCG27,48
HLA-DPB1,48
HLTF,48
IGSF23,48
IL3RA,48
ILDR1,48
ILF2,48
ILK,48
IMMP2L,48
IRF6,48
KIF15,48
KLK10,48
KRTDAP,48
LAMC2,48
LAMTOR4,48
LIN28B,48
LYN,48
LZTS2,48
MAP1A,48
MBD3L1,48
MCEE,48
MCM6,48
MESP2,48
MGST3,48
MITD1,48
MLLT3,48
MMP19,48
MOCOS,48
MOG,48
MYBPHL,48
MZB1,48
NEK1,48
NETO2,48
NIPA1,48
NOS2,48
NRSN2,48
NTN1,48
NUAK1,48
OAZ3,48
OPN3,48
ORC2,48
OSR2,48
OTUD4,48
P4HA3,48
PAPPA,48
PARP2,48
PDCD4,48
PECR,48
PFDN1,48
PFN2,48
PIP5K1B,48
PLA1A,48
PLEKHB2,48
PLVAP,48
PMS1,48
PPP1R3F,48
PPP3CA,48
PPP4R4,48
PRSS12,48
PTPRZ1,48
RCL1,48
REPS2,48
RNFT1,48
SAAL1,48
SALL1,48
SAP30L,48
SCARA5,48
SCN3B,48
SEMA4F,48
SERPINB1,48
SERPINB2,48
SETDB1,48
SLAIN2,48
SLC25A43,48
SLC28A2,48
SLX1A,48
SNAPC2,48
SNRNP35,48
SORCS3,48
SPATA9,48
SRPK1,48
SSB,48
SULT1A3,48
SULT1A4,48
SYNCRIP,48
TAOK1,48
TCAF1,48
TEX15,48
TLDC2,48
TPRX1,48
TRAPPC2,48
TRIM14,48
TSHZ1,48
UBE2U,48
UTS2B,48
WDR48,48
YWHAB,48
ZBBX,48
ZDHHC13,48
ZIC1,48
ZNF34,48
ZNF57,48
ZNF575,48
ZNF683,48
ZNF706,48
ZNHIT1,48
ABCA6,47
ADNP2,47
ALB,47
ANOS1,47
APOBEC3H,47
ARHGAP20,47
ARL6IP4,47
ARMC7,47
ASB10,47
ASGR1,47
ATP6AP1L,47
B4GALT4,47
BATF2,47
BMF,47
BRICD5,47
BUD31,47
C17orf107,47
C17orf58,47
C19orf38,47
C1orf94,47
C2orf42,47
CBX3,47
CCDC178,47
CCKBR,47
CDC23,47
CDC42EP5,47
CDH13,47
CDH22,47
CDT1,47
CFAP20,47
CHST12,47
CLCF1,47
CLDN16,47
CLPSL1,47
CMAS,47
CMYA5,47
CNP,47
CNTN5,47
CR2,47
CREB3L3,47
CSNK1A1,47
DDA1,47
DHRS7,47
DUSP5,47
ECT2,47
EEF1A1,47
EFCC1,47
EGLN1,47
EIF4A1,47
ENOX1,47
ETNK1,47
EXO1,47
FAAH2,47
FAM91A1,47
FER1L5,47
FKRP,47
GGTLC2,47
GLB1L2,47
GNAT2,47
GNL3L,47
GPALPP1,47
GTSF1,47
HMG20A,47
HOOK1,47
HPGD,47
HSP90AA1,47
IK,47
IMP4,47
ITGA1,47
JOSD1,47
KLRD1,47
KPNA4,47
LARP4,47
LHX4,47
LMAN1,47
LMX1A,47
LSG1,47
MCOLN3,47
MDM4,47
MED6,47
METTL21A,47
MFAP5,47
MICU2,47
MNAT1,47
MPL,47
MSRA,47
MTO1,47
MXD3,47
MYO3B,47
NAA10,47
NAT1,47
NDUFA3,47
NEK7,47
NETO1,47
NFKBIZ,47
NFRKB,47
NLK,47
NUP54,47
NUTM2E,47
NXNL2,47
OLFML2B,47
OSGEP,47
PGC,47
PHEX,47
PIGZ,47
PNMT,47
PPP2R3A,47
PRDM10,47
PRKAA1,47
PRTG,47
PSMC6,47
PTPRT,47
PYROXD1,47
RAD18,47
RAD54L2,47
RBM38,47
RGN,47
RMND5A,47
RNF145,47
SARAF,47
SH2D7,47
SHPRH,47
SIRT6,47
SLC16A1,47
SLC22A13,47
SLC35B1,47
SLC39A7,47
SLC50A1,47
SNX2,47
SPAG16,47
SPDYA,47
SPINK2,47
SRSF4,47
ST13,47
SYPL1,47
TCL1B,47
TCP11L2,47
THAP3,47
THRAP3,47
TLR5,47
TMCC3,47
TMEM105,47
TMEM135,47
TMEM177,47
TMEM187,47
TMEM190,47
TMEM266,47
TMUB1,47
TOR4A,47
TOX3,47
TPPP3,47
TRIML2,47
TRPC3,47
TSG101,47
TXNRD3,47
UBFD1,47
UQCRH,47
UROD,47
VPS37B,47
YY1AP1,47
ZFP92,47
ZFR2,47
ZGRF1,47
ZKSCAN7,47
ZNF205,47
ZNF420,47
ZNF569,47
ZNF577,47
ZNF600,47
ZNF676,47
ABCA9,46
ABCC9,46
ACP2,46
ANKZF1,46
AP5M1,46
APOLD1,46
ARSA,46
ASB9,46
BCL6B,46
C1QB,46
C2CD4C,46
CA10,46
CA5A,46
CAMK2D,46
CASP2,46
CBX5,46
CCBE1,46
CCDC175,46
CCNB3,46
CCP110,46
CD109,46
CD163,46
CD209,46
CD244,46
CENPU,46
CEP120,46
CHAF1B,46
CHMP6,46
CLEC4M,46
CNNM2,46
COASY,46
CPOX,46
DDX25,46
DHX8,46
DLK1,46
DOHH,46
DRG1,46
E2F2,46
EEA1,46
EPC2,46
EPOR,46
ETV1,46
EXD2,46
FAM86B2,46
FARSA,46
FCER2,46
FKBP15,46
FKTN,46
FRRS1L,46
GCSAML,46
GLOD5,46
GLRX3,46
GNPAT,46
GP2,46
GPIHBP1,46
GPR78,46
GTF2H4,46
HABP2,46
HERPUD1,46
HIRA,46
HMGB1,46
HNF1A,46
HNRNPLL,46
HRH2,46
HSBP1L1,46
IFITM3,46
IGFL4,46
IL17RE,46
INTS5,46
KCNH5,46
KIF3A,46
KLHDC2,46
KPNA1,46
LAP3,46
LDLRAD2,46
LGR4,46
LPAR2,46
LRRC20,46
LSS,46
LY6G5B,46
MAGED2,46
MAGIX,46
MANBA,46
MAT1A,46
MLH3,46
MRO,46
MYH15,46
MYL6,46
NCOA3,46
NDUFV3,46
NIF3L1,46
NLGN4Y,46
NLRP11,46
NME2,46
NPIPA7,46
PCF11,46
PDS5B,46
PHOX2A,46
PLAC9,46
POLK,46
PPIL6,46
PPM1L,46
PPP1R27,46
PPP2R2D,46
PRR36,46
RAB25,46
RABGGTB,46
RAD23B,46
RAE1,46
RAMP2,46
RASSF3,46
RB1CC1,46
RBP5,46
RIBC2,46
RIC3,46
RSAD2,46
SEL1L,46
SFRP1,46
SIGLEC8,46
SIRPA,46
SLC16A7,46
SLC25A20,46
SLC25A3,46
SLC27A2,46
SLC44A5,46
SLC9A8,46
SMIM23,46
SNPH,46
SNRPA1,46
SOBP,46
SPDYE2B,46
ST8SIA2,46
STK17A,46
STK39,46
SYTL4,46
TAF1D,46
TBKBP1,46
TCP11L1,46
TFG,46
TGFBR1,46
TMEM209,46
TMEM256,46
TMEM256-PLSCR3,46
TMEM45B,46
TMEM59,46
TNFRSF13C,46
TPSB2,46
TRIM60,46
TSEN34,46
TSPAN16,46
UBAP1L,46
UCN2,46
UGP2,46
USP14,46
USP44,46
VIPAS39,46
VPS28,46
VPS35,46
VWA1,46
WFDC1,46
ZCWPW2,46
ZEB1,46
ZNF239,46
ZNF383,46
ZNF414,46
ZNF438,46
ZNF627,46
ABCA1,45
ABCB10,45
ABL1,45
ALKBH7,45
ANO3,45
ANP32E,45
ANXA8,45
AP1M2,45
ARL17B,45
ATP10D,45
BARD1,45
BICC1,45
BIN2,45
BIVM,45
C1orf198,45
C2orf72,45
CACFD1,45
CADM2,45
CADPS2,45
CALM2,45
CAPN7,45
CATSPER2,45
CCDC102B,45
CCNL1,45
CCT6B,45
CFAP70,45
CHRNA5,45
CHRND,45
CKAP4,45
CLIC3,45
COG6,45
CORO2A,45
CPSF3,45
CR1L,45
CTLA4,45
CTSK,45
CXCL12,45
CYP21A2,45
CYP27B1,45
CYP4A11,45
DDIT3,45
DDOST,45
DDX27,45
DEFB124,45
DHRS13,45
DMGDH,45
DNAJB14,45
DNAJC10,45
DNAJC9,45
DONSON,45
E2F3,45
E2F8,45
EIF4EBP1,45
EMC2,45
ESRP1,45
ETNPPL,45
FAM181A,45
FAM72C,45
FAM72D,45
FAM9B,45
FBXW10,45
FGF9,45
FOXO4,45
FXYD1,45
GABRA2,45
GAL,45
GALNTL5,45
GALNTL6,45
GBP1,45
GID4,45
GMPR2,45
GORAB,45
GPAA1,45
GPR137B,45
GPR61,45
GRID1,45
GTF2E2,45
H6PD,45
HMGCS2,45
HNRNPH3,45
HSPB6,45
IFI35,45
INO80C,45
IPO8,45
IPO9,45
KCNJ5,45
KCTD14,45
KHK,45
KIAA0319,45
KLK14,45
KPNA2,45
LEFTY2,45
M6PR,45
MAML1,45
MAP3K7,45
MROH2B,45
MS4A1,45
MSANTD3,45
MTCH2,45
N4BP2,45
NAA50,45
NCMAP,45
NDUFAB1,45
NIPA2,45
NME9,45
NOLC1,45
NPAT,45
NPIPB6,45
NPTN,45
NR5A2,45
NT5C3B,45
OAS1,45
PALB2,45
PANK2,45
PANO1,45
PHB2,45
PIGX,45
PNPLA3,45
POT1,45
PPM1B,45
PRDM4,45
PRIM2,45
PRR14L,45
PRR22,45
PRR3,45
PRR7,45
PTPDC1,45
RAB34,45
RAP1B,45
RBMX,45
RHOT1,45
S100A5,45
SBK2,45
SCGB2B2,45
SEMA3G,45
SENP7,45
SLC2A2,45
SLC35A2,45
SLC35E2B,45
SLC38A11,45
SLC38A2,45
SLC38A4,45
SLFN11,45
SMC5,45
SMIM20,45
SNX33,45
SOX7,45
SPECC1L,45
SRPRB,45
SRSF5,45
STPG2,45
STYXL1,45
SVEP1,45
SYPL2,45
TAF8,45
TENM1,45
TFDP1,45
TMCO6,45
TMEM248,45
TMEM52B,45
TMLHE,45
TNFRSF18,45
TPSAB1,45
TRAPPC2L,45
TREML1,45
TSPAN2,45
TTC27,45
UAP1,45
UBE2V2,45
UNC79,45
USP25,45
WDR43,45
YIPF7,45
ZC3H12D,45
ZFPM1,45
ZMAT1,45
ZNF213,45
ZNF407,45
ZNF41,45
ZNF425,45
ZNF433,45
ZNF467,45
ZNF689,45
ZNFX1,45
AAMDC,44
ABHD14A-ACY1,44
ADGRE1,44
AKTIP,44
AMH,44
ANXA3,44
ARHGAP11A,44
ARHGEF38,44
ARL5C,44
ART5,44
ATP6AP1,44
ATP9A,44
AUP1,44
B3GNT8,44
BCL2L2-PABPN1,44
BEST1,44
BRINP2,44
BTN3A3,44
BUB1B-PAK6,44
C8orf34,44
CABP7,44
CAPN9,44
CAPZA1,44
CARNS1,44
CASD1,44
CCDC39,44
CCDC61,44
CCL27,44
CCNDBP1,44
CD70,44
CDCA3,44
CHIC2,44
CHMP5,44
CLDN10,44
CLPP,44
CMPK2,44
CNNM4,44
COG8,44
COMMD5,44
CRBN,44
CRY1,44
CRYBB1,44
CTRB1,44
CWF19L1,44
CYP24A1,44
DCST1,44
DHPS,44
DHX15,44
DNAH12,44
DNAJB13,44
DOK6,44
DTHD1,44
DUSP18,44
DUSP7,44
DYRK2,44
EIF2B5,44
EIF3H,44
EIF5B,44
ENDOU,44
ETF1,44
EXOSC5,44
EYA3,44
FAM110D,44
FAM3D,44
FBXL18,44
FBXL20,44
FCAMR,44
FKBP1A,44
GABRR2,44
GGCT,44
GGN,44
GJC2,44
GLIS2,44
GPR37L1,44
GZF1,44
HEPACAM,44
HES6,44
HMGA2,44
HOMEZ,44
HOOK3,44
HSD17B11,44
IFIH1,44
IGFBP6,44
IL20RB,44
INCENP,44
IPPK,44
IRX3,44
ITGAD,44
IVNS1ABP,44
JMJD8,44
KLHL42,44
LACRT,44
LCOR,44
LCORL,44
LIM2,44
LINGO2,44
LINS1,44
LRRC4C,44
LYPD2,44
MAD2L1BP,44
MAPK1,44
MAT2B,44
MBD2,44
MEIG1,44
METTL1,44
MORC4,44
NAPEPLD,44
NARS2,44
NCK1,44
NLRP10,44
NPR3,44
NSUN5,44
NUDCD1,44
NUDT8,44
OGDH,44
OGFOD2,44
OPALIN,44
PAXBP1,44
PCDH19,44
PDCD5,44
PDE12,44
PDZD7,44
PDZD8,44
PGAM5,44
PHF23,44
PIKFYVE,44
PKN2,44
PLEKHF2,44
PLEKHG7,44
PPP1R26,44
PRDX4,44
PRH1,44
PRKCI,44
PSMB10,44
PSMC4,44
PSMD8,44
PTCH2,44
RAB14,44
RAC1,44
RAC3,44
RBM44,44
RBM45,44
RMI2,44
S1PR4,44
SBK3,44
SBSPON,44
SHISA8,44
SLC22A14,44
SLC25A18,44
SLC46A1,44
SLC6A5,44
SLFN12L,44
SMN1,44
SMURF2,44
SNRPB,44
SPNS1,44
SRI,44
SS18,44
STAC,44
STX2,44
STXBP6,44
TACR2,44
TANK,44
TATDN3,44
TBX15,44
TBX3,44
TBX6,44
TCF19,44
TGM6,44
THOC7,44
TM2D1,44
TONSL,44
TPTE,44
TRAK2,44
TRIM33,44
TRMT11,44
TTC4,44
TXN,44
TXNL1,44
VAMP8,44
VPS45,44
VRTN,44
VSTM1,44
VWDE,44
WNT10B,44
XKR6,44
YPEL4,44
ZBTB24,44
ZBTB32,44
ZKSCAN1,44
ZNF33B,44
ZNF596,44
ZNF808,44
ACHE,43
ACP7,43
ADAMTS16,43
ADM5,43
ALDH1L2,43
ALDH6A1,43
AMHR2,43
ANKK1,43
AP4S1,43
API5,43
APOE,43
ARHGAP30,43
ARPC4,43
ATP6V1D,43
B3GAT3,43
BHMT2,43
BOD1L1,43
BTBD3,43
C2orf74,43
CBLN2,43
CCDC125,43
CCDC187,43
CCDC51,43
CDC16,43
CDC25A,43
CDK15,43
CEBPB,43
CHRNA9,43
CHTOP,43
COMMD1,43
COQ4,43
CTNNAL1,43
DEK,43
DNASE1L2,43
DNASE2,43
DNPH1,43
DUSP16,43
DUSP3,43
ECM1,43
EIF5,43
ERICH6B,43
FAM217A,43
FAM72A,43
FCGR1A,43
FCRL2,43
FYCO1,43
GABARAP,43
GABRA5,43
GFOD2,43
GGTLC1,43
GOLGA8M,43
GPD1,43
GSG1L2,43
GSTK1,43
HLA-F,43
HNF1B,43
HSD17B8,43
IL1RL2,43
ISLR,43
KLF11,43
KYNU,43
LAIR2,43
LRRC47,43
LSM12,43
MANF,43
MAP1LC3A,43
MAP3K8,43
MEA1,43
MEX3A,43
MICU1,43
MKI67,43
MRGBP,43
MTMR8,43
MTPAP,43
MYL7,43
NBPF19,43
NDFIP2,43
NDUFV2,43
NFE2L3,43
NKIRAS1,43
NLRP12,43
NMNAT1,43
NPRL2,43
NR4A3,43
NRN1L,43
NTNG1,43
NUDT3,43
OCIAD2,43
PAFAH2,43
PAQR4,43
PDP1,43
PEX14,43
PHLDA3,43
PIBF1,43
PLEKHF1,43
PLEKHJ1,43
PMS2,43
PON3,43
PRKACB,43
PSMD7,43
PTP4A1,43
PWWP2A,43
QPRT,43
RAB21,43
RAB3C,43
RAD51AP1,43
RAD51C,43
RALGPS2,43
RBBP6,43
RBP1,43
RDH10,43
RFX5,43
RNF115,43
RNF175,43
RNF32,43
RPRD1A,43
RYBP,43
SALL2,43
SCAF4,43
SELP,43
SEMA3E,43
SERP2,43
SIX5,43
SLAMF9,43
SLC16A12,43
SLC17A3,43
SLC27A6,43
SLC30A10,43
SLC36A3,43
SLX1B,43
SLX4,43
SNX17,43
SPDYE3,43
SPON1,43
SRP72,43
SRPRA,43
SRR,43
STK31,43
SULT6B1,43
SUOX,43
SUPT3H,43
SUSD2,43
SYNM,43
TAX1BP1,43
TCP10L,43
TCTN2,43
TESK1,43
TEX14,43
THEM4,43
THSD7B,43
THUMPD2,43
THUMPD3,43
TMEM237,43
TMEM263,43
TMEM37,43
TMEM39B,43
TMEM79,43
TNFAIP1,43
TNFRSF10A,43
TNFRSF4,43
TPSG1,43
TROAP,43
TSEN2,43
TSPAN3,43
TTLL1,43
TTPAL,43
TUBB8,43
TXNDC9,43
UAP1L1,43
UBN2,43
UNC13C,43
UPK3B,43
URB1,43
VAPB,43
VPS37A,43
VSIG1,43
YEATS4,43
ZNF277,43
ZNF394,43
ZNF512B,43
ZNF513,43
ZNF699,43
ZNF721,43
ZNF844,43
ZZZ3,43
ACAA2,42
ACOT6,42
ACTR8,42
ADAM19,42
ADCY8,42
ADIPOR1,42
ALDH8A1,42
APC,42
ARHGDIA,42
ATF7IP2,42
ATG5,42
ATP6V0B,42
AWAT2,42
BATF3,42
BSDC1,42
C14orf39,42
C3orf20,42
CAMSAP2,42
CAV2,42
CCDC141,42
CCDC50,42
CCDC85A,42
CCR10,42
CDH17,42
CENPC,42
CENPV,42
CHMP2A,42
CHRNG,42
CNBD1,42
CPEB3,42
CPNE9,42
CRABP2,42
CRTAM,42
CST3,42
DACT1,42
DAND5,42
DBF4,42
DHX33,42
DNAJC24,42
DTD1,42
EDNRB,42
EFCAB11,42
EFHC2,42
ELMOD2,42
ELOVL6,42
ELOVL7,42
EMC8,42
EMILIN2,42
EPC1,42
ERP29,42
EVC2,42
FAM111A,42
FAM228A,42
FAXC,42
FCMR,42
FOLR1,42
FOXH1,42
FST,42
FTL,42
GABRA6,42
GCC1,42
GDF5,42
GHRL,42
GLYAT,42
GNE,42
GOLT1A,42
GSDMC,42
GSTP1,42
HACD3,42
HAMP,42
HDHD2,42
HHLA2,42
HIF1AN,42
HIVEP2,42
HOXA7,42
IGFBP3,42
INHBB,42
JADE1,42
KBTBD2,42
KCNE3,42
KCTD3,42
KLF10,42
LAS1L,42
LDHB,42
LILRA4,42
LMO3,42
LY96,42
MAN1A2,42
MARCKSL1,42
MCMDC2,42
METTL14,42
MMS22L,42
MZF1,42
NAT14,42
NDFIP1,42
NDNF,42
NDUFAF7,42
NEDD9,42
NFXL1,42
NKAP,42
NKX3-2,42
NYX,42
OPCML,42
PAX7,42
PBXIP1,42
PCIF1,42
PCOLCE2,42
PDCL3,42
PDP2,42
PGLYRP2,42
PIGA,42
PIM2,42
PLD5,42
PLEKHA1,42
POLL,42
POLR2L,42
POU5F1B,42
PPA2,42
PRELID1,42
PRIM1,42
PRSS21,42
PTK6,42
RAB12,42
RAB18,42
RAB4B-EGLN2,42
RAD51,42
RAI2,42
RAP1GDS1,42
RNF138,42
RP1L1,42
RTCB,42
SCAF1,42
SDC2,42
SEPSECS,42
SERBP1,42
SERTAD4,42
SH3RF1,42
SHMT1,42
SIRT5,42
SLC1A4,42
SLC39A8,42
SLC7A11,42
SPDYE2,42
SSC4D,42
STK38,42
STXBP3,42
TCP1,42
TEX26,42
TEX35,42
TEX38,42
TICRR,42
TMEM139,42
TMEM150A,42
TMEM208,42
TMEM240,42
TMEM45A,42
TMEM82,42
TMEM86B,42
TNFAIP8L3,42
TRAFD1,42
TRIM9,42
TRMT61A,42
TRUB2,42
TSPYL2,42
TTC9C,42
TTLL11,42
TUBB4A,42
UBXN7,42
UEVLD,42
UQCR11,42
USO1,42
UTS2,42
VAX2,42
VGLL1,42
VIPR2,42
VTI1A,42
WDR73,42
YPEL5,42
ZCCHC24,42
ZFAND4,42
ZFX,42
ZNF10,42
ZNF347,42
ZNF418,42
ZNF45,42
ZNF639,42
ZNF641,42
ZNF70,42
AAGAB,41
ABCG8,41
ABHD6,41
ACADSB,41
ACOT2,41
ALLC,41
ANKRD7,41
AP3S1,41
AP4B1,41
ARFIP1,41
BAG4,41
BASP1,41
BRD7,41
BTBD8,41
BZW1,41
C14orf93,41
C19orf44,41
C20orf144,41
C2orf81,41
C6orf118,41
CALCB,41
CALML6,41
CATSPER4,41
CCDC180,41
CCL25,41
CCNB1,41
CDC42EP4,41
CDKN1C,41
CFP,41
CISD3,41
CKM,41
CNPY4,41
COL4A4,41
COMTD1,41
COPS5,41
COX6B2,41
CPEB2,41
CRIP3,41
CRYZ,41
CSRP2,41
CWH43,41
CXADR,41
CYB5A,41
CYB5R1,41
CYP27A1,41
DCP1B,41
DDX24,41
DDX5,41
DENND2C,41
DERL1,41
DPH6,41
DQX1,41
DRAP1,41
DSCAM,41
DYNC1I1,41
EBP,41
ECHDC3,41
EFCAB7,41
EFNA5,41
EFS,41
EGR2,41
EI24,41
ENO4,41
ERAL1,41
FAM216A,41
FAM229A,41
FGF23,41
FGFBP2,41
FOLH1,41
FRMD7,41
FSIP2,41
GABRB1,41
GBP2,41
GDAP2,41
GJA5,41
GPR55,41
GPX4,41
GXYLT2,41
HAPLN1,41
HAPLN3,41
HOPX,41
HSD11B2,41
HSD17B7,41
HSD3B7,41
HSPB2-C11orf52,41
HTRA2,41
INAFM1,41
ING4,41
IRX5,41
ITGA4,41
ITGB8,41
KDM7A,41
KIRREL2,41
KLKB1,41
KRTCAP3,41
LMTK2,41
LRP12,41
LRRC2,41
LRRC75B,41
LTK,41
MAL2,41
MALRD1,41
MARVELD1,41
MATN4,41
MED20,41
MEF2A,41
MIER1,41
MIF4GD,41
MLEC,41
MSMP,41
MTDH,41
NAGS,41
NAT16,41
NCAM2,41
NFKBIA,41
NLE1,41
NME5,41
NPIPB8,41
NT5DC1,41
OLFM3,41
ONECUT1,41
ONECUT3,41
OXTR,41
PCDH10,41
PDSS2,41
PFKFB1,41
PHACTR4,41
PIN1,41
POLR3GL,41
PPM1D,41
PPP1R2,41
PRDM12,41
PREB,41
PSMC1,41
PTPRC,41
PYGO2,41
RAB1B,41
RBAK-RBAKDN,41
RBM41,41
RCBTB2,41
REXO2,41
RLBP1,41
SCN11A,41
SCN2A,41
SDC1,41
SFRP4,41
SIGLEC6,41
SIRT3,41
SLC12A2,41
SLC1A1,41
SLC1A5,41
SLC25A11,41
SLC25A19,41
SLC39A6,41
SLC7A6OS,41
SMARCAD1,41
SMURF1,41
SNX13,41
SOX30,41
SPAG6,41
SPAG8,41
SPATA7,41
SUFU,41
SUPT16H,41
SUPV3L1,41
SV2C,41
SWAP70,41
SWI5,41
SYT6,41
SZRD1,41
TBC1D32,41
TEAD3,41
THSD7A,41
TM7SF2,41
TMEM164,41
TMEM98,41
TMX3,41
TOR1A,41
TRIM45,41
TSTD2,41
TUBA3D,41
TUBB,41
TYW1,41
UBQLN1,41
UGGT1,41
USP6NL,41
VPS54,41
VSX1,41
WDFY2,41
YIPF6,41
YOD1,41
ZBTB18,41
ZC3HAV1,41
ZFP2,41
ZMYM6,41
ZNF195,41
ZNF324B,41
ZNF346,41
ZNF398,41
ZNF44,41
ZNF705A,41
ZNF736,41
ZP2,41
ZXDC,41
ABCD3,40
ABTB2,40
ADAMTS19,40
ADCK5,40
ADCYAP1,40
ADGRB3,40
ADH5,40
AKR1B15,40
ALG11,40
ANKRD16,40
ANXA7,40
AP1S1,40
APH1A,40
ARL14EP,40
ARMCX4,40
ATF2,40
ATP13A5,40
AURKB,40
AZI2,40
BCL2L1,40
BLNK,40
BOLA3,40
BOLL,40
BRMS1,40
BST2,40
BTN2A2,40
C16orf86,40
C19orf73,40
C1QL1,40
C1orf141,40
C5AR2,40
CALHM2,40
CAMP,40
CASP6,40
CBLN3,40
CCDC112,40
CCL26,40
CCNB1IP1,40
CCNE2,40
CCNH,40
CD47,40
CDC42SE1,40
CHADL,40
CHST11,40
CHURC1-FNTB,40
CISD1,40
CLIC1,40
CLPX,40
COCH,40
COL19A1,40
CREB3L2,40
CUL1,40
CYP39A1,40
DHODH,40
DLEU7,40
DNAJC5G,40
DPY19L2,40
EDA2R,40
EDARADD,40
EFCAB3,40
EFEMP1,40
EGLN3,40
EIF3CL,40
ELANE,40
ENC1,40
EXOC5,40
FAM118B,40
FAM20B,40
FAM217B,40
FAM76A,40
FCRL4,40
FKBP2,40
FRS2,40
GABRA3,40
GBE1,40
GDPD4,40
GMCL1,40
GMPS,40
GRIA1,40
GRXCR2,40
HAAO,40
HAUS6,40
HBA2,40
HCFC1R1,40
HLA-B,40
HLA-C,40
HLX,40
ID2,40
IKZF2,40
IL13,40
INTS2,40
ISCU,40
KCNJ16,40
KIAA1210,40
KIAA1549L,40
KIAA2012,40
KIF16B,40
KLK6,40
LBH,40
LCTL,40
LNX2,40
LRRC34,40
LYPD4,40
LYPLA1,40
MCTS1,40
MDH1,40
MDM1,40
MET,40
MGAT5,40
MKRN1,40
MLIP,40
MON1B,40
MSRB1,40
MYL12A,40
NEGR1,40
NGFR,40
NICN1,40
NKAIN3,40
NKPD1,40
NOP56,40
NPIPA5,40
NTN4,40
ORC5,40
OSM,40
OTULIN,40
PAWR,40
PCP2,40
PDE6D,40
PDLIM3,40
PLAA,40
PLK4,40
PNMA5,40
POFUT1,40
POMP,40
PPA1,40
PPP1R36,40
PSG5,40
PSME1,40
PTGES2,40
QDPR,40
RAD21,40
RALA,40
RBMS2,40
RILP,40
RING1,40
RLN2,40
RRM2B,40
SCN7A,40
SCO2,40
SCX,40
SDR39U1,40
SFMBT1,40
SIK2,40
SLAMF7,40
SLC25A15,40
SLC25A30,40
SLC52A1,40
SLF2,40
SMIM1,40
SMIM9,40
SMPD1,40
SNTB1,40
SPRTN,40
SRRD,40
STAMBPL1,40
SUGCT,40
SYCE3,40
TAF11,40
TCAIM,40
TCEAL4,40
TEKT1,40
TFEC,40
TMEM116,40
TMEM25,40
TMEM255A,40
TMEM38A,40
TMEM87A,40
TMIGD2,40
TOR2A,40
TREM1,40
TRMT1L,40
TSC22D2,40
TSTD1,40
TVP23B,40
TXK,40
TXLNG,40
TYRP1,40
UBAP1,40
UBL4A,40
UCHL3,40
UPF3A,40
USP6,40
UTY,40
VAMP1,40
VAT1L,40
VPS72,40
WDR17,40
YES1,40
ZBTB8OS,40
ZC3H8,40
ZDHHC2,40
ZDHHC24,40
ZNF101,40
ZNF136,40
ZNF248,40
ZNF275,40
ZNF317,40
ZNF578,40
ZNF599,40
ZNF790,40
ZNF853,40
ADAM32,39
ADGRF3,39
AGFG1,39
AGO3,39
AGTR1,39
ALDH1A1,39
ALKBH6,39
ALPK3,39
ANAPC11,39
ARHGAP5,39
ARHGEF6,39
ASPHD2,39
ATG3,39
ATG4A,39
BMI1,39
BOLA1,39
BRI3BP,39
BTG3,39
BTN2A1,39
C10orf88,39
C11orf65,39
C1QC,39
C1QTNF8,39
CA7,39
CCDC27,39
CCDC63,39
CCSAP,39
CCT5,39
CD300E,39
CEP55,39
CEP70,39
CFAP161,39
CFAP73,39
CHPF,39
CKMT1B,39
CLCA2,39
CNOT4,39
COPG2,39
COPS8,39
COX14,39
CPSF7,39
CPTP,39
CRCP,39
CTRB2,39
CYSRT1,39
DDAH2,39
DEPDC4,39
DLX3,39
DNAH8,39
DUSP2,39
DYDC1,39
DYDC2,39
DYNC1I2,39
DYNLL1,39
EDEM1,39
EDIL3,39
EEFSEC,39
EIF3G,39
EML4,39
ENO1,39
ERRFI1,39
ETS2,39
FAM161B,39
FAM204A,39
FAM81B,39
FBXL17,39
FCGBP,39
FPGT-TNNI3K,39
FUBP1,39
GNGT2,39
GOLGA6L9,39
GOSR1,39
GRM5,39
GRSF1,39
GYPA,39
HCRTR1,39
HERPUD2,39
HSBP1,39
HSD17B10,39
IFT20,39
IL13RA1,39
IL18BP,39
ITGA10,39
ITGA8,39
ITIH6,39
JKAMP,39
JPH1,39
KATNAL1,39
KCNK2,39
KHDC1,39
KLHDC1,39
KXD1,39
L3MBTL2,39
LHFPL3,39
LHFPL4,39
LRCH1,39
LRFN4,39
LRRC59,39
LY6H,39
LYZL6,39
MAFA,39
MANBAL,39
MANSC1,39
MDM2,39
METTL17,39
MEX3C,39
MID2,39
MIOS,39
MLX,39
MOB3B,39
MS4A3,39
NACC1,39
NAPG,39
NDUFA6,39
NDUFAF3,39
NECAP2,39
NFU1,39
NIPAL3,39
NLRP6,39
NMNAT3,39
NTN5,39
NTPCR,39
NUDT5,39
NXF2,39
OPRK1,39
OVCH1,39
OVOL2,39
OXSR1,39
PCK1,39
PDE7B,39
PDHX,39
PHF13,39
PI4K2B,39
PLPPR3,39
PLSCR2,39
PTHLH,39
RAB11A,39
RAB3B,39
RAPH1,39
RBL1,39
RBX1,39
REEP4,39
RETSAT,39
RGCC,39
RPA2,39
SALL4,39
SAMD5,39
SCLT1,39
SCRN1,39
SENP8,39
SERTAD3,39
SETD3,39
SFXN2,39
SH2D5,39
SIM1,39
SIRT4,39
SLC18B1,39
SLCO1B3,39
SLFNL1,39
SNX22,39
SOCS6,39
SPACA5,39
SPOCK3,39
SRSF10,39
SSR2,39
SUMO3,39
TBPL2,39
TES,39
THNSL1,39
THY1,39
TMED3,39
TMEM183A,39
TMEM245,39
TOP2A,39
TP53INP2,39
TP63,39
TRERF1,39
TRIB1,39
TUBB2A,39
UCHL1,39
XPR1,39
ZC2HC1C,39
ZDHHC21,39
ZDHHC6,39
ZFAND2A,39
ZNF181,39
ZNF3,39
ZNF432,39
ZNF580,39
ZNF746,39
ZNF785,39
ZNF800,39
ZNF852,39
ZRSR2,39
ADRA2B,38
ADRM1,38
ANAPC15,38
ANGEL2,38
ANGPTL6,38
ARF3,38
B3GNT5,38
BAG3,38
BCL7A,38
BNIP2,38
C1QTNF7,38
C9orf153,38
CAPS2,38
CCDC170,38
CCL18,38
CDC42EP2,38
CDC73,38
CDCA7,38
CDKAL1,38
CDKN3,38
CETN2,38
CFAP58,38
CLCN4,38
CNN3,38
CNOT6,38
COQ7,38
CSPG4,38
CYB5B,38
DCTN4,38
DCXR,38
DENND1B,38
DEXI,38
DGCR6,38
DLAT,38
DLGAP5,38
DMRT2,38
DPPA4,38
EFHB,38
FH,38
FMO4,38
FNDC4,38
GAN,38
GFY,38
GLOD4,38
GMNC,38
GNA14,38
GNG8,38
GPBAR1,38
GPR39,38
GPRIN2,38
GRPEL1,38
HAX1,38
HDDC2,38
HES4,38
HFM1,38
HLA-DOA,38
HLA-DQB1,38
HS6ST2,38
HYLS1,38
IFI27L1,38
IGFBP7,38
IL10,38
IL1RAPL2,38
IRF2BP2,38
KCNC2,38
KCNJ11,38
KCNS3,38
KCTD11,38
KCTD6,38
KDM5D,38
KIAA0040,38
KIF13B,38
KLF4,38
KNCN,38
KRAS,38
LAX1,38
LIAS,38
LIF,38
LILRA5,38
LMX1B,38
LPGAT1,38
LRAT,38
LRRC4,38
LRRN1,38
LY75-CD302,38
METTL2A,38
MNX1,38
MOGAT3,38
MRRF,38
MUCL1,38
NCBP1,38
NDUFB9,38
NEFH,38
NET1,38
NEURL3,38
NKG7,38
NSFL1C,38
OR11A1,38
ORC6,38
OTOP1,38
OTUD7A,38
PAPSS1,38
PAQR3,38
PCSK2,38
PDPN,38
PHF10,38
PM20D2,38
PNISR,38
PNPT1,38
POTEF,38
PPAT,38
PPP1R3G,38
PPP2R5A,38
PRDX1,38
PRDX6,38
PRKG2,38
PRKRA,38
PSMG1,38
PSPC1,38
PTCD1,38
RAB6B,38
RAMP3,38
RBBP4,38
RCC2,38
RCN2,38
RNF208,38
RNF5,38
RPN2,38
RTN4RL2,38
RUNDC3B,38
RUNX2,38
S100A14,38
SCAND1,38
SCGB3A1,38
SEC23B,38
SEC24A,38
SEMA3C,38
SERPINA10,38
SLC15A1,38
SLC37A4,38
SMYD1,38
SOD3,38
SPACA3,38
SPDYE1,38
SPINK4,38
SPRY3,38
SPRY4,38
STEAP3,38
SYT9,38
TBC1D19,38
TCF24,38
TDRD3,38
TEX11,38
TFAP2C,38
TMEM100,38
TMEM217,38
TMEM235,38
TMEM50A,38
TMEM51,38
TPR,38
TRIM21,38
TSHR,38
TYROBP,38
UFSP1,38
UMPS,38
UPF2,38
USP53,38
VASN,38
VEZF1,38
VPS36,38
WDR49,38
WNT9A,38
XKR8,38
XPOT,38
YWHAH,38
ZBTB21,38
ZHX1,38
ZNF208,38
ZNF440,38
ZNF529,38
ZNF611,38
ZNF644,38
ZNF691,38
ABHD16B,37
ACCSL,37
AIG1,37
AKR1B10,37
ANAPC16,37
ARHGAP31,37
ARL8B,37
ARSB,37
ASB7,37
ATAD1,37
BAX,37
BICD2,37
BMPR2,37
BNIP1,37
BOK,37
BPIFC,37
BYSL,37
C11orf68,37
C1QL4,37
C1QTNF9,37
C3orf52,37
C4BPB,37
CACNG4,37
CAPN14,37
CCDC22,37
CCDC83,37
CCER2,37
CCNK,37
CD300C,37
CD68,37
CDCP1,37
CEACAM16,37
CENPE,37
CEP97,37
CFAP47,37
CFH,37
CHRNA6,37
CKS1B,37
CLDN19,37
CLEC4D,37
CMTM4,37
CNGA4,37
COG1,37
COG2,37
CPA6,37
CRX,37
CTTNBP2NL,37
CTXN1,37
CUL5,37
CYC1,37
DKK2,37
DPH2,37
DRP2,37
DUSP14,37
EFNB3,37
EIF1AD,37
EIF2S1,37
EIF2S3,37
EIF4G2,37
ELK4,37
EPHA8,37
EPX,37
ERICH4,37
ERP44,37
EXOG,37
EXOSC8,37
EXOSC9,37
FAM110B,37
FAM162A,37
FAM171A1,37
FAM25C,37
FAM72B,37
FAM89B,37
FAM90A26,37
FAM98A,37
FBXO5,37
FNDC3A,37
FXYD7,37
GATA6,37
GBGT1,37
GLYATL2,37
GMEB1,37
HBA1,37
HES5,37
HTR3D,37
IDO2,37
IL25,37
IL5RA,37
KIF11,37
KPNA3,37
KRT4,37
LGALS12,37
LRRC18,37
LRTM1,37
LSM4,37
LYL1,37
MAP3K5,37
MAP7D2,37
MCM3,37
MDFIC,37
MOGAT2,37
MON2,37
MOSPD1,37
MSH3,37
NCAPH,37
NDUFB1,37
NDUFB4,37
NEK2,37
NIPSNAP1,37
NKAIN2,37
NKRF,37
NPHP3-ACAD11,37
NR1D1,37
NRARP,37
OAS2,37
P2RY11,37
PAQR6,37
PARD6A,37
PCBD1,37
PCYT1B,37
PGGT1B,37
PGRMC2,37
PIAS1,37
PLA2G1B,37
POPDC3,37
PPP1R14A,37
PRPF6,37
PRSS3,37
RBM18,37
RELL2,37
S100A1,37
SBNO1,37
SDR9C7,37
SERPINB11,37
SERPINC1,37
SH3GL3,37
SIRT1,37
SLC26A3,37
SLC26A8,37
SLC6A18,37
SLC6A7,37
SLC9C2,37
SNAPC1,37
SNCA,37
SOX18,37
SPAM1,37
SPATA17,37
SRD5A2,37
STAU1,37
STK32A,37
SUMF2,37
SUSD6,37
SYNE4,37
TAS1R3,37
TBC1D22A,37
TBL1Y,37
TDP2,37
TIGD3,37
TLX1,37
TMC7,37
TMED5,37
TMEM88,37
TMPO,37
TNFRSF10D,37
TNFRSF11A,37
TPH1,37
TRMT10B,37
TRNP1,37
TSLP,37
TSPAN6,37
TST,37
TUFM,37
UBE2R2,37
UPP1,37
VSIG4,37
WDR55,37
WFIKKN1,37
WRNIP1,37
XPA,37
YAF2,37
YWHAQ,37
ZBTB42,37
ZC3H6,37
ZFP1,37
ZNF318,37
ZNF382,37
ZNF439,37
ZNF442,37
ZNF652,37
ZNF740,37
ZNF766,37
ZNHIT3,37
ACOT13,36
ACP1,36
ACTL8,36
AGBL4,36
AIF1,36
AKR1C2,36
ANGPTL4,36
ANKRD42,36
ARL13A,36
ARL6IP6,36
ASB15,36
AVL9,36
B3GALNT1,36
BEST3,36
BIRC5,36
BRINP1,36
BTG2,36
C19orf25,36
C1GALT1,36
C1orf210,36
C5orf22,36
C8orf74,36
CALCR,36
CAMKMT,36
CASP14,36
CCDC6,36
CCL19,36
CD1D,36
CD58,36
CDNF,36
CFHR5,36
CGNL1,36
CHDH,36
CHMP3,36
CHMP4A,36
CHRNA10,36
CLDN18,36
CNPY2,36
CNTFR,36
COQ10A,36
COX6B1,36
CPA4,36
CPSF2,36
CSNK1G3,36
CSRNP1,36
CT62,36
CXCR6,36
DACH1,36
DCDC2,36
DDX31,36
DRAM2,36
DSTN,36
DUS4L,36
ELAVL3,36
ELF4,36
ELMOD1,36
ERP27,36
FAM110C,36
FAM168A,36
FAM76B,36
FICD,36
FTCDNL1,36
GALT,36
GCNT4,36
GCOM1,36
GLMP,36
GPA33,36
GPR20,36
GTF2H2C,36
GTPBP10,36
HCN2,36
HDC,36
HERC4,36
HINT1,36
HSP90AB1,36
HSPA4,36
HTR5A,36
IDI1,36
IFNAR1,36
IL17RA,36
IL17REL,36
IL2RA,36
IMMT,36
KCNE5,36
KCNH6,36
KCTD5,36
KIF27,36
L3HYPDH,36
LBHD1,36
LEPROTL1,36
LONRF3,36
LRIF1,36
LTN1,36
LYPD6,36
MAP3K1,36
MAP3K2,36
MBIP,36
MIEF2,36
MLANA,36
MMD2,36
MROH8,36
MS4A6A,36
MSRB2,36
MTBP,36
MTHFSD,36
MTIF3,36
MTRF1,36
MYD88,36
MYL9,36
MZT2A,36
NDUFA12,36
NDUFAF1,36
NEIL2,36
NLRP4,36
NLRP5,36
NPTX2,36
NRF1,36
NRIP1,36
NUCKS1,36
OR4N2,36
P4HA1,36
PAN3,36
PARP9,36
PCDH17,36
PCED1B,36
PCMTD1,36
PCP4,36
PDCD1,36
PDK3,36
PEBP1,36
PEF1,36
PIGV,36
PILRB,36
PIM1,36
PNMA2,36
POLR3D,36
PROP1,36
PROX2,36
PRPF39,36
PSIP1,36
PTAR1,36
PTPRB,36
RAB11FIP2,36
RAB7B,36
RABAC1,36
RBM14-RBM4,36
RHOXF1,36
RNPC3,36
RPP25,36
RPUSD1,36
S100Z,36
SAT2,36
SCARA3,36
SCN10A,36
SEC14L3,36
SGMS2,36
SIX4,36
SLAIN1,36
SLC25A46,36
SLC26A2,36
SLC2A4,36
SLC35C1,36
SLC35E4,36
SLF1,36
SLFN12,36
SMIM19,36
SNAI1,36
SNX21,36
SPATA24,36
SPATA32,36
SPATA33,36
STX16,36
SYCP1,36
SYNPO2,36
TACR1,36
TBP,36
TDRD5,36
TFF3,36
TM2D3,36
TM6SF1,36
TMED10,36
TMEM74B,36
TMPRSS7,36
TNFAIP3,36
TNN,36
TRA2A,36
TRIM56,36
TRIT1,36
TSPAN12,36
TSPAN17,36
TTC19,36
TTC29,36
TWIST1,36
VENTX,36
VPS29,36
WDR35,36
WDR54,36
WDR93,36
WTAP,36
XIAP,36
XRCC6,36
ZBTB1,36
ZBTB14,36
ZBTB22,36
ZCCHC4,36
ZFP36,36
ZFPL1,36
ZMYM5,36
ZMYND19,36
ZNF100,36
ZNF20,36
ZNF221,36
ZNF333,36
ZNF446,36
ZNF470,36
ZNF493,36
ZNF561,36
ZNF696,36
ZNF703,36
ZNF836,36
ABHD11,35
ABO,35
ADGRE3,35
ADRA2C,35
AGAP5,35
AGL,35
ALG1,35
ALYREF,35
ANKRD20A1,35
ANKRD36B,35
AP5B1,35
ARG1,35
ARG2,35
ARMCX2,35
ARPP19,35
ASPM,35
ATG14,35
AUNIP,35
BNIP3L,35
BTN3A1,35
BUD13,35
BZW2,35
C1QTNF4,35
C22orf15,35
CACNG8,35
CASR,35
CATSPER3,35
CCDC17,35
CCDC186,35
CCDC42,35
CCDC62,35
CCDC74A,35
CCNT1,35
CDC20,35
CDX1,35
CENPA,35
CEP57L1,35
CHRNA1,35
CHSY3,35
CIB1,35
CLDN11,35
CLRN1,35
CNOT11,35
CNOT6L,35
CNOT7,35
COG3,35
COL15A1,35
COX4I2,35
CRYBG3,35
CSE1L,35
CSRNP2,35
CYB5D2,35
DDX3Y,35
DDX52,35
DEPDC1B,35
DNAJA1,35
DNER,35
DNTTIP2,35
DSG2,35
DUSP1,35
EDN2,35
EIF2A,35
ELP6,35
ENOX2,35
ERAS,35
ERICH3,35
ERICH6,35
EXOC2,35
EZR,35
FAM210A,35
FCHO2,35
FILIP1L,35
FMO5,35
FNBP1L,35
FOXF1,35
FRRS1,35
GALR1,35
GIN1,35
GINS2,35
GPR155,35
GSTA4,35
GSTM4,35
GSTM5,35
GTF2H2,35
HAS3,35
HCN4,35
HEPACAM2,35
HINT2,35
HNRNPDL,35
HOXB2,35
HPS3,35
HS3ST3A1,35
HYKK,35
IARS2,35
IGSF10,35
IL15,35
INSIG2,35
ITGBL1,35
KCNH8,35
KCNK5,35
KCNMB4,35
KCTD18,35
KCTD9,35
KLF5,35
KLHDC10,35
KLHL24,35
KPNA7,35
LAMTOR2,35
LATS2,35
LIG4,35
LRRC57,35
LRRC69,35
LRRC7,35
LRRN4CL,35
LSMEM2,35
LST1,35
MCOLN2,35
MDS2,35
METTL3,35
MMP20,35
MPHOSPH10,35
MPI,35
MTCP1,35
NBPF10,35
NCAPG,35
NIT2,35
NMU,35
NXPH1,35
OPN5,35
OXNAD1,35
P2RY2,35
PCNA,35
PDE3B,35
PET100,35
PHLDA2,35
PINX1,35
PIR,35
PITHD1,35
PLA2R1,35
PON1,35
PPARD,35
PPDPF,35
PPIL1,35
PRRT4,35
PRSS54,35
PTCHD1,35
PTPRA,35
RAB19,35
RAB28,35
RAB5A,35
RANBP9,35
RAP2C,35
RCVRN,35
RHBDL2,35
RNF11,35
RPP14,35
S1PR5,35
SBSN,35
SEC62,35
SERPINB5,35
SERPINE3,35
SFRP5,35
SH3BGRL3,35
SLC16A10,35
SLC17A6,35
SLC22A15,35
SLC39A10,35
SOCS7,35
SPICE1,35
SRGAP2C,35
SSX5,35
ST6GAL2,35
STK16,35
STMND1,35
STRA8,35
SUZ12,35
SYNC,35
TBC1D15,35
TBPL1,35
TGFB1I1,35
TLR1,35
TMED7-TICAM2,35
TMEM106C,35
TMEM119,35
TMEM121,35
TMEM154,35
TMUB2,35
TRIM35,35
TRIM74,35
TRMT112,35
TSPO,35
TTF1,35
TTK,35
UBC,35
UBXN10,35
UGT3A2,35
UNC50,35
UPK3A,35
URAD,35
WFIKKN2,35
XG,35
ZBED4,35
ZBTB8A,35
ZC3HC1,35
ZDHHC23,35
ZNF169,35
ZNF296,35
ZNF30,35
ZNF479,35
ZNF480,35
ZNF625-ZNF20,35
ZNF677,35
ZNF682,35
ZRANB1,35
ZSCAN21,35
A1CF,34
ADAM21,34
ADAMTS14,34
ADCY10,34
AKAP14,34
AMMECR1,34
ANGPTL7,34
ANKRD36,34
APOM,34
ATMIN,34
ATP6V1G2,34
BAZ1B,34
BET1L,34
BHLHE40,34
BHMT,34
BLOC1S2,34
BPY2,34
BTBD6,34
C15orf40,34
CALCA,34
CAMLG,34
CCDC71,34
CCDC82,34
CCK,34
CCL28,34
CD164,34
CDSN,34
CENPH,34
CHRAC1,34
CIDEA,34
CLEC11A,34
CLEC19A,34
CLEC4A,34
CLEC9A,34
CNBD2,34
COMMD4,34
COPS4,34
CPE,34
CRNKL1,34
CSTF3,34
CTSW,34
CUZD1,34
CWF19L2,34
CXCR2,34
CYTIP,34
DAW1,34
DBR1,34
DCP1A,34
DDIT4,34
DEF6,34
DERL2,34
DNAJA2,34
DRAXIN,34
E2F6,34
EDDM3A,34
EFHD2,34
EMC10,34
EMC6,34
EMILIN3,34
EPDR1,34
EPSTI1,34
EVA1B,34
FAM133B,34
FAM200A,34
FAM200B,34
FAM83E,34
FAM90A1,34
FCN3,34
FILIP1,34
FOXJ2,34
GALNT5,34
GFER,34
GGT6,34
GML,34
GNA13,34
GPR153,34
GSTM3,34
HACD2,34
HDHD3,34
HEATR1,34
HEBP2,34
HELB,34
HGF,34
HNRNPR,34
HNRNPU,34
ICAM4,34
IDH2,34
IP6K3,34
IQCC,34
JPH2,34
JUND,34
KCNJ6,34
KCNU1,34
KDM1B,34
KLHL15,34
KNSTRN,34
LACTB,34
LCN15,34
LEMD3,34
LEO1,34
LPAR1,34
LPAR3,34
LRFN3,34
LSM14B,34
LYNX1,34
LYPD8,34
MARVELD2,34
MICU3,34
MIF,34
MINPP1,34
MKRN2OS,34
MKX,34
MORN3,34
MOSPD2,34
MRGPRF,34
MTRF1L,34
NABP2,34
NBPF20,34
NCBP2L,34
NDUFS1,34
NHLH1,34
NHP2,34
NPPA,34
NR1H4,34
NUBP2,34
NUDT7,34
NUF2,34
NXF5,34
NXPE1,34
OARD1,34
OLR1,34
OSCAR,34
PAICS,34
PHF2,34
PIGH,34
PLAU,34
PLEKHA8,34
PLIN4,34
PLPP1,34
PNMA6A,34
PNRC2,34
PPP1R3B,34
PPP4R2,34
PRB2,34
PRKRIP1,34
PROSER2,34
PRPF31,34
PRR29,34
PSRC1,34
PTGES3L-AARSD1,34
PTPN14,34
PXDNL,34
PZP,34
R3HCC1L,34
RABL3,34
RASD2,34
RDH5,34
REM1,34
RGS5,34
RIOK1,34
RNASE4,34
RPP21,34
RTN4RL1,34
SCAMP3,34
SCYL3,34
SERHL2,34
SERINC5,34
SERPINA9,34
SERPINB7,34
SH3GLB1,34
SLC13A2,34
SLC25A1,34
SLC25A32,34
SLC2A13,34
SLC35A3,34
SLC36A2,34
SLC6A19,34
SLU7,34
SMARCA5,34
SMKR1,34
SNIP1,34
SP1,34
SRBD1,34
STAR,34
STK17B,34
STRAP,34
TEX10,34
TEX28,34
TFCP2,34
TIFA,34
TIPIN,34
TMBIM4,34
TMEM182,34
TMEM198,34
TMEM38B,34
TNFSF11,34
TOB1,34
TOB2,34
TOMM20,34
TPPP,34
TRIM52,34
TRIP11,34
TRMT13,34
TRMT2B,34
TRNAU1AP,34
TRPM6,34
TYMS,34
UBXN1,34
UNC5B,34
UPF3B,34
UQCC3,34
VIM,34
VKORC1,34
VSIG2,34
VSTM5,34
WARS2,34
WNT3A,34
YIPF4,34
YKT6,34
YPEL3,34
ZNF12,34
ZNF135,34
ZNF215,34
ZNF32,34
ZNF429,34
ZNF524,34
ZNF91,34
ZPR1,34
ACBD3,33
ACTC1,33
ACTN3,33
ADAMTS20,33
ADAMTS3,33
ADH7,33
AFF2,33
AK3,33
ALDH9A1,33
ANKRA2,33
ANKRD31,33
ANKRD33B,33
ANKRD34A,33
ANXA13,33
AP3M1,33
AP4E1,33
APBB1IP,33
APOBR,33
APOC1,33
APOL4,33
ARID5B,33
ATP6V0E2,33
B4GALT2,33
BET1,33
BIVM-ERCC5,33
BRWD3,33
BTAF1,33
C11orf58,33
C1orf50,33
C2orf80,33
C6orf52,33
CA13,33
CAND1,33
CBY1,33
CCL22,33
CCNC,33
CCNI2,33
CD274,33
CD3D,33
CD3E,33
CD93,33
CDPF1,33
CEND1,33
CENPO,33
CEP126,33
CEP162,33
CFAP36,33
CGGBP1,33
CHP1,33
CINP,33
CLDN9,33
CLEC3A,33
CLEC5A,33
CNFN,33
COL3A1,33
CRABP1,33
CRYBB2,33
CX3CR1,33
CXCR4,33
DLX1,33
DNAH6,33
DNAJC5B,33
DUSP4,33
ECHS1,33
EDNRA,33
EEF2K,33
EGR1,33
ERGIC2,33
FAF1,33
FAM199X,33
FAM25A,33
FBP1,33
FBXO34,33
FCRL3,33
FMOD,33
FOXA3,33
FPR1,33
GATC,33
GEMIN6,33
GIPC2,33
GMPPB,33
GNPDA2,33
GORASP2,33
GOT1,33
GRIN3B,33
HBD,33
HCN1,33
HHEX,33
HIPK4,33
HMGN2,33
HNRNPD,33
HPCAL4,33
HS3ST5,33
HSPA12B,33
HSPB9,33
HSPBAP1,33
IFI44L,33
IFITM2,33
IL18RAP,33
INO80D,33
INSIG1,33
IRX1,33
ISG20L2,33
JAKMIP2,33
JUNB,33
KCNG3,33
KCNJ1,33
KCNJ3,33
KIFAP3,33
KLHL10,33
KLK12,33
KLK5,33
LAMP3,33
LGI3,33
LHX8,33
LRPAP1,33
LSM5,33
LYG1,33
LYVE1,33
MALSU1,33
MANEAL,33
MARVELD3,33
MATN3,33
MEIOC,33
MGAM2,33
MOGS,33
MRGPRX3,33
MXD1,33
MYBL1,33
MYBPH,33
N4BP3,33
NAT2,33
NFKBIL1,33
NLRC4,33
NME3,33
NOX4,33
NRK,33
OCEL1,33
OGFRL1,33
OST4,33
OTUB1,33
OTUB2,33
PCBD2,33
PCGF1,33
PCYOX1L,33
PDZRN4,33
PFDN6,33
PHGR1,33
PIM3,33
PIN4,33
PLA2G12A,33
PLEKHA3,33
POLI,33
PPID,33
PRIMA1,33
PRMT9,33
PSMD14,33
PTBP3,33
PTGIR,33
RAB1A,33
RAB9B,33
RBM34,33
RCE1,33
RFTN2,33
RFX8,33
RHD,33
RNF114,33
ROPN1L,33
RPGRIP1L,33
RRP9,33
RXFP1,33
SEC11A,33
SEMA3A,33
SERPINB12,33
SIGLEC10,33
SLC35A1,33
SLC9B2,33
SLCO5A1,33
SMAD9,33
SPATA2L,33
SPCS1,33
SPOPL,33
SRGAP2B,33
SRSF3,33
TAF7L,33
TAGAP,33
TASP1,33
TBRG1,33
TBX10,33
TBX2,33
TCN1,33
TET1,33
TEX22,33
THEM6,33
TIMM17A,33
TM4SF1,33
TMA16,33
TMEFF2,33
TMEM14B,33
TMEM171,33
TMEM70,33
TMEM97,33
TMSB15B,33
TNF,33
TOR3A,33
TPRG1L,33
TPT1,33
TRIM17,33
TRIM39,33
TRIM68,33
TTI2,33
UBE2S,33
UCHL5,33
UGCG,33
VPS37C,33
VPS4B,33
VSTM4,33
WDHD1,33
WDR44,33
WNK3,33
YIPF3,33
YTHDC1,33
YTHDF2,33
ZBTB49,33
ZDHHC4,33
ZFP36L2,33
ZMYND12,33
ZNF117,33
ZNF197,33
ZNF251,33
ZNF280B,33
ZNF287,33
ZNF397,33
ZNF408,33
ZNF460,33
ZNF774,33
ZPLD1,33
ABCE1,32
ABHD4,32
ABI1,32
ACKR1,32
ACYP1,32
ADAM18,32
ADH4,32
AMIGO1,32
AMMECR1L,32
ANKHD1-EIF4EBP3,32
ANKRD2,32
ANO6,32
ARF5,32
ARID3C,32
ARL17A,32
ART1,32
ASB4,32
ATP6V1G1,32
B3GALT4,32
BANK1,32
BRINP3,32
C16orf92,32
C1orf87,32
C6orf62,32
CAMK1D,32
CD55,32
CD84,32
CDH6,32
CDKN2C,32
CIDEC,32
CLN5,32
CNPPD1,32
COQ2,32
COQ3,32
CPSF4L,32
CRLF2,32
CST6,32
CTAG2,32
CTSL,32
CYP1A1,32
CYP2C8,32
CYS1,32
DAGLA,32
DDR2,32
DDX43,32
DOK5,32
DPRX,32
DSN1,32
DUSP28,32
ECT2L,32
EIF2B2,32
EIF3M,32
EIF4E,32
EMC9,32
EPHA6,32
ESCO1,32
F3,32
FAM161A,32
FAM177A1,32
FAM78B,32
FBXL8,32
FBXO22,32
FBXO7,32
FGF22,32
FSHR,32
FSTL5,32
GALR3,32
GATA5,32
GLRX,32
GOLGA4,32
GOT1L1,32
GOT2,32
GPANK1,32
GPATCH4,32
GPRIN1,32
GRIA4,32
GRM1,32
GSTT2B,32
HAUS2,32
HENMT1,32
HMSD,32
HNRNPA3,32
HSDL2,32
HSPB1,32
HYI,32
IL17RB,32
IL18R1,32
INA,32
IQCJ-SCHIP1,32
IRAK1BP1,32
IRX6,32
ITGB1BP2,32
KCNA7,32
KCNK15,32
KIAA0825,32
KIF20A,32
KLHL12,32
KLHL30,32
LANCL1,32
LDHD,32
LEKR1,32
LENG9,32
LMBRD2,32
LRRN4,32
LYPD3,32
MAGOH,32
MAP1LC3B2,32
MAPK14,32
MED1,32
MED10,32
MEDAG,32
MELK,32
METTL4,32
MYPOP,32
NAB1,32
NAT8L,32
NDUFAF2,32
NDUFB8,32
NEUROD2,32
NOBOX,32
NOCT,32
NYAP2,32
OBP2A,32
OGG1,32
OXT,32
PAFAH1B2,32
PAFAH1B3,32
PAQR8,32
PCDH9,32
PCMT1,32
PDE1A,32
PFDN5,32
PGAM2,32
PGM2,32
PHYHIPL,32
PNLIPRP1,32
PNPLA5,32
POLR3K,32
POP1,32
PPP1R15A,32
PRAP1,32
PRDX5,32
PRPS2,32
PRR11,32
PTER,32
PTGES3,32
PTGFRN,32
PYCARD,32
RAET1G,32
RALYL,32
RASA2,32
RBM22,32
RBM26,32
RBM4B,32
RGPD1,32
RGS7BP,32
RHOA,32
RIMS4,32
RNASEK,32
RND2,32
RNF135,32
RP9,32
RPP30,32
RPUSD4,32
RRP1B,32
RRP8,32
S100A11,32
S100A6,32
SASH3,32
SERINC4,32
SERPIND1,32
SLC14A2,32
SLC25A17,32
SLC25A21,32
SLC25A40,32
SLC27A4,32
SLC2A6,32
SLC35A5,32
SLC35G5,32
SLC39A9,32
SLC7A13,32
SLFN13,32
SOCS1,32
SOCS3,32
SPATA18,32
SPHKAP,32
SPIN1,32
SPINK5,32
STAC2,32
SUCLG2,32
SYNGR2,32
SYT10,32
TARM1,32
TBX21,32
TCTN3,32
TDRKH,32
THUMPD1,32
THYN1,32
TMED1,32
TMEM151A,32
TMEM179,32
TMEM19,32
TMEM220,32
TMEM258,32
TMEM26,32
TMF1,32
TMX4,32
TNFSF8,32
TOR1B,32
TPBGL,32
TPRKB,32
TRAPPC1,32
TRIM67,32
TRIQK,32
TSN,32
UBL5,32
UNC45B,32
USP38,32
VAMP3,32
VAMP7,32
VEGFC,32
VMO1,32
WDR76,32
YTHDF1,32
ZACN,32
ZBTB12,32
ZBTB40,32
ZC4H2,32
ZCRB1,32
ZFP91-CNTF,32
ZNF146,32
ZNF212,32
ZNF260,32
ZNF350,32
ZNF445,32
ZNF490,32
ZNF620,32
ZNF74,32
ZSCAN2,32
ZSCAN25,32
ABCG5,31
ADM,31
AHR,31
ANKRD39,31
ANKRD65,31
APOA1,31
APPL1,31
ARRDC3,31
ATF5,31
AURKC,31
BMP2K,31
BPGM,31
BTBD9,31
BTC,31
BTN3A2,31
BTRC,31
C12orf57,31
C18orf54,31
C1QA,31
C1orf74,31
C4orf17,31
C7orf25,31
CCM2L,31
CCNO,31
CCT8,31
CD160,31
CD1E,31
CD27,31
CEACAM4,31
CEACAM8,31
CEP78,31
CFAP77,31
CGRRF1,31
CHCHD7,31
CHIA,31
CHST3,31
CHST9,31
CIART,31
CNNM1,31
COMMD10,31
CREB3,31
CSNK2B,31
CTHRC1,31
CUTC,31
CYB5D1,31
CYP2D6,31
DAZL,31
DBF4B,31
DDX20,31
DHRS4,31
DHRS7C,31
DPT,31
DYNLL2,31
E2F1,31
EPHX3,31
ERLEC1,31
FABP5,31
FAM167B,31
FAM169A,31
FHIT,31
FOSL1,31
FREM2,31
FUT2,31
FZD10,31
GAL3ST2,31
GBP3,31
GBP5,31
GDF11,31
GDF7,31
GDPD1,31
GEM,31
GIPC3,31
GJA4,31
GNG3,31
GNPNAT1,31
GPRASP1,31
GSTM2,31
HACD1,31
HEY2,31
HIRIP3,31
HOMER1,31
HORMAD2,31
HSD17B1,31
HSPA1L,31
HSPA4L,31
HTRA3,31
ITM2B,31
LAMP2,31
LENG1,31
LIN7A,31
LIN7B,31
LRP1B,31
LRRC10B,31
LRRN2,31
LTA,31
LYPD1,31
LYRM1,31
MAPK7,31
MASTL,31
MED30,31
MFAP1,31
MLF1,31
MPC1,31
MTFR2,31
NDUFA13,31
NDUFB5,31
NEU1,31
NEURL2,31
NMD3,31
NOB1,31
NPFFR2,31
NPIPB15,31
NPM3,31
NRSN1,31
ORC3,31
ORMDL1,31
OSBP,31
OTP,31
PCDH20,31
PKIA,31
PLAG1,31
PLK2,31
PLTP,31
PNMA3,31
PNRC1,31
POLR2C,31
POLR2I,31
POMGNT2,31
PPP1R15B,31
PPP1R35,31
PPTC7,31
PREX2,31
PRLHR,31
PRRX2,31
PSPH,31
PTCD2,31
PYGO1,31
RAB10,31
RAB42,31
RAET1L,31
RBKS,31
RBMX2,31
RBP7,31
REEP3,31
REM2,31
REST,31
RHOD,31
ROPN1,31
ROR1,31
RPL17-C18orf32,31
S1PR3,31
SAC3D1,31
SAXO1,31
SCUBE3,31
SELPLG,31
SETD1B,31
SH3BGRL2,31
SHISA4,31
SHPK,31
SLC10A3,31
SLC17A1,31
SLC18A2,31
SLC35F3,31
SLC44A1,31
SLC7A2,31
SLFN14,31
SLX4IP,31
SMAP1,31
SMARCA1,31
SMIM14,31
SNAP29,31
SOAT2,31
SOCS5,31
SPACA7,31
SPATC1,31
SPRY2,31
ST6GALNAC5,31
SURF1,31
TBC1D7,31
TBX22,31
TDG,31
TEX30,31
TIMM21,31
TIPARP,31
TMCO1,31
TMEM147,31
TMEM179B,31
TMEM221,31
TMPRSS13,31
TNFAIP8L1,31
TRAF6,31
TREX2,31
TRIM44,31
TRIML1,31
TRMO,31
TRPC1,31
TRPV5,31
TUBB4B,31
TWIST2,31
UBA6,31
UBE2F-SCLY,31
UGT8,31
WHAMM,31
WTIP,31
XKRX,31
ZFP14,31
ZNF133,31
ZNF142,31
ZNF250,31
ZNF345,31
ZNF461,31
ZNF546,31
ZNF589,31
ZNF616,31
ZNF649,31
ZNF679,31
ZNF768,31
ZNF84,31
ZNF85,31
ABCB7,30
ACAT2,30
ACBD6,30
ACMSD,30
ACTR6,30
ACVR1C,30
ADGRG7,30
AGA,30
ANGPT4,30
ANKRD45,30
AP1AR,30
APOL6,30
ARL13B,30
ARL16,30
ASB6,30
ASGR2,30
ASTL,30
ASTN1,30
ATG12,30
B3GNT3,30
BANF1,30
BEND6,30
BMP8A,30
BMPR1A,30
BOLA2,30
C15orf62,30
C3orf62,30
CADM3,30
CASP1,30
CASP3,30
CBLN1,30
CD177,30
CD248,30
CD2BP2,30
CDC40,30
CDH10,30
CDK5R1,30
CDKN1A,30
CEL,30
CHAC1,30
CHMP2B,30
CISH,30
CMTM5,30
COMMD9,30
COPB1,30
COPS6,30
COX15,30
CREB3L4,30
CREBZF,30
CTRC,30
CYP2A13,30
CYP4X1,30
DDX18,30
DEPTOR,30
DIMT1,30
DIO1,30
DMRT1,30
DNAJC1,30
DSC3,30
DXO,30
DYNC1LI1,30
EAPP,30
EIF5A,30
ENY2,30
ERVW-1,30
FAM131C,30
FAM221B,30
FCGR3B,30
FHDC1,30
FLT3,30
FMO3,30
FRK,30
FSD1L,30
GABPA,30
GADL1,30
GALM,30
GDF6,30
GEMIN2,30
GEMIN4,30
GINM1,30
GLRB,30
GNAQ,30
GOLIM4,30
GPATCH11,30
GPATCH2,30
GPR19,30
GRM3,30
GZMM,30
HCST,30
HESX1,30
HLA-DRB1,30
HMCES,30
HMGN1,30
HSPA8,30
IER5L,30
IFI44,30
IGLL1,30
IL24,30
KBTBD12,30
KCNE2,30
KCNK3,30
KCNRG,30
KCNT2,30
KIF24,30
KRT6A,30
LATS1,30
LIN52,30
LMNB1,30
LMO4,30
LOXL4,30
LRR1,30
LRRC17,30
LYSMD2,30
MBLAC1,30
MED23,30
MEX3B,30
MFAP4,30
MGARP,30
MKKS,30
MMP26,30
MSL2,30
MT1G,30
MYNN,30
MYOT,30
NCR1,30
NEDD8,30
NELFB,30
NME6,30
NOP16,30
NT5C,30
OOEP,30
OTOGL,30
OTOP3,30
OXER1,30
OXSM,30
PANK1,30
PCED1A,30
PDGFD,30
PDK4,30
PGLYRP3,30
PITX3,30
POLR3G,30
PPM1K,30
PPP1R3E,30
PRDM14,30
PRKAB2,30
PRKCA,30
PRR13,30
PRRC1,30
PSENEN,30
PTGIS,30
PTGR1,30
RAB3A,30
RAB4A,30
RASEF,30
RBP4,30
RCAN2,30
RDH11,30
RERG,30
REXO4,30
RGL1,30
RNF139,30
RNF187,30
ROPN1B,30
RUNDC1,30
SAMD1,30
SAP18,30
SARNP,30
SCML1,30
SEC22B,30
SELL,30
SESN2,30
SETD6,30
SIT1,30
SLC10A7,30
SLC16A9,30
SLC22A25,30
SLC22A6,30
SLC24A3,30
SLC30A2,30
SLC35G2,30
SLC35G6,30
SMC1B,30
SMG8,30
SMPD2,30
SNAI3,30
SNCB,30
SNN,30
SNRNP25,30
SNRNP27,30
SOX12,30
SPDEF,30
SPDYE16,30
SPINK9,30
SPP1,30
SRSF2,30
SSNA1,30
SSX3,30
SUMF1,30
TAF5,30
TCEAL3,30
TEKT4,30
TM2D2,30
TMEM150C,30
TMEM168,30
TMEM191B,30
TMEM192,30
TMEM9B,30
TMOD2,30
TOMM7,30
TRAPPC4,30
TRDMT1,30
TRIM46,30
TSPAN8,30
TSSK4,30
UBALD1,30
UBE2D1,30
UBE2G2,30
UHMK1,30
USP16,30
VAPA,30
WDR83OS,30
WSB1,30
XCR1,30
XKR7,30
YPEL1,30
ZBTB39,30
ZC3H12C,30
ZDBF2,30
ZNF230,30
ZNF233,30
ZNF37A,30
ZNF471,30
ZNF497,30
ZNF555,30
ZNF566,30
ZNF576,30
ZNF615,30
ZNF621,30
ZNF648,30
ZNF77,30
ZNF843,30
ZNF865,30
ZSCAN1,30
AADAT,29
ABCB5,29
ACBD5,29
ACTA1,29
ADAMTS1,29
ADGRG4,29
AIDA,29
AIPL1,29
ALAS2,29
AMER3,29
AMIGO3,29
AMN1,29
AP5S1,29
ARL5A,29
ASPA,29
ATG101,29
ATP6V1F,29
B2M,29
B3GNT4,29
B4GALNT2,29
BCCIP,29
BDH2,29
BLACE,29
BNC1,29
BOD1,29
BPNT1,29
BRAP,29
C1orf122,29
C1orf174,29
C1orf216,29
C2CD4D,29
C4orf51,29
C6orf132,29
CAAP1,29
CAMK2N2,29
CCDC148,29
CCDC90B,29
CD24,29
CD52,29
CD7,29
CD86,29
CDV3,29
CEBPA,29
CERS6,29
CHCHD4,29
CHGB,29
CHST13,29
CILP,29
CKAP2L,29
CLEC17A,29
CLNK,29
COA5,29
COPB2,29
COX19,29
COX20,29
CPSF6,29
CRB3,29
CRISP1,29
CSTB,29
CYP2J2,29
CYP2R1,29
CYSTM1,29
DCP2,29
DEDD,29
DLD,29
DMRT3,29
DOCK3,29
EEF1B2,29
EGFL6,29
EIF3A,29
ELF1,29
ELK1,29
EXD1,29
EXOC3L2,29
FAIM,29
FANCB,29
FBXL3,29
FBXO36,29
FGFR1OP2,29
FOS,29
FOXD2,29
FOXL1,29
GABRA1,29
GAD2,29
GCA,29
GCHFR,29
GDPGP1,29
GEN1,29
GGPS1,29
GLTP,29
GOLGA8T,29
GPR137C,29
GPR158,29
GPR179,29
GPRASP2,29
GREM1,29
GSR,29
GSTCD,29
HCRT,29
HIBADH,29
HLA-DOB,29
HMGCLL1,29
HNF4G,29
HNRNPA1,29
HNRNPA2B1,29
ID3,29
ITLN1,29
JMJD4,29
KCNH4,29
KCNK18,29
KCTD16,29
KDR,29
KHDRBS1,29
KIF18A,29
KLF3,29
KLHDC9,29
LGALS2,29
LPXN,29
LRRC14B,29
LRRC73,29
LY6E,29
LY6K,29
MAGEB1,29
MED8,29
METAP2,29
METTL21C,29
METTL5,29
MILR1,29
MMP1,29
MND1,29
MRI1,29
MT3,29
MUSK,29
NANOG,29
NDUFB11,29
NGF,29
NIM1K,29
NMB,29
NME4,29
NOG,29
NOXA1,29
NPB,29
NPPC,29
NR2C2AP,29
NRM,29
NRTN,29
OBP2B,29
ODF4,29
OR51E2,29
OVCH2,29
PAIP1,29
PALMD,29
PANK3,29
PCGF6,29
PCYOX1,29
PDCD2,29
PEX11B,29
PFDN2,29
PLA2G2A,29
PLEK,29
PLPPR4,29
PLSCR4,29
PMVK,29
POLR3B,29
PPIF,29
PROKR1,29
PRPF4,29
PRR34,29
PSMA5,29
PSMB4,29
RASA1,29
RGS9BP,29
RILPL2,29
RNF2,29
RXRG,29
SCAF8,29
SCD,29
SCRN3,29
SF3B4,29
SHISA6,29
SIVA1,29
SKOR2,29
SLBP,29
SLC13A1,29
SLC17A5,29
SLC25A24,29
SLC29A2,29
SLC33A1,29
SLC35E3,29
SLC35G3,29
SLC36A4,29
SLC46A2,29
SLK,29
SMAGP,29
SNAPC5,29
SRF,29
ST20-MTHFS,29
STAM2,29
STXBP4,29
SUN5,29
SYK,29
TAF10,29
TAF1B,29
TAT,29
TCEAL7,29
TFAP2D,29
TINF2,29
TLCD2,29
TLR2,29
TMEM14C,29
TMEM30A,29
TMEM69,29
TPSD1,29
TRIM23,29
TRIM63,29
TUBG1,29
UBE2C,29
UGDH,29
USH2A,29
VSTM2B,29
VTI1B,29
WASF3,29
WDR47,29
WNT2,29
XBP1,29
XIRP2,29
XRCC2,29
ZC3H12B,29
ZC3H15,29
ZER1,29
ZFAND5,29
ZFY,29
ZNF155,29
ZNF200,29
ZNF24,29
ZNF266,29
ZNF367,29
ZNF436,29
ZNF606,29
ZNF629,29
ZNF672,29
ZNF678,29
ZNF771,29
ZSCAN29,29
ZSWIM5,29
A3GALT2,28
ACADS,28
ACSM4,28
ADAM23,28
AFP,28
ALG14,28
ALOX15B,28
ALX4,28
APOBEC3C,28
ARHGAP18,28
ARHGEF35,28
ARSF,28
ASB14,28
AURKAIP1,28
BCAP29,28
BPIFB2,28
BTBD17,28
BTBD18,28
C5orf52,28
C6orf141,28
CAV1,28
CBX2,28
CCDC127,28
CCDC184,28
CCDC34,28
CCNG2,28
CCRL2,28
CD300A,28
CDA,28
CEP44,28
CLDN1,28
CLDN4,28
CLEC4F,28
CLIC4,28
CLIC6,28
CNTNAP5,28
COL24A1,28
COL6A5,28
COL8A1,28
CRKL,28
CROT,28
CYP3A7-CYP3A51P,28
DCTPP1,28
DCUN1D5,28
DMRTB1,28
DNAL1,28
DNLZ,28
DPH5,28
DR1,28
DUT,28
EIF1,28
EIF4EBP3,28
ENHO,28
ERVK3-1,28
FABP12,28
FAM209A,28
FAM219A,28
FAM3C,28
FASTKD2,28
FGD1,28
FOLR2,28
FPR3,28
FZD5,28
GADD45G,28
GATA1,28
GJB2,28
GLP1R,28
GMNN,28
GOLGA7B,28
GPR3,28
GPR62,28
GSTA1,28
HAND2,28
HAVCR1,28
HEATR9,28
HEMGN,28
HES1,28
HES7,28
HIGD1B,28
HLA-A,28
HMGCS1,28
HTR6,28
IFT57,28
IKZF3,28
IL31RA,28
IRF4,28
IRGQ,28
ITPKB,28
IYD,28
KCMF1,28
KCNK12,28
KCNMB1,28
KIF5B,28
KLHL6,28
LAPTM4A,28
LDAH,28
LEUTX,28
LILRA6,28
LIMS3,28
LIPG,28
LRRC38,28
LYAR,28
LYSMD4,28
MAFB,28
MAL,28
MAVS,28
MLLT11,28
MMACHC,28
MMP24,28
MMRN1,28
MOBP,28
MOSPD3,28
MRAP2,28
MSC,28
MSMB,28
MYBPC3,28
MYCL,28
NABP1,28
NDC80,28
NDUFB10,28
NEFM,28
NIPAL1,28
NPC1L1,28
NPPB,28
NSUN6,28
NUP210L,28
NUP37,28
NUP43,28
PABPN1,28
PATL1,28
PDE3A,28
PDIK1L,28
PENK,28
PGBD2,28
PLEKHD1,28
PLPPR5,28
PPP1R17,28
PPP1R9A,28
PRNP,28
PROB1,28
PRRG2,28
PRSS57,28
PTH2R,28
PWP1,28
RAMP1,28
RBM3,28
RBP2,28
RERGL,28
RFC3,28
RFX6,28
RFXAP,28
RRAGD,28
SAGE1,28
SAMD7,28
SEC14L4,28
SLC25A5,28
SLC2A7,28
SLC35B2,28
SLC35F1,28
SLC46A3,28
SLC51B,28
SNRPD2,28
SNRPD3,28
SNW1,28
SP4,28
SPI1,28
SPRYD7,28
SRSF7,28
SSX2,28
SSX2B,28
ST6GALNAC3,28
STS,28
STX11,28
SVOP,28
SYDE2,28
TAC4,28
TGDS,28
TLR3,28
TMEM115,28
TMEM132D,28
TMEM202,28
TMEM205,28
TMPRSS15,28
TMTC2,28
TOR1AIP1,28
TRDN,28
TRPC7,28
TSGA10IP,28
TSPAN11,28
TUBG2,28
UBA3,28
UBXN2B,28
UGT3A1,28
UPK1A,28
UQCR10,28
UTP23,28
VKORC1L1,28
VSTM2L,28
WDR5,28
WDR53,28
WDR77,28
WNT8A,28
WWC3,28
YME1L1,28
ZBED3,28
ZDHHC12,28
ZKSCAN5,28
ZNF16,28
ZNF182,28
ZNF284,28
ZNF570,28
ZNF654,28
ZNF680,28
ZNF737,28
ZSCAN4,28
ABCA12,27
ABHD15,27
ACADL,27
ACTA2,27
ADAMTS5,27
AGMAT,27
AGXT2,27
AKAP3,27
ANKLE1,27
ANKRD34B,27
ANKRD35,27
ANKRD46,27
AP1S2,27
APLNR,27
APOA4,27
ATRAID,27
B3GLCT,27
B4GAT1,27
BEST4,27
BTBD7,27
C10orf71,27
C11orf96,27
C1orf56,27
C6orf89,27
C9orf152,27
C9orf50,27
C9orf57,27
CACNG1,27
CACNG2,27
CAV3,27
CBX1,27
CCDC122,27
CCDC15,27
CCL23,27
CCNT2,27
CD180,27
CD40LG,27
CEMP1,27
CHTF8,27
CHUK,27
CITED4,27
CMBL,27
CNRIP1,27
COA4,27
CSF3,27
CSRP3,27
CTH,27
CXCL11,27
CXorf58,27
CYP4Z1,27
DARS2,27
DCK,27
DDN,27
DEFB108B,27
DET1,27
DHH,27
DOLK,27
DPM2,27
DTYMK,27
DUSP26,27
DUSP6,27
EBAG9,27
EDF1,27
EEF1E1,27
ENKUR,27
EPB41L4B,27
EPHX4,27
EREG,27
ETHE1,27
FAHD1,27
FAM120AOS,27
FAM8A1,27
FBXL7,27
FBXW12,27
FCGR2B,27
FNDC7,27
FOXC1,27
FRG1,27
FZD2,27
GADD45B,27
GFM2,27
GJB3,27
GOLGA8J,27
GPR139,27
GRWD1,27
GSC,27
GSG1,27
GTF2H5,27
GYS2,27
HABP4,27
HACD4,27
HARS2,27
HEY1,27
HRG,27
HS2ST1,27
HSPA2,27
HSPBP1,27
HSPH1,27
HTATIP2,27
HTR1F,27
HTR3B,27
IFI27L2,27
IFNLR1,27
IGFBP4,27
IGFBP5,27
IL17D,27
IL5,27
IL6,27
IMPA1,27
INSRR,27
IQUB,27
ITIH2,27
ITM2A,27
ITPRIPL1,27
KCNF1,27
KCNK17,27
KCNK6,27
KCTD8,27
KIF3B,27
KLF2,27
KLHDC3,27
KLHL28,27
KLHL33,27
KLRC2,27
LAMTOR5,27
LBP,27
LGI2,27
LOX,27
LRRC25,27
LRRC46,27
LSM2,27
MAD2L1,27
MAX,27
MCHR1,27
MED29,27
MED7,27
MEGF9,27
MEP1B,27
METTL15,27
MON1A,27
MPZL2,27
MRAP,27
MRM1,27
MROH9,27
MS4A14,27
MS4A4E,27
MS4A6E,27
NAA30,27
NAALAD2,27
NAGA,27
NDOR1,27
NDUFC2-KCTD14,27
NID1,27
NOTO,27
NOX1,27
NPY1R,27
NUDT18,27
NUDT9,27
NUP62CL,27
OLIG1,27
ORAI1,27
P2RX5-TAX1BP3,27
PCDH11X,27
PCP4L1,27
PDRG1,27
PEX2,27
PEX3,27
PGAM1,27
PIGW,27
PIK3CG,27
PIK3IP1,27
PKLR,27
PLD6,27
PLPP5,27
PNLDC1,27
POLR1E,27
POP5,27
PPP1CB,27
PPP4C,27
PRAMEF6,27
PRKAA2,27
PRMT3,27
PRR18,27
PSG9,27
PSKH2,27
PSMB2,27
PSMB8,27
RAB22A,27
RAB39A,27
RASSF10,27
RBM11,27
RBMY1J,27
RIOK2,27
RIPK2,27
RIPPLY3,27
RNF152,27
RPP25L,27
RSPH9,27
RSPO1,27
RSPO4,27
RTP4,27
S100A10,27
S100B,27
SAP130,27
SAPCD2,27
SCD5,27
SCGB3A2,27
SDC4,27
SDF2L1,27
SDHAF1,27
SEC11C,27
SERINC3,27
SH3RF3,27
SIX2,27
SKIDA1,27
SLC16A11,27
SLC16A4,27
SLC22A3,27
SLC30A1,27
SLC35B4,27
SLC40A1,27
SLN,27
SPATA2,27
SPRY1,27
SRRM5,27
SSR3,27
STMN4,27
SUMO2,27
TAGLN3,27
TAS2R1,27
TBC1D13,27
TCF15,27
TFAP2B,27
TGFB2,27
THAP8,27
THBD,27
TIGD5,27
TIGD7,27
TIMM13,27
TMEM170A,27
TMEM230,27
TMEM254,27
TMEM53,27
TNFRSF19,27
TOE1,27
TREML2,27
TREML4,27
TRIB2,27
TRPC4AP,27
TRPC5,27
TYSND1,27
UBE2K,27
UBE4A,27
UBTD2,27
UCN,27
ULBP2,27
UPK1B,27
URB2,27
WDR88,27
WNT16,27
YWHAG,27
ZAR1L,27
ZFP82,27
ZMAT2,27
ZNF124,27
ZNF226,27
ZNF26,27
ZNF283,27
ZNF507,27
ZNF518B,27
ZNF675,27
ZNF684,27
ZNF714,27
ZNF831,27
ZSWIM6,27
ABCF2,26
ADPRH,26
AFTPH,26
AGMO,26
ALDH1B1,26
ALKBH1,26
ANAPC13,26
ANKRD40,26
APOB,26
AQP4,26
ARGLU1,26
ASB16,26
ASIP,26
ASXL3,26
BAG5,26
BAK1,26
BEND2,26
BEX1,26
BTF3,26
C12orf50,26
C16orf54,26
C22orf23,26
CARNMT1,26
CASP4,26
CBR4,26
CCDC134,26
CCDC8,26
CCDC85B,26
CD74,26
CDH12,26
CDH7,26
CDK2AP2,26
CDKN2D,26
CELA1,26
CHMP4B,26
CLEC12A,26
CMPK1,26
CNBP,26
CPXM1,26
CSH2,26
CTAGE1,26
CXCL17,26
CXCR3,26
CYB561D1,26
DAD1,26
DAZAP2,26
DBH,26
DCDC2B,26
DCN,26
DDX1,26
DKK1,26
DPEP3,26
DSC2,26
EDN3,26
EFNB1,26
EIF4A2,26
ENDOG,26
ENOPH1,26
ENPP5,26
ENSA,26
ENTPD7,26
F2RL3,26
FADD,26
FAM50B,26
FBXW2,26
FCER1G,26
FECH,26
FGF5,26
FNDC8,26
FOXI2,26
GABARAPL1,26
GABRR1,26
GFRA3,26
GOLGA6D,26
GOLGA6L6,26
GPX1,26
GRIN3A,26
GUCY1A2,26
HCLS1,26
HEXIM1,26
HEXIM2,26
HSDL1,26
HTR3E,26
ICMT,26
IER2,26
IL18,26
IMPG1,26
INSL3,26
INSL6,26
INVS,26
JAK2,26
JMY,26
KBTBD4,26
KCNG4,26
KDF1,26
KIR3DX1,26
KLHL38,26
KLLN,26
L1TD1,26
LAYN,26
LDLRAD1,26
LIN28A,26
LRFN1,26
LRRIQ1,26
LXN,26
MAB21L3,26
MACC1,26
MAGEB17,26
MAGEB2,26
MANEA,26
MAOB,26
MAT2A,26
MC1R,26
MEAF6,26
MED18,26
MED22,26
MEN1,26
MESP1,26
MOB4,26
MRGPRE,26
MS4A4A,26
MTERF3,26
MTF1,26
NAP1L5,26
NBPF14,26
NDUFS6,26
NECAB1,26
NEURL1B,26
NIPAL4,26
NKX2-5,26
NMRK1,26
NRIP2,26
NSDHL,26
NUDT16L1,26
NUDT17,26
OGFOD1,26
OXLD1,26
PHF5A,26
PIGF,26
PIK3C2A,26
PKD2L1,26
PLBD2,26
PLCXD2,26
PNO1,26
POLDIP2,26
PRDM9,26
PSKH1,26
PSMA4,26
PSMC3,26
PXMP4,26
RAB27B,26
RASD1,26
RAVER2,26
RGPD4,26
RPIA,26
RRAS,26
RRN3,26
RSL24D1,26
RTKN2,26
RWDD2A,26
RWDD4,26
S100P,26
SATL1,26
SBDS,26
SCNM1,26
SCT,26
SDHAF3,26
SHC3,26
SKA2,26
SLC16A13,26
SLC22A10,26
SLITRK4,26
SMPX,26
SNRPE,26
SNTA1,26
SPC25,26
SPIN2B,26
SSTR2,26
STX12,26
STYK1,26
SUV39H2,26
SYCP3,26
TBC1D22B,26
TBX18,26
TCF23,26
TCFL5,26
TDO2,26
TESK2,26
TET2,26
TGS1,26
THEMIS,26
THSD1,26
TIMM17B,26
TIMMDC1,26
TK1,26
TLR10,26
TMED2,26
TMEM132C,26
TMEM213,26
TMEM33,26
TMEM41A,26
TMSB10,26
TNFRSF13B,26
TPGS1,26
TRAPPC6A,26
TRIM71,26
TRIM72,26
TUBB6,26
TXNIP,26
UBE2E2,26
UBL4B,26
USP12,26
UTP15,26
UXT,26
VWA5A,26
WDR36,26
XPNPEP2,26
YARS2,26
YTHDF3,26
ZAN,26
ZBTB34,26
ZFYVE9,26
ZG16,26
ZNF319,26
ZNF324,26
ZNF354A,26
ZNF441,26
ZNF473,26
ZNF487,26
ZNF563,26
ZNF579,26
ZNF646,26
ZNHIT2,26
ZSWIM3,26
AKAP5,25
ANXA2R,25
ARL4C,25
ARL6,25
ASCC3,25
ASCL2,25
ATF1,25
ATP6V1C1,25
AVPI1,25
B3GNT9,25
BARX2,25
BBS12,25
BBS7,25
BHLHE41,25
BMP2,25
BRCC3,25
BTBD10,25
BUB3,25
CA8,25
CALU,25
CARD16,25
CASP8AP2,25
CBY3,25
CCDC138,25
CCDC160,25
CCDC87,25
CCR9,25
CD8B,25
CHORDC1,25
CHPF2,25
CHST10,25
CHST14,25
CITED2,25
CKAP2,25
CLEC1A,25
COMMD7,25
CPN1,25
CREBRF,25
CRISPLD1,25
CYP3A43,25
DAPP1,25
DCTN5,25
DDTL,25
DESI2,25
DGAT2L6,25
DGCR6L,25
DLL3,25
DUSP23,25
DYNC2LI1,25
DYNLT1,25
EBPL,25
ECD,25
EFNB2,25
EGR4,25
EHHADH,25
EIF1AX,25
EIF4EBP2,25
EN2,25
ERH,25
ESD,25
ETV7,25
FAAP24,25
FABP1,25
FAM171A2,25
FAM32A,25
FARS2,25
FBXW9,25
FDX1,25
FIGNL1,25
FZD3,25
FZD8,25
G0S2,25
GADD45GIP1,25
GAGE10,25
GALNT18,25
GCAT,25
GCM2,25
GOLGA6L1,25
GOLGA8K,25
GOLGA8O,25
GOLGA8S,25
GOLPH3,25
GPC4,25
GPC5,25
GPR37,25
GPX6,25
GPX7,25
GUCA1B,25
HAO2,25
HBG2,25
HCK,25
HECTD2,25
HEYL,25
HIPK3,25
HMGB2,25
HNRNPAB,25
HP,25
HSD11B1,25
HSPE1,25
IL20RA,25
IRF2BPL,25
IRGM,25
IRS2,25
ISCA2,25
KCNJ8,25
KCTD12,25
KLHL14,25
KLHL8,25
LACC1,25
LCT,25
LINGO4,25
LRFN5,25
LRRC19,25
LRRC74A,25
LRTOMT,25
LSM1,25
LSMEM1,25
LTB,25
MAGI3,25
MALL,25
MANSC4,25
MAPRE1,25
MBD4,25
MBLAC2,25
MOB1B,25
MPV17L2,25
MXRA5,25
MYH13,25
NATD1,25
NBPF15,25
NES,25
NGB,25
NHLH2,25
NLRP13,25
NMUR2,25
NNAT,25
NOVA1,25
NPFFR1,25
NR0B2,25
NUTM2A,25
OCSTAMP,25
OR13A1,25
PADI6,25
PAK2,25
PARP8,25
PCDH11Y,25
PCDH18,25
PCSK1,25
PDE6C,25
PFDN4,25
PGLYRP4,25
PIGP,25
PLGRKT,25
PNN,25
POGK,25
POP7,25
POTEI,25
PRAMEF26,25
PRF1,25
PROKR2,25
PRPF38B,25
PRR15L,25
PRTFDC1,25
PSMB1,25
PTGDR,25
PTGDR2,25
PTGES,25
PTH2,25
PURA,25
RAB8B,25
RAG2,25
RBM4,25
RGS17,25
RIPK4,25
RNF6,25
RPA3,25
RPE,25
RSBN1,25
SAV1,25
SERPINB9,25
SH3BGRL,25
SHCBP1L,25
SKA3,25
SLC35D1,25
SLC4A10,25
SLC7A14,25
SLITRK5,25
SMDT1,25
SMIM12,25
SMIM13,25
SPACA1,25
SPDL1,25
SPEF1,25
ST8SIA6,25
STAC3,25
STOM,25
SUMO1,25
SV2A,25
TAX1BP3,25
TBC1D3L,25
TCEAL8,25
TERF1,25
TEX101,25
TFPT,25
THAP7,25
THAP9,25
THG1L,25
TMEM107,25
TMEM238,25
TMEM47,25
TNFAIP6,25
TPH2,25
TRAPPC3L,25
TREH,25
TSPAN13,25
TUBA1B,25
TUBA3C,25
UBLCP1,25
VCX,25
VPS18,25
VPS25,25
WDSUB1,25
XKR4,25
XPO4,25
XRN2,25
ZBTB3,25
ZCCHC9,25
ZFP37,25
ZMAT5,25
ZNF121,25
ZNF141,25
ZNF180,25
ZNF337,25
ZNF396,25
ZNF428,25
ZNF534,25
ZNF540,25
ZNF552,25
ZNF728,25
ZNF81,25
ZNRF2,25
ABCG2,24
ADRB3,24
AIMP2,24
ANXA1,24
APPBP2,24
ARFGEF3,24
ARHGDIB,24
ARL1,24
ARMCX5,24
ARPC5,24
ASF1B,24
ATF4,24
ATF6,24
ATL3,24
ATRN,24
AWAT1,24
B4GALT1,24
B4GALT5,24
BCDIN3D,24
BEX4,24
BIRC2,24
BNIP3,24
BSX,24
C10orf67,24
C1D,24
C1GALT1C1L,24
C6orf47,24
C8orf44-SGK3,24
C9orf72,24
CA2,24
CCDC117,24
CCDC181,24
CCL13,24
CCL21,24
CCNG1,24
CDKN2AIPNL,24
CEBPZ,24
CENPN,24
CHM,24
CHST2,24
CIAO1,24
CNIH4,24
COLEC12,24
COX5A,24
CREG2,24
CRISP2,24
CRYBB3,24
CTF1,24
DACH2,24
DCTD,24
DEFB123,24
DMC1,24
DYRK3,24
DYTN,24
E2F7,24
ECI2,24
EMCN,24
EPHA5,24
EPO,24
EXOSC6,24
FAM136A,24
FAM151A,24
FAM168B,24
FAM43B,24
FAM47E-STBD1,24
FAM83D,24
FAM98B,24
FCRL6,24
FGF16,24
FKBP6,24
FOXC2,24
FUCA2,24
GABARAPL2,24
GCDH,24
GLRX5,24
GNGT1,24
GOLGA8H,24
GPR135,24
GPR173,24
GSTA3,24
HEPN1,24
HPRT1,24
HPSE,24
HS3ST1,24
HSPA1B,24
HTATSF1,24
IFNGR1,24
IFT22,24
IKZF5,24
IL2RG,24
IL7,24
KBTBD3,24
KCNB2,24
KIAA1191,24
KLRC1,24
LAPTM4B,24
LDOC1,24
LEP,24
LGALSL,24
LILRA1,24
LIN9,24
LRIT1,24
LRRC1,24
LRRC15,24
LRRC52,24
LRRIQ3,24
LY6G6C,24
MAS1,24
MED4,24
MEI4,24
MEPE,24
MGMT,24
MIS18A,24
MIXL1,24
MMP9,24
MOB1A,24
MOGAT1,24
MPC2,24
MS4A10,24
MTMR9,24
MYEOV,24
MYOZ1,24
NBPF12,24
NCBP2,24
NDUFB7,24
NELFE,24
NGDN,24
NIPSNAP3A,24
NME1,24
NPC2,24
NRBF2,24
NUDT10,24
NUP133,24
PADI3,24
PAPSS2,24
PCDH12,24
PCSK1N,24
PEX26,24
PGM3,24
PGP,24
PIH1D2,24
PKDREJ,24
PLA2G2F,24
PLAGL2,24
PLGLB1,24
PLXDC2,24
POC1A,24
POLE4,24
PPP1R8,24
PREPL,24
PRSS35,24
PSORS1C2,24
PTGER4,24
PTGFR,24
PTGS2,24
RAB20,24
RAB6A,24
RBM15,24
RETN,24
RHOU,24
RIMBP3C,24
RITA1,24
RMI1,24
RNF103-CHMP3,24
RNF128,24
RNGTT,24
ROMO1,24
RPRD2,24
S100A9,24
S1PR1,24
SFRP2,24
SHC4,24
SIAH2,24
SLA2,24
SLC10A4,24
SLC25A41,24
SLC30A7,24
SMTNL1,24
SNTB2,24
SNX16,24
SOAT1,24
SPATA25,24
SPTLC3,24
SRSF12,24
SRSF6,24
STOX1,24
SYNJ2BP-COX16,24
SYT13,24
TAAR2,24
TBCC,24
TCEAL5,24
TERF2IP,24
THRSP,24
TIMD4,24
TIMM9,24
TM4SF18,24
TMEM106A,24
TMEM184C,24
TMEM247,24
TMPRSS11D,24
TMSB4Y,24
TOMM22,24
TP53INP1,24
TXNDC17,24
UBASH3A,24
UBIAD1,24
UCMA,24
UFC1,24
UNC119B,24
UQCC2,24
UQCRB,24
USP51,24
UTF1,24
UTP20,24
VMA21,24
VNN2,24
WASF2,24
WBP1,24
YBX1,24
ZFP57,24
ZNF132,24
ZNF175,24
ZNF426,24
ZNF431,24
ZNF518A,24
ZNF628,24
ZNF708,24
ZNF71,24
ZNF729,24
ZNF813,24
ZNF823,24
ZNF90,24
ZNF98,24
ZRANB2,24
ZSCAN9,24
ZYG11B,24
AASDH,23
ACTG2,23
ADH6,23
ADIRF,23
AGAP14P,23
AGAP6,23
AGR2,23
AICDA,23
ALG2,23
ALKBH4,23
AMER1,23
ANGPTL5,23
APLN,23
APOBEC2,23
AQP11,23
AREG,23
ARGFX,23
ARL4D,23
ARR3,23
ATP6V1B2,23
B9D2,23
BIRC3,23
BMP8B,23
C15orf61,23
C1orf146,23
C3orf49,23
C4orf46,23
C5orf34,23
C8orf76,23
CACNG3,23
CACYBP,23
CALHM3,23
CCDC110,23
CCDC174,23
CCDC59,23
CCNB2,23
CCR2,23
CCR8,23
CD200,23
CD80,23
CDCA8,23
CDK19,23
CDO1,23
CENPI,23
CFL2,23
CHCHD5,23
CHST6,23
CLSTN2,23
CMTM6,23
COA3,23
COLEC10,23
COX6A2,23
COX7A2,23
CTU1,23
CXCL13,23
CXXC4,23
CYBRD1,23
CYCS,23
CYP2C9,23
DACT2,23
DAP,23
DCLRE1B,23
DEFB119,23
DEPDC7,23
DNAJB4,23
DNAJB9,23
DPYD,23
DSTYK,23
ECSCR,23
ELOVL4,23
F8A1,23
F8A3,23
FAM117B,23
FAM209B,23
FAM221A,23
FATE1,23
FBXL14,23
FFAR2,23
FKBP3,23
FKBPL,23
FMR1NB,23
FOXD1,23
FOXN2,23
FRAT2,23
GABRA4,23
GADD45A,23
GAS2L2,23
GAST,23
GCLM,23
GNB4,23
GNG12,23
GOLGA6L10,23
GOLGA8R,23
GPR12,23
GSKIP,23
GTF2B,23
GTF3C4,23
HAS2,23
HDX,23
HGH1,23
HLA-DRB5,23
HORMAD1,23
HPS6,23
HRCT1,23
HSCB,23
HYAL4,23
IL27RA,23
IL31,23
IMMP1L,23
INHBC,23
ISCA1,23
KCND2,23
KIAA1549,23
KIAA2013,23
KL,23
KLRG2,23
KRT23,23
KRT39,23
KRT72,23
LDHAL6A,23
LIN54,23
LMCD1,23
LRGUK,23
MAGEA10,23
MCUR1,23
MED9,23
MGAT4D,23
MT1A,23
MT1M,23
MT2A,23
MTTP,23
MYOG,23
NANOGNB,23
NANOS1,23
NCR3LG1,23
NDUFS5,23
NIP7,23
NOA1,23
NRGN,23
NUDT16,23
OAF,23
OPTC,23
OR51E1,23
PAIP2B,23
PARD6B,23
PCNP,23
PDCL2,23
PELI2,23
PLA2G5,23
PLGLB2,23
PMF1-BGLAP,23
POLR2J3,23
PPIL4,23
PPP1R14C,23
PRAMEF20,23
PSMC3IP,23
PURG,23
RAB13,23
RANBP10,23
RANGRF,23
RASL11A,23
RDM1,23
RGPD3,23
RNASEH2C,23
RNF169,23
RNF170,23
RPEL1,23
RPP40,23
RSL1D1,23
RSPO3,23
S100A8,23
SAT1,23
SCIMP,23
SERTAD1,23
SGCB,23
SHOX2,23
SLC17A2,23
SLC17A4,23
SLC28A1,23
SLC7A4,23
SLC9C1,23
SNRNP48,23
SNRPF,23
SOWAHC,23
SOX15,23
SOX2,23
SP2,23
SRP14,23
STAM,23
STARD5,23
STEAP1B,23
STMN2,23
SWT1,23
TAC1,23
TBC1D12,23
TCEAL2,23
TDRD7,23
TFF1,23
TIMP3,23
TM4SF5,23
TMEM185B,23
TMEM200C,23
TMEM203,23
TMEM233,23
TMSB4X,23
TNFRSF11B,23
TRMT10A,23
TSR3,23
TTBK2,23
TTC8,23
TUBA3E,23
TUBB1,23
TXLNA,23
TXNL4B,23
UBB,23
UNG,23
VGLL2,23
VPS37D,23
WIPF3,23
YRDC,23
ZBTB10,23
ZBTB2,23
ZBTB37,23
ZC3H7B,23
ZFP91,23
ZNF14,23
ZNF211,23
ZNF224,23
ZNF235,23
ZNF486,23
ZNF512,23
ZNF559-ZNF177,23
ZNF665,23
ZNF697,23
ZNF727,23
ZNF770,23
ZNF784,23
ZNF837,23
ZSCAN16,23
ZW10,23
ZWINT,23
AADACL3,22
ABRACL,22
ACVR2A,22
ADAT2,22
AGAP9,22
AGGF1,22
AK6,22
ANO8,22
APIP,22
AR,22
ARF4,22
ARHGAP19-SLIT1,22
ARMCX3,22
ARMCX6,22
ARRDC5,22
ARV1,22
B3GALT6,22
B3GAT2,22
BBOX1,22
BCL2L15,22
BORCS7,22
BROX,22
BSPH1,22
BSPRY,22
BTD,22
C16orf78,22
C5orf15,22
C5orf63,22
C8orf33,22
CAP2,22
CBX6,22
CCDC107,22
CCDC116,22
CCDC167,22
CCDC191,22
CCL15-CCL14,22
CCL5,22
CD38,22
CDH9,22
CDR2L,22
CEBPD,22
CEBPZOS,22
CELA2A,22
CLEC1B,22
COA7,22
CYP7B1,22
DDX28,22
DNAJC19,22
DNAJC27,22
DND1,22
DPH3,22
DTX3L,22
DUSP12,22
EAF1,22
ENTPD3,22
ERVV-2,22
ETV3,22
FAM111B,22
FAM120C,22
FAM163A,22
FAM171B,22
FAM187B,22
FAM9C,22
FASTKD3,22
FBXO39,22
FBXO45,22
FEM1A,22
FEM1C,22
FREM3,22
FXN,22
G6PC3,22
GBP4,22
GDF10,22
GDF9,22
GID8,22
GMFB,22
GOLGA6L2,22
GP1BA,22
GPR27,22
GUF1,22
GZMK,22
HACL1,22
HCCS,22
HLA-G,22
HNRNPA0,22
HOXD9,22
HPSE2,22
HS3ST2,22
HSPA14,22
HSPA5,22
HSPE1-MOB4,22
ICE1,22
IL33,22
IMPACT,22
ING2,22
IPMK,22
IPP,22
IRF2BP1,22
KBTBD11,22
KCTD20,22
KITLG,22
KLHL40,22
KLRC4-KLRK1,22
L2HGDH,22
LAGE3,22
LCLAT1,22
LDHC,22
LEAP2,22
LIX1L,22
LRP2BP,22
LRRC61,22
LYG2,22
LYRM7,22
LYSMD1,22
LYSMD3,22
MAK,22
MAMDC2,22
MAML3,22
MAP1LC3C,22
METTL24,22
MMAB,22
MMGT1,22
MOAP1,22
MORF4L2,22
MPP4,22
MRS2,22
MYADML2,22
MYOD1,22
NANP,22
NAPB,22
NCEH1,22
NENF,22
NPIPB9,22
NUAK2,22
NUDT6,22
NUGGC,22
NUP35,22
NUTF2,22
NUTM2B,22
NXPH2,22
OPRD1,22
OSBPL11,22
P2RY14,22
PAQR9,22
PCBP1,22
PDCL,22
PDHB,22
PEX7,22
PKD2L2,22
PLRG1,22
POLR2G,22
POLR3H,22
POMC,22
POSTN,22
PPIA,22
PPP1R14D,22
PRELP,22
PSMG3,22
PSPN,22
PTCRA,22
PUS7L,22
RAB23,22
RAB32,22
RARRES2,22
RD3,22
REG1B,22
RGS16,22
RGS2,22
RGS4,22
RHEBL1,22
RNASE10,22
RNF20,22
RNF24,22
RNF26,22
RPRML,22
RRP7A,22
RSPH3,22
RTN3,22
SCGB1D2,22
SCGB2A1,22
SEC24B,22
SERP1,22
SESN3,22
SF3B6,22
SGCZ,22
SGTB,22
SLC16A14,22
SLC19A2,22
SLC30A4,22
SLC30A6,22
SLIRP,22
SMIM2,22
SMIM3,22
SNRPC,22
SNX15,22
SNX20,22
SOHLH2,22
SOS2,22
SPO11,22
SVBP,22
SYAP1,22
SYT11,22
TACO1,22
TADA1,22
TICAM1,22
TIGD1,22
TIGD4,22
TIPRL,22
TLR4,22
TMEM158,22
TMEM41B,22
TOX,22
TP53I3,22
TP53TG3C,22
TP53TG3D,22
TPMT,22
TRAM2,22
TRMT5,22
TRPC4,22
TSSK6,22
TTC23L,22
TTC36,22
TTC9,22
TUSC2,22
UBALD2,22
UBE2N,22
UBL3,22
UBOX5,22
URGCP-MRPS24,22
USP27X,22
VIT,22
VPREB3,22
VSX2,22
WDR31,22
WDR75,22
WDR87,22
WIF1,22
XIRP1,22
XKR9,22
ZBTB5,22
ZMAT3,22
ZNF227,22
ZNF234,22
ZNF256,22
ZNF391,22
ZNF488,22
ZNF492,22
ZNF511,22
ZNF560,22
ZNF562,22
ZNF711,22
ZNF718,22
ZNF814,22
ZNF860,22
ZNF891,22
ZSCAN20,22
ZSCAN22,22
AASDHPPT,21
ABHD13,21
ACO1,21
ADRB1,21
AKR7A3,21
ANKRD22,21
AQP8,21
ARF6,21
ARL3,21
ARL4A,21
ARL6IP1,21
ARL9,21
ARMCX1,21
ASTE1,21
BIK,21
BLOC1S6,21
BMP3,21
BORCS6,21
BORCS7-ASMT,21
BRK1,21
BTN1A1,21
C11orf16,21
C14orf119,21
C19orf53,21
C2orf78,21
C9orf43,21
C9orf85,21
CBR3,21
CCR1,21
CCT4,21
CDS1,21
CEACAM20,21
CENPB,21
CFAP53,21
CHST4,21
CLDN12,21
CNPY3,21
CNTLN,21
CNTN3,21
COL6A6,21
COPRS,21
COPS2,21
COX7C,21
CRIPT,21
CRTAP,21
CRYBA1,21
CRYGS,21
CTXN3,21
CXCR5,21
CYTL1,21
DDO,21
DHFR,21
DIRAS3,21
DNAAF2,21
DRGX,21
EDDM3B,21
EDN1,21
EIF2B1,21
EIF5AL1,21
EMC4,21
ERV3-1,21
EXOSC1,21
F2R,21
FAM151B,21
FAM174A,21
FAM177B,21
FAM180B,21
FAM83B,21
FBXO43,21
FFAR4,21
FGF2,21
FGF6,21
FIGLA,21
FIGN,21
FMO2,21
FN3K,21
FNIP1,21
FOXS1,21
FZD4,21
FZD7,21
FZD9,21
GNB1L,21
GPC6,21
GPKOW,21
GPR156,21
GPR83,21
HAT1,21
HELQ,21
HLA-E,21
HMGN5,21
HOXD8,21
HSF2,21
HTR2C,21
IDNK,21
IER3,21
IER3IP1,21
IFIT1B,21
ILDR2,21
IZUMO2,21
JADE3,21
KCNA5,21
KCNH7,21
KIF20B,21
KLHL18,21
KLHL20,21
KLHL23,21
KLHL41,21
LACTB2,21
LARP6,21
LRFN2,21
LRRC3,21
LRRTM1,21
LUZP2,21
MAGT1,21
MAP10,21
MARCKS,21
MCL1,21
MUL1,21
MYCBP,21
NBPF6,21
NDN,21
NEDD1,21
NFIL3,21
NHLRC2,21
NOL7,21
NPTXR,21
NUDT4,21
NUP153,21
NUTM1,21
NWD2,21
OPN1SW,21
OTUD1,21
P2RX7,21
PANX1,21
PDC,21
PGM2L1,21
PIGK,21
PMPCB,21
POLR2J,21
PPIB,21
PPM1G,21
PPP6C,21
PRADC1,21
PRELID3B,21
PRRG4,21
PSAT1,21
PSMB5,21
PSMB7,21
PTPN1,21
PTS,21
PUS10,21
PYURF,21
RAB2B,21
RAB33B,21
RABEPK,21
RAD9B,21
RDH16,21
RFESD,21
RFK,21
RIPPLY2,21
RLIM,21
RNF19B,21
RPS10-NUDT3,21
RSPH1,21
S100A12,21
SASS6,21
SCNN1G,21
SDR16C5,21
SERPINI2,21
SIKE1,21
SLC10A6,21
SLC16A6,21
SLC24A5,21
SLC25A53,21
SLC30A8,21
SLC5A7,21
SLC9A9,21
SLCO1B1,21
SMR3B,21
SOD1,21
SOX9,21
SPA17,21
SPINK1,21
SSMEM1,21
STEAP1,21
STK35,21
SVIP,21
SWSAP1,21
TBX20,21
TEX36,21
TIMM23,21
TMEM11,21
TMEM14A,21
TMEM167A,21
TMEM169,21
TMEM216,21
TMEM242,21
TMEM60,21
TNMD,21
TNPO3,21
TPBG,21
TRIM58,21
TWF1,21
TWSG1,21
UCN3,21
ULBP1,21
UNC5C,21
USP29,21
UTP3,21
VRK2,21
VWA2,21
WASL,21
WBP4,21
WDR4,21
YDJC,21
ZBTB26,21
ZBTB33,21
ZBTB43,21
ZC3HAV1L,21
ZNF134,21
ZNF138,21
ZNF154,21
ZNF165,21
ZNF202,21
ZNF225,21
ZNF257,21
ZNF354B,21
ZNF449,21
ZNF501,21
ZNF506,21
ZNF595,21
ZNF619,21
ZNF69,21
ZNF786,21
ZNF829,21
ZNF92,21
ZSWIM1,21
AADAC,20
ADAD1,20
AKAP11,20
AMIGO2,20
ANKRD50,20
APOBEC1,20
APOD,20
ARFIP2,20
ARL11,20
ARRDC4,20
ASAH2B,20
ATP1B4,20
ATP6V0E1,20
BAAT,20
BATF,20
BBIP1,20
BEX2,20
BEX5,20
BHLHE22,20
BMP6,20
BORA,20
C19orf67,20
C19orf84,20
C1GALT1C1,20
C1QTNF9B,20
C2orf68,20
C6orf120,20
C9orf40,20
CABP5,20
CCDC121,20
CCIN,20
CCL4,20
CCL4L2,20
CD3G,20
CD5L,20
CD83,20
CD96,20
CDC5L,20
CDK1,20
CDKL2,20
CENPL,20
CEP19,20
CLEC4E,20
CLGN,20
CMTM8,20
CNEP1R1,20
COX6C,20
COX7A1,20
COX7B2,20
CPT2,20
CTSS,20
DEPDC1,20
DHX29,20
DNAJC28,20
DNASE2B,20
DSG1,20
DUX4,20
ENDOD1,20
FAM106A,20
FBXL22,20
FBXO4,20
FGF18,20
FTH1,20
FUNDC1,20
GCH1,20
GCSAM,20
GHITM,20
GJB7,20
GNAI3,20
GPHB5,20
GPR180,20
GPR63,20
GPR88,20
GUCY2C,20
GYPC,20
HCRTR2,20
HECA,20
HHLA1,20
HSPA1A,20
IGFBP1,20
IKBIP,20
IL12B,20
IL21,20
IL22RA1,20
IRAK2,20
JCHAIN,20
KLHL34,20
KNG1,20
KRT27,20
KRT3,20
KRTAP10-7,20
LCE3C,20
LRRC8B,20
LRRTM4,20
MAB21L2,20
MAGOHB,20
MAPK1IP1L,20
MB21D2,20
MED19,20
MED27,20
METTL18,20
MLN,20
MSMO1,20
MSS51,20
MT1E,20
MTERF2,20
MUC22,20
MYH7,20
NAA35,20
NAF1,20
NDUFA1,20
NFKBIB,20
NME1-NME2,20
NOP10,20
NQO1,20
NSA2,20
NT5C1A,20
NUDT11,20
NUPR2,20
NXT1,20
ODC1,20
OIP5,20
OLFML3,20
OVOL3,20
PARP11,20
PBK,20
PDCD1LG2,20
PEX12,20
PEX6,20
PIK3R6,20
PIRT,20
PJA2,20
PLA2G7,20
PLP2,20
POLE3,20
POLR2D,20
POTEM,20
PRRG1,20
PRSS38,20
PSMA8,20
PSMD12,20
PTRHD1,20
RAB11B,20
RGPD2,20
RLF,20
RNASE1,20
RNF168,20
RNF182,20
RNF222,20
RNF7,20
RORB,20
RP2,20
RPE65,20
SAA1,20
SAYSD1,20
SDHAF4,20
SGPP2,20
SIGMAR1,20
SLC10A1,20
SLFN5,20
SMC2,20
SMCR8,20
SMPDL3B,20
SNAPIN,20
SOWAHA,20
SPATA45,20
SPDYC,20
SPDYE6,20
SPX,20
SREK1IP1,20
STBD1,20
STC1,20
STK26,20
SULT1B1,20
TCEAL1,20
TCEANC2,20
TCTA,20
TEFM,20
TIMM10,20
TLL1,20
TMA7,20
TMED4,20
TMEM170B,20
TMEM64,20
TMPRSS11A,20
TMPRSS12,20
TNFSF14,20
TNKS2,20
TOPAZ1,20
TSEN15,20
TSPYL6,20
TTC32,20
TUBA1A,20
TXN2,20
TYW1B,20
UGT2B4,20
USP1,20
VHL,20
ZCCHC18,20
ZFP69,20
ZKSCAN2,20
ZMPSTE24,20
ZNF264,20
ZNF267,20
ZNF302,20
ZNF322,20
ZNF510,20
ZNF526,20
ZNF593,20
ZNF658,20
ZNF66,20
ZNF688,20
ZNF717,20
ZNF750,20
ZNF777,20
ZNF783,20
ZNF791,20
ZNF835,20
ADAMTS15,19
ADGRF4,19
AKIRIN1,19
ANAPC10,19
APEX2,19
ARCN1,19
ARHGEF26,19
ARL15,19
ARL2-SNX15,19
ASNSD1,19
ATAD5,19
ATP12A,19
BCAS4,19
BCO1,19
BTLA,19
BTNL2,19
C16orf96,19
C1orf52,19
C21orf91,19
C3orf70,19
C7orf33,19
CA3,19
CCR4,19
CDC26,19
CDC7,19
CHST7,19
CIB3,19
CLC,19
CLCA1,19
CPA3,19
CPN2,19
CSNK1A1L,19
CWC15,19
CXCL14,19
CXCL9,19
CXCR1,19
DAPL1,19
DCLRE1A,19
DCX,19
DEFB104B,19
DEFB118,19
DIAPH2,19
DNAJC30,19
DSEL,19
DYNLT3,19
EIF1B,19
EIF5A2,19
ELOVL2,19
ENTHD1,19
EOMES,19
ERLIN2,19
F5,19
FAM210B,19
FBXO30,19
FBXO33,19
FBXO48,19
FCAR,19
FCF1,19
FITM2,19
FOXB1,19
FRAT1,19
FRZB,19
GCNT7,19
GHRH,19
GLO1,19
GLRA3,19
GNMT,19
GPRIN3,19
GPX5,19
GREM2,19
HARBI1,19
HBB,19
HMGN4,19
HS3ST3B1,19
HTR7,19
ING3,19
ISM1,19
JAGN1,19
KCNA4,19
KCNE4,19
KIF4A,19
KLRF1,19
LINC01620,19
LMOD1,19
LMOD3,19
LNP1,19
LRRTM3,19
LTV1,19
LY86,19
LYZL1,19
MED21,19
MEOX1,19
MEOX2,19
MFAP3,19
MGAT4C,19
MID1IP1,19
MMD,19
MNDA,19
MTFMT,19
MTMR6,19
MYL1,19
MYL12B,19
MYLIP,19
MZT1,19
NHLRC3,19
NLRP14,19
NMI,19
NPY5R,19
NSL1,19
NUDT12,19
NUDT15,19
NUS1,19
ORMDL2,19
OSGIN2,19
OSTF1,19
PARS2,19
PDZD9,19
PHOSPHO2,19
PIWIL3,19
PKHD1,19
PON2,19
PPIC,19
PPP1R11,19
PRKAG3,19
PRKCQ,19
PRLH,19
PROK1,19
RAN,19
RBM15B,19
RBM42,19
RBM43,19
RDH14,19
REEP5,19
RHAG,19
RNASEL,19
RPAP2,19
RPUSD2,19
SC5D,19
SCCPDH,19
SEPHS2,19
SFT2D2,19
SGPP1,19
SLC30A9,19
SLC31A2,19
SLC35G1,19
SLC4A1AP,19
SMIM10L2A,19
SMIM10L2B,19
SMIM17,19
SMS,19
SNRPG,19
SOX11,19
SPIN2A,19
SPINK8,19
STRN,19
STYX,19
THAP2,19
THAP5,19
TM4SF20,19
TMED8,19
TMEM106B,19
TMEM196,19
TNNI3K,19
TRIAP1,19
TRIM13,19
TRIM38,19
TRIM4,19
TRIM40,19
TRIM59,19
TRIM6-TRIM34,19
TSACC,19
TSGA13,19
TSPAN19,19
TTC14,19
TYR,19
UBE2J1,19
UBR2,19
UCP1,19
USPL1,19
VCPIP1,19
VTA1,19
WEE2,19
WNT8B,19
XRCC4,19
ZCCHC10,19
ZFP28,19
ZFP30,19
ZKSCAN4,19
ZNF286B,19
ZNF572,19
ZNF583,19
ZNF594,19
ZNF726,19
ZNF735,19
ZNF749,19
ZNF79,19
ZNF804A,19
ZPBP2,19
ABHD17B,18
ABHD18,18
ACOT1,18
ADPRM,18
ADRA2A,18
AGPS,18
AKIP1,18
ALX1,18
ANKRD37,18
ARSH,18
AVPR1A,18
BEND3,18
BLOC1S4,18
BPIFA3,18
BTNL3,18
C1orf162,18
C20orf96,18
C22orf39,18
C2CD4B,18
C4orf33,18
C7orf57,18
CBR1,18
CCL8,18
CD302,18
CDCA4,18
CDK20,18
CDKN2AIP,18
CENPQ,18
CHRDL1,18
CHRM5,18
CISD2,18
CLTA,18
CLVS2,18
CMTR2,18
CNR2,18
COMMD8,18
COX16,18
COX8A,18
CRYGB,18
CST7,18
CYP2U1,18
CYP8B1,18
DBT,18
DDIT4L,18
DENR,18
DFFA,18
DHCR24,18
DIRAS2,18
DTWD2,18
DUSP11,18
EDEM2,18
EFCAB9,18
EFNA3,18
EHD3,18
EHD4,18
EID2B,18
EIF1AY,18
ERMN,18
ERVMER34-1,18
ESF1,18
EXO5,18
FABP4,18
FAM124A,18
FAM181B,18
FASLG,18
FBP2,18
FBXO47,18
FGF7,18
FITM1,18
FUCA1,18
FUT9,18
FZD1,18
GFPT1,18
GIMAP8,18
GIP,18
GJA1,18
GPR18,18
GPRC5D,18
GPX2,18
GTPBP8,18
HAND1,18
HTRA4,18
HUS1,18
IAPP,18
IFI6,18
IMP3,18
JUN,18
KBTBD7,18
KCNK13,18
LRRC10,18
LRRCC1,18
LSM11,18
LURAP1,18
LUZP4,18
MAK16,18
ME1,18
MED28,18
MED31,18
MMP16,18
MRC1,18
MRFAP1,18
MS4A12,18
MSANTD4,18
MT4,18
MYBL2,18
MYOC,18
NDUFA2,18
NF2,18
NIPSNAP3B,18
NKX3-1,18
NPHS2,18
NUFIP2,18
OCA2,18
OCM,18
OCM2,18
ODF1,18
OSER1,18
OSGEPL1,18
PAIP2,18
PARM1,18
PEG10,18
PELI1,18
PFN4,18
PGRMC1,18
PLAC8L1,18
PNPLA4,18
POLR2K,18
POLR2M,18
POTEG,18
PRR4,18
PRSS48,18
PTGER2,18
PTPN22,18
PUS3,18
PYHIN1,18
RAB9A,18
RASSF9,18
RBM46,18
RCHY1,18
RHOB,18
RIT1,18
RNF181,18
RRAGA,18
RRH,18
SDR42E1,18
SEC61B,18
SETDB2,18
SFR1,18
SFT2D3,18
SLC35B3,18
SMIM8,18
SNX32,18
SOX17,18
SPATA12,18
SPRED1,18
SRD5A1,18
STXBP5L,18
SURF2,18
SUSD5,18
SYF2,18
TACR3,18
TAF3,18
TDRD1,18
TDRD6,18
TGOLN2,18
TIGD2,18
TIGD6,18
TLL2,18
TMCO2,18
TOPORS,18
TRHR,18
TRIM32,18
TSPYL5,18
TTC33,18
TTN,18
TUSC1,18
TXNDC8,18
TYW5,18
UGT2B7,18
UQCRHL,18
VCX3A,18
VIP,18
VNN1,18
VSNL1,18
WASF1,18
XPNPEP3,18
YIPF5,18
ZC2HC1A,18
ZC3H13,18
ZCCHC3,18
ZFP3,18
ZNF140,18
ZNF281,18
ZNF365,18
ZNF485,18
ZNF519,18
ZNF556,18
ZNF586,18
ZNF669,18
ZNF738,18
ZNF804B,18
ZNF99,18
ZP4,18
ZXDA,18
AADACL4,17
AAR2,17
ABRA,17
ACBD7,17
ACER2,17
ACTR2,17
ADAM7,17
ADIG,17
ADRB2,17
ALKBH2,17
ANKRD61,17
ANXA10,17
AOC2,17
APEX1,17
ARIH2OS,17
ARL2BP,17
ASB17,17
ASF1A,17
BCAS2,17
BCL10,17
BMS1,17
C19orf18,17
C1orf115,17
C3orf22,17
CASP10,17
CCDC179,17
CCDC60,17
CCR5,17
CD1C,17
CD28,17
CD300LB,17
CD5,17
CDADC1,17
CENPW,17
CHAMP1,17
CLCA4,17
COIL,17
COL10A1,17
COX6A1,17
CR1,17
CSTF1,17
CTSO,17
CXorf38,17
CYP1A2,17
DCAF13,17
DNAJC15,17
DPM3,17
DRD3,17
DSCC1,17
DSCR4,17
DYNLRB2,17
EAF2,17
ERICH5,17
ETAA1,17
EXOC8,17
FABP2,17
FAHD2B,17
FANCF,17
FJX1,17
FKBP7,17
GJD4,17
GPR183,17
GPR85,17
HIGD1C,17
HSD17B13,17
HSF5,17
HSPA6,17
INIP,17
IQCB1,17
ISOC1,17
KBTBD6,17
KBTBD8,17
KCNA3,17
KIAA1958,17
KIR2DL4,17
KPNA5,17
LACTBL1,17
LHFPL1,17
LIPJ,17
LRRC53,17
LRRC66,17
LRRC72,17
LRRIQ4,17
MAB21L1,17
MAN1A1,17
MAP9,17
MCAT,17
MCHR2,17
MGAT2,17
MGME1,17
MGP,17
MNS1,17
MORN4,17
MRFAP1L1,17
NDUFC1,17
NDUFS4,17
NEU3,17
NHLRC1,17
NUTM2G,17
OIT3,17
OR5V1,17
OR9Q1,17
OTUD6A,17
PANX3,17
PARD6G,17
PASD1,17
PBDC1,17
PDZD11,17
PET117,17
PEX11A,17
PEX13,17
PGLYRP1,17
PHF6,17
PJA1,17
PLA2G4A,17
PLCL1,17
PLPP6,17
PNMA1,17
POLH,17
POTEH,17
PPM1E,17
PPP1R3A,17
PRAMEF15,17
PSMB6,17
PTGER3,17
PTN,17
PTRH2,17
PURB,17
RAD1,17
RANBP6,17
RAP2B,17
RBM7,17
REG4,17
REP15,17
RIMKLA,17
RLN1,17
RNF180,17
RPAIN,17
RPL36A-HNRNPH2,17
RRS1,17
SAMD15,17
SCEL,17
SCO1,17
SERINC1,17
SERPINE1,17
SERTM1,17
SETD9,17
SKA1,17
SLC10A2,17
SLC15A5,17
SLC25A4,17
SLC31A1,17
SLITRK2,17
SMIM15,17
SNAPC3,17
SPATA16,17
SRFBP1,17
SRGN,17
SULT2A1,17
TAF1A,17
TAF9B,17
TBC1D21,17
TECRL,17
TEK,17
TIMM23B,17
TLR8,17
TM4SF4,17
TMEM126A,17
TMEM167B,17
TMEM236,17
TMEM31,17
TNFSF13B,17
TOMM20L,17
TOMM34,17
TRAPPC6B,17
TUBE1,17
UBTD1,17
VCX3B,17
VWC2,17
WBP11,17
WDR3,17
WFDC10B,17
WFDC11,17
WFDC13,17
XKR5,17
YIPF1,17
ZBED5,17
ZBTB6,17
ZCCHC17,17
ZNF2,17
ZNF214,17
ZNF253,17
ZNF280A,17
ZNF300,17
ZNF366,17
ZNF430,17
ZNF491,17
ZNF543,17
ZNF549,17
ZNF571,17
ZNF597,17
ZNF624,17
ZNF681,17
ZNF716,17
ZNF732,17
A4GNT,16
ADO,16
AKIRIN2,16
AMACR,16
ANKMY2,16
ANKRD49,16
APOBEC4,16
ART4,16
AURKA,16
BAMBI,16
BCL2L10,16
BEND4,16
BLOC1S5-TXNDC5,16
BTF3L4,16
BTG1,16
C10orf55,16
C11orf24,16
C11orf42,16
C16orf87,16
C18orf63,16
C1QL3,16
C1orf53,16
C3orf38,16
C4BPA,16
C8orf48,16
CAGE1,16
CCDC71L,16
CCDC89,16
CD14,16
CD200R1,16
CDC20B,16
CDKL4,16
CH25H,16
CHEK1,16
CHRNB3,16
CLEC2B,16
CLRN2,16
CNIH1,16
CNST,16
COQ10B,16
COX10,16
COX17,16
CPLX4,16
CPPED1,16
CREG1,16
CSGALNACT2,16
CSRNP3,16
CT55,16
CXCL3,16
DCAF16,16
DCAF4L1,16
DCTN6,16
DZIP3,16
ERLIN1,16
ERVFRD-1,16
ESM1,16
EVI2B,16
FAM180A,16
FAM43A,16
FBXL4,16
FBXO8,16
FCER1A,16
FKBP14,16
FZD6,16
GBP6,16
GDF3,16
GJC3,16
GLT6D1,16
GLUD2,16
GNG10,16
GPN1,16
GRPEL2,16
GTF2A1,16
GTF2A2,16
GXYLT1,16
HEPHL1,16
HILPDA,16
HLA-DQB2,16
HMHB1,16
HPR,16
HTR1E,16
IL13RA2,16
IQCF2,16
KCNJ2,16
KIF14,16
KLHL25,16
KRT28,16
LONRF2,16
LRCH2,16
LRRC31,16
LSM3,16
LURAP1L,16
LYZ,16
MDP1,16
MED11,16
MIEN1,16
MIS12,16
MORN2,16
MS4A8,16
MSH4,16
MUC21,16
NCR3,16
NDUFAF4,16
NDUFB3,16
NEDD8-MDP1,16
NKX2-6,16
NUDT2,16
OGN,16
OLFM4,16
OXGR1,16
P2RY1,16
P2RY12,16
PARPBP,16
PHLDA1,16
PIGC,16
PLA2G12B,16
PLA2G2D,16
PODXL2,16
POLR3F,16
PRB4,16
PTCHD3,16
R3HDML,16
RAB6C,16
RALBP1,16
RBBP5,16
RBM12B,16
RECK,16
RNF122,16
RNF146,16
ROS1,16
RWDD1,16
SDHD,16
SDR42E2,16
SELE,16
SERPINB13,16
SETMAR,16
SHISA3,16
SLAMF1,16
SLC45A2,16
SLCO1C1,16
SMPDL3A,16
SNX7,16
SOSTDC1,16
SPATA31D3,16
SPATA4,16
SPATA6L,16
SPCS2,16
SPRYD4,16
SUGT1,16
TBC1D25,16
TFB2M,16
TIFAB,16
TIMM22,16
TIMM8B,16
TIMP4,16
TMEM126B,16
TMEM140,16
TMEM252,16
TMPRSS11E,16
TNFSF10,16
TRAM1,16
TSNAX-DISC1,16
TSPYL1,16
URM1,16
VGLL3,16
YBEY,16
ZNF157,16
ZNF22,16
ZNF33A,16
ZNF622,16
ZNF670-ZNF695,16
ZNF705G,16
ZNF80,16
ZNF805,16
ZNF830,16
ZNF879,16
AARD,15
ACSM6,15
AFM,15
ANKEF1,15
ANKRD1,15
APOL2,15
ARMC1,15
BORCS5,15
C1orf116,15
C6orf58,15
C8orf88,15
CAPN6,15
CARF,15
CASS4,15
CCL11,15
CCL2,15
CCL3,15
CCNA2,15
CDK11B,15
CEBPG,15
CHCHD1,15
CNTN6,15
CXCL2,15
CYP20A1,15
DBX2,15
DHDH,15
DNAJC25-GNG10,15
EID2,15
EIF2S2,15
ENAM,15
F2RL1,15
FAM162B,15
FAM184B,15
FAM185A,15
FBXO28,15
GAP43,15
GLIPR1L1,15
GLRA1,15
GLRA2,15
GTF2E1,15
GZMH,15
HIGD2B,15
HMMR,15
HSFY2,15
HTR3C,15
IFNA1,15
IGBP1,15
IGIP,15
IL36B,15
JTB,15
KHDRBS2,15
KIAA1143,15
KLHL31,15
LECT2,15
LLPH,15
LSM6,15
MAGEH1,15
MBOAT1,15
MCM8,15
MGST2,15
MOCS2,15
MORC1,15
MPLKIP,15
MS4A15,15
MSX2,15
MT1HL1,15
MTHFS,15
MTX3,15
NAA20,15
NDUFA8,15
NFYA,15
NKAPL,15
NSRP1,15
NTSR2,15
OLFML1,15
PAK1IP1,15
PDILT,15
PHKA1,15
PLCXD3,15
POTEC,15
POTED,15
PP2D1,15
PXT1,15
QRSL1,15
RAB29,15
RBM8A,15
RCSD1,15
REC114,15
RETNLB,15
SCFD2,15
SCGB1D4,15
SDE2,15
SDHC,15
SEC61G,15
SETSIP,15
SF3B5,15
SIAH3,15
SLAMF6,15
SLC28A3,15
SLC6A14,15
SLCO4C1,15
SLPI,15
SMIM21,15
SMU1,15
SNTN,15
SOCS4,15
SPTSSB,15
SRP9,15
TAF1L,15
TAF5L,15
THAP1,15
TLR7,15
TMC3,15
TMEM156,15
TMX1,15
TNFRSF17,15
TP53RK,15
TREM2,15
TRUB1,15
TTLL2,15
TXNDC16,15
UBE2QL1,15
UFL1,15
UGT2B15,15
VN1R2,15
WFDC9,15
XKR3,15
ZDHHC15,15
ZFP42,15
ZKSCAN8,15
ZNF25,15
ZNF502,15
ZNF613,15
ZNF614,15
ZNF880,15
ZXDB,15
ZYG11A,15
ACTR5,14
ADAM2,14
ADH1A,14
ADIPOQ,14
ARL6IP5,14
ARMS2,14
B3GNT6,14
BAG2,14
C11orf71,14
C17orf78,14
C8orf89,14
CA6,14
CASP5,14
CBLL1,14
CCDC126,14
CCDC152,14
CCDC169-SOHLH2,14
CCNJ,14
CDC37L1,14
CHIC1,14
CLDN20,14
CLEC14A,14
COMMD2,14
COX5B,14
COX7B,14
CREBL2,14
CT47A6,14
CTSG,14
CXCL1,14
CXCL5,14
CYP4A22,14
DEFB1,14
DGKK,14
DIS3,14
ECM2,14
EDAR,14
FABP7,14
FAM218A,14
FAM24B,14
FCN1,14
G6PC2,14
GABRG1,14
GAR1,14
GLRX2,14
GOPC,14
GSTA2,14
GTF3C6,14
GZMB,14
HINT3,14
HMGN3,14
HSPA13,14
ID4,14
IL12A,14
IL4,14
INO80B,14
IRAK3,14
ITGA2,14
KLHL11,14
KRTAP12-3,14
KRTAP4-7,14
KRTAP5-11,14
LRIT3,14
LRRC40,14
LSM10,14
MPHOSPH6,14
MTERF1,14
MYF6,14
NACA2,14
NDC1,14
NLRP8,14
NUDCD2,14
NUDT13,14
NUTM2F,14
NXPE4,14
P2RY10,14
PCDHB11,14
PCDHB8,14
PPIAL4G,14
PRMT6,14
PROK2,14
PTTG1,14
PTX3,14
RAP2A,14
RBBP9,14
RIT2,14
RNASE3,14
RNLS,14
RRP15,14
RWDD2B,14
SAXO2,14
SCGN,14
SH3GL2,14
SLC25A33,14
SLC39A2,14
SMCP,14
SNRPB2,14
SNX3,14
SPARCL1,14
SPDYE5,14
SPIC,14
SPIN4,14
SPR,14
SPTY2D1,14
SRSF8,14
SSX1,14
ST8SIA4,14
TAL2,14
TCF21,14
TFPI2,14
TMED7,14
TMEM186,14
TMEM30B,14
TMEM71,14
TMEM74,14
TMEM81,14
TMIGD1,14
TPX2,14
TRIL,14
TRMT10C,14
TSPYL4,14
TTPA,14
UBE2T,14
UGT2A1,14
VAMP4,14
ZBTB41,14
ZFP69B,14
ZNF229,14
ZNF304,14
ZNF330,14
ZNF35,14
ZNF416,14
ZNF557,14
ZNF780A,14
ZNHIT6,14
ZSCAN23,14
ZSCAN5B,14
ACOT4,13
ACRV1,13
ADH1B,13
ALKBH8,13
APMAP,13
APOL1,13
APOL5,13
ARL5B,13
ASB11,13
ASB3,13
ASIC5,13
ASZ1,13
BRF2,13
BRIX1,13
C12orf60,13
C22orf31,13
C2orf69,13
CCDC172,13
CD200R1L,13
CD69,13
CDK7,13
CDKN2B,13
CFAP126,13
CHRM2,13
CHURC1,13
CKS2,13
CLEC2A,13
COX18,13
CSTF2,13
DNAJC12,13
DSC1,13
DSCR8,13
DUXA,13
EEF1E1-BLOC1S5,13
EMC7,13
EPHA3,13
EPM2AIP1,13
ERCC6L,13
F9,13
FARSB,13
FGF10,13
FHL5,13
FIBIN,13
FSD2,13
GAPT,13
GAS1,13
GIMAP6,13
GJA3,13
GOLT1B,13
GRIK1,13
GSPT2,13
GUCA1C,13
HAO1,13
HCAR2,13
HCAR3,13
HLA-DQA1,13
HLA-DRA,13
HTR2B,13
IFIT5,13
IGSF6,13
IL1RAPL1,13
IL22RA2,13
INO80B-WBP1,13
KIAA1586,13
KLF14,13
KLHL1,13
KRT12,13
LCA5,13
MBOAT4,13
MS4A18,13
MUC7,13
NCOA5,13
NDST3,13
NEIL3,13
NOC3L,13
NOX3,13
NRAP,13
NUDT19,13
NUFIP1,13
OR2L13,13
OXA1L,13
PCDHB7,13
PCDHGA1,13
PIGBOS1,13
PKD1L3,13
PMAIP1,13
RAB39B,13
RAB44,13
RD3L,13
RECQL,13
RNASE6,13
RNF113A,13
RSPH4A,13
RTP1,13
SCG3,13
SGCG,13
SLC22A9,13
SPATA19,13
SPCS3,13
STAP1,13
STARD3NL,13
SULT1C4,13
TAF13,13
TCHH,13
THAP10,13
THAP11,13
TIMM8A,13
TINAG,13
TNFRSF21,13
TRIM61,13
TRMT6,13
TSR2,13
UGT2A3,13
USP26,13
WDR89,13
ZKSCAN3,13
ZNF184,13
ZNF189,13
ZNF311,13
ZNF326,13
ZNF354C,13
ZNF483,13
ZNF582,13
ZNF607,13
ZSCAN12,13
ACTRT3,12
ADAM29,12
ADAMDEC1,12
AHSG,12
ANGPT2,12
ANP32D,12
APOOL,12
ASCL4,12
ASPN,12
ATG4C,12
B3GALT1,12
BBS10,12
C1orf185,12
C3AR1,12
C3orf33,12
CCDC28A,12
CCDC43,12
CD2,12
CD48,12
CDH19,12
CLDN22,12
CTBS,12
CXCL8,12
CYSLTR1,12
CYSLTR2,12
CYYR1,12
DAZ2,12
DMRTA1,12
DNAJC3,12
DNTT,12
DPPA2,12
DPPA3,12
DTWD1,12
ELOVL5,12
EXTL2,12
FGFBP3,12
FLG,12
GIMAP2,12
GPR33,12
GSTA5,12
GZMA,12
HNMT,12
HS6ST3,12
IBSP,12
IDI2,12
IER5,12
JRKL,12
KLHL4,12
KRR1,12
KRT20,12
KRTAP9-9,12
LCMT2,12
LIN7C,12
LIPK,12
LIPT2,12
MAGEB3,12
MAGEE1,12
MAGEF1,12
MAML2,12
MMADHC,12
MMP27,12
NLRP9,12
NOXRED1,12
NSUN3,12
NTS,12
OTUD6B,12
PABPC3,12
PABPC5,12
PATE2,12
PERP,12
PGAM4,12
PI15,12
PNLIP,12
PPP1R3C,12
PRB3,12
PRNT,12
PRR27,12
PSMD10,12
PTCHD4,12
RASSF6,12
RNASE2,12
RNF141,12
RPP38,12
RSU1,12
RTCA,12
SAMD9,12
SAP30,12
SERF1A,12
SERF1B,12
SI,12
SLC5A12,12
SLC5A8,12
SMIM10,12
SMNDC1,12
SNAI2,12
SOX4,12
SPATC1L,12
SPC24,12
SSBP1,12
STARD6,12
STEAP4,12
SULT1E1,12
TAF4B,12
TCEA1,12
TCEANC,12
TFAM,12
TMEM128,12
TMEM160,12
TMEM78,12
TRIM49B,12
TUBAL3,12
UGT1A8,12
UQCRFS1,12
ZIM3,12
ZNF484,12
ZNF530,12
ZNF850,12
ABCD2,11
AKR1C1,11
AQP9,11
ARSJ,11
ASB12,11
C11orf40,11
C18orf32,11
C5orf46,11
CARD6,11
CHCHD2,11
CLEC7A,11
COMMD3-BMI1,11
CPA2,11
CSTA,11
CYB5R4,11
DEFB103B,11
DYNLRB1,11
ENPP4,11
EPGN,11
FAM216B,11
FBXO40,11
FER1L6,11
FGF20,11
FLG2,11
FLRT3,11
FOXD4,11
GCM1,11
GIMAP7,11
GINS3,11
GLA,11
GLIPR1L2,11
GNG11,11
GNRHR,11
GPX8,11
HNRNPCL1,11
HNRNPH2,11
ISY1-RAB43,11
KCNJ13,11
KCNV2,11
KDM4D,11
KLF9,11
KLHL9,11
KRT34,11
KRTAP13-2,11
KRTAP19-7,11
LAMTOR3,11
LIPI,11
LRRC63,11
LRRTM2,11
LYRM2,11
MSANTD3-TMEFF1,11
MTPN,11
MTX2,11
MYCT1,11
MYH2,11
NAA11,11
NMBR,11
NRAS,11
NXT2,11
OR7D2,11
PCDHB10,11
PCDHB13,11
PCDHB3,11
PLSCR5,11
PMP2,11
POM121L2,11
PPP1R3D,11
PRB1,11
PRH2,11
PRPH2,11
RAB40AL,11
REG1A,11
RGS13,11
RGS18,11
RHOJ,11
RNF144B,11
RNF185,11
SLC25A31,11
SLC2A12,11
SLC39A12,11
SMIM10L1,11
SNRPD1,11
SPANXA1,11
SPP2,11
STOML3,11
TAF7,11
TDRD15,11
TMED9,11
TMPRSS11B,11
TNFSF15,11
TOR1AIP2,11
UBQLN2,11
UQCRQ,11
UTP14C,11
WFDC8,11
ZNF280C,11
ZNF527,11
ZNF671,11
ZNF705D,11
ADH1C,10
AGBL3,10
ANKS4B,10
APELA,10
BCL2A1,10
C1QTNF2,10
C1QTNF3-AMACR,10
CETN3,10
CFHR3,10
CHAC2,10
CLIC2,10
CPB2,10
CSTF2T,10
CWC22,10
CXCL6,10
DPY30,10
DSG4,10
EQTN,10
F2RL2,10
FAM133A,10
FGL2,10
GABRR3,10
GIMAP4,10
GPR34,10
GPR87,10
GUCY2F,10
HFE,10
HLA-DQA2,10
HPGDS,10
IFIT1,10
IL26,10
KIR3DL1,10
KRT24,10
LAMP5,10
LMOD2,10
LRRD1,10
MBTPS2,10
MDH1B,10
MMP7,10
MPEG1,10
MRGPRX4,10
MYOZ2,10
NDP,10
NDUFB6,10
NPSR1,10
OR4C3,10
OR7A5,10
OR8S1,10
ORC1,10
P2RY13,10
PCDHB1,10
PCDHB2,10
PGBD1,10
PRG4,10
QRFPR,10
RBM48,10
RPF1,10
SAMD9L,10
SMCO1,10
SPINT4,10
STX7,10
TMEM212,10
TNFSF18,10
UFM1,10
UGT2B11,10
XCL1,10
ZNF474,10
ZNF780B,10
ABT1,9
AGR3,9
ARSK,9
ATXN7L3B,9
BLID,9
C10orf53,9
C2orf49,9
C2orf66,9
CGA,9
CHMP4C,9
CYP7A1,9
EID1,9
FAM124B,9
GBP7,9
GOLPH3L,9
GRXCR1,9
GYPB,9
ICOS,9
IMPG2,9
KLRB1,9
KRT10,9
KRT40,9
LPAR4,9
LRRC58,9
LSM8,9
MMP12,9
MOCS3,9
MS4A2,9
MYH8,9
NAP1L3,9
NMS,9
OR2A14,9
OR5H15,9
PCDHB16,9
PDE6H,9
PGBD4,9
PIGM,9
PLET1,9
PPBP,9
PRPF38A,9
RABIF,9
RPF2,9
SH2D1B,9
SLC10A5,9
SLC22A24,9
SLITRK6,9
SMCO3,9
SPINK13,9
SSTR1,9
SUPT7L,9
SYTL3,9
THAP6,9
VCPKMT,9
WDR33,9
WDR5B,9
ZNF404,9
ZSWIM2,9
ABHD10,8
ACKR4,8
ATOH7,8
B3GALT2,8
BLZF1,8
CALCRL,8
CARD18,8
CLEC6A,8
COA6,8
CRISP3,8
CTAGE9,8
CXCL10,8
DNAJB7,8
DUSP19,8
GNAT3,8
GPR149,8
GPR171,8
GPR65,8
GPR82,8
GPRC6A,8
GRPR,8
GYPE,8
HRNR,8
HSPB3,8
IFNA4,8
KLRF2,8
LRRC39,8
MMP13,8
MS4A5,8
MYH1,8
MYH4,8
OMD,8
OR52A1,8
PCDHB15,8
POF1B,8
RAB40A,8
RGS21,8
STARD4,8
TECTB,8
TMEM244,8
TRIM42,8
VCAM1,8
ALG10,7
AMELX,7
ANGPTL1,7
ATP6V0D2,7
BCHE,7
CLEC12B,7
DCAF8L2,7
DGUOK,7
FAM229B,7
FKBP1C,7
LIPN,7
LIX1,7
LMO7DN,7
LPA,7
LYZL2,7
MS4A13,7
OSTN,7
PCDHB12,7
PCDHB5,7
PNLIPRP3,7
PTH,7
RANBP3L,7
RGS1,7
SPINK6,7
TMEM207,7
TMPRSS11F,7
TMTC3,7
TRAM1L1,7
VWC2L,7
ALG10B,6
AMBN,6
CLRN3,6
DSG3,6
GLIPR1,6
GNRH1,6
GPR22,6
HTR2A,6
KLB,6
LUM,6
MAGEB10,6
MKRN3,6
MRGPRX2,6
PCDHB4,6
PCDHB6,6
PLN,6
PRR32,6
S100G,6
SMIM18,6
TRIM77,6
AMTN,5
BMP5,5
CAPSL,5
EVI2A,5
FABP9,5
GLYATL3,5
HRH4,5
KRT26,5
LRRN3,5
MEP1A,5
OMG,5
OSTC,5
PCDHB14,5
RAD51AP2,5
STX19,5
TRAT1,5
TTC5,5
CPO,4
MPZL3,4
NAP1L2,4
NDST4,4
OOSP2,4
POU1F1,4
CYLC1,3
DIRC1,3
NXPE2,3
RXFP2,3
UGT2B28,3
GFRAL,2
