gene,n_hits
HRC,61
PLCXD1,59
TRPM4,59
DVL1,57
MMP23B,55
THOC6,55
TSPAN31,55
SLC6A8,54
CDH15,53
CPLX1,53
PCGF3,53
SERPINF2,53
COL18A1,52
IGLON5,52
KLF16,52
TCAP,52
MYADM,51
RGS19,51
SHC2,51
WNT6,51
ZBTB7B,51
ASPHD1,50
CHKB,50
CLDN6,50
LRRC24,50
SAP25,50
SLC16A8,50
TBC1D24,50
BCL3,49
C8orf82,49
CFD,49
COL11A2,49
FES,49
FSTL3,49
GCGR,49
GRIN2D,49
MAPK11,49
OBSCN,49
PNCK,49
PRCD,49
TNNI2,49
CRIP1,48
DIRAS1,48
DUSP8,48
EPPK1,48
HGFAC,48
KDELR1,48
KREMEN2,48
KRTCAP2,48
NR2F6,48
PKP3,48
PLCB3,48
TNNI3,48
TRIM65,48
VAV2,48
AATK,47
AQP5,47
CACNG6,47
CGB7,47
CTCFL,47
CYBA,47
DEAF1,47
EGFL7,47
FBXL16,47
FGF11,47
KCNN1,47
MICALL2,47
NTF4,47
SH3BP2,47
SLC25A22,47
SOX8,47
SRPK3,47
TMEM190,47
TOR4A,47
TRABD,47
ZBTB7A,47
ZFP92,47
C17orf107,46
C2CD4C,46
CDH5,46
EEF1A2,46
FASTK,46
FBXL15,46
GAL3ST1,46
GPIHBP1,46
GPS1,46
HES2,46
KIFC2,46
LRRC4B,46
MEIS3,46
MFSD12,46
MIOX,46
OPRL1,46
SEMA3B,46
SHOX,46
SLC25A6,46
SLC2A4RG,46
TNFRSF13C,46
UCN2,46
ACE,45
BCORL1,45
C16orf74,45
CARM1,45
CIRBP,45
FGF8,45
GAL,45
GRIN2C,45
HDAC10,45
IFITM10,45
IL11,45
INS-IGF2,45
LAMA5,45
LCNL1,45
LRRC26,45
MAPK12,45
MFAP2,45
MSANTD1,45
MYH6,45
NKD2,45
NOTUM,45
NXPH3,45
PANO1,45
PBX2,45
PNMT,45
PRKD2,45
PRR22,45
PYGM,45
SBF1,45
SEMA3G,45
SEZ6L2,45
TGFBR3L,45
TMEM105,45
TMEM52,45
TSPAN32,45
ADGRD2,44
ANKRD13D,44
ANKRD9,44
CABP7,44
CDC42EP5,44
CDK18,44
CHRND,44
DNAH2,44
DNMT3L,44
FAM110D,44
GJC2,44
GNB1,44
GPSM1,44
GPT,44
INCA1,44
ISYNA1,44
JOSD2,44
LFNG,44
LIM2,44
LYPD2,44
MIDN,44
MUC5B,44
NEK8,44
NOL3,44
NUDT8,44
OTOP2,44
POLD4,44
POLE,44
PRDM16,44
PRRT2,44
PTGDS,44
RASGRP2,44
RCOR2,44
RINL,44
RORC,44
S1PR4,44
SBK3,44
SLC17A7,44
SMIM5,44
SORBS3,44
SPSB3,44
TYMP,44
ZBTB47,44
ZNF423,44
ZNF48,44
ZNF554,44
ABCA2,43
ADM5,43
AEBP1,43
ATP6V1B1,43
BAD,43
C19orf81,43
CBFA2T3,43
CD79B,43
CDK5,43
CEBPB,43
CILP2,43
CLCF1,43
COL8A2,43
CRB2,43
CSNK1D,43
DBN1,43
DMPK,43
DNAJC22,43
EBI3,43
ENTPD2,43
FBXW5,43
GGN,43
GPR108,43
HIC1,43
HPCA,43
HSPB7,43
ISG15,43
ITGB2,43
KCNJ14,43
KCNK7,43
KCNK9,43
KCNT1,43
LCAT,43
MEGF6,43
MEX3D,43
MMEL1,43
MMP11,43
MRGBP,43
NAA38,43
NOSIP,43
PDGFA,43
PLCB2,43
PPP1R16A,43
RFNG,43
RUFY4,43
SHANK1,43
SIGIRR,43
SIPA1,43
SNED1,43
SQSTM1,43
TMEM256,43
TMEM256-PLSCR3,43
TRAPPC3,43
TTC34,43
ZFPM1,43
ZNF512B,43
ZNF574,43
ADGRG1,42
AMDHD2,42
ARHGEF16,42
B3GNT7,42
CACNG7,42
CBARP,42
CEP170B,42
CLCNKA,42
CUEDC1,42
CUTA,42
DUSP7,42
DUSP9,42
FAM83H,42
FOXH1,42
FTL,42
FUOM,42
FUT7,42
HDAC3,42
IGF2,42
INHBB,42
KCNJ4,42
LIG1,42
LMNA,42
LRP1,42
LRRC23,42
LY6D,42
MARCKSL1,42
MGAT3,42
MISP,42
MLLT6,42
NAT14,42
NELFA,42
NPDC1,42
NTRK1,42
ORAI3,42
PIK3CD,42
PLPP2,42
POLR2L,42
PRKCZ,42
PTK6,42
PTPN7,42
RANBP1,42
RARG,42
ROM1,42
S100A16,42
SYNGAP1,42
TIGAR,42
TMEM86B,42
TNS2,42
TRMT61A,42
VAX2,42
WNT7B,42
ZNF70,42
AHRR,41
AIRE,41
ARC,41
BAIAP2L2,41
BRICD5,41
C11orf21,41
C20orf144,41
CATSPER4,41
CELSR3,41
CHRNG,41
CKM,41
CLDN15,41
CRABP2,41
DCHS1,41
DHX58,41
DLL4,41
DOK7,41
EMD,41
ERICH1,41
F7,41
FGF17,41
FSCN2,41
FSD1,41
GAL3ST3,41
GALP,41
GDI1,41
GPC1,41
HAPLN3,41
HR,41
HSD3B7,41
INAFM1,41
KIAA0319L,41
KRT80,41
MEGF8,41
MTX1,41
NPHP4,41
ONECUT3,41
PCOLCE,41
PHF1,41
PHF7,41
PLCD1,41
PRDM12,41
PTPRN2,41
RAB1B,41
RAD9A,41
SAMD14,41
SBK2,41
SCUBE1,41
SEMA4A,41
SH3BP1,41
SH3D21,41
SLC25A34,41
SLC47A2,41
SMG1,41
SNCG,41
SSC5D,41
SULT2B1,41
TBC1D3B,41
TMEM82,41
ADAMTSL5,40
ADGRG3,40
AGPAT3,40
ALAS1,40
ANGPTL8,40
APOE,40
ARF1,40
ARHGAP30,40
ARRDC1,40
ASB10,40
ASIC4,40
ASS1,40
BAHD1,40
BCAP31,40
BCL11B,40
C19orf73,40
C1QL1,40
CACNA2D2,40
CACNB3,40
CADM4,40
CAMK2B,40
CHMP2A,40
CLCN2,40
CLIC3,40
CPT1C,40
DCST1,40
DCST2,40
DEFB124,40
DNAJB5,40
DOC2B,40
EIF4E1B,40
ELMO3,40
ENG,40
ETFB,40
FBRSL1,40
FLNC,40
FOXK1,40
GDPD5,40
HBA2,40
HPN,40
ITGA5,40
ITPK1,40
KCNQ1,40
KCNQ4,40
KCTD21,40
KLK15,40
LEFTY2,40
LOXL3,40
LPCAT1,40
MAP3K12,40
MCAM,40
MDK,40
MUC12,40
NOC2L,40
NXPH4,40
PEPD,40
PIGQ,40
PITPNM1,40
PIWIL1,40
PLEKHG6,40
PLPPR2,40
POU2F2,40
PRKCD,40
PRR12,40
SCX,40
SEC16A,40
SEMA6B,40
SFXN3,40
SIGLEC8,40
SLC29A4,40
SLC52A2,40
SNAPC2,40
SORCS2,40
SPATA20,40
SSBP4,40
SSH3,40
SYNGR3,40
TAGLN2,40
TARBP2,40
TEAD3,40
TMEM200B,40
TMIGD2,40
TSHZ3,40
TTLL9,40
UNC13D,40
USF2,40
VWA7,40
WIZ,40
ZNF853,40
ADAM8,39
ADAMTS4,39
ADORA2A,39
AIFM3,39
ASPHD2,39
ATP2A1,39
BCAM,39
CABLES2,39
CABP2,39
CARD19,39
CFAP99,39
CNIH2,39
COL6A2,39
COX14,39
CSNK1G2,39
CYSRT1,39
DKKL1,39
DLGAP3,39
DUS2,39
EML3,39
EWSR1,39
EXOC3L4,39
FAAP20,39
FAM78A,39
FSCN1,39
GAREM2,39
GDPD3,39
GNAZ,39
GSDMA,39
GTF2IRD1,39
IGSF8,39
KCNH2,39
KIF1C,39
KIF26A,39
KRT19,39
LAT,39
MAFA,39
MLF2,39
MNT,39
MYOZ3,39
MZB1,39
NECAB3,39
NKPD1,39
NOVA2,39
NSMF,39
NTN5,39
NXNL2,39
P3H3,39
PCBP3,39
PCSK4,39
PFN1,39
PHF13,39
PLEKHG2,39
PLEKHN1,39
PLPPR3,39
PLXNB2,39
POLD1,39
PPFIA3,39
PPP1CA,39
PRR36,39
PRSS27,39
PXMP2,39
RAB3B,39
RABEP2,39
RASIP1,39
REEP6,39
RGPD8,39
SCN1B,39
SERPINH1,39
SH2B2,39
SH2D4B,39
SIK1,39
SLC25A29,39
SMIM1,39
SSBP3,39
SUSD3,39
TMCO4,39
TMEM102,39
TMEM240,39
TMEM38A,39
TP53TG5,39
TP73,39
TTLL8,39
UBE2M,39
UBL4A,39
WDR45B,39
ZDHHC24,39
ACAP3,38
ACSF2,38
ADGRA1,38
ADRA2B,38
AHNAK2,38
AIP,38
ALPL,38
ALS2CL,38
ARFGEF2,38
ATP1A2,38
ATP4A,38
BTBD19,38
CACNA1G,38
CALML6,38
CAMK2G,38
CAMP,38
CARNS1,38
CARS2,38
CBX4,38
CCAR2,38
CCDC85C,38
CCL16,38
CCNF,38
CHMP1A,38
CLEC2L,38
CSPG4,38
DLK1,38
DNAJC4,38
EFS,38
EGR3,38
EMILIN1,38
ENKD1,38
FBXO24,38
FGFR3,38
FOXO3,38
GAB4,38
GAPDH,38
GCKR,38
GNB3,38
GOLGA2,38
GPR17,38
HAS1,38
HAUS8,38
HMGA1,38
ICAM5,38
JSRP1,38
KHDRBS3,38
KMT2B,38
LIF,38
LMX1B,38
LPAR2,38
LRRC32,38
LY75-CD302,38
MAD2L2,38
MAMSTR,38
MAPK13,38
MCF2L,38
MKNK2,38
MUC17,38
NEFH,38
NLRC3,38
NRN1L,38
OTOP1,38
PEX10,38
PFKFB4,38
PLK5,38
PLOD3,38
POLRMT,38
PPP1R3G,38
PPP2R5C,38
PRPSAP1,38
PUSL1,38
RAB40C,38
RALB,38
RAMP3,38
RIMS2,38
RNF167,38
RNF208,38
RNPS1,38
RPH3A,38
RSPH6A,38
SIRPA,38
SLC12A9,38
SMARCD3,38
SMIM22,38
SPIB,38
STEAP3,38
SYMPK,38
TEAD2,38
TMEM253,38
TSSK3,38
TTLL10,38
TTYH2,38
UCKL1,38
UFSP1,38
UNKL,38
VASN,38
VEGFB,38
WNT9A,38
ZFYVE21,38
ZNF385A,38
ZNF467,38
ABHD16B,37
ABTB1,37
ACO2,37
ADAM11,37
ADGRB1,37
AGPAT2,37
AKT1,37
ANKRD62,37
ARHGEF25,37
ATN1,37
ATP2B2,37
ATP2B3,37
ATP6V1E2,37
ATP8B3,37
BAIAP3,37
BEGAIN,37
BICD2,37
C11orf68,37
C16orf86,37
C1QL4,37
C2orf76,37
CA4,37
CACNA1H,37
CACNG4,37
CASKIN1,37
CCDC3,37
CCL25,37
CDC34,37
CDH24,37
CEACAM7,37
CHD4,37
CHRNB1,37
CLDN7,37
CLIP2,37
COL7A1,37
CPTP,37
CRELD1,37
CST3,37
CTSD,37
CTXN1,37
CXCL12,37
CXCL16,37
DGAT1,37
DOC2A,37
EFNB3,37
EML2,37
EPX,37
ERGIC1,37
ERICH4,37
EXOC7,37
FAM25C,37
FAM90A26,37
FGFRL1,37
FIBCD1,37
FTCD,37
FXYD5,37
FXYD7,37
GDPD2,37
GMEB2,37
GPRC5C,37
GRAMD4,37
GRIK4,37
GRIN1,37
GSDMD,37
HBA1,37
HCFC1R1,37
HEMK1,37
HES5,37
HES6,37
HSD11B2,37
HSPB6,37
IGSF22,37
IL17RC,37
IL25,37
IRX4,37
ITGB7,37
JRK,37
KIF7,37
LAMB2,37
LCK,37
LGALS1,37
LRRC45,37
LRRC74B,37
LRRC75B,37
MAP2K2,37
MAPK8IP1,37
MIEF1,37
MOGAT3,37
MPG,37
NAA40,37
NADK,37
NDRG4,37
NFATC1,37
NFYB,37
NISCH,37
NOP9,37
NR1D1,37
NRARP,37
NUMBL,37
PAQR6,37
PAX7,37
PDE2A,37
PKMYT1,37
PLXNA1,37
PPP1R14B,37
PPP2R5B,37
PPP6R3,37
PRCC,37
PRICKLE3,37
PRICKLE4,37
PRPF6,37
PRSS55,37
PWWP2B,37
RAB24,37
RAB40B,37
RAC3,37
RAI1,37
RBFOX3,37
RBM38,37
RER1,37
RET,37
RNF38,37
RRAD,37
SCRIB,37
SCUBE2,37
SDR9C7,37
SHD,37
SLC12A7,37
SLC16A3,37
SLC25A42,37
SLC6A18,37
SLC6A7,37
SLIT1,37
SNX33,37
SOX18,37
ST6GALNAC6,37
STAG3,37
STOML2,37
SYNE4,37
TAS1R3,37
TBC1D10B,37
TCF20,37
TCIRG1,37
TEAD4,37
TGFA,37
TIGD3,37
TMEM132A,37
TMEM143,37
TMEM145,37
TMEM88,37
TMUB1,37
TNFRSF10D,37
TNFRSF1A,37
TNFRSF25,37
TNNC1,37
TPPP2,37
TRAPPC5,37
TRERF1,37
TRNP1,37
TYROBP,37
UBE2J2,37
UBE2R2,37
ULK3,37
UQCRH,37
UVSSA,37
VEGFA,37
WFIKKN1,37
WNT10B,37
ABI3,36
ACAP1,36
ACTL6B,36
ADAMTS7,36
ADCK5,36
ADGRL1,36
AHNAK,36
AMH,36
APC2,36
ARHGAP22,36
ATL2,36
BAIAP2L1,36
BIRC7,36
BMP1,36
BTG2,36
C1QTNF8,36
C1orf210,36
CAMK2N1,36
CAPN11,36
CCDC12,36
CCDC187,36
CD209,36
CD300C,36
CDC42BPB,36
CDH11,36
CHRM1,36
CKB,36
CLDN19,36
CLEC4G,36
COL9A3,36
COMTD1,36
CRLF1,36
CRMP1,36
CSK,36
CTRL,36
CYP2W1,36
DCTN3,36
DENND4B,36
DHRSX,36
DNAH1,36
DPYSL4,36
DSTN,36
EBF4,36
EHBP1L1,36
ELFN1,36
ELP5,36
EPHA8,36
ESRRA,36
F11R,36
FAM20C,36
FAM25G,36
FKBP5,36
GIT1,36
GMIP,36
GPR132,36
GPR137,36
GPR20,36
GRIK5,36
HBM,36
HCN2,36
HLX,36
HYPK,36
IGF2BP2,36
IL17REL,36
INPPL1,36
IRX3,36
ITPKC,36
KCNAB2,36
KCNAB3,36
KCNE5,36
KCNJ11,36
KCP,36
KCTD11,36
KLHL26,36
KMT5C,36
LLGL2,36
LRFN4,36
LRRC42,36
LTC4S,36
LYL1,36
MAP3K11,36
MAPK8IP2,36
MATN1,36
MAZ,36
MBD6,36
MLST8,36
MMD2,36
MPPED1,36
MTFR1L,36
MXD3,36
MYL9,36
NEURL4,36
NKG7,36
NONO,36
NOTCH1,36
NTNG2,36
NUDT22,36
PARD6A,36
PDIA2,36
PDLIM7,36
PIEZO1,36
PPP1R1A,36
PROP1,36
PSMB10,36
RCOR1,36
RGL3,36
RGS12,36
RHOC,36
RPP25,36
RTN2,36
SDC3,36
SGSH,36
SHANK2,36
SHISA8,36
SIGLEC9,36
SIX5,36
SLC22A7,36
SLC23A1,36
SLC27A1,36
SLC38A8,36
SLC48A1,36
SLC6A12,36
SLC6A4,36
SNAI1,36
SNAPC4,36
SPATA33,36
STIP1,36
TCF25,36
TINAGL1,36
TMC6,36
TMC8,36
TMEM132B,36
TMEM59L,36
TMIE,36
TOMM40,36
TOMM40L,36
TPP1,36
TRAF4,36
TRPM2,36
TSEN34,36
TSNARE1,36
TSTD1,36
TWF2,36
UAP1L1,36
UBE2I,36
UPK2,36
VASP,36
VENTX,36
WDR6,36
WDR97,36
ZMIZ1,36
ZNF181,36
ZNF185,36
ZNF652,36
ZNF703,36
ABHD14A,35
ACR,35
ADRA2C,35
ALG1L2,35
ALKBH6,35
ALKBH7,35
ANO1,35
AP5B1,35
APBB3,35
APRT,35
ARFGAP2,35
ARHGEF40,35
ARSD,35
BAP1,35
BCAT2,35
BLVRB,35
BRPF1,35
C1QTNF4,35
CA7,35
CACNG8,35
CBX7,35
CCDC136,35
CCDC154,35
CCDC28B,35
CCL27,35
CD37,35
CDH3,35
CDX1,35
CEACAM1,35
CERS4,35
CHRFAM7A,35
CHTF18,35
CISD3,35
CLCNKB,35
CLMN,35
CNTROB,35
COX4I2,35
CPT1B,35
CROCC2,35
CTDSPL,35
CTTN,35
CXXC5,35
CYP2A6,35
DNAJB1,35
DPCD,35
DUSP1,35
EIF3K,35
ELFN2,35
EML1,35
ERAS,35
ESPNL,35
ETNK2,35
EVI5L,35
EXOC2,35
FADS6,35
FBLN7,35
FBXO44,35
FOXF1,35
GABBR2,35
GAL3ST4,35
GATA3,35
GBA2,35
GBGT1,35
GNG8,35
GNGT2,35
GPR162,35
GRTP1,35
HCN4,35
HSD17B14,35
HSF1,35
HVCN1,35
ICOSLG,35
IGSF3,35
INPP5J,35
ISLR,35
ITGAX,35
JPH4,35
KCNB1,35
KCND1,35
KCNH6,35
KCNK4,35
KCNK5,35
KCNN4,35
KDM6B,35
KIAA0232,35
KIDINS220,35
KLF13,35
KLHL17,35
KMT2A,35
KNDC1,35
KRI1,35
KRT15,35
LAMB3,35
LARP4B,35
LDB3,35
LGI4,35
LGR6,35
LMAN1L,35
LRRN4CL,35
LSM7,35
LSMEM2,35
LTBP2,35
LTBP3,35
LTBR,35
LYPD4,35
MACROD1,35
MAD1L1,35
MAP4K2,35
MEF2D,35
MEX3A,35
MMP15,35
MSX1,35
NETO1,35
NINJ1,35
NKAIN4,35
NLGN2,35
NR3C2,35
NRBP2,35
NTF3,35
P2RY11,35
PAX2,35
PCGF5,35
PDXK,35
PERM1,35
PEX16,35
PGPEP1,35
PIGZ,35
PITPNA,35
PLXDC1,35
PML,35
PNPLA2,35
PPARA,35
PPARD,35
PPDPF,35
PRAM1,35
PRKCG,35
PROCA1,35
PROCR,35
PROM2,35
PRPH,35
PRR5,35
PRRX1,35
PSTPIP1,35
PTBP1,35
PUS1,35
RADIL,35
RALGDS,35
RAP1GAP,35
RBPMS2,35
REEP4,35
RENBP,35
RHBDL3,35
RIIAD1,35
RNF31,35
RTN4R,35
RTN4RL2,35
S100A5,35
SAMD11,35
SCYL1,35
SEMA4D,35
SFRP5,35
SGSM1,35
SH3BGRL3,35
SHARPIN,35
SHISA5,35
SIGLEC7,35
SLCO4A1,35
SOX10,35
SP140L,35
SPATA32,35
ST3GAL3,35
STRBP,35
STX10,35
STX5,35
SULT1A3,35
SULT1A4,35
SYCE1,35
SYNJ2,35
SYT2,35
TBC1D10C,35
TBKBP1,35
TBX6,35
TBXA2R,35
THBS3,35
TLCD1,35
TNFRSF12A,35
TNFRSF4,35
TNNC2,35
TNS1,35
TPI1,35
TPSG1,35
TRIOBP,35
TRIP6,35
TRPT1,35
TST,35
TUBB2A,35
TUBB4A,35
UBXN10,35
UBXN11,35
UPK3A,35
VDR,35
VPS9D1,35
VWA1,35
WNT11,35
ZBED4,35
ZDHHC8,35
ZMIZ2,35
ZNF296,35
ZNF710,35
ZNF846,35
AAAS,34
ABCA7,34
ACBD4,34
ADAMTS14,34
ADCY6,34
ADCYAP1R1,34
AGAP3,34
AHDC1,34
AP3D1,34
AQP7,34
ARFGAP1,34
ARHGDIG,34
ARHGEF1,34
ARHGEF3,34
ARL10,34
ASIC1,34
ATP2A3,34
BEAN1,34
BMP7,34
C10orf105,34
C16orf95,34
C19orf25,34
C1QTNF5,34
C1orf54,34
C20orf173,34
C3orf18,34
CACFD1,34
CAMKK1,34
CBL,34
CCDC42,34
CCDC71,34
CD9,34
CDK2AP1,34
CDSN,34
CERK,34
CES2,34
CFAP157,34
CFL1,34
CLEC11A,34
CLEC18A,34
CLEC18B,34
CMIP,34
CNTD1,34
CNTFR,34
COL20A1,34
COL26A1,34
COL27A1,34
COMP,34
CORO1A,34
CPLX3,34
CPNE7,34
CRACR2B,34
CRIP2,34
CTSW,34
DAPK2,34
DBP,34
DDIT4,34
DRAXIN,34
EBNA1BP2,34
EGFLAM,34
ELK3,34
EMC6,34
EMILIN3,34
ENPP7,34
EPAS1,34
EPS8L2,34
EXD3,34
FASN,34
FERMT3,34
FKBP10,34
FNDC4,34
FNDC5,34
FOXP4,34
FUT6,34
GAS2L1,34
GBX1,34
GMFG,34
GPER1,34
GPR153,34
GPRIN2,34
HELZ,34
HES4,34
ICAM4,34
IDH3A,34
IGFBP6,34
IP6K3,34
IQCC,34
IRF5,34
JPH2,34
JUND,34
JUP,34
KCNJ10,34
KCTD17,34
KHSRP,34
KIF25,34
KLHL21,34
KLHL35,34
KLK1,34
KMT2D,34
KMT5B,34
KRT18,34
LDLRAP1,34
LRRC4,34
MICALL1,34
MN1,34
MRGPRF,34
MXD4,34
MYL7,34
MZT2A,34
NAB2,34
NACC2,34
NCAPH2,34
NCS1,34
NF1,34
NHLH1,34
NIPSNAP1,34
NKD1,34
NPAS2,34
NR6A1,34
NRCAM,34
NTMT1,34
NYNRIN,34
P2RY2,34
PALM,34
PDE4A,34
PDE9A,34
PER2,34
PFKL,34
PIP5KL1,34
PLD4,34
PLEKHG4B,34
PLIN4,34
PLIN5,34
PNMA6A,34
POFUT2,34
PPP1R1B,34
PPP2R2C,34
PRR29,34
PRRG3,34
PSD4,34
PTPN5,34
R3HDM4,34
RASA3,34
RASD2,34
RBP5,34
REM1,34
RFX4,34
RILPL1,34
RIN2,34
RNASEH2A,34
RNF126,34
RPP21,34
RTN4RL1,34
RUSC2,34
SAMD4B,34
SAMD8,34
SBK1,34
SBSN,34
SCAF4,34
SCGB3A1,34
SCN4A,34
SCO2,34
SEMA3F,34
SEMA4G,34
SGCA,34
SH2B3,34
SH3PXD2B,34
SHH,34
SLC16A2,34
SLC25A1,34
SLC26A6,34
SLC38A3,34
SLC39A7,34
SLC45A1,34
SLC45A4,34
SLC5A1,34
SLC6A19,34
SP100,34
SPRED3,34
STK25,34
STRN4,34
STX1B,34
SUN1,34
SUSD2,34
SWI5,34
SYNPO,34
TAOK2,34
TAPBPL,34
TBX1,34
TCF7,34
TMC4,34
TMEM176B,34
TMEM74B,34
TNFRSF18,34
TOB2,34
TOX3,34
TPM4,34
TPPP,34
TRPV3,34
TSPAN14,34
TSR1,34
TXNDC5,34
UNC5B,34
USP42,34
VAV1,34
VSIG2,34
WBP2NL,34
WDR86,34
WNT3A,34
WRAP73,34
WSB2,34
YBX2,34
ZCCHC14,34
ZCWPW1,34
ZFYVE28,34
ZNF524,34
ZNF7,34
ZNHIT1,34
A4GALT,33
ABCA1,33
ABCC3,33
ABCD1,33
ACADVL,33
ACVRL1,33
ADAMTSL4,33
ADGRA2,33
ADGRB2,33
ALDH1A3,33
ANHX,33
AP2A2,33
APOBR,33
ARF3,33
ARFRP1,33
ARID3A,33
ARL8A,33
ASPG,33
ATP1A3,33
BCAR1,33
BCOR,33
BHLHE40,33
BOP1,33
BTNL9,33
C20orf202,33
C6orf136,33
CACNA1B,33
CACNA1S,33
CAND2,33
CAPG,33
CASQ1,33
CBLC,33
CCDC120,33
CCDC78,33
CCL22,33
CD151,33
CD276,33
CDC25B,33
CDH16,33
CERS2,33
CETN2,33
CHD3,33
CHMP6,33
CHPF,33
CHST8,33
CLDN9,33
CLIP3,33
CNFN,33
CPEB1,33
CSDC2,33
CYB5R3,33
CYP4F22,33
DAO,33
DCUN1D2,33
DENND5A,33
DGKZ,33
DISP2,33
DMKN,33
DNASE1L2,33
DOK3,33
DOK4,33
DRD2,33
ECHS1,33
EEF2KMT,33
EGR1,33
ELF4,33
ELN,33
EMP3,33
EPS8L3,33
F10,33
FADS2,33
FAM25A,33
FAM72A,33
FAM90A1,33
FBL,33
FBLIM1,33
FBXL13,33
FBXO6,33
FKBP1B,33
FLII,33
FLRT1,33
FOXA3,33
GABRB2,33
GABRD,33
GLB1L,33
GLCE,33
GML,33
GNA13,33
GPS2,33
GRIN3B,33
GRM2,33
GSDMB,33
GTSE1,33
HAUS7,33
HBEGF,33
HIP1R,33
HIPK4,33
HSPA12B,33
HSPB9,33
HTRA2,33
INF2,33
INHBE,33
INPP5A,33
INPP5B,33
INSR,33
IRX1,33
JAK3,33
JUNB,33
KANK2,33
KCNJ12,33
KDELR3,33
KHNYN,33
KIF21B,33
KIRREL2,33
KLHDC8B,33
KLK2,33
KRT86,33
KRTCAP3,33
LINGO1,33
LMF1,33
LY6H,33
MAG,33
MAPK9,33
MARVELD3,33
MED16,33
MFNG,33
MIEF2,33
MOB3A,33
MSN,33
MVB12A,33
MYBPH,33
MYCBPAP,33
MYO7A,33
MYO9B,33
N4BP3,33
NAT16,33
NDRG2,33
NFASC,33
NOL4L,33
NPHS1,33
NTRK3,33
NTSR1,33
ODF2,33
OLFM2,33
OPA3,33
OPLAH,33
ORAI2,33
OSBPL2,33
OST4,33
P2RX1,33
P2RX6,33
PACSIN1,33
PDCD6,33
PDE6B,33
PFKP,33
PHGR1,33
PILRB,33
PIM3,33
PITX1,33
PLCG1,33
PLEKHH3,33
PLXNB1,33
PLXND1,33
PODNL1,33
POR,33
PPIE,33
PPP1R12C,33
PPP1R9B,33
PRKCB,33
PROC,33
PROSER3,33
PRR7,33
PRSS36,33
PTCHD1,33
PTGIR,33
PTH1R,33
PTPN18,33
PTPRE,33
PTPRH,33
RARA,33
RASAL1,33
RHOQ,33
RIC8A,33
RNF213,33
RPUSD3,33
RRP36,33
RRP9,33
SALL1,33
SGSM2,33
SKIL,33
SLC2A1,33
SLC2A4,33
SLC35A2,33
SLC35E4,33
SLC4A1,33
SLC51A,33
SMTNL2,33
SORCS3,33
SPRY4,33
SPTBN5,33
STAB1,33
STMN1,33
STOML1,33
SYNDIG1,33
SYT5,33
TACC3,33
TACR2,33
TBCD,33
TBX10,33
TCEA2,33
TERT,33
TET1,33
TEX22,33
TFR2,33
THRA,33
TIMP1,33
TLE2,33
TMEM119,33
TMEM127,33
TMEM130,33
TMEM171,33
TNFRSF10C,33
TNIP2,33
TNS3,33
TP53INP2,33
TPM2,33
TPRG1L,33
TRABD2B,33
TRIP10,33
TSEN54,33
TTYH3,33
TUBGCP2,33
UBE2S,33
USF3,33
VPS28,33
ZBTB22,33
ZFP36L2,33
ZNF276,33
ZNF316,33
ZNF618,33
ABHD17A,32
ACKR1,32
ADAMTS2,32
ADARB1,32
AKAP8,32
ALKBH5,32
AMIGO1,32
ANAPC2,32
ANKRD2,32
ANO7,32
ANO9,32
APEH,32
ARHGAP8,32
ARID3B,32
ARID3C,32
ARMC12,32
ARMC7,32
ART1,32
ARVCF,32
ATP6V0D1,32
ATP8B2,32
ATP9B,32
ATXN7L2,32
ATXN7L3,32
AXIN1,32
AXL,32
AZU1,32
B3GALT4,32
BAIAP2,32
BCKDK,32
BCR,32
BET1L,32
BLVRA,32
C1QC,32
C22orf15,32
CA11,32
CACNA1I,32
CAMK1D,32
CARD10,32
CASKIN2,32
CATIP,32
CCDC88B,32
CCDC9,32
CCNL2,32
CD300LF,32
CD72,32
CEND1,32
CHRNE,32
CHST1,32
CIDEA,32
CLEC16A,32
CLN3,32
COL22A1,32
COX6B2,32
CPA1,32
CPAMD8,32
CPT1A,32
CRABP1,32
CRAT,32
CRYBB1,32
CST6,32
CTAG2,32
CTDSP2,32
CTSZ,32
CYFIP2,32
CYP2E1,32
CYTH1,32
DBNDD1,32
DCXR,32
DES,32
DNTTIP1,32
DPYSL2,32
DRICH1,32
DSN1,32
DTX3,32
DUOX2,32
DUOXA1,32
EDN2,32
EHMT2,32
EIF3I,32
ELAVL3,32
ENO3,32
ENPP6,32
EPB41,32
EVPL,32
EZR,32
FAM107A,32
FAM193A,32
FAM222A,32
FAM50A,32
FGF22,32
FIZ1,32
FKBP2,32
FLNA,32
FLYWCH2,32
FMNL1,32
GALNT9,32
GALR3,32
GATA5,32
GFPT2,32
GMPPA,32
GMPPB,32
GPRIN1,32
GREB1L,32
GRIK3,32
HAPLN4,32
HAX1,32
HIF3A,32
HIPK2,32
HMCN2,32
HOXA3,32
HOXA7,32
HPCAL1,32
HPCAL4,32
HSBP1L1,32
HSPB2-C11orf52,32
IBA57,32
IDS,32
INA,32
IRX5,32
ISOC2,32
ITGA7,32
ITIH1,32
KALRN,32
KCNA7,32
KCNC1,32
KCNC4,32
KCNK15,32
KCNS3,32
KCTD9,32
KDM5B,32
KIF12,32
KIF17,32
KLF11,32
KLHL30,32
KLK5,32
KREMEN1,32
KRT14,32
KRT78,32
LAMTOR2,32
LARP1B,32
LENG9,32
LGALS4,32
LOXL1,32
LRP8,32
LRPAP1,32
LRRC3B,32
LZTR1,32
MAFG,32
MAP4,32
MAP7D1,32
MERTK,32
MFSD6,32
MGAT4B,32
MINK1,32
MPDU1,32
MPI,32
MTA1,32
MUC3A,32
MUS81,32
MYH3,32
MYL3,32
MYO1C,32
MYPOP,32
MYRF,32
NADK2,32
NAT8L,32
NBEAL2,32
NCAPG2,32
NCOR2,32
NELFCD,32
NEUROD2,32
NFATC2IP,32
NFKBIE,32
NHP2,32
NLRP6,32
NME3,32
NMUR1,32
NOXO1,32
NPW,32
NRXN2,32
OBP2A,32
OLFM1,32
OPTN,32
OXT,32
PADI2,32
PAOX,32
PAQR5,32
PCP2,32
PDLIM4,32
PGAM2,32
PHACTR3,32
PLA2G15,32
PLEC,32
PLEKHF1,32
PLIN3,32
PLXNA4,32
PNMA2,32
PNPLA5,32
PPIL6,32
PPM1F,32
PPP1R27,32
PRAP1,32
PRDM11,32
PRDM6,32
PRDX5,32
PRKACA,32
PRRC2B,32
PTMS,32
PTPN20,32
RAB1A,32
RAB3IL1,32
RAB4B-EGLN2,32
RAI14,32
RASGEF1C,32
RCN3,32
RGS11,32
RHD,32
RNF112,32
ROBO3,32
RUNDC3A,32
RUVBL2,32
SAMD4A,32
SASH3,32
SCN4B,32
SCRN2,32
SDS,32
SECTM1,32
SF3B2,32
SLC15A3,32
SLC17A9,32
SLC25A10,32
SLC27A4,32
SLC2A6,32
SLC35G5,32
SLC45A3,32
SLC46A1,32
SLC9A3,32
SLC9A5,32
SMOX,32
SMURF1,32
SOCS1,32
SOCS3,32
SPESP1,32
SPNS2,32
SPTBN4,32
SRXN1,32
ST3GAL4,32
STAT5B,32
STC2,32
STK16,32
STX1A,32
SYNC,32
SYNGR1,32
TAGLN,32
TANGO2,32
TBC1D1,32
TBC1D10A,32
TBC1D17,32
TBXAS1,32
THTPA,32
TKT,32
TMEM151A,32
TMEM176A,32
TMEM198,32
TMEM8B,32
TNFRSF1B,32
TPBGL,32
TRAF3,32
TSPO,32
TTC7B,32
TVP23A,32
TWIST1,32
UBL5,32
UCK1,32
UMODL1,32
VMO1,32
WDR82,32
WT1,32
XYLT2,32
YTHDF1,32
ZBTB1,32
ZBTB12,32
ZGPAT,32
ZNF207,32
ZNF358,32
ZNF736,32
ZNF787,32
AAMP,31
ABCB9,31
ABCG5,31
ABLIM2,31
ACAA1,31
ACTG1,31
ACVR2B,31
ADCK2,31
ADCY5,31
ADCY9,31
AGO2,31
AGPAT1,31
AJAP1,31
AMBP,31
AMHR2,31
AMZ1,31
ANK1,31
ANKRD23,31
ANKRD39,31
AP1G2,31
AP2S1,31
APOA1,31
APOBEC3A,31
AQP3,31
ARHGEF10L,31
ARHGEF17,31
ARMC10,31
ART5,31
ARTN,31
ASB1,31
ATP1B1,31
ATP6V0B,31
B3GNT2,31
BACE2,31
BCL11A,31
BCL2L12,31
BCL7B,31
BEST2,31
BORCS8,31
BPIFB1,31
C1RL,31
CALHM2,31
CALM3,31
CASP2,31
CCDC57,31
CCDC86,31
CCM2L,31
CCND1,31
CCNO,31
CD27,31
CD63,31
CD93,31
CDC42EP1,31
CDK4,31
CDYL2,31
CELSR2,31
CERCAM,31
CETP,31
CFAP46,31
CFAP77,31
CGNL1,31
CHAT,31
CHST3,31
CKMT1B,31
CLIP1,31
CMTM3,31
CNDP1,31
CNTN2,31
COBL,31
COL1A1,31
CRTC2,31
CTBP2,31
CUEDC2,31
CUL9,31
CYP4F11,31
CYS1,31
DDIT3,31
DENND1A,31
DENND2D,31
DEXI,31
DGKE,31
DLG4,31
DLGAP4,31
DNAI2,31
DOCK1,31
DUSP15,31
DUSP2,31
DYNLL2,31
E2F1,31
E2F8,31
EFEMP2,31
ELOVL1,31
EPHB6,31
EPN3,31
ESPN,31
ETV3L,31
FAAP100,31
FAM167B,31
FAM83E,31
FAM83F,31
FAM86B2,31
FAM89A,31
FBLN2,31
FKRP,31
FLOT2,31
FOXP3,31
FPGS,31
FUT1,31
FXYD6-FXYD2,31
FZD10,31
GAL3ST2,31
GDF7,31
GFER,31
GJA4,31
GNAO1,31
GNG3,31
GNG7,31
GPD1,31
GRB14,31
GRB7,31
GRIP2,31
GSE1,31
GTPBP6,31
HCRTR1,31
HDDC3,31
HSD17B1,31
HSPA1L,31
HTRA3,31
ID1,31
IGDCC4,31
IL12RB1,31
IL17RB,31
IL32,31
ITIH5,31
JMJD7-PLA2G4B,31
JPH3,31
KCNG1,31
KCNMA1,31
KDM2A,31
KLK11,31
KLK6,31
L1CAM,31
LAD1,31
LENG1,31
LIMD2,31
LMBR1,31
LMO1,31
LRP2,31
LRRC10B,31
MACROD2,31
MARK4,31
MARVELD1,31
MAST1,31
MCOLN1,31
MGRN1,31
MLLT1,31
MLX,31
MMRN2,31
MNX1,31
MORN1,31
MPL,31
MTA2,31
MTG1,31
MYO1G,31
MYO7B,31
MYSM1,31
NACAD,31
NCAN,31
NCF1,31
NLRC5,31
NMRK2,31
NOL12,31
NOS3,31
NRP1,31
NRSN2,31
NYAP1,31
OBSL1,31
OSBPL7,31
OTOG,31
PAM,31
PARK7,31
PARP10,31
PDE4C,31
PDGFRB,31
PDZD7,31
PET100,31
PEX19,31
PFDN6,31
PHOX2A,31
PIGO,31
PIK3AP1,31
PIK3C2B,31
PKDCC,31
PKNOX1,31
PLEKHA4,31
PLXNA3,31
POLG,31
POU2F3,31
PPM1M,31
PPP3CB,31
PRLHR,31
PRRX2,31
PRSS56,31
PRTG,31
PSME2,31
PTDSS2,31
PTGES3,31
PTPRF,31
PTPRJ,31
PYGL,31
RAB11FIP4,31
RAB33A,31
RAB42,31
RAET1G,31
RAET1L,31
RASL10A,31
RAVER1,31
RBFOX1,31
REM2,31
RFX2,31
RHBDF1,31
RHBDF2,31
RHOD,31
RIN1,31
RNASEH1,31
RNF212,31
ROBO4,31
RREB1,31
RUNX3,31
S100A4,31
S1PR5,31
SAT2,31
SBNO2,31
SCUBE3,31
SDSL,31
SEC14L2,31
SEC14L5,31
SERPINA1,31
SH2D6,31
SH3GLB2,31
SH3PXD2A,31
SHISA9,31
SHKBP1,31
SHPK,31
SIM2,31
SLC12A3,31
SLC12A4,31
SLC16A5,31
SLC18A2,31
SLC25A25,31
SLC39A5,31
SLC41A1,31
SLC43A2,31
SLC4A2,31
SLC4A8,31
SMKR1,31
SPATA2L,31
SPON2,31
ST14,31
ST3GAL2,31
ST6GALNAC2,31
ST6GALNAC4,31
STARD8,31
STAT3,31
STXBP2,31
SYNE3,31
SYNGR4,31
SYT17,31
SYT7,31
TEX29,31
TFAP2A,31
TJP3,31
TM6SF2,31
TM7SF2,31
TMEM132E,31
TMEM37,31
TMEM43,31
TMEM97,31
TMPRSS4,31
TNNT2,31
TNRC18,31
TONSL,31
TPCN2,31
TPD52L2,31
TREX2,31
TRIM29,31
TRIM8,31
TRPV4,31
TRRAP,31
TSPAN17,31
TSPAN4,31
TSSC4,31
TTBK1,31
TTC16,31
TTC38,31
TUBB4B,31
TUBGCP6,31
UBE2F-SCLY,31
UBE2L6,31
UBQLN4,31
ULK1,31
USH1C,31
WDR83,31
WWC1,31
XRCC3,31
ZACN,31
ZBTB16,31
ZBTB18,31
ZBTB42,31
ZMYND10,31
ZNF584,31
ZNF610,31
ZNF687,31
ZSCAN10,31
A1BG,30
ABHD8,30
ACD,30
ADAMTS10,30
ADCY4,30
AFAP1,30
AK3,30
AK8,30
ALDOA,30
ANGPT4,30
ANKRD33B,30
APCDD1,30
APOBEC3G,30
APOL6,30
ATP11A,30
ATXN1,30
AUP1,30
B4GALNT4,30
BGN,30
BMP8A,30
BOLA2,30
BORCS8-MEF2B,30
BSN,30
BST1,30
BTBD2,30
C15orf62,30
C16orf46,30
C17orf99,30
C1R,30
C4orf50,30
C8orf58,30
C9orf78,30
CACNA2D3,30
CAPN9,30
CAPS,30
CAPZB,30
CARD11,30
CASK,30
CBLN3,30
CC2D1A,30
CCDC47,30
CCNE1,30
CD177,30
CD248,30
CD34,30
CDCA2,30
CDIPT,30
CDK2,30
CDK5R1,30
CDK9,30
CEACAM8,30
CEL,30
CEP72,30
CHAD,30
CISH,30
CLDN5,30
CLMP,30
CLP1,30
CMKLR1,30
CNN1,30
CNTNAP1,30
COL13A1,30
COL23A1,30
COL4A1,30
CPNE5,30
CREB3,30
CRYGN,30
CSF1R,30
CSNK1E,30
CTNS,30
CUL7,30
CX3CL1,30
CYP27C1,30
CYP2A13,30
DAGLA,30
DCTN2,30
DDX6,30
DEF8,30
DENND3,30
DENND5B,30
DERL3,30
DGCR6,30
DIP2C,30
DNAJC16,30
DNMT3B,30
DSCAML1,30
EEA1,30
EFHD2,30
EFNA1,30
EMC10,30
EME2,30
EPHA1,30
EPHB2,30
ESRP2,30
ETV2,30
EVL,30
FAIM2,30
FAM131B,30
FAM131C,30
FAM221B,30
FAM86B1,30
FBLN1,30
FBRS,30
FBXL19,30
FHOD1,30
FOSL1,30
FUT2,30
FZR1,30
GATA2,30
GCSH,30
GDF6,30
GFAP,30
GGTLC1,30
GIPC3,30
GLI1,30
GPBP1L1,30
GPD1L,30
GPR68,30
GPSM3,30
GRHL1,30
GRINA,30
GRM6,30
GTPBP2,30
HAMP,30
HCST,30
HDAC7,30
HDHD3,30
HEBP1,30
HNRNPDL,30
HNRNPL,30
HPX,30
HYOU1,30
ICAM1,30
IER5L,30
IFFO2,30
IGLL1,30
IKBKE,30
IKZF4,30
IL27,30
IL9R,30
INO80E,30
INTS1,30
IQSEC3,30
IRAK1,30
IZUMO4,30
JADE2,30
JAKMIP1,30
JMJD6,30
JMJD8,30
KCND3,30
KCNIP2,30
KCNJ5,30
KCNK3,30
KCTD15,30
KIAA0930,30
KLC4,30
KLF15,30
KLF4,30
KLHL22,30
KLK14,30
KRT7,30
LACRT,30
LGI3,30
LHFPL2,30
LMF2,30
LOXL4,30
LRFN3,30
LRP5L,30
LRRC14,30
LRRFIP1,30
LSM14B,30
LTB4R,30
LTBP1,30
MANF,30
MAPK3,30
MARK3,30
MBD1,30
MECOM,30
MEDAG,30
MEPCE,30
METTL1,30
MEX3B,30
MFAP4,30
MIF4GD,30
MLXIPL,30
MMP17,30
MOXD1,30
MRC2,30
MST1,30
MT1G,30
MTCL1,30
MYBBP1A,30
MYL10,30
MYO15A,30
NAIF1,30
NCOA2,30
NDUFA11,30
NDUFS8,30
NECAB2,30
NELFB,30
NFATC4,30
NNMT,30
NOP16,30
NPPA,30
NRG1,30
NUCB1,30
NUP50,30
OAZ2,30
OTOF,30
OTOP3,30
OXER1,30
PAPLN,30
PARP3,30
PDGFB,30
PER3,30
PHF2,30
PHKG1,30
PHLDB3,30
PHOSPHO1,30
PIANP,30
PITX3,30
PNMA3,30
PNPO,30
POLR2E,30
PPIL2,30
PPP1R13B,30
PPP6R1,30
PRAME,30
PREX1,30
PRKCE,30
PRKX,30
PRRT3,30
PSD,30
PTPN12,30
PXDC1,30
PXDN,30
PYCR1,30
RAB17,30
RAET1E,30
RAP1GAP2,30
RASSF1,30
RBP7,30
RFXANK,30
RIMS3,30
RNF123,30
RNF207,30
RNF8,30
RNPEPL1,30
RSAD2,30
RUNDC1,30
SARDH,30
SCAMP5,30
SDCBP2,30
SELENBP1,30
SEMA4C,30
SEMA5A,30
SERTAD3,30
SESN2,30
SFMBT2,30
SFTPC,30
SGK2,30
SH2D3C,30
SIGLEC10,30
SKI,30
SLC10A3,30
SLC24A3,30
SLC24A4,30
SLC25A39,30
SLC26A11,30
SLC29A1,30
SLC2A8,30
SLC5A5,30
SLC7A5,30
SLC7A6,30
SLC9A7,30
SLCO3A1,30
SMARCA1,30
SMC1B,30
SNAI3,30
SNN,30
SOAT2,30
SOCS5,30
SOX12,30
SPAG7,30
SPATC1,30
SPDEF,30
SPIRE2,30
SRC,30
SSH1,30
SSNA1,30
SUMO3,30
SVIL,30
SYNCRIP,30
SYNE2,30
SYVN1,30
TCERG1L,30
TCOF1,30
TEKT4,30
TFAP2C,30
TLE6,30
TMEM147,30
TMEM178B,30
TMEM204,30
TMEM208,30
TMEM235,30
TMEM63A,30
TMPRSS13,30
TMPRSS6,30
TNF,30
TNIP1,30
TNS4,30
TOP2B,30
TPCN1,30
TPPP3,30
TRAF7,30
TRAPPC1,30
TRMT1,30
TRMT112,30
TSC2,30
TSC22D4,30
UNC93B1,30
UPB1,30
USF1,30
VIL1,30
VPS51,30
WDR83OS,30
WFDC2,30
WNT3,30
XKR7,30
XKR8,30
ZBTB39,30
ZDHHC11B,30
ZDHHC18,30
ZMYM2,30
ZNF142,30
ZNF384,30
ZNF497,30
ZNF555,30
ZNF566,30
ZNF77,30
ZNF83,30
ZNF865,30
ABCC1,29
ABHD1,29
ABHD14B,29
ACTA1,29
ADCY3,29
ADM,29
AMIGO3,29
ANKRD52,29
ANTXRL,29
AP1S3,29
APOBEC3H,29
APOC1,29
ARF5,29
ARHGAP21,29
ARHGAP23,29
ARID5A,29
ARL6IP4,29
ASAP1,29
ASAP3,29
ASB6,29
ASIC3,29
ATXN2,29
ATXN2L,29
B3GNT3,29
B3GNT8,29
BAX,29
BCL6B,29
BCL9L,29
BID,29
BLACE,29
BNC2,29
BRCA1,29
BRD4,29
BTBD6,29
C12orf57,29
C16orf92,29
C1QTNF6,29
C1orf167,29
C1orf174,29
C6orf132,29
CAMK2N2,29
CASP9,29
CC2D1B,29
CCDC159,29
CCHCR1,29
CCL19,29
CCSAP,29
CD52,29
CD7,29
CDC14B,29
CDC25A,29
CDC25C,29
CEBPA,29
CENPT,29
CERS6,29
CHD5,29
CHRDL2,29
CHST13,29
CILP,29
CLEC17A,29
CNKSR3,29
COL2A1,29
CORO2B,29
CPNE2,29
CPSF4L,29
CRY2,29
CSF3R,29
CSNK2A2,29
CSRNP1,29
CSTB,29
CUX1,29
CYB5D1,29
CYP1A1,29
CYP46A1,29
CYTH2,29
DCUN1D1,29
DDX51,29
DENND2A,29
DLX3,29
DMRT3,29
DMRTC2,29
DNAJC13,29
DNAJC14,29
DNASE1L1,29
DNM1,29
DNPH1,29
DOCK3,29
DOCK5,29
DRAP1,29
DRD4,29
DTX1,29
DUSP5,29
DYRK2,29
EDC4,29
EFHC1,29
EIF6,29
EMC3,29
ENO2,29
EPN2,29
EVC,29
EXOC3L2,29
EXTL1,29
F13A1,29
FAM135B,29
FAM72D,29
FARP1,29
FBXL6,29
FBXO2,29
FEM1B,29
FGR,29
FICD,29
FKBP4,29
FOSL2,29
FOXD2,29
FOXL1,29
FOXN1,29
FRMPD1,29
GABARAP,29
GALNS,29
GALNT2,29
GAREM1,29
GDF11,29
GDPGP1,29
GFRA2,29
GGTLC2,29
GIGYF1,29
GLIS2,29
GNB2,29
GPR179,29
GPRASP2,29
GRID2IP,29
GSK3A,29
GZMM,29
HAP1,29
HCRT,29
HDAC5,29
HDAC6,29
HGS,29
HIC2,29
HIP1,29
HIRIP3,29
HMCES,29
HRK,29
HS3ST4,29
HS6ST1,29
IGF2BP1,29
IQSEC1,29
IRF3,29
IRS1,29
ITGAD,29
ITPKA,29
JDP2,29
KCNC3,29
KCNK18,29
KCNQ2,29
KIF26B,29
KIF5A,29
KLF12,29
KPNB1,29
KRT8,29
KSR1,29
KY,29
LAMTOR1,29
LAPTM5,29
LDLRAD4,29
LEFTY1,29
LHFPL4,29
LLGL1,29
LNX2,29
LPIN1,29
LRIG2,29
LRRC14B,29
LRRC73,29
LYPLA2,29
MADCAM1,29
MAEL,29
MAFK,29
MAGEA11,29
MAN2B1,29
MASP2,29
MBLAC1,29
MBTD1,29
MOCOS,29
MRI1,29
MROH7-TTC4,29
MSI1,29
MSI2,29
MSRB1,29
MXRA7,29
MYD88,29
MZF1,29
NAGS,29
NBR1,29
NCKIPSD,29
NDST2,29
NDUFS3,29
NDUFS7,29
NEU1,29
NEURL2,29
NGFR,29
NOG,29
NPB,29
NPPC,29
NPRL3,29
NRTN,29
NUBP2,29
NUDT14,29
NUP210,29
NUPR1,29
OBP2B,29
OGFOD2,29
OGFR,29
OLFML2A,29
OPN4,29
OSM,29
PACS1,29
PAQR8,29
PARD3,29
PARP14,29
PARP9,29
PATZ1,29
PAX8,29
PCID2,29
PCK1,29
PCK2,29
PCMTD2,29
PCYT2,29
PDP2,29
PDPN,29
PDXP,29
PEMT,29
PFDN2,29
PHF12,29
PIDD1,29
PIK3R5,29
PIN4,29
PITPNM2,29
PITRM1,29
PMVK,29
PNOC,29
POGZ,29
POLDIP3,29
POLR2A,29
POU2AF1,29
PRDM14,29
PRICKLE1,29
PRKAR1B,29
PRR34,29
PSENEN,29
PTAFR,29
PTGES3L-AARSD1,29
PTGIS,29
PTGS1,29
PTP4A2,29
PTRH1,29
PVALB,29
PYY,29
QPCTL,29
QSOX2,29
RAB3A,29
RAB5C,29
RAB6B,29
RAB8A,29
RABGEF1,29
RAD23B,29
RDH5,29
RELL2,29
RELT,29
RFPL2,29
RGMA,29
RGS9BP,29
RNASET2,29
RNF130,29
RNF214,29
RNFT2,29
RRBP1,29
S100A1,29
S100A6,29
SCD,29
SCN5A,29
SEC14L3,29
SEMA7A,29
SENP3,29
SFXN5,29
SHISA4,29
SIRT7,29
SKOR1,29
SLAMF8,29
SLC22A11,29
SLC22A8,29
SLC25A11,29
SLC25A23,29
SLC25A45,29
SLC35G3,29
SLC39A6,29
SLC46A2,29
SLC4A11,29
SLC4A3,29
SLC4A9,29
SLC5A9,29
SLC6A6,29
SLC7A9,29
SLCO2A1,29
SMAD7,29
SMG5,29
SNAP29,29
SNTG2,29
SOX13,29
SP7,29
SRCAP,29
SRF,29
SRRT,29
SS18L1,29
STAC2,29
STAR,29
STAU2,29
STX16-NPEPL1,29
SYDE1,29
SYNDIG1L,29
SYT15,29
TAF11,29
TAF4,29
TBC1D2B,29
TBCB,29
TBCE,29
TBL1XR1,29
TBX3,29
TCEAL7,29
TEX2,29
TEX264,29
TFEB,29
TGM1,29
THY1,29
TLR5,29
TMEM120A,29
TMEM184A,29
TNK2,29
TNKS1BP1,29
TPRXL,29
TPSD1,29
TPST1,29
TRIM17,29
TRIM52,29
TRIM54,29
TRIM67,29
TRIP12,29
TRPV2,29
TSC22D1,29
TTC39A,29
TUBB3,29
TXN,29
U2AF2,29
UBAC1,29
UBE2G1,29
UNC13A,29
UNC45B,29
UPP2,29
USP35,29
VILL,29
VPS37C,29
VSIG10L,29
VSTM2B,29
WDFY1,29
WDFY3,29
WDR24,29
WFDC3,29
WFIKKN2,29
WNK3,29
WNT2,29
WNT4,29
ZFHX2,29
ZFP36,29
ZHX1-C8orf76,29
ZNF367,29
ZNF454,29
ZNF514,29
ZNF629,29
ZNF768,29
ZNF836,29
ZSCAN1,29
A3GALT2,28
ABCC8,28
ABCG4,28
ACAA2,28
ACOX2,28
ACTN3,28
ACTR3C,28
ACVR1,28
ACY1,28
ADAP1,28
ADAP2,28
ADNP2,28
AFMID,28
AGBL1,28
AGPAT5,28
AGRN,28
AIPL1,28
AK1,28
AK2,28
ALDH1A2,28
ALLC,28
ALX4,28
AMN,28
AMOT,28
ANGPTL2,28
ANKK1,28
ANKRD16,28
ANO4,28
AP1S1,28
APCDD1L,28
APOBEC3C,28
AQP1,28
ARHGAP33,28
ARHGAP4,28
ARHGEF10,28
ARHGEF35,28
ARHGEF4,28
ARRB1,28
ARRDC2,28
ASGR2,28
ASTL,28
ATAD3A,28
ATG4D,28
ATG9B,28
ATP13A2,28
ATP2B4,28
ATP6V1F,28
ATP6V1G2,28
ATP6V1G2-DDX39B,28
B3GAT1,28
B3GNT4,28
BEND7,28
BPIFB2,28
BRSK2,28
BST2,28
C10orf88,28
C19orf12,28
C1QB,28
C5orf52,28
CA9,28
CABP4,28
CACNA1E,28
CACNA2D4,28
CACNB1,28
CACNG5,28
CADM3,28
CALCOCO2,28
CAMTA1,28
CATSPERG,28
CCDC102A,28
CCDC184,28
CCDC24,28
CCER2,28
CD99,28
CDA,28
CDC42BPG,28
CDH23,28
CDHR2,28
CDK13,28
CEACAM18,28
CHAF1A,28
CIC,28
CIDEB,28
CLASRP,28
CLDN2,28
CLDN4,28
CLEC4F,28
CLIC4,28
CLN8,28
CLSTN3,28
CMTM2,28
COL6A1,28
CORO1B,28
CORO6,28
COX19,28
CRKL,28
CSAD,28
CSNK2A1,28
CTDSP1,28
CUL2,28
CYC1,28
CYLD,28
CYP26B1,28
CYSTM1,28
CYTH3,28
DALRD3,28
DCAF5,28
DCUN1D3,28
DEGS2,28
DLGAP2,28
DMTN,28
DNAAF5,28
DNAI1,28
DNASE2,28
DOCK6,28
DRG1,28
EEF1D,28
EFHD1,28
EGFR,28
EGLN3,28
EIF4EBP3,28
ELF3,28
ELK4,28
EMC1,28
ENHO,28
EP300,28
EPHA10,28
EPHB4,28
EPS15L1,28
ERBB3,28
ERCC2,28
ETF1,28
ETFDH,28
ETV5,28
EVA1B,28
EVPLL,28
EXOC3,28
FADS1,28
FAF2,28
FAM135A,28
FAM219A,28
FAM3A,28
FAM72B,28
FAM72C,28
FAM78B,28
FAM91A1,28
FBXO36,28
FBXW7,28
FCER2,28
FDPS,28
FGD1,28
FMOD,28
FOXP2,28
FXYD2,28
FZD5,28
G3BP1,28
GADD45G,28
GALNT6,28
GANAB,28
GAPDHS,28
GATA1,28
GATAD2A,28
GDF15,28
GGPS1,28
GGT1,28
GID4,28
GJB2,28
GLI4,28
GLIPR2,28
GLIS1,28
GLP1R,28
GLTP,28
GNA11,28
GNAT2,28
GOLGA7B,28
GPR3,28
GPR35,28
GPR62,28
GPX4,28
GRIP1,28
GSG1L,28
GSG1L2,28
GTF2F1,28
HADHA,28
HERC1,28
HES1,28
HES7,28
HHIPL1,28
HID1,28
HMG20B,28
HMGB3,28
HOXC4,28
HSD17B2,28
HSD17B4,28
HSP90B1,28
HSPB8,28
HTR6,28
ICAM2,28
INMT,28
INPP5K,28
ITGA11,28
ITGB4,28
ITM2C,28
JAKMIP3,28
KAT2A,28
KCNA2,28
KCNH4,28
KCNIP3,28
KIAA1217,28
KIAA1549L,28
KIF19,28
KLF10,28
KLF3,28
KLK12,28
KLK3,28
LASP1,28
LBX2,28
LGALS3BP,28
LIMD1,28
LOXL2,28
LRP5,28
LRRC38,28
LYPD1,28
MAF1,28
MAFB,28
MAN2B2,28
MAP2K3,28
MAP3K8,28
MAP6D1,28
MATR3,28
MAVS,28
MCM2,28
MDFI,28
MFN2,28
MGAT5B,28
MIB2,28
MIER2,28
MIP,28
MLLT11,28
MMACHC,28
MMP19,28
MMP21,28
MMP24,28
MROH1,28
MTCH1,28
MYBPC2,28
MYBPC3,28
MYL5,28
MYL6,28
MYRIP,28
MYT1,28
N4BP2,28
NAA10,28
NAALADL1,28
NAV1,28
NBL1,28
NCDN,28
NCOA4,28
NDUFA13,28
NDUFB10,28
NEIL1,28
NEK6,28
NFAM1,28
NFX1,28
NHSL1,28
NINL,28
NLK,28
NOC4L,28
NOXA1,28
NPAS3,28
NPC1L1,28
NPHP3-ACAD11,28
NPPB,28
NPTX2,28
NR1H2,28
NR2F1,28
NXN,28
OSBPL5,28
PAN3,28
PARL,28
PCSK7,28
PCSK9,28
PHC1,28
PHF21B,28
PHF8,28
PHKA2,28
PHLDA3,28
PI4K2A,28
PIAS4,28
PIP4K2A,28
PIP4K2C,28
PKN1,28
PLEKHA2,28
PLEKHD1,28
PLXNB3,28
PNKP,28
PNPLA3,28
PNPLA6,28
PNRC1,28
POLR2F,28
POLR2I,28
POMT2,28
PPIF,28
PPOX,28
PPP1R13L,28
PPP2R5D,28
PRDX3,28
PRDX4,28
PREB,28
PRELID1,28
PRKAA1,28
PRKAG2,28
PROB1,28
PRR5-ARHGAP8,28
PRSS21,28
PRSS57,28
PTEN,28
PTGES2,28
PTPN11,28
PYGO2,28
QSOX1,28
RAD23A,28
RALGPS1,28
RAPGEF2,28
RASSF5,28
RBBP7,28
RBM20,28
RBM24,28
RBPMS,28
RCE1,28
REN,28
RFX1,28
RGS10,28
RGS7,28
RHOF,28
RHPN2,28
RIBC1,28
RILPL2,28
RIMS4,28
RIN3,28
RNASEK-C17orf49,28
RND2,28
RNF144A,28
RSBN1L,28
SARS2,28
SCAPER,28
SCMH1,28
SDR39U1,28
SERP2,28
SERTAD2,28
SETD1A,28
SETD5,28
SEZ6,28
SH2D3A,28
SH3GL1,28
SH3TC1,28
SHCBP1,28
SIGLEC15,28
SIT1,28
SLBP,28
SLC12A5,28
SLC1A7,28
SLC22A23,28
SLC2A7,28
SLC30A3,28
SLC43A1,28
SLC50A1,28
SLC51B,28
SLC7A10,28
SLFNL1,28
SMAD6,28
SND1,28
SNRPD3,28
SOCS7,28
SP4,28
SPIN1,28
SPPL2B,28
SPRED2,28
SREBF1,28
SRL,28
ST20-MTHFS,28
STK36,28
STRA6,28
STRIP2,28
STX6,28
SUN2,28
SYTL2,28
TAC3,28
TAC4,28
TAF8,28
TARDBP,28
TBX2,28
TCEA3,28
TCEAL3,28
TCF3,28
TGFBI,28
THEM6,28
THRAP3,28
TIMP2,28
TIRAP,28
TMCC3,28
TMEM115,28
TMEM121,28
TMEM129,28
TMEM150C,28
TMEM202,28
TMEM221,28
TMEM69,28
TNFAIP2,28
TOP1MT,28
TPT1,28
TREML1,28
TRIM45,28
TRIM7,28
TSKS,28
TSPAN15,28
TSPAN18,28
TTLL3,28
TUB,28
TULP2,28
TXLNG,28
TYRO3,28
UBAP1,28
UBR5,28
UQCR10,28
USP39,28
USP46,28
VASH1,28
VAT1,28
VEZF1,28
VSTM2L,28
WDR26,28
WDR47,28
WNK4,28
WNT8A,28
XKRX,28
XPO7,28
XPR1,28
XRCC1,28
YJEFN3,28
YPEL4,28
ZBTB21,28
ZBTB25,28
ZBTB48,28
ZBTB7C,28
ZCCHC24,28
ZDHHC12,28
ZFPL1,28
ZFR2,28
ZIC4,28
ZNF135,28
ZNF182,28
ZNF232,28
ZNF385C,28
ZNF408,28
ZNF513,28
ZNF596,28
ZNF598,28
ZNF606,28
ZNF668,28
ZNF706,28
ZNFX1,28
ZYX,28
ABCB6,27
ABCG8,27
ABHD15,27
ABI2,27
ACADS,27
ACSL6,27
ADAM12,27
ADAM15,27
ADCK1,27
ADPGK,27
AGMAT,27
AGO4,27
AHCYL1,27
AKAP1,27
AKAP17A,27
ALG12,27
ALG6,27
ALOX15B,27
ANGPTL4,27
ANKRD24,27
ANKRD34B,27
ANKRD35,27
ANKS1A,27
ANP32A,27
ANXA11,27
APBB2,27
APOA4,27
APOBEC3D,27
ARHGAP27,27
ARHGEF5,27
ARID4B,27
ARMC6,27
ARPC5L,27
ASB8,27
ATAD2B,27
ATRNL1,27
AURKAIP1,27
AUTS2,27
B4GALNT2,27
B4GALT7,27
B4GAT1,27
BAALC,27
BAG3,27
BAZ2A,27
BCL2L11,27
BCL7C,27
BEST4,27
BOLA3,27
BRD1,27
BRD3,27
BTG4,27
C10orf71,27
C11orf96,27
C15orf39,27
C1orf21,27
C1orf94,27
C6orf62,27
CAB39,27
CACNG1,27
CACNG2,27
CACTIN,27
CAMTA2,27
CANT1,27
CAPN10,27
CARD14,27
CARD9,27
CAV3,27
CBLN1,27
CBX2,27
CCDC106,27
CCDC124,27
CCDC13,27
CCDC22,27
CCDC33,27
CCDC69,27
CCR6,27
CCT3,27
CD2BP2,27
CD68,27
CDC37,27
CDC42,27
CDHR4,27
CDV3,27
CELA2B,27
CEMP1,27
CEP104,27
CERKL,27
CES3,27
CHCHD4,27
CHIT1,27
CHKA,27
CHST12,27
CIB2,27
CITED4,27
CLCN6,27
CLYBL,27
CNGB1,27
CNR1,27
COL5A1,27
COMMD5,27
COPG2,27
CORO2A,27
CPNE9,27
CRACR2A,27
CRHR2,27
CRIM1,27
CRTAC1,27
CSF3,27
CSRP2,27
CYP27A1,27
CYP2B6,27
CYP2S1,27
CYP4F3,27
D2HGDH,27
DDN,27
DHH,27
DHX30,27
DIP2B,27
DKK3,27
DMWD,27
DMXL1,27
DNAJB12,27
DNLZ,27
DOLK,27
DPM2,27
DYRK1B,27
E4F1,27
ECH1,27
ECHDC3,27
EDA,27
ELF2,27
ELOVL7,27
ELP2,27
ENGASE,27
EPHA2,27
ERI2,27
ERN1,27
ESYT2,27
ETFA,27
ETHE1,27
EVC2,27
F2,27
FAM83G,27
FAM98C,27
FBXO41,27
FBXO46,27
FCGRT,27
FCN3,27
FDXR,27
FHL3,27
FIBP,27
FLI1,27
FOXC1,27
FOXM1,27
FST,27
FSTL1,27
FSTL4,27
FZD2,27
GAMT,27
GAS6,27
GATA6,27
GFOD1,27
GFY,27
GGA1,27
GINS2,27
GJB6,27
GLS2,27
GNAI2,27
GNPDA1,27
GPBP1,27
GPC3,27
GRB10,27
GRWD1,27
GSC,27
HDLBP,27
HEBP2,27
HELZ2,27
HLF,27
HMGA2,27
HNRNPK,27
HNRNPM,27
HOXB3,27
HRAS,27
HSD17B12,27
HSP90AB1,27
HTR1F,27
HYAL1,27
IAH1,27
IGDCC3,27
IGFBP4,27
IGHMBP2,27
IL24,27
IL2RB,27
IL4I1,27
INHA,27
INO80,27
INSRR,27
IPO13,27
IQGAP1,27
IRF4,27
ISM2,27
ITGA6,27
ITGB3BP,27
ITSN1,27
JAG1,27
JAG2,27
KCNF1,27
KCNK17,27
KCNMB4,27
KCNQ3,27
KCTD7,27
KHDRBS1,27
KIF2C,27
KIF3B,27
KIF3C,27
KLC2,27
KLF2,27
KLK10,27
KPTN,27
KRTDAP,27
LANCL2,27
LBH,27
LBP,27
LDB1,27
LEMD2,27
LHFPL3,27
LHX2,27
LHX4,27
LIN52,27
LNPEP,27
LOXHD1,27
LPP,27
LRP10,27
LRRC25,27
LRRN2,27
LSR,27
LYRM1,27
MAGIX,27
MAL,27
MAN1B1,27
MAP3K9,27
MAPKAPK3,27
MAST3,27
MED12L,27
MED13L,27
MED29,27
MEGF9,27
MESP2,27
MFGE8,27
MICAL2,27
MPP3,27
MSLN,27
MTHFD1L,27
MTM1,27
MTMR11,27
MTMR4,27
MVD,27
MYC,27
NAGA,27
NCBP3,27
NCOA3,27
NFATC3,27
NID1,27
NLRX1,27
NMB,27
NOTO,27
NPIPA8,27
NPR2,27
NR4A1,27
NSUN4,27
NT5DC2,27
NUDT18,27
OAZ1,27
ODF4,27
OGDH,27
OLA1,27
OLIG1,27
OPN1LW,27
OSTM1,27
OTUB1,27
P2RX5-TAX1BP3,27
P4HB,27
PA2G4,27
PAFAH1B3,27
PAK1,27
PAQR7,27
PCDH1,27
PCDH7,27
PCP4L1,27
PDRG1,27
PEAK1,27
PECAM1,27
PEX11B,27
PHF23,27
PHYHD1,27
PIM1,27
PIPOX,27
PLA2R1,27
PLD6,27
PLLP,27
PNMA5,27
POLR2B,27
POM121,27
PPIP5K1,27
PPM1A,27
PPP1R35,27
PRDM8,27
PRKAA2,27
PRKCSH,27
PRNP,27
PRR18,27
PSME1,27
PSORS1C1,27
PTK2,27
PTMA,27
PTPN3,27
QSER1,27
RAB11FIP1,27
RAB39A,27
RABL6,27
RAPGEF4,27
RAPSN,27
RASA4B,27
RASSF10,27
RASSF8,27
RBFOX2,27
RBM44,27
RBMY1J,27
RECQL4,27
RELA,27
REV1,27
REXO1,27
RGL4,27
RHOA,27
RIBC2,27
RNF2,27
RNH1,27
RPP25L,27
RPUSD1,27
RSPH9,27
RSPO4,27
RTP4,27
RXRA,27
S100A14,27
S100PBP,27
SAC3D1,27
SAPCD2,27
SARM1,27
SCAF8,27
SCAMP3,27
SCAP,27
SCD5,27
SCRG1,27
SDC1,27
SDC4,27
SDF2L1,27
SDF4,27
SDHAF1,27
SDK1,27
SEC13,27
SEC14L4,27
SERPINB1,27
SERPING1,27
SETD3,27
SFTA2,27
SH2B1,27
SH3BP5L,27
SH3GLB1,27
SH3RF3,27
SHROOM1,27
SHTN1,27
SIK2,27
SIK3,27
SIX2,27
SLC13A2,27
SLC22A3,27
SLC25A16,27
SLC26A9,27
SLC27A3,27
SLC27A5,27
SLC27A6,27
SLC30A1,27
SLC35C1,27
SLC35G2,27
SLC37A2,27
SLC38A5,27
SLC38A7,27
SLC41A2,27
SLC6A1,27
SLC8A2,27
SMARCA4,27
SMPD3,27
SNRPD2,27
SPPL3,27
SRPX2,27
SRRM4,27
SRRM5,27
SSR4,27
ST8SIA2,27
ST8SIA5,27
STAP2,27
STMN4,27
SYNGR2,27
SYT6,27
TADA3,27
TBC1D14,27
TBX21,27
TCF15,27
TET3,27
TFF3,27
THAP3,27
THBD,27
THEMIS2,27
THOC3,27
TIGD5,27
TIMM13,27
TIMM50,27
TLDC2,27
TLE3,27
TLR2,27
TMEM120B,27
TMEM201,27
TMEM51,27
TMEM63C,27
TMEM98,27
TMPRSS9,27
TNNT1,27
TP53I11,27
TPM1,27
TPRN,27
TRAIP,27
TRAP1,27
TRAPPC2L,27
TREML2,27
TRIB3,27
TRIM3,27
TRIM47,27
TRIM56,27
TRMT1L,27
TRPC4AP,27
TRPC5,27
TSGA10IP,27
TSPEAR,27
TTC31,27
TTC4,27
TUBA4A,27
TUBGCP4,27
TXNRD3,27
UBE2B,27
UBE2E1,27
UBE2K,27
UBE2L3,27
UBE2U,27
UBTD2,27
UCN,27
UCP2,27
ULBP2,27
UPK1A,27
UPK3B,27
USP11,27
USP24,27
USP31,27
USP5,27
USP9X,27
VAMP5,27
VDAC1,27
VKORC1L1,27
WDR88,27
WIPF1,27
WTIP,27
YES1,27
YIF1A,27
YOD1,27
YWHAG,27
ZBED3,27
ZBTB46,27
ZC3H4,27
ZCCHC7,27
ZDHHC19,27
ZHX1,27
ZHX3,27
ZMYND15,27
ZMYND19,27
ZNF239,27
ZNF250,27
ZNF282,27
ZNF462,27
ZNF518B,27
ZNF609,27
ZNF696,27
ZNF699,27
ZNF775,27
ZNRF3,27
ZSWIM6,27
ABAT,26
ABCF1,26
ABCF2,26
ABHD11,26
ABHD12,26
ABL2,26
ACER3,26
ACP5,26
ACSF3,26
ACTN2,26
ADAMTS12,26
ADAMTS8,26
ADAMTSL2,26
ADCY2,26
AIFM2,26
AK5,26
ALDH1B1,26
ALDH2,26
ALDH6A1,26
ALOXE3,26
ANGEL1,26
ANKRD53,26
ANKRD6,26
ANXA4,26
ANXA6,26
AOC3,26
AP3M2,26
APLNR,26
APLP1,26
APOB,26
ARAP3,26
ARHGEF19,26
ARHGEF2,26
ARL16,26
ARMCX4,26
ARNT2,26
ASB16,26
ASMTL,26
ASXL1,26
ATAD3B,26
ATG101,26
ATP2A2,26
ATP6V1E1,26
ATP8A1,26
ATPAF2,26
AURKC,26
B4GALNT3,26
B4GALT2,26
BACH2,26
BAG5,26
BCKDHA,26
BCL2L14,26
BEX1,26
BIN1,26
BIRC5,26
BLCAP,26
BMF,26
BMPR2,26
C16orf54,26
C19orf38,26
C1orf226,26
C1orf35,26
CACNA1F,26
CALML4,26
CALR,26
CAMK2A,26
CAMSAP3,26
CAP1,26
CAPN5,26
CASD1,26
CCDC127,26
CCDC134,26
CCDC8,26
CCDC85B,26
CCDC88C,26
CCDC92,26
CCL17,26
CCL24,26
CCR10,26
CCS,26
CD99L2,26
CDC42EP4,26
CDK5RAP3,26
CELA1,26
CELF4,26
CEMIP,26
CES4A,26
CHFR,26
CHMP4B,26
CHMP5,26
CITED1,26
CIZ1,26
CKS1B,26
CLCN7,26
CLPTM1,26
CNBP,26
CNRIP1,26
COL14A1,26
COMT,26
COTL1,26
CPXM1,26
CRCP,26
CREB3L1,26
CRELD2,26
CREM,26
CRTC1,26
CRTC3,26
CSF1,26
CSH2,26
CT62,26
CTNNBIP1,26
CXADR,26
CXCL17,26
CXCR3,26
CYP4F12,26
DBH,26
DCAF11,26
DCAF12,26
DCDC2B,26
DDR1,26
DDX42,26
DGCR2,26
DGKA,26
DGKD,26
DIAPH1,26
DLK2,26
DNALI1,26
DNMT3A,26
DPEP1,26
DPEP3,26
DPP4,26
DPP9,26
DPYSL5,26
DUS1L,26
DUSP16,26
DYNC1H1,26
EBP,26
ECE1,26
ECI1,26
ECM1,26
EDF1,26
EEF1A1,26
EEF1G,26
EEPD1,26
EFNB1,26
EIF1,26
EIF1AD,26
EIF4EBP1,26
EIF5,26
ELF5,26
ELK1,26
ELMOD2,26
ELP6,26
EMP2,26
ENDOG,26
ENOPH1,26
ENOX1,26
EP400,26
EPB41L4B,26
EPHA4,26
EPHX1,26
EPOR,26
ERRFI1,26
ESAM,26
EZH2,26
FADD,26
FAM110C,26
FAM234A,26
FASTKD1,26
FAT2,26
FBXL12,26
FBXL20,26
FBXO31,26
FBXO32,26
FCGR2A,26
FGFR1,26
FHL1,26
FNBP4,26
FNDC8,26
FOXI2,26
FRMD8,26
FXR2,26
FXYD4,26
GABRA5,26
GABRG3,26
GADD45B,26
GALE,26
GLDN,26
GLP2R,26
GLUD1,26
GNAS,26
GNG4,26
GOLGA6B,26
GOLGA6D,26
GOLGA6L6,26
GOLGA8T,26
GPAA1,26
GPN2,26
GPR39,26
GRK6,26
GRM8,26
GSS,26
GSTM5,26
GTF2IRD2B,26
GYG1,26
GYS1,26
HADHB,26
HAUS4,26
HDAC1,26
HECTD3,26
HECTD4,26
HEXIM1,26
HM13,26
HMGN2,26
HOOK2,26
HORMAD2,26
HOXB2,26
HP1BP3,26
HRH2,26
HSF4,26
HSH2D,26
HSPB1,26
ICAM3,26
ICMT,26
ID2,26
IER2,26
IL10RB,26
IL11RA,26
IL18BP,26
IL1RAPL2,26
IMPA2,26
INSL3,26
INTS3,26
IRF1,26
IRGQ,26
IRX2,26
ITGAE,26
ITGB5,26
ITPR3,26
KATNAL1,26
KAZALD1,26
KCMF1,26
KCNG4,26
KCNH3,26
KCNMB1,26
KCNN3,26
KCTD13,26
KDF1,26
KIAA1328,26
KIF18B,26
KLF17,26
KLF7,26
KLHDC3,26
KLHL33,26
KLLN,26
KNCN,26
KRAS,26
KRT4,26
LAMC1,26
LCOR,26
LCORL,26
LDLRAD1,26
LHX9,26
LIMK1,26
LIN28A,26
LMX1A,26
LPIN2,26
LRCH4,26
LRCOL1,26
LRFN1,26
LRP12,26
LRRC36,26
LRRC46,26
LRRC47,26
LRRC8A,26
LRRC8E,26
LTB4R2,26
LTBP4,26
LYPLA1,26
LZTS1,26
MADD,26
MAGEB2,26
MAMLD1,26
MANEAL,26
MAOB,26
MAP1B,26
MAP3K10,26
MAP3K6,26
MAPK4,26
MAPKAPK2,26
MAPRE3,26
MARK2,26
MAST2,26
MBD3L1,26
MC1R,26
MCFD2,26
MEF2A,26
MESP1,26
METAP1,26
METTL6,26
MKNK1,26
MLF1,26
MMP14,26
MON1A,26
MPRIP,26
MPZL1,26
MRAS,26
MRGPRE,26
MT3,26
MTA3,26
MYH10,26
MYH9,26
MYLK2,26
MYO1F,26
N4BP2L1,26
NALCN,26
NAP1L5,26
NCK2,26
NCL,26
NCLN,26
NDOR1,26
NDUFAF3,26
NDUFB2,26
NDUFC2-KCTD14,26
NDUFS2,26
NDUFS6,26
NEDD4L,26
NEURL1,26
NEURL1B,26
NFIX,26
NKX2-5,26
NLRP10,26
NLRP12,26
NOLC1,26
NOTCH3,26
NPIPA3,26
NPRL2,26
NR2C2AP,26
NRF1,26
NRIP1,26
NSDHL,26
NSUN7,26
NT5C3B,26
NUCKS1,26
ONECUT2,26
ORMDL3,26
OSBPL3,26
OXLD1,26
OXSR1,26
P3H4,26
PADI1,26
PAK4,26
PAQR4,26
PAXIP1,26
PBX3,26
PBX4,26
PBXIP1,26
PDZD4,26
PFKFB3,26
PGC,26
PHF20,26
PI4KA,26
PIAS3,26
PKD2L1,26
PLA2G2C,26
PLA2G4D,26
PLBD2,26
PLEKHB1,26
PLEKHG3,26
PLXNA2,26
PMEPA1,26
PMPCA,26
POLM,26
POLR3D,26
POLR3K,26
PPM1N,26
PPP1R15A,26
PPP1R16B,26
PPP2R2D,26
PPP2R5A,26
PPP5C,26
PRKCA,26
PRX,26
PSCA,26
PSG8,26
PSG9,26
PSKH1,26
PSMD7,26
PTBP2,26
PTK7,26
PTPRT,26
PWWP2A,26
PXMP4,26
PYCARD,26
PYROXD2,26
RAB22A,26
RAC2,26
RAD54L,26
RALGAPA2,26
RAPGEF1,26
RARRES1,26
RASD1,26
RASSF4,26
RBM33,26
RBP4,26
RC3H1,26
RDH13,26
REEP2,26
RELB,26
RGPD4,26
RHBG,26
RHEB,26
RIC8B,26
RMDN3,26
RNASEK,26
RNF152,26
RNF166,26
RNF187,26
ROCK2,26
ROGDI,26
RPIA,26
RRAGB,26
RRAGD,26
RRAS,26
RRM1,26
RSF1,26
RTF1,26
RWDD2A,26
S100A2,26
S100P,26
S1PR3,26
SART1,26
SCAF1,26
SCGB1A1,26
SCNN1A,26
SCT,26
SDHB,26
SEC22A,26
SEMA6C,26
SERF2,26
SETD1B,26
SF1,26
SF3B4,26
SFRP1,26
SH2D7,26
SHISA6,26
SIM1,26
SIRT5,26
SLC12A8,26
SLC13A5,26
SLC16A13,26
SLC25A14,26
SLC25A48,26
SLC26A1,26
SLC2A10,26
SLC35B2,26
SLC36A3,26
SLC38A10,26
SLC6A17,26
SLC9A1,26
SMARCC2,26
SMARCD1,26
SMO,26
SMPX,26
SMYD4,26
SNTA1,26
SPAG4,26
SPATA24,26
SPCS1,26
SPI1,26
SPRYD7,26
SPTAN1,26
SPTB,26
SPTBN2,26
SRPX,26
SSBP2,26
SSH2,26
SSTR2,26
STAT2,26
STAT6,26
STIM1,26
STKLD1,26
STRIP1,26
STX16,26
STX18,26
STX4,26
SULF2,26
SULT4A1,26
SUMO2,26
SUN5,26
SURF4,26
SUSD4,26
SYPL1,26
TAOK3,26
TBC1D13,26
TBC1D22B,26
TCF23,26
TCP1,26
TEF,26
TENM1,26
TFAP2E,26
TFAP4,26
TFCP2L1,26
TG,26
TGM2,26
THOC2,26
THOC5,26
THPO,26
TMED1,26
TMEM109,26
TMEM132C,26
TMEM178A,26
TMEM18,26
TMEM258,26
TMEM263,26
TMEM53,26
TMPRSS2,26
TMSB10,26
TNFAIP1,26
TNFAIP8L1,26
TNFRSF13B,26
TNPO2,26
TPGS1,26
TPSAB1,26
TRAPPC6A,26
TRIM11,26
TRIM63,26
TRIM71,26
TRIM72,26
TSHZ1,26
TSPAN11,26
TSPAN16,26
TSPAN2,26
TTC21A,26
TUBA4B,26
TULP1,26
TXNDC11,26
UBALD1,26
UBE2E2,26
UBL4B,26
UBTF,26
UHMK1,26
UMOD,26
UQCC1,26
UROD,26
USP19,26
USP4,26
UTP18,26
WAPL,26
WEE1,26
WNK2,26
WNT9B,26
XPNPEP1,26
XPNPEP2,26
XPO1,26
YWHAH,26
ZBTB34,26
ZBTB44,26
ZC3H12A,26
ZDHHC14,26
ZFAND6,26
ZG16,26
ZNF236,26
ZNF263,26
ZNF277,26
ZNF318,26
ZNF324,26
ZNF34,26
ZNF346,26
ZNF496,26
ZNF517,26
ZNF558,26
ZNF570,26
ZNF576,26
ZNF580,26
ZNF600,26
ZNF623,26
ZNF646,26
ZNHIT2,26
ZSWIM3,26
ABCA3,25
ABCC4,25
ABHD6,25
ABR,25
ACBD5,25
ACKR3,25
ACLY,25
ACOT11,25
ACP2,25
ACTC1,25
ACTR6,25
ACVR1B,25
ADRA1D,25
AGFG2,25
AIF1L,25
AKAP5,25
AKR7A2,25
ALDH3B1,25
ALDH5A1,25
ALOX15,25
AMMECR1L,25
ANAPC4,25
ANKLE2,25
ANKRD27,25
ANXA9,25
AP2A1,25
AP4M1,25
AP5Z1,25
ARAP1,25
ARHGAP35,25
ARHGDIA,25
ARHGEF7,25
ARL4C,25
ARSI,25
ASCC2,25
ASCL2,25
ASGR1,25
ASIC2,25
ASL,25
ATOH8,25
ATP2B1,25
ATP8B1,25
ATXN7,25
ATXN7L1,25
AUH,25
AVPI1,25
B3GNT9,25
BAK1,25
BANF1,25
BANP,25
BARX2,25
BBS1,25
BCL2L13,25
BCS1L,25
BMP2,25
BPIFA2,25
BRAF,25
BRAT1,25
BRD7,25
BRF1,25
BRMS1,25
BTBD17,25
BTBD18,25
BTN2A1,25
C21orf58,25
C2CD2L,25
C8orf74,25
CA5B,25
CAMLG,25
CAPNS1,25
CCDC158,25
CCDC160,25
CCDC87,25
CCNK,25
CCP110,25
CCR7,25
CCRL2,25
CD300A,25
CD74,25
CD8B,25
CDAN1,25
CDH1,25
CDHR3,25
CDK12,25
CDKN2A,25
CDKN2D,25
CDON,25
CDT1,25
CELSR1,25
CENPM,25
CEP152,25
CFAP74,25
CFP,25
CHCHD7,25
CHD9,25
CHRAC1,25
CHST14,25
CIAPIN1,25
CIART,25
CISD1,25
CLEC10A,25
CLUAP1,25
CMPK1,25
CMPK2,25
CNOT6L,25
CNPPD1,25
COMMD7,25
COQ10A,25
CORO1C,25
CPNE4,25
CPSF1,25
CPVL,25
CREB1,25
CREB3L3,25
CRK,25
CS,25
CTDNEP1,25
CTSA,25
CYB561D1,25
CYP19A1,25
CYP26A1,25
DAB2IP,25
DAXX,25
DBI,25
DCP1A,25
DDB1,25
DDT,25
DDTL,25
DDX23,25
DEF6,25
DEK,25
DENND6B,25
DGAT2L6,25
DGCR6L,25
DGKQ,25
DIDO1,25
DLEU7,25
DLG5,25
DLL3,25
DLST,25
DMRT1,25
DNAH3,25
DNAH9,25
DNM1L,25
DOLPP1,25
DOT1L,25
DPH2,25
DQX1,25
DSG2,25
DUSP23,25
DYDC1,25
E2F3,25
E2F4,25
EBPL,25
EGR4,25
EHMT1,25
EIF1AX,25
EIF4EBP2,25
EMB,25
EN2,25
ENSA,25
ENTPD6,25
EPHB1,25
ERBB4,25
ERO1B,25
ETV4,25
EXOSC4,25
EXOSC7,25
FABP1,25
FABP5,25
FABP6,25
FAHD1,25
FAM149A,25
FAM216A,25
FAM3D,25
FAM89B,25
FANCD2OS,25
FBXO5,25
FBXW4,25
FBXW9,25
FCER1G,25
FDX1,25
FERMT1,25
FHOD3,25
FKBP8,25
FN3KRP,25
FOXO4,25
FOXR1,25
FRMPD3,25
FSCN3,25
FZD8,25
G0S2,25
GAA,25
GAB2,25
GADD45GIP1,25
GAGE10,25
GALNT12,25
GALNT18,25
GALNT7,25
GALT,25
GAPVD1,25
GAS7,25
GCM2,25
GDNF,25
GEM,25
GFI1B,25
GFRA3,25
GGT5,25
GHRHR,25
GIPC1,25
GK,25
GK5,25
GLI3,25
GNA14,25
GNPTG,25
GOLGA3,25
GOLGA6L1,25
GOLGA6L4,25
GOLGA8S,25
GOLPH3,25
GPC4,25
GPI,25
GPR157,25
GPR37,25
GPRC5A,25
GPX7,25
GSR,25
GTF3A,25
GUCA1B,25
GUCY1A2,25
GYG2,25
HEYL,25
HINT2,25
HIVEP2,25
HMG20A,25
HOXB7,25
HS3ST5,25
HYAL3,25
IGF1R,25
IGFLR1,25
IGSF9B,25
IKBKB,25
IL13,25
IL6ST,25
ING1,25
INTS10,25
INTS5,25
IPPK,25
IQSEC2,25
IRF2BPL,25
IRS2,25
ISCA2,25
ITGA3,25
ITGA8,25
ITLN2,25
ITPA,25
ITPRIPL1,25
JPH1,25
KANSL3,25
KAT5,25
KAT8,25
KATNB1,25
KBTBD2,25
KBTBD4,25
KCNG2,25
KCNH8,25
KCNIP4,25
KCNQ5,25
KCTD12,25
KCTD14,25
KIAA0513,25
KIF13A,25
KIF21A,25
KLHL29,25
L1TD1,25
LACTB,25
LARP1,25
LGALS12,25
LINGO4,25
LPIN3,25
LSM1,25
LYNX1,25
MAEA,25
MALL,25
MANSC4,25
MAP1LC3B,25
MAP3K14,25
MAP4K1,25
MAP4K3,25
MAP7,25
MAPK8,25
MAPRE1,25
MATK,25
MATN3,25
MBD3,25
MBLAC2,25
MCHR1,25
MDGA2,25
MED25,25
MED6,25
METTL21A,25
METTL23,25
MICAL3,25
MMP25,25
MOB1B,25
MOB4,25
MOGAT2,25
MORF4L1,25
MPND,25
MPV17L2,25
MRRF,25
MSL1,25
MST1R,25
MXRA5,25
MYCL,25
MYH11,25
MYH7B,25
MYO3A,25
MYO5A,25
N4BP1,25
NAA30,25
NANS,25
NAPSA,25
NAT9,25
NATD1,25
NCAPH,25
NCKAP5L,25
NCMAP,25
NDUFB11,25
NDUFV1,25
NES,25
NFIC,25
NGB,25
NGEF,25
NGF,25
NIPAL4,25
NKX2-2,25
NLGN3,25
NLRP13,25
NLRP3,25
NME2,25
NMT1,25
NNAT,25
NOD1,25
NOD2,25
NOM1,25
NOS1,25
NPFFR1,25
NPTN,25
NR0B2,25
NR1D2,25
NR2F2,25
NRK,25
NRN1,25
NTNG1,25
NUDT1,25
NUP188,25
NUTM2A,25
NUTM2D,25
OCIAD2,25
OCSTAMP,25
ONECUT1,25
OPHN1,25
ORAI1,25
OSGIN1,25
OTUD3,25
OTUD5,25
OXR1,25
P2RX3,25
P2RX4,25
P2RY8,25
PACSIN2,25
PACSIN3,25
PADI6,25
PANK2,25
PARG,25
PAX5,25
PCIF1,25
PDCD4,25
PDE10A,25
PDK2,25
PENK,25
PGAM5,25
PHF5A,25
PHYKPL,25
PI4KB,25
PIGR,25
PIGW,25
PIP5K1C,25
PITPNM3,25
PKD1,25
PKLR,25
PLA2G1B,25
PLA2G4E,25
PLAG1,25
PLCD3,25
PLEKHA5,25
PLEKHG1,25
PLEKHG4,25
PLEKHJ1,25
PLPP4,25
PLPP7,25
PMM1,25
PNKD,25
PODN,25
POLDIP2,25
POLR1D,25
POLR3A,25
POM121C,25
POMZP3,25
POP7,25
PPP1R3F,25
PPP2R1A,25
PPP4C,25
PPP4R1,25
PRDM15,25
PRF1,25
PRIMA1,25
PRKG2,25
PRR15L,25
PRTFDC1,25
PSMA7,25
PSMD1,25
PTGDR2,25
PTGES,25
PTH2,25
PTPN9,25
PURA,25
PXYLP1,25
PYGO1,25
RAB36,25
RAB3D,25
RAB8B,25
RAMP1,25
RAP1B,25
RBPJL,25
RCBTB2,25
RCC2,25
REC8,25
REL,25
RERE,25
REST,25
RFFL,25
RGCC,25
RGS7BP,25
RGS8,25
RHCE,25
RHCG,25
RIOK3,25
RMND5A,25
RNF125,25
RNF175,25
RNF183,25
RNF40,25
RPA2,25
RSAD1,25
SAR1A,25
SEC14L6,25
SEPHS1,25
SERPINA5,25
SERPINB9,25
SETBP1,25
SETD2,25
SEZ6L,25
SF3A2,25
SGF29,25
SGMS1,25
SHC1,25
SIGLEC1,25
SIRT6,25
SIVA1,25
SKAP1,25
SLC1A2,25
SLC20A1,25
SLC25A15,25
SLC25A20,25
SLC30A2,25
SLC35D1,25
SLC35E2B,25
SLC35F2,25
SLC39A14,25
SLC41A3,25
SLC7A14,25
SLC8B1,25
SLFN14,25
SLIT3,25
SLX1A,25
SLX1B,25
SMG6,25
SMUG1,25
SNRPB,25
SNX1,25
SNX21,25
SNX4,25
SOCS6,25
SORCS1,25
SP1,25
SPEF1,25
SPEG,25
SPPL2A,25
SPSB1,25
SPSB4,25
SQLE,25
SRPK2,25
SRRM2,25
SRSF2,25
SSRP1,25
ST3GAL5,25
STAT5A,25
STK38,25
STOM,25
STON1-GTF2A1L,25
SUSD1,25
SV2A,25
SYCE2,25
SYCE3,25
SYNPR,25
SYP,25
SYT9,25
SYTL1,25
SYTL4,25
TAF10,25
TAS1R1,25
TASP1,25
TBC1D3L,25
TCEAL8,25
TCFL5,25
TDRD10,25
TDRD5,25
TDRD9,25
TELO2,25
TFG,25
TGFB1,25
THAP8,25
THBS1,25
THOC7,25
TIMM44,25
TK1,25
TM6SF1,25
TM9SF3,25
TMBIM1,25
TMEM107,25
TMEM134,25
TMEM17,25
TMEM213,25
TMEM218,25
TMEM238,25
TMEM47,25
TMEM54,25
TMEM92,25
TNFRSF10B,25
TNRC6B,25
TOP1,25
TPRA1,25
TRADD,25
TRAPPC12,25
TREH,25
TRIM14,25
TRIM41,25
TRIM62,25
TRMT10B,25
TRMT2A,25
TSC22D3,25
TSHZ2,25
TTC3,25
TTC9C,25
TUBA3C,25
TYK2,25
UBE2H,25
UBE2Q2,25
UBE3A,25
UBXN1,25
UCP3,25
UNC5A,25
UQCC3,25
UQCR11,25
USB1,25
USP20,25
USP32,25
USP34,25
USP48,25
UTRN,25
VCP,25
VDAC2,25
VEGFC,25
VPS18,25
VPS25,25
VWA5B1,25
WDR18,25
WDR45,25
WDTC1,25
WFS1,25
WIPF2,25
WWC3,25
XAB2,25
XDH,25
XKR4,25
XRN2,25
YPEL5,25
YWHAQ,25
YY1,25
ZBTB45,25
ZC3H7A,25
ZDHHC20,25
ZDHHC9,25
ZFHX3,25
ZFYVE27,25
ZGLP1,25
ZHX2,25
ZIC1,25
ZMAT5,25
ZNF114,25
ZNF141,25
ZNF180,25
ZNF319,25
ZNF32,25
ZNF396,25
ZNF428,25
ZNF441,25
ZNF487,25
ZNF500,25
ZNF528,25
ZNF536,25
ZNF563,25
ZNF579,25
ZNF616,25
ZNF664,25
ZNF675,25
ZNF683,25
ZNF740,25
ZNF761,25
ZNF785,25
ZNF792,25
ZNF843,25
ZSWIM4,25
ZXDC,25
ABCC10,24
ABHD14A-ACY1,24
ACHE,24
ACOT7,24
ACTN1,24
ACTR1A,24
ADCY1,24
ADGRG2,24
ADGRG5,24
ADORA2B,24
ADRA1B,24
AGAP1,24
AKAP8L,24
AKT2,24
ALDH3A2,24
ALOX12B,24
AMER3,24
AMPH,24
ANKDD1A,24
ANKRD10,24
ANKRD11,24
ANKRD30B,24
ANP32B,24
ANXA5,24
ANXA8L1,24
AP1B1,24
APH1A,24
APH1B,24
APOLD1,24
APPL2,24
ARFGEF3,24
ARHGAP1,24
ARHGEF15,24
ARPC2,24
ARPC4,24
ASF1B,24
ATG16L2,24
ATG2A,24
ATP2C2,24
ATPAF1,24
ATRN,24
AWAT1,24
AZIN2,24
B3GALNT2,24
B3GAT3,24
B4GALT5,24
BACE1,24
BCCIP,24
BCDIN3D,24
BCL2L1,24
BCL2L2-PABPN1,24
BDKRB1,24
BEND2,24
BEX4,24
BIN2,24
BIRC6,24
BMI1,24
BMP4,24
BMPR1A,24
BNC1,24
BNIP3,24
BPTF,24
BRINP1,24
BRSK1,24
BSX,24
C17orf58,24
C1GALT1C1L,24
C1orf159,24
C1orf56,24
C22orf23,24
C2orf81,24
C4orf36,24
C6orf47,24
C9orf152,24
C9orf50,24
CA14,24
CACHD1,24
CACNB2,24
CADPS,24
CALM1,24
CAMK2D,24
CAMSAP1,24
CAPN15,24
CAPN2,24
CASZ1,24
CBFA2T2,24
CBX3,24
CCDC137,24
CCDC17,24
CCDC183,24
CCDC83,24
CCK,24
CCKBR,24
CD160,24
CD33,24
CD81,24
CDC42EP2,24
CDCA3,24
CDCA5,24
CDCP1,24
CDK14,24
CDK5RAP2,24
CDK8,24
CDKL3,24
CDKN2AIPNL,24
CEACAM19,24
CEP131,24
CEP83,24
CFAP65,24
CGN,24
CHADL,24
CHI3L2,24
CHST11,24
CHST2,24
CHTF8,24
CIAO1,24
CIDEC,24
CITED2,24
CLEC4M,24
CLK3,24
CLPSL1,24
CLPX,24
CLSTN1,24
CLTB,24
CLUH,24
CMAS,24
CMTR1,24
CNKSR1,24
CNNM3,24
CNOT1,24
CNOT10,24
CNPY1,24
COL5A3,24
COLEC12,24
COPZ1,24
CPEB3,24
CREBBP,24
CRLF3,24
CRX,24
CRYBB3,24
CSE1L,24
CSGALNACT1,24
CTCF,24
CTF1,24
CTSF,24
CTU2,24
CUZD1,24
CX3CR1,24
CYB561,24
CYB5A,24
CYB5R2,24
CYP27B1,24
CYP2F1,24
DAG1,24
DAND5,24
DCAF6,24
DDOST,24
DDX47,24
DECR1,24
DEFB123,24
DESI2,24
DGKH,24
DIS3L2,24
DIXDC1,24
DKC1,24
DLG3,24
DLGAP1,24
DNAAF1,24
DNAJB2,24
DNAJC5,24
DNASE1,24
DNHD1,24
DNM3,24
DOCK11,24
DOCK4,24
DOCK9,24
DPAGT1,24
DPT,24
DUOX1,24
DYRK1A,24
EFNA5,24
EHD2,24
EIF3A,24
EIF4A1,24
EIF4E,24
ELL3,24
ELP3,24
ENAH,24
ENPP2,24
EPB42,24
EPHX3,24
EPO,24
EPS8L1,24
ERCC6,24
ERP29,24
ESRP1,24
ESRRG,24
EVA1C,24
EXOC3L1,24
EXOSC6,24
FAM151A,24
FAM168A,24
FAM168B,24
FAM171A2,24
FAM20B,24
FAM32A,24
FAM43B,24
FAM76A,24
FAM81A,24
FAM83A,24
FAM83D,24
FAM8A1,24
FBF1,24
FBXO21,24
FCGR3A,24
FER1L5,24
FGD4,24
FGF16,24
FGFR4,24
FLAD1,24
FNBP1,24
FNDC1,24
FNDC3B,24
FOLR1,24
FOSB,24
FOXC2,24
FOXRED2,24
FTSJ1,24
FUS,24
FXYD1,24
GABARAPL2,24
GABPA,24
GABRE,24
GATAD2B,24
GFI1,24
GFOD2,24
GFRA1,24
GIPR,24
GKAP1,24
GLDC,24
GLI2,24
GNAQ,24
GOLGA5,24
GOLGA6A,24
GOLGA8H,24
GPATCH8,24
GPBAR1,24
GPR139,24
GPR160,24
GPR78,24
GPRASP1,24
GPT2,24
GREM1,24
GRHL3,24
GRM1,24
GRXCR2,24
GSK3B,24
GTF2E2,24
GTPBP3,24
HAAO,24
HACD2,24
HAGH,24
HAL,24
HCK,24
HCN3,24
HECW2,24
HEG1,24
HEPN1,24
HERPUD1,24
HLCS,24
HMBS,24
HMOX2,24
HNF4G,24
HOMEZ,24
ICE2,24
ID3,24
IFI27,24
IFITM2,24
IFITM3,24
IFT172,24
IFT22,24
IFT88,24
IKZF5,24
IL21R,24
IL3RA,24
ILF3,24
IMPDH1,24
IMPDH2,24
IP6K1,24
IPO11,24
IRF2,24
ITCH,24
IVD,24
IYD,24
IZUMO1,24
JARID2,24
KAT6B,24
KATNAL2,24
KCNB2,24
KCNK1,24
KCTD19,24
KDM3B,24
KIAA1671,24
KIF1A,24
KIF22,24
KIF2A,24
KLHDC1,24
KLHDC4,24
KLHL10,24
LAMC3,24
LAMP1,24
LAP3,24
LAT2,24
LDOC1,24
LEP,24
LETMD1,24
LGR5,24
LPAR5,24
LPCAT2,24
LRIT1,24
LRRC27,24
LRRC52,24
LRRC59,24
LRRC74A,24
LRRN1,24
LTB,24
LY6G5B,24
LYZL6,24
LZIC,24
LZTFL1,24
MAFF,24
MAGI1,24
MAGI2,24
MANSC1,24
MAP1A,24
MAP2K7,24
MAP3K1,24
MAP3K2,24
MAPK1,24
MAPK10,24
MAS1,24
MATN4,24
MAX,24
MB,24
MCOLN2,24
MDH2,24
MEA1,24
MED15,24
MED22,24
MEFV,24
MEGF11,24
MEIS1,24
MFSD2B,24
MGAT4A,24
MGMT,24
MIXL1,24
MKLN1,24
MLYCD,24
MMP9,24
MOCS1,24
MOGAT1,24
MOSPD1,24
MPHOSPH9,24
MPST,24
MS4A10,24
MSC,24
MSMP,24
MSRB3,24
MTFP1,24
MYO15B,24
MYO5B,24
MYO9A,24
MYOCD,24
MYOM3,24
MYOZ1,24
NABP2,24
NACC1,24
NANOS3,24
NAP1L1,24
NDUFB7,24
NEK7,24
NELL1,24
NEXN,24
NFE2L3,24
NFKBIL1,24
NIM1K,24
NIT1,24
NKAIN3,24
NMT2,24
NOP14,24
NPAS1,24
NPIPA5,24
NPIPA7,24
NPIPB8,24
NPLOC4,24
NR1I3,24
NR4A3,24
NRBF2,24
NRIP2,24
NT5C,24
NUDT16L1,24
NUTM2E,24
NYX,24
OSBP2,24
PADI3,24
PAFAH1B1,24
PAFAH2,24
PALD1,24
PALM3,24
PARP1,24
PATL1,24
PAX6,24
PCBD1,24
PCDH12,24
PCGF2,24
PCNT,24
PDE1B,24
PDE3B,24
PDE6A,24
PDE6D,24
PDPK1,24
PDPR,24
PEAR1,24
PELI3,24
PES1,24
PGLYRP2,24
PGP,24
PHGDH,24
PHKB,24
PHYHIP,24
PIGV,24
PINK1,24
PIWIL4,24
PKDREJ,24
PLA2G2F,24
PLA2G6,24
PLAGL2,24
PLEKHA1,24
PLVAP,24
PLXNC1,24
PMS2,24
PNP,24
PNPLA1,24
POGLUT1,24
POLE2,24
POLR1E,24
POMGNT1,24
POMT1,24
PPARGC1B,24
PPP2CA,24
PQBP1,24
PRKAR2B,24
PRMT8,24
PROSER2,24
PROZ,24
PRSS35,24
PRSS50,24
PSG4,24
PSG5,24
PSRC1,24
PSTPIP2,24
PTGDR,24
PTPN23,24
PTPRN,24
PXN,24
QKI,24
R3HCC1L,24
RAB15,24
RAB20,24
RAB25,24
RAB31,24
RAB34,24
RAB3IP,24
RAB5B,24
RAPH1,24
RASGRF1,24
RASL11B,24
RBM4,24
RCN1,24
RDH8,24
REXO4,24
RFX5,24
RGMB,24
RGS22,24
RHBDD3,24
RHBDL2,24
RHOU,24
RHPN1,24
RIMBP3C,24
RIPK4,24
RLBP1,24
RMI1,24
RNF103-CHMP3,24
RNF121,24
RNF145,24
RNGTT,24
RPE,24
RPTOR,24
RRM2,24
RS1,24
RTKN,24
RYR3,24
S100A9,24
SAP30L,24
SBNO1,24
SCAMP1,24
SCNN1B,24
SCNN1D,24
SDK2,24
SEC24A,24
SEC24C,24
SEC61A2,24
SERHL2,24
SERPINC1,24
SERPINE2,24
SERPINF1,24
SESTD1,24
SET,24
SFRP2,24
SGPL1,24
SGTA,24
SH2D2A,24
SH3RF1,24
SHROOM2,24
SLA,24
SLC20A2,24
SLC22A4,24
SLC23A2,24
SLC25A3,24
SLC25A30,24
SLC25A41,24
SLC29A2,24
SLC34A1,24
SLC38A1,24
SLC52A3,24
SLC6A2,24
SLC6A9,24
SLC7A7,24
SMARCA2,24
SMARCB1,24
SMC1A,24
SMG7,24
SMIM12,24
SMIM13,24
SMTNL1,24
SMYD2,24
SNRPA,24
SOBP,24
SOD2,24
SOS1,24
SOX30,24
SPAG8,24
SPATA25,24
SPATA3,24
SPG7,24
SPOCK1,24
SPRYD3,24
SRGAP1,24
ST6GAL1,24
STAG2,24
STARD10,24
STARD7,24
STK24,24
STMN3,24
STRA8,24
STYXL1,24
SUDS3,24
SUFU,24
SUGP2,24
SULT1A2,24
SV2C,24
SWAP70,24
SYDE2,24
SYN3,24
SYNPO2L,24
SYPL2,24
TAX1BP3,24
TBCC,24
TBL3,24
TBX4,24
TCAIM,24
TCEAL5,24
TCF7L1,24
TCHP,24
TECR,24
TEKT2,24
TERF2,24
TESC,24
TFRC,24
TGFB1I1,24
THNSL2,24
THOP1,24
THRSP,24
TM4SF1,24
TMEFF2,24
TMEM114,24
TMEM116,24
TMEM163,24
TMEM184B,24
TMEM229B,24
TMEM247,24
TMEM25,24
TMEM44,24
TMOD3,24
TMSB4Y,24
TNFAIP3,24
TNNI1,24
TOM1,24
TOM1L2,24
TOP3A,24
TOR1B,24
TP53INP1,24
TPRX1,24
TRAF5,24
TRAPPC10,24
TREML4,24
TRIB1,24
TRIM74,24
TRIO,24
TRMU,24
TRPC3,24
TSPAN5,24
TSPYL2,24
TTLL11,24
TTPAL,24
TUBA3D,24
UBA2,24
UBASH3A,24
UBASH3B,24
UBE2Q1,24
UCMA,24
UGT8,24
UNC119B,24
USE1,24
USP51,24
UTF1,24
UTS2,24
UVRAG,24
VANGL1,24
VOPP1,24
VTCN1,24
VWCE,24
WASF2,24
WDR77,24
WDSUB1,24
WNT5B,24
WWC2,24
XPO4,24
XYLB,24
YBX1,24
YEATS2,24
YWHAB,24
ZBTB3,24
ZBTB49,24
ZCCHC8,24
ZDHHC13,24
ZER1,24
ZFP37,24
ZFP57,24
ZIK1,24
ZKSCAN5,24
ZNF132,24
ZNF148,24
ZNF208,24
ZNF254,24
ZNF442,24
ZNF444,24
ZNF469,24
ZNF525,24
ZNF57,24
ZNF628,24
ZNF639,24
ZNF667,24
ZNF708,24
ZNF71,24
ZNF729,24
ZNF774,24
ZNF813,24
ZNF823,24
ZNF827,24
ZNF90,24
ZNF98,24
ZPR1,24
ZSCAN18,24
ZYG11B,24
ABCA5,23
ABHD3,23
ACCS,23
ACER1,23
ACSS1,23
ACSS3,23
ACTR1B,23
ADCY8,23
ADD1,23
ADHFE1,23
ADI1,23
ADIPOR1,23
ADIRF,23
ADORA1,23
AFAP1L1,23
AFF1,23
AFF3,23
AFF4,23
AGAP2,23
AGAP5,23
AGAP6,23
AIMP1,23
AIMP2,23
AKAP10,23
ALDH3A1,23
ALG3,23
ALKBH4,23
ALPK3,23
AMER1,23
AMFR,23
AMOTL2,23
AMZ2,23
ANGPTL6,23
ANKLE1,23
ANKRD18A,23
ANKRD36C,23
ANKRD65,23
ANO10,23
ANOS1,23
ANTXR2,23
AP3B2,23
APAF1,23
APBA2,23
APLN,23
APOBEC2,23
APPBP2,23
AQP11,23
ARHGAP17,23
ARHGAP40,23
ARID2,23
ARL4D,23
ARL5C,23
ARPC5,23
ARR3,23
ARRB2,23
ART3,23
ASB7,23
ASTN2,23
ATF1,23
ATF5,23
ATF6B,23
ATP6V0A4,23
ATP6V0E2,23
ATP6V1A,23
ATP6V1B2,23
ATP8A2,23
ATP9A,23
ATXN10,23
AZIN1,23
B4GALT1,23
B4GALT4,23
BAG4,23
BATF2,23
BBX,23
BIN3,23
BMP8B,23
BRD9,23
BRPF3,23
BSDC1,23
BZW1,23
C12orf76,23
C19orf44,23
C4orf46,23
CA2,23
CA5A,23
CABP1,23
CACNG3,23
CALHM3,23
CAPRIN1,23
CATSPERD,23
CBX1,23
CCDC157,23
CCDC25,23
CCDC68,23
CCL21,23
CCND2,23
CCNI,23
CCR8,23
CCT2,23
CD244,23
CD59,23
CD70,23
CD82,23
CD8A,23
CDC20,23
CDC6,23
CDCA8,23
CDHR1,23
CDK11A,23
CDK2AP2,23
CELA3A,23
CERS3,23
CFAP20,23
CFAP43,23
CFAP57,23
CFAP73,23
CHCHD5,23
CHL1,23
CHRNA10,23
CHST15,23
CHST6,23
CKMT2,23
CLEC19A,23
CLEC3B,23
CLOCK,23
CLPP,23
CLSPN,23
CLSTN2,23
CMTM4,23
CNNM4,23
CNOT6,23
CNPY4,23
COA3,23
COASY,23
COL12A1,23
COL16A1,23
COLGALT1,23
COPA,23
COQ7,23
COX6A2,23
COX6B1,23
CPM,23
CPSF2,23
CPSF4,23
CPSF7,23
CREBRF,23
CREG2,23
CSNK1A1,23
CTNNBL1,23
CTTNBP2,23
CTU1,23
CYCS,23
CYP17A1,23
DAZAP1,23
DAZAP2,23
DCBLD1,23
DCDC2C,23
DCTPP1,23
DDA1,23
DDB2,23
DDHD2,23
DDIAS,23
DDX50,23
DEDD,23
DEFB108B,23
DGKG,23
DHCR7,23
DHRS3,23
DIP2A,23
DIS3L,23
DNAAF3,23
DNAJA1,23
DNAJC17,23
DNAJC5B,23
DNAJC5G,23
DPF1,23
DPP3,23
DPP8,23
DRAM1,23
DRC3,23
DUSP10,23
DUSP22,23
DVL2,23
DYRK3,23
EBF2,23
ECHDC2,23
ECSCR,23
EDN3,23
EFCAB14,23
EIF2AK3,23
EIF2B4,23
EIF3D,23
EIF4A3,23
EIF4E3,23
ELOVL4,23
ELOVL6,23
EMID1,23
EMP1,23
ENDOU,23
EPB41L3,23
EPB41L4A,23
EPN1,23
ERN2,23
ESCO2,23
ETV1,23
ETV7,23
EXT1,23
EYA4,23
F2RL3,23
F8A1,23
F8A3,23
FA2H,23
FABP3,23
FAM156B,23
FAM169A,23
FAM178B,23
FAM209B,23
FAM20A,23
FAM53A,23
FANCE,23
FARP2,23
FBN1,23
FBN2,23
FBP1,23
FBXL8,23
FBXW10,23
FCHO1,23
FFAR2,23
FGD2,23
FGD5,23
FIGNL1,23
FKBP6,23
FLYWCH1,23
FOS,23
FOXD1,23
FRAS1,23
FRAT2,23
FRS3,23
FSD1L,23
FXYD3,23
GAB1,23
GAK,23
GALNT14,23
GAS2L2,23
GAST,23
GCAT,23
GCDH,23
GCOM1,23
GGCX,23
GGT7,23
GJC1,23
GLB1L3,23
GLT1D1,23
GLYCTK,23
GOLGA6L10,23
GOLGA8O,23
GOLGA8Q,23
GOLGA8R,23
GORASP1,23
GPAT4,23
GPR12,23
GPR143,23
GPR146,23
GPR61,23
GPRC5B,23
GRAMD1A,23
GRPEL1,23
GRSF1,23
GSTP1,23
GSTZ1,23
GTPBP1,23
H6PD,23
HAS2,23
HCFC1,23
HEATR3,23
HERPUD2,23
HHEX,23
HIBADH,23
HJURP,23
HLA-DRB5,23
HMGN1,23
HNRNPA1L2,23
HNRNPH1,23
HOMER1,23
HOXA9,23
HPS6,23
HPSE,23
HRCT1,23
HS3ST3A1,23
HSPBP1,23
IDH2,23
IDH3G,23
IFI27L1,23
IGF2R,23
IGFBP7,23
IGSF21,23
IKZF1,23
IL10RA,23
IL13RA1,23
IL17B,23
IL20RA,23
IL27RA,23
IL31,23
IL34,23
ILDR1,23
INCENP,23
INHBC,23
INPP5D,23
IQGAP3,23
IRX6,23
ITGB1BP2,23
ITGB8,23
ITSN2,23
JMJD4,23
KCNJ1,23
KCNK6,23
KHK,23
KIAA1549,23
KIAA1614,23
KIAA2013,23
KL,23
KLF6,23
KLHDC9,23
KLHL36,23
KLRG2,23
KPNA3,23
KRT72,23
L3MBTL2,23
LAMTOR5,23
LCTL,23
LDHAL6A,23
LEF1,23
LEMD1,23
LEPROTL1,23
LGALSL,23
LIFR,23
LIMS2,23
LMCD1,23
LPGAT1,23
LRBA,23
LRP4,23
LRPPRC,23
LRRC15,23
LRRC37B,23
LRRC41,23
LSS,23
LUC7L3,23
LY6E,23
MACF1,23
MAGEB17,23
MAGI3,23
MAP1S,23
MAPK8IP3,23
MARK1,23
MBD2,23
MBP,23
MCCC1,23
MCM5,23
MCM7,23
MDFIC,23
MECR,23
MED18,23
MED30,23
MED9,23
MEST,23
MFF,23
MFSD1,23
MIER3,23
MIIP,23
MITD1,23
MKRN1,23
MOGS,23
MOSPD3,23
MOV10,23
MPO,23
MSANTD2,23
MSANTD3,23
MT1A,23
MT1M,23
MT2A,23
MTF1,23
MTMR1,23
MTSS1,23
MTUS1,23
MVB12B,23
MX2,23
MYEOV,23
MYH14,23
MYL12A,23
MYO18A,23
MYO1B,23
MYOG,23
NAGK,23
NANOS1,23
NAPG,23
NCALD,23
NCBP2,23
NCOA1,23
NCR3LG1,23
NDUFA3,23
NDUFAB1,23
NDUFB1,23
NDUFS5,23
NFKBID,23
NHS,23
NIF3L1,23
NINJ2,23
NKX3-2,23
NLGN1,23
NLRP1,23
NMNAT1,23
NOA1,23
NOL6,23
NPIPA1,23
NPM2,23
NPR1,23
NR1H3,23
NR2C2,23
NRGN,23
NSMCE1,23
NT5C2,23
NT5C3A,23
NT5DC4,23
NTHL1,23
NUAK1,23
NUBP1,23
NUDT10,23
NUDT16,23
NUP210L,23
OAT,23
OGFRL1,23
OPTC,23
OSBPL10,23
PABPC1,23
PABPC1L,23
PAF1,23
PAIP2B,23
PARD6B,23
PARP12,23
PARP16,23
PAX3,23
PC,23
PDCD7,23
PDCL2,23
PDGFRA,23
PDIA3,23
PDK1,23
PDLIM5,23
PEA15,23
PEBP4,23
PHAX,23
PHF21A,23
PHTF2,23
PHYH,23
PIAS2,23
PICALM,23
PIEZO2,23
PIGG,23
PIGP,23
PKD2,23
PKM,23
PKP2,23
PLA2G4F,23
PLAU,23
PLCB4,23
PLCG2,23
PLCH2,23
PLEKHB2,23
PLOD1,23
PMF1-BGLAP,23
POLR2J3,23
PON3,23
POTEI,23
POU2F1,23
PPCDC,23
PPM1D,23
PPM1H,23
PPM1L,23
PPP1R14C,23
PPP1R2,23
PPP1R26,23
PPP6R2,23
PRAMEF20,23
PRDM10,23
PRKAG1,23
PRKAR2A,23
PRKDC,23
PRR14,23
PRRG2,23
PSG7,23
PSMB4,23
PSMD13,23
PTBP3,23
PTCH1,23
PTPRA,23
PUS7,23
PYM1,23
QRICH2,23
RAB12,23
RAB3GAP2,23
RABEP1,23
RAD50,23
RAE1,23
RALY,23
RANBP10,23
RAPGEF3,23
RAPGEFL1,23
RASA2,23
RASGEF1B,23
RASGRF2,23
RBL2,23
RBM18,23
RBX1,23
RCAN1,23
RCAN3,23
RELL1,23
RFTN1,23
RGL1,23
RGPD3,23
RGS3,23
RIPPLY3,23
RMND5B,23
RNASEH2C,23
RND1,23
RNF169,23
RNF25,23
RNFT1,23
ROMO1,23
ROR2,23
RPEL1,23
RSPH14,23
RSPO1,23
RSRC1,23
RSRP1,23
RUSC1,23
S100A8,23
SAP130,23
SARAF,23
SBF2,23
SCAMP2,23
SEC14L1,23
SEC63,23
SEL1L3,23
SEMA4B,23
SERGEF,23
SERINC2,23
SERINC4,23
SERPINB8,23
SERTAD1,23
SERTAD4,23
SFXN1,23
SHCBP1L,23
SHMT2,23
SIAH2,23
SIPA1L1,23
SLA2,23
SLC11A1,23
SLC16A11,23
SLC22A14,23
SLC22A16,23
SLC22A6,23
SLC24A1,23
SLC25A19,23
SLC25A28,23
SLC25A43,23
SLC28A1,23
SLC37A3,23
SLC39A11,23
SLC47A1,23
SLC4A7,23
SLC5A4,23
SLC9A2,23
SLF2,23
SLX4,23
SMAD2,23
SMAGP,23
SMC3,23
SMCO4,23
SMOC2,23
SMYD3,23
SNAP47,23
SNCB,23
SNTB2,23
SNX18,23
SNX22,23
SNX6,23
SORBS1,23
SOWAHC,23
SOX15,23
SOX2,23
SPAG9,23
SPDYE1,23
SPDYE2,23
SPDYE2B,23
SPDYE3,23
SPIN2B,23
SPTBN1,23
SRP68,23
SRPRA,23
SS18L2,23
SSU72,23
ST3GAL6,23
ST7L,23
STARD3,23
STK11,23
STOX1,23
SUPT5H,23
SURF6,23
SYNJ2BP-COX16,23
SYS1-DBNDD2,23
TAF6,23
TALDO1,23
TAOK1,23
TBC1D20,23
TBC1D9B,23
TBX15,23
TBX5,23
TCEAL2,23
TCF19,23
TCF7L2,23
TCP11L1,23
TECPR1,23
TECPR2,23
TESK1,23
TEX35,23
TEX38,23
TFCP2,23
TFF1,23
TGM5,23
TGM6,23
THRB,23
TIMP3,23
TM4SF5,23
TMBIM4,23
TMC2,23
TMCC1,23
TMED10,23
TMEM131,23
TMEM135,23
TMEM181,23
TMEM185B,23
TMEM203,23
TMEM205,23
TMEM234,23
TMEM41A,23
TMEM45B,23
TMEM61,23
TMEM9,23
TMEM9B,23
TMTC2,23
TMTC4,23
TMUB2,23
TNFSF4,23
TOP3B,23
TRAF3IP1,23
TRAK1,23
TRIM24,23
TRIM33,23
TRIM50,23
TRMT13,23
TRO,23
TRPC1,23
TRPV1,23
TSFM,23
TSLP,23
TSPAN1,23
TSPAN10,23
TSPAN9,23
TTF1,23
TUBA8,23
TUBB1,23
TUFT1,23
TXLNA,23
UBAC2,23
UBAP2L,23
UBE2D2,23
UBR7,23
UBXN6,23
UBXN7,23
ULK2,23
UMPS,23
UPF2,23
UQCC2,23
URI1,23
USHBP1,23
USP2,23
USP3,23
USP36,23
USP49,23
VASH2,23
VDAC3,23
VGLL2,23
VPS29,23
VPS35,23
VPS54,23
VSIG10,23
VSX1,23
VTN,23
WDFY2,23
WDR1,23
WIPF3,23
YIPF6,23
YLPM1,23
YPEL2,23
YRDC,23
YWHAZ,23
ZBP1,23
ZBTB2,23
ZBTB20,23
ZBTB32,23
ZC2HC1C,23
ZC3H18,23
ZDHHC16,23
ZDHHC2,23
ZEB1,23
ZFP91,23
ZFP91-CNTF,23
ZKSCAN1,23
ZMAT1,23
ZNF14,23
ZNF274,23
ZNF335,23
ZNF362,23
ZNF425,23
ZNF439,23
ZNF473,23
ZNF486,23
ZNF541,23
ZNF627,23
ZNF630,23
ZNF665,23
ZNF672,23
ZNF697,23
ZNF707,23
ZNF721,23
ZNF727,23
ZNF76,23
ZNF770,23
ZNF771,23
ZNF784,23
ZNF821,23
ZNF837,23
ZW10,23
ZZEF1,23
AADACL3,22
AAK1,22
ABCB10,22
ABLIM3,22
ABRACL,22
ABTB2,22
ACAD8,22
ACOT8,22
ACSS2,22
ADAM19,22
ADAM33,22
ADAMTS16,22
ADAMTS18,22
ADCY7,22
ADRA1A,22
ADRB3,22
ADRM1,22
AFG3L2,22
AGAP9,22
AGBL5,22
AGTRAP,22
AKTIP,22
ALG8,22
ALOX12,22
ALOX5,22
AMT,22
ANKH,22
ANKHD1-EIF4EBP3,22
ANKRD17,22
ANKRD28,22
ANKRD31,22
ANKRD36B,22
ANKS3,22
ANKS6,22
ANO2,22
ANTXR1,22
AP1M1,22
AP1S2,22
APBA1,22
APBB1,22
APBB1IP,22
APIP,22
APP,22
ARFGEF1,22
ARFIP1,22
ARHGAP19-SLIT1,22
ARL14EP,22
ARMC5,22
ARMCX2,22
ARMCX6,22
ARRDC5,22
ASRGL1,22
ASXL2,22
ATAD3C,22
ATP10A,22
ATP1A4,22
ATP1B2,22
ATP6AP1,22
ATP6AP2,22
ATP6V0A2,22
ATP7B,22
AUNIP,22
B3GALT5,22
B3GALT6,22
B4GALT3,22
B9D2,22
BAG1,22
BATF3,22
BCAN,22
BCL2,22
BCL2L2,22
BHLHE41,22
BMPER,22
BPIFB4,22
BRI3BP,22
BSPH1,22
BSPRY,22
BTBD16,22
BUD13,22
C15orf61,22
C16orf78,22
C17orf67,22
C19orf33,22
C1QA,22
C1orf216,22
C2CD4D,22
C3,22
C5AR1,22
C5orf15,22
C8orf33,22
CA12,22
CABIN1,22
CACNB4,22
CALCOCO1,22
CALM2,22
CALN1,22
CAMSAP2,22
CAP2,22
CARHSP1,22
CASP3,22
CBX6,22
CCDC107,22
CCDC116,22
CCDC117,22
CCDC167,22
CCNJL,22
CCNYL1,22
CCT6A,22
CD19,22
CD3D,22
CD40,22
CDH22,22
CDIP1,22
CDR2L,22
CDS2,22
CEACAM6,22
CEBPD,22
CELA2A,22
CELA3B,22
CENPA,22
CEP68,22
CEP85,22
CEP95,22
CFAP58,22
CGREF1,22
CHD6,22
CHGB,22
CHI3L1,22
CHID1,22
CHKB-CPT1B,22
CHPT1,22
CHRNA2,22
CHRNA3,22
CHSY3,22
CLASP2,22
CLIC6,22
CLU,22
CMTM7,22
CMYA5,22
CNOT8,22
COA7,22
COCH,22
COL17A1,22
COL24A1,22
COL4A5,22
COPS7A,22
COPZ2,22
COX5A,22
CPEB4,22
CPQ,22
CPXM2,22
CRB3,22
CTBP1,22
CTDP1,22
CTNNA1,22
CUL4A,22
CUX2,22
CYB5R1,22
CYFIP1,22
CYTH4,22
DAGLB,22
DAP,22
DCP1B,22
DCPS,22
DCTN1,22
DCTN5,22
DDAH2,22
DDHD1,22
DDX19A,22
DDX28,22
DDX31,22
DDX4,22
DDX56,22
DEFB119,22
DENND1C,22
DENND4C,22
DEPDC5,22
DHRS13,22
DHX33,22
DLEC1,22
DMAP1,22
DNAJA4,22
DNAJC18,22
DNAJC7,22
DND1,22
DNM2,22
DNPEP,22
DOK5,22
DPH1,22
DPH3,22
DPP7,22
DSTYK,22
DTD1,22
DTX3L,22
DTYMK,22
DUSP3,22
DUSP4,22
DUSP6,22
DYNLL1,22
EAF1,22
EAPP,22
EDEM1,22
EEF2,22
EFTUD2,22
EI24,22
EIF2B3,22
EIF3B,22
EIF4ENIF1,22
EMILIN2,22
EPB41L1,22
ERAP1,22
ERCC3,22
ERMAP,22
ERVV-2,22
ESRRB,22
ESYT3,22
ETV3,22
EVA1A,22
EXOG,22
EXOSC5,22
EXTL3,22
FAAH,22
FADS3,22
FAM114A1,22
FAM114A2,22
FAM136A,22
FAM163A,22
FAM171B,22
FAM174B,22
FAM182B,22
FAM187B,22
FAM193B,22
FAM222B,22
FANCA,22
FAR2,22
FATE1,22
FAXC,22
FBXO45,22
FCHSD1,22
FEM1A,22
FEM1C,22
FGF13,22
FHL2,22
FIP1L1,22
FKBP1A,22
FLNB,22
FMNL3,22
FOXN2,22
FOXP1,22
FOXRED1,22
FRMD5,22
GABARAPL1,22
GABRA4,22
GBF1,22
GCC1,22
GCK,22
GCLM,22
GDE1,22
GDF10,22
GGACT,22
GGT6,22
GID8,22
GLOD5,22
GLYATL2,22
GMEB1,22
GMPR,22
GNG12,22
GNL3,22
GNPNAT1,22
GOT2,22
GP1BA,22
GPM6B,22
GPN3,22
GPR155,22
GPR27,22
GPX1,22
GRAMD1B,22
GRIA3,22
GRIN2B,22
GRK4,22
GRM4,22
GRN,22
GSN,22
GTF3C2,22
GTF3C4,22
GUCA1A,22
GUCY2D,22
GZF1,22
HAPLN2,22
HAS3,22
HCCS,22
HDAC11,22
HDDC2,22
HDGF,22
HEATR4,22
HEPH,22
HERC5,22
HEY1,22
HGSNAT,22
HK3,22
HNF4A,22
HNRNPA0,22
HNRNPAB,22
HOMER2,22
HOOK3,22
HOXD3,22
HOXD9,22
HS1BP3,22
HSCB,22
HSDL1,22
HSPA5,22
HSPA9,22
HSPE1,22
HSPE1-MOB4,22
HYAL2,22
HYDIN,22
IDH3B,22
IFNLR1,22
IFT20,22
IGFBP5,22
IGFN1,22
IGSF23,22
IL10,22
IL23A,22
INO80C,22
INO80D,22
INPP1,22
INPP4A,22
INSC,22
INTS12,22
INTS8,22
IPMK,22
IQGAP2,22
IRF2BP1,22
IRF2BP2,22
ISCA1,22
ISG20L2,22
ITFG1,22
ITPR2,22
JAM2,22
JKAMP,22
KBTBD11,22
KCTD2,22
KCTD20,22
KDM1A,22
KDM4A,22
KDM4B,22
KIAA1191,22
KIF13B,22
KIF1B,22
KIF3A,22
KIFC3,22
KIN,22
KIZ,22
KLC1,22
KLHDC8A,22
KLHL40,22
KLHL5,22
KLHL7,22
KMT5A,22
KNTC1,22
L2HGDH,22
L3MBTL4,22
LAGE3,22
LAMA1,22
LAMP3,22
LBHD1,22
LCLAT1,22
LDLRAD3,22
LEAP2,22
LGI2,22
LILRB4,22
LIN7B,22
LIPG,22
LIX1L,22
LONP2,22
LONRF3,22
LPAR3,22
LPXN,22
LRCH1,22
LRIG1,22
LRRC8D,22
LRRK1,22
LRTOMT,22
LTA4H,22
LYPD3,22
LYRM7,22
LYSMD3,22
MAD2L1BP,22
MAGEA10,22
MAGED2,22
MAN2C1,22
MAOA,22
MAP1LC3C,22
MAP2K1,22
MAP4K4,22
MATN2,22
MCF2L2,22
MCM3AP,22
MCM9,22
MCTP2,22
MDGA1,22
ME3,22
MEAF6,22
MED20,22
MEI1,22
MFSD2A,22
MGAT1,22
MID2,22
MLEC,22
MLKL,22
MLXIP,22
MMS19,22
MSH2,22
MSL3,22
MTHFD1,22
MTURN,22
MTUS2,22
MVP,22
MXRA8,22
MYADML2,22
MYO18B,22
MYOD1,22
NAA50,22
NADSYN1,22
NAGLU,22
NANP,22
NARF,22
NASP,22
NBPF11,22
NBPF12,22
NBPF3,22
NDE1,22
NDUFAF2,22
NENF,22
NEURL3,22
NFKB1,22
NFKBIA,22
NICN1,22
NIFK,22
NOL9,22
NPIPB6,22
NPIPB9,22
NRG3,22
NSD1,22
NSF,22
NSUN2,22
NTN4,22
NUAK2,22
NUGGC,22
NUTM2B,22
NXF2,22
NXPE3,22
NXPH2,22
OAZ3,22
OGDHL,22
OPRD1,22
ORMDL1,22
OSBPL11,22
OSR2,22
P4HA2,22
P4HTM,22
PACS2,22
PAG1,22
PARP2,22
PBRM1,22
PCBP1,22
PCBP2,22
PCDH15,22
PCP4,22
PDE8A,22
PDGFC,22
PDHB,22
PDIK1L,22
PDLIM1,22
PDSS2,22
PEX11G,22
PEX5,22
PFDN4,22
PFDN5,22
PGF,22
PGLYRP3,22
PHLDB1,22
PHLPP1,22
PIGU,22
PIK3R3,22
PILRA,22
PIP5K1B,22
PLA1A,22
PLAT,22
PLD2,22
PLEKHF2,22
PLEKHH2,22
PLK3,22
PMEL,22
POGK,22
POLK,22
POMP,22
POU6F1,22
PPEF1,22
PPFIA4,22
PPP1R14D,22
PPP1R15B,22
PPP1R7,22
PPP1R8,22
PPP2R2A,22
PPP2R5E,22
PPP3CA,22
PPP3CC,22
PPP4R3A,22
PRC1,22
PRDX6,22
PRELID2,22
PRELID3A,22
PRELP,22
PREX2,22
PRMT1,22
PROKR2,22
PRPF40A,22
PRPF40B,22
PRRC1,22
PSG1,22
PSMA1,22
PSMC1,22
PSMC3,22
PSMC3IP,22
PSMC5,22
PSMD11,22
PSMD5,22
PSME3,22
PSMG1,22
PSMG4,22
PSPN,22
PSTK,22
PTCRA,22
PTHLH,22
PTPDC1,22
PTPN4,22
PTPN6,22
PUS7L,22
PYGB,22
RAB11FIP2,22
RAB11FIP5,22
RAB32,22
RAB35,22
RAB38,22
RAB6A,22
RAB7A,22
RANGAP1,22
RASSF2,22
RBM10,22
RBM28,22
RBM4B,22
RBM6,22
RETN,22
RFX3,22
RGS14,22
RGS16,22
RGS2,22
RHEBL1,22
RMI2,22
RNASE10,22
RNF11,22
RNF138,22
RNF157,22
RNF26,22
RNF4,22
ROR1,22
RP1L1,22
RP9,22
RPRML,22
RRP7A,22
RSPRY1,22
RYR1,22
SCAF11,22
SCARA3,22
SCGB1D2,22
SCGB2A1,22
SCIMP,22
SCLY,22
SCN10A,22
SDHA,22
SEC23A,22
SEC24B,22
SEMA6A,22
SETX,22
SF3B6,22
SFMBT1,22
SH2D5,22
SH3BGR,22
SH3D19,22
SH3KBP1,22
SH3RF2,22
SHF,22
SIDT1,22
SIGLECL1,22
SIX4,22
SKP1,22
SLC22A13,22
SLC25A18,22
SLC25A35,22
SLC25A5,22
SLC26A2,22
SLC29A3,22
SLC2A14,22
SLC30A6,22
SLC43A3,22
SLC5A10,22
SLC5A2,22
SLC6A5,22
SLC7A4,22
SLITRK5,22
SMAD1,22
SMARCD2,22
SMIM2,22
SMIM3,22
SNF8,22
SNRPE,22
SNTB1,22
SNTG1,22
SNU13,22
SNX15,22
SNX27,22
SON,22
SOX5,22
SP2,22
SPATA22,22
SPATS2,22
SPINT1,22
SRP14,22
ST3GAL1,22
STARD5,22
STK32B,22
STT3A,22
STT3B,22
SUGP1,22
SVEP1,22
SVOPL,22
SWT1,22
SYBU,22
SYN1,22
SYN2,22
SYT11,22
TACC1,22
TANGO6,22
TBC1D16,22
TBL2,22
TBPL1,22
TC2N,22
TCP11L2,22
TDP2,22
TDRP,22
TEC,22
TENM3,22
TET2,22
TEX26,22
TEX9,22
TGFBRAP1,22
THUMPD1,22
THYN1,22
TICAM1,22
TIGD1,22
TIGD4,22
TIPRL,22
TKFC,22
TKTL1,22
TM2D2,22
TMED2,22
TMEM106C,22
TMEM158,22
TMEM164,22
TMEM175,22
TMEM214,22
TMEM217,22
TMEM259,22
TMEM63B,22
TMEM86A,22
TMEM87B,22
TNFAIP8,22
TOMM22,22
TOPBP1,22
TOR2A,22
TOX,22
TP53,22
TPD52,22
TPMT,22
TPTE2,22
TRAFD1,22
TRAK2,22
TRAM2,22
TRIM46,22
TRIM73,22
TRIP13,22
TRNT1,22
TSSK6,22
TTC39B,22
TTC9,22
TTLL1,22
TTLL12,22
TTLL4,22
TUBB6,22
TUBD1,22
TUBG2,22
TUFM,22
TULP3,22
TUSC2,22
TXNDC17,22
TXNRD2,22
TYMS,22
UAP1,22
UBA3,22
UBAP2,22
UBE2D1,22
UBE3C,22
UBE4B,22
UBL3,22
UBOX5,22
UBP1,22
UBR4,22
UNC45A,22
UPF1,22
URGCP-MRPS24,22
USP21,22
USP27X,22
VAMP1,22
VAMP8,22
VAV3,22
VIPR1,22
VIPR2,22
VPREB3,22
VPS13D,22
VPS33B,22
VPS37D,22
VSIG8,22
VSX2,22
WAS,22
WBP1L,22
WDR13,22
WDR31,22
WDR5,22
WDR70,22
WDR74,22
WDR87,22
WRN,22
WRNIP1,22
XIRP1,22
XPA,22
XPO6,22
YIPF2,22
YIPF4,22
ZBTB24,22
ZBTB37,22
ZBTB4,22
ZBTB5,22
ZBTB8OS,22
ZC3H12D,22
ZC3H3,22
ZDHHC1,22
ZFAND5,22
ZFP2,22
ZMYM5,22
ZMYND8,22
ZNF101,22
ZNF235,22
ZNF256,22
ZNF275,22
ZNF30,22
ZNF433,22
ZNF488,22
ZNF492,22
ZNF493,22
ZNF575,22
ZNF592,22
ZNF676,22
ZNF677,22
ZNF678,22
ZNF718,22
ZNF746,22
ZNF841,22
ZNF860,22
ZNF891,22
ZNHIT3,22
ZP1,22
ZP3,22
ZSCAN20,22
ZSCAN32,22
A2ML1,21
AAMDC,21
ABCB8,21
ABHD13,21
ABHD5,21
ABL1,21
ABLIM1,21
ACE2,21
ACIN1,21
ACO1,21
ACOX1,21
ACOXL,21
ACRBP,21
ACTR3,21
ACTR3B,21
ADAM10,21
ADAM9,21
ADD2,21
ADGRD1,21
ADIPOR2,21
ADRB1,21
AFF2,21
AGAP14P,21
AK7,21
AKR7A3,21
ALDH18A1,21
ALG2,21
ALK,21
ALOX5AP,21
ALYREF,21
AMOTL1,21
ANAPC11,21
ANK3,21
ANKFY1,21
ANKRD13A,21
ANO8,21
ANXA8,21
AP1M2,21
AP4S1,21
APC,21
ARF6,21
ARFGAP3,21
ARHGAP39,21
ARHGEF11,21
ARHGEF37,21
ARID4A,21
ARL3,21
ARL6IP1,21
ARL6IP6,21
ARMCX1,21
ARSA,21
ASPSCR1,21
ATG16L1,21
ATIC,21
ATL3,21
ATP11C,21
BCAS3,21
BHMT,21
BIK,21
BLMH,21
BMP3,21
BNIP1,21
BOC,21
BORCS6,21
BORCS7,21
BORCS7-ASMT,21
BRK1,21
BROX,21
BRWD1,21
BTBD9,21
C10orf67,21
C11orf16,21
C12orf42,21
C14orf119,21
C15orf40,21
C1orf146,21
C1orf74,21
C2orf72,21
C2orf78,21
C5orf47,21
C6orf141,21
CABLES1,21
CADM1,21
CALCA,21
CANX,21
CAPN1,21
CAPN8,21
CASC3,21
CBR3,21
CBS,21
CCDC112,21
CCDC142,21
CCDC171,21
CCL13,21
CCL18,21
CCR1,21
CCZ1B,21
CD164,21
CD2AP,21
CDC23,21
CDC45,21
CDK16,21
CDK17,21
CDKL5,21
CDKN3,21
CDNF,21
CDS1,21
CEACAM20,21
CENPB,21
CENPE,21
CEP135,21
CEP250,21
CEP89,21
CFAP53,21
CFAP69,21
CFLAR,21
CHAF1B,21
CHCHD3,21
CHD8,21
CHTOP,21
CIB1,21
CINP,21
CKAP5,21
CLEC4D,21
CLINT1,21
CLK1,21
CLK4,21
CMTM5,21
CNDP2,21
CNN2,21
CNP,21
CNPY3,21
CNTN4,21
CNTNAP5,21
COPE,21
COPS6,21
COQ9,21
COX7C,21
CPSF3,21
CRTAM,21
CRYAB,21
CRYBA1,21
CRYZ,21
CSMD2,21
CTRB1,21
CTSB,21
CXCR5,21
CYP11A1,21
CYP4V2,21
CYP4X1,21
CYP51A1,21
CYTL1,21
DAAM2,21
DACT2,21
DACT3,21
DAPK3,21
DAW1,21
DCAF17,21
DCAF7,21
DCAF8,21
DCUN1D4,21
DDO,21
DDX19B,21
DDX21,21
DDX41,21
DEGS1,21
DENND4A,21
DENND6A,21
DEPDC7,21
DGCR8,21
DHX37,21
DHX8,21
DISC1,21
DKK1,21
DLL1,21
DLX1,21
DMRTB1,21
DMRTC1,21
DNAAF2,21
DNAH17,21
DNAH7,21
DNAJB14,21
DNAJC19,21
DRGX,21
DSC2,21
DTNB,21
DTX2,21
DYNC1LI2,21
E2F6,21
EBF3,21
EDDM3B,21
EDN1,21
EFCAB6,21
EFCAB8,21
EFCC1,21
EFHC2,21
EFR3B,21
EIF3CL,21
EIF3J,21
EIF5AL1,21
EME1,21
ENTPD1,21
ENTPD3,21
EPB41L2,21
EPHA5,21
ERV3-1,21
EXOSC2,21
F2R,21
FAH,21
FAM118A,21
FAM13B,21
FAM156A,21
FAM171A1,21
FAM180B,21
FAM199X,21
FAM228B,21
FAM229A,21
FAM83B,21
FAT1,21
FAT4,21
FBXL18,21
FBXO3,21
FCGR3B,21
FFAR4,21
FGD3,21
FGF1,21
FGF2,21
FGFR2,21
FHIT,21
FIGLA,21
FIGN,21
FKBP15,21
FNIP1,21
FOXS1,21
FTSJ3,21
FURIN,21
FZD4,21
FZD7,21
FZD9,21
GABRA6,21
GAD1,21
GAD2,21
GALNT1,21
GALNT10,21
GALNT15,21
GALNT16,21
GCHFR,21
GCSAML,21
GDAP1L1,21
GGA3,21
GJA5,21
GLB1L2,21
GLE1,21
GLMP,21
GLRX3,21
GMCL1,21
GMPS,21
GNA12,21
GNA15,21
GOLGA7,21
GON4L,21
GPC2,21
GPC6,21
GPD2,21
GPHN,21
GPKOW,21
GPR161,21
GPR176,21
GPR37L1,21
GPR83,21
GSAP,21
GUSB,21
HAND2,21
HBP1,21
HDHD2,21
HELB,21
HERC2,21
HGF,21
HIRA,21
HMGB2,21
HNF1A,21
HNRNPA2B1,21
HNRNPA3,21
HNRNPF,21
HNRNPH3,21
HNRNPR,21
HNRNPUL1,21
HOOK1,21
HPS1,21
HS3ST1,21
HSDL2,21
HSPG2,21
HTR2C,21
HTR3A,21
HTR4,21
HTRA1,21
IBTK,21
IDH1,21
IDNK,21
IDUA,21
IER3IP1,21
IFFO1,21
IFIT1B,21
IFT140,21
IFT81,21
IK,21
IKBKG,21
IL15RA,21
IL17RA,21
IL2RG,21
IL6R,21
ILDR2,21
ILF2,21
ILK,21
IMP4,21
INPP5E,21
INPP5F,21
INSIG1,21
INTS6,21
IP6K2,21
IQCE,21
IRAK4,21
IRF6,21
ISCU,21
ITFG2,21
ITGA2B,21
ITIH4,21
ITPR1,21
JAK1,21
JOSD1,21
KATNA1,21
KCNA5,21
KCNE3,21
KCNH1,21
KCTD10,21
KCTD5,21
KDM7A,21
KIAA2012,21
KLHL18,21
KLHL42,21
KPNA4,21
KRCC1,21
KRIT1,21
LAPTM4B,21
LBR,21
LDAH,21
LDLRAD2,21
LEKR1,21
LETM1,21
LHFPL5,21
LHPP,21
LIN7A,21
LMTK2,21
LPAR1,21
LRFN2,21
LRRC1,21
LRRC3,21
LRWD1,21
LSM12,21
LY6K,21
LYSMD1,21
MAK,21
MAN1C1,21
MAN2A1,21
MAP10,21
MAP2,21
MARCKS,21
MARCO,21
MAST4,21
MAT2A,21
MCL1,21
MCM4,21
MCOLN3,21
MCRS1,21
MED12,21
MEIS2,21
METTL2A,21
MGAT5,21
MIA3,21
MICB,21
MIPEP,21
MMAB,21
MOB1A,21
MOK,21
MORN5,21
MPPED2,21
MRO,21
MRS2,21
MRTO4,21
MSTO1,21
MTMR8,21
MTOR,21
MUL1,21
MYBPHL,21
MYDGF,21
MYL6B,21
NAA25,21
NAE1,21
NAPA,21
NBPF15,21
NCBP1,21
NCF2,21
NCOA6,21
NDN,21
NDRG3,21
NDUFAF6,21
NDUFB8,21
NDUFS1,21
NEFM,21
NEK3,21
NHSL2,21
NIPA1,21
NME6,21
NNT,21
NPC1,21
NPC2,21
NPM1,21
NPM3,21
NPTXR,21
NR2E1,21
NRBP1,21
NRDC,21
NSFL1C,21
NSUN5,21
NT5DC1,21
NUB1,21
NUBPL,21
NUDT17,21
NUMA1,21
NUP153,21
NUP54,21
NUP93,21
NUTF2,21
NWD2,21
OAF,21
OASL,21
OCRL,21
OGFOD3,21
OPN1SW,21
OS9,21
OTP,21
OTUD1,21
OVCH1,21
P2RX7,21
P4HA3,21
PABPC4,21
PADI4,21
PANK1,21
PANX1,21
PAPOLA,21
PAPSS2,21
PARP6,21
PARVG,21
PAX9,21
PCBP4,21
PCCB,21
PCDH17,21
PCF11,21
PCNA,21
PDCD10,21
PDIA5,21
PDIA6,21
PDZD8,21
PECR,21
PEX26,21
PGAM1,21
PGBD5,21
PGD,21
PGLS,21
PGLYRP4,21
PGM1,21
PGM2L1,21
PGR,21
PHC3,21
PHLDB2,21
PHYHIPL,21
PICK1,21
PINLYP,21
PKIG,21
PKN3,21
PLAA,21
PLEKHA6,21
PLEKHA7,21
PLK2,21
PLPPR4,21
PLS3,21
PM20D2,21
POLE4,21
POLR2J,21
POLR3G,21
POLR3H,21
POMC,21
PORCN,21
POTEF,21
PPFIBP2,21
PPM1B,21
PPM1G,21
PPP1CC,21
PPP6C,21
PRADC1,21
PRDM4,21
PRELID3B,21
PRKD3,21
PRMT3,21
PRMT5,21
PRODH,21
PRODH2,21
PRRC2A,21
PRRG4,21
PSAP,21
PSMB7,21
PSMC4,21
PSMD8,21
PSME4,21
PTCD1,21
PTCD3,21
PTCH2,21
PTK2B,21
PTOV1,21
PURG,21
PYURF,21
QPCT,21
QPRT,21
RAB21,21
RAB23,21
RAB2B,21
RAB9B,21
RABAC1,21
RABEPK,21
RABL3,21
RAD9B,21
RAI2,21
RANBP3,21
RANBP9,21
RANGRF,21
RAP1GDS1,21
RAPGEF6,21
RARRES2,21
RASAL2,21
RASGRP1,21
RASGRP4,21
RASL11A,21
RBM3,21
REEP1,21
RFC5,21
RFX7,21
RGS9,21
RHOBTB2,21
RHOBTB3,21
RHOG,21
RIC1,21
RIPK2,21
RITA1,21
RLIM,21
RNF170,21
RNF215,21
RNF41,21
RNPEP,21
RORA,21
RPN1,21
RPP14,21
RPP40,21
RRP12,21
RSPH1,21
RSPH10B,21
RTN3,21
RYBP,21
RYK,21
S100A12,21
S100A13,21
S100B,21
SAFB2,21
SASS6,21
SCML1,21
SCNN1G,21
SCYL3,21
SDR16C5,21
SELPLG,21
SERINC5,21
SERPINB6,21
SERPIND1,21
SESN1,21
SETD6,21
SFPQ,21
SFT2D1,21
SGIP1,21
SGMS2,21
SGTB,21
SHE,21
SIDT2,21
SIN3A,21
SIPA1L2,21
SKOR2,21
SLC10A6,21
SLC12A2,21
SLC12A6,21
SLC15A1,21
SLC16A6,21
SLC1A6,21
SLC22A5,21
SLC25A13,21
SLC25A17,21
SLC25A37,21
SLC25A53,21
SLC30A4,21
SLC37A4,21
SLC38A2,21
SLC3A1,21
SLC40A1,21
SLC52A1,21
SLC5A7,21
SLC6A13,21
SMARCA5,21
SMOC1,21
SNIP1,21
SNX20,21
SOAT1,21
SOD1,21
SOHLH2,21
SOX9,21
SP140,21
SPACA5,21
SPAG17,21
SPAM1,21
SPAST,21
SPECC1,21
SPEN,21
SPHK2,21
SPOP,21
SPRY2,21
SREBF2,21
SRGAP2,21
SRPK1,21
SRSF10,21
SRSF4,21
SRSF6,21
SSC4D,21
STK11IP,21
STK3,21
STXBP5,21
SULT1A1,21
SUSD6,21
SUV39H2,21
SUZ12,21
SWSAP1,21
SYAP1,21
SYCP2L,21
SYNE1,21
SYT12,21
SYT13,21
SYT14,21
SYT3,21
TACR1,21
TAF12,21
TAF6L,21
TANC2,21
TAPT1,21
TBC1D5,21
TBC1D8B,21
TBL1Y,21
TBX20,21
TCN2,21
TCP10L,21
TGFB3,21
THAP7,21
THSD7B,21
TIMM23,21
TIMMDC1,21
TMCC2,21
TMEM11,21
TMEM123,21
TMEM138,21
TMEM14A,21
TMEM14B,21
TMEM161A,21
TMEM169,21
TMEM170A,21
TMEM200A,21
TMEM200C,21
TMEM216,21
TMEM223,21
TMEM233,21
TMEM60,21
TMEM94,21
TNFRSF11A,21
TNFRSF9,21
TNPO3,21
TOLLIP,21
TOM1L1,21
TOP2A,21
TP53BP1,21
TPGS2,21
TRAF3IP2,21
TRIM5,21
TRIM58,21
TRMT5,21
TSPAN12,21
TTC36,21
TTI1,21
TUBA1B,21
TUBB8,21
TWSG1,21
TYW1,21
UBALD2,21
UBB,21
UBE3B,21
UBIAD1,21
UBQLN1,21
UBXN8,21
UCHL5,21
UCN3,21
UGDH,21
UGT3A2,21
UHRF1,21
ULBP1,21
UNC13B,21
UNC5D,21
UNK,21
UST,21
UTP3,21
VANGL2,21
VBP1,21
VKORC1,21
VMA21,21
VPS13A,21
VPS16,21
VPS72,21
VRK3,21
VSTM1,21
VSTM4,21
VTI1A,21
VWA3B,21
VWA8,21
WASL,21
WBP4,21
WDR62,21
WHAMM,21
WSB1,21
YAP1,21
YDJC,21
ZAN,21
ZBTB43,21
ZC3H7B,21
ZC3HAV1L,21
ZDBF2,21
ZDHHC11,21
ZFAND3,21
ZFP36L1,21
ZFPM2,21
ZFR,21
ZFX,21
ZNF10,21
ZNF117,21
ZNF134,21
ZNF165,21
ZNF205,21
ZNF234,21
ZNF257,21
ZNF268,21
ZNF3,21
ZNF331,21
ZNF37A,21
ZNF398,21
ZNF426,21
ZNF436,21
ZNF438,21
ZNF44,21
ZNF449,21
ZNF461,21
ZNF501,21
ZNF506,21
ZNF595,21
ZNF599,21
ZNF682,21
ZNF711,21
ZNF765,21
ZNF776,21
ZNF786,21
ZNF790,21
ZNF814,21
ZNF844,21
ZNF92,21
ZSCAN2,21
ZSCAN22,21
ZSCAN29,21
ZSCAN30,21
ZSWIM1,21
AADAC,20
ABCA4,20
ABHD16A,20
ABI1,20
ACBD3,20
ACOT13,20
ACOT9,20
ACP1,20
ACTL6A,20
ACTN4,20
ACYP2,20
ADAMTS19,20
ADAMTS5,20
ADAMTSL1,20
ADAMTSL3,20
ADARB2,20
ADGRG6,20
AGGF1,20
AGT,20
AIM2,20
AK4,20
AKAP11,20
AKAP12,20
AKAP13,20
AKAP9,20
AKR1B15,20
ALDH1L1,20
ALG1,20
ALX3,20
AMN1,20
ANKDD1B,20
ANKRD30BL,20
ANKRD50,20
ANP32E,20
AP1AR,20
APOBEC1,20
APOD,20
AQR,20
ARF4,20
ARFIP2,20
ARG2,20
ARHGAP12,20
ARIH2,20
ARL11,20
ARMC9,20
ARPP19,20
ARRDC4,20
ASAH2,20
ASH1L,20
ASMT,20
ASPH,20
ATCAY,20
ATF7,20
ATG10,20
ATG14,20
ATG4B,20
ATP1B4,20
AZGP1,20
B3GLCT,20
B4GALNT1,20
B9D1,20
BANF2,20
BCAR3,20
BCAT1,20
BECN1,20
BEST1,20
BEX2,20
BEX5,20
BFSP2,20
BHLHE22,20
BICD1,20
BMP6,20
BMPR1B,20
BOLL,20
BORA,20
BRI3,20
BTBD10,20
BTN3A2,20
C16orf89,20
C19orf47,20
C19orf53,20
C19orf67,20
C19orf84,20
C1QTNF9,20
C2CD2,20
C2CD5,20
C5AR2,20
C6orf120,20
C9orf153,20
C9orf40,20
C9orf43,20
C9orf72,20
C9orf85,20
CABP5,20
CALB1,20
CAMK1,20
CAPN13,20
CARNMT1,20
CASP7,20
CBY1,20
CCDC121,20
CCDC50,20
CCDC73,20
CCDC74B,20
CCDC88A,20
CCDC93,20
CCDC97,20
CCIN,20
CCM2,20
CCNDBP1,20
CCNG2,20
CCNL1,20
CCT7,20
CD3G,20
CDC5L,20
CDCP2,20
CDH4,20
CDO1,20
CENPH,20
CENPK,20
CEP19,20
CEP350,20
CEP76,20
CEPT1,20
CFAP221,20
CFL2,20
CHAC1,20
CHEK2,20
CHIC2,20
CHRNA6,20
CHST10,20
CHST9,20
CLASP1,20
CLCN1,20
CLGN,20
CLPTM1L,20
CMTM8,20
CNNM2,20
CNPY2,20
COG6,20
COL1A2,20
COL9A2,20
COPG1,20
COPS3,20
COPS4,20
COQ6,20
CPD,20
CPEB2,20
CRADD,20
CRYBG3,20
CRYL1,20
CSF2RB,20
CSMD1,20
CSRP1,20
CTNND1,20
CTPS2,20
CTR9,20
CTSH,20
CTSL,20
CUL1,20
CWH43,20
CXCL11,20
CYP3A4,20
DBF4,20
DCAF4,20
DCBLD2,20
DCLK2,20
DDX59,20
DESI1,20
DFFB,20
DHX34,20
DISP1,20
DLAT,20
DLGAP5,20
DNAH10,20
DNAJB11,20
DNAJB9,20
DNAJC27,20
DNAJC9,20
DNASE1L3,20
DNER,20
DOK2,20
DPF2,20
DPH7,20
DPY19L4,20
DRAM2,20
DUS3L,20
DUSP28,20
DUX4,20
DYSF,20
ECD,20
EDA2R,20
EFCAB10,20
EFR3A,20
EIF4G3,20
EIF4H,20
ELOF1,20
EMC9,20
EML6,20
EMSY,20
ENDOD1,20
ENO1,20
ENOX2,20
ENTPD7,20
EPHX2,20
EPHX4,20
EPS15,20
ERBB2,20
ERICH6,20
ERICH6B,20
ESYT1,20
ETS2,20
ETV6,20
EXOC5,20
EXOSC1,20
FAM106A,20
FAM110A,20
FAM117A,20
FAM120A,20
FAM120C,20
FAM181A,20
FAM217B,20
FAM227A,20
FAM98A,20
FANCD2,20
FAR1,20
FAT3,20
FBXL14,20
FBXL2,20
FBXO11,20
FBXO25,20
FBXO43,20
FBXO9,20
FGF18,20
FGFR1OP2,20
FHAD1,20
FHDC1,20
FKBP9,20
FLT1,20
FLVCR1,20
FLVCR2,20
FOLR3,20
FREM2,20
FRMD3,20
FRYL,20
FSIP2,20
FTH1,20
FXN,20
G6PD,20
GABRB3,20
GABRP,20
GADL1,20
GALK1,20
GALNT13,20
GALNT8,20
GAN,20
GCN1,20
GCSAM,20
GDF9,20
GHDC,20
GINS1,20
GIT2,20
GLG1,20
GLIS3,20
GLRB,20
GLS,20
GLT8D1,20
GMNN,20
GMPR2,20
GNAI3,20
GNB1L,20
GNL3L,20
GNPTAB,20
GOLM1,20
GOT1L1,20
GPAT2,20
GPAT3,20
GPATCH2L,20
GPR180,20
GPR63,20
GPR88,20
GRAMD1C,20
GRM7,20
GSPT1,20
GSTM3,20
GTF3C3,20
GUCD1,20
GUCY2C,20
HECA,20
HECW1,20
HERC6,20
HK2,20
HMBOX1,20
HMGCR,20
HNRNPD,20
HPS5,20
HRH1,20
HS3ST2,20
HSD17B10,20
HSPA4L,20
HTATSF1,20
HTR5A,20
HUNK,20
HUWE1,20
HYKK,20
IDO2,20
IFNGR1,20
IFRD2,20
IFT27,20
IFT43,20
IGFBP1,20
IGFBP2,20
IL1R1,20
IL1RL2,20
IL22RA1,20
IL4R,20
ILKAP,20
INPP4B,20
INTS9,20
IRAK2,20
ITGAL,20
ITK,20
IZUMO2,20
JAZF1,20
KAT2B,20
KAZN,20
KBTBD12,20
KCNK12,20
KDM5C,20
KIAA1755,20
KLC3,20
KLHL34,20
KNOP1,20
KPNA6,20
KRT3,20
KRT6A,20
KRTAP10-7,20
L3HYPDH,20
LAIR1,20
LAMTOR4,20
LARS2,20
LCE3C,20
LCN15,20
LDHA,20
LEPR,20
LGALS9,20
LHX8,20
LINS1,20
LMAN2,20
LMNB1,20
LMTK3,20
LONP1,20
LPCAT3,20
LRP11,20
LRP3,20
LRR1,20
LRRC43,20
LRRC61,20
LRRC75A,20
LRRC8B,20
LSM5,20
LUC7L2,20
LYG1,20
LYSMD4,20
MAB21L2,20
MALSU1,20
MAP2K5,20
MAP2K6,20
MAPKAP1,20
MASTL,20
MB21D2,20
MBD5,20
MCMBP,20
MCPH1,20
MDN1,20
MED19,20
MED8,20
MELK,20
MGST3,20
MLN,20
MMGT1,20
MPC1,20
MPZ,20
MREG,20
MRGPRX3,20
MROH2A,20
MTF2,20
MTHFSD,20
MX1,20
MYH7,20
MYO10,20
NANOG,20
NAPB,20
NAV2,20
NCK1,20
NDRG1,20
NDST1,20
NDUFA1,20
NDUFA10,20
NDUFAF1,20
NEGR1,20
NFKBIB,20
NFRKB,20
NFXL1,20
NFYC,20
NHLRC2,20
NIPA2,20
NLRP2,20
NME1,20
NME1-NME2,20
NMU,20
NOB1,20
NODAL,20
NOL10,20
NOP10,20
NPAT,20
NRXN3,20
NSMAF,20
NSMCE4A,20
NT5C1A,20
NT5M,20
NTN1,20
NTPCR,20
NUDT11,20
NUP214,20
NUP85,20
NUPR2,20
NXPH1,20
NXT1,20
OAS1,20
OCEL1,20
OSBPL6,20
OSMR,20
OSR1,20
OTUD7B,20
OVOL3,20
PAIP1,20
PAPOLG,20
PCDH19,20
PCMT1,20
PCMTD1,20
PCSK1N,20
PCSK6,20
PDCD1LG2,20
PDCD5,20
PDCL3,20
PDE7A,20
PDE8B,20
PDHA1,20
PDHX,20
PDIA4,20
PDS5A,20
PDS5B,20
PDSS1,20
PDZD2,20
PDZK1,20
PEBP1,20
PEF1,20
PEX6,20
PGAP1,20
PGM2,20
PHB2,20
PHC2,20
PHF24,20
PI16,20
PIGX,20
PIK3CB,20
PIK3R6,20
PIRT,20
PKIA,20
PKP1,20
PKP4,20
PLA2G12A,20
PLA2G4C,20
PLBD1,20
PLGRKT,20
PLP1,20
PLP2,20
PLPP1,20
PLTP,20
PNPLA7,20
PNPT1,20
POC1A,20
POLR2D,20
POTEM,20
PPIL3,20
PPP2R1B,20
PPP4R3B,20
PRAF2,20
PRB2,20
PRICKLE2,20
PRKCH,20
PRLR,20
PRR13,20
PRR14L,20
PRR19,20
PRRT4,20
PRSS38,20
PSAT1,20
PSD3,20
PSMG2,20
PTDSS1,20
PTER,20
PTGFRN,20
PTGR1,20
PTPN1,20
PTPN13,20
PTPRS,20
PTPRU,20
PTTG1IP,20
PUM2,20
R3HCC1,20
R3HDM1,20
RAB13,20
RABL2A,20
RABL2B,20
RAPGEF5,20
RASA1,20
RASAL3,20
RBBP4,20
RBL1,20
RBM14-RBM4,20
RBM23,20
RBP1,20
RBPJ,20
RCBTB1,20
RD3,20
RDX,20
REV3L,20
RFX8,20
RGPD6,20
RICTOR,20
RIMKLB,20
RIMS1,20
RINT1,20
RIPPLY2,20
RLF,20
RNASE4,20
RNF10,20
RNF111,20
RNF135,20
RNF19A,20
RNF19B,20
RNF222,20
RNF34,20
RNF44,20
RNF7,20
RP2,20
RPA1,20
RPRD2,20
RRP8,20
RSPH10B2,20
RSRC2,20
RUVBL1,20
RWDD4,20
RYR2,20
S100A10,20
SAA1,20
SAE1,20
SAG,20
SAMHD1,20
SAMM50,20
SATB2,20
SAYSD1,20
SCAMP4,20
SCARA5,20
SCIN,20
SCN3B,20
SCN8A,20
SCOC,20
SDHAF4,20
SEC23IP,20
SERPINI1,20
SGPP2,20
SH2D4A,20
SH3TC2,20
SHBG,20
SHOX2,20
SIKE1,20
SIL1,20
SIMC1,20
SLC10A1,20
SLC16A12,20
SLC16A7,20
SLC17A5,20
SLC1A4,20
SLC22A15,20
SLC22A2,20
SLC25A36,20
SLC2A11,20
SLC2A3,20
SLC38A4,20
SLC39A13,20
SLC6A11,20
SLC9A8,20
SLFN5,20
SLX4IP,20
SMCR8,20
SMYD5,20
SNAP25,20
SNAPIN,20
SNCAIP,20
SNRNP35,20
SNRNP70,20
SNRPC,20
SORD,20
SOWAHA,20
SPARC,20
SPATA45,20
SPDYC,20
SPDYE6,20
SPG21,20
SPHKAP,20
SPINK2,20
SPOCD1,20
SPOCK3,20
SPON1,20
SRR,20
SRRD,20
SRRM1,20
SSX2IP,20
STAG1,20
STARD9,20
STBD1,20
STK26,20
STK32C,20
STK35,20
STK39,20
STK40,20
STOX2,20
SULT6B1,20
SUPT3H,20
SUPT4H1,20
SUPT6H,20
SUV39H1,20
SV2B,20
SYNJ1,20
SYNM,20
SYT16,20
SZT2,20
TAB1,20
TAF1B,20
TARS2,20
TBC1D2,20
TBCK,20
TBP,20
TBPL2,20
TBX18,20
TCF24,20
TCTA,20
TDRD12,20
TDRKH,20
TEFM,20
TERF2IP,20
TEX30,20
TEX36,20
TFE3,20
TFIP11,20
TFPI,20
THBS2,20
TIAM1,20
TIE1,20
TIFA,20
TIMM10,20
TIMM17A,20
TIMM17B,20
TJP2,20
TLE1,20
TLE4,20
TLX1,20
TM9SF4,20
TMCO6,20
TMED4,20
TMEM170B,20
TMEM179B,20
TMEM183A,20
TMEM187,20
TMEM209,20
TMEM242,20
TMEM255A,20
TMEM255B,20
TMEM40,20
TMEM64,20
TMOD1,20
TMX4,20
TNK1,20
TNKS2,20
TOE1,20
TOPAZ1,20
TPM3,20
TPRG1,20
TPSB2,20
TRA2A,20
TRAF1,20
TRIM44,20
TSC1,20
TSNAXIP1,20
TSPAN6,20
TSPYL6,20
TSR3,20
TTC17,20
TTC6,20
TTC7A,20
TTL,20
TTLL6,20
TTLL7,20
TUBB,20
TUBG1,20
TXNL4A,20
TYW1B,20
TYW3,20
UACA,20
UBE2E3,20
UBE2N,20
UBE2O,20
UBN1,20
UGT3A1,20
ULK4,20
UNC5C,20
UNC80,20
UNC93A,20
UROS,20
USO1,20
USP10,20
USP47,20
USP6NL,20
USP8,20
UXS1,20
VAC14,20
VAPA,20
VCL,20
VHL,20
VPS26A,20
VPS26B,20
VPS4A,20
VRK1,20
WBP1,20
WBP2,20
WDPCP,20
WDR20,20
WDR4,20
WDR73,20
WDR76,20
WFDC1,20
WIPI1,20
WIPI2,20
WNT2B,20
WWP2,20
XAF1,20
YBX3,20
YIF1B,20
YPEL3,20
ZBTB10,20
ZBTB17,20
ZBTB26,20
ZBTB33,20
ZC3H6,20
ZCCHC2,20
ZDHHC3,20
ZDHHC5,20
ZFP64,20
ZFYVE19,20
ZFYVE9,20
ZIM2,20
ZMAT4,20
ZMYM4,20
ZNF146,20
ZNF154,20
ZNF160,20
ZNF202,20
ZNF212,20
ZNF219,20
ZNF248,20
ZNF264,20
ZNF267,20
ZNF28,20
ZNF280D,20
ZNF320,20
ZNF329,20
ZNF343,20
ZNF350,20
ZNF407,20
ZNF414,20
ZNF415,20
ZNF479,20
ZNF516,20
ZNF526,20
ZNF562,20
ZNF593,20
ZNF615,20
ZNF66,20
ZNF69,20
ZNF691,20
ZNF750,20
ZNF766,20
ZNF777,20
ZNF783,20
ZNF791,20
ZNF808,20
ZNF812P,20
ZNF831,20
ZNF835,20
ZNF852,20
ZNRF1,20
ZRSR2,20
ZSCAN21,20
ZSWIM7,20
AASS,19
ABCB4,19
ABCD3,19
ABHD2,19
ACAN,19
ADA,19
ADAM22,19
ADAMTS15,19
ADAMTS17,19
ADAMTS9,19
ADGRA3,19
ADNP,19
AEN,19
AFAP1L2,19
AGFG1,19
AHCY,19
AIDA,19
AIG1,19
AKR1A1,19
AKR1D1,19
ALCAM,19
ALDH16A1,19
ALDH3B2,19
ALDH7A1,19
ALDOB,19
ALG11,19
AMDHD1,19
AMIGO2,19
AMPD2,19
AMPD3,19
ANAPC15,19
ANKRD29,19
ANKRD36,19
ANKRD45,19
ANLN,19
AP4E1,19
APEX2,19
APLP2,19
APOM,19
ARCN1,19
ARHGEF39,19
ARL2-SNX15,19
ARL4A,19
ARL5A,19
ARL8B,19
ARNT,19
ASAH1,19
ASNS,19
ASNSD1,19
ATF3,19
ATMIN,19
ATP11B,19
ATP12A,19
ATP6V0E1,19
ATP6V1C2,19
B4GALT6,19
BARD1,19
BAZ2B,19
BBIP1,19
BCL9,19
BCO1,19
BDNF,19
BEND6,19
BLOC1S2,19
BPHL,19
BPI,19
BRD8,19
BSG,19
BTBD1,19
BTBD3,19
BTN2A2,19
BTNL2,19
BTRC,19
BUB1,19
BYSL,19
C16orf96,19
C1GALT1C1,19
C1QTNF1,19
C1orf52,19
C21orf91,19
C3orf52,19
C3orf70,19
C7orf33,19
CABYR,19
CAPN14,19
CAPRIN2,19
CASQ2,19
CATSPER2,19
CCAR1,19
CCBE1,19
CCDC125,19
CCDC14,19
CCDC144NL,19
CCDC61,19
CCL26,19
CCL28,19
CCR4,19
CCSER2,19
CCZ1,19
CD247,19
CDC26,19
CDC40,19
CDC42BPA,19
CDCA7,19
CDH13,19
CDH2,19
CDKN1B,19
CDRT4,19
CDYL,19
CEACAM16,19
CELF5,19
CEP70,19
CEP85L,19
CERS5,19
CFAP61,19
CFB,19
CHDH,19
CHPF2,19
CHRNA9,19
CHST7,19
CIITA,19
CLC,19
CMC1,19
CNOT4,19
COL21A1,19
COL25A1,19
COL4A6,19
COQ4,19
COX4I1,19
CPN2,19
CPOX,19
CPSF6,19
CPT2,19
CREB3L4,19
CRIPT,19
CSDE1,19
CSNK1A1L,19
CTRC,19
CTSC,19
CXCL9,19
CXCR1,19
CXorf58,19
DAB1,19
DAP3,19
DCAF10,19
DCDC2,19
DCHS2,19
DCLRE1A,19
DCLRE1C,19
DDI2,19
DDX1,19
DDX39A,19
DDX3Y,19
DDX43,19
DDX54,19
DDX60,19
DEFB118,19
DENND1B,19
DGKI,19
DHX9,19
DICER1,19
DLG1,19
DLG2,19
DMGDH,19
DMXL2,19
DNAJB6,19
DNAJC30,19
DNAJC8,19
DOCK2,19
DOHH,19
DOK1,19
DPY19L3,19
DRC1,19
DTNBP1,19
DUSP18,19
E2F2,19
EBF1,19
ECI2,19
ECT2L,19
EDARADD,19
EDIL3,19
EFCAB11,19
EFCAB13,19
EHD1,19
EIF2D,19
EIF2S3,19
EIF3F,19
EIF4B,19
EIF4G2,19
EIF5A,19
EIF5A2,19
ELOVL2,19
EML4,19
ENPP1,19
ENTHD1,19
EPC2,19
EPG5,19
ERCC8,19
ERICH2,19
ETNK1,19
EYA1,19
FAAP24,19
FAIM,19
FAM110B,19
FAM117B,19
FAM217A,19
FAM9C,19
FANCB,19
FANCC,19
FASTKD2,19
FBXL5,19
FBXO22,19
FBXO30,19
FBXO48,19
FCAR,19
FEZ2,19
FGF9,19
FGGY,19
FITM2,19
FMR1,19
FN1,19
FOXB1,19
FOXJ3,19
FOXN3,19
FRA10AC1,19
FRAT1,19
FRRS1L,19
FRS2,19
FRY,19
FRZB,19
FUBP3,19
FUCA2,19
FUNDC1,19
GABRR2,19
GBP1,19
GCNT7,19
GHRH,19
GINS4,19
GJB1,19
GJB3,19
GLMN,19
GLOD4,19
GLRA4,19
GLT8D2,19
GLUL,19
GMDS,19
GNMT,19
GOLGA8B,19
GOLGB1,19
GP2,19
GPATCH1,19
GPLD1,19
GPR137C,19
GPR173,19
GRIA1,19
GRID1,19
GRIN2A,19
GRK5,19
GRK7,19
GSKIP,19
GSTA4,19
GSTM2,19
GSTM4,19
GTF3C1,19
GTSF1,19
GYPC,19
HABP4,19
HAUS6,19
HCLS1,19
HEPACAM,19
HIGD1B,19
HIPK1,19
HMGCLL1,19
HMGN4,19
HMGXB4,19
HS3ST3B1,19
HSD17B6,19
HTR3D,19
HTT,19
ICA1,19
IFT46,19
IGSF9,19
IL16,19
IL19,19
ING2,19
ING4,19
ING5,19
IQCJ-SCHIP1,19
IREB2,19
ISM1,19
ITGA10,19
ITGAM,19
ITPRIP,19
IVNS1ABP,19
JADE3,19
JAGN1,19
KAT7,19
KCNAB1,19
KCNE4,19
KCNJ3,19
KCNJ8,19
KDM1B,19
KDM4C,19
KDM8,19
KDSR,19
KIAA0040,19
KIAA1210,19
KIF11,19
KIF4A,19
KIF5C,19
KIRREL3,19
KLHDC10,19
KLHL13,19
KLHL14,19
KLHL24,19
KLHL38,19
KLHL8,19
KLRG1,19
KNG1,19
KPNA2,19
KSR2,19
L3MBTL1,19
LAMA3,19
LARP4,19
LARP6,19
LAX1,19
LDHC,19
LDHD,19
LEUTX,19
LGALS3,19
LGR4,19
LHX6,19
LIMK2,19
LIMS1,19
LMAN2L,19
LMLN,19
LMOD1,19
LRRC34,19
LRRFIP2,19
LRRN4,19
LRSAM1,19
LTF,19
LTK,19
LTV1,19
LUZP1,19
LYAR,19
LYPD6B,19
LZTS2,19
MAMDC2,19
MAN1A2,19
MAP3K3,19
MAP3K5,19
MAP3K7,19
MAP6,19
MAPK14,19
MBTPS1,19
MDM4,19
ME2,19
MED13,19
MED21,19
MEOX1,19
MEOX2,19
METTL18,19
METTL22,19
METTL24,19
MFAP3,19
MGAM2,19
MKI67,19
MLPH,19
MORC2,19
MORC3,19
MPC2,19
MSL2,19
MSMO1,19
MTFR1,19
MTFR2,19
MTMR3,19
MTMR6,19
MTO1,19
MYB,19
MYLIP,19
MYO1E,19
MYOM2,19
MZT1,19
NAA35,19
NAIP,19
NARS2,19
NAV3,19
NBPF10,19
NIPAL3,19
NIPBL,19
NLE1,19
NLGN4Y,19
NLRP14,19
NMI,19
NMRAL1,19
NOL7,19
NOP58,19
NOTCH2,19
NOVA1,19
NPIPB15,19
NPY5R,19
NQO1,19
NRIP3,19
NUCB2,19
NUDT15,19
NUDT7,19
NUP160,19
NUP58,19
NUP98,19
NUS1,19
NVL,19
NXF1,19
ODC1,19
OLFML2B,19
OPCML,19
OR51E1,19
ORC4,19
OSTF1,19
OXCT1,19
P3H2,19
PAN2,19
PAPPA,19
PAQR9,19
PARP15,19
PARS2,19
PARVB,19
PASK,19
PAWR,19
PAXBP1,19
PBK,19
PCDH10,19
PDCD2,19
PDCD6IP,19
PDE12,19
PDE5A,19
PDGFRL,19
PDK3,19
PDK4,19
PDZD9,19
PELI2,19
PGM5,19
PGS1,19
PHF10,19
PI4K2B,19
PIH1D1,19
PIK3R1,19
PITHD1,19
PIWIL3,19
PKHD1,19
PKHD1L1,19
PKN2,19
PLA2G2A,19
PLD5,19
PLEKHM3,19
PLEKHO1,19
PLK1,19
POLR1B,19
POLR3C,19
POP5,19
PPCS,19
PPHLN1,19
PPIC,19
PPIG,19
PPIH,19
PPP2R3B,19
PPP4R2,19
PPTC7,19
PRDM1,19
PRKACB,19
PRLH,19
PROK1,19
PROM1,19
PROX1,19
PRPSAP2,19
PRR11,19
PRR5L,19
PSEN1,19
PSMB1,19
PTAR1,19
PTPRG,19
PTPRR,19
PUF60,19
PUM1,19
PXK,19
QTRT1,19
R3HDM2,19
RACGAP1,19
RAD51,19
RAMP2,19
RASGEF1A,19
RAVER2,19
RBM15B,19
RBM19,19
RBM41,19
RBM43,19
RBM47,19
RBM5,19
RBMS3,19
RDH14,19
RFK,19
RIC3,19
RIOK2,19
RIPK1,19
RMDN2,19
RNASEL,19
RNF149,19
RNF182,19
RNF24,19
RPAP3,19
RPL17-C18orf32,19
RPUSD2,19
RRP1,19
RSPH3,19
RUBCN,19
RUFY2,19
SCARF2,19
SCCPDH,19
SCN2B,19
SCP2,19
SCTR,19
SCYL2,19
SDCCAG8,19
SEPHS2,19
SERAC1,19
SERPINA9,19
SESN3,19
SF3A1,19
SFT2D2,19
SFTPB,19
SFXN4,19
SGPP1,19
SH3BP5,19
SH3GL3,19
SHOC2,19
SIPA1L3,19
SIRPG,19
SIRT3,19
SLAMF7,19
SLC10A4,19
SLC17A8,19
SLC19A2,19
SLC1A5,19
SLC31A2,19
SLC35D2,19
SLC37A1,19
SLC39A1,19
SLC44A2,19
SLC44A3,19
SLCO5A1,19
SLK,19
SMAD4,19
SMIM10L2A,19
SMIM10L2B,19
SMIM17,19
SMPDL3B,19
SNCA,19
SNX13,19
SNX29,19
SOCS2,19
SOX11,19
SPAG6,19
SPECC1L,19
SPINK8,19
SPNS1,19
SRGAP2B,19
SRGAP2C,19
SRRM3,19
SRSF12,19
SRSF5,19
SS18,19
ST7,19
STAU1,19
STK4,19
STRN3,19
STX2,19
STYX,19
SULT1C2,19
SUPT20H,19
SVBP,19
SYCE1L,19
SYCP2,19
SYCP3,19
SYT1,19
TADA2B,19
TAF2,19
TAGAP,19
TATDN3,19
TAX1BP1,19
TBC1D30,19
TBCEL,19
TCEAL1,19
TCEANC2,19
TCP10L2,19
TDG,19
TEAD1,19
TENM4,19
TF,19
TGIF1,19
THEM4,19
THUMPD2,19
TLK2,19
TLN1,19
TM2D1,19
TM2D3,19
TM4SF18,19
TMA7,19
TMED3,19
TMED8,19
TMEM101,19
TMEM117,19
TMEM14C,19
TMEM150A,19
TMEM150B,19
TMEM219,19
TMEM79,19
TMPRSS12,19
TMPRSS5,19
TNR,19
TNRC6A,19
TOX4,19
TRABD2A,19
TRAF6,19
TRAPPC9,19
TRIAP1,19
TRIM2,19
TRIM25,19
TRIM35,19
TRIM38,19
TRIM6-TRIM34,19
TRIM66,19
TRMT11,19
TRPM7,19
TRPS1,19
TSKU,19
TSN,19
TTC19,19
TTC23,19
TTC27,19
TXN2,19
TXNIP,19
TXNL4B,19
UBA5,19
UBA7,19
UBC,19
UBE2D4,19
UBE2G2,19
UBE2J1,19
UBE2Z,19
UBFD1,19
UBR2,19
UBXN2A,19
UBXN2B,19
UCHL1,19
UCP1,19
UFSP2,19
UGP2,19
UNC50,19
UPF3A,19
URGCP,19
USP12,19
USP16,19
USP53,19
USP54,19
UTP4,19
UXT,19
VCPIP1,19
VCX,19
VMP1,19
VPS37B,19
VPS41,19
VRTN,19
VWA2,19
VWA3A,19
VWDE,19
WDR19,19
WDR25,19
WDR53,19
WDR91,19
WNT5A,19
WNT8B,19
WSCD2,19
XXYLT1,19
YME1L1,19
YPEL1,19
YTHDC2,19
YTHDF2,19
ZBTB14,19
ZCCHC18,19
ZCWPW2,19
ZDHHC21,19
ZDHHC4,19
ZFYVE1,19
ZKSCAN2,19
ZKSCAN4,19
ZMAT3,19
ZMYM3,19
ZNF16,19
ZNF169,19
ZNF18,19
ZNF20,19
ZNF200,19
ZNF213,19
ZNF224,19
ZNF230,19
ZNF260,19
ZNF273,19
ZNF341,19
ZNF347,19
ZNF431,19
ZNF440,19
ZNF460,19
ZNF480,19
ZNF490,19
ZNF507,19
ZNF529,19
ZNF540,19
ZNF559-ZNF177,19
ZNF572,19
ZNF578,19
ZNF587,19
ZNF594,19
ZNF619,19
ZNF620,19
ZNF692,19
ZNF701,19
ZNF714,19
ZNF717,19
ZNF726,19
ZNF735,19
ZNF737,19
ZNF749,19
ZNF75D,19
ZNF763,19
ZNF789,19
ZNF793,19
ZNF804A,19
ZNF81,19
ZNF839,19
ZNF862,19
ZPBP2,19
AAGAB,18
ABCC12,18
ABHD17B,18
ABHD18,18
ACAD11,18
ACAP2,18
ACOX3,18
ACSL1,18
ACTB,18
ACTG2,18
ADAM18,18
ADAM21,18
ADAMTS20,18
ADAMTS3,18
ADAT1,18
ADCYAP1,18
ADK,18
ADRA2A,18
AFTPH,18
AGAP4,18
AK9,18
AKIRIN1,18
AKNA,18
AKR1C2,18
AKR1C3,18
AKT3,18
ALX1,18
AMBRA1,18
ANGEL2,18
ANKRD20A1,18
ANKRD54,18
ANKZF1,18
ANPEP,18
ANXA7,18
AP3S1,18
AP4B1,18
APBA3,18
AR,18
ARAF,18
ARHGAP20,18
ARHGAP44,18
ARHGAP5,18
ARHGAP6,18
ARL15,18
ARPC1A,18
ARPC1B,18
ARPC3,18
ARSB,18
ARSH,18
ASAH2B,18
ASPM,18
ASTN1,18
ATE1,18
ATF2,18
ATF4,18
ATG2B,18
ATG5,18
ATP1B3,18
ATP6V1H,18
ATRX,18
ATXN3,18
AVEN,18
AVPR2,18
AWAT2,18
B3GAT2,18
BATF,18
BAZ1B,18
BBS2,18
BCAS4,18
BCL7A,18
BHMT2,18
BIRC3,18
BIVM,18
BIVM-ERCC5,18
BLOC1S4,18
BOLA1,18
BPIFA3,18
BRAP,18
BRIP1,18
BTNL3,18
BUB1B,18
BZW2,18
C12orf43,18
C12orf54,18
C1QTNF9B,18
C22orf39,18
C2CD3,18
C2CD4B,18
C2orf68,18
C3orf20,18
C7orf57,18
C8orf76,18
CACUL1,18
CADM2,18
CAPZA1,18
CASP6,18
CBFB,18
CBR1,18
CBX8,18
CCDC174,18
CCDC180,18
CCDC74A,18
CCL4L2,18
CCL8,18
CCNB1IP1,18
CCNT1,18
CD109,18
CD274,18
CD300LG,18
CD3E,18
CD4,18
CD47,18
CDCA4,18
CDCA7L,18
CDH20,18
CDKN2AIP,18
CDPF1,18
CELF1,18
CENPO,18
CENPQ,18
CEP126,18
CFTR,18
CHMP2B,18
CHRDL1,18
CHRNA5,18
CHST4,18
CIB3,18
CIB4,18
CISD2,18
CLDN14,18
CLEC3A,18
CLPB,18
CLRN1,18
CNBD2,18
CNEP1R1,18
CNR2,18
CNTRL,18
COBLL1,18
COG1,18
COL11A1,18
COL4A3,18
COMMD8,18
COPRS,18
COPS8,18
COX20,18
COX7A1,18
COX8A,18
CRTAP,18
CRY1,18
CRYGB,18
CSNK1G1,18
CSPG5,18
CST7,18
CTNNAL1,18
CTNND2,18
CXXC4,18
CYBRD1,18
CYP2U1,18
CYP8B1,18
DBT,18
DCAKD,18
DDC,18
DDIT4L,18
DDX17,18
DDX55,18
DENR,18
DFFA,18
DGAT2,18
DHFR,18
DHPS,18
DHRS7C,18
DHRS9,18
DHX38,18
DIABLO,18
DIAPH2,18
DIRAS2,18
DNAH11,18
DNAJC1,18
DNAJC11,18
DNMBP,18
DPEP2,18
DPH5,18
DPYSL3,18
DSE,18
DST,18
DTX4,18
DUT,18
DYM,18
DYNC1LI1,18
DYNLT3,18
DYRK4,18
DZIP1,18
DZIP1L,18
EBAG9,18
EDEM2,18
EEF1B2,18
EFCAB9,18
EFEMP1,18
EFNA3,18
EGFL6,18
EGR2,18
EHD3,18
EHD4,18
EID2B,18
EIF2AK2,18
EIF2B2,18
EIF3C,18
EIF3H,18
EIF3L,18
EIF4E2,18
ELAVL1,18
ELMO1,18
ELMOD1,18
ELSPBP1,18
ENC1,18
ENO4,18
ENTPD4,18
ENY2,18
ERAL1,18
ERC2,18
ERCC4,18
ERI3,18
ERLIN2,18
ERVK3-1,18
ESCO1,18
ESF1,18
ESPL1,18
ESR2,18
ETNPPL,18
EXOSC8,18
EXT2,18
EYA2,18
F12,18
FAM124A,18
FAM161B,18
FAM181B,18
FAM200A,18
FAM210B,18
FAM47E,18
FAM53C,18
FANCG,18
FASLG,18
FBP2,18
FBXL22,18
FBXO10,18
FBXO34,18
FBXO47,18
FBXW11,18
FCHSD2,18
FERMT2,18
FIS1,18
FITM1,18
FLRT2,18
FLT4,18
FMO5,18
FN3K,18
FNBP1L,18
FNIP2,18
FOXN4,18
FOXO1,18
FRK,18
FRMD6,18
FRMPD4,18
FUCA1,18
FUT9,18
FYN,18
FYTTD1,18
FZD1,18
G6PC3,18
GAB3,18
GABPB1,18
GADD45A,18
GALM,18
GALNTL6,18
GCC2,18
GEMIN4,18
GET4,18
GFPT1,18
GHITM,18
GIMAP8,18
GIP,18
GLCCI1,18
GLRX,18
GLYR1,18
GNAL,18
GNL2,18
GNPAT,18
GNS,18
GOT1,18
GPALPP1,18
GPAM,18
GPATCH3,18
GPC5,18
GPR135,18
GPR137B,18
GPX2,18
GRIA2,18
GRIN3A,18
GRIPAP1,18
GTF2H2C,18
HABP2,18
HACD4,18
HADH,18
HAND1,18
HAPLN1,18
HAUS2,18
HCFC2,18
HDX,18
HEATR6,18
HELLS,18
HERC4,18
HEY2,18
HHIP,18
HHIPL2,18
HIPK3,18
HIVEP3,18
HKDC1,18
HLA-DOB,18
HMGB1,18
HMGCL,18
HMGXB3,18
HMOX1,18
HOMER3,18
HOXD8,18
HPD,18
HPGD,18
HSP90AA1,18
HSPA8,18
HSPBAP1,18
HTR7,18
HTRA4,18
IFI6,18
IGFBP3,18
IKBIP,18
IL17RE,18
IL1RAP,18
IL33,18
IL6,18
IMP3,18
IQCH,18
IST1,18
ITIH2,18
ITIH6,18
JUN,18
KANK1,18
KANSL1L,18
KBTBD7,18
KCND2,18
KCNH7,18
KCNK13,18
KCNT2,18
KEAP1,18
KIAA0319,18
KIAA0753,18
KIF23,18
KIF5B,18
KLHL12,18
KLHL15,18
KLHL23,18
KNSTRN,18
KRT23,18
LAMB1,18
LATS2,18
LAYN,18
LDLR,18
LGMN,18
LIG3,18
LIN9,18
LINC01620,18
LMNB2,18
LMOD3,18
LNP1,18
LRGUK,18
LRP6,18
LRRC10,18
LRRC37A3,18
LRRC57,18
LRRTM1,18
LSM11,18
LURAP1,18
LUZP4,18
LY86,18
LYG2,18
LYPD6,18
LYSMD2,18
LYZL4,18
M6PR,18
MAF,18
MAGED1,18
MAGOH,18
MAK16,18
MALT1,18
MANBAL,18
MAP1LC3A,18
MAP2K4,18
MAPK7,18
MBOAT2,18
MDS2,18
ME1,18
MECP2,18
MED10,18
MED24,18
MED28,18
MEIG1,18
METTL17,18
METTL9,18
MEX3C,18
MFAP1,18
MFAP5,18
MGLL,18
MID1IP1,18
MKKS,18
MMD,18
MME,18
MMP2,18
MON1B,18
MORN3,18
MOSPD2,18
MPDZ,18
MPP2,18
MRC1,18
MS4A1,18
MS4A12,18
MSANTD4,18
MSH3,18
MT1E,18
MT4,18
MTERF3,18
MTHFR,18
MTMR10,18
MTPAP,18
MTRR,18
MVK,18
MYBL1,18
MYBL2,18
MYCBP,18
MYO19,18
N4BP2L2,18
NAGPA,18
NAMPT,18
NANOGNB,18
NBPF19,18
NBPF20,18
NBPF26,18
NBPF9,18
NCAM1,18
NCAPD2,18
NCAPG,18
NCBP2L,18
NCKAP1L,18
NCKAP5,18
NCOR1,18
NCSTN,18
NDNF,18
NDUFB4,18
NEK2,18
NEK9,18
NEMF,18
NF2,18
NFAT5,18
NFE2,18
NFIL3,18
NFU1,18
NHLH2,18
NID2,18
NIN,18
NIPAL1,18
NIPSNAP3B,18
NKIRAS1,18
NKRF,18
NLGN4X,18
NLN,18
NLRP11,18
NLRP5,18
NMNAT2,18
NMNAT3,18
NOL11,18
NOL8,18
NOMO3,18
NOS1AP,18
NPEPPS,18
NPHS2,18
NPR3,18
NRM,18
NSA2,18
NSG1,18
NSL1,18
NT5E,18
NUDT3,18
NUDT4,18
NWD1,18
OCA2,18
OCLN,18
ODF1,18
ODF2L,18
OIP5,18
ORC6,18
OSCP1,18
OTULIN,18
OXNAD1,18
P2RY6,18
PAAF1,18
PACRG,18
PAFAH1B2,18
PAH,18
PAPSS1,18
PARM1,18
PCDH11X,18
PCDH9,18
PCGF1,18
PCGF6,18
PCTP,18
PCYT1B,18
PELI1,18
PEX12,18
PEX14,18
PFKFB1,18
PFN4,18
PGK1,18
PGRMC1,18
PHACTR4,18
PHEX,18
PHF3,18
PHKG2,18
PHLPP2,18
PHTF1,18
PIAS1,18
PIGH,18
PIGL,18
PIH1D2,18
PIK3IP1,18
PIN1,18
PIP5K1A,18
PITPNC1,18
PJA2,18
PKD2L2,18
PKNOX2,18
PLA2G7,18
PLAC1,18
PLAUR,18
PLD3,18
PLEKHH1,18
PLXDC2,18
PMM2,18
PNPLA8,18
POC1B,18
PODXL,18
POLA2,18
POLN,18
POLR2C,18
POLR2K,18
POMK,18
POPDC3,18
POTEG,18
POU5F1,18
POU6F2,18
PPIA,18
PPME1,18
PPP1CB,18
PPP1R12A,18
PPP1R9A,18
PPP2R3C,18
PPRC1,18
PRDM2,18
PRKAB1,18
PRKAG3,18
PRKCQ,18
PRMT7,18
PROX2,18
PRPF38B,18
PRPS1,18
PRR16,18
PRRC2C,18
PRSS12,18
PRSS3,18
PRSS48,18
PRSS54,18
PSIP1,18
PSMA4,18
PSMC6,18
PSMD3,18
PTGER2,18
PTPN14,18
PTPRD,18
PUDP,18
QRICH1,18
RAB2A,18
RAB4A,18
RAB5A,18
RAB9A,18
RAD54B,18
RANBP2,18
RASL12,18
RASSF9,18
RBCK1,18
RBM17,18
RBM39,18
RBM42,18
RBM45,18
RBMX2,18
RCN2,18
RDH10,18
RFPL3S,18
RGN,18
RHBDD2,18
RHOB,18
RHOT1,18
RIF1,18
RIMBP2,18
RNASEH2B,18
RNF168,18
RNF220,18
ROCK1,18
RPS10-NUDT3,18
RRAGA,18
RRM2B,18
RSPO2,18
RTKN2,18
S100Z,18
SACM1L,18
SAFB,18
SAGE1,18
SAMD12,18
SART3,18
SAT1,18
SCAI,18
SCAND1,18
SCARB1,18
SCARB2,18
SDF2,18
SDR42E1,18
SEC31B,18
SEC61A1,18
SEC61B,18
SEL1L,18
SEMA6D,18
SENP2,18
SENP6,18
SF3B1,18
SFSWAP,18
SFT2D3,18
SFTA3,18
SFTPD,18
SFXN2,18
SGK1,18
SGK3,18
SH3BP4,18
SH3YL1,18
SIAE,18
SIGMAR1,18
SIRT1,18
SKA2,18
SLC10A7,18
SLC11A2,18
SLC13A4,18
SLC15A4,18
SLC22A17,18
SLC22A25,18
SLC2A2,18
SLC2A9,18
SLC30A5,18
SLC35B3,18
SLC35F5,18
SLC35G1,18
SLC36A2,18
SLC6A16,18
SLC7A6OS,18
SLC9A6,18
SLIT2,18
SLN,18
SMAP1,18
SMAP2,18
SMC4,18
SMCO2,18
SMIM14,18
SMIM9,18
SMS,18
SMYD1,18
SNPH,18
SNRNP25,18
SNRPA1,18
SNX10,18
SNX19,18
SNX24,18
SNX32,18
SNX9,18
SOX17,18
SPA17,18
SPATA12,18
SPATA6,18
SPG11,18
SPHK1,18
SPIRE1,18
SPNS3,18
SPOPL,18
SPRED1,18
SPSB2,18
SRA1,18
SRD5A1,18
SSR2,18
ST18,18
STARD13,18
STMN2,18
STRC,18
STXBP1,18
STXBP3,18
SUB1,18
SURF1,18
SUSD5,18
SYCP1,18
SYF2,18
TACR3,18
TAF1C,18
TAF3,18
TAF5,18
TAL1,18
TATDN1,18
TBC1D26,18
TBK1,18
TCAF2,18
TCF12,18
TCTN1,18
TEP1,18
TEX15,18
TEX28,18
TGOLN2,18
THAP4,18
THAP5,18
TIGD2,18
TIGD6,18
TIMELESS,18
TIPIN,18
TJAP1,18
TLL2,18
TMC5,18
TMEM132D,18
TMEM161B,18
TMEM177,18
TMEM50A,18
TMEM65,18
TMEM67,18
TMSB15B,18
TMSB4X,18
TNFRSF10A,18
TNFRSF8,18
TNFSF14,18
TRANK1,18
TRAPPC4,18
TRAPPC8,18
TRIM28,18
TRIM32,18
TRMT61B,18
TRNAU1AP,18
TROAP,18
TSHR,18
TSPAN33,18
TSPYL5,18
TTC12,18
TTC22,18
TTC28,18
TTC33,18
TTI2,18
TTLL5,18
TUBGCP3,18
TUSC1,18
U2AF1,18
UBE2C,18
UBE2V2,18
UBN2,18
UFC1,18
UNG,18
UQCRC1,18
USP14,18
USP37,18
USP9Y,18
USPL1,18
UTP14A,18
VAT1L,18
VCX3A,18
VIPAS39,18
VLDLR,18
VNN1,18
VPS53,18
VSIG4,18
VWF,18
WAC,18
WASF1,18
WDFY4,18
WDR11,18
WDR27,18
WDR44,18
WWOX,18
XIAP,18
XRCC6,18
YAF2,18
YIPF5,18
ZAP70,18
ZBTB11,18
ZC2HC1A,18
ZCCHC10,18
ZCCHC3,18
ZFAND4,18
ZFAT,18
ZFP28,18
ZFP3,18
ZNF133,18
ZNF143,18
ZNF281,18
ZNF286B,18
ZNF287,18
ZNF292,18
ZNF345,18
ZNF385D,18
ZNF41,18
ZNF420,18
ZNF432,18
ZNF485,18
ZNF511,18
ZNF519,18
ZNF544,18
ZNF552,18
ZNF556,18
ZNF568,18
ZNF569,18
ZNF586,18
ZNF608,18
ZNF611,18
ZNF625-ZNF20,18
ZNF638,18
ZNF669,18
ZNF680,18
ZNF689,18
ZNF730,18
ZNF738,18
ZNF75A,18
ZNF79,18
ZNF829,18
ZNF99,18
ZP4,18
ZRANB3,18
ZSCAN9,18
ZXDA,18
AACS,17
AADACL4,17
AANAT,17
ABCA12,17
ABCD4,17
ABRA,17
ACADSB,17
ACAT1,17
ACAT2,17
ACBD6,17
ACCSL,17
ACER2,17
ACOT1,17
ACOT12,17
ACP6,17
ACSBG2,17
ACSL3,17
ACSM4,17
ACTR2,17
ACVR1C,17
ADAD2,17
ADAM17,17
ADAMTS13,17
ADAMTS6,17
ADGRE5,17
ADGRF5,17
ADIG,17
ADPRHL1,17
ADRB2,17
AGA,17
AHCYL2,17
AICDA,17
AIFM1,17
AKAP7,17
AKIP1,17
ANAPC1,17
ANAPC13,17
ANKIB1,17
ANKRD13C,17
ANKRD37,17
ANKRD61,17
ANKRD7,17
ANKUB1,17
AOC2,17
AP5M1,17
AP5S1,17
APOO,17
ARHGAP26,17
ARHGAP32,17
ARID1A,17
ARIH2OS,17
ARL2BP,17
ASB17,17
ASCC1,17
ATAD2,17
ATF7IP,17
ATG7,17
ATG9A,17
ATP10D,17
ATP13A1,17
ATP6V0A1,17
ATP7A,17
ATRAID,17
AURKB,17
AVL9,17
BAAT,17
BBC3,17
BBOF1,17
BCAS2,17
BCL6,17
BDH1,17
BLOC1S6,17
BMS1,17
BOD1L1,17
BOK,17
BRCC3,17
BTBD8,17
BTC,17
BTG3,17
BTN1A1,17
BTN3A1,17
C12orf75,17
C19orf18,17
C1QBP,17
C1orf115,17
C3orf22,17
C5orf22,17
C6orf52,17
CACNA1A,17
CACNA2D1,17
CALCR,17
CALU,17
CAMKK2,17
CASP1,17
CATSPER1,17
CATSPER3,17
CAV1,17
CBR4,17
CCDC148,17
CCDC186,17
CCDC6,17
CCDC62,17
CCDC77,17
CCDC81,17
CCNB3,17
CCR5,17
CCR9,17
CCSER1,17
CCT6B,17
CD101,17
CD24,17
CD28,17
CD300LB,17
CD302,17
CD44,17
CD5,17
CD58,17
CD6,17
CD80,17
CDADC1,17
CDC42SE1,17
CDH7,17
CDK20,17
CDK6,17
CDR2,17
CEACAM21,17
CEACAM3,17
CELF2,17
CENPF,17
CEP112,17
CEP128,17
CEP164,17
CEP170,17
CFAP36,17
CGRRF1,17
CHAMP1,17
CHCHD6,17
CHD7,17
CHIA,17
CHORDC1,17
CKAP4,17
CLDN1,17
CLDN16,17
CLEC4A,17
CLHC1,17
CLIP4,17
CLTC,17
CNGA3,17
CNKSR2,17
CNOT7,17
CNTNAP3,17
CNTNAP4,17
COG2,17
COL15A1,17
COL6A5,17
COL8A1,17
COMMD9,17
COPS7B,17
CORIN,17
COX6A1,17
COX7A2L,17
CR1,17
CROCC,17
CSNK1G3,17
CSRNP2,17
CSTF3,17
CTAGE1,17
CTDSPL2,17
CTHRC1,17
CTNNA3,17
CTPS1,17
CTSO,17
CUL3,17
CUL5,17
CXCL14,17
CXorf38,17
CYB561A3,17
CYB5D2,17
CYP1A2,17
CYP3A7-CYP3A51P,17
CYP4Z1,17
DBNL,17
DCC,17
DCK,17
DCLK3,17
DCT,17
DCTD,17
DCTN4,17
DDRGK1,17
DDX24,17
DHDDS,17
DHRS1,17
DHRS12,17
DHX15,17
DHX36,17
DNAJA2,17
DNAJC10,17
DNAJC15,17
DNAJC21,17
DOCK10,17
DOK6,17
DPYD,17
DSCC1,17
DSCR4,17
DSP,17
DTL,17
DYNC1I1,17
DYNLT1,17
EAF2,17
EARS2,17
ECSIT,17
EIF1B,17
EIF2AK4,17
EIF2B1,17
EIF2S1,17
ENPEP,17
EOGT,17
EOMES,17
EPC1,17
ERC1,17
ERCC5,17
ERICH5,17
ERP44,17
ERVMER34-1,17
ERVW-1,17
ETAA1,17
EXO5,17
EXOC1,17
EXOC8,17
F3,17
FABP2,17
FAHD2B,17
FAM107B,17
FAM161A,17
FAM162A,17
FAM186A,17
FAM210A,17
FAM219B,17
FAM3B,17
FANCF,17
FBXO27,17
FCAMR,17
FCRL6,17
FECH,17
FJX1,17
FMO4,17
FNDC3A,17
FPR2,17
FRMD4A,17
FTCDNL1,17
FYCO1,17
GALNT5,17
GATC,17
GDA,17
GDF5,17
GDPD1,17
GEMIN2,17
GEMIN5,17
GEMIN6,17
GIMAP5,17
GINM1,17
GJD4,17
GM2A,17
GOLGA4,17
GOLGA8M,17
GOSR1,17
GPATCH11,17
GPCPD1,17
GPR107,17
GPR183,17
GPRIN3,17
GRK1,17
GTF2H1,17
GTF2H5,17
HACD1,17
HACL1,17
HAUS1,17
HAUS5,17
HEMGN,17
HERC3,17
HGH1,17
HIF1A,17
HIF1AN,17
HSD17B7,17
HSF5,17
HSPA6,17
HSPD1,17
ICA1L,17
IFT122,17
IFT52,17
IL12B,17
IL17D,17
IL1R2,17
IMMP2L,17
INHBA,17
INIP,17
INTS2,17
IPO4,17
IQCB1,17
IQUB,17
ISLR2,17
ISOC1,17
ITGA1,17
JAM3,17
JMJD1C,17
JMY,17
KANK4,17
KAT6A,17
KBTBD6,17
KCNA3,17
KCNJ6,17
KCNK10,17
KCNRG,17
KCTD6,17
KDM6A,17
KIAA1958,17
KIF15,17
KIF24,17
KIF27,17
KLF8,17
KPNA5,17
LACTBL1,17
LATS1,17
LCA5L,17
LEO1,17
LETM2,17
LGALS2,17
LHFPL1,17
LILRB3,17
LMBRD2,17
LOX,17
LRRC20,17
LRRC53,17
LRRC72,17
LRRCC1,17
LSM4,17
LYRM4,17
LYZL1,17
M1AP,17
MAB21L1,17
MACC1,17
MAD2L1,17
MAN1A1,17
MAN2A2,17
MAP1LC3B2,17
MAP3K4,17
MAPK6,17
MAPKAPK5,17
MAU2,17
MBNL3,17
MCAT,17
MCCC2,17
MCHR2,17
MCM6,17
MED27,17
MED31,17
MEIOB,17
MEN1,17
METTL8,17
MFAP3L,17
MGAT2,17
MIOS,17
MLLT3,17
MMP28,17
MORN4,17
MR1,17
MRAP2,17
MRFAP1L1,17
MSMB,17
MTERF4,17
MTHFD2,17
MTMR12,17
MTMR14,17
MTR,17
MUCL1,17
MXD1,17
MXI1,17
MYCBP2,17
MYL2,17
MYLK,17
MYOC,17
MZT2B,17
NBEA,17
NCAPD3,17
NDC80,17
NDUFAF5,17
NDUFAF7,17
NEDD8,17
NEMP2,17
NEO1,17
NFE2L1,17
NHLRC1,17
NIPAL2,17
NIPSNAP3A,17
NKAIN1,17
NKAIN2,17
NKX3-1,17
NLRP4,17
NOCT,17
NOP2,17
NPIPB5,17
NPL,17
NPNT,17
NR2E3,17
NR4A2,17
NR5A2,17
NRG2,17
NRL,17
NRP2,17
NTRK2,17
NUDC,17
NUFIP2,17
OGG1,17
OLAH,17
OLFML3,17
OPA1,17
OR4N2,17
OR9Q1,17
ORC2,17
ORMDL2,17
OTUD4,17
OTUD6A,17
OVGP1,17
OVOL2,17
OXTR,17
P4HA1,17
PABPN1,17
PAK3,17
PALB2,17
PANX3,17
PARD3B,17
PARD6G,17
PARP8,17
PASD1,17
PATL2,17
PBDC1,17
PBX1,17
PCBD2,17
PCDH11Y,17
PCDH18,17
PDCD11,17
PDCL,17
PDE3A,17
PDE4B,17
PDZRN3,17
PET117,17
PEX3,17
PGAP2,17
PGLYRP1,17
PGM3,17
PGRMC2,17
PHACTR2,17
PHF11,17
PHF19,17
PHF6,17
PHIP,17
PIF1,17
PIGF,17
PIKFYVE,17
PISD,17
PKIB,17
PLCD4,17
PLEK2,17
PLEKHA3,17
PLIN1,17
PLPP5,17
PLPP6,17
PNMA1,17
POFUT1,17
POLH,17
POLR2M,17
POLR3E,17
POTEH,17
PPIP5K2,17
PPM1E,17
PPP1R21,17
PPP1R3E,17
PPP1R42,17
PPWD1,17
PRAMEF15,17
PRDM7,17
PRIMPOL,17
PRMT2,17
PSEN2,17
PSMB2,17
PSMF1,17
PSMG3,17
PTCD2,17
PTPRM,17
PTRH2,17
PUM3,17
PURB,17
PVR,17
PWP1,17
PYROXD1,17
RAB11B,17
RAB33B,17
RAB3GAP1,17
RABGAP1L,17
RAD51B,17
RAD51C,17
RAD54L2,17
RAF1,17
RANBP17,17
RANBP6,17
RAP2B,17
RAP2C,17
RARS2,17
RBM46,17
RCCD1,17
RCVRN,17
REEP5,17
REG1B,17
RELN,17
REP15,17
RFC1,17
RFC3,17
RFC4,17
RFPL1,17
RFXAP,17
RGS17,17
RHBDD1,17
RIMKLA,17
RNF115,17
RNF14,17
RNF180,17
RNF181,17
RNF216,17
RPGR,17
RPL36A-HNRNPH2,17
RRS1,17
RTN4IP1,17
RTTN,17
RUNDC3B,17
RUNX1T1,17
SALL2,17
SALL4,17
SAMD3,17
SAMD7,17
SAR1B,17
SARNP,17
SCML2,17
SCPEP1,17
SDCBP,17
SEC11C,17
SEC22B,17
SEC24D,17
SEC31A,17
SEMA3D,17
SEMA4F,17
SENP5,17
SENP7,17
SERINC1,17
SERPINB7,17
SERPINE1,17
SERTM1,17
SF3B3,17
SHPRH,17
SHQ1,17
SHROOM4,17
SIAH1,17
SIX1,17
SLAMF9,17
SLC10A2,17
SLC15A5,17
SLC16A1,17
SLC25A4,17
SLC26A5,17
SLC31A1,17
SLC33A1,17
SLC35A3,17
SLC38A6,17
SLC44A1,17
SLC7A2,17
SLFN12,17
SLITRK2,17
SLTM,17
SMAD5,17
SMAD9,17
SMARCAD1,17
SMARCC1,17
SMG9,17
SMIM15,17
SMIM19,17
SMIM8,17
SMPD1,17
SMURF2,17
SNRK,17
SNRNP200,17
SNUPN,17
SNX17,17
SNX30,17
SNX5,17
SNX8,17
SORL1,17
SPACA1,17
SPATA2,17
SPATA7,17
SPEF2,17
SPICE1,17
SPIN2A,17
SPO11,17
SPOCK2,17
SPRY3,17
SRGN,17
SRP54,17
SSUH2,17
ST13,17
ST6GALNAC3,17
STAB2,17
STC1,17
STK10,17
STK17A,17
STRADA,17
STS,17
STXBP4,17
STXBP5L,17
SUCLA2,17
SUCLG2,17
SULT1B1,17
SULT2A1,17
SVOP,17
SYT10,17
TACO1,17
TAF9B,17
TAT,17
TBC1D21,17
TBC1D9,17
TBCA,17
TCEAL4,17
TCTN2,17
TEKT3,17
TEX10,17
TFDP1,17
TGM4,17
THUMPD3,17
TICRR,17
TIMM23B,17
TIPARP,17
TLR8,17
TMBIM6,17
TMC7,17
TMED5,17
TMEM167B,17
TMEM236,17
TMEM31,17
TNN,17
TOMM20L,17
TOMM34,17
TOMM7,17
TOPORS,17
TOR1A,17
TOX2,17
TP53BP2,17
TPST2,17
TRA2B,17
TRAPPC11,17
TRAPPC6B,17
TRHDE,17
TRHR,17
TRIB2,17
TRIM22,17
TRIM55,17
TRIT1,17
TRMT2B,17
TSEN2,17
TSSK4,17
TWF1,17
TXNDC15,17
TXNDC8,17
TXNDC9,17
TXNRD1,17
TYSND1,17
TYW5,17
UBTD1,17
UEVLD,17
UGCG,17
UHRF2,17
UPF3B,17
UQCRB,17
USP22,17
USP28,17
USP29,17
USP30,17
USP45,17
VAPB,17
VCX3B,17
VEPH1,17
VGLL1,17
VIM,17
VPS37A,17
VPS39,17
VTI1B,17
VWC2,17
WDR43,17
WDR54,17
WDR59,17
WFDC10B,17
WFDC13,17
WLS,17
WNK1,17
XBP1,17
XG,17
XKR5,17
XPC,17
YIPF1,17
ZBTB6,17
ZBTB8A,17
ZC3H11A,17
ZC3H12C,17
ZC3H8,17
ZCCHC17,17
ZDHHC17,17
ZEB2,17
ZFAND2A,17
ZFHX4,17
ZFYVE26,17
ZKSCAN7,17
ZMYM6,17
ZMYND12,17
ZNF106,17
ZNF12,17
ZNF131,17
ZNF136,17
ZNF197,17
ZNF214,17
ZNF221,17
ZNF24,17
ZNF253,17
ZNF280A,17
ZNF300,17
ZNF324B,17
ZNF333,17
ZNF33B,17
ZNF354A,17
ZNF366,17
ZNF382,17
ZNF418,17
ZNF430,17
ZNF446,17
ZNF534,17
ZNF543,17
ZNF549,17
ZNF550,17
ZNF565,17
ZNF583,17
ZNF589,17
ZNF597,17
ZNF681,17
ZNF716,17
ZNF732,17
ZNF85,17
ZNF91,17
ZZZ3,17
A4GNT,16
AADAT,16
ABCC2,16
ABCE1,16
ABCG1,16
ABHD17C,16
ACADM,16
ACOT2,16
ACP7,16
ACSM1,16
ACTR10,16
ACYP1,16
ADAMTS1,16
ADGRB3,16
ADGRE2,16
ADGRG4,16
ADO,16
ADSL,16
AGBL2,16
AGTPBP1,16
AGTR1,16
AGXT2,16
AHCTF1,16
AHSA1,16
AKAP14,16
AKR1B10,16
ALAS2,16
ALG9,16
ALKBH1,16
ALMS1,16
AMACR,16
AMMECR1,16
ANAPC5,16
ANGPT1,16
ANGPTL7,16
ANKMY2,16
ANKRD30A,16
ANXA2,16
APEX1,16
APLF,16
APOBEC4,16
APOL4,16
ARHGAP25,16
ARHGAP31,16
ARHGEF28,16
ARHGEF38,16
ARHGEF9,16
ARIH1,16
ARMC8,16
ARMCX3,16
ASB18,16
ASF1A,16
ATG13,16
AURKA,16
AZI2,16
B3GNT5,16
BAMBI,16
BCL10,16
BCL2L10,16
BCO2,16
BEND4,16
BLOC1S5-TXNDC5,16
BNIPL,16
BPIFC,16
BRCA2,16
BRDT,16
BRINP2,16
BRWD3,16
BTF3L4,16
C10orf55,16
C10orf90,16
C11orf24,16
C11orf42,16
C11orf65,16
C12orf56,16
C14orf93,16
C18orf63,16
C1QL3,16
C1S,16
C1orf122,16
C1orf162,16
C1orf198,16
C1orf87,16
C20orf96,16
C4BPA,16
C5orf67,16
C7orf25,16
C8A,16
C8orf48,16
CA13,16
CADPS2,16
CAGE1,16
CAMK4,16
CCDC146,16
CCDC175,16
CCDC18,16
CCDC190,16
CCDC34,16
CCDC60,16
CCDC71L,16
CCDC89,16
CCDC90B,16
CCNB1,16
CCNC,16
CCNE2,16
CCNI2,16
CD180,16
CD1E,16
CD200R1,16
CD38,16
CD55,16
CDC20B,16
CDC42EP3,16
CDH8,16
CDK1,16
CDK10,16
CDK15,16
CDKAL1,16
CDKL4,16
CEP55,16
CEP57L1,16
CEP97,16
CFAP100,16
CFAP45,16
CFAP97,16
CFDP1,16
CH25H,16
CHD1,16
CHD1L,16
CHRM3,16
CHRNB3,16
CHSY1,16
CLCA1,16
CLDN11,16
CLEC2D,16
CLEC4C,16
CLRN2,16
CLTA,16
CLTCL1,16
CNGA4,16
CNIH1,16
CNST,16
CNTNAP3B,16
COA5,16
COG3,16
COIL,16
COL4A4,16
COL6A3,16
COL9A1,16
COLEC11,16
COMMD1,16
COQ10B,16
COQ3,16
COX10,16
COX11,16
COX6C,16
CPA4,16
CPED1,16
CPLX4,16
CPNE1,16
CPPED1,16
CRAMP1,16
CREG1,16
CRISPLD2,16
CRLF2,16
CRYBB2,16
CSGALNACT2,16
CSMD3,16
CSPP1,16
CT55,16
CYB5B,16
CYP24A1,16
CYP2C8,16
CYP39A1,16
DACH1,16
DAD1,16
DCAF16,16
DCAF4L1,16
DCP2,16
DCTN6,16
DDAH1,16
DDX10,16
DDX3X,16
DDX5,16
DENND2C,16
DEPDC1B,16
DEPDC4,16
DEPTOR,16
DERL2,16
DHX40,16
DIO1,16
DIRC3,16
DMC1,16
DMRT2,16
DNAH5,16
DNAJC2,16
DNAL1,16
DNMT1,16
DNTTIP2,16
DOCK7,16
DPP6,16
DR1,16
DTWD2,16
DUSP11,16
DYNLRB2,16
E2F5,16
EDEM3,16
EDRF1,16
EFCAB12,16
EHF,16
EIF3E,16
EIF3G,16
EIF5B,16
ELAVL4,16
EMC8,16
ENDOV,16
EPCAM,16
EREG,16
ERG,16
ERICH3,16
ERLEC1,16
ERLIN1,16
ERMARD,16
ERMN,16
EXOC6B,16
EXOSC10,16
EXOSC9,16
FAM111B,16
FAM133B,16
FAM153A,16
FAM180A,16
FAM234B,16
FAM3C,16
FAM43A,16
FAM98B,16
FANCI,16
FBXL4,16
FBXO17,16
FBXO33,16
FBXO38,16
FBXW8,16
FCGR2B,16
FCMR,16
FCRLB,16
FGD6,16
FGF5,16
FGF6,16
FIG4,16
FKBP7,16
FLT3,16
FMN2,16
FOCAD,16
FOXK2,16
FPR3,16
FUZ,16
GABPB2,16
GALNTL5,16
GALR1,16
GBP6,16
GCH1,16
GCLC,16
GDAP1,16
GDAP2,16
GDF3,16
GDPD4,16
GGA2,16
GJC3,16
GLB1,16
GLT6D1,16
GLUD2,16
GNG10,16
GNGT1,16
GOLIM4,16
GPM6A,16
GPR55,16
GPX3,16
GRAP,16
GRAP2,16
GRAPL,16
GRPEL2,16
GTF2A2,16
GUF1,16
GULP1,16
GXYLT1,16
GYS2,16
HCN1,16
HDAC4,16
HDAC8,16
HEPHL1,16
HEXIM2,16
HHLA2,16
HIBCH,16
HILPDA,16
HIVEP1,16
HLA-DPB1,16
HMGCS2,16
HMHB1,16
HNRNPC,16
HNRNPLL,16
HPR,16
HPS3,16
HPS4,16
HSPA14,16
HSPA4,16
HTR1E,16
HYI,16
HYLS1,16
IFI35,16
IFT74,16
IL17RD,16
IL23R,16
IMPACT,16
INSL6,16
IPO7,16
IPO9,16
IQCK,16
ITGAV,16
ITLN1,16
IWS1,16
JAK2,16
KANSL2,16
KBTBD8,16
KCNE2,16
KCNN2,16
KCTD1,16
KDM5A,16
KIAA0586,16
KIF16B,16
KIF20A,16
KLHDC2,16
KLHL25,16
KMT2E,16
KPNA1,16
KRT28,16
L3MBTL3,16
LAMP2,16
LCMT1,16
LCP2,16
LGI1,16
LINGO2,16
LIPE,16
LMBR1L,16
LMBRD1,16
LPAR6,16
LRCH2,16
LRCH3,16
LRRC19,16
LRRC31,16
LRRC49,16
LRRC71,16
LRRIQ4,16
LRTM1,16
LSM3,16
LYN,16
LYZ,16
MAP3K15,16
MARVELD2,16
MAT1A,16
MDM2,16
MED11,16
MED17,16
MEGF10,16
MET,16
METTL16,16
METTL21C,16
METTL2B,16
MIB1,16
MICU1,16
MIEN1,16
MIPOL1,16
MIS18BP1,16
MKX,16
MLC1,16
MMAA,16
MMP16,16
MNS1,16
MORN2,16
MOV10L1,16
MPHOSPH8,16
MSH4,16
MTAP,16
MTCP1,16
MTRF1,16
MYO1A,16
MYO6,16
MYOF,16
NAA15,16
NAA60,16
NBPF14,16
NCAM2,16
NCKAP1,16
NCR3,16
NDUFA2,16
NEDD8-MDP1,16
NEK4,16
NEK5,16
NETO2,16
NEU3,16
NIT2,16
NKX2-6,16
NME4,16
NOMO2,16
NQO2,16
NR2C1,16
NRDE2,16
NSMCE2,16
NUDT2,16
NUMB,16
NXF3,16
OAS2,16
OIT3,16
OLFM4,16
OPN5,16
OSER1,16
OSGIN2,16
OTUD7A,16
OXSM,16
P2RY1,16
P3H1,16
PAICS,16
PAIP2,16
PANK3,16
PAQR3,16
PARP4,16
PCCA,16
PCOLCE2,16
PCYOX1,16
PDAP1,16
PDE1C,16
PDP1,16
PELP1,16
PER1,16
PEX11A,16
PFAS,16
PFDN1,16
PGBD2,16
PGGT1B,16
PHF14,16
PHF20L1,16
PHOSPHO2,16
PIGC,16
PIK3C2A,16
PITPNB,16
PIWIL2,16
PJA1,16
PLA2G12B,16
PLA2G2D,16
PLCE1,16
PLEKHA8,16
PLIN2,16
PLS1,16
PNPLA4,16
PODXL2,16
POLE3,16
POLL,16
POLR3GL,16
POPDC2,16
PPARG,16
PPAT,16
PPEF2,16
PPFIBP1,16
PPIB,16
PPIL1,16
PPL,16
PPM1K,16
PPP1R14A,16
PPP1R36,16
PRB4,16
PRDM5,16
PRKAB2,16
PRPF19,16
PRPF4,16
PRSS23,16
PSMB5,16
PSMD4,16
PSPH,16
PTCHD3,16
PTN,16
PTPN2,16
PTPRO,16
R3HDML,16
RAB26,16
RAB3C,16
RAB6C,16
RABGAP1,16
RAD52,16
RAG1,16
RALGAPB,16
RALGPS2,16
RAN,16
RBBP5,16
RBM15,16
RBM22,16
RC3H2,16
RCOR3,16
RDH12,16
RECK,16
RERG,16
REXO2,16
RLN1,16
RNASE1,16
RNF122,16
RNF146,16
RNF217,16
RNF32,16
RNMT,16
RPE65,16
RRAGC,16
RSBN1,16
S1PR1,16
SAP18,16
SATL1,16
SBDS,16
SCML4,16
SCN11A,16
SCN9A,16
SCNM1,16
SCRN1,16
SDHD,16
SDR42E2,16
SEC11A,16
SEC62,16
SECISBP2L,16
SEH1L,16
SEMA5B,16
SENP1,16
SENP8,16
SEPSECS,16
SERPINA12,16
SERPINB12,16
SF3A3,16
SGCZ,16
SGSM3,16
SHISA3,16
SIGLEC6,16
SIN3B,16
SIRT2,16
SKIDA1,16
SLAIN2,16
SLC16A14,16
SLC18A1,16
SLC24A2,16
SLC24A5,16
SLC25A27,16
SLC25A38,16
SLC25A40,16
SLC25A44,16
SLC26A4,16
SLC27A2,16
SLC2A13,16
SLC39A9,16
SLC6A15,16
SLC7A1,16
SLC7A13,16
SLC9B1,16
SLC9C2,16
SLCO1B3,16
SLCO2B1,16
SMARCAL1,16
SMC6,16
SMPD2,16
SMPDL3A,16
SMTN,16
SNAP23,16
SNAPC5,16
SNRNP40,16
SNX11,16
SNX25,16
SNX31,16
SPAG1,16
SPATA31D3,16
SPATA4,16
SPCS2,16
SPIN3,16
SPINT2,16
SPRYD4,16
SRD5A3,16
SRM,16
SRPRB,16
SRSF9,16
SSMEM1,16
SSR1,16
ST6GAL2,16
STIM2,16
STRN,16
STXBP6,16
SUCLG1,16
SUGT1,16
SURF2,16
SYK,16
TAF1,16
TAGLN3,16
TAMM41,16
TBC1D25,16
TCP11,16
TDRD1,16
TEK,16
TEX11,16
TFB2M,16
TGM3,16
THADA,16
TIFAB,16
TIGD7,16
TIMP4,16
TINF2,16
TM9SF2,16
TMCO5A,16
TMEM106A,16
TMEM126B,16
TMEM140,16
TMEM191B,16
TMEM196,16
TMEM222,16
TMEM252,16
TMEM26,16
TMEM30A,16
TMEM33,16
TMEM39B,16
TMEM59,16
TMEM62,16
TMPO,16
TMTC1,16
TNFSF10,16
TNFSF8,16
TNIK,16
TNRC6C,16
TOB1,16
TOMM20,16
TP53I3,16
TP53TG3C,16
TP53TG3D,16
TRAPPC13,16
TRDMT1,16
TRIM13,16
TRIM21,16
TRMO,16
TSPYL1,16
TTC21B,16
TXNDC12,16
U2SURP,16
UBLCP1,16
UBR3,16
UBXN4,16
UGGT2,16
UQCRHL,16
USP1,16
USP38,16
USP43,16
VAMP3,16
VAMP7,16
VCAN,16
VGLL4,16
VPS4B,16
VSTM5,16
WARS2,16
WDR3,16
WDR36,16
WDR48,16
WDR55,16
WWP1,16
XPO5,16
XRCC5,16
YBEY,16
YTHDF3,16
ZDHHC23,16
ZFP62,16
ZFP90,16
ZMYM1,16
ZNF107,16
ZNF157,16
ZNF22,16
ZNF233,16
ZNF33A,16
ZNF354B,16
ZNF394,16
ZNF429,16
ZNF491,16
ZNF512,16
ZNF521,16
ZNF567,16
ZNF621,16
ZNF622,16
ZNF641,16
ZNF649,16
ZNF654,16
ZNF670-ZNF695,16
ZNF674,16
ZNF74,16
ZNF80,16
ZNF830,16
ZPLD1,16
ZSCAN4,16
AARD,15
ACAD10,15
ACBD7,15
ACOT6,15
ACSM5,15
ADAM23,15
ADGRE3,15
ADGRL3,15
ADPRH,15
AGBL4,15
AGK,15
AGO1,15
AGO3,15
ALDH1A1,15
ALG13,15
ANAPC10,15
ANAPC16,15
ANAPC7,15
ANKEF1,15
ANKRD1,15
ANKRD12,15
ANKRD34A,15
ANKRD46,15
ANKRD49,15
AOC1,15
AOX1,15
AP2B1,15
AP3B1,15
AP3M1,15
ARAP2,15
ARGFX,15
ARGLU1,15
ARHGAP15,15
ARHGAP9,15
ARL9,15
ARMC1,15
ARMC3,15
ASB13,15
ASB15,15
ASB9,15
ASH2L,15
ASTE1,15
ATAD5,15
ATG3,15
ATL1,15
ATM,15
ATOX1,15
ATP13A5,15
ATP1A1,15
ATP2C1,15
ATP6V1G1,15
AVPR1A,15
B3GALNT1,15
BCAS1,15
BCKDHB,15
BCLAF1,15
BICC1,15
BTBD7,15
BTF3,15
BTNL8,15
BUB3,15
BUD31,15
C16orf87,15
C17orf75,15
C18orf54,15
C1orf116,15
C3orf49,15
C3orf62,15
C4BPB,15
C5,15
C8B,15
C8orf34,15
C8orf44-SGK3,15
C8orf88,15
C9,15
CA10,15
CAPN6,15
CARF,15
CASS4,15
CBLB,15
CCDC141,15
CCDC170,15
CCDC178,15
CCDC27,15
CCDC38,15
CCDC51,15
CCL11,15
CCNA2,15
CCND3,15
CCNY,15
CD14,15
CD200,15
CD22,15
CD83,15
CD84,15
CDC16,15
CDH17,15
CDH26,15
CDK19,15
CDKL2,15
CDKN1A,15
CEBPG,15
CENPL,15
CENPU,15
CEP57,15
CFAP44,15
CFI,15
CGGBP1,15
CHCHD1,15
CHN2,15
CHRNA1,15
CHRNB4,15
CKAP2,15
CLEC1A,15
CLEC4E,15
CLEC9A,15
CLVS2,15
CMTR2,15
CNIH3,15
CNN3,15
CNOT11,15
CNTLN,15
CNTN1,15
CNTN3,15
CNTNAP2,15
COA4,15
COLGALT2,15
COMMD6,15
COX15,15
CRBN,15
CREBZF,15
CRYM,15
CTC1,15
CTLA4,15
CTTNBP2NL,15
CXCL2,15
CXCL3,15
CXCR2,15
CXCR4,15
CXCR6,15
CXXC1,15
CYP20A1,15
CYP2C9,15
CYP3A43,15
CYP4B1,15
DAPP1,15
DARS2,15
DAZL,15
DBR1,15
DBX2,15
DCUN1D5,15
DDR2,15
DDX20,15
DDX25,15
DDX49,15
DEDD2,15
DHCR24,15
DHDH,15
DHRS7,15
DHX35,15
DIMT1,15
DIRAS3,15
DLD,15
DMBT1,15
DNAJB13,15
DNAJC25-GNG10,15
DONSON,15
DPM1,15
DPM3,15
DPPA4,15
DRG2,15
DSC3,15
DUS4L,15
DUSP12,15
DYNC2H1,15
DZANK1,15
EEF2K,15
EID2,15
EIF2AK1,15
EIF2S2,15
ELL,15
ELL2,15
ELP4,15
EMC2,15
ENPP5,15
EPM2A,15
ERCC1,15
ERCC6L2,15
ERGIC2,15
ERGIC3,15
ERH,15
ERVFRD-1,15
F8,15
FAM118B,15
FAM149B1,15
FAM162B,15
FAM174A,15
FAM184B,15
FAM185A,15
FAN1,15
FANK1,15
FBXO28,15
FBXO39,15
FCRL1,15
FEZ1,15
FGF23,15
FKBP14,15
FMN1,15
FMR1NB,15
FOLR2,15
FSHR,15
FSIP1,15
FZD3,15
GAP43,15
GARNL3,15
GART,15
GAS2,15
GAS2L3,15
GCNT1,15
GCNT2,15
GDI2,15
GGCT,15
GHRL,15
GIGYF2,15
GLRA1,15
GLRA2,15
GNB5,15
GNE,15
GNG5,15
GPNMB,15
GPR89B,15
GPX5,15
GREB1,15
GRHPR,15
GSG1,15
GSTO1,15
GTF2A1,15
GTF2E1,15
GTF3C5,15
GTPBP4,15
GTPBP8,15
GZMH,15
HARBI1,15
HAVCR2,15
HDAC2,15
HENMT1,15
HIGD2B,15
HMGCS1,15
HRG,15
HS2ST1,15
HTATIP2,15
HTR3C,15
HTR3E,15
IDE,15
IFI16,15
IFI27L2,15
IFNA1,15
IFNAR2,15
IGBP1,15
IGIP,15
IKZF2,15
IL1RN,15
IL36B,15
IL5,15
IMMT,15
INVS,15
IPO8,15
IQCF2,15
IRF8,15
ISG20,15
ITGB1BP1,15
ITPKB,15
JTB,15
KCNA4,15
KCNIP1,15
KCNJ2,15
KCNU1,15
KCTD16,15
KHDRBS2,15
KIAA0825,15
KIAA1143,15
KLHL2,15
KPNA7,15
KTN1,15
KYNU,15
LAMA2,15
LAMA4,15
LAMC2,15
LARP7,15
LEMD3,15
LIMA1,15
LIN54,15
LIPH,15
LMO4,15
LPL,15
LRAT,15
LRFN5,15
LRRC2,15
LRRC28,15
LSAMP,15
LTN1,15
LUC7L,15
LY96,15
MAGEB1,15
MAGEH1,15
MAP7D2,15
MAP7D3,15
MAPKBP1,15
MAT2B,15
MBOAT1,15
MCEE,15
MCM10,15
MCM8,15
METTL14,15
METTL25,15
MFN1,15
MFSD8,15
MGARP,15
MGME1,15
MGST1,15
MGST2,15
MINPP1,15
MIS18A,15
MLLT10,15
MON2,15
MORF4L2,15
MPLKIP,15
MPPE1,15
MROH9,15
MS4A15,15
MS4A6E,15
MSH6,15
MSX2,15
MT1HL1,15
MTERF2,15
MTG2,15
MTIF3,15
MTX3,15
MUTYH,15
MYNN,15
MYO5C,15
NAA16,15
NAAA,15
NAB1,15
NABP1,15
NACA,15
NDFIP1,15
NDUFA12,15
NDUFA8,15
NDUFB3,15
NDUFV2,15
NEB,15
NEBL,15
NEDD9,15
NEMP1,15
NET1,15
NFATC2,15
NFKB2,15
NFS1,15
NFYA,15
NGDN,15
NKAPL,15
NOX5,15
NPHP1,15
NT5DC3,15
NTM,15
NTSR2,15
NUDCD1,15
NUDT12,15
NUDT9,15
NUF2,15
NUP107,15
NUP88,15
NUSAP1,15
NUTM2G,15
OLFML1,15
OOEP,15
OPALIN,15
OPRM1,15
ORC5,15
PABPC4L,15
PAK1IP1,15
PBLD,15
PCM1,15
PDE6G,15
PDILT,15
PEG10,15
PEX13,15
PEX7,15
PFKFB2,15
PGAP3,15
PHKA1,15
PHLDA1,15
PIGB,15
PIK3CA,15
PIM2,15
PITX2,15
PLAGL1,15
PLB1,15
PLCH1,15
PLCXD3,15
PLD1,15
PLEK,15
PLEKHM2,15
PLEKHS1,15
PLSCR4,15
PMP22,15
PNLDC1,15
POLA1,15
POLB,15
POLD2,15
POLR2G,15
PON1,15
PP2D1,15
PPIL4,15
PPP1R12B,15
PPP1R17,15
PPP2CB,15
PRAMEF6,15
PRDX1,15
PRIM1,15
PRPS2,15
PRR4,15
PTGER3,15
PTGER4,15
PTPN21,15
PXT1,15
QRSL1,15
RAB10,15
RAB28,15
RAB30,15
RAG2,15
RALGAPA1,15
RASSF3,15
RBKS,15
RBM11,15
RBM12B,15
RBM25,15
RBM26,15
RBM7,15
RBMS1,15
RBMS2,15
RBMX,15
RBSN,15
RCSD1,15
REC114,15
REEP3,15
REPS1,15
RETNLB,15
RFC2,15
RFT1,15
RGP1,15
RGPD5,15
RGS20,15
RHOBTB1,15
RIT1,15
RLN2,15
RNF17,15
RNF43,15
RPRD1B,15
RRAS2,15
RTN4,15
SACS,15
SAMD15,15
SAXO1,15
SBSPON,15
SCFD2,15
SCGB1D4,15
SDE2,15
SDHC,15
SERPINA3,15
SETD9,15
SETSIP,15
SF3B5,15
SFI1,15
SHC4,15
SIAH3,15
SIRPD,15
SLAIN1,15
SLAMF1,15
SLAMF6,15
SLC17A4,15
SLC26A8,15
SLC28A3,15
SLC35E3,15
SLC45A2,15
SLC46A3,15
SLC6A20,15
SLC8A3,15
SLCO1C1,15
SLCO4C1,15
SLFN13,15
SLITRK4,15
SLPI,15
SMAD3,15
SMC5,15
SMIM20,15
SMIM21,15
SMU1,15
SNAP91,15
SNRPG,15
SNTN,15
SNX12,15
SNX14,15
SNX7,15
SOCS4,15
SORT1,15
SPDYE16,15
SPRY1,15
SRP9,15
SRSF1,15
SSPN,15
ST6GALNAC5,15
STAM2,15
STAMBP,15
STAMBPL1,15
STEAP1,15
STK32A,15
STK38L,15
STON2,15
STPG1,15
STX12,15
STX17,15
SUCO,15
SUOX,15
SUPT16H,15
TAB3,15
TAC1,15
TADA1,15
TAF1D,15
TAF1L,15
TAF7L,15
TBC1D4,15
TBC1D7,15
TBCCD1,15
TBL1X,15
TBX19,15
TCAF1,15
TCL1B,15
TESK2,15
TGFBR1,15
TGFBR2,15
THAP1,15
TIGIT,15
TIMM8B,15
TJP1,15
TLR1,15
TMC3,15
TMCO1,15
TMCO2,15
TMEM168,15
TMEM192,15
TMEM254,15
TMEM45A,15
TMEM68,15
TMX1,15
TP53RK,15
TP63,15
TPRKB,15
TRAM1,15
TREM1,15
TREM2,15
TRIM36,15
TRIM60,15
TRPA1,15
TRPM3,15
TRPM6,15
TRUB1,15
TRUB2,15
TSACC,15
TSGA13,15
TSTD2,15
TTF2,15
TTLL2,15
TXNDC16,15
UBA1,15
UBE2A,15
UBE2D3,15
UBE2QL1,15
UBE3D,15
UCK2,15
UFL1,15
UGT2B15,15
UIMC1,15
UNC5CL,15
UPP1,15
UQCRC2,15
URB1,15
URB2,15
URM1,15
USP25,15
USP44,15
USP6,15
USP7,15
VN1R2,15
VWA5A,15
WBP11,15
WDR64,15
WDR93,15
WFDC9,15
XCR1,15
YIPF3,15
YIPF7,15
ZC3H15,15
ZDHHC15,15
ZDHHC6,15
ZFP14,15
ZFP42,15
ZFY,15
ZMAT2,15
ZNF124,15
ZNF140,15
ZNF227,15
ZNF25,15
ZNF322,15
ZNF365,15
ZNF383,15
ZNF385B,15
ZNF471,15
ZNF546,15
ZNF573,15
ZNF585B,15
ZNF679,15
ZNF728,15
ZNF782,15
ZNF805,15
ZNF84,15
ZNRF2,15
ZPBP,15
ZSWIM8,15
ZXDB,15
ZYG11A,15
AAR2,14
AARS2,14
AASDH,14
ABCB11,14
ABCC9,14
ABHD12B,14
ABHD4,14
ACADL,14
ACKR2,14
ACSL4,14
ACSM6,14
ACTR5,14
ADGRF1,14
ADGRF3,14
ADGRV1,14
ADH1A,14
ADH6,14
ADIPOQ,14
AHI1,14
AKAP3,14
AKIRIN2,14
AKNAD1,14
ALDH9A1,14
ALKBH3,14
AMD1,14
ANKRD26,14
ANKRD44,14
ANKS1B,14
ANO6,14
ANXA2R,14
AP1G1,14
ARG1,14
ARHGAP10,14
ARHGAP42,14
ARHGEF12,14
ARID5B,14
ARL1,14
ARL13B,14
ARL6IP5,14
ARMCX5,14
ARMS2,14
ART4,14
ASAP2,14
ASPRV1,14
ATAD1,14
ATG12,14
ATG4A,14
ATP13A3,14
ATP6V1D,14
ATR,14
AXIN2,14
B3GNT6,14
BAG2,14
BCAP29,14
BEND3,14
BPNT1,14
C11orf71,14
C12orf50,14
C1D,14
C1orf50,14
C3orf38,14
C5orf24,14
C5orf63,14
C6orf118,14
C6orf89,14
C8orf89,14
C9orf57,14
CA8,14
CACYBP,14
CAMKMT,14
CAND1,14
CAPN7,14
CASP10,14
CASP14,14
CASR,14
CCDC110,14
CCDC122,14
CCDC152,14
CCDC169-SOHLH2,14
CCDC179,14
CCDC191,14
CCDC59,14
CCL2,14
CCL3,14
CCNT2,14
CCT5,14
CD226,14
CDC123,14
CDC37L1,14
CDC73,14
CDK11B,14
CDKL1,14
CDKN2C,14
CEBPZ,14
CEBPZOS,14
CECR2,14
CENPI,14
CENPP,14
CENPV,14
CEP120,14
CEP162,14
CFAP161,14
CHEK1,14
CHMP3,14
CHP1,14
CKAP2L,14
CLCN4,14
CLCN5,14
CLDN12,14
CLDN20,14
CLEC14A,14
CLNK,14
CLUL1,14
CLVS1,14
CMBL,14
CMTM6,14
CNNM1,14
COG4,14
COL5A2,14
COL6A6,14
COMMD4,14
COQ2,14
COX5B,14
COX7B,14
CPB1,14
CR1L,14
CREB3L2,14
CREBL2,14
CRLS1,14
CSTF1,14
CT47A6,14
CTSG,14
CTSK,14
CUBN,14
CUTC,14
CWF19L1,14
CXCL1,14
CXCL5,14
DAAM1,14
DACT1,14
DBF4B,14
DCAF13,14
DCLK1,14
DDX11,14
DEFB1,14
DERA,14
DGKK,14
DHRS7B,14
DHTKD1,14
DHX57,14
DIAPH3,14
DKK2,14
DPF3,14
DPRX,14
DRP2,14
DTNA,14
ECHDC1,14
EDC3,14
EFHB,14
EFNB2,14
EHBP1,14
EMCN,14
EML5,14
ENTPD5,14
EPB41L5,14
ERO1A,14
EVI5,14
EXD1,14
EXD2,14
EXOC4,14
EXOC6,14
EZH1,14
F2RL1,14
FABP7,14
FAM204A,14
FAM218A,14
FAM47E-STBD1,14
FAM76B,14
FANCL,14
FANCM,14
FARS2,14
FARSA,14
FASTKD3,14
FBXO7,14
FBXW12,14
FCN1,14
FER,14
FMO3,14
FREM3,14
FUNDC2,14
G3BP2,14
GABRA3,14
GABRG1,14
GALK2,14
GBE1,14
GGH,14
GIN1,14
GNLY,14
GPA33,14
GPR156,14
GPR158,14
GPR89A,14
GSTA1,14
GSTA2,14
GSTA3,14
GTF2B,14
GZMB,14
HACD3,14
HACE1,14
HAO2,14
HDAC9,14
HECTD1,14
HECTD2,14
HEXA,14
HIGD1C,14
HINFP,14
HINT1,14
HINT3,14
HK1,14
HLTF,14
HMMR,14
HOPX,14
HSBP1,14
HSD11B1,14
HSD17B3,14
HSPA12A,14
HSPA13,14
ID4,14
IFIT2,14
IFT57,14
IGF2BP3,14
IGFL4,14
IGSF1,14
IKZF3,14
IL12A,14
IL12RB2,14
IL21,14
IL2RA,14
IMPA1,14
INSIG2,14
INTS7,14
IPP,14
IRAK3,14
IRGM,14
ITGA2,14
ITM2A,14
ITM2B,14
KBTBD3,14
KCNC2,14
KCNJ15,14
KCTD18,14
KCTD3,14
KCTD8,14
KDM2B,14
KDM3A,14
KIF6,14
KLHL11,14
KLHL3,14
KLHL6,14
KLKB1,14
KMT2C,14
KRTAP12-3,14
KRTAP4-7,14
KRTAP5-11,14
LAMB4,14
LAS1L,14
LCT,14
LIG4,14
LIMCH1,14
LITAF,14
LLPH,14
LMAN1,14
LRRC40,14
LRRC7,14
LRRC9,14
LRRK2,14
LSM10,14
LVRN,14
LYPLAL1,14
LYVE1,14
MAB21L3,14
MAL2,14
MASP1,14
MBD4,14
MCM3,14
MDH1,14
MED1,14
MEP1B,14
METAP2,14
METTL13,14
MICU2,14
MIER1,14
MIS12,14
MKRN2,14
MKS1,14
MND1,14
MOCS2,14
MORC1,14
MORC4,14
MPHOSPH6,14
MPP7,14
MTFMT,14
MTHFD2L,14
MTHFS,14
MTMR2,14
MTTP,14
MYF6,14
MYOM1,14
NACA2,14
NBN,14
NDEL1,14
NDUFAF4,14
NDUFV3,14
NECAB1,14
NEK11,14
NLRP7,14
NOP56,14
NOSTRIN,14
NR1H4,14
NRSN1,14
NUDT13,14
NUDT5,14
NUTM2F,14
NXPE4,14
NYAP2,14
OARD1,14
OCM,14
OCM2,14
OGFOD1,14
OSBP,14
OSBPL8,14
OSGEPL1,14
OTOA,14
OXGR1,14
P2RY10,14
PALMD,14
PARP11,14
PARVA,14
PCDHB11,14
PCDHB8,14
PCED1B,14
PCSK5,14
PCYOX1L,14
PDCD2L,14
PDE4DIP,14
PDE6C,14
PDLIM3,14
PEX1,14
PIBF1,14
PIGA,14
PIK3R4,14
PLEKHG7,14
PLGLB2,14
PLOD2,14
PLSCR1,14
PM20D1,14
PMFBP1,14
PMPCB,14
PNISR,14
POP4,14
POT1,14
PPA1,14
PPIAL4G,14
PPP1R1C,14
PPP2R3A,14
PREP,14
PRKRA,14
PRMT6,14
PROK2,14
PRRG1,14
PRUNE2,14
PTPRZ1,14
PTX3,14
PWP2,14
RAB19,14
RAB29,14
RAB37,14
RAD21,14
RALA,14
RAP2A,14
RASEF,14
RASGRP3,14
RB1CC1,14
RBBP6,14
RBBP8,14
RBM8A,14
RCAN2,14
RCL1,14
REPS2,14
RETSAT,14
RFTN2,14
RFX6,14
RGPD1,14
RGS4,14
RHOH,14
RHOXF1,14
RIOK1,14
RNASE3,14
RNF114,14
RNF13,14
RNF20,14
RNPC3,14
ROBO2,14
ROPN1,14
ROPN1B,14
RP1,14
RPAIN,14
RPGRIP1,14
RPRD1A,14
RRP15,14
RSPO3,14
RUNX1,14
RWDD2B,14
SAXO2,14
SCGN,14
SCO1,14
SELE,14
SELP,14
SERPINE3,14
SETDB1,14
SETMAR,14
SGCD,14
SH3BGRL2,14
SH3GL2,14
SLC13A1,14
SLC13A3,14
SLC25A33,14
SLC35B4,14
SLC35F1,14
SLC35F4,14
SLC38A11,14
SLC39A2,14
SLC4A1AP,14
SLFN11,14
SLIRP,14
SMCHD1,14
SMCP,14
SNRNP48,14
SNRPF,14
SNX16,14
SOD3,14
SOS2,14
SPAG16,14
SPATA6L,14
SPATS2L,14
SPDYE5,14
SPIC,14
SPIDR,14
SPIN4,14
SPINK1,14
SPP1,14
SPR,14
SPTLC2,14
SPTSSB,14
SRGAP3,14
SRP72,14
SRSF3,14
SRSF7,14
SSX1,14
SSX5,14
STAM,14
STK33,14
STX11,14
STYK1,14
SUGCT,14
SUMF2,14
SUMO1,14
SVIP,14
SZRD1,14
TACC2,14
TAF5L,14
TAL2,14
TBRG4,14
TCTN3,14
TDP1,14
TDRD3,14
TEKT1,14
TES,14
TFDP2,14
TFPI2,14
TGDS,14
TGM7,14
THAP9,14
THNSL1,14
THOC1,14
THSD4,14
TIAL1,14
TK2,14
TLL1,14
TLR10,14
TM4SF4,14
TMC1,14
TMED7,14
TMED7-TICAM2,14
TMEM100,14
TMEM185A,14
TMEM186,14
TMEM231,14
TMEM266,14
TMEM30B,14
TMEM39A,14
TMEM71,14
TMEM74,14
TMEM81,14
TMIGD1,14
TMIGD3,14
TMPRSS3,14
TNFAIP8L3,14
TNFRSF17,14
TPD52L1,14
TPO,14
TPX2,14
TRAF3IP3,14
TRIL,14
TRIM37,14
TRIM59,14
TRIP11,14
TRIP4,14
TRMT44,14
TRPM8,14
TSC22D2,14
TSNAX-DISC1,14
TSPAN7,14
TSPYL4,14
TTC13,14
TTC23L,14
TTPA,14
TUBB2B,14
TULP4,14
TVP23B,14
UBA6,14
UBE2T,14
UBR1,14
UGGT1,14
USP15,14
USP33,14
UTS2B,14
VAMP4,14
VEZT,14
VPS8,14
VSIG1,14
WASF3,14
WDR12,14
WDR7,14
WDR75,14
WIF1,14
YTHDC1,14
ZC3H14,14
ZCCHC9,14
ZCRB1,14
ZFAND1,14
ZFC3H1,14
ZFP30,14
ZFP82,14
ZKSCAN8,14
ZNF100,14
ZNF112,14
ZNF195,14
ZNF226,14
ZNF229,14
ZNF23,14
ZNF330,14
ZNF334,14
ZNF35,14
ZNF410,14
ZNF416,14
ZNF451,14
ZNF470,14
ZNF502,14
ZNF518A,14
ZNF557,14
ZNF648,14
ZNF688,14
ZNF704,14
ZNF778,14
ZNF880,14
ZNHIT6,14
ZSCAN23,14
ZSCAN31,14
ZSCAN5B,14
ABCB7,13
ACACB,13
ACAD9,13
ACOT4,13
ACRV1,13
ACSM2B,13
ACSM3,13
ACTA2,13
ACTL8,13
ACTR8,13
ADAD1,13
ADAT2,13
ADCY10,13
ADH1B,13
AGPAT4,13
ALAD,13
ALG14,13
ALKBH2,13
ALKBH8,13
ALPK1,13
ALS2,13
ANGPTL5,13
ANKMY1,13
ANKRD40,13
ANKRD42,13
ANXA3,13
AOAH,13
APMAP,13
APOL5,13
AQP4,13
AREG,13
ARHGAP18,13
ARHGEF6,13
ARID1B,13
ARL5B,13
ARL6,13
ARMC2,13
ARSF,13
ASB14,13
ASCC3,13
ASIC5,13
ASIP,13
ATF7IP2,13
ATP6AP1L,13
AXDND1,13
BASP1,13
BEST3,13
BET1,13
BFSP1,13
BLK,13
BLM,13
BLNK,13
BNIP3L,13
BPGM,13
BPY2,13
BRINP3,13
BTD,13
BTG1,13
C1QTNF7,13
C22orf31,13
C2orf69,13
C4orf51,13
CA6,13
CALD1,13
CAPZA2,13
CASP8,13
CBLL1,13
CCDC15,13
CCDC150,13
CCDC181,13
CCDC63,13
CCDC7,13
CCDC80,13
CCDC82,13
CCNG1,13
CCNJ,13
CCPG1,13
CCR2,13
CCR3,13
CCT8,13
CD1C,13
CD1D,13
CD40LG,13
CD46,13
CD69,13
CDC42SE2,13
CDH6,13
CDK5RAP1,13
CDKN2B,13
CEP41,13
CEP63,13
CEP78,13
CES1,13
CFAP126,13
CFAP54,13
CHIC1,13
CHN1,13
CHUK,13
CHURC1-FNTB,13
CIT,13
CKS2,13
CLEC2A,13
CLEC5A,13
CMSS1,13
CNBD1,13
CNTN5,13
COG7,13
COG8,13
COL4A2,13
COLQ,13
COMMD10,13
COMMD2,13
CPA5,13
CPLX2,13
CPNE3,13
CPS1,13
CSTF2,13
CTH,13
CTSV,13
CWC15,13
CYP1B1,13
CYP2J2,13
CYP2R1,13
CYP3A5,13
CYP4A11,13
CYP4A22,13
CYP7B1,13
DAB2,13
DAPK1,13
DCLRE1B,13
DDX46,13
DHODH,13
DHX29,13
DLEU1,13
DMTF1,13
DNAH12,13
DNAJC12,13
DROSHA,13
DSC1,13
DUSP26,13
DUXA,13
DZIP3,13
E2F7,13
ECT2,13
EDAR,13
EDNRB,13
EEF1E1,13
EEF1E1-BLOC1S5,13
EIF3M,13
ELMO2,13
EMC7,13
ENKUR,13
EPHA6,13
EPM2AIP1,13
ERAP2,13
ERCC6L,13
ERMP1,13
ERP27,13
EXPH5,13
EYA3,13
EYS,13
FAM120AOS,13
FAM13A,13
FAM151B,13
FAM177A1,13
FAM177B,13
FAM186B,13
FAM200B,13
FAM221A,13
FAM24B,13
FAM81B,13
FARSB,13
FAXDC2,13
FBLN5,13
FBXO16,13
FCF1,13
FCHO2,13
FGFBP2,13
FIBIN,13
FPR1,13
FRMD4B,13
FRMD7,13
FRMPD2,13
FSD2,13
FTO,13
FZD6,13
GABRA2,13
GABRB1,13
GABRR1,13
GALC,13
GAR1,13
GAS1,13
GATA4,13
GBP5,13
GCA,13
GCNT3,13
GEMIN8,13
GHR,13
GIMAP6,13
GJA3,13
GMFB,13
GNG2,13
GOLGA1,13
GOLT1B,13
GPATCH2,13
GPN1,13
GPR18,13
GPR19,13
GRHL2,13
GRIA4,13
GSPT2,13
GTF2H3,13
GTF2I,13
GTF2IRD2,13
GUCA1C,13
GXYLT2,13
HAO1,13
HBD,13
HCAR2,13
HCAR3,13
HDC,13
HESX1,13
HFM1,13
HMCN1,13
HMGN3,13
HMSD,13
HNRNPU,13
HP,13
HPSE2,13
HS6ST2,13
HSF2,13
HTR2B,13
IARS2,13
IDO1,13
IFIH1,13
IFRD1,13
IGF1,13
IGSF10,13
IGSF5,13
IGSF6,13
IL18,13
IL1RAPL1,13
IL22RA2,13
IL4,13
ING3,13
INO80B,13
INO80B-WBP1,13
IPCEF1,13
ITGA4,13
ITGBL1,13
KATNBL1,13
KCNE1,13
KCNMB3,13
KIT,13
KLF14,13
KLRC4-KLRK1,13
KMO,13
LCA5,13
LDB2,13
LIMS3,13
LIPC,13
LMO2,13
LMO7,13
LNX1,13
LY9,13
LYST,13
MALRD1,13
MAML3,13
MAP4K5,13
MAPRE2,13
MBNL1,13
MBNL2,13
MBOAT4,13
MCC,13
MCTP1,13
MCU,13
MCUR1,13
MDM1,13
MED14,13
MEPE,13
METTL3,13
MFSD11,13
MGAT4D,13
MGP,13
MICAL1,13
MICU3,13
MILR1,13
MITF,13
MLANA,13
MLH1,13
MMP26,13
MOB3B,13
MPP1,13
MS4A18,13
MS4A4A,13
MS4A6A,13
MSRB2,13
MTBP,13
MTDH,13
MTERF1,13
MTMR7,13
MTRF1L,13
MYO3B,13
NCOA5,13
NDC1,13
NDUFS4,13
NECAP1,13
NELL2,13
NFE2L2,13
NGLY1,13
NIP7,13
NKAP,13
NLRP8,13
NOC3L,13
NOS2,13
NOX3,13
NPEPL1,13
NR3C1,13
NRAP,13
NUDT19,13
NUFIP1,13
NUP133,13
NUP155,13
NUP35,13
NXF5,13
OAS3,13
OFCC1,13
OPRK1,13
OSBPL1A,13
OTOGL,13
PAPPA2,13
PCDHB7,13
PCDHGA1,13
PCSK1,13
PCYT1A,13
PDC,13
PDGFD,13
PDXDC1,13
PDZD11,13
PDZRN4,13
PIGK,13
PINX1,13
PKD1L3,13
PLA2G4A,13
PLGLB1,13
PMAIP1,13
PNN,13
PNRC2,13
POC5,13
POLD3,13
POLR1A,13
POLR3F,13
POMGNT2,13
PON2,13
POP1,13
POTED,13
POU5F1B,13
PRAMEF26,13
PRKCI,13
PRKRIP1,13
PRPF18,13
PRPF39,13
PSMA3,13
PSMB6,13
PSPC1,13
PTTG1,13
PZP,13
RAB14,13
RAB39B,13
RAB44,13
RAB7B,13
RBBP9,13
RBM34,13
RD3L,13
RECQL,13
RECQL5,13
RGSL1,13
RMND1,13
RNASE6,13
RNF113A,13
RNF150,13
RNF6,13
RPGRIP1L,13
RPUSD4,13
RRP1B,13
RTN1,13
RTP1,13
RUFY3,13
SAP30BP,13
SAV1,13
SCG3,13
SEC23B,13
SERBP1,13
SGCG,13
SHC3,13
SIRPB2,13
SIRT4,13
SLC14A2,13
SLC16A10,13
SLC16A4,13
SLC17A1,13
SLC17A2,13
SLC18B1,13
SLC19A1,13
SLC19A3,13
SLC22A1,13
SLC22A9,13
SLC28A2,13
SLC2A5,13
SLC3A2,13
SLC7A8,13
SLC9B2,13
SLCO1A2,13
SLFN12L,13
SLMAP,13
SMARCE1,13
SMG8,13
SNAPC3,13
SNRPB2,13
SNW1,13
SNX2,13
SNX3,13
SOX7,13
SPINK4,13
SREK1,13
SREK1IP1,13
SRI,13
STAC,13
STAC3,13
STAP1,13
STARD3NL,13
STAT1,13
STAT4,13
STK31,13
SULT1C4,13
TAF13,13
TARM1,13
TBC1D12,13
TBC1D8,13
TCHH,13
TEKT5,13
TEX14,13
THAP10,13
THAP11,13
TLN2,13
TM7SF3,13
TMA16,13
TMEM108,13
TMEM144,13
TMEM154,13
TMEM156,13
TMEM167A,13
TMEM220,13
TMEM248,13
TMEM87A,13
TMF1,13
TMOD2,13
TNFRSF21,13
TNFSF11,13
TPK1,13
TPR,13
TRAPPC2,13
TRIM16L,13
TRIM23,13
TRIM61,13
TRIML1,13
TRMT10C,13
TRMT6,13
TSPAN13,13
TSPAN8,13
TSR2,13
TTBK2,13
TUBA1C,13
TXK,13
TXLNB,13
UBE4A,13
UBL7,13
UGT2A3,13
USP18,13
USP26,13
VGLL3,13
VPS13C,13
VTA1,13
WDR17,13
WDR35,13
XRCC2,13
YEATS4,13
YKT6,13
ZAR1L,13
ZBTB41,13
ZC3HC1,13
ZCCHC4,13
ZFAND2B,13
ZFYVE16,13
ZKSCAN3,13
ZNF138,13
ZNF184,13
ZNF189,13
ZNF19,13
ZNF2,13
ZNF211,13
ZNF215,13
ZNF317,13
ZNF326,13
ZNF354C,13
ZNF395,13
ZNF43,13
ZNF483,13
ZNF510,13
ZNF582,13
ZNF613,13
ZNF780A,13
ZNF879,13
ZSCAN12,13
ZSCAN25,13
ZSWIM5,13
ZWINT,13
AASDHPPT,12
ABCC11,12
ABCC5,12
ACSL5,12
ACSM2A,12
ACTRT3,12
ACVR2A,12
ADAM28,12
ADAR,12
ADGRE1,12
ADGRG7,12
ADPRM,12
ADTRP,12
AGL,12
AHSG,12
AKAP6,12
ALDH8A1,12
ANKAR,12
ANP32D,12
APOL1,12
APOL2,12
APOOL,12
APTX,12
ARHGAP28,12
ARL13A,12
ARV1,12
ASB3,12
ASCL4,12
ASXL3,12
ATP6V1C1,12
B3GALT1,12
BACH1,12
BBS10,12
BBS12,12
BBS4,12
BBS7,12
BOD1,12
BRF2,12
BRIX1,12
BUB1B-PAK6,12
C12orf60,12
C1orf185,12
C1orf53,12
C3AR1,12
C6,12
CAAP1,12
CAB39L,12
CALCB,12
CASP4,12
CAV2,12
CBX5,12
CCDC138,12
CCDC149,12
CCDC28A,12
CCDC43,12
CCDC85A,12
CD2,12
CD200R1L,12
CD300E,12
CD53,12
CDC7,12
CDH10,12
CDK7,12
CEP44,12
CFAP47,12
CHM,12
CHMP4A,12
CHMP7,12
CHURC1,12
CLCA2,12
CLCN3,12
CLDN18,12
CLDN22,12
CLDND1,12
CLIC5,12
CLN6,12
CLNS1A,12
COL19A1,12
COPB1,12
COPB2,12
COPS2,12
COX18,12
CPNE8,12
CRHBP,12
CRISP2,12
CROT,12
CTBS,12
CXCL13,12
CXCL8,12
CYGB,12
CYSLTR1,12
CYYR1,12
DACH2,12
DAZ2,12
DCDC1,12
DDX18,12
DDX52,12
DIS3,12
DMRTA1,12
DNA2,12
DNAJC3,12
DNTT,12
DPPA2,12
DPPA3,12
DPY19L2,12
DTWD1,12
DYNC1I2,12
EDDM3A,12
EED,12
EGLN1,12
EIF4A2,12
ENPP3,12
EPDR1,12
EPHA3,12
EPSTI1,12
ESD,12
EXO1,12
F11,12
FAF1,12
FAM111A,12
FAM227B,12
FAM228A,12
FAM9B,12
FBXW2,12
FCGR1A,12
FCRL5,12
FGF10,12
FGFBP3,12
FHL5,12
FLG,12
FMNL2,12
FNTB,12
FRRS1,12
FSTL5,12
FUBP1,12
G6PC2,12
GATB,12
GEN1,12
GLRX2,12
GLYATL1,12
GOLT1A,12
GPR33,12
GPR85,12
GPRC5D,12
GPSM2,12
GRB2,12
GRID2,12
GRM3,12
GRM5,12
GSTCD,12
GSTK1,12
GSTO2,12
GTF2F2,12
GTF3C6,12
GUK1,12
GZMA,12
HEATR1,12
HEATR5A,12
HELQ,12
HEXB,12
HGD,12
HMGN5,12
HNRNPA1,12
HS6ST3,12
HSD17B11,12
HUS1,12
IBSP,12
IDI2,12
IER5,12
IFI44,12
IL18RAP,12
IL5RA,12
IL7,12
IPO5,12
JRKL,12
KCNMB2,12
KIAA1586,12
KIF14,12
KIF18A,12
KLHL1,12
KLHL28,12
KLHL4,12
KLRC1,12
KLRC2,12
KRT20,12
LAPTM4A,12
LCMT2,12
LIN7C,12
LIPK,12
LONRF2,12
LRIG3,12
LRP2BP,12
LRRC17,12
LURAP1L,12
LYPD5,12
MAGEB3,12
MAGEC3,12
MAGEE1,12
MAGEF1,12
MAML2,12
MAP3K13,12
MAPK1IP1L,12
MCF2,12
MDP1,12
MED23,12
MEMO1,12
METTL15,12
METTL5,12
MKRN2OS,12
MMADHC,12
MMP27,12
MMS22L,12
MPV17,12
MPZL2,12
MRFAP1,12
MTIF2,12
MYLK3,12
MYO1D,12
NAA20,12
NBAS,12
NCEH1,12
NDFIP2,12
NDUFB5,12
NECAP2,12
NEDD1,12
NEIL3,12
NEK10,12
NKIRAS2,12
NKTR,12
NLRC4,12
NLRP9,12
NMD3,12
NME5,12
NME9,12
NMRK1,12
NMUR2,12
NOL4,12
NPIPB11,12
NPIPB4,12
NPY1R,12
NR1I2,12
NRXN1,12
NSUN3,12
NUDCD2,12
NUP43,12
NUP62CL,12
NXPE1,12
OGT,12
OTUD6B,12
PABPC3,12
PATE2,12
PCED1A,12
PCLO,12
PDE7B,12
PERP,12
PGAM4,12
PIGBOS1,12
PIGT,12
PIR,12
PLAC8L1,12
PLAC9,12
PLCL1,12
PLEKHG5,12
PLG,12
PLPP3,12
PMS1,12
PNLIP,12
PNLIPRP1,12
POLQ,12
POLR3B,12
POTEC,12
PPA2,12
PPARGC1A,12
PPID,12
PPP1R3C,12
PPP2R2B,12
PPT1,12
PREPL,12
PRKG1,12
PRPF3,12
PSMA5,12
PSMD10,12
PSMD14,12
PSMD6,12
PTCHD4,12
PTGFR,12
PTGS2,12
PUS10,12
QDPR,12
RAB27A,12
RAC1,12
RAD51AP1,12
RASSF6,12
RBAK-RBAKDN,12
RCC1,12
REG4,12
RGR,12
RGS6,12
RMDN1,12
RNASE2,12
RNF212B,12
RPAP1,12
RPAP2,12
RSPH4A,12
RSU1,12
RTCA,12
RTCB,12
S100A11,12
SAMD13,12
SAMD5,12
SAMD9,12
SAP30,12
SCGB2B2,12
SCN7A,12
SCRN3,12
SDAD1,12
SDC2,12
SEMA3E,12
SERPINB2,12
SGCB,12
SKAP2,12
SLC1A1,12
SLC1A3,12
SLC22A10,12
SLC25A46,12
SLC30A7,12
SLC34A2,12
SLC35A1,12
SLC35A5,12
SLC35B1,12
SLC35F3,12
SLC36A4,12
SLC5A6,12
SLC5A8,12
SLCO6A1,12
SLF1,12
SMIM10,12
SMNDC1,12
SMR3B,12
SNAI2,12
SNAPC1,12
SOX4,12
SPACA3,12
SPATA18,12
SPATA19,12
SPC24,12
SRSF11,12
SSB,12
ST6GALNAC1,12
ST8SIA6,12
STARD6,12
STEAP4,12
STIL,12
STPG2,12
STRAP,12
STX3,12
STX8,12
TAB2,12
TAF4B,12
TBC1D23,12
TBRG1,12
TCEA1,12
TCEANC,12
TCF21,12
TDRD6,12
TDRD7,12
TENM2,12
TESPA1,12
TFAP2D,12
TGFBR3,12
TGS1,12
THAP2,12
THBS4,12
THSD7A,12
TIMM8A,12
TLR4,12
TLR7,12
TMEM106B,12
TMEM128,12
TMEM139,12
TMEM160,12
TMEM245,12
TMEM70,12
TMEM78,12
TMLHE,12
TNFAIP6,12
TNFRSF11B,12
TOR1AIP1,12
TRAPPC3L,12
TRIM16,12
TRIML2,12
TRIQK,12
TRMT10A,12
TSEN15,12
TSG101,12
TSPAN3,12
TTC29,12
TTK,12
TUBAL3,12
TXNL1,12
UGT1A8,12
UNC79,12
UQCRFS1,12
USP13,12
UTP15,12
UTP23,12
VPS45,12
WDR49,12
XPOT,12
XRRA1,12
YARS2,12
ZC4H2,12
ZFP1,12
ZGRF1,12
ZIM3,12
ZNF155,12
ZNF225,12
ZNF26,12
ZNF283,12
ZNF302,12
ZNF304,12
ZNF337,12
ZNF391,12
ZNF397,12
ZNF530,12
ZNF532,12
ZNF577,12
ZNF607,12
ZNF614,12
ZNF644,12
ZNF684,12
ZNF705A,12
ZNF773,12
ZNF850,12
ZRANB2,12
A2M,11
ABCA13,11
ABCA9,11
ABCD2,11
ABI3BP,11
ADD3,11
ADGB,11
AGPS,11
AKR1B1,11
ALDH1L2,11
AMPD1,11
ANGPT2,11
ANKRD22,11
AP3S2,11
API5,11
APOL3,11
APPL1,11
AQP8,11
ARPP21,11
ARSG,11
ASB12,11
ASPN,11
ASZ1,11
ATP13A4,11
AVIL,11
BCL2L15,11
BMP2K,11
BNIP2,11
BTK,11
BTN3A3,11
C11orf40,11
C11orf58,11
C18orf32,11
C1orf141,11
C2orf42,11
C3orf33,11
C5orf46,11
CACNA1D,11
CAD,11
CARD6,11
CARD8,11
CCDC126,11
CCDC172,11
CCDC66,11
CCNB2,11
CCNH,11
CD48,11
CD96,11
CDC14A,11
CDC27,11
CENPN,11
CHCHD2,11
CHD2,11
CHODL,11
CLEC7A,11
CNGA1,11
CNGB3,11
CNOT2,11
COL10A1,11
COL28A1,11
COQ5,11
COX16,11
COX7A2,11
COX7B2,11
CPA2,11
CPA6,11
CR2,11
CSTA,11
CTNNB1,11
CUL4B,11
CYB5R4,11
CYSLTR2,11
DDX60L,11
DEFB103B,11
DERL1,11
DET1,11
DNAH14,11
DNAJB4,11
DNAJC6,11
DSCR8,11
DTHD1,11
DYDC2,11
DYNLRB1,11
EHHADH,11
EIF1AY,11
EIF2B5,11
ELOVL5,11
EMC4,11
ENOSF1,11
ENPP4,11
ETS1,11
EXTL2,11
F5,11
FABP12,11
FAM216B,11
FAM50B,11
FAS,11
FBXO15,11
FBXO40,11
FBXO8,11
FCRL3,11
FER1L6,11
FGF12,11
FGF14,11
FH,11
FILIP1L,11
FLG2,11
FLRT3,11
FMO2,11
FNDC7,11
FOXD4,11
GATAD1,11
GATM,11
GCM1,11
GFM1,11
GFM2,11
GIMAP2,11
GIMAP7,11
GIPC2,11
GJA1,11
GJB7,11
GLIPR1L2,11
GLRX5,11
GNG11,11
GNRHR,11
GOLGA6L9,11
GORAB,11
GORASP2,11
GP6,11
GPHB5,11
GPX8,11
GSTA5,11
HARS2,11
HBG2,11
HEATR5B,11
HNMT,11
HNRNPCL1,11
HNRNPH2,11
HPRT1,11
ICE1,11
IFIT3,11
IFIT5,11
IGSF11,11
ISY1,11
ISY1-RAB43,11
KCNH5,11
KCNK2,11
KCNV2,11
KDM4D,11
KDR,11
KHDC1,11
KIF20B,11
KIF9,11
KITLG,11
KLF5,11
KLF9,11
KLHL20,11
KLHL31,11
KLHL32,11
KLHL9,11
KLRD1,11
KLRF1,11
KRTAP13-2,11
KRTAP19-7,11
LANCL1,11
LDHB,11
LGALS8,11
LIAS,11
LIN28B,11
LIPA,11
LIPT2,11
LRRC18,11
LRRC63,11
LRRTM2,11
LSG1,11
LUZP2,11
LYPD8,11
LYRM2,11
MAGOHB,11
MAP9,11
MED7,11
METTL4,11
MGA,11
MS4A8,11
MSANTD3-TMEFF1,11
MTPN,11
MTX2,11
MUC13,11
MYCT1,11
MYH13,11
MYL12B,11
MYL4,11
MYLK4,11
MYO16,11
MYO1H,11
MYRFL,11
NBEAL1,11
NDST3,11
NDUFA5,11
NDUFB9,11
NDUFC1,11
NEK1,11
NHLRC3,11
NMBR,11
NPIPB3,11
NRAS,11
NUDT21,11
NUDT6,11
NUP205,11
OFD1,11
OR51E2,11
OR7D2,11
ORC3,11
OSGEP,11
P2RY14,11
PABPC5,11
PACRGL,11
PAK6,11
PAMR1,11
PCDHB10,11
PCDHB13,11
PCDHB3,11
PCNP,11
PDE11A,11
PEX2,11
PFKM,11
PFN2,11
PHACTR1,11
PI15,11
PID1,11
PIK3CG,11
PLCXD2,11
PLSCR5,11
PMP2,11
POM121L2,11
POSTN,11
PPFIA2,11
PPP1R3A,11
PPP1R3D,11
PRB1,11
PRDM9,11
PRH2,11
PRKAR1A,11
PRNT,11
PROKR1,11
PROSER1,11
PRPH2,11
PSMD12,11
PTRHD1,11
PTS,11
RAB40AL,11
RAD18,11
RALBP1,11
RDH16,11
RERGL,11
RFWD3,11
RGS18,11
RHOJ,11
RNF128,11
RPP38,11
RSL1D1,11
SC5D,11
SCFD1,11
SDHAF3,11
SEC22C,11
SEC61G,11
SEMA3A,11
SEMA3C,11
SERF1B,11
SERINC3,11
SERPINB13,11
SETD7,11
SFR1,11
SFRP4,11
SH3BGRL,11
SKA3,11
SLC12A1,11
SLC17A3,11
SLC25A31,11
SLC26A3,11
SLC2A12,11
SLC36A1,11
SLC39A12,11
SLC5A12,11
SLC6A14,11
SLC7A11,11
SMIM10L1,11
SNRNP27,11
SNRPD1,11
SP110,11
SPANXA1,11
SPDL1,11
SPINK9,11
SPRTN,11
SPTLC1,11
SPTLC3,11
SPTY2D1,11
SRFBP1,11
SRSF8,11
SSBP1,11
SSR3,11
STK17B,11
STOML3,11
SUMF1,11
TAAR2,11
TAF7,11
TANC1,11
TARBP1,11
TBC1D15,11
TBC1D22A,11
TCERG1,11
TDRD15,11
TECTA,11
TFAM,11
TFB1M,11
TIA1,11
TINAG,11
TM4SF20,11
TMEM165,11
TMEM184C,11
TMEM260,11
TMEM38B,11
TMEM41B,11
TNFSF15,11
TNMD,11
TOR1AIP2,11
TOR3A,11
TPH2,11
TPTE,11
TRPC4,11
TRPC6,11
TYR,11
UBQLN2,11
UCHL3,11
UPRT,11
UQCRQ,11
URAD,11
USP50,11
UTP14C,11
UTP6,11
UTY,11
VIP,11
VPS36,11
WDR89,11
WEE2,11
WFDC8,11
WRAP53,11
WTAP,11
WWTR1,11
XKR3,11
XKR9,11
YY1AP1,11
ZBTB38,11
ZBTB40,11
ZFP69B,11
ZMYND11,11
ZNF280C,11
ZNF284,11
ZNF484,11
ZNF527,11
ZNF560,11
ZNF561,11
ZNF671,11
ZP2,11
ZRANB1,11
ZSCAN16,11
ZWILCH,11
ABCA6,10
ABCA8,10
ACSBG1,10
ADH5,10
AGBL3,10
AGMO,10
ALB,10
ALPK2,10
ANKFN1,10
ANKS4B,10
AREL1,10
ARHGAP24,10
ARHGAP29,10
ARL17B,10
ARSJ,10
ASB11,10
BBOX1,10
BCL2A1,10
BDH2,10
BIRC2,10
C1QTNF2,10
C1QTNF3-AMACR,10
C2orf80,10
C4orf33,10
C5orf34,10
CAST,10
CCDC30,10
CCDC39,10
CCDC91,10
CCL23,10
CCT4,10
CDH12,10
CEP290,10
CEP295,10
CETN3,10
CFAP52,10
CFH,10
CHAC2,10
CHRM2,10
CLCA4,10
CLDN10,10
CLN5,10
CNIH4,10
CNTN6,10
COMMD3-BMI1,10
CPB2,10
CRISPLD1,10
CRYBA4,10
CSTF2T,10
CTNNA2,10
CTXN3,10
CXCL6,10
DGKB,10
DNAH6,10
DOCK8,10
DRD3,10
DSG1,10
DSG4,10
DYNC2LI1,10
ECM2,10
EFCAB3,10
EGF,10
EIF2A,10
ELAVL2,10
EPS8,10
EQTN,10
F2RL2,10
FAM133A,10
FAM184A,10
FBXL17,10
FGL2,10
FKBP3,10
FKTN,10
FOLH1,10
FOXJ2,10
FREM1,10
FUT8,10
G2E3,10
GABRA1,10
GABRR3,10
GALNT11,10
GALNT3,10
GBP3,10
GBP4,10
GCNT4,10
GIMAP4,10
GLO1,10
GMNC,10
GPR34,10
GPR87,10
GRIK1,10
GUCY2F,10
GYPA,10
HAVCR1,10
HBS1L,10
HCRTR2,10
HORMAD1,10
HPGDS,10
HSF2BP,10
IFNAR1,10
IL13RA2,10
IL26,10
IL7R,10
IQCF3,10
ITGB1,10
JCHAIN,10
KCNG3,10
KRT24,10
KXD1,10
LAMP5,10
LAMTOR3,10
LCP1,10
LMO3,10
LMOD2,10
LPO,10
LRIF1,10
LRP1B,10
LRRC69,10
MAP3K19,10
MBTPS2,10
MCMDC2,10
MDH1B,10
METAP1D,10
MLH3,10
MMP1,10
MMP7,10
MPEG1,10
MRGPRX4,10
MS4A14,10
MS4A4E,10
MYEF2,10
MYOT,10
MYOZ2,10
NAALADL2,10
NAF1,10
NAT1,10
NAT2,10
NDP,10
NDUFB6,10
NEDD4,10
NOBOX,10
NOX1,10
NOXRED1,10
NPSR1,10
NRG4,10
NSRP1,10
NXT2,10
OLR1,10
OR13A1,10
OR4C3,10
OR7A5,10
OR8S1,10
ORC1,10
OSBPL9,10
OXA1L,10
P2RY13,10
PALLD,10
PARPBP,10
PCDHB1,10
PCDHB2,10
PCSK2,10
PDE4D,10
PGBD1,10
PLCZ1,10
PLK4,10
PNO1,10
POLG2,10
POLR1C,10
PRG4,10
PROS1,10
PTH2R,10
PTP4A1,10
PTPRQ,10
QRFPR,10
RAB18,10
RBM48,10
RBP2,10
RDH11,10
REG1A,10
RFESD,10
RND3,10
RNF141,10
RNF144B,10
RNF185,10
ROPN1L,10
RORB,10
RPF1,10
RPP30,10
SAAL1,10
SAMD9L,10
SASH1,10
SCN2A,10
SEC16B,10
SERP1,10
SERPINB5,10
SKP2,10
SLC25A32,10
SLC38A9,10
SLU7,10
SMC2,10
SMCO1,10
SMIM23,10
SNRPN,10
SPINK5,10
SPINT4,10
SPP2,10
SPX,10
SRD5A2,10
SSX3,10
ST8SIA4,10
STEAP1B,10
STEAP2,10
SYNPO2,10
TAS2R1,10
TERF1,10
TFAP2B,10
TGFB2,10
THEMIS,10
THG1L,10
TIMM21,10
TIMM9,10
TMEM230,10
TMEM232,10
TMEM243,10
TMEM52B,10
TMPRSS7,10
TNFSF13B,10
TNFSF18,10
TNPO1,10
TPH1,10
TPP2,10
TRIM49B,10
TRIM68,10
TRPC7,10
TSGA10,10
TTC1,10
TTC14,10
TUBE1,10
UBAP1L,10
UGT2B4,10
USP40,10
VPS13B,10
VSNL1,10
WFDC11,10
WNT16,10
WSCD1,10
XCL1,10
XRCC4,10
XRN1,10
ZBED5,10
ZDHHC7,10
ZNF121,10
ZNF217,10
ZNF266,10
ZNF445,10
ZNF45,10
ZNF474,10
ZNF624,10
ZNF780B,10
ZNF800,10
ZNF804B,10
A1CF,9
ABT1,9
ACMSD,9
ADAM7,9
ADGRL4,9
ADH1C,9
AGR3,9
APOH,9
AQP9,9
ARSK,9
ATF6,9
ATXN7L3B,9
BANK1,9
BLID,9
BMX,9
BRMS1L,9
BTAF1,9
C10orf53,9
C2orf49,9
C2orf66,9
C2orf74,9
C6orf58,9
CA1,9
CAPN3,9
CAPS2,9
CARD16,9
CD36,9
CD5L,9
CDH19,9
CDH9,9
CENPW,9
CEP192,9
CGA,9
CHMP4C,9
CHRM5,9
CLIC2,9
COL3A1,9
COX17,9
CP,9
CPA3,9
CPN1,9
CRIP3,9
CRISP1,9
CRYGS,9
CSF2RA,9
CSRP3,9
CTSS,9
CWC22,9
CYP7A1,9
DCN,9
DCX,9
DDX27,9
DHX32,9
DIO2,9
DNAH8,9
DNAJC24,9
DPY19L1,9
DPY30,9
DPYS,9
DRC7,9
DYTN,9
EDNRA,9
EFCAB5,9
EID1,9
ELAC2,9
ELMOD3,9
EPGN,9
EPHA7,9
FAAH2,9
FABP4,9
FAM124B,9
FCRL2,9
FCRL4,9
FGF20,9
FILIP1,9
FXR1,9
GBP7,9
GC,9
GINS3,9
GLA,9
GNAI1,9
GNB4,9
GOLPH3L,9
GPX6,9
GRXCR1,9
GYPB,9
HFE,9
HSPH1,9
ICOS,9
IDI1,9
IFIT1,9
IMMP1L,9
IMPG2,9
INTS4,9
IRAK1BP1,9
ITGB6,9
JADE1,9
JAKMIP2,9
JAML,9
KCNJ16,9
KLRB1,9
KRT10,9
KRT27,9
LACTB2,9
LMNTD1,9
LPAR4,9
LRRC58,9
LRRC66,9
LRRIQ1,9
LRRTM3,9
LSM8,9
LXN,9
MAGT1,9
MCTS1,9
MEI4,9
MID1,9
MMP12,9
MMP20,9
MNDA,9
MOBP,9
MOCS3,9
MPHOSPH10,9
MSS51,9
MUC7,9
MYH15,9
MYH8,9
MYL1,9
NAP1L3,9
NBPF6,9
NMS,9
NTS,9
OR2A14,9
OR5H15,9
PAK2,9
PCDH20,9
PCDHB16,9
PDE6H,9
PEX5L,9
PGBD4,9
PIGM,9
PIGN,9
PLCL2,9
PLET1,9
PPBP,9
PRKD1,9
PRMT9,9
PRPF38A,9
PRR27,9
PSMC2,9
PXDNL,9
RAB11A,9
RABIF,9
RAP1A,9
RARB,9
RNLS,9
RPA3,9
RSL24D1,9
RWDD1,9
RXFP1,9
SAMSN1,9
SCGB3A2,9
SETDB2,9
SH2D1B,9
SLC10A5,9
SLC14A1,9
SLC22A24,9
SLC26A7,9
SLC39A8,9
SLC4A10,9
SLC9A9,9
SMCO3,9
SORBS2,9
SPATA17,9
SPATA9,9
SSTR1,9
ST8SIA1,9
STMND1,9
STX7,9
SUPT7L,9
SUPV3L1,9
SYTL3,9
TAF1A,9
TANK,9
TBC1D19,9
TBC1D28,9
TBC1D31,9
TBX22,9
THAP6,9
TIAM2,9
TIMD4,9
TLK1,9
TMED9,9
TMEM126A,9
TMEM212,9
TMPRSS11A,9
TMPRSS11D,9
TMX3,9
TNC,9
TNIP3,9
TRIM4,9
TTC32,9
TTC8,9
TUBA1A,9
TYRP1,9
UFM1,9
UGT2B7,9
UPK1B,9
VCPKMT,9
VNN2,9
VPS50,9
WDR33,9
WDR41,9
WDR5B,9
XPNPEP3,9
ZC3H12B,9
ZC3H13,9
ZNF175,9
ZNF404,9
ZNF658,9
ZSWIM2,9
ABCB1,8
ABCB5,8
ABHD10,8
ACKR4,8
ADAMDEC1,8
ADGRF4,8
ADGRL2,8
ADH4,8
AEBP2,8
AFM,8
AKR1C1,8
ALG5,8
ANK2,8
ANKRD18B,8
ANKRD55,8
ANXA13,8
ARHGEF33,8
ARRDC3,8
ASPA,8
ATOH7,8
ATP10B,8
B3GALT2,8
BBS9,8
BLZF1,8
BTLA,8
C14orf39,8
C1orf105,8
C7,8
CALCRL,8
CARD18,8
CD163,8
CD163L1,8
CENPC,8
CLEC2B,8
CLEC6A,8
CMC2,8
COA6,8
COLEC10,8
CPE,8
CRB1,8
CRISP3,8
CSRNP3,8
CTAGE9,8
CWC27,8
CXCL10,8
CYTIP,8
DAPL1,8
DEPDC1,8
DNAJB7,8
DUSP19,8
FAM13C,8
FAM209A,8
FBXL7,8
FBXO4,8
FCER1A,8
FMO1,8
FNTA,8
GAPT,8
GCFC2,8
GNAT3,8
GOLGA8A,8
GPR149,8
GPR171,8
GPR65,8
GPR82,8
GPRC6A,8
GRPR,8
GTPBP10,8
GYPE,8
HBB,8
HRNR,8
HSPB3,8
HTR3B,8
IFNA4,8
IL18R1,8
IL20RB,8
IMPG1,8
KIR3DX1,8
KLRF2,8
KRT39,8
LECT2,8
LGSN,8
LIPJ,8
LRRC39,8
LRRD1,8
LRRTM4,8
LSMEM1,8
MANBA,8
MBIP,8
MMP13,8
MNAT1,8
MPP4,8
MRAP,8
MROH2B,8
MS4A2,8
MS4A5,8
MSR1,8
MYH1,8
MYH4,8
NAA11,8
NAALAD2,8
NAT10,8
NCOA7,8
NFIA,8
NFKBIZ,8
NPFFR2,8
NREP,8
NUDCD3,8
OMD,8
OPN3,8
OR52A1,8
OR5V1,8
OVCH2,8
P2RY12,8
PCDHB15,8
PIK3C2G,8
PLCB1,8
PLSCR2,8
POF1B,8
PRCP,8
PRIM2,8
PSMA8,8
PTPN22,8
PUS3,8
RAB27B,8
RAB40A,8
RALYL,8
RB1,8
RGS21,8
RGS5,8
RIT2,8
RRH,8
RXRG,8
SCLT1,8
SELL,8
SETD4,8
SLC15A2,8
SLC25A21,8
SLC30A8,8
SLC30A9,8
SLC39A10,8
SLC4A4,8
SOX6,8
SRBD1,8
SSX2,8
SSX2B,8
STARD4,8
SUN3,8
TCN1,8
TFEC,8
TMEM182,8
TMEM19,8
TMEM237,8
TMEM244,8
TMPRSS15,8
TRDN,8
TRIM42,8
TRIM9,8
TTN,8
USH2A,8
UTP20,8
VCAM1,8
VRK2,8
ZFP69,8
ZMPSTE24,8
AHR,7
ALG10,7
AMELX,7
ARHGDIB,7
ATG4C,7
ATP6V0D2,7
BAZ1A,7
BCHE,7
C4orf17,7
CA3,7
CASP5,7
CAT,7
CC2D2A,7
CCDC102B,7
CD86,7
CFAP70,7
CHRNA7,7
CLEC1B,7
COA1,7
CREB5,7
CRNKL1,7
DCAF8L2,7
DGUOK,7
DNASE2B,7
ENAM,7
FAM229B,7
FGF7,7
FKBP1C,7
GLRA3,7
GNPDA2,7
GREM2,7
HEPACAM2,7
HHLA1,7
HSD17B13,7
HSFY2,7
IAPP,7
INTU,7
KCNJ13,7
KLHL41,7
LIPI,7
LIPN,7
LIX1,7
LMO7DN,7
LPA,7
LSM6,7
LYZL2,7
MANEA,7
MED4,7
MEIOC,7
MRLN,7
MS4A13,7
MUSK,7
MYPN,7
MYT1L,7
NSUN6,7
NUP37,7
OCIAD1,7
OR2L13,7
OSTN,7
PCDHB12,7
PCDHB5,7
PIK3C3,7
PLA2G5,7
PLAC8,7
PLPPR5,7
PLRG1,7
PNLIPRP3,7
PTH,7
RABGGTB,7
RANBP3L,7
RCHY1,7
RHAG,7
ROBO1,7
ROS1,7
RPF2,7
SLC16A9,7
SLC17A6,7
SOSTDC1,7
SPATA16,7
SPCS3,7
SPDYA,7
TECTB,7
TEX101,7
TLR3,7
TMEM207,7
TMPRSS11F,7
TMTC3,7
TNNI3K,7
TRAM1L1,7
TSPAN19,7
TUSC3,7
UGT2A1,7
VIT,7
VWC2L,7
WDHD1,7
WDR72,7
XIRP2,7
ZBBX,7
ABCA10,6
ADAM29,6
AGR2,6
ALG10B,6
AMBN,6
AMY2B,6
ANGPTL1,6
ANKRA2,6
ANXA10,6
APELA,6
ASB4,6
ATP8B4,6
C1GALT1,6
CBLN2,6
CLEC12B,6
CLRN3,6
DLC1,6
DPH6,6
DSG3,6
ESM1,6
ESR1,6
F9,6
GLIPR1,6
GLIPR1L1,6
GLYAT,6
GRIK2,6
GZMK,6
HSPA2,6
HTR2A,6
KIFAP3,6
KLB,6
LRRC4C,6
LRRIQ3,6
LUM,6
MAGEB10,6
MGAM,6
MKRN3,6
MRGPRX2,6
MYBPC1,6
NFIB,6
NME7,6
NOX4,6
OGN,6
PCDHB4,6
PCDHB6,6
PLN,6
POLI,6
PRR32,6
PSKH2,6
PTPRC,6
PYHIN1,6
RGS1,6
RUNX2,6
S100G,6
SCN1A,6
SECISBP2,6
SHROOM3,6
SI,6
SLC30A10,6
SLITRK6,6
SMIM18,6
SPARCL1,6
SPINK13,6
SPINK6,6
SPTA1,6
STRADB,6
SULT1E1,6
TCF4,6
TECRL,6
THSD1,6
TRIM77,6
TTC39C,6
UNC13C,6
ZSCAN5A,6
ABCG2,5
ADH7,5
AFP,5
AKR1E2,5
AMTN,5
BMP5,5
CAPSL,5
CFHR3,5
CWF19L2,5
DPP10,5
EFCAB7,5
ELF1,5
EVI2A,5
EVI2B,5
FABP9,5
FBXL3,5
FGL1,5
FPGT-TNNI3K,5
GABRG2,5
GANC,5
GBP2,5
GLYATL3,5
GNRH1,5
HRH4,5
IL15,5
IL31RA,5
KDM5D,5
KRT26,5
KRT40,5
LRRN3,5
MEP1A,5
MLIP,5
MYH2,5
OLFM3,5
OMG,5
OSTC,5
PCDHB14,5
PTPRB,5
RAD51AP2,5
SCEL,5
SCN3A,5
SERPINB11,5
SERPINI2,5
SLC8A1,5
SLCO1B1,5
STX19,5
TBC1D32,5
TMPRSS11B,5
TNFRSF19,5
TRAT1,5
TTC5,5
WDR37,5
ZC3HAV1,5
ZNF571,5
ANO3,4
ANO5,4
CDH18,4
COPS5,4
CPO,4
DMD,4
GOPC,4
IFI44L,4
LRIT3,4
MEF2C,4
MMRN1,4
MPZL3,4
NAP1L2,4
NDST4,4
PDE1A,4
POU1F1,4
RAD1,4
RGS13,4
SULF1,4
ANXA1,3
CYLC1,3
DIRC1,3
FAP,3
HYAL4,3
KRR1,3
LACC1,3
NXPE2,3
RGPD2,3
RXFP2,3
SGCE,3
SLC44A5,3
TDO2,3
UGT2B11,3
UGT2B28,3
ASB5,2
GFRAL,2
KRT12,2
MGAT4C,2
SP3,2
CLEC12A,1
