"","HGNC_gene_name","expression_value","ensembl_gene_id","seqnames","motif_id","annotation","geneId","transcriptId","ENSEMBL","SYMBOL","pvalue","qvalue","distanceToTSS","n_motifs"
"1","PERM1",0.259792370587408,"ENSG00000187642","chr1","MA0065.1","Promoter (<=1kb)",84808,"ENST00000479361.1","ENSG00000187642","PERM1",4.55e-05,0.667,549,39
"2","AURKAIP1",0.258101849032865,"ENSG00000175756","chr1","MA0065.1","Promoter (1-2kb)",54998,"ENST00000338338.10","ENSG00000175756","AURKAIP1",1.2e-05,0.623,-1294,33
"3","CCNL2",0.211258320211002,"ENSG00000221978","chr1","MA0065.1","Promoter (<=1kb)",81669,"ENST00000482365.5","ENSG00000221978","CCNL2",8.32e-06,0.586,-222,29
"4","MMP23B",0.353335608762093,"ENSG00000189409","chr1","MA0065.1","Promoter (<=1kb)",8510,"ENST00000490017.1","ENSG00000189409","MMP23B",1.5e-06,0.563,873,38
"5","GNB1",0.406644020002794,"ENSG00000078369","chr1","MA0065.1","Promoter (<=1kb)",2782,"ENST00000703704.1","ENSG00000078369","GNB1",2.26e-06,0.563,-642,36
"6","PRDM16",0.578647233674265,"ENSG00000142611","chr1","MA0065.1","Promoter (1-2kb)",63976,"ENST00000512462.5","ENSG00000142611","PRDM16",1.98e-06,0.563,-1042,38
"7","RNF207",0.369911265248151,"ENSG00000158286","chr1","MA0065.1","Promoter (<=1kb)",388591,"ENST00000485539.5","ENSG00000158286","RNF207",4.06e-05,0.662,-610,27
"8","DNAJC11",0.349705333004319,"ENSG00000007923","chr1","MA0065.1","Promoter (<=1kb)",55735,"ENST00000689169.1","ENSG00000007923","DNAJC11",1.55e-06,0.563,525,30
"9","CAMTA1",0.613880593446543,"ENSG00000171735","chr1","MA0065.1","Promoter (<=1kb)",23261,"ENST00000700419.1","ENSG00000171735","CAMTA1",4.19e-08,0.365,-299,42
"10","PER3",0.246754110856386,"ENSG00000049246","chr1","MA0065.1","Promoter (<=1kb)",8863,"ENST00000377541.5","ENSG00000049246","PER3",2.02e-05,0.633,31,10
"11","PARK7",0.265255778247741,"ENSG00000116288","chr1","MA0066.1","Promoter (1-2kb)",11315,"ENST00000493373.5","ENSG00000116288","PARK7",1.87e-05,0.647,-1194,30
"12","RERE",1.35638423802425,"ENSG00000142599","chr1","MA0065.1","Promoter (2-3kb)",473,"ENST00000400908.7","ENSG00000142599","RERE",5.57e-06,0.572,-2715,32
"13","CTNNBIP1",0.391172111300651,"ENSG00000178585","chr1","MA0065.1","Promoter (1-2kb)",56998,"ENST00000377256.1","ENSG00000178585","CTNNBIP1",3.87e-06,0.572,-1670,40
"14","NMNAT1",0.259330021042153,"ENSG00000173614","chr1","MA0065.1","Promoter (2-3kb)",64802,"ENST00000496751.1","ENSG00000173614","NMNAT1",9.59e-05,0.686,-2657,31
"15","UBE4B",0.892725707245993,"ENSG00000130939","chr1","MA0065.1","Promoter (<=1kb)",10277,"ENST00000377153.5","ENSG00000130939","UBE4B",2.71e-05,0.648,521,9
"16","KIF1B",0.897117676319809,"ENSG00000054523","chr1","MA0065.1","Promoter (<=1kb)",23095,"ENST00000495136.1","ENSG00000054523","KIF1B",1.13e-07,0.456,511,38
"17","PEX14",0.367620727140592,"ENSG00000142655","chr1","MA0065.1","Promoter (<=1kb)",5195,"ENST00000491661.2","ENSG00000142655","PEX14",5.26e-05,0.668,148,28
"18","CASZ1",0.718019965728801,"ENSG00000130940","chr1","MA0065.1","Promoter (2-3kb)",54897,"ENST00000490176.1","ENSG00000130940","CASZ1",9.6e-06,0.601,-2275,41
"19","MTOR",0.26482522090111,"ENSG00000198793","chr1","MA0065.1","Promoter (1-2kb)",2475,"ENST00000703144.1","ENSG00000198793","MTOR",2.2e-05,0.636,-1975,37
"20","MTHFR",0.289907185935489,"ENSG00000177000","chr1","MA0065.1","Promoter (2-3kb)",4524,"ENST00000641820.1","ENSG00000177000","MTHFR",2.83e-05,0.65,-2135,19
"21","NPPA",0.36740607062249,"ENSG00000175206","chr1","MA0065.1","Promoter (2-3kb)",4878,"ENST00000376476.1","ENSG00000175206","NPPA",8.77e-07,0.563,-2279,34
"22","NPPB",0.665341213980213,"ENSG00000120937","chr1","MA0065.1","Promoter (<=1kb)",4879,"ENST00000376468.4","ENSG00000120937","NPPB",1.53e-05,0.623,-34,39
"23","MFN2",0.657394513720018,"ENSG00000116688","chr1","MA0065.1","Promoter (<=1kb)",9927,"ENST00000675483.1","ENSG00000116688","MFN2",2.99e-06,0.572,353,42
"24","VPS13D",1.37080898298906,"ENSG00000048707","chr1","MA0065.1","Promoter (<=1kb)",55187,"ENST00000613099.4","ENSG00000048707","VPS13D",6.35e-07,0.563,720,36
"25","DHRS3",0.220675104129545,"ENSG00000162496","chr1","MA0065.1","Promoter (1-2kb)",9249,"ENST00000714543.1","ENSG00000162496","DHRS3",1.46e-05,0.623,-1898,41
"26","PRDM2",0.418046584743337,"ENSG00000116731","chr1","MA0065.1","Promoter (<=1kb)",7799,"ENST00000311066.10","ENSG00000116731","PRDM2",1.98e-06,0.563,-74,42
"27","DDI2",0.256439478468454,"ENSG00000197312","chr1","MA0065.1","Promoter (<=1kb)",84301,"ENST00000546927.1","ENSG00000197312","DDI2",2.42e-06,0.569,115,33
"28","PLEKHM2",0.321855625874927,"ENSG00000116786","chr1","MA0065.1","Promoter (<=1kb)",23207,"ENST00000477849.1","ENSG00000116786","PLEKHM2",3.95e-06,0.572,-222,41
"29","FBLIM1",0.315626975573845,"ENSG00000162458","chr1","MA0065.1","Promoter (<=1kb)",54751,"ENST00000496928.6","ENSG00000162458","FBLIM1",1.14e-06,0.563,-621,42
"30","UQCRHL",0.395768087618123,"ENSG00000233954","chr1","MA0066.1","Promoter (<=1kb)",440567,"ENST00000483273.2","ENSG00000233954","UQCRHL",1.05e-05,0.614,457,34
"31","SPEN",0.229918082773921,"ENSG00000065526","chr1","MA0065.1","Promoter (2-3kb)",23013,"ENST00000487496.1","ENSG00000065526","SPEN",1.74e-05,0.623,-2505,42
"32","HSPB7",1.58555649550051,"ENSG00000173641","chr1","MA0065.1","Promoter (1-2kb)",27129,"ENST00000375718.4","ENSG00000173641","HSPB7",7.97e-06,0.582,-1121,28
"33","FBXO42",0.540248137290181,"ENSG00000037637","chr1","MA0065.1","Promoter (2-3kb)",54455,"ENST00000478089.1","ENSG00000037637","FBXO42",5.01e-05,0.667,-2833,19
"34","SDHB",0.462382972525282,"ENSG00000117118","chr1","MA0065.1","Promoter (1-2kb)",6390,"ENST00000475049.5","ENSG00000117118","SDHB",2.36e-05,0.638,-1823,28
"35","ARHGEF10L",0.519172149990741,"ENSG00000074964","chr1","MA0065.1","Promoter (1-2kb)",55160,"ENST00000167825.5","ENSG00000074964","ARHGEF10L",2.79e-06,0.572,-1247,37
"36","UBR4",0.330698774376357,"ENSG00000127481","chr1","MA0065.1","Promoter (1-2kb)",23352,"ENST00000419533.1","ENSG00000127481","UBR4",4.2e-06,0.572,-1418,18
"37","CAPZB",0.597705355806111,"ENSG00000077549","chr1","MA0065.1","Promoter (1-2kb)",832,"ENST00000457768.6","ENSG00000077549","CAPZB",3.62e-05,0.662,-1440,24
"38","PLA2G5",0.214889325057546,"ENSG00000127472","chr1","MA0066.1","Promoter (<=1kb)",5322,"ENST00000478803.1","ENSG00000127472","PLA2G5",1.58e-05,0.641,663,5
"39","PINK1",0.252048120438223,"ENSG00000158828","chr1","MA0065.1","Promoter (<=1kb)",65018,"ENST00000321556.5","ENSG00000158828","PINK1",1.1e-06,0.563,-713,39
"40","HP1BP3",0.462739843397608,"ENSG00000127483","chr1","MA0065.1","Promoter (<=1kb)",50809,"ENST00000491748.1","ENSG00000127483","HP1BP3",1.08e-05,0.614,-384,41
"41","EIF4G3",0.774227731693021,"ENSG00000075151","chr1","MA0065.1","Promoter (<=1kb)",8672,"ENST00000476088.1","ENSG00000075151","EIF4G3",8.43e-06,0.586,-608,26
"42","ECE1",0.250270481642631,"ENSG00000117298","chr1","MA0065.1","Promoter (<=1kb)",1889,"ENST00000528294.1","ENSG00000117298","ECE1",6.66e-06,0.572,-506,40
"43","USP48",0.30124541352401,"ENSG00000090686","chr1","MA0065.1","Promoter (<=1kb)",84196,"ENST00000464577.1","ENSG00000090686","USP48",3.65e-06,0.572,-467,28
"44","HSPG2",0.727840417769652,"ENSG00000142798","chr1","MA0065.1","Promoter (<=1kb)",3339,"ENST00000374676.4","ENSG00000142798","HSPG2",1.89e-06,0.563,-109,40
"45","CDC42",0.394194902085525,"ENSG00000070831","chr1","MA0065.1","Promoter (1-2kb)",998,"ENST00000695800.1","ENSG00000070831","CDC42",2.92e-05,0.652,-1526,33
"46","LUZP1",0.36834652212586,"ENSG00000169641","chr1","MA0065.1","Promoter (1-2kb)",7798,"ENST00000302291.9","ENSG00000169641","LUZP1",3.24e-05,0.657,-1200,38
"47","ASAP3",0.231281473758982,"ENSG00000088280","chr1","MA0065.1","Promoter (<=1kb)",55616,"ENST00000711427.1","ENSG00000088280","ASAP3",5.43e-06,0.572,-428,33
"48","SRSF10",0.418925814530271,"ENSG00000188529","chr1","MA0065.1","Promoter (<=1kb)",10772,"ENST00000338597.9","ENSG00000188529","SRSF10",5.16e-05,0.667,-35,27
"49","MYOM3",1.20898024953628,"ENSG00000142661","chr1","MA0065.1","Promoter (<=1kb)",127294,"ENST00000475306.1","ENSG00000142661","MYOM3",3.22e-07,0.555,516,33
"50","SRRM1",0.226497856360227,"ENSG00000133226","chr1","MA0065.1","Promoter (<=1kb)",10250,"ENST00000496882.5","ENSG00000133226","SRRM1",2.18e-06,0.563,786,10
"51","CLIC4",1.01036920236397,"ENSG00000169504","chr1","MA0066.1","Promoter (<=1kb)",25932,"ENST00000374379.9","ENSG00000169504","CLIC4",1.43e-05,0.634,160,7
"52","RSRP1",0.659991716988092,"ENSG00000117616","chr1","MA0065.1","Promoter (<=1kb)",57035,"ENST00000475766.2","ENSG00000117616","RSRP1",8.73e-07,0.563,-258,28
"53","MAN1C1",0.2459473005209,"ENSG00000117643","chr1","MA0065.1","Promoter (<=1kb)",57134,"ENST00000487493.1","ENSG00000117643","MAN1C1",1.1e-05,0.616,523,36
"54","TRIM63",0.673178346314847,"ENSG00000158022","chr1","MA0065.1","Promoter (2-3kb)",84676,"ENST00000483052.1","ENSG00000158022","TRIM63",6.43e-05,0.678,-2995,38
"55","CEP85",0.258473437243085,"ENSG00000130695","chr1","MA0065.1","Promoter (<=1kb)",64793,"ENST00000469609.5","ENSG00000130695","CEP85",3.9e-06,0.572,-794,32
"56","ARID1A",0.472543971858796,"ENSG00000117713","chr1","MA0065.1","Promoter (<=1kb)",8289,"ENST00000532781.1","ENSG00000117713","ARID1A",2.86e-05,0.65,834,38
"57","WDTC1",0.24956844386999,"ENSG00000142784","chr1","MA0065.1","Promoter (<=1kb)",23038,"ENST00000472249.2","ENSG00000142784","WDTC1",2.07e-05,0.634,-37,40
"58","WASF2",0.404610980028871,"ENSG00000158195","chr1","MA0065.1","Promoter (2-3kb)",10163,"ENST00000618852.5","ENSG00000158195","WASF2",5.47e-06,0.572,-2888,41
"59","AHDC1",0.237305421647673,"ENSG00000126705","chr1","MA0065.1","Promoter (1-2kb)",27245,"ENST00000644550.1","ENSG00000126705","AHDC1",4.19e-08,0.365,-1744,34
"60","STX12",0.237301678270405,"ENSG00000117758","chr1","MA0066.1","Promoter (<=1kb)",23673,"ENST00000468761.1","ENSG00000117758","STX12",6.97e-05,0.69,366,10
"61","EYA3",0.496076038027166,"ENSG00000158161","chr1","MA0065.1","Promoter (1-2kb)",2140,"ENST00000373864.5","ENSG00000158161","EYA3",2.28e-05,0.637,-1209,36
"62","PHACTR4",0.668695513570034,"ENSG00000204138","chr1","MA0065.1","Promoter (<=1kb)",65979,"ENST00000463428.5","ENSG00000204138","PHACTR4",9.6e-06,0.601,0,2
"63","EPB41",0.707835576779724,"ENSG00000159023","chr1","MA0065.1","Promoter (<=1kb)",2035,"ENST00000347529.7","ENSG00000159023","EPB41",1.04e-05,0.61,145,24
"64","SRSF4",0.489078885022107,"ENSG00000116350","chr1","MA0065.1","Promoter (<=1kb)",6429,"ENST00000373795.7","ENSG00000116350","SRSF4",2.3e-05,0.637,-301,40
"65","PUM1",0.593439937021785,"ENSG00000134644","chr1","MA0065.1","Promoter (2-3kb)",9698,"ENST00000498627.1","ENSG00000134644","PUM1",2.56e-06,0.572,-2072,30
"66","FABP3",1.13507056286423,"ENSG00000121769","chr1","MA0065.1","Promoter (<=1kb)",2170,"ENST00000373713.7","ENSG00000121769","FABP3",3.79e-05,0.662,-685,18
"67","TINAGL1",0.306697352633961,"ENSG00000142910","chr1","MA0065.1","Promoter (<=1kb)",64129,"ENST00000498429.5","ENSG00000142910","TINAGL1",2.88e-05,0.651,4,22
"68","KHDRBS1",0.282317448239452,"ENSG00000121774","chr1","MA0066.1","Promoter (1-2kb)",10657,"ENST00000327300.12","ENSG00000121774","KHDRBS1",3.64e-05,0.653,-1015,39
"69","KPNA6",0.391319699001837,"ENSG00000025800","chr1","MA0065.1","Promoter (2-3kb)",23633,"ENST00000446515.1","ENSG00000025800","KPNA6",3.1e-05,0.654,-2347,37
"70","ZBTB8OS",0.27107504311134,"ENSG00000176261","chr1","MA0065.1","Promoter (1-2kb)",339487,"ENST00000473383.1","ENSG00000176261","ZBTB8OS",1.12e-05,0.618,-1410,37
"71","RBBP4",0.239440709693056,"ENSG00000162521","chr1","MA0066.1","Promoter (<=1kb)",5928,"ENST00000475321.5","ENSG00000162521","RBBP4",6.55e-05,0.687,-582,22
"72","PHC2",0.635720325344792,"ENSG00000134686","chr1","MA0065.1","Promoter (<=1kb)",1912,"ENST00000257118.5","ENSG00000134686","PHC2",1.97e-05,0.631,-947,31
"73","SFPQ",0.266423190201045,"ENSG00000116560","chr1","MA0065.1","Promoter (<=1kb)",6421,"ENST00000466213.5","ENSG00000116560","SFPQ",1.36e-05,0.623,-16,15
"74","ZMYM4",0.640698025950072,"ENSG00000146463","chr1","MA0065.1","Promoter (<=1kb)",9202,"ENST00000482131.1","ENSG00000146463","ZMYM4",4.21e-05,0.665,168,7
"75","KIAA0319L",0.652367152909888,"ENSG00000142687","chr1","MA0065.1","Promoter (<=1kb)",79932,"ENST00000697004.1","ENSG00000142687","KIAA0319L",1.01e-05,0.607,319,30
"76","AGO4",0.452302027133803,"ENSG00000134698","chr1","MA0065.1","Promoter (<=1kb)",192670,"ENST00000373210.4","ENSG00000134698","AGO4",6.57e-06,0.572,928,38
"77","AGO3",0.525881298299691,"ENSG00000126070","chr1","MA0066.1","Promoter (2-3kb)",192669,"ENST00000491443.2","ENSG00000126070","AGO3",1.63e-05,0.642,-2750,28
"78","MAP7D1",0.315413791970357,"ENSG00000116871","chr1","MA0065.1","Promoter (<=1kb)",55700,"ENST00000462118.1","ENSG00000116871","MAP7D1",6.69e-06,0.572,-954,41
"79","THRAP3",0.665582491408855,"ENSG00000054118","chr1","MA0065.1","Promoter (2-3kb)",9967,"ENST00000466743.1","ENSG00000054118","THRAP3",1.05e-05,0.611,-2341,41
"80","INPP5B",0.267964109824845,"ENSG00000204084","chr1","MA0065.1","Promoter (<=1kb)",3633,"ENST00000491406.2","ENSG00000204084","INPP5B",6.46e-06,0.572,221,20
"81","RHBDL2",0.206646863522065,"ENSG00000158315","chr1","MA0065.1","Promoter (1-2kb)",54933,"ENST00000372990.6","ENSG00000158315","RHBDL2",5.5e-05,0.67,-1708,30
"82","AKIRIN1",0.217086066525765,"ENSG00000174574","chr1","MA0065.1","Promoter (2-3kb)",79647,"ENST00000432648.8","ENSG00000174574","AKIRIN1",6.55e-05,0.68,-2430,28
"83","NDUFS5",0.475560682759373,"ENSG00000168653","chr1","MA0065.1","Promoter (<=1kb)",4725,"ENST00000372967.3","ENSG00000168653","NDUFS5",9.95e-06,0.606,-660,41
"84","MACF1",1.39253572260494,"ENSG00000127603","chr1","MA0065.1","Promoter (1-2kb)",23499,"ENST00000688822.1","ENSG00000127603","MACF1",1.01e-06,0.563,-1155,38
"85","TRIT1",0.206393087917075,"ENSG00000043514","chr1","MA0065.1","Promoter (2-3kb)",54802,"ENST00000465417.5","ENSG00000043514","TRIT1",3.37e-05,0.66,-2457,30
"86","RLF",0.41437468842932,"ENSG00000117000","chr1","MA0065.1","Promoter (<=1kb)",6018,"ENST00000372771.5","ENSG00000117000","RLF",1.41e-05,0.623,-261,39
"87","NFYC",0.504385077789869,"ENSG00000066136","chr1","MA0065.1","Promoter (<=1kb)",4802,"ENST00000440226.7","ENSG00000066136","NFYC",6.33e-06,0.572,377,29
"88","SCMH1",0.822974055262432,"ENSG00000010803","chr1","MA0065.1","Promoter (<=1kb)",22955,"ENST00000498793.5","ENSG00000010803","SCMH1",5.34e-06,0.572,340,32
"89","HIVEP3",0.750849671499313,"ENSG00000127124","chr1","MA0065.1","Promoter (2-3kb)",59269,"ENST00000646142.1","ENSG00000127124","HIVEP3",9.53e-06,0.601,-2685,34
"90","FOXJ3",0.650891638553839,"ENSG00000198815","chr1","MA0065.1","Promoter (<=1kb)",22887,"ENST00000454417.1","ENSG00000198815","FOXJ3",1.94e-05,0.63,-544,42
"91","YBX1",0.280299806456147,"ENSG00000065978","chr1","MA1148.1","Promoter (<=1kb)",4904,"ENST00000436427.1","ENSG00000065978","YBX1",9.33e-05,0.586,-251,9
"92","ST3GAL3",0.464578322869637,"ENSG00000126091","chr1","MA0065.1","Promoter (<=1kb)",6487,"ENST00000643989.1","ENSG00000126091","ST3GAL3",9.7e-08,0.444,-121,42
"93","EIF2B3",0.45737209254185,"ENSG00000070785","chr1","MA0065.1","Promoter (2-3kb)",8891,"ENST00000620860.4","ENSG00000070785","EIF2B3",5.48e-05,0.67,-2872,40
"94","PRDX1",0.307960022828348,"ENSG00000117450","chr1","MA0065.1","Promoter (<=1kb)",5052,"ENST00000424390.2","ENSG00000117450","PRDX1",4.92e-05,0.667,471,22
"95","GPBP1L1",0.59426010366465,"ENSG00000159592","chr1","MA0065.1","Promoter (<=1kb)",60313,"ENST00000487436.1","ENSG00000159592","GPBP1L1",1.86e-06,0.563,-920,35
"96","MAST2",0.800655851084503,"ENSG00000086015","chr1","MA0065.1","Promoter (<=1kb)",23139,"ENST00000492813.1","ENSG00000086015","MAST2",1.56e-06,0.563,196,42
"97","POMGNT1",0.229022007324877,"ENSG00000085998","chr1","MA0065.1","Promoter (<=1kb)",55624,"ENST00000485714.1","ENSG00000085998","POMGNT1",9.23e-06,0.597,-330,36
"98","LRRC41",0.210724350626147,"ENSG00000132128","chr1","MA0065.1","Promoter (2-3kb)",10489,"ENST00000496156.5","ENSG00000132128","LRRC41",1.05e-05,0.611,-2466,39
"99","UQCRH",0.736978245027938,"ENSG00000173660","chr1","MA0065.1","Promoter (<=1kb)",7388,"ENST00000460947.1","ENSG00000173660","UQCRH",3.52e-05,0.662,636,30
"100","MKNK1",0.30763428731468,"ENSG00000079277","chr1","MA0065.1","Promoter (1-2kb)",8569,"ENST00000531769.6","ENSG00000079277","MKNK1",1.81e-05,0.625,-1339,39
"101","ATPAF1",0.29421613928114,"ENSG00000123472","chr1","MA0065.1","Promoter (<=1kb)",64756,"ENST00000492233.5","ENSG00000123472","ATPAF1",2.21e-05,0.636,686,36
"102","CMPK1",0.221995656718936,"ENSG00000162368","chr1","MA0065.1","Promoter (<=1kb)",51727,"ENST00000371870.3","ENSG00000162368","CMPK1",2.56e-06,0.572,855,25
"103","SPATA6",0.325904074619001,"ENSG00000132122","chr1","MA0065.1","Promoter (1-2kb)",54558,"ENST00000487629.1","ENSG00000132122","SPATA6",2.48e-06,0.57,-1005,20
"104","AGBL4",0.469310335810309,"ENSG00000186094","chr1","MA0065.1","Promoter (<=1kb)",84871,"ENST00000371836.1","ENSG00000186094","AGBL4",5.8e-07,0.563,294,35
"105","FAF1",1.14629329307867,"ENSG00000185104","chr1","MA0065.1","Promoter (2-3kb)",11124,"ENST00000494400.5","ENSG00000185104","FAF1",3.58e-05,0.662,-2501,36
"106","RNF11",0.274071932185744,"ENSG00000123091","chr1","MA0066.1","Promoter (2-3kb)",26994,"ENST00000486691.1","ENSG00000123091","RNF11",2.6e-05,0.647,-2332,27
"107","EPS15",0.862986879792848,"ENSG00000085832","chr1","MA0065.1","Promoter (<=1kb)",2060,"ENST00000706292.1","ENSG00000085832","EPS15",1.14e-05,0.621,-242,25
"108","OSBPL9",0.848156878532354,"ENSG00000117859","chr1","MA0065.1","Promoter (1-2kb)",114883,"ENST00000475697.5","ENSG00000117859","OSBPL9",3e-05,0.653,-1855,23
"109","NRDC",0.715274987505846,"ENSG00000078618","chr1","MA0065.1","Promoter (1-2kb)",4898,"ENST00000464385.1","ENSG00000078618","NRDC",1.19e-05,0.623,-1038,32
"110","ZFYVE9",0.357367981626961,"ENSG00000157077","chr1","MA0065.1","Promoter (<=1kb)",9372,"ENST00000357206.6","ENSG00000157077","ZFYVE9",1.7e-05,0.623,591,23
"111","ZYG11B",0.394713324883017,"ENSG00000162378","chr1","MA0065.1","Promoter (2-3kb)",79699,"ENST00000294353.7","ENSG00000162378","ZYG11B",2.65e-05,0.647,-2975,35
"112","ECHDC2",0.904628747841585,"ENSG00000121310","chr1","MA0065.1","Promoter (<=1kb)",55268,"ENST00000543419.5","ENSG00000121310","ECHDC2",2.31e-09,0.195,884,30
"113","SCP2",0.443305234712894,"ENSG00000116171","chr1","MA0065.1","Promoter (1-2kb)",6342,"ENST00000473584.1","ENSG00000116171","SCP2",4.67e-06,0.572,-1383,35
"114","TMEM59",0.385456485551879,"ENSG00000116209","chr1","MA0065.1","Promoter (2-3kb)",9528,"ENST00000470395.1","ENSG00000116209","TMEM59",9.39e-05,0.686,-2507,33
"115","SSBP3",0.42553020420229,"ENSG00000157216","chr1","MA0065.1","Promoter (<=1kb)",23648,"ENST00000326956.12","ENSG00000157216","SSBP3",7.26e-07,0.563,516,42
"116","ACOT11",1.22554894266915,"ENSG00000162390","chr1","MA0065.1","Promoter (2-3kb)",26027,"ENST00000479837.1","ENSG00000162390","ACOT11",2.47e-05,0.641,-2458,24
"117","FAM151A",0.33274375643746,"ENSG00000162391","chr1","MA0065.1","Promoter (<=1kb)",338094,"ENST00000371304.2","ENSG00000162391","FAM151A",2.65e-05,0.647,-111,34
"118","USP24",0.360272444776901,"ENSG00000162402","chr1","MA0065.1","Promoter (<=1kb)",23358,"ENST00000480962.1","ENSG00000162402","USP24",4.71e-06,0.572,570,38
"119","PLPP3",0.70443389755932,"ENSG00000162407","chr1","MA0065.1","Promoter (<=1kb)",8613,"ENST00000642129.1","ENSG00000162407","PLPP3",9.43e-06,0.599,-464,29
"120","PRKAA2",1.16740039510487,"ENSG00000162409","chr1","MA0065.1","Promoter (<=1kb)",5563,"ENST00000371244.9","ENSG00000162409","PRKAA2",2.04e-05,0.634,864,33
"121","DAB1",0.426140901311975,"ENSG00000173406","chr1","MA0065.1","Promoter (2-3kb)",1600,"ENST00000477280.1","ENSG00000173406","DAB1",3.32e-05,0.659,-2670,26
"122","MYSM1",0.311700183854092,"ENSG00000162601","chr1","MA0065.1","Promoter (<=1kb)",114803,"ENST00000481973.1","ENSG00000162601","MYSM1",7.26e-06,0.573,539,31
"123","JUN",0.347540840850212,"ENSG00000177606","chr1","MA1556.1","Promoter (<=1kb)",3725,"ENST00000371222.4","ENSG00000177606","JUN",8.89e-05,0.721,455,7
"124","FGGY",0.324307521242078,"ENSG00000172456","chr1","MA0065.1","Promoter (1-2kb)",55277,"ENST00000466791.5","ENSG00000172456","FGGY",5.09e-06,0.572,-1055,42
"125","CYP2J2",0.330114301502296,"ENSG00000134716","chr1","MA0065.1","Promoter (<=1kb)",1573,"ENST00000492633.5","ENSG00000134716","CYP2J2",4.63e-05,0.667,-264,37
"126","NFIA",1.70748281776719,"ENSG00000162599","chr1","MA0065.1","Promoter (<=1kb)",4774,"ENST00000655770.1","ENSG00000162599","NFIA",2.54e-06,0.572,-907,27
"127","TM2D1",0.295234469906248,"ENSG00000162604","chr1","MA0065.1","Promoter (<=1kb)",83941,"ENST00000472357.1","ENSG00000162604","TM2D1",5.94e-06,0.572,671,25
"128","DOCK7",0.229011627187755,"ENSG00000116641","chr1","MA0065.1","Promoter (1-2kb)",85440,"ENST00000634929.1","ENSG00000116641","DOCK7",4.59e-06,0.572,-1575,32
"129","ITGB3BP",0.314724000518743,"ENSG00000142856","chr1","MA0066.1","Promoter (<=1kb)",23421,"ENST00000476508.5","ENSG00000142856","ITGB3BP",1.19e-05,0.621,-816,18
"130","PGM1",0.63017863670506,"ENSG00000079739","chr1","MA0065.1","Promoter (2-3kb)",5236,"ENST00000483707.1","ENSG00000079739","PGM1",9.99e-06,0.606,-2994,38
"131","ROR1",1.48995164523446,"ENSG00000185483","chr1","MA0065.1","Promoter (<=1kb)",4919,"ENST00000371079.6","ENSG00000185483","ROR1",5.5e-05,0.67,-910,24
"132","RAVER2",0.226497559463956,"ENSG00000162437","chr1","MA0065.1","Promoter (1-2kb)",55225,"ENST00000294428.8","ENSG00000162437","RAVER2",8e-06,0.582,-1550,23
"133","JAK1",0.541374689504061,"ENSG00000162434","chr1","MA0065.1","Promoter (<=1kb)",3716,"ENST00000481702.1","ENSG00000162434","JAK1",2.56e-06,0.572,-248,39
"134","AK4",0.336497507817577,"ENSG00000162433","chr1","MA0065.1","Promoter (2-3kb)",205,"ENST00000497030.5","ENSG00000162433","AK4",1.96e-08,0.311,-2268,29
"135","SGIP1",0.259047597931547,"ENSG00000118473","chr1","MA0065.1","Promoter (<=1kb)",84251,"ENST00000493564.1","ENSG00000118473","SGIP1",3.68e-06,0.572,62,18
"136","MIER1",0.25145742591914,"ENSG00000198160","chr1","MA0066.1","Promoter (<=1kb)",57708,"ENST00000743912.1","ENSG00000198160","MIER1",6.47e-06,0.6,244,8
"137","SERBP1",0.247763199845099,"ENSG00000142864","chr1","MA0065.1","Promoter (1-2kb)",26135,"ENST00000462814.1","ENSG00000142864","SERBP1",1.33e-05,0.623,-1730,36
"138","GNG12",0.368463328876392,"ENSG00000172380","chr1","MA0065.1","Promoter (<=1kb)",55970,"ENST00000494936.1","ENSG00000172380","GNG12",4.55e-06,0.572,336,26
"139","WLS",0.361172115681401,"ENSG00000116729","chr1","MA0065.1","Promoter (<=1kb)",79971,"ENST00000533537.5","ENSG00000116729","WLS",4.53e-05,0.667,210,27
"140","SRSF11",0.563620347553644,"ENSG00000116754","chr1","MA0065.1","Promoter (1-2kb)",9295,"ENST00000460795.5","ENSG00000116754","SRSF11",4.36e-06,0.572,-1932,36
"141","ANKRD13C",0.386261119500481,"ENSG00000118454","chr1","MA0065.1","Promoter (2-3kb)",81573,"ENST00000498735.1","ENSG00000118454","ANKRD13C",4.69e-06,0.572,-2757,35
"142","ZRANB2",0.598923303847894,"ENSG00000132485","chr1","MA0065.1","Promoter (1-2kb)",9406,"ENST00000487510.1","ENSG00000132485","ZRANB2",1.26e-06,0.563,-1218,27
"143","NEGR1",0.269707889367903,"ENSG00000172260","chr1","MA0065.1","Promoter (<=1kb)",257194,"ENST00000478526.1","ENSG00000172260","NEGR1",7e-05,0.682,-833,28
"144","ACADM",0.445953800707727,"ENSG00000117054","chr1","MA0065.1","Promoter (<=1kb)",34,"ENST00000681730.1","ENSG00000117054","ACADM",1.1e-05,0.617,-912,37
"145","ZZZ3",0.548020427988147,"ENSG00000036549","chr1","MA0065.1","Promoter (2-3kb)",26009,"ENST00000474746.1","ENSG00000036549","ZZZ3",3.8e-06,0.572,-2203,40
"146","USP33",0.392495402229964,"ENSG00000077254","chr1","MA0065.1","Promoter (<=1kb)",23032,"ENST00000530709.5","ENSG00000077254","USP33",6.98e-05,0.682,272,11
"147","NEXN",2.80246497089739,"ENSG00000162614","chr1","MA0065.1","Promoter (<=1kb)",91624,"ENST00000342754.5","ENSG00000162614","NEXN",3.56e-06,0.572,946,32
"148","FUBP1",0.242711828431394,"ENSG00000162613","chr1","MA0065.1","Promoter (1-2kb)",8880,"ENST00000487684.1","ENSG00000162613","FUBP1",1.26e-05,0.623,-1687,29
"149","GIPC2",0.27171889462046,"ENSG00000137960","chr1","MA0066.1","Promoter (<=1kb)",54810,"ENST00000370759.4","ENSG00000137960","GIPC2",1.62e-05,0.642,585,34
"150","ADGRL2",1.11786299569305,"ENSG00000117114","chr1","MA0065.1","Promoter (<=1kb)",23266,"ENST00000498776.1","ENSG00000117114","ADGRL2",3.79e-05,0.662,-835,23
"151","PRKACB",0.447262032628183,"ENSG00000142875","chr1","MA0065.1","Promoter (<=1kb)",5567,"ENST00000470673.5","ENSG00000142875","PRKACB",1.02e-05,0.607,992,20
"152","GNG5",0.335901362012237,"ENSG00000174021","chr1","MA0065.1","Promoter (<=1kb)",2787,"ENST00000649871.1","ENSG00000174021","GNG5",1.56e-05,0.623,702,37
"153","SH3GLB1",0.389940605493239,"ENSG00000097033","chr1","MA0855.1","Promoter (2-3kb)",51100,"ENST00000602603.1","ENSG00000097033","SH3GLB1",7.42e-05,0.777,-2926,17
"154","HS2ST1",0.274614026696078,"ENSG00000153936","chr1","MA0065.1","Promoter (<=1kb)",9653,"ENST00000690674.1","ENSG00000153936","HS2ST1",9.2e-05,0.685,-302,34
"155","PKN2",0.520585525191898,"ENSG00000065243","chr1","MA0065.1","Promoter (2-3kb)",5586,"ENST00000449189.1","ENSG00000065243","PKN2",6.64e-05,0.681,-2574,27
"156","LRRC8B",0.209018229014062,"ENSG00000197147","chr1","MA0066.1","Promoter (2-3kb)",23507,"ENST00000439853.6","ENSG00000197147","LRRC8B",6.06e-05,0.685,-2355,31
"157","ZNF326",0.212136409713898,"ENSG00000162664","chr1","MA0855.1","Promoter (<=1kb)",284695,"ENST00000370447.3","ENSG00000162664","ZNF326",9.84e-05,0.781,635,18
"158","ZNF644",0.491768732781522,"ENSG00000122482","chr1","MA0065.1","Promoter (<=1kb)",84146,"ENST00000479798.1","ENSG00000122482","ZNF644",2.99e-05,0.653,-242,18
"159","TGFBR3",0.411256360036777,"ENSG00000069702","chr1","MA0065.1","Promoter (1-2kb)",7049,"ENST00000533370.1","ENSG00000069702","TGFBR3",1.02e-06,0.563,-1573,31
"160","RPAP2",0.361476252951098,"ENSG00000122484","chr1","MA0065.1","Promoter (<=1kb)",79871,"ENST00000477322.1","ENSG00000122484","RPAP2",1.94e-05,0.63,-222,30
"161","EVI5",0.792338284334323,"ENSG00000067208","chr1","MA0065.1","Promoter (2-3kb)",7813,"ENST00000706869.1","ENSG00000067208","EVI5",6.35e-06,0.572,-2116,25
"162","MTF2",0.217484401351272,"ENSG00000143033","chr1","MA0065.1","Promoter (<=1kb)",22823,"ENST00000489480.1","ENSG00000143033","MTF2",5.75e-06,0.572,648,27
"163","FNBP1L",0.325166197129503,"ENSG00000137942","chr1","MA0065.1","Promoter (<=1kb)",54874,"ENST00000370253.6","ENSG00000137942","FNBP1L",1.89e-05,0.628,917,27
"164","BCAR3",0.280788316558013,"ENSG00000137936","chr1","MA0065.1","Promoter (1-2kb)",8412,"ENST00000260502.11","ENSG00000137936","BCAR3",2.21e-05,0.636,-1028,17
"165","ARHGAP29",0.274627589322464,"ENSG00000137962","chr1","MA0065.1","Promoter (<=1kb)",9411,"ENST00000835452.1","ENSG00000137962","ARHGAP29",2.37e-05,0.638,39,7
"166","ABCD3",0.402755556100623,"ENSG00000117528","chr1","MA0065.1","Promoter (<=1kb)",5825,"ENST00000370214.9","ENSG00000117528","ABCD3",4.36e-05,0.665,-80,32
"167","F3",0.221113503319841,"ENSG00000117525","chr1","MA0065.1","Promoter (<=1kb)",2152,"ENST00000478217.5","ENSG00000117525","F3",6.19e-05,0.676,-414,34
"168","PTBP2",0.546581568649596,"ENSG00000117569","chr1","MA0065.1","Promoter (<=1kb)",58155,"ENST00000462433.1","ENSG00000117569","PTBP2",5.22e-06,0.572,933,21
"169","DPYD",0.751465881629964,"ENSG00000188641","chr1","MA0065.1","Promoter (2-3kb)",1806,"ENST00000306031.5","ENSG00000188641","DPYD",5.36e-05,0.67,-2418,32
"170","PALMD",0.885728659988713,"ENSG00000099260","chr1","MA0065.1","Promoter (1-2kb)",54873,"ENST00000263174.9","ENSG00000099260","PALMD",2.76e-05,0.649,-1017,28
"171","AGL",0.47454312179952,"ENSG00000162688","chr1","MA0065.1","Promoter (1-2kb)",178,"ENST00000477753.1","ENSG00000162688","AGL",2.64e-05,0.646,-1464,35
"172","LRRC39",1.00116684508378,"ENSG00000122477","chr1","MA0066.1","Promoter (1-2kb)",127495,"ENST00000342895.8","ENSG00000122477","LRRC39",3.27e-05,0.649,-1432,18
"173","RNPC3",0.338044591395097,"ENSG00000185946","chr1","MA0065.1","Promoter (<=1kb)",55599,"ENST00000525323.1","ENSG00000185946","RNPC3",3.43e-06,0.572,-193,31
"174","SORT1",0.421530537160201,"ENSG00000134243","chr1","MA0065.1","Promoter (<=1kb)",6272,"ENST00000633956.1","ENSG00000134243","SORT1",1e-05,0.606,717,27
"175","GNAI3",0.301991715423535,"ENSG00000065135","chr1","MA0065.1","Promoter (1-2kb)",2773,"ENST00000369851.7","ENSG00000065135","GNAI3",8.59e-05,0.682,-1348,39
"176","AHCYL1",0.22928565092278,"ENSG00000168710","chr1","MA0065.1","Promoter (2-3kb)",10768,"ENST00000481423.1","ENSG00000168710","AHCYL1",1.36e-06,0.563,-2120,33
"177","LAMTOR5",0.293837824588304,"ENSG00000134248","chr1","MA0066.1","Promoter (<=1kb)",10542,"ENST00000602858.5","ENSG00000134248","LAMTOR5",3.21e-05,0.647,-197,9
"178","RAP1A",0.735726432767599,"ENSG00000116473","chr1","MA0065.1","Promoter (2-3kb)",5906,"ENST00000494982.1","ENSG00000116473","RAP1A",2.98e-05,0.653,-2196,27
"179","KCND3",0.595022390160223,"ENSG00000171385","chr1","MA0065.1","Promoter (1-2kb)",3752,"ENST00000369697.5","ENSG00000171385","KCND3",1.19e-05,0.623,-1014,39
"180","ST7L",0.236941927805181,"ENSG00000007341","chr1","MA0065.1","Promoter (1-2kb)",54879,"ENST00000466360.5","ENSG00000007341","ST7L",1.4e-05,0.623,-1228,29
"181","CAPZA1",0.43491930882846,"ENSG00000116489","chr1","MA0066.1","Promoter (2-3kb)",829,"ENST00000476820.1","ENSG00000116489","CAPZA1",4.2e-05,0.663,-2636,19
"182","SLC16A1",0.36363582817403,"ENSG00000155380","chr1","MA0065.1","Promoter (<=1kb)",6566,"ENST00000538576.5","ENSG00000155380","SLC16A1",5.38e-05,0.67,-34,8
"183","LRIG2",0.256018862013705,"ENSG00000198799","chr1","MA0065.1","Promoter (<=1kb)",9860,"ENST00000466069.5","ENSG00000198799","LRIG2",6.7e-05,0.682,-438,17
"184","MAGI3",0.385654209310538,"ENSG00000081026","chr1","MA0065.1","Promoter (2-3kb)",260425,"ENST00000307546.14","ENSG00000081026","MAGI3",2.45e-05,0.641,-2072,37
"185","TRIM33",0.374113600441802,"ENSG00000197323","chr1","MA0065.1","Promoter (<=1kb)",51592,"ENST00000448034.5","ENSG00000197323","TRIM33",7.79e-05,0.682,595,20
"186","CSDE1",0.578739887428908,"ENSG00000009307","chr1","MA0065.1","Promoter (<=1kb)",7812,"ENST00000525878.5","ENSG00000009307","CSDE1",5.59e-05,0.672,107,37
"187","CASQ2",0.950861091917675,"ENSG00000118729","chr1","MA0065.1","Promoter (<=1kb)",845,"ENST00000488931.2","ENSG00000118729","CASQ2",1.83e-05,0.625,-520,39
"188","SLC22A15",0.269506995683645,"ENSG00000163393","chr1","MA0065.1","Promoter (2-3kb)",55356,"ENST00000369503.9","ENSG00000163393","SLC22A15",4.68e-05,0.667,-2006,17
"189","ATP1A1",0.429863957928541,"ENSG00000163399","chr1","MA0065.1","Promoter (<=1kb)",476,"ENST00000491156.1","ENSG00000163399","ATP1A1",6.57e-06,0.572,-509,27
"190","CD58",0.257787906929135,"ENSG00000116815","chr1","MA0065.1","Promoter (1-2kb)",965,"ENST00000526981.1","ENSG00000116815","CD58",9.96e-05,0.688,-1921,38
"191","MAN1A2",0.401391346966579,"ENSG00000198162","chr1","MA0065.1","Promoter (2-3kb)",10905,"ENST00000356554.7","ENSG00000198162","MAN1A2",9.47e-06,0.6,-2585,37
"192","NOTCH2",0.209110208126603,"ENSG00000134250","chr1","MA0065.1","Promoter (<=1kb)",4853,"ENST00000652264.1","ENSG00000134250","NOTCH2",2.28e-05,0.637,-223,42
"193","RNF115",1.06831576560159,"ENSG00000265491","chr1","MA0065.1","Promoter (<=1kb)",27246,"ENST00000539368.2","ENSG00000265491","RNF115",7.73e-06,0.579,210,27
"194","TXNIP",1.11465964108278,"ENSG00000265972","chr1","MA0065.1","Promoter (2-3kb)",10628,"ENST00000582401.6","ENSG00000265972","TXNIP",1.24e-06,0.563,-2985,36
"195","PDE4DIP",2.63581106218409,"ENSG00000178104","chr1","MA0065.1","Promoter (<=1kb)",9659,"ENST00000479369.6","ENSG00000178104","PDE4DIP",1.19e-06,0.563,90,30
"196","NBPF19",0.250268609947805,"ENSG00000271383","chr1","MA0065.1","Promoter (2-3kb)",101060226,"ENST00000651566.2","ENSG00000271383","NBPF19",7.16e-05,0.682,-2931,21
"197","OTUD7B",0.358323189038485,"ENSG00000264522","chr1","MA0065.1","Promoter (2-3kb)",56957,"ENST00000619871.1","ENSG00000264522","OTUD7B",4.59e-05,0.667,-2087,36
"198","VPS45",0.471198249886146,"ENSG00000136631","chr1","MA0065.1","Promoter (<=1kb)",11311,"ENST00000618148.1","ENSG00000136631","VPS45",1.72e-05,0.623,-69,37
"199","RPRD2",0.531543040700348,"ENSG00000163125","chr1","MA0065.1","Promoter (<=1kb)",23248,"ENST00000369068.5","ENSG00000163125","RPRD2",1.68e-05,0.623,68,6
"200","MCL1",0.281500463670984,"ENSG00000143384","chr1","MA0066.1","Promoter (<=1kb)",574406,"ENST00000617352.1","ENSG00000143384","ADAMTSL4-AS1",3.21e-05,0.647,789,38
"201","ARNT",0.2088420153432,"ENSG00000143437","chr1","MA0065.1","Promoter (<=1kb)",405,"ENST00000512296.5","ENSG00000143437","ARNT",8.32e-06,0.586,9,11
"202","GABPB2",0.258059739657853,"ENSG00000143458","chr1","MA0065.1","Promoter (<=1kb)",126626,"ENST00000486076.5","ENSG00000143458","GABPB2",1.21e-05,0.623,0,25
"203","PIP5K1A",0.42003478433371,"ENSG00000143398","chr1","MA0065.1","Promoter (1-2kb)",8394,"ENST00000486866.1","ENSG00000143398","PIP5K1A",1.2e-05,0.623,-1248,30
"204","POGZ",0.602111219858246,"ENSG00000143442","chr1","MA0065.1","Promoter (<=1kb)",23126,"ENST00000531094.5","ENSG00000143442","POGZ",2.19e-05,0.636,-92,4
"205","THEM4",0.251904832791717,"ENSG00000159445","chr1","MA0065.1","Promoter (<=1kb)",117145,"ENST00000489410.1","ENSG00000159445","THEM4",3.33e-05,0.659,-147,27
"206","S100A6",0.501147591631798,"ENSG00000197956","chr1","MA0065.1","Promoter (2-3kb)",6277,"ENST00000368720.6","ENSG00000197956","S100A6",8.76e-06,0.591,-2294,37
"207","S100A1",0.907107628211642,"ENSG00000160678","chr1","MA1148.1","Promoter (<=1kb)",6271,"ENST00000469893.2","ENSG00000160678","S100A1",2.5e-05,0.553,-54,14
"208","CHTOP",0.215946379624061,"ENSG00000160679","chr1","MA0065.1","Promoter (<=1kb)",26097,"ENST00000614256.4","ENSG00000160679","CHTOP",3.39e-05,0.661,-38,26
"209","GATAD2B",0.5934047066457,"ENSG00000143614","chr1","MA0065.1","Promoter (<=1kb)",57459,"ENST00000638051.1","ENSG00000143614","GATAD2B",6.99e-06,0.572,-880,38
"210","TPM3",0.254022074518495,"ENSG00000143549","chr1","MA0065.1","Promoter (2-3kb)",7170,"ENST00000302206.9","ENSG00000143549","TPM3",9.13e-07,0.563,-2247,33
"211","C1orf43",0.321064323775119,"ENSG00000143612","chr1","MA0065.1","Promoter (1-2kb)",25912,"ENST00000483282.1","ENSG00000143612","LTAP1",2.52e-05,0.643,-1544,37
"212","ASH1L",0.972896386599704,"ENSG00000116539","chr1","MA0065.1","Promoter (<=1kb)",55870,"ENST00000477427.1","ENSG00000116539","ASH1L",5.26e-05,0.668,0,31
"213","YY1AP1",0.311806370178924,"ENSG00000163374","chr1","MA0065.1","Promoter (<=1kb)",55249,"ENST00000493625.5","ENSG00000163374","YY1AP1",1.76e-05,0.623,67,22
"214","DAP3",0.471659275144493,"ENSG00000132676","chr1","MA0065.1","Promoter (<=1kb)",7818,"ENST00000491777.2","ENSG00000132676","DAP3",5.11e-06,0.572,555,24
"215","GON4L",0.245000829697646,"ENSG00000116580","chr1","MA0065.1","Promoter (<=1kb)",54856,"ENST00000473267.1","ENSG00000116580","GON4L",7.31e-06,0.574,149,39
"216","LMNA",0.329082735382839,"ENSG00000160789","chr1","MA0065.1","Promoter (<=1kb)",4000,"ENST00000683773.1","ENSG00000160789","LMNA",2.79e-06,0.572,-83,35
"217","SMG5",0.264975840569087,"ENSG00000198952","chr1","MA0065.1","Promoter (<=1kb)",23381,"ENST00000361813.5","ENSG00000198952","SMG5",1.91e-06,0.563,664,36
"218","CCT3",0.249709339206738,"ENSG00000163468","chr1","MA0065.1","Promoter (<=1kb)",7203,"ENST00000463132.5","ENSG00000163468","CCT3",4.42e-05,0.666,845,19
"219","MEF2D",0.279963989695466,"ENSG00000116604","chr1","MA0065.1","Promoter (2-3kb)",4209,"ENST00000464356.6","ENSG00000116604","MEF2D",5.55e-06,0.572,-2812,40
"220","ARHGEF11",0.402595360500015,"ENSG00000132694","chr1","MA0065.1","Promoter (<=1kb)",9826,"ENST00000492592.1","ENSG00000132694","ARHGEF11",5.75e-06,0.572,-40,39
"221","ATP1A2",0.654365208833549,"ENSG00000018625","chr1","MA0065.1","Promoter (<=1kb)",477,"ENST00000459972.1","ENSG00000018625","ATP1A2",7.92e-06,0.581,854,31
"222","PEA15",0.208202984670876,"ENSG00000162734","chr1","MA0066.1","Promoter (<=1kb)",8682,"ENST00000368076.1","ENSG00000162734","PEA15",8.64e-06,0.612,875,17
"223","COPA",0.328238336423963,"ENSG00000122218","chr1","MA0065.1","Promoter (<=1kb)",1314,"ENST00000647693.1","ENSG00000122218","COPA",1.05e-06,0.563,85,26
"224","NDUFS2",0.330363297038927,"ENSG00000158864","chr1","MA0065.1","Promoter (<=1kb)",4720,"ENST00000678356.1","ENSG00000158864","NDUFS2",1.25e-06,0.563,8,36
"225","SDHC",0.330061883112014,"ENSG00000143252","chr1","MA1556.1","Promoter (<=1kb)",6391,"ENST00000714066.1","ENSG00000143252","SDHC",8.46e-05,0.721,93,8
"226","ATF6",0.29470610941197,"ENSG00000118217","chr1","MA0065.1","Promoter (<=1kb)",22926,"ENST00000679833.1","ENSG00000118217","ATF6",2.26e-05,0.637,57,6
"227","NOS1AP",0.24665892493222,"ENSG00000198929","chr1","MA0065.1","Promoter (<=1kb)",9722,"ENST00000493151.1","ENSG00000198929","NOS1AP",2.94e-05,0.652,952,39
"228","DDR2",0.310451429028435,"ENSG00000162733","chr1","MA0065.1","Promoter (<=1kb)",4921,"ENST00000367922.7","ENSG00000162733","DDR2",4.52e-05,0.667,841,6
"229","PBX1",1.16760594977204,"ENSG00000185630","chr1","MA0065.1","Promoter (2-3kb)",5087,"ENST00000558837.5","ENSG00000185630","PBX1",3.06e-05,0.654,-2900,39
"230","MGST3",0.871469591929812,"ENSG00000143198","chr1","MA0066.1","Promoter (2-3kb)",4259,"ENST00000367888.8","ENSG00000143198","MGST3",2.11e-05,0.647,-2810,30
"231","GPA33",0.211814795849652,"ENSG00000143167","chr1","MA0065.1","Promoter (<=1kb)",10223,"ENST00000534512.1","ENSG00000143167","GPA33",1.89e-05,0.628,610,4
"232","POU2F1",0.495140923994038,"ENSG00000143190","chr1","MA0065.1","Promoter (<=1kb)",5451,"ENST00000490100.1","ENSG00000143190","POU2F1",3.13e-06,0.572,831,34
"233","RCSD1",0.435809015955272,"ENSG00000198771","chr1","MA0066.1","Promoter (<=1kb)",92241,"ENST00000537350.5","ENSG00000198771","RCSD1",6.06e-05,0.685,-801,38
"234","MPZL1",0.234501812206889,"ENSG00000197965","chr1","MA0065.1","Promoter (<=1kb)",9019,"ENST00000498279.1","ENSG00000197965","MPZL1",1.97e-05,0.631,-264,32
"235","MPC2",0.310048716741467,"ENSG00000143158","chr1","MA1148.1","Promoter (<=1kb)",25874,"ENST00000271373.9","ENSG00000143158","MPC2",7.79e-06,0.522,3,17
"236","DCAF6",0.81347196863888,"ENSG00000143164","chr1","MA0065.1","Promoter (1-2kb)",55827,"ENST00000450548.5","ENSG00000143164","DCAF6",3.8e-05,0.662,-1767,34
"237","ATP1B1",0.875817521480867,"ENSG00000143153","chr1","MA0065.1","Promoter (<=1kb)",481,"ENST00000687745.1","ENSG00000143153","ATP1B1",4.55e-05,0.667,-467,26
"238","NME7",0.24057434498335,"ENSG00000143156","chr1","MA0065.1","Promoter (2-3kb)",29922,"ENST00000469474.5","ENSG00000143156","NME7",4.65e-05,0.667,-2376,29
"239","SLC19A2",0.268889894034445,"ENSG00000117479","chr1","MA0066.1","Promoter (1-2kb)",10560,"ENST00000236137.10","ENSG00000117479","SLC19A2",1.61e-05,0.642,-1288,24
"240","KIFAP3",0.386714786216818,"ENSG00000075945","chr1","MA0065.1","Promoter (<=1kb)",22920,"ENST00000367765.5","ENSG00000075945","KIFAP3",1.38e-05,0.623,964,35
"241","PRRX1",0.336988889289304,"ENSG00000116132","chr1","MA0065.1","Promoter (<=1kb)",5396,"ENST00000553786.1","ENSG00000116132","PRRX1",2.89e-05,0.651,-343,27
"242","PRRC2C",0.257454629291647,"ENSG00000117523","chr1","MA0065.1","Promoter (1-2kb)",23215,"ENST00000644916.1","ENSG00000117523","PRRC2C",3.6e-05,0.662,-1159,30
"243","PRDX6",0.404649196835434,"ENSG00000117592","chr1","MA0065.1","Promoter (<=1kb)",9588,"ENST00000470017.1","ENSG00000117592","PRDX6",1.1e-06,0.563,378,32
"244","KLHL20",0.213779966721732,"ENSG00000076321","chr1","MA0065.1","Promoter (2-3kb)",27252,"ENST00000488983.1","ENSG00000076321","KLHL20",1.72e-05,0.623,-2488,21
"245","RC3H1",0.51260647279865,"ENSG00000135870","chr1","MA0065.1","Promoter (<=1kb)",149041,"ENST00000531594.1","ENSG00000135870","RC3H1",4.52e-05,0.667,-783,10
"246","RABGAP1L",2.07103772412188,"ENSG00000152061","chr1","MA0065.1","Promoter (<=1kb)",9910,"ENST00000529474.2","ENSG00000152061","RABGAP1L",2.29e-06,0.563,-225,38
"247","RASAL2",1.4189915028303,"ENSG00000075391","chr1","MA0065.1","Promoter (<=1kb)",9462,"ENST00000696607.1","ENSG00000075391","RASAL2",3.77e-06,0.572,667,39
"248","RALGPS2",0.251373261491945,"ENSG00000116191","chr1","MA0065.1","Promoter (2-3kb)",55103,"ENST00000495034.5","ENSG00000116191","RALGPS2",2.37e-05,0.638,-2713,37
"249","ANGPTL1",0.260081270771167,"ENSG00000116194","chr1","MA1148.1","Promoter (<=1kb)",9068,"ENST00000234816.7","ENSG00000116194","ANGPTL1",2.5e-05,0.553,-656,23
"250","ABL2",0.326419934850212,"ENSG00000143322","chr1","MA0065.1","Promoter (<=1kb)",27,"ENST00000662960.1","ENSG00000143322","ABL2",1.8e-05,0.624,-646,39
"251","TOR1AIP2",0.252006596329305,"ENSG00000169905","chr1","MA0065.1","Promoter (<=1kb)",163590,"ENST00000483123.1","ENSG00000169905","TOR1AIP2",3.95e-05,0.662,811,26
"252","CEP350",0.524819719743114,"ENSG00000135837","chr1","MA0065.1","Promoter (<=1kb)",9857,"ENST00000484356.6","ENSG00000135837","CEP350",1.34e-05,0.623,-158,36
"253","QSOX1",0.23863328669786,"ENSG00000116260","chr1","MA0065.1","Promoter (<=1kb)",5768,"ENST00000367600.5","ENSG00000116260","QSOX1",1.14e-05,0.621,263,28
"254","ACBD6",0.442856102370681,"ENSG00000230124","chr1","MA0065.1","Promoter (<=1kb)",84320,"ENST00000475338.2","ENSG00000230124","ACBD6",5.46e-05,0.67,973,23
"255","XPR1",1.42114606058179,"ENSG00000143324","chr1","MA0065.1","Promoter (<=1kb)",9213,"ENST00000367589.3","ENSG00000143324","XPR1",1.83e-05,0.625,358,30
"256","GLUL",0.232904603284138,"ENSG00000135821","chr1","MA0065.1","Promoter (<=1kb)",2752,"ENST00000461447.1","ENSG00000135821","GLUL",2.05e-05,0.634,-747,36
"257","LAMC1",0.580771842265164,"ENSG00000135862","chr1","MA0065.1","Promoter (<=1kb)",3915,"ENST00000478064.1","ENSG00000135862","LAMC1",5.26e-06,0.572,964,32
"258","SMG7",0.338927554825401,"ENSG00000116698","chr1","MA0065.1","Promoter (<=1kb)",9887,"ENST00000495321.1","ENSG00000116698","SMG7",2.69e-06,0.572,957,30
"259","RGL1",0.703101607517519,"ENSG00000143344","chr1","MA0065.1","Promoter (<=1kb)",23179,"ENST00000304685.8","ENSG00000143344","RGL1",1.97e-06,0.563,340,33
"260","C1orf21",1.01907649458557,"ENSG00000116667","chr1","MA0065.1","Promoter (<=1kb)",81563,"ENST00000367514.7","ENSG00000116667","C1orf21",3.05e-05,0.654,404,36
"261","CDC73",0.388956709665245,"ENSG00000134371","chr1","MA0065.1","Promoter (1-2kb)",79577,"ENST00000477868.1","ENSG00000134371","CDC73",2.78e-05,0.649,-1191,35
"262","DENND1B",0.593248579919697,"ENSG00000213047","chr1","MA0065.1","Promoter (<=1kb)",163486,"ENST00000463124.1","ENSG00000213047","DENND1B",2.64e-06,0.572,-310,34
"263","NEK7",1.16834604912901,"ENSG00000151414","chr1","MA0065.1","Promoter (<=1kb)",140609,"ENST00000417895.1","ENSG00000151414","NEK7",1.37e-05,0.623,-87,33
"264","CAMSAP2",0.39047778592074,"ENSG00000118200","chr1","MA0065.1","Promoter (<=1kb)",23271,"ENST00000413307.6","ENSG00000118200","CAMSAP2",5.82e-05,0.672,214,21
"265","TNNT2",3.2153361291653,"ENSG00000118194","chr1","MA0065.1","Promoter (<=1kb)",7139,"ENST00000503459.1","ENSG00000118194","TNNT2",2.1e-05,0.634,204,27
"266","NAV1",1.07734182775454,"ENSG00000134369","chr1","MA0065.1","Promoter (2-3kb)",89796,"ENST00000367302.5","ENSG00000134369","NAV1",2.17e-06,0.563,-2761,36
"267","TIMM17A",0.245726767638704,"ENSG00000134375","chr1","MA0065.1","Promoter (<=1kb)",10440,"ENST00000484647.1","ENSG00000134375","TIMM17A",5.67e-06,0.572,800,29
"268","PPP1R12B",2.30884170701269,"ENSG00000077157","chr1","MA0065.1","Promoter (<=1kb)",4660,"ENST00000367269.2","ENSG00000077157","PPP1R12B",2.61e-06,0.572,-102,42
"269","SYT2",0.26657056325492,"ENSG00000143858","chr1","MA0065.1","Promoter (1-2kb)",127833,"ENST00000367267.5","ENSG00000143858","SYT2",1.46e-05,0.623,-1704,37
"270","KDM5B",0.49763686880361,"ENSG00000117139","chr1","MA0065.1","Promoter (1-2kb)",10765,"ENST00000649388.1","ENSG00000117139","KDM5B",1.61e-05,0.623,-1954,22
"271","CYB5R1",0.306161251313073,"ENSG00000159348","chr1","MA0066.1","Promoter (<=1kb)",51706,"ENST00000473599.5","ENSG00000159348","CYB5R1",2.76e-05,0.647,-990,30
"272","BTG2",0.315663657830159,"ENSG00000159388","chr1","MA0066.1","Promoter (<=1kb)",7832,"ENST00000290551.5","ENSG00000159388","BTG2",4.67e-07,0.548,304,20
"273","ATP2B4",1.08433823599257,"ENSG00000058668","chr1","MA0065.1","Promoter (2-3kb)",493,"ENST00000341360.7","ENSG00000058668","ATP2B4",2.63e-05,0.646,-2209,38
"274","ZC3H11A",0.263741434493531,"ENSG00000058673","chr1","MA0065.1","Promoter (2-3kb)",9877,"ENST00000480354.1","ENSG00000058673","ZC3H11A",2.21e-06,0.563,-2671,39
"275","PLEKHA6",0.317726057419875,"ENSG00000143850","chr1","MA0065.1","Promoter (<=1kb)",22874,"ENST00000272203.8","ENSG00000143850","PLEKHA6",2.7e-07,0.537,-375,31
"276","MDM4",0.606157447446936,"ENSG00000198625","chr1","MA0065.1","Promoter (1-2kb)",4194,"ENST00000616250.4","ENSG00000198625","MDM4",7.36e-06,0.574,-1676,27
"277","CDK18",0.626660508659211,"ENSG00000117266","chr1","MA0065.1","Promoter (<=1kb)",5129,"ENST00000419301.1","ENSG00000117266","CDK18",1.12e-05,0.619,411,37
"278","NUCKS1",0.619787139782855,"ENSG00000069275","chr1","MA0065.1","Promoter (2-3kb)",64710,"ENST00000464938.1","ENSG00000069275","NUCKS1",1.19e-06,0.563,-2903,37
"279","SLC41A1",0.528976348521133,"ENSG00000133065","chr1","MA0065.1","Promoter (1-2kb)",254428,"ENST00000484228.1","ENSG00000133065","SLC41A1",3.44e-05,0.662,-1437,41
"280","MAPKAPK2",0.616801131491153,"ENSG00000162889","chr1","MA0065.1","Promoter (1-2kb)",9261,"ENST00000367103.4","ENSG00000162889","MAPKAPK2",5e-05,0.667,-1069,21
"281","PFKFB2",0.47575323480889,"ENSG00000123836","chr1","MA0065.1","Promoter (<=1kb)",5208,"ENST00000545806.5","ENSG00000123836","PFKFB2",9.84e-05,0.687,-39,23
"282","CD46",0.331056055397495,"ENSG00000117335","chr1","MA0065.1","Promoter (<=1kb)",4179,"ENST00000695777.1","ENSG00000117335","CD46",1.65e-05,0.623,-63,28
"283","RCOR3",0.517673804343626,"ENSG00000117625","chr1","MA0065.1","Promoter (<=1kb)",55758,"ENST00000528066.1","ENSG00000117625","RCOR3",1.24e-05,0.623,-86,23
"284","LPGAT1",0.299796076356411,"ENSG00000123684","chr1","MA0065.1","Promoter (<=1kb)",9926,"ENST00000366996.1","ENSG00000123684","LPGAT1",6.72e-05,0.682,-143,13
"285","PPP2R5A",0.575516367049022,"ENSG00000066027","chr1","MA0065.1","Promoter (1-2kb)",5525,"ENST00000537030.3","ENSG00000066027","PPP2R5A",1.43e-06,0.563,-1775,33
"286","NENF",0.217775051190802,"ENSG00000117691","chr1","RXRA_M08963_3.10","Promoter (<=1kb)",29937,"ENST00000472389.1","ENSG00000117691","NENF",2.61e-05,0.236,0,2
"287","PROX1",0.451216625611252,"ENSG00000117707","chr1","MA0065.1","Promoter (<=1kb)",5629,"ENST00000366958.9","ENSG00000117707","PROX1",5.41e-05,0.67,131,4
"288","SMYD2",0.776231776527424,"ENSG00000143499","chr1","MA0065.1","Promoter (1-2kb)",56950,"ENST00000484459.1","ENSG00000143499","SMYD2",1.08e-06,0.563,-1702,41
"289","PTPN14",0.576069638266178,"ENSG00000152104","chr1","MA0065.1","Promoter (<=1kb)",5784,"ENST00000543945.5","ENSG00000152104","PTPN14",7.14e-05,0.682,-87,21
"290","KCTD3",0.213081998275715,"ENSG00000136636","chr1","MA0065.1","Promoter (<=1kb)",51133,"ENST00000465650.1","ENSG00000136636","KCTD3",9.85e-06,0.604,800,6
"291","USH2A",0.259587267190435,"ENSG00000042781","chr1","MA0065.1","Promoter (2-3kb)",7399,"ENST00000463147.1","ENSG00000042781","USH2A",4.62e-07,0.563,-2001,30
"292","ESRRG",1.75102040721477,"ENSG00000196482","chr1","MA0065.1","Promoter (<=1kb)",2104,"ENST00000463665.5","ENSG00000196482","ESRRG",4.42e-06,0.572,-132,33
"293","GPATCH2",0.436046282268725,"ENSG00000092978","chr1","MA0065.1","Promoter (<=1kb)",55105,"ENST00000489246.6","ENSG00000092978","GPATCH2",6.85e-05,0.682,-822,15
"294","LYPLAL1",0.602286397896857,"ENSG00000143353","chr1","MA0065.1","Promoter (1-2kb)",127018,"ENST00000475724.1","ENSG00000143353","LYPLAL1",2.54e-05,0.644,-1340,24
"295","RAB3GAP2",0.310168761604421,"ENSG00000118873","chr1","MA0065.1","Promoter (<=1kb)",25782,"ENST00000475769.1","ENSG00000118873","RAB3GAP2",4.59e-05,0.667,325,32
"296","MARK1",0.393492237256665,"ENSG00000116141","chr1","MA0065.1","Promoter (2-3kb)",4139,"ENST00000677074.1","ENSG00000116141","MARK1",9.4e-06,0.598,-2730,37
"297","FBXO28",0.284190339752822,"ENSG00000143756","chr1","MA0066.1","Promoter (<=1kb)",23219,"ENST00000519894.1","ENSG00000143756","FBXO28",9.16e-05,0.704,430,23
"298","NVL",0.215357211834672,"ENSG00000143748","chr1","MA0065.1","Promoter (<=1kb)",4931,"ENST00000481213.5","ENSG00000143748","NVL",6.94e-06,0.572,-689,27
"299","WDR26",0.370511878299634,"ENSG00000162923","chr1","MA0065.1","Promoter (1-2kb)",80232,"ENST00000479727.1","ENSG00000162923","WDR26",6.07e-05,0.675,-1295,29
"300","ENAH",0.87264742501159,"ENSG00000154380","chr1","MA0065.1","Promoter (<=1kb)",55740,"ENST00000391874.2","ENSG00000154380","ENAH",1.79e-05,0.623,540,31
"301","SRP9",0.225336352102776,"ENSG00000143742","chr1","MA0066.1","Promoter (<=1kb)",6726,"ENST00000366838.1","ENSG00000143742","SRP9",1.25e-05,0.626,0,27
"302","ACBD3",0.282199303368979,"ENSG00000182827","chr1","MA0065.1","Promoter (<=1kb)",64746,"ENST00000366812.6","ENSG00000182827","ACBD3",1.16e-06,0.563,0,39
"303","LIN9",0.307643536375338,"ENSG00000183814","chr1","MA0065.1","Promoter (1-2kb)",286826,"ENST00000366808.6","ENSG00000183814","LIN9",1.47e-06,0.563,-1025,39
"304","CDC42BPA",0.960675278678149,"ENSG00000143776","chr1","MA0065.1","Promoter (<=1kb)",8476,"ENST00000441725.1","ENSG00000143776","CDC42BPA",7.79e-05,0.682,198,25
"305","ARF1",0.232440240506246,"ENSG00000143761","chr1","MA0065.1","Promoter (<=1kb)",375,"ENST00000490705.2","ENSG00000143761","ARF1",1.76e-05,0.623,418,41
"306","GUK1",0.218135416507721,"ENSG00000143774","chr1","MA0065.1","Promoter (<=1kb)",2987,"ENST00000465025.1","ENSG00000143774","GUK1",1.94e-05,0.629,-253,27
"307","OBSCN",1.41105365815094,"ENSG00000154358","chr1","MA0065.1","Promoter (1-2kb)",84033,"ENST00000664353.1","ENSG00000154358","OBSCN",1.7e-06,0.563,-1791,38
"308","RAB4A",0.227905501886883,"ENSG00000168118","chr1","MA0065.1","Promoter (<=1kb)",5867,"ENST00000489342.1","ENSG00000168118","RAB4A",1.46e-05,0.623,694,31
"309","ACTA1",1.04008877313288,"ENSG00000143632","chr1","MA0065.1","Promoter (<=1kb)",58,"ENST00000366684.7","ENSG00000143632","ACTA1",2.06e-05,0.634,798,32
"310","GALNT2",0.218935096372866,"ENSG00000143641","chr1","MA0065.1","Promoter (2-3kb)",2590,"ENST00000830731.1","ENSG00000143641","GALNT2",7.81e-06,0.579,-2745,36
"311","EGLN1",0.519026276731154,"ENSG00000135766","chr1","MA0065.1","Promoter (<=1kb)",54583,"ENST00000658954.1","ENSG00000135766","EGLN1",9.2e-05,0.685,-132,3
"312","DISC1",0.810768664966817,"ENSG00000162946","chr1","MA0065.1","Promoter (<=1kb)",27185,"ENST00000602600.1","ENSG00000162946","DISC1",1.48e-05,0.623,670,37
"313","SIPA1L2",0.457119191043371,"ENSG00000116991","chr1","MA0065.1","Promoter (<=1kb)",57568,"ENST00000366630.5","ENSG00000116991","SIPA1L2",2.5e-05,0.642,-374,34
"314","KCNK1",0.230341145062481,"ENSG00000135750","chr1","MA0065.1","Promoter (1-2kb)",3775,"ENST00000366621.8","ENSG00000135750","KCNK1",7.11e-05,0.682,-1804,26
"315","IRF2BP2",0.270463491319595,"ENSG00000168264","chr1","MA0065.1","Promoter (<=1kb)",359948,"ENST00000491430.1","ENSG00000168264","IRF2BP2",7.29e-06,0.574,-67,27
"316","ARID4B",0.528085997885833,"ENSG00000054267","chr1","MA0065.1","Promoter (<=1kb)",51742,"ENST00000494543.1","ENSG00000054267","ARID4B",2.84e-05,0.65,-299,39
"317","TBCE",0.246579607887127,"ENSG00000284770","chr1","MA0065.1","Promoter (2-3kb)",6905,"ENST00000482230.6","ENSG00000284770","TBCE",9.23e-06,0.597,-2643,36
"318","B3GALNT2",0.326195139765318,"ENSG00000162885","chr1","MA0065.1","Promoter (2-3kb)",148789,"ENST00000366600.8","ENSG00000162885","B3GALNT2",2.03e-05,0.633,-2590,35
"319","LYST",0.343457567247214,"ENSG00000143669","chr1","MA0065.1","Promoter (2-3kb)",1130,"ENST00000697182.1","ENSG00000143669","LYST",4.36e-06,0.572,-2137,42
"320","NID1",0.488339813829781,"ENSG00000116962","chr1","MA0065.1","Promoter (2-3kb)",4811,"ENST00000366595.7","ENSG00000116962","NID1",6.05e-05,0.675,-2188,41
"321","GPR137B",0.300985625577572,"ENSG00000077585","chr1","MA0065.1","Promoter (<=1kb)",7107,"ENST00000366591.4","ENSG00000077585","GPR137B",4.49e-05,0.667,216,15
"322","ERO1B",0.319226031643473,"ENSG00000086619","chr1","MA0065.1","Promoter (<=1kb)",56605,"ENST00000687487.1","ENSG00000086619","ERO1B",2.73e-05,0.649,-711,31
"323","LGALS8",0.216600721117218,"ENSG00000116977","chr1","MA0065.1","Promoter (2-3kb)",3964,"ENST00000481485.5","ENSG00000116977","LGALS8",2.7e-06,0.572,-2267,41
"324","ACTN2",2.17398628723143,"ENSG00000077522","chr1","MA0065.1","Promoter (<=1kb)",88,"ENST00000683075.1","ENSG00000077522","ACTN2",1.46e-05,0.623,395,36
"325","MTR",0.560838356462408,"ENSG00000116984","chr1","MA0065.1","Promoter (<=1kb)",4548,"ENST00000463959.1","ENSG00000116984","MTR",2.79e-05,0.649,28,7
"326","RYR2",4.30388352769639,"ENSG00000198626","chr1","MA0065.1","Promoter (1-2kb)",6262,"ENST00000462585.1","ENSG00000198626","RYR2",3.74e-06,0.572,-1056,38
"327","CEP170",0.392066501998961,"ENSG00000143702","chr1","MA0065.1","Promoter (<=1kb)",9859,"ENST00000518289.5","ENSG00000143702","CEP170",1.21e-05,0.623,363,39
"328","SDCCAG8",0.682159275578135,"ENSG00000054282","chr1","MA0065.1","Promoter (<=1kb)",10806,"ENST00000497459.1","ENSG00000054282","SDCCAG8",4.73e-06,0.572,908,33
"329","AKT3",0.263751451597129,"ENSG00000117020","chr1","MA0065.1","Promoter (<=1kb)",10000,"ENST00000453572.1","ENSG00000117020","AKT3",4.91e-06,0.572,997,42
"330","COX20",0.286106276011829,"ENSG00000203667","chr1","MA0065.1","Promoter (<=1kb)",116228,"ENST00000366528.3","ENSG00000203667","COX20",5.08e-05,0.667,-461,27
"331","EFCAB2",0.819402925467357,"ENSG00000203666","chr1","MA0065.1","Promoter (<=1kb)",84288,"ENST00000479923.1","ENSG00000203666","DRC8",1.23e-06,0.563,315,38
"332","SMYD3",0.921553178417343,"ENSG00000185420","chr1","MA0065.1","Promoter (<=1kb)",64754,"ENST00000391836.3","ENSG00000185420","SMYD3",1.17e-06,0.563,823,42
"333","CNST",0.321395015663301,"ENSG00000162852","chr1","PPARD_M05795_3.10","Promoter (<=1kb)",163882,"ENST00000366511.1","ENSG00000162852","CNST",6.74e-05,0.494,273,5
"334","AHCTF1",0.262163557500768,"ENSG00000153207","chr1","MA0065.1","Promoter (<=1kb)",25909,"ENST00000483900.1","ENSG00000153207","AHCTF1",2.35e-05,0.637,489,38
"335","TRAPPC12",0.331861160183161,"ENSG00000171853","chr2","MA0065.1","Promoter (1-2kb)",51112,"ENST00000479955.5","ENSG00000171853","TRAPPC12",3.13e-06,0.572,-1426,40
"336","ADI1",0.259604097768717,"ENSG00000182551","chr2","MA0065.1","Promoter (<=1kb)",55256,"ENST00000327435.11","ENSG00000182551","ADI1",5.23e-05,0.667,-799,31
"337","KIDINS220",0.523442639541458,"ENSG00000134313","chr2","MA0065.1","Promoter (1-2kb)",57498,"ENST00000473731.5","ENSG00000134313","KIDINS220",2.99e-05,0.653,-1223,22
"338","ITGB1BP1",0.208327475850854,"ENSG00000119185","chr2","MA0065.1","Promoter (<=1kb)",9270,"ENST00000456913.6","ENSG00000119185","ITGB1BP1",1.87e-05,0.628,0,4
"339","IAH1",0.257172628967821,"ENSG00000134330","chr2","MA0065.1","Promoter (<=1kb)",285148,"ENST00000495494.5","ENSG00000134330","IAH1",5.2e-06,0.572,-230,33
"340","ADAM17",0.347418406507267,"ENSG00000151694","chr2","MA0065.1","Promoter (1-2kb)",6868,"ENST00000648002.1","ENSG00000151694","ADAM17",9.14e-06,0.595,-1026,26
"341","YWHAQ",0.366999996766067,"ENSG00000134308","chr2","MA0065.1","Promoter (<=1kb)",10971,"ENST00000446619.1","ENSG00000134308","YWHAQ",1.44e-05,0.623,154,19
"342","NOL10",0.348141218213809,"ENSG00000115761","chr2","MA0065.1","Promoter (<=1kb)",79954,"ENST00000695466.1","ENSG00000115761","NOL10",5.45e-06,0.572,-841,41
"343","ROCK2",0.400898168507074,"ENSG00000134318","chr2","MA0065.1","Promoter (<=1kb)",9475,"ENST00000462366.1","ENSG00000134318","ROCK2",1.27e-05,0.623,482,28
"344","LPIN1",0.425760910116212,"ENSG00000134324","chr2","MA0065.1","Promoter (<=1kb)",23175,"ENST00000475922.1","ENSG00000134324","LPIN1",4.48e-06,0.572,-442,40
"345","NBAS",0.558882170919319,"ENSG00000151779","chr2","MA0065.1","Promoter (2-3kb)",51594,"ENST00000700064.1","ENSG00000151779","NBAS",6.55e-06,0.572,-2738,35
"346","DDX1",0.253803380773341,"ENSG00000079785","chr2","MA0066.1","Promoter (1-2kb)",1653,"ENST00000381341.7","ENSG00000079785","DDX1",7.03e-05,0.691,-1278,16
"347","SMC6",0.256802964453239,"ENSG00000163029","chr2","MA0065.1","Promoter (<=1kb)",79677,"ENST00000381272.5","ENSG00000163029","SMC6",1.9e-05,0.628,-651,28
"348","LAPTM4A",0.307903005158904,"ENSG00000068697","chr2","MA0065.1","Promoter (<=1kb)",9741,"ENST00000483117.1","ENSG00000068697","LAPTM4A",7.07e-06,0.572,960,41
"349","PUM2",0.554117470081844,"ENSG00000055917","chr2","MA0065.1","Promoter (<=1kb)",23369,"ENST00000440577.5","ENSG00000055917","PUM2",2.49e-05,0.642,859,22
"350","LDAH",0.226668370648082,"ENSG00000118961","chr2","MA0065.1","Promoter (1-2kb)",60526,"ENST00000619656.4","ENSG00000118961","LDAH",1.15e-05,0.622,-1380,35
"351","ATAD2B",0.406820627444503,"ENSG00000119778","chr2","MA0065.1","Promoter (<=1kb)",54454,"ENST00000478885.1","ENSG00000119778","ATAD2B",3.96e-06,0.572,-913,23
"352","UBXN2A",0.336877183448047,"ENSG00000173960","chr2","MA0065.1","Promoter (<=1kb)",165324,"ENST00000404924.5","ENSG00000173960","UBXN2A",3.46e-05,0.662,645,28
"353","ITSN2",0.63536827832479,"ENSG00000198399","chr2","MA0065.1","Promoter (<=1kb)",50618,"ENST00000449392.1","ENSG00000198399","ITSN2",3.57e-05,0.662,-405,24
"354","NCOA1",1.00576946401878,"ENSG00000084676","chr2","MA0065.1","Promoter (<=1kb)",8648,"ENST00000486198.1","ENSG00000084676","NCOA1",3.04e-05,0.653,908,23
"355","DNMT3A",0.245789879136935,"ENSG00000119772","chr2","MA0065.1","Promoter (1-2kb)",1788,"ENST00000402667.1","ENSG00000119772","DNMT3A",2.36e-06,0.566,-1110,36
"356","DTNB",0.337435759738654,"ENSG00000138101","chr2","MA0065.1","Promoter (1-2kb)",1838,"ENST00000288642.12","ENSG00000138101","DTNB",1.05e-06,0.563,-1412,34
"357","ASXL2",0.377469964887356,"ENSG00000143970","chr2","MA0065.1","Promoter (<=1kb)",55252,"ENST00000336112.9","ENSG00000143970","ASXL2",7.53e-05,0.682,761,30
"358","RAB10",0.57815127673799,"ENSG00000084733","chr2","MA1550.1","Promoter (<=1kb)",10890,"ENST00000495146.5","ENSG00000084733","RAB10",8.91e-05,0.671,0,19
"359","HADHA",0.557065657108756,"ENSG00000084754","chr2","MA0065.1","Promoter (1-2kb)",3030,"ENST00000646031.1","ENSG00000084754","HADHA",2.48e-05,0.642,-1509,30
"360","HADHB",1.27131939528763,"ENSG00000138029","chr2","MA0065.1","Promoter (<=1kb)",3032,"ENST00000448743.5","ENSG00000138029","HADHB",1.07e-05,0.613,-450,42
"361","OST4",0.388128807403282,"ENSG00000228474","chr2","MA0065.1","Promoter (2-3kb)",100128731,"ENST00000456793.2","ENSG00000228474","OST4",3.69e-05,0.662,-2040,37
"362","TRIM54",0.805131546479611,"ENSG00000138100","chr2","MA0065.1","Promoter (<=1kb)",57159,"ENST00000380075.7","ENSG00000138100","TRIM54",4.42e-05,0.666,-924,41
"363","MPV17",0.254316174640939,"ENSG00000115204","chr2","MA0065.1","Promoter (<=1kb)",4358,"ENST00000620797.4","ENSG00000115204","MPV17",1.44e-05,0.623,637,29
"364","PPM1G",0.242654116881159,"ENSG00000115241","chr2","MA0065.1","Promoter (<=1kb)",5496,"ENST00000344034.5","ENSG00000115241","PPM1G",2.38e-05,0.639,-833,38
"365","IFT172",0.261724669281173,"ENSG00000138002","chr2","MA0065.1","Promoter (<=1kb)",26160,"ENST00000476693.1","ENSG00000138002","IFT172",3.77e-06,0.572,-65,37
"366","PPP1CB",0.21997628772603,"ENSG00000213639","chr2","MA0066.1","Promoter (<=1kb)",5500,"ENST00000703183.1","ENSG00000213639","PPP1CB",3.58e-05,0.653,691,4
"367","CLIP4",0.254780722047097,"ENSG00000115295","chr2","MA0065.1","Promoter (<=1kb)",79745,"ENST00000481628.2","ENSG00000115295","CLIP4",9.14e-06,0.595,-936,30
"368","LBH",0.283684523814487,"ENSG00000213626","chr2","MA0065.1","Promoter (<=1kb)",81606,"ENST00000484150.1","ENSG00000213626","LBH",4.21e-05,0.665,909,31
"369","LCLAT1",0.785029641913942,"ENSG00000172954","chr2","MA0065.1","Promoter (2-3kb)",253558,"ENST00000466477.5","ENSG00000172954","LCLAT1",2.66e-06,0.572,-2202,42
"370","SLC30A6",0.216408677812478,"ENSG00000152683","chr2","MA0065.1","Promoter (<=1kb)",55676,"ENST00000457724.2","ENSG00000152683","SLC30A6",4.63e-05,0.667,955,26
"371","YIPF4",0.451452881283555,"ENSG00000119820","chr2","MA0065.1","Promoter (<=1kb)",84272,"ENST00000238831.9","ENSG00000119820","YIPF4",2.08e-05,0.634,-196,29
"372","BIRC6",0.997301863851256,"ENSG00000115760","chr2","MA0065.1","Promoter (<=1kb)",57448,"ENST00000421745.7","ENSG00000115760","BIRC6",6.51e-05,0.679,-415,23
"373","TTC27",0.313279344885458,"ENSG00000018699","chr2","MA0065.1","Promoter (<=1kb)",55622,"ENST00000454690.1","ENSG00000018699","TTC27",3.64e-05,0.662,61,8
"374","LTBP1",1.33821019010784,"ENSG00000049323","chr2","MA0065.1","Promoter (<=1kb)",4052,"ENST00000489740.1","ENSG00000049323","LTBP1",6.66e-06,0.572,101,29
"375","RASGRP3",0.585658050601408,"ENSG00000152689","chr2","MA0065.1","Promoter (<=1kb)",25780,"ENST00000419772.1","ENSG00000152689","RASGRP3",7.65e-06,0.579,825,12
"376","CRIM1",0.413703318794428,"ENSG00000150938","chr2","MA0065.1","Promoter (1-2kb)",51232,"ENST00000413985.1","ENSG00000150938","CRIM1",4.04e-05,0.662,-1283,32
"377","FEZ2",0.393085482838544,"ENSG00000171055","chr2","MA0065.1","Promoter (<=1kb)",9637,"ENST00000413938.5","ENSG00000171055","FEZ2",6.62e-06,0.572,545,41
"378","STRN",0.606564471398672,"ENSG00000115808","chr2","MA0065.1","Promoter (<=1kb)",6801,"ENST00000263918.9","ENSG00000115808","STRN",1.34e-05,0.623,455,25
"379","HEATR5B",0.479477159519491,"ENSG00000008869","chr2","MA0065.1","Promoter (2-3kb)",54497,"ENST00000478810.1","ENSG00000008869","HEATR5B",4.93e-06,0.572,-2127,35
"380","CEBPZOS",0.231524114843567,"ENSG00000218739","chr2","MA0065.1","Promoter (<=1kb)",100505876,"ENST00000438935.2","ENSG00000218739","CEBPZOS",8.06e-05,0.682,39,25
"381","CDC42EP3",0.473969141132441,"ENSG00000163171","chr2","MA0065.1","Promoter (2-3kb)",10602,"ENST00000453555.1","ENSG00000163171","CDC42EP3",7.41e-06,0.575,-2399,33
"382","SRSF7",0.215447352119773,"ENSG00000115875","chr2","MA0065.1","Promoter (<=1kb)",6432,"ENST00000432873.5","ENSG00000115875","SRSF7",7.62e-05,0.682,44,26
"383","SOS1",0.796924385959087,"ENSG00000115904","chr2","MA0065.1","Promoter (<=1kb)",6654,"ENST00000688043.1","ENSG00000115904","SOS1",4.6e-06,0.572,-846,34
"384","MAP4K3",1.0624490485552,"ENSG00000011566","chr2","MA0065.1","Promoter (<=1kb)",8491,"ENST00000263881.8","ENSG00000011566","MAP4K3",4.97e-05,0.667,8,1
"385","SLC8A1",3.15940112944281,"ENSG00000183023","chr2","MA0065.1","Promoter (2-3kb)",6546,"ENST00000405901.7","ENSG00000183023","SLC8A1",1.99e-05,0.632,-2896,33
"386","COX7A2L",0.238450222994467,"ENSG00000115944","chr2","MA0065.1","Promoter (<=1kb)",9167,"ENST00000482463.5","ENSG00000115944","COX7A2L",5.03e-05,0.667,78,24
"387","MTA3",0.322085727698932,"ENSG00000057935","chr2","MA0065.1","Promoter (<=1kb)",57504,"ENST00000491314.1","ENSG00000057935","MTA3",4.94e-05,0.667,-871,33
"388","THADA",0.467653364097901,"ENSG00000115970","chr2","MA0065.1","Promoter (<=1kb)",63892,"ENST00000485353.5","ENSG00000115970","THADA",6.76e-07,0.563,307,34
"389","LRPPRC",0.383528632853152,"ENSG00000138095","chr2","MA0065.1","Promoter (<=1kb)",10128,"ENST00000682612.1","ENSG00000138095","LRPPRC",2.23e-06,0.563,479,20
"390","PPM1B",0.442531632356626,"ENSG00000138032","chr2","MA0065.1","Promoter (1-2kb)",5495,"ENST00000488866.1","ENSG00000138032","PPM1B",3.53e-05,0.662,-1770,32
"391","PREPL",0.388237795183571,"ENSG00000138078","chr2","MA0855.1","Promoter (2-3kb)",9581,"ENST00000444696.5","ENSG00000138078","PREPL",4.12e-05,0.777,-2126,23
"392","CAMKMT",0.688837879621237,"ENSG00000143919","chr2","MA0065.1","Promoter (<=1kb)",79823,"ENST00000477830.1","ENSG00000143919","CAMKMT",2.64e-05,0.646,465,21
"393","PRKCE",0.898278891897836,"ENSG00000171132","chr2","MA0065.1","Promoter (1-2kb)",5581,"ENST00000421201.1","ENSG00000171132","PRKCE",1.06e-05,0.612,-1063,39
"394","RHOQ",0.705726971478663,"ENSG00000119729","chr2","MA0065.1","Promoter (<=1kb)",23433,"ENST00000489448.1","ENSG00000119729","RHOQ",8.77e-05,0.682,0,8
"395","MCFD2",0.223612435203864,"ENSG00000180398","chr2","MA0065.1","Promoter (<=1kb)",90411,"ENST00000417180.1","ENSG00000180398","MCFD2",7.84e-06,0.58,173,33
"396","TTC7A",0.228945061747111,"ENSG00000068724","chr2","MA0065.1","Promoter (<=1kb)",57217,"ENST00000409825.5","ENSG00000068724","TTC7A",1.38e-06,0.563,463,34
"397","FBXO11",0.602810586387988,"ENSG00000138081","chr2","MA0065.1","Promoter (<=1kb)",80204,"ENST00000405808.5","ENSG00000138081","FBXO11",3.71e-06,0.572,682,30
"398","PPP1R21",0.346360610597921,"ENSG00000162869","chr2","MA0065.1","Promoter (<=1kb)",129285,"ENST00000421486.1","ENSG00000162869","PPP1R21",5.59e-05,0.672,0,30
"399","PSME4",0.655145302498487,"ENSG00000068878","chr2","MA0065.1","Promoter (<=1kb)",23198,"ENST00000476586.5","ENSG00000068878","PSME4",3.49e-05,0.662,-204,20
"400","ACYP2",1.20319202457474,"ENSG00000170634","chr2","MA0065.1","Promoter (1-2kb)",98,"ENST00000606865.1","ENSG00000170634","ACYP2",1.77e-05,0.623,-1138,29
"401","SPTBN1",1.50244112458616,"ENSG00000115306","chr2","MA0065.1","Promoter (<=1kb)",6711,"ENST00000496323.1","ENSG00000115306","SPTBN1",7.81e-06,0.579,-512,25
"402","RTN4",0.215391888078275,"ENSG00000115310","chr2","MA0065.1","Promoter (1-2kb)",57142,"ENST00000834479.1","ENSG00000115310","RTN4",1.77e-06,0.563,-1505,42
"403","CCDC88A",0.296220014818785,"ENSG00000115355","chr2","MA0065.1","Promoter (<=1kb)",55704,"ENST00000642328.1","ENSG00000115355","CCDC88A",3.72e-06,0.572,657,23
"404","PPP4R3B",0.246612215733147,"ENSG00000275052","chr2","MA0065.1","Promoter (2-3kb)",57223,"ENST00000482826.1","ENSG00000275052","PPP4R3B",4.23e-06,0.572,-2704,37
"405","CCDC85A",0.22335748914099,"ENSG00000055813","chr2","MA0065.1","Promoter (1-2kb)",114800,"ENST00000407595.3","ENSG00000055813","CCDC85A",8.01e-05,0.682,-1315,33
"406","VRK2",0.390647725747624,"ENSG00000028116","chr2","MA0065.1","Promoter (<=1kb)",7444,"ENST00000463222.1","ENSG00000028116","VRK2",2.24e-05,0.637,257,4
"407","BCL11A",0.505479118574094,"ENSG00000119866","chr2","MA0065.1","Promoter (2-3kb)",53335,"ENST00000646249.1","ENSG00000119866","BCL11A",1.02e-07,0.452,-2553,36
"408","USP34",1.02794907776279,"ENSG00000115464","chr2","MA0065.1","Promoter (<=1kb)",9736,"ENST00000436269.1","ENSG00000115464","USP34",3.87e-06,0.572,-886,32
"409","XPO1",0.534697982184039,"ENSG00000082898","chr2","MA0065.1","Promoter (<=1kb)",7514,"ENST00000460037.1","ENSG00000082898","XPO1",8.41e-08,0.434,891,30
"410","COMMD1",0.897316622530971,"ENSG00000173163","chr2","MA0065.1","Promoter (<=1kb)",150684,"ENST00000471704.1","ENSG00000173163","COMMD1",2.03e-05,0.633,-111,34
"411","EHBP1",0.460996572735551,"ENSG00000115504","chr2","MA0065.1","Promoter (2-3kb)",23301,"ENST00000469591.1","ENSG00000115504","EHBP1",1.25e-05,0.623,-2078,32
"412","WDPCP",1.29599588192998,"ENSG00000143951","chr2","MA0065.1","Promoter (<=1kb)",51057,"ENST00000409354.6","ENSG00000143951","WDPCP",8.79e-06,0.591,105,22
"413","MDH1",0.881994963342426,"ENSG00000014641","chr2","MA0065.1","Promoter (<=1kb)",4190,"ENST00000495083.1","ENSG00000014641","MDH1",2.47e-05,0.641,-272,27
"414","UGP2",0.819329805212409,"ENSG00000169764","chr2","MA0065.1","Promoter (2-3kb)",7360,"ENST00000472047.5","ENSG00000169764","UGP2",8.46e-05,0.682,-2037,31
"415","VPS54",0.50080459507493,"ENSG00000143952","chr2","MA0065.1","Promoter (<=1kb)",51542,"ENST00000272322.9","ENSG00000143952","VPS54",4.28e-07,0.563,-445,41
"416","AFTPH",0.30126740938409,"ENSG00000119844","chr2","MA0065.1","Promoter (<=1kb)",54812,"ENST00000409183.5","ENSG00000119844","AFTPH",4.95e-05,0.667,165,14
"417","RAB1A",0.607740108322359,"ENSG00000138069","chr2","MA0065.1","Promoter (<=1kb)",5861,"ENST00000494188.1","ENSG00000138069","RAB1A",2.48e-05,0.641,319,29
"418","ACTR2",0.343555437702412,"ENSG00000138071","chr2","MA0065.1","Promoter (<=1kb)",10097,"ENST00000377982.8","ENSG00000138071","ACTR2",5.99e-05,0.674,219,19
"419","SPRED2",0.256173215436509,"ENSG00000198369","chr2","MA0065.1","Promoter (<=1kb)",200734,"ENST00000419244.2","ENSG00000198369","SPRED2",2.21e-05,0.636,800,40
"420","MEIS1",0.69017896968883,"ENSG00000143995","chr2","MA0065.1","Promoter (1-2kb)",4211,"ENST00000450027.2","ENSG00000143995","MEIS1",1.02e-05,0.608,-1459,36
"421","GFPT1",0.276087394789552,"ENSG00000198380","chr2","MA0065.1","Promoter (<=1kb)",2673,"ENST00000674438.1","ENSG00000198380","GFPT1",4.69e-05,0.667,146,9
"422","NFU1",0.215546061238206,"ENSG00000169599","chr2","MA0065.1","Promoter (<=1kb)",27247,"ENST00000462320.5","ENSG00000169599","NFU1",3.29e-05,0.658,119,39
"423","AAK1",1.44343948807608,"ENSG00000115977","chr2","MA0066.1","Promoter (2-3kb)",22848,"ENST00000489327.1","ENSG00000115977","AAK1",6.53e-05,0.687,-2375,31
"424","ANXA4",0.506995701706883,"ENSG00000196975","chr2","MA0065.1","Promoter (<=1kb)",307,"ENST00000472124.1","ENSG00000196975","ANXA4",2.01e-05,0.632,508,4
"425","MCEE",0.330737381709135,"ENSG00000124370","chr2","MA0065.1","Promoter (2-3kb)",84693,"ENST00000462609.2","ENSG00000124370","MCEE",7.89e-05,0.682,-2718,34
"426","PAIP2B",0.342918586240547,"ENSG00000124374","chr2","MA0855.1","Promoter (<=1kb)",400961,"ENST00000244221.9","ENSG00000124374","PAIP2B",6.48e-05,0.777,673,36
"427","ZNF638",1.26631071759241,"ENSG00000075292","chr2","MA0065.1","Promoter (1-2kb)",27332,"ENST00000483421.7","ENSG00000075292","ZNF638",2.29e-06,0.563,-1415,38
"428","DYSF",0.670522471141003,"ENSG00000135636","chr2","MA0065.1","Promoter (<=1kb)",8291,"ENST00000487180.5","ENSG00000135636","DYSF",4.87e-06,0.572,0,34
"429","EXOC6B",2.054683723712,"ENSG00000144036","chr2","MA0065.1","Promoter (2-3kb)",23233,"ENST00000410104.1","ENSG00000144036","EXOC6B",5.67e-06,0.572,-2379,37
"430","SFXN5",0.287159441811811,"ENSG00000144040","chr2","MA0065.1","Promoter (<=1kb)",94097,"ENST00000485057.5","ENSG00000144040","SFXN5",1.48e-06,0.563,-607,40
"431","ALMS1",0.21613783137778,"ENSG00000116127","chr2","MA0065.1","Promoter (<=1kb)",7840,"ENST00000464408.3","ENSG00000116127","ALMS1",1.58e-05,0.623,-424,36
"432","GCFC2",0.311515048582787,"ENSG00000005436","chr2","MA0065.1","Promoter (1-2kb)",6936,"ENST00000492826.1","ENSG00000005436","GCFC2",6.09e-05,0.675,-1344,22
"433","SUCLG1",0.369430736985941,"ENSG00000163541","chr2","MA0065.1","Promoter (<=1kb)",8802,"ENST00000483605.5","ENSG00000163541","SUCLG1",4.69e-06,0.572,431,33
"434","KCMF1",0.319177038644075,"ENSG00000176407","chr2","MA0066.1","Promoter (2-3kb)",56888,"ENST00000456682.1","ENSG00000176407","KCMF1",2.05e-05,0.647,-2063,29
"435","ELMOD3",0.24481204937878,"ENSG00000115459","chr2","MA0065.1","Promoter (<=1kb)",84173,"ENST00000496957.1","ENSG00000115459","ELMOD3",2.42e-05,0.641,214,25
"436","MAT2A",0.432163018769641,"ENSG00000168906","chr2","MA0065.1","Promoter (<=1kb)",4144,"ENST00000490878.1","ENSG00000168906","MAT2A",3.62e-05,0.662,-718,6
"437","USP39",0.734231206983384,"ENSG00000168883","chr2","MA0065.1","Promoter (<=1kb)",10713,"ENST00000465514.1","ENSG00000168883","USP39",1.95e-05,0.63,72,39
"438","PTCD3",0.312652701242238,"ENSG00000132300","chr2","MA0065.1","Promoter (<=1kb)",55037,"ENST00000483925.1","ENSG00000132300","PTCD3",1.37e-05,0.623,-276,33
"439","IMMT",0.471597155067298,"ENSG00000132305","chr2","MA0065.1","Promoter (<=1kb)",10989,"ENST00000460081.1","ENSG00000132305","IMMT",5.53e-06,0.572,-222,33
"440","REEP1",0.49099600865567,"ENSG00000068615","chr2","MA0065.1","Promoter (<=1kb)",65055,"ENST00000644644.1","ENSG00000068615","REEP1",1.76e-05,0.623,0,30
"441","RMND5A",0.32753029370937,"ENSG00000153561","chr2","MA0065.1","Promoter (<=1kb)",64795,"ENST00000283632.5","ENSG00000153561","RMND5A",6.2e-06,0.572,-810,37
"442","KRCC1",0.24190448899168,"ENSG00000172086","chr2","MA0065.1","Promoter (<=1kb)",51315,"ENST00000672766.1","ENSG00000172086","KRCC1",9.56e-05,0.686,0,30
"443","SMYD1",1.29268589783007,"ENSG00000115593","chr2","MA0066.1","Promoter (<=1kb)",150572,"ENST00000468008.1","ENSG00000115593","SMYD1",2.32e-05,0.647,714,10
"444","EIF2AK3",0.539043197822799,"ENSG00000172071","chr2","MA0065.1","Promoter (1-2kb)",9451,"ENST00000415570.1","ENSG00000172071","EIF2AK3",7.39e-06,0.575,-1087,33
"445","STARD7",0.378082439876162,"ENSG00000084090","chr2","MA0065.1","Promoter (<=1kb)",56910,"ENST00000479456.1","ENSG00000084090","STARD7",4.04e-05,0.662,359,26
"446","COX5B",0.754216214784733,"ENSG00000135940","chr2","MA0065.1","Promoter (1-2kb)",1329,"ENST00000258424.3","ENSG00000135940","COX5B",4.12e-05,0.663,-1916,30
"447","TMEM131",0.497466778559519,"ENSG00000075568","chr2","MA0065.1","Promoter (2-3kb)",23505,"ENST00000485245.2","ENSG00000075568","TMEM131",1.66e-06,0.563,-2732,38
"448","INPP4A",0.233004151034846,"ENSG00000040933","chr2","MA0065.1","Promoter (2-3kb)",3631,"ENST00000463367.1","ENSG00000040933","INPP4A",2.6e-06,0.572,-2825,32
"449","EIF5B",0.640988235392641,"ENSG00000158417","chr2","MA0065.1","Promoter (2-3kb)",9669,"ENST00000470868.1","ENSG00000158417","EIF5B",7.53e-05,0.682,-2238,27
"450","REV1",0.458333542471786,"ENSG00000135945","chr2","MA0065.1","Promoter (<=1kb)",51455,"ENST00000465086.1","ENSG00000135945","REV1",1.53e-06,0.563,547,33
"451","AFF3",0.38892494238961,"ENSG00000144218","chr2","MA0065.1","Promoter (1-2kb)",3899,"ENST00000445815.2","ENSG00000144218","AFF3",1.01e-05,0.607,-1625,36
"452","NPAS2",1.07988605109416,"ENSG00000170485","chr2","MA0065.1","Promoter (1-2kb)",4862,"ENST00000433408.1","ENSG00000170485","NPAS2",1.08e-06,0.563,-1055,39
"453","TBC1D8",0.95145089628046,"ENSG00000204634","chr2","MA0065.1","Promoter (<=1kb)",11138,"ENST00000485875.1","ENSG00000204634","TBC1D8",4.26e-06,0.572,-668,39
"454","RNF149",0.472893229615483,"ENSG00000163162","chr2","MA0065.1","Promoter (2-3kb)",284996,"ENST00000478404.1","ENSG00000163162","RNF149",1.55e-05,0.623,-2560,20
"455","MAP4K4",0.680490282018789,"ENSG00000071054","chr2","MA0065.1","Promoter (1-2kb)",9448,"ENST00000489490.1","ENSG00000071054","MAP4K4",4.04e-05,0.662,-1661,14
"456","TMEM182",0.581173600159537,"ENSG00000170417","chr2","MA0065.1","Promoter (<=1kb)",130827,"ENST00000484094.1","ENSG00000170417","TMEM182",3.19e-05,0.656,595,33
"457","FHL2",2.47508106706867,"ENSG00000115641","chr2","MA0065.1","Promoter (<=1kb)",2274,"ENST00000452732.1","ENSG00000115641","FHL2",3.64e-05,0.662,358,11
"458","LIMS1",0.688571941386928,"ENSG00000169756","chr2","MA0065.1","Promoter (1-2kb)",3987,"ENST00000434274.2","ENSG00000169756","LIMS1",5.11e-07,0.563,-1329,34
"459","RANBP2",0.283450563379219,"ENSG00000153201","chr2","MA0065.1","Promoter (<=1kb)",5903,"ENST00000697746.1","ENSG00000153201","RANBP2",2.19e-05,0.636,-977,6
"460","SH3RF3",0.397760357302934,"ENSG00000172985","chr2","MA0855.1","Promoter (<=1kb)",344558,"ENST00000309415.8","ENSG00000172985","SH3RF3",6.34e-05,0.777,899,21
"461","ANAPC1",0.238686162438929,"ENSG00000153107","chr2","MA0065.1","Promoter (1-2kb)",64682,"ENST00000643447.1","ENSG00000153107","ANAPC1",1.82e-06,0.563,-1342,41
"462","ZC3H6",0.215225471451851,"ENSG00000188177","chr2","MA0065.1","Promoter (2-3kb)",376940,"ENST00000409871.6","ENSG00000188177","ZC3H6",1.78e-05,0.623,-2516,33
"463","SLC35F5",0.335846925423295,"ENSG00000115084","chr2","MA0065.1","Promoter (1-2kb)",80255,"ENST00000460863.1","ENSG00000115084","SLC35F5",2.13e-05,0.635,-1317,32
"464","ACTR3",0.296093233937462,"ENSG00000115091","chr2","MA0065.1","Promoter (2-3kb)",10096,"ENST00000484165.1","ENSG00000115091","ACTR3",6.66e-05,0.681,-2711,24
"465","CCDC93",0.46189675883694,"ENSG00000125633","chr2","MA0065.1","Promoter (<=1kb)",54520,"ENST00000437999.5","ENSG00000125633","CCDC93",9.88e-06,0.605,-623,38
"466","DBI",0.397054257943728,"ENSG00000155368","chr2","MA0065.1","Promoter (<=1kb)",1622,"ENST00000475783.1","ENSG00000155368","DBI",3.12e-05,0.655,573,29
"467","PTPN4",0.571203659192802,"ENSG00000088179","chr2","MA0065.1","Promoter (<=1kb)",5775,"ENST00000488896.1","ENSG00000088179","PTPN4",1.19e-05,0.623,-142,22
"468","EPB41L5",0.434144941351901,"ENSG00000115109","chr2","MA0065.1","Promoter (1-2kb)",57669,"ENST00000263713.10","ENSG00000115109","EPB41L5",5.22e-06,0.572,-1256,12
"469","CLASP1",0.971425106192041,"ENSG00000074054","chr2","MA0065.1","Promoter (1-2kb)",23332,"ENST00000480007.1","ENSG00000074054","CLASP1",2.03e-05,0.633,-1949,34
"470","GYPC",0.242150597622606,"ENSG00000136732","chr2","MA0066.1","Promoter (<=1kb)",2995,"ENST00000356887.12","ENSG00000136732","GYPC",1.64e-06,0.578,143,35
"471","MAP3K2",0.359434601016236,"ENSG00000169967","chr2","MA0065.1","Promoter (2-3kb)",10746,"ENST00000344908.9","ENSG00000169967","MAP3K2",1.85e-07,0.499,-2712,34
"472","IWS1",0.246711452519252,"ENSG00000163166","chr2","MA0065.1","Promoter (<=1kb)",55677,"ENST00000497888.1","ENSG00000163166","IWS1",3.43e-05,0.662,-851,11
"473","LIMS2",0.426476777188128,"ENSG00000072163","chr2","MA0065.1","Promoter (<=1kb)",55679,"ENST00000409455.5","ENSG00000072163","LIMS2",2.39e-06,0.567,-378,36
"474","WDR33",0.439425226620619,"ENSG00000136709","chr2","MA0065.1","Promoter (<=1kb)",55339,"ENST00000408998.1","ENSG00000136709","WDR33",9.12e-05,0.684,328,4
"475","MZT2B",0.395254353816361,"ENSG00000152082","chr2","MA0066.1","Promoter (1-2kb)",80097,"ENST00000430381.1","ENSG00000152082","MZT2B",8.36e-05,0.703,-1075,12
"476","FAM168B",0.238744149380455,"ENSG00000152102","chr2","MA0065.1","Promoter (<=1kb)",130074,"ENST00000389915.4","ENSG00000152102","FAM168B",4.33e-05,0.665,-719,37
"477","MZT2A",0.3124712507219,"ENSG00000173272","chr2","MA0856.1","Promoter (<=1kb)",653784,"ENST00000427024.5","ENSG00000173272","MZT2A",7.33e-05,0.838,171,23
"478","NCKAP5",0.949538457568262,"ENSG00000176771","chr2","MA0065.1","Promoter (2-3kb)",344148,"ENST00000473859.1","ENSG00000176771","NCKAP5",1.01e-05,0.607,-2642,37
"479","MGAT5",1.10134213065596,"ENSG00000152127","chr2","MA0065.1","Promoter (<=1kb)",4249,"ENST00000488365.1","ENSG00000152127","MGAT5",1.98e-06,0.563,-183,32
"480","CCNT2",0.251475502275365,"ENSG00000082258","chr2","MA0065.1","Promoter (<=1kb)",905,"ENST00000419781.5","ENSG00000082258","CCNT2",4.38e-05,0.665,-540,28
"481","RAB3GAP1",0.716665046008986,"ENSG00000115839","chr2","MA0065.1","Promoter (<=1kb)",22930,"ENST00000689187.1","ENSG00000115839","RAB3GAP1",1.62e-05,0.623,-555,29
"482","ZRANB3",0.337601286227357,"ENSG00000121988","chr2","MA0065.1","Promoter (<=1kb)",84083,"ENST00000474919.1","ENSG00000121988","ZRANB3",5.01e-05,0.667,553,32
"483","R3HDM1",0.456930875369523,"ENSG00000048991","chr2","MA0065.1","Promoter (1-2kb)",23518,"ENST00000483065.1","ENSG00000048991","R3HDM1",2.08e-05,0.634,-1447,38
"484","UBXN4",0.341157405676872,"ENSG00000144224","chr2","MA0065.1","Promoter (2-3kb)",23190,"ENST00000470687.1","ENSG00000144224","UBXN4",5.53e-05,0.671,-2760,28
"485","GTDC1",0.488323167316289,"ENSG00000121964","chr2","MA0065.1","Promoter (<=1kb)",79712,"ENST00000476958.5","ENSG00000121964","QTMAN",1.49e-05,0.623,599,20
"486","ZEB2",0.648722216267113,"ENSG00000169554","chr2","MA0065.1","Promoter (1-2kb)",9839,"ENST00000647488.1","ENSG00000169554","ZEB2",2.46e-06,0.569,-1419,23
"487","ACVR2A",0.20652146806173,"ENSG00000121989","chr2","MA0855.1","Promoter (<=1kb)",92,"ENST00000404590.1","ENSG00000121989","ACVR2A",1.7e-05,0.757,81,22
"488","ORC4",0.25682824794354,"ENSG00000115947","chr2","MA0065.1","Promoter (<=1kb)",5000,"ENST00000478904.5","ENSG00000115947","ORC4",9.99e-06,0.606,931,29
"489","MBD5",1.12584953887805,"ENSG00000204406","chr2","MA0065.1","Promoter (2-3kb)",55777,"ENST00000636371.1","ENSG00000204406","MBD5",2.29e-06,0.563,-2336,37
"490","EPC2",0.21916307294391,"ENSG00000135999","chr2","MA0065.1","Promoter (1-2kb)",26122,"ENST00000491099.1","ENSG00000135999","EPC2",4.01e-05,0.662,-1613,12
"491","ARL5A",0.381016528348826,"ENSG00000162980","chr2","MA0065.1","Promoter (2-3kb)",26225,"ENST00000458140.6","ENSG00000162980","ARL5A",1.33e-05,0.623,-2672,33
"492","FMNL2",0.362275763983888,"ENSG00000157827","chr2","MA0065.1","Promoter (<=1kb)",114793,"ENST00000497192.1","ENSG00000157827","FMNL2",9.07e-06,0.595,65,36
"493","ACVR1",0.266387588203065,"ENSG00000115170","chr2","MA0065.1","Promoter (<=1kb)",90,"ENST00000487456.1","ENSG00000115170","ACVR1",3.17e-06,0.572,145,33
"494","PKP4",0.52383688177682,"ENSG00000144283","chr2","MA0065.1","Promoter (1-2kb)",8502,"ENST00000629219.1","ENSG00000144283","PKP4",2.99e-05,0.653,-1384,28
"495","TANC1",1.32853816248091,"ENSG00000115183","chr2","MA0065.1","Promoter (2-3kb)",85461,"ENST00000496406.1","ENSG00000115183","TANC1",2.41e-05,0.64,-2378,33
"496","WDSUB1",0.324828996427733,"ENSG00000196151","chr2","MA0065.1","Promoter (<=1kb)",151525,"ENST00000392796.7","ENSG00000196151","WDSUB1",1.87e-05,0.628,128,12
"497","BAZ2B",0.777317496172584,"ENSG00000123636","chr2","MA0065.1","Promoter (2-3kb)",29994,"ENST00000474437.1","ENSG00000123636","BAZ2B",3.08e-06,0.572,-2034,39
"498","RBMS1",1.01724667220212,"ENSG00000153250","chr2","MA0065.1","Promoter (2-3kb)",5937,"ENST00000409075.5","ENSG00000153250","RBMS1",7.89e-06,0.581,-2578,39
"499","TANK",0.28849652477666,"ENSG00000136560","chr2","MA0065.1","Promoter (2-3kb)",10010,"ENST00000259075.6","ENSG00000136560","TANK",5.92e-05,0.673,-2689,20
"500","FIGN",0.633264494312545,"ENSG00000182263","chr2","MA0066.1","Promoter (<=1kb)",55137,"ENST00000409634.5","ENSG00000182263","FIGN",7.08e-05,0.691,-867,30
"501","GRB14",0.263364405306813,"ENSG00000115290","chr2","MA0065.1","Promoter (<=1kb)",2888,"ENST00000497306.1","ENSG00000115290","GRB14",3.83e-05,0.662,580,12
"502","COBLL1",0.251369012645493,"ENSG00000082438","chr2","MA0065.1","Promoter (<=1kb)",22837,"ENST00000493713.1","ENSG00000082438","COBLL1",1.83e-05,0.625,-590,29
"503","CSRNP3",0.331946775958069,"ENSG00000178662","chr2","MA0065.1","Promoter (<=1kb)",80034,"ENST00000409420.1","ENSG00000178662","CSRNP3",5.32e-08,0.385,154,31
"504","XIRP2",0.736767055864223,"ENSG00000163092","chr2","MA0066.1","Promoter (<=1kb)",129446,"ENST00000672716.1","ENSG00000163092","XIRP2",6.37e-05,0.685,-54,20
"505","STK39",0.758006011018034,"ENSG00000198648","chr2","MA0066.1","Promoter (<=1kb)",27347,"ENST00000461000.1","ENSG00000198648","STK39",6.39e-05,0.685,916,29
"506","CERS6",1.48673616169818,"ENSG00000172292","chr2","PPARA_M10653_3.10","Promoter (<=1kb)",253782,"ENST00000392687.4","ENSG00000172292","CERS6",1.56e-05,0.3,0,3
"507","FASTKD1",0.479148467730614,"ENSG00000138399","chr2","MA0065.1","Promoter (<=1kb)",79675,"ENST00000488951.1","ENSG00000138399","FASTKD1",2.49e-05,0.642,337,19
"508","PPIG",0.390378293898456,"ENSG00000138398","chr2","MA0065.1","Promoter (<=1kb)",9360,"ENST00000678088.1","ENSG00000138398","PPIG",7.04e-06,0.572,-528,37
"509","UBR3",1.10531641337645,"ENSG00000144357","chr2","MA0065.1","Promoter (<=1kb)",130507,"ENST00000487689.1","ENSG00000144357","UBR3",1.5e-05,0.623,-18,28
"510","TLK1",0.448617730000993,"ENSG00000198586","chr2","MA0065.1","Promoter (<=1kb)",9874,"ENST00000453628.1","ENSG00000198586","TLK1",3.12e-07,0.555,772,30
"511","DYNC1I2",0.240449534448546,"ENSG00000077380","chr2","MA0065.1","Promoter (1-2kb)",1781,"ENST00000340296.8","ENSG00000077380","DYNC1I2",7.96e-05,0.682,-1374,12
"512","SLC25A12",1.0715320435032,"ENSG00000115840","chr2","MA0065.1","Promoter (1-2kb)",8604,"ENST00000494892.1","ENSG00000115840","SLC25A12",7.78e-06,0.579,-1600,30
"513","METAP1D",0.249301284105793,"ENSG00000172878","chr2","MA0065.1","Promoter (1-2kb)",254042,"ENST00000488581.5","ENSG00000172878","METAP1D",3.47e-05,0.662,-1881,22
"514","RAPGEF4",0.308477933915073,"ENSG00000091428","chr2","MA0065.1","Promoter (<=1kb)",11069,"ENST00000466030.1","ENSG00000091428","RAPGEF4",1.07e-05,0.614,-870,16
"515","SP3",0.260555015466279,"ENSG00000172845","chr2","MA0065.1","Promoter (2-3kb)",6670,"ENST00000651846.1","ENSG00000172845","SP3",6.83e-06,0.572,-2601,39
"516","OLA1",0.376037392290818,"ENSG00000138430","chr2","MA0065.1","Promoter (<=1kb)",29789,"ENST00000429575.1","ENSG00000138430","OLA1",1.47e-05,0.623,874,31
"517","GPR155",0.294790914369278,"ENSG00000163328","chr2","MA0065.1","Promoter (2-3kb)",151556,"ENST00000459996.1","ENSG00000163328","GPR155",2.12e-05,0.634,-2389,36
"518","CHN1",0.304653527420622,"ENSG00000128656","chr2","MA0065.1","Promoter (2-3kb)",1123,"ENST00000651315.1","ENSG00000128656","CHN1",7.34e-06,0.574,-2123,30
"519","ATF2",0.283400030516795,"ENSG00000115966","chr2","MA0065.1","Promoter (1-2kb)",1386,"ENST00000435004.6","ENSG00000115966","ATF2",2.41e-06,0.568,-1172,30
"520","MTX2",0.444807254373965,"ENSG00000128654","chr2","MA0066.1","Promoter (1-2kb)",10651,"ENST00000420864.5","ENSG00000128654","MTX2",3.91e-05,0.657,-1991,15
"521","HNRNPA3",0.300481422450769,"ENSG00000170144","chr2","MA1148.1","Promoter (<=1kb)",220988,"ENST00000679328.1","ENSG00000170144","HNRNPA3",1.35e-05,0.553,88,10
"522","NFE2L2",0.642765454683238,"ENSG00000116044","chr2","MA0065.1","Promoter (<=1kb)",4780,"ENST00000699350.1","ENSG00000116044","NFE2L2",3.11e-06,0.572,996,28
"523","AGPS",0.238805581242583,"ENSG00000018510","chr2","MA0065.1","Promoter (<=1kb)",8540,"ENST00000680705.1","ENSG00000018510","AGPS",3.99e-07,0.563,0,28
"524","OSBPL6",0.22312705359661,"ENSG00000079156","chr2","MA0065.1","Promoter (1-2kb)",114880,"ENST00000315022.2","ENSG00000079156","OSBPL6",3.4e-05,0.661,-1747,24
"525","TTN",4.24352350235357,"ENSG00000155657","chr2","MA0065.1","Promoter (1-2kb)",7273,"ENST00000359218.11","ENSG00000155657","TTN",2.24e-05,0.637,-1053,26
"526","CCDC141",1.07538972243608,"ENSG00000163492","chr2","MA0065.1","Promoter (1-2kb)",285025,"ENST00000498142.1","ENSG00000163492","CCDC141",3.89e-05,0.662,-1034,27
"527","SESTD1",0.291409904777744,"ENSG00000187231","chr2","MA0065.1","Promoter (<=1kb)",91404,"ENST00000335289.5","ENSG00000187231","SESTD1",5.26e-05,0.668,938,31
"528","UBE2E3",0.258879626296351,"ENSG00000170035","chr2","MA0065.1","Promoter (<=1kb)",10477,"ENST00000602888.5","ENSG00000170035","UBE2E3",3.45e-05,0.662,76,25
"529","PPP1R1C",0.495452607530035,"ENSG00000150722","chr2","MA0065.1","Promoter (<=1kb)",151242,"ENST00000479855.1","ENSG00000150722","PPP1R1C",2.29e-06,0.563,-341,38
"530","PDE1A",0.249182890271685,"ENSG00000115252","chr2","MA0065.1","Promoter (<=1kb)",5136,"ENST00000409365.6","ENSG00000115252","PDE1A",9.47e-06,0.6,386,18
"531","NCKAP1",0.653478973971418,"ENSG00000061676","chr2","MA0065.1","Promoter (<=1kb)",10787,"ENST00000478449.5","ENSG00000061676","NCKAP1",7.78e-06,0.579,690,42
"532","ITGAV",0.709682194347717,"ENSG00000138448","chr2","MA0065.1","Promoter (1-2kb)",3685,"ENST00000433736.6","ENSG00000138448","ITGAV",2e-05,0.632,-1960,32
"533","ANKAR",0.31144037027258,"ENSG00000151687","chr2","MA0065.1","Promoter (1-2kb)",150709,"ENST00000474303.5","ENSG00000151687","ANKAR",1.94e-05,0.629,-1526,27
"534","C2orf88",0.240854511309532,"ENSG00000187699","chr2","MA0065.1","Promoter (<=1kb)",84281,"ENST00000443551.2","ENSG00000187699","AKAP19",5.38e-05,0.67,635,30
"535","HIBCH",0.458402405081384,"ENSG00000198130","chr2","MA0065.1","Promoter (1-2kb)",26275,"ENST00000489147.1","ENSG00000198130","HIBCH",7.09e-06,0.572,-1877,38
"536","GLS",0.304299576835327,"ENSG00000115419","chr2","MA0065.1","Promoter (1-2kb)",2744,"ENST00000338435.9","ENSG00000115419","GLS",1.43e-05,0.623,-1495,33
"537","TMEFF2",0.506481563719251,"ENSG00000144339","chr2","MA0065.1","Promoter (<=1kb)",23671,"ENST00000409056.3","ENSG00000144339","TMEFF2",8.88e-06,0.593,191,25
"538","HECW2",0.904673924044614,"ENSG00000138411","chr2","MA0065.1","Promoter (1-2kb)",57520,"ENST00000647402.1","ENSG00000138411","HECW2",3.26e-05,0.658,-1577,36
"539","ANKRD44",0.320893871333429,"ENSG00000065413","chr2","MA0065.1","Promoter (2-3kb)",91526,"ENST00000477852.1","ENSG00000065413","ANKRD44",6.15e-06,0.572,-2196,34
"540","SF3B1",0.2607033592226,"ENSG00000115524","chr2","MA0065.1","Promoter (<=1kb)",23451,"ENST00000414174.1","ENSG00000115524","SF3B1",6.58e-07,0.563,177,29
"541","PLCL1",2.13226969166429,"ENSG00000115896","chr2","MA0065.1","Promoter (<=1kb)",5334,"ENST00000487695.6","ENSG00000115896","PLCL1",2.43e-05,0.641,-34,23
"542","SPATS2L",0.434244963122385,"ENSG00000196141","chr2","MA0065.1","Promoter (<=1kb)",26010,"ENST00000438761.5","ENSG00000196141","SPATS2L",2.15e-05,0.635,-691,35
"543","CLK1",0.329800791925436,"ENSG00000013441","chr2","MA0065.1","Promoter (1-2kb)",1195,"ENST00000496205.1","ENSG00000013441","CLK1",9.17e-06,0.596,-1495,29
"544","ORC2",0.483041576720711,"ENSG00000115942","chr2","MA0065.1","Promoter (<=1kb)",4999,"ENST00000474877.1","ENSG00000115942","ORC2",1.12e-05,0.619,152,32
"545","NDUFB3",0.415165451486666,"ENSG00000119013","chr2","MA0065.1","Promoter (<=1kb)",4709,"ENST00000450023.6","ENSG00000119013","NDUFB3",2.57e-05,0.644,-587,22
"546","CFLAR",1.26009797202236,"ENSG00000003402","chr2","MA0065.1","Promoter (<=1kb)",8837,"ENST00000423241.6","ENSG00000003402","CFLAR",7.09e-06,0.572,-261,28
"547","TRAK2",0.89156891430041,"ENSG00000115993","chr2","MA0065.1","Promoter (2-3kb)",66008,"ENST00000440597.1","ENSG00000115993","TRAK2",3.03e-05,0.653,-2184,31
"548","STRADB",0.356380359171186,"ENSG00000082146","chr2","MA0065.1","Promoter (<=1kb)",55437,"ENST00000458269.6","ENSG00000082146","STRADB",1.58e-05,0.623,-981,10
"549","ALS2",0.260123887881652,"ENSG00000003393","chr2","MA0065.1","Promoter (2-3kb)",57679,"ENST00000681663.1","ENSG00000003393","ALS2",1.55e-05,0.623,-2868,28
"550","SUMO1",0.306676640546225,"ENSG00000116030","chr2","MA0065.1","Promoter (1-2kb)",7341,"ENST00000469034.1","ENSG00000116030","SUMO1",7.14e-05,0.682,-1264,32
"551","BMPR2",0.847542931526782,"ENSG00000204217","chr2","MA0065.1","Promoter (<=1kb)",659,"ENST00000374580.10","ENSG00000204217","BMPR2",1.27e-05,0.623,-298,39
"552","WDR12",0.25909010024148,"ENSG00000138442","chr2","MA0065.1","Promoter (<=1kb)",55759,"ENST00000478869.1","ENSG00000138442","WDR12",1.87e-05,0.628,-690,20
"553","CARF",0.254358964664337,"ENSG00000138380","chr2","MA0065.1","Promoter (<=1kb)",79800,"ENST00000427712.5","ENSG00000138380","CARF",9.17e-05,0.684,615,26
"554","NBEAL1",0.527147425179568,"ENSG00000144426","chr2","MA0065.1","Promoter (<=1kb)",65065,"ENST00000684709.1","ENSG00000144426","NBEAL1",3.07e-05,0.654,-242,13
"555","CYP20A1",0.218310947010033,"ENSG00000119004","chr2","MA0065.1","Promoter (<=1kb)",57404,"ENST00000449301.5","ENSG00000119004","CYP20A1",2.57e-05,0.644,-574,39
"556","ABI2",0.579994793403131,"ENSG00000138443","chr2","MA0065.1","Promoter (<=1kb)",10152,"ENST00000416396.5","ENSG00000138443","ABI2",8.58e-06,0.588,-627,29
"557","RAPH1",0.62969500760192,"ENSG00000173166","chr2","MA0065.1","Promoter (<=1kb)",65059,"ENST00000428637.5","ENSG00000173166","RAPH1",8.11e-05,0.682,-703,16
"558","PARD3B",0.749642935979151,"ENSG00000116117","chr2","MA0065.1","Promoter (<=1kb)",117583,"ENST00000494482.1","ENSG00000116117","PARD3B",1.05e-05,0.611,730,38
"559","INO80D",0.272994534354583,"ENSG00000114933","chr2","MA0065.1","Promoter (1-2kb)",54891,"ENST00000424117.5","ENSG00000114933","INO80D",2.16e-06,0.563,-1819,37
"560","NDUFS1",0.692976919635774,"ENSG00000023228","chr2","MA0066.1","Promoter (<=1kb)",4719,"ENST00000457011.5","ENSG00000023228","NDUFS1",6.58e-05,0.687,26,3
"561","ADAM23",0.816330754221935,"ENSG00000114948","chr2","MA0065.1","Promoter (<=1kb)",8745,"ENST00000444281.1","ENSG00000114948","ADAM23",2.61e-05,0.645,773,25
"562","KLF7",0.400336594974675,"ENSG00000118263","chr2","MA0065.1","Promoter (<=1kb)",8609,"ENST00000457962.5","ENSG00000118263","KLF7",1.98e-06,0.563,-879,27
"563","CREB1",0.393475697673633,"ENSG00000118260","chr2","MA0065.1","Promoter (1-2kb)",1385,"ENST00000430624.5","ENSG00000118260","CREB1",2.67e-05,0.647,-1237,39
"564","METTL21A",0.207364491853649,"ENSG00000144401","chr2","MA0065.1","Promoter (1-2kb)",151194,"ENST00000461419.6","ENSG00000144401","METTL21A",1.5e-05,0.623,-1504,28
"565","PLEKHM3",0.357624887652291,"ENSG00000178385","chr2","MA0065.1","Promoter (1-2kb)",389072,"ENST00000421964.4","ENSG00000178385","PLEKHM3",1.44e-05,0.623,-1240,42
"566","IDH1",0.220207137821767,"ENSG00000138413","chr2","MA0065.1","Promoter (<=1kb)",3417,"ENST00000451391.5","ENSG00000138413","IDH1",5.45e-05,0.67,264,18
"567","PIKFYVE",0.263088542248983,"ENSG00000115020","chr2","MA0065.1","Promoter (1-2kb)",200576,"ENST00000474721.1","ENSG00000115020","PIKFYVE",7.76e-06,0.579,-1501,32
"568","KANSL1L",0.648213509893606,"ENSG00000144445","chr2","MA0065.1","Promoter (<=1kb)",151050,"ENST00000634716.1","ENSG00000144445","KANSL1L",7.14e-05,0.682,391,16
"569","ERBB4",1.79381536912353,"ENSG00000178568","chr2","MA0065.1","Promoter (2-3kb)",2066,"ENST00000484474.1","ENSG00000178568","ERBB4",2.84e-05,0.65,-2441,27
"570","IKZF2",0.227284448460881,"ENSG00000030419","chr2","MA0065.1","Promoter (<=1kb)",22807,"ENST00000453575.5","ENSG00000030419","IKZF2",1.68e-05,0.623,821,24
"571","SPAG16",0.418360697537035,"ENSG00000144451","chr2","MA0066.1","Promoter (2-3kb)",79582,"ENST00000451561.1","ENSG00000144451","SPAG16",2.15e-05,0.647,-2302,12
"572","XRCC5",0.320363566722143,"ENSG00000079246","chr2","MA0065.1","Promoter (1-2kb)",7520,"ENST00000392133.7","ENSG00000079246","XRCC5",1.04e-05,0.61,-1788,37
"573","IGFBP2",0.300940867746394,"ENSG00000115457","chr2","MA0065.1","Promoter (<=1kb)",3485,"ENST00000456764.1","ENSG00000115457","IGFBP2",2.54e-05,0.644,370,38
"574","TNS1",0.998342023826106,"ENSG00000079308","chr2","MA0065.1","Promoter (2-3kb)",7145,"ENST00000423413.1","ENSG00000079308","TNS1",1.71e-06,0.563,-2494,38
"575","PNKD",0.24015564542537,"ENSG00000127838","chr2","MA0065.1","Promoter (<=1kb)",25953,"ENST00000258362.7","ENSG00000127838","PNKD",1.4e-06,0.563,-406,33
"576","DES",1.99783089834985,"ENSG00000175084","chr2","MA0065.1","Promoter (2-3kb)",1674,"ENST00000483395.1","ENSG00000175084","DES",3.35e-06,0.572,-2219,38
"577","SPEG",0.300971205934724,"ENSG00000072195","chr2","MA0065.1","Promoter (<=1kb)",10290,"ENST00000312358.12","ENSG00000072195","SPEG",1.61e-06,0.563,727,36
"578","OBSL1",0.272124863664103,"ENSG00000124006","chr2","MA0065.1","Promoter (<=1kb)",23363,"ENST00000462385.1","ENSG00000124006","OBSL1",1.86e-06,0.563,75,42
"579","SLC4A3",0.572324003272707,"ENSG00000114923","chr2","MA0065.1","Promoter (<=1kb)",6508,"ENST00000373760.6","ENSG00000114923","SLC4A3",1.25e-05,0.623,-416,37
"580","SGPP2",0.32535649367635,"ENSG00000163082","chr2","MA0065.1","Promoter (2-3kb)",130367,"ENST00000321276.8","ENSG00000163082","SGPP2",4.74e-05,0.667,-2694,29
"581","ACSL3",0.390149309850398,"ENSG00000123983","chr2","MA0065.1","Promoter (<=1kb)",2181,"ENST00000680424.1","ENSG00000123983","ACSL3",2.79e-05,0.649,770,33
"582","WDFY1",0.207077748223647,"ENSG00000085449","chr2","MA0065.1","Promoter (<=1kb)",57590,"ENST00000491453.1","ENSG00000085449","WDFY1",1.96e-05,0.63,285,31
"583","CUL3",0.368251317445984,"ENSG00000036257","chr2","MA0065.1","Promoter (1-2kb)",8452,"ENST00000484081.1","ENSG00000036257","CUL3",2.15e-05,0.635,-1862,41
"584","RHBDD1",0.264351461877601,"ENSG00000144468","chr2","MA0065.1","Promoter (<=1kb)",84236,"ENST00000493526.1","ENSG00000144468","RHBDD1",1.23e-06,0.563,110,34
"585","MFF",0.348759248992051,"ENSG00000168958","chr2","MA0065.1","Promoter (<=1kb)",56947,"ENST00000490857.5","ENSG00000168958","MFF",1.61e-05,0.623,88,28
"586","AGFG1",0.365233033047182,"ENSG00000173744","chr2","MA0065.1","Promoter (1-2kb)",3267,"ENST00000486932.1","ENSG00000173744","AGFG1",6.64e-05,0.681,-1147,6
"587","SPHKAP",1.04248532396504,"ENSG00000153820","chr2","MA0065.1","Promoter (<=1kb)",80309,"ENST00000392056.8","ENSG00000153820","SPHKAP",5.5e-05,0.67,-498,34
"588","TRIP12",0.554972365990811,"ENSG00000153827","chr2","MA0065.1","Promoter (2-3kb)",9320,"ENST00000477441.1","ENSG00000153827","TRIP12",8.49e-06,0.587,-2410,32
"589","SP100",0.276846960097174,"ENSG00000067066","chr2","MA0065.1","Promoter (<=1kb)",6672,"ENST00000494901.5","ENSG00000067066","SP100",6.15e-06,0.572,939,26
"590","CAB39",0.443951139981599,"ENSG00000135932","chr2","MA0065.1","Promoter (<=1kb)",51719,"ENST00000409788.7","ENSG00000135932","CAB39",2.9e-05,0.651,242,29
"591","PSMD1",0.38241247812651,"ENSG00000173692","chr2","MA0065.1","Promoter (2-3kb)",5707,"ENST00000677180.1","ENSG00000173692","PSMD1",9.31e-05,0.685,-2271,14
"592","ARMC9",0.326321663422815,"ENSG00000135931","chr2","MA0065.1","Promoter (<=1kb)",80210,"ENST00000469789.2","ENSG00000135931","ARMC9",4.4e-06,0.572,775,28
"593","PTMA",0.214239186286282,"ENSG00000187514","chr2","MA0065.1","Promoter (<=1kb)",5757,"ENST00000409683.5","ENSG00000187514","PTMA",9.93e-05,0.687,445,20
"594","DIS3L2",0.378375140243029,"ENSG00000144535","chr2","MA0065.1","Promoter (1-2kb)",129563,"ENST00000434477.5","ENSG00000144535","DIS3L2",3.5e-07,0.558,-1477,42
"595","EIF4E2",0.393849152699345,"ENSG00000135930","chr2","MA0065.1","Promoter (1-2kb)",9470,"ENST00000478878.1","ENSG00000135930","EIF4E2",3.89e-06,0.572,-1052,39
"596","GIGYF2",0.51535120659674,"ENSG00000204120","chr2","MA0065.1","Promoter (<=1kb)",26058,"ENST00000474312.5","ENSG00000204120","GIGYF2",4e-06,0.572,-992,32
"597","DGKD",0.274860249619808,"ENSG00000077044","chr2","MA0065.1","Promoter (<=1kb)",8527,"ENST00000465569.1","ENSG00000077044","DGKD",1.5e-05,0.623,318,41
"598","USP40",0.361490716260262,"ENSG00000085982","chr2","MA0065.1","Promoter (<=1kb)",55230,"ENST00000454354.1","ENSG00000085982","USP40",2.04e-05,0.634,421,27
"599","AGAP1",0.606944836482619,"ENSG00000157985","chr2","MA0065.1","Promoter (<=1kb)",116987,"ENST00000402604.6","ENSG00000157985","AGAP1",1.04e-05,0.61,-571,39
"600","ASB18",0.467872394585149,"ENSG00000182177","chr2","MA0065.1","Promoter (<=1kb)",401036,"ENST00000430053.1","ENSG00000182177","ASB18",4.86e-06,0.572,-522,37
"601","COPS8",0.215047747639789,"ENSG00000198612","chr2","MA0065.1","Promoter (<=1kb)",10920,"ENST00000447464.1","ENSG00000198612","COPS8",1.43e-05,0.623,-716,34
"602","LRRFIP1",1.21547213634532,"ENSG00000124831","chr2","MA0065.1","Promoter (<=1kb)",9208,"ENST00000498053.5","ENSG00000124831","LRRFIP1",1.51e-05,0.623,202,35
"603","RAMP1",0.554078005788333,"ENSG00000132329","chr2","MA0066.1","Promoter (<=1kb)",10267,"ENST00000404910.6","ENSG00000132329","RAMP1",6.04e-05,0.685,-482,36
"604","HDAC4",0.595193694503744,"ENSG00000068024","chr2","MA0065.1","Promoter (<=1kb)",9759,"ENST00000495497.1","ENSG00000068024","HDAC4",2.37e-06,0.566,197,37
"605","NDUFA10",0.461849415052118,"ENSG00000130414","chr2","MA0065.1","Promoter (<=1kb)",4705,"ENST00000677324.1","ENSG00000130414","NDUFA10",1.09e-05,0.616,-281,36
"606","GPC1",0.220889020722794,"ENSG00000063660","chr2","MA0065.1","Promoter (<=1kb)",2817,"ENST00000466624.1","ENSG00000063660","GPC1",1.07e-05,0.613,-28,40
"607","SNED1",0.21559038589235,"ENSG00000162804","chr2","MA0065.1","Promoter (<=1kb)",25992,"ENST00000401644.6","ENSG00000162804","SNED1",6.13e-06,0.572,-138,30
"608","HDLBP",0.421727166257825,"ENSG00000115677","chr2","MA0065.1","Promoter (2-3kb)",3069,"ENST00000430918.5","ENSG00000115677","HDLBP",5.81e-06,0.572,-2060,42
"609","FARP2",0.234345175324323,"ENSG00000006607","chr2","MA0065.1","Promoter (1-2kb)",9855,"ENST00000473510.1","ENSG00000006607","FARP2",3.39e-06,0.572,-1048,39
"610","ATG4B",0.30508677511881,"ENSG00000168397","chr2","MA0065.1","Promoter (2-3kb)",23192,"ENST00000344376.9","ENSG00000168397","ATG4B",4.38e-06,0.572,-2096,28
"611","SUMF1",0.545108762787802,"ENSG00000144455","chr3","MA0065.1","Promoter (1-2kb)",100130207,"ENST00000470751.5","ENSG00000144455","LOC100130207",1.05e-05,0.611,-1890,31
"612","ITPR1",0.287712987813438,"ENSG00000150995","chr3","MA0065.1","Promoter (<=1kb)",3708,"ENST00000647673.1","ENSG00000150995","ITPR1",8.62e-07,0.563,930,31
"613","ARL8B",0.253523388567522,"ENSG00000134108","chr3","MA0065.1","Promoter (1-2kb)",55207,"ENST00000468010.1","ENSG00000134108","ARL8B",9.99e-06,0.606,-1552,22
"614","SRGAP3",0.480723297146435,"ENSG00000196220","chr3","MA0065.1","Promoter (<=1kb)",9901,"ENST00000433332.7","ENSG00000196220","SRGAP3",1.86e-05,0.627,995,25
"615","SETD5",0.809067703639547,"ENSG00000168137","chr3","MA0065.1","Promoter (1-2kb)",55209,"ENST00000490791.5","ENSG00000168137","SETD5",2.85e-06,0.572,-1825,13
"616","MTMR14",0.23088766677499,"ENSG00000163719","chr3","MA0065.1","Promoter (<=1kb)",64419,"ENST00000480578.1","ENSG00000163719","MTMR14",1.18e-06,0.563,526,32
"617","EMC3",0.358246791196816,"ENSG00000125037","chr3","MA0065.1","Promoter (2-3kb)",55831,"ENST00000497557.2","ENSG00000125037","EMC3",5.55e-06,0.572,-2155,35
"618","SEC13",0.223802358847063,"ENSG00000157020","chr3","MA0065.1","Promoter (<=1kb)",6396,"ENST00000490283.1","ENSG00000157020","SEC13",8.64e-06,0.589,189,19
"619","ATG7",0.580114286344165,"ENSG00000197548","chr3","MA0065.1","Promoter (2-3kb)",10533,"ENST00000467121.1","ENSG00000197548","ATG7",1.41e-06,0.563,-2343,37
"620","VGLL4",0.506551230409501,"ENSG00000144560","chr3","MA0065.1","Promoter (2-3kb)",9686,"ENST00000413604.5","ENSG00000144560","VGLL4",1.36e-05,0.623,-2854,38
"621","PPARG",0.283283510971981,"ENSG00000132170","chr3","MA0065.1","Promoter (2-3kb)",5468,"ENST00000684277.1","ENSG00000132170","PPARG",5.57e-07,0.563,-2148,31
"622","TSEN2",0.242495845867843,"ENSG00000154743","chr3","MA0065.1","Promoter (<=1kb)",80746,"ENST00000679420.1","ENSG00000154743","TSEN2",3.62e-05,0.662,0,31
"623","RAF1",0.709862671862168,"ENSG00000132155","chr3","MA0065.1","Promoter (<=1kb)",5894,"ENST00000687505.1","ENSG00000132155","RAF1",1.83e-05,0.625,99,13
"624","CAND2",0.216142339033222,"ENSG00000144712","chr3","MA0065.1","Promoter (1-2kb)",23066,"ENST00000295989.9","ENSG00000144712","CAND2",3.44e-05,0.662,-1483,39
"625","GRIP2",0.600840998245777,"ENSG00000144596","chr3","MA0065.1","Promoter (<=1kb)",80852,"ENST00000756381.1","ENSG00000144596","GRIP2",8.95e-06,0.593,-702,39
"626","NR2C2",0.324359526344181,"ENSG00000177463","chr3","MA0065.1","Promoter (<=1kb)",7182,"ENST00000435454.5","ENSG00000177463","NR2C2",2.18e-05,0.636,-67,30
"627","CAPN7",0.486503506304939,"ENSG00000131375","chr3","MA0065.1","Promoter (2-3kb)",23473,"ENST00000463417.5","ENSG00000131375","CAPN7",1.73e-06,0.563,-2367,32
"628","COLQ",0.284191892136166,"ENSG00000206561","chr3","MA0065.1","Promoter (1-2kb)",8292,"ENST00000681222.1","ENSG00000206561","COLQ",1.03e-05,0.608,-1536,42
"629","ANKRD28",0.328128568619124,"ENSG00000206560","chr3","MA0065.1","Promoter (<=1kb)",23243,"ENST00000462657.1","ENSG00000206560","ANKRD28",1.24e-05,0.623,940,10
"630","OXNAD1",0.335715356875972,"ENSG00000154814","chr3","MA0065.1","Promoter (<=1kb)",92106,"ENST00000607329.1","ENSG00000154814","OXNAD1",2.86e-05,0.65,-185,32
"631","PLCL2",1.23340579741045,"ENSG00000154822","chr3","MA0065.1","Promoter (2-3kb)",23228,"ENST00000419842.1","ENSG00000154822","PLCL2",2.98e-05,0.653,-2312,33
"632","TBC1D5",1.14807942712131,"ENSG00000131374","chr3","MA0065.1","Promoter (1-2kb)",9779,"ENST00000433533.5","ENSG00000131374","TBC1D5",5.18e-05,0.667,-1883,33
"633","RAB5A",0.228729771702101,"ENSG00000144566","chr3","MA0065.1","Promoter (<=1kb)",5868,"ENST00000476544.1","ENSG00000144566","RAB5A",4.37e-05,0.665,475,27
"634","KAT2B",0.476103196297914,"ENSG00000114166","chr3","MA0065.1","Promoter (1-2kb)",8850,"ENST00000469085.1","ENSG00000114166","KAT2B",5.37e-06,0.572,-1488,34
"635","ZNF385D",0.349952374745773,"ENSG00000151789","chr3","MA0065.1","Promoter (<=1kb)",79750,"ENST00000281523.8","ENSG00000151789","ZNF385D",1.91e-06,0.563,-703,34
"636","UBE2E2",1.46394335684894,"ENSG00000182247","chr3","PPARD_M05796_3.10","Promoter (<=1kb)",7325,"ENST00000452894.5","ENSG00000182247","UBE2E2",8.34e-05,0.971,-45,1
"637","UBE2E1",0.507688104078474,"ENSG00000170142","chr3","MA0065.1","Promoter (<=1kb)",7324,"ENST00000475680.5","ENSG00000170142","UBE2E1",3.91e-05,0.662,242,18
"638","NR1D2",0.241849899384873,"ENSG00000174738","chr3","MA0065.1","Promoter (2-3kb)",9975,"ENST00000468700.1","ENSG00000174738","NR1D2",9.56e-05,0.686,-2339,35
"639","THRB",1.07103069577697,"ENSG00000151090","chr3","MA0065.1","Promoter (<=1kb)",7068,"ENST00000646300.1","ENSG00000151090","THRB",4.24e-05,0.665,-809,29
"640","RARB",0.604424864072302,"ENSG00000077092","chr3","MA0065.1","Promoter (<=1kb)",5915,"ENST00000691580.1","ENSG00000077092","RARB",9.47e-07,0.563,346,31
"641","TOP2B",0.359431394111731,"ENSG00000077097","chr3","MA0065.1","Promoter (2-3kb)",7155,"ENST00000699046.1","ENSG00000077097","TOP2B",4.15e-07,0.563,-2853,32
"642","NGLY1",0.292688358735325,"ENSG00000151092","chr3","MA0065.1","Promoter (<=1kb)",55768,"ENST00000489271.5","ENSG00000151092","NGLY1",5.29e-05,0.668,-392,27
"643","NEK10",0.683706958260973,"ENSG00000163491","chr3","MA0065.1","Promoter (<=1kb)",152110,"ENST00000295720.10","ENSG00000163491","NEK10",3.57e-06,0.572,874,18
"644","SLC4A7",0.253049037819614,"ENSG00000033867","chr3","MA0065.1","Promoter (1-2kb)",9497,"ENST00000491211.1","ENSG00000033867","SLC4A7",7.96e-07,0.563,-1844,39
"645","CMC1",0.387920495299918,"ENSG00000187118","chr3","MA0065.1","Promoter (2-3kb)",152100,"ENST00000477739.1","ENSG00000187118","CMC1",8.96e-05,0.683,-2584,14
"646","ZCWPW2",0.211232250485528,"ENSG00000206559","chr3","MA0065.1","Promoter (2-3kb)",152098,"ENST00000457897.1","ENSG00000206559","ZCWPW2",9.56e-05,0.686,-2733,22
"647","RBMS3",1.29927285542217,"ENSG00000144642","chr3","MA0065.1","Promoter (<=1kb)",27303,"ENST00000636680.2","ENSG00000144642","RBMS3",1.21e-05,0.623,-19,16
"648","TGFBR2",0.631039630368572,"ENSG00000163513","chr3","MA0065.1","Promoter (<=1kb)",7048,"ENST00000672866.1","ENSG00000163513","TGFBR2",1.42e-05,0.623,697,30
"649","STT3B",0.382005815957505,"ENSG00000163527","chr3","MA0065.1","Promoter (<=1kb)",201595,"ENST00000462235.6","ENSG00000163527","STT3B",2.92e-05,0.652,918,20
"650","GPD1L",0.535944064416931,"ENSG00000152642","chr3","MA0065.1","Promoter (1-2kb)",23171,"ENST00000429432.5","ENSG00000152642","GPD1L",2.04e-05,0.634,-1743,40
"651","DYNC1LI1",0.212791103565492,"ENSG00000144635","chr3","MA0065.1","Promoter (1-2kb)",51143,"ENST00000273130.9","ENSG00000144635","DYNC1LI1",2.54e-05,0.644,-1312,28
"652","FBXL2",0.319396473533915,"ENSG00000153558","chr3","MA0065.1","Promoter (1-2kb)",25827,"ENST00000498807.5","ENSG00000153558","FBXL2",1.59e-05,0.623,-1811,37
"653","CLASP2",1.04311130005605,"ENSG00000163539","chr3","MA0065.1","Promoter (<=1kb)",23122,"ENST00000480385.1","ENSG00000163539","CLASP2",1.02e-05,0.607,-280,31
"654","PDCD6IP",0.423279501582886,"ENSG00000170248","chr3","MA0065.1","Promoter (2-3kb)",10015,"ENST00000473593.1","ENSG00000170248","PDCD6IP",5.41e-06,0.572,-2292,26
"655","EPM2AIP1",0.4706373314909,"ENSG00000178567","chr3","PPARD_M05796_3.10","Promoter (<=1kb)",9852,"ENST00000322716.8","ENSG00000178567","EPM2AIP1",2.63e-05,0.936,284,7
"656","MLH1",0.225917402514791,"ENSG00000076242","chr3","MA0065.1","Promoter (<=1kb)",4292,"ENST00000674125.1","ENSG00000076242","MLH1",1.12e-05,0.619,702,34
"657","LRRFIP2",1.66607275704274,"ENSG00000093167","chr3","MA0065.1","Promoter (<=1kb)",9209,"ENST00000487246.1","ENSG00000093167","LRRFIP2",9.47e-06,0.6,295,24
"658","GOLGA4",1.35538470248484,"ENSG00000144674","chr3","MA0065.1","Promoter (<=1kb)",2803,"ENST00000419177.3","ENSG00000144674","GOLGA4",2.61e-07,0.534,308,31
"659","ITGA9",0.691953021852633,"ENSG00000144668","chr3","MA0065.1","Promoter (1-2kb)",3680,"ENST00000461533.1","ENSG00000144668","ITGA9",1.36e-05,0.623,-1061,38
"660","CTDSPL",0.322826601160853,"ENSG00000144677","chr3","MA0065.1","Promoter (<=1kb)",10217,"ENST00000310189.3","ENSG00000144677","CTDSPL",3.29e-05,0.658,37,26
"661","ACAA1",0.227330678469818,"ENSG00000060971","chr3","MA0065.1","Promoter (<=1kb)",30,"ENST00000469600.1","ENSG00000060971","ACAA1",3.05e-05,0.654,66,41
"662","OXSR1",0.237712678810477,"ENSG00000172939","chr3","MA0065.1","Promoter (<=1kb)",9943,"ENST00000467900.1","ENSG00000172939","OXSR1",4.58e-05,0.667,-990,26
"663","EXOG",0.657134995047129,"ENSG00000157036","chr3","MA0065.1","Promoter (1-2kb)",9941,"ENST00000483749.1","ENSG00000157036","EXOG",4.74e-05,0.667,-1148,31
"664","SCN5A",0.923253367193865,"ENSG00000183873","chr3","MA0065.1","Promoter (1-2kb)",6331,"ENST00000464652.1","ENSG00000183873","SCN5A",1.14e-05,0.621,-1593,41
"665","XIRP1",0.48459307375406,"ENSG00000168334","chr3","MA1148.1","Promoter (<=1kb)",165904,"ENST00000396251.1","ENSG00000168334","XIRP1",6.22e-05,0.564,-552,17
"666","EIF1B",0.682588416797417,"ENSG00000114784","chr3","MA0065.1","Promoter (<=1kb)",10289,"ENST00000488260.1","ENSG00000114784","EIF1B",2.94e-05,0.652,210,10
"667","CTNNB1",0.3802184676111,"ENSG00000168036","chr3","MA0065.1","Promoter (<=1kb)",1499,"ENST00000441708.2","ENSG00000168036","CTNNB1",6.11e-06,0.572,907,21
"668","ULK4",0.216540359959096,"ENSG00000168038","chr3","MA0065.1","Promoter (1-2kb)",54986,"ENST00000460406.1","ENSG00000168038","ULK4",2.22e-05,0.636,-1505,34
"669","TRAK1",0.887642010374572,"ENSG00000182606","chr3","MA0065.1","Promoter (<=1kb)",22906,"ENST00000427771.1","ENSG00000182606","TRAK1",8.52e-06,0.587,-688,34
"670","NKTR",0.620090675662368,"ENSG00000114857","chr3","MA0065.1","Promoter (<=1kb)",4820,"ENST00000498730.5","ENSG00000114857","NKTR",7.14e-06,0.573,335,26
"671","SNRK",0.318233452881297,"ENSG00000163788","chr3","MA0065.1","Promoter (2-3kb)",54861,"ENST00000454177.5","ENSG00000163788","SNRK",4.75e-05,0.667,-2708,32
"672","ANO10",0.263832027194358,"ENSG00000160746","chr3","MA0065.1","Promoter (2-3kb)",55129,"ENST00000413397.5","ENSG00000160746","ANO10",4.84e-05,0.667,-2112,33
"673","TCAIM",0.314864686007017,"ENSG00000179152","chr3","MA0065.1","Promoter (<=1kb)",285343,"ENST00000417768.1","ENSG00000179152","TCAIM",4.4e-05,0.665,570,27
"674","ZNF197",0.207989662588448,"ENSG00000281709","chr3","MA0066.1","Promoter (<=1kb)",110354863,"ENST00000412641.1","ENSG00000281709","ZNF660-ZNF197",1.87e-05,0.647,-309,32
"675","ZNF197",0.207989662588448,"ENSG00000186448","chr3","MA0855.1","Promoter (<=1kb)",10168,"ENST00000396058.1","ENSG00000186448","ZNF197",3.32e-05,0.777,-382,28
"676","LARS2",0.320239800092165,"ENSG00000011376","chr3","MA0065.1","Promoter (<=1kb)",23395,"ENST00000642274.1","ENSG00000011376","LARS2",5.35e-06,0.572,258,33
"677","LIMD1",0.297885963878636,"ENSG00000144791","chr3","MA0065.1","Promoter (<=1kb)",8994,"ENST00000474665.1","ENSG00000144791","LIMD1",2.33e-05,0.637,195,36
"678","SACM1L",0.225610467077614,"ENSG00000211456","chr3","MA0065.1","Promoter (<=1kb)",22908,"ENST00000464102.5","ENSG00000211456","SACM1L",8.49e-06,0.587,-63,39
"679","FYCO1",0.258701951754408,"ENSG00000163820","chr3","MA0065.1","Promoter (<=1kb)",79443,"ENST00000433878.5","ENSG00000163820","FYCO1",6.01e-05,0.674,172,11
"680","LRRC2",1.18075320011312,"ENSG00000163827","chr3","MA0065.1","Promoter (1-2kb)",79442,"ENST00000496388.1","ENSG00000163827","LRRC2",1.07e-05,0.613,-1728,27
"681","ALS2CL",0.209790328888692,"ENSG00000178038","chr3","MA0065.1","Promoter (<=1kb)",259173,"ENST00000498817.5","ENSG00000178038","ALS2CL",3.04e-06,0.572,-747,42
"682","MYL3",1.53708231089988,"ENSG00000160808","chr3","MA0065.1","Promoter (<=1kb)",4634,"ENST00000713934.1","ENSG00000160808","MYL3",4.28e-06,0.572,-217,33
"683","CCDC12",0.348868723820184,"ENSG00000160799","chr3","MA0065.1","Promoter (<=1kb)",151903,"ENST00000605875.1","ENSG00000160799","CCDC12",4.78e-05,0.667,902,14
"684","SETD2",0.607247738538005,"ENSG00000181555","chr3","MA0065.1","Promoter (<=1kb)",29072,"ENST00000693738.1","ENSG00000181555","SETD2",2.2e-06,0.563,-471,23
"685","SCAP",0.220929970500773,"ENSG00000114650","chr3","MA0065.1","Promoter (1-2kb)",22937,"ENST00000487942.1","ENSG00000114650","SCAP",7.34e-06,0.574,-1634,30
"686","SMARCC1",0.310377168235575,"ENSG00000173473","chr3","MA0065.1","Promoter (<=1kb)",6599,"ENST00000462198.5","ENSG00000173473","SMARCC1",3.08e-05,0.654,-761,37
"687","DHX30",0.213395911803147,"ENSG00000132153","chr3","MA0065.1","Promoter (<=1kb)",22907,"ENST00000474183.1","ENSG00000132153","DHX30",7.89e-06,0.581,-557,41
"688","MAP4",1.98740291247466,"ENSG00000047849","chr3","MA0065.1","Promoter (<=1kb)",4134,"ENST00000462206.1","ENSG00000047849","MAP4",3.69e-06,0.572,537,35
"689","TMA7",0.339718917594886,"ENSG00000232112","chr3","RXRA_M10652_3.10","Promoter (<=1kb)",51372,"ENST00000477624.1","ENSG00000232112","TMA7",3.87e-05,0.0952,69,2
"690","UQCRC1",0.447301018908047,"ENSG00000010256","chr3","MA0065.1","Promoter (<=1kb)",7384,"ENST00000460105.1","ENSG00000010256","UQCRC1",8.49e-08,0.434,161,41
"691","IP6K2",0.279281778572603,"ENSG00000068745","chr3","MA0065.1","Promoter (<=1kb)",51447,"ENST00000433104.2","ENSG00000068745","IP6K2",2.83e-07,0.546,-154,36
"692","PRKAR2A",0.381696428023875,"ENSG00000114302","chr3","MA0065.1","Promoter (<=1kb)",5576,"ENST00000438535.1","ENSG00000114302","PRKAR2A",5.85e-06,0.572,-765,24
"693","SLC25A20",0.268229399250273,"ENSG00000178537","chr3","MA0065.1","Promoter (2-3kb)",788,"ENST00000430379.5","ENSG00000178537","SLC25A20",5.97e-07,0.563,-2750,41
"694","ARIH2",0.600521368288632,"ENSG00000177479","chr3","MA0065.1","Promoter (<=1kb)",10425,"ENST00000474936.6","ENSG00000177479","ARIH2",2.39e-06,0.567,325,37
"695","QRICH1",0.23661739461367,"ENSG00000198218","chr3","MA0065.1","Promoter (2-3kb)",54870,"ENST00000498440.5","ENSG00000198218","QRICH1",4.94e-05,0.667,-2537,22
"696","LAMB2",0.247487474263098,"ENSG00000172037","chr3","MA0065.1","Promoter (<=1kb)",3913,"ENST00000483321.1","ENSG00000172037","LAMB2",6.08e-07,0.563,-521,40
"697","USP4",0.275757845996597,"ENSG00000114316","chr3","MA0065.1","Promoter (<=1kb)",7375,"ENST00000486549.5","ENSG00000114316","USP4",9.17e-05,0.684,55,15
"698","RHOA",0.291638479989704,"ENSG00000067560","chr3","MA0065.1","Promoter (<=1kb)",387,"ENST00000679208.1","ENSG00000067560","RHOA",4.84e-07,0.563,-25,31
"699","DAG1",0.290910709766199,"ENSG00000173402","chr3","MA0065.1","Promoter (<=1kb)",1605,"ENST00000479935.1","ENSG00000173402","DAG1",1.26e-05,0.623,373,23
"700","IP6K1",0.207588896003652,"ENSG00000176095","chr3","MA0065.1","Promoter (<=1kb)",9807,"ENST00000321599.9","ENSG00000176095","IP6K1",1.61e-05,0.623,-288,26
"701","RBM6",0.855466947012128,"ENSG00000004534","chr3","MA0065.1","Promoter (<=1kb)",10180,"ENST00000464013.5","ENSG00000004534","RBM6",4.43e-06,0.572,778,31
"702","RBM5",0.295814754262972,"ENSG00000003756","chr3","MA0065.1","Promoter (<=1kb)",10181,"ENST00000462025.1","ENSG00000003756","RBM5",1.34e-05,0.623,-49,26
"703","MAPKAPK3",0.363191965053316,"ENSG00000114738","chr3","MA0065.1","Promoter (<=1kb)",7867,"ENST00000486712.5","ENSG00000114738","MAPKAPK3",1.9e-05,0.628,-972,42
"704","DOCK3",0.849432152335074,"ENSG00000088538","chr3","MA0066.2","Promoter (<=1kb)",1795,"ENST00000266037.10","ENSG00000088538","DOCK3",1e-04,0.749,-824,35
"705","RAD54L2",0.209288282173229,"ENSG00000164080","chr3","MA0065.1","Promoter (2-3kb)",23132,"ENST00000432863.1","ENSG00000164080","RAD54L2",5.64e-05,0.672,-2591,26
"706","TNNC1",1.15034666715034,"ENSG00000114854","chr3","MA0065.1","Promoter (<=1kb)",7134,"ENST00000461086.1","ENSG00000114854","TNNC1",1e-08,0.262,254,42
"707","PBRM1",0.597558433576604,"ENSG00000163939","chr3","MA0065.1","Promoter (<=1kb)",55193,"ENST00000439181.5","ENSG00000163939","PBRM1",8.64e-05,0.682,47,5
"708","DCP1A",0.41157616857875,"ENSG00000272886","chr3","MA0065.1","Promoter (2-3kb)",55802,"ENST00000558034.1","ENSG00000272886","DCP1A",5.68e-05,0.672,-2231,24
"709","CACNA2D3",0.810502747909309,"ENSG00000157445","chr3","MA0065.1","Promoter (<=1kb)",55799,"ENST00000478466.1","ENSG00000157445","CACNA2D3",1.34e-05,0.623,146,23
"710","ERC2",0.239272832548497,"ENSG00000187672","chr3","MA0065.1","Promoter (<=1kb)",26059,"ENST00000473469.5","ENSG00000187672","ERC2",7.57e-07,0.563,-807,31
"711","CCDC66",0.353092851050302,"ENSG00000180376","chr3","MA0065.1","Promoter (<=1kb)",285331,"ENST00000473322.1","ENSG00000180376","CCDC66",1.05e-05,0.611,297,33
"712","ARHGEF3",0.468558893620089,"ENSG00000163947","chr3","MA0065.1","Promoter (<=1kb)",50650,"ENST00000477833.5","ENSG00000163947","ARHGEF3",1.92e-06,0.563,-299,32
"713","APPL1",0.355031186147809,"ENSG00000157500","chr3","MA0065.1","Promoter (2-3kb)",26060,"ENST00000464446.5","ENSG00000157500","APPL1",1.76e-07,0.496,-2900,39
"714","ASB14",0.265746743582946,"ENSG00000239388","chr3","MA0065.1","Promoter (2-3kb)",142686,"ENST00000515033.1","ENSG00000239388","ASB14",3.52e-05,0.662,-2345,22
"715","ARF4",0.251543687982765,"ENSG00000168374","chr3","MA0855.1","Promoter (<=1kb)",378,"ENST00000483848.5","ENSG00000168374","ARF4",4.2e-05,0.777,250,23
"716","DENND6A",0.392657963867473,"ENSG00000174839","chr3","MA0065.1","Promoter (<=1kb)",201627,"ENST00000464875.1","ENSG00000174839","DENND6A",2.72e-05,0.648,272,13
"717","SLMAP",1.49876657593357,"ENSG00000163681","chr3","MA0065.1","Promoter (<=1kb)",7871,"ENST00000416658.5","ENSG00000163681","SLMAP",3.93e-07,0.563,-610,31
"718","FLNB",0.413928514535725,"ENSG00000136068","chr3","MA0065.1","Promoter (<=1kb)",2317,"ENST00000468939.1","ENSG00000136068","FLNB",9.14e-06,0.595,525,19
"719","FAM107A",0.261914453900532,"ENSG00000168309","chr3","MA0065.1","Promoter (1-2kb)",11170,"ENST00000447756.2","ENSG00000168309","FAM107A",5.89e-06,0.572,-1378,34
"720","FHIT",1.81925359959046,"ENSG00000189283","chr3","MA0065.1","Promoter (1-2kb)",2272,"ENST00000466788.1","ENSG00000189283","FHIT",6.89e-05,0.682,-1282,25
"721","PTPRG",2.01383577797112,"ENSG00000144724","chr3","MA0065.1","Promoter (<=1kb)",5793,"ENST00000495879.1","ENSG00000144724","PTPRG",4.22e-05,0.665,-546,26
"722","CADPS",0.889510132098381,"ENSG00000163618","chr3","MA0065.1","Promoter (2-3kb)",8618,"ENST00000478434.4","ENSG00000163618","CADPS",8.12e-06,0.584,-2590,32
"723","ATXN7",0.235650024938157,"ENSG00000163635","chr3","MA0065.1","Promoter (<=1kb)",6314,"ENST00000477516.1","ENSG00000163635","ATXN7",1e-06,0.563,473,38
"724","ADAMTS9",0.220458688760482,"ENSG00000163638","chr3","MA0065.1","Promoter (1-2kb)",56999,"ENST00000498707.5","ENSG00000163638","ADAMTS9",1.59e-05,0.623,-1629,30
"725","MAGI1",2.24139855689674,"ENSG00000151276","chr3","MA0065.1","Promoter (2-3kb)",9223,"ENST00000494271.1","ENSG00000151276","MAGI1",1.46e-06,0.563,-2406,37
"726","SLC25A26",0.426433246992196,"ENSG00000144741","chr3","MA0065.1","Promoter (<=1kb)",115286,"ENST00000691603.1","ENSG00000144741","SLC25A26",2.46e-06,0.569,-622,35
"727","LRIG1",0.425169921821649,"ENSG00000144749","chr3","MA0065.1","Promoter (<=1kb)",26018,"ENST00000498287.5","ENSG00000144749","LRIG1",5.19e-05,0.667,-842,19
"728","SUCLG2",0.539305245525842,"ENSG00000172340","chr3","MA0065.1","Promoter (2-3kb)",8801,"ENST00000460567.5","ENSG00000172340","SUCLG2",1.66e-05,0.623,-2292,34
"729","UBA3",0.380245532249924,"ENSG00000144744","chr3","MA0065.1","Promoter (<=1kb)",9039,"ENST00000349511.8","ENSG00000144744","UBA3",1.57e-05,0.623,-316,34
"730","ARL6IP5",0.453497029709365,"ENSG00000144746","chr3","MA0065.1","Promoter (1-2kb)",10550,"ENST00000273258.4","ENSG00000144746","ARL6IP5",4.44e-05,0.666,-1660,25
"731","LMOD3",0.307202119069859,"ENSG00000163380","chr3","MA0065.1","Promoter (<=1kb)",56203,"ENST00000420581.7","ENSG00000163380","LMOD3",7.44e-06,0.576,330,38
"732","FRMD4B",0.397723419017859,"ENSG00000114541","chr3","MA0065.1","Promoter (2-3kb)",23150,"ENST00000731554.1","ENSG00000114541","FRMD4B",8.61e-06,0.589,-2349,28
"733","MITF",1.45126115546364,"ENSG00000187098","chr3","MA0065.1","Promoter (1-2kb)",4286,"ENST00000314589.11","ENSG00000187098","MITF",1.13e-05,0.62,-1807,31
"734","FOXP1",1.48303952762374,"ENSG00000114861","chr3","MA0065.1","Promoter (<=1kb)",27086,"ENST00000318789.11","ENSG00000114861","FOXP1",6.68e-07,0.563,-703,27
"735","GXYLT2",0.35313492565697,"ENSG00000172986","chr3","MA0065.1","Promoter (<=1kb)",727936,"ENST00000498315.1","ENSG00000172986","GXYLT2",6.44e-06,0.572,-415,25
"736","PPP4R2",0.43342750792119,"ENSG00000163605","chr3","MA0065.1","Promoter (<=1kb)",151987,"ENST00000460360.1","ENSG00000163605","PPP4R2",5.73e-05,0.672,744,34
"737","PDZRN3",1.73144072646563,"ENSG00000121440","chr3","MA0065.1","Promoter (<=1kb)",23024,"ENST00000492909.1","ENSG00000121440","PDZRN3",3.34e-07,0.555,375,31
"738","GBE1",1.33571434394377,"ENSG00000114480","chr3","MA0065.1","Promoter (<=1kb)",2632,"ENST00000429644.7","ENSG00000114480","GBE1",1.19e-05,0.623,925,33
"739","CADM2",0.515581034880875,"ENSG00000175161","chr3","MA0065.1","Promoter (2-3kb)",253559,"ENST00000793556.1","ENSG00000175161","CADM2",6.07e-06,0.572,-2324,16
"740","CGGBP1",0.564169946608265,"ENSG00000163320","chr3","MA0065.1","Promoter (<=1kb)",8545,"ENST00000467332.1","ENSG00000163320","CGGBP1",4.71e-05,0.667,527,3
"741","PROS1",0.295429698647666,"ENSG00000184500","chr3","MA0065.1","Promoter (2-3kb)",5627,"ENST00000650591.1","ENSG00000184500","PROS1",1.69e-06,0.563,-2577,30
"742","CRYBG3",0.221722522935871,"ENSG00000080200","chr3","MA0065.1","Promoter (<=1kb)",131544,"ENST00000485253.1","ENSG00000080200","CRYBG3",5.55e-06,0.572,194,24
"743","ST3GAL6",0.709215214179158,"ENSG00000064225","chr3","MA0065.1","Promoter (1-2kb)",10402,"ENST00000477899.5","ENSG00000064225","ST3GAL6",5.67e-06,0.572,-1918,41
"744","DCBLD2",0.482405448477555,"ENSG00000057019","chr3","MA0065.1","Promoter (<=1kb)",131566,"ENST00000460008.1","ENSG00000057019","DCBLD2",5.28e-06,0.572,543,33
"745","CMSS1",0.491116945631609,"ENSG00000184220","chr3","MA0065.1","Promoter (2-3kb)",84319,"ENST00000478909.5","ENSG00000184220","CMSS1",3.98e-05,0.662,-2140,38
"746","FILIP1L",0.840097460074557,"ENSG00000168386","chr3","MA0065.1","Promoter (1-2kb)",11259,"ENST00000487087.5","ENSG00000168386","FILIP1L",2.73e-05,0.649,-1053,39
"747","TBC1D23",0.208847285313936,"ENSG00000036054","chr3","MA0065.1","Promoter (<=1kb)",55773,"ENST00000484231.1","ENSG00000036054","TBC1D23",1.47e-05,0.623,92,28
"748","TFG",0.316494617514419,"ENSG00000114354","chr3","MA0065.1","Promoter (<=1kb)",10342,"ENST00000675420.1","ENSG00000114354","TFG",1.13e-05,0.62,0,9
"749","SENP7",0.329502585268357,"ENSG00000138468","chr3","MA0065.1","Promoter (1-2kb)",57337,"ENST00000314261.11","ENSG00000138468","SENP7",1.98e-05,0.632,-1721,36
"750","PCNP",0.373289426454704,"ENSG00000081154","chr3","MA0065.1","Promoter (<=1kb)",57092,"ENST00000470490.1","ENSG00000081154","PCNP",3.8e-05,0.662,74,8
"751","NXPE3",0.255999936919784,"ENSG00000144815","chr3","MA0066.1","Promoter (<=1kb)",91775,"ENST00000704553.1","ENSG00000144815","NXPE3",3.77e-05,0.654,-974,31
"752","CBLB",1.73295633405379,"ENSG00000114423","chr3","MA0065.1","Promoter (<=1kb)",868,"ENST00000642241.1","ENSG00000114423","CBLB",1.22e-05,0.623,0,36
"753","BBX",0.519043106071027,"ENSG00000114439","chr3","MA0065.1","Promoter (2-3kb)",56987,"ENST00000473542.1","ENSG00000114439","BBX",9.14e-06,0.595,-2764,32
"754","CD47",0.258029425445129,"ENSG00000196776","chr3","MA0065.1","Promoter (1-2kb)",961,"ENST00000644850.1","ENSG00000196776","CD47",1.49e-05,0.623,-1258,19
"755","DZIP3",0.258297006305676,"ENSG00000198919","chr3","PPARG_M10636_3.10","Promoter (<=1kb)",9666,"ENST00000495008.5","ENSG00000198919","DZIP3",7.41e-05,0.246,0,1
"756","PHLDB2",0.480092970312645,"ENSG00000144824","chr3","MA0065.1","Promoter (<=1kb)",90102,"ENST00000393925.7","ENSG00000144824","PHLDB2",1.88e-05,0.628,11,31
"757","NAA50",0.23396721881664,"ENSG00000121579","chr3","MA0065.1","Promoter (<=1kb)",80218,"ENST00000240922.8","ENSG00000121579","NAA50",2.76e-08,0.338,0,28
"758","ATP6V1A",0.267860577937696,"ENSG00000114573","chr3","MA0065.1","Promoter (2-3kb)",523,"ENST00000703911.1","ENSG00000114573","ATP6V1A",5.39e-05,0.67,-2439,40
"759","ZBTB20",2.23566787534039,"ENSG00000181722","chr3","MA0065.1","Promoter (1-2kb)",26137,"ENST00000491500.5","ENSG00000181722","ZBTB20",1.01e-05,0.607,-1354,14
"760","LSAMP",0.207193692322954,"ENSG00000185565","chr3","MA0065.1","Promoter (2-3kb)",4045,"ENST00000498645.1","ENSG00000185565","LSAMP",5.13e-06,0.572,-2345,38
"761","ARHGAP31",0.613392834594783,"ENSG00000031081","chr3","MA0065.1","Promoter (1-2kb)",57514,"ENST00000264245.9","ENSG00000031081","ARHGAP31",2.32e-08,0.321,-1068,38
"762","TIMMDC1",0.316225298886831,"ENSG00000113845","chr3","MA0065.1","Promoter (<=1kb)",51300,"ENST00000494664.6","ENSG00000113845","TIMMDC1",2.19e-05,0.636,-36,29
"763","POPDC2",1.08725495814485,"ENSG00000121577","chr3","MA0065.1","Promoter (<=1kb)",64091,"ENST00000474523.5","ENSG00000121577","POPDC2",1.06e-05,0.612,582,32
"764","COX17",0.376359881530946,"ENSG00000138495","chr3","MA0065.1","Promoter (<=1kb)",10063,"ENST00000468918.5","ENSG00000138495","COX17",1.33e-05,0.623,-969,36
"765","GSK3B",0.734914657456846,"ENSG00000082701","chr3","MA0065.1","Promoter (1-2kb)",2932,"ENST00000473886.2","ENSG00000082701","GSK3B",1.15e-05,0.622,-1599,33
"766","FSTL1",0.412032428128096,"ENSG00000163430","chr3","MA0065.1","Promoter (1-2kb)",11167,"ENST00000468098.1","ENSG00000163430","FSTL1",1.98e-05,0.632,-1094,37
"767","NDUFB4",0.426763590119521,"ENSG00000065518","chr3","MA0065.1","Promoter (<=1kb)",4710,"ENST00000496588.1","ENSG00000065518","NDUFB4",3.4e-05,0.661,-466,33
"768","FBXO40",0.80534673243631,"ENSG00000163833","chr3","MA0066.1","Promoter (<=1kb)",51725,"ENST00000338040.6","ENSG00000163833","FBXO40",8.77e-05,0.703,-191,34
"769","GOLGB1",0.441601097955294,"ENSG00000173230","chr3","MA0065.1","Promoter (<=1kb)",2804,"ENST00000694983.1","ENSG00000173230","GOLGB1",6.57e-08,0.404,-999,31
"770","FAM162A",0.273942645568747,"ENSG00000114023","chr3","MA0065.1","Promoter (<=1kb)",26355,"ENST00000689215.1","ENSG00000114023","FAM162A",9.5e-05,0.686,331,8
"771","KPNA1",0.321050147659289,"ENSG00000114030","chr3","MA0065.1","Promoter (<=1kb)",3836,"ENST00000485027.5","ENSG00000114030","KPNA1",3.57e-05,0.662,-327,15
"772","SEC22A",0.358406340446785,"ENSG00000121542","chr3","MA0065.1","Promoter (<=1kb)",26984,"ENST00000477063.5","ENSG00000121542","SEC22A",2.9e-05,0.651,-851,33
"773","ADCY5",1.22813229256327,"ENSG00000173175","chr3","MA0065.1","Promoter (<=1kb)",111,"ENST00000309879.9","ENSG00000173175","ADCY5",7.92e-06,0.581,266,36
"774","KALRN",0.863276034940337,"ENSG00000160145","chr3","MA0065.1","Promoter (<=1kb)",8997,"ENST00000462213.2","ENSG00000160145","KALRN",3.57e-06,0.572,640,41
"775","ITGB5",0.264635031724358,"ENSG00000082781","chr3","MA0065.1","Promoter (1-2kb)",3693,"ENST00000465464.5","ENSG00000082781","ITGB5",1.68e-06,0.563,-1968,37
"776","HEG1",0.392240097517534,"ENSG00000173706","chr3","MA0065.1","Promoter (<=1kb)",57493,"ENST00000482699.1","ENSG00000173706","HEG1",2.19e-06,0.563,489,40
"777","ZNF148",0.796295597074979,"ENSG00000163848","chr3","MA0065.1","Promoter (1-2kb)",7707,"ENST00000465763.5","ENSG00000163848","ZNF148",7.09e-06,0.572,-1060,26
"778","SNX4",0.247204948048717,"ENSG00000114520","chr3","MA0065.1","Promoter (2-3kb)",8723,"ENST00000465505.2","ENSG00000114520","SNX4",4.96e-06,0.572,-2527,23
"779","ZXDC",0.339027649649656,"ENSG00000070476","chr3","MA0065.1","Promoter (1-2kb)",79364,"ENST00000389709.8","ENSG00000070476","ZXDC",1.39e-05,0.623,-1881,33
"780","KBTBD12",0.509601295972698,"ENSG00000187715","chr3","MA0065.1","Promoter (1-2kb)",166348,"ENST00000405256.5","ENSG00000187715","KBTBD12",1.56e-05,0.623,-1756,30
"781","RUVBL1",0.256890838523429,"ENSG00000175792","chr3","MA0065.1","Promoter (2-3kb)",8607,"ENST00000464873.5","ENSG00000175792","RUVBL1",5.35e-06,0.572,-2280,38
"782","EEFSEC",0.328204115060519,"ENSG00000132394","chr3","MA0065.1","Promoter (1-2kb)",60678,"ENST00000254730.11","ENSG00000132394","EEFSEC",4.06e-06,0.572,-1593,36
"783","RAB7A",0.863162709748747,"ENSG00000075785","chr3","MA0065.1","Promoter (<=1kb)",7879,"ENST00000676214.1","ENSG00000075785","RAB7A",5.75e-06,0.572,256,41
"784","CNBP",0.43408866944641,"ENSG00000169714","chr3","MA1555.1","Promoter (<=1kb)",7555,"ENST00000502372.1","ENSG00000169714","CNBP",4.07e-05,0.649,568,18
"785","TMCC1",0.927961478857743,"ENSG00000172765","chr3","MA0065.1","Promoter (<=1kb)",23023,"ENST00000510323.1","ENSG00000172765","TMCC1",5.41e-06,0.572,-76,31
"786","ATP2C1",0.682810119462563,"ENSG00000017260","chr3","MA0065.1","Promoter (2-3kb)",27032,"ENST00000508297.2","ENSG00000017260","ATP2C1",1.26e-06,0.563,-2969,32
"787","NEK11",0.288907204252901,"ENSG00000114670","chr3","MA0065.1","Promoter (2-3kb)",79858,"ENST00000602792.1","ENSG00000114670","NEK11",5.69e-06,0.572,-2068,41
"788","CPNE4",0.504752988964412,"ENSG00000196353","chr3","MA0065.1","Promoter (1-2kb)",131034,"ENST00000505881.5","ENSG00000196353","CPNE4",1.15e-05,0.622,-1956,28
"789","DNAJC13",0.216551486497953,"ENSG00000138246","chr3","MA0065.1","Promoter (1-2kb)",23317,"ENST00000260818.11","ENSG00000138246","DNAJC13",2.24e-05,0.637,-1250,41
"790","TF",0.241407237731814,"ENSG00000091513","chr3","MA0065.1","Promoter (<=1kb)",7018,"ENST00000687252.3","ENSG00000091513","TF",1.04e-05,0.61,-249,24
"791","RYK",0.21395803711505,"ENSG00000163785","chr3","MA0065.1","Promoter (<=1kb)",6259,"ENST00000486725.1","ENSG00000163785","RYK",2.36e-06,0.566,0,22
"792","CEP63",0.239843838927703,"ENSG00000182923","chr3","MA0065.1","Promoter (<=1kb)",80254,"ENST00000684411.1","ENSG00000182923","CEP63",4.04e-06,0.572,482,33
"793","EPHB1",0.490093362014358,"ENSG00000154928","chr3","MA0065.1","Promoter (1-2kb)",2047,"ENST00000474732.1","ENSG00000154928","EPHB1",5.35e-06,0.572,-1157,41
"794","PPP2R3A",1.00328479026425,"ENSG00000073711","chr3","MA0065.1","Promoter (1-2kb)",5523,"ENST00000469270.1","ENSG00000073711","PPP2R3A",2.19e-05,0.636,-1868,25
"795","STAG1",0.818649479041544,"ENSG00000118007","chr3","MA0065.1","Promoter (<=1kb)",10274,"ENST00000462818.1","ENSG00000118007","STAG1",2.06e-05,0.634,-862,34
"796","ARMC8",0.492793643831241,"ENSG00000114098","chr3","MA0065.1","Promoter (1-2kb)",25852,"ENST00000470842.1","ENSG00000114098","ARMC8",2.77e-06,0.572,-1166,30
"797","MRAS",0.510821456024212,"ENSG00000158186","chr3","MA0065.1","Promoter (2-3kb)",22808,"ENST00000614350.4","ENSG00000158186","MRAS",6.94e-07,0.563,-2679,33
"798","CEP70",0.231691814102999,"ENSG00000114107","chr3","MA0065.1","Promoter (1-2kb)",80321,"ENST00000459695.1","ENSG00000114107","CEP70",7.25e-05,0.682,-1448,20
"799","PIK3CB",0.434474172505227,"ENSG00000051382","chr3","MA0065.1","Promoter (<=1kb)",5291,"ENST00000674063.1","ENSG00000051382","PIK3CB",1.69e-08,0.301,-651,34
"800","COPB2",0.209336123730521,"ENSG00000184432","chr3","MA0065.1","Promoter (1-2kb)",9276,"ENST00000676700.1","ENSG00000184432","COPB2",8.77e-05,0.682,-1557,18
"801","SLC25A36",0.785319366717373,"ENSG00000114120","chr3","MA0065.1","Promoter (<=1kb)",55186,"ENST00000502866.1","ENSG00000114120","SLC25A36",3.25e-06,0.572,-339,37
"802","PXYLP1",0.251728578705365,"ENSG00000155893","chr3","MA0065.1","Promoter (<=1kb)",92370,"ENST00000508812.1","ENSG00000155893","PXYLP1",3.2e-06,0.572,-360,42
"803","ZBTB38",0.750066642482093,"ENSG00000177311","chr3","MA0065.1","Promoter (1-2kb)",253461,"ENST00000637056.1","ENSG00000177311","ZBTB38",6.35e-07,0.563,-1197,42
"804","RASA2",0.237704506571566,"ENSG00000155903","chr3","MA0065.1","Promoter (1-2kb)",5922,"ENST00000506365.1","ENSG00000155903","RASA2",3.16e-05,0.655,-1607,24
"805","TFDP2",0.786265281209969,"ENSG00000114126","chr3","MA0065.1","Promoter (<=1kb)",7029,"ENST00000494358.5","ENSG00000114126","TFDP2",4.38e-06,0.572,322,27
"806","XRN1",0.386553967696278,"ENSG00000114127","chr3","MA0065.1","Promoter (<=1kb)",54464,"ENST00000467077.1","ENSG00000114127","XRN1",1.32e-05,0.623,-664,30
"807","ATR",0.387015085791987,"ENSG00000175054","chr3","MA0065.1","Promoter (<=1kb)",545,"ENST00000657914.1","ENSG00000175054","ATR",7.44e-06,0.576,-386,22
"808","TRPC1",0.612065925113679,"ENSG00000144935","chr3","MA0065.1","Promoter (1-2kb)",7220,"ENST00000480101.1","ENSG00000144935","TRPC1",3.25e-05,0.658,-1529,30
"809","PCOLCE2",0.268806285374432,"ENSG00000163710","chr3","MA0065.1","Promoter (1-2kb)",26577,"ENST00000470795.5","ENSG00000163710","PCOLCE2",2.67e-05,0.647,-1573,21
"810","U2SURP",0.328974804529251,"ENSG00000163714","chr3","MA0065.1","Promoter (<=1kb)",23350,"ENST00000470400.5","ENSG00000163714","U2SURP",7.39e-06,0.575,34,19
"811","PLOD2",0.352924459006072,"ENSG00000152952","chr3","MA0065.1","Promoter (<=1kb)",5352,"ENST00000703522.1","ENSG00000152952","PLOD2",1.19e-05,0.623,-468,20
"812","WWTR1",0.436118507122711,"ENSG00000018408","chr3","MA0065.1","Promoter (1-2kb)",25937,"ENST00000472417.1","ENSG00000018408","WWTR1",2.06e-07,0.506,-1690,42
"813","ANKUB1",0.40341095433472,"ENSG00000206199","chr3","MA0065.1","Promoter (2-3kb)",389161,"ENST00000484019.1","ENSG00000206199","ANKUB1",2.96e-05,0.653,-2758,27
"814","RNF13",0.447226013465802,"ENSG00000082996","chr3","MA0065.1","Promoter (<=1kb)",11342,"ENST00000344229.7","ENSG00000082996","RNF13",2.68e-05,0.647,-763,34
"815","TSC22D2",0.308832516398768,"ENSG00000196428","chr3","MA0065.1","Promoter (<=1kb)",9819,"ENST00000485421.1","ENSG00000196428","TSC22D2",7.34e-06,0.574,685,34
"816","SERP1",0.557146012615865,"ENSG00000120742","chr3","RXRA_M06774_3.10","Promoter (<=1kb)",27230,"ENST00000239944.7","ENSG00000120742","SERP1",4.2e-05,0.465,638,3
"817","MBNL1",1.78158240558054,"ENSG00000152601","chr3","MA0065.1","Promoter (2-3kb)",4154,"ENST00000478535.1","ENSG00000152601","MBNL1",6.8e-06,0.572,-2902,25
"818","SSR3",0.236990905336845,"ENSG00000114850","chr3","MA0065.1","Promoter (<=1kb)",6747,"ENST00000478842.5","ENSG00000114850","SSR3",2.05e-05,0.634,463,28
"819","RSRC1",0.296461859798075,"ENSG00000174891","chr3","MA0065.1","Promoter (<=1kb)",51319,"ENST00000496268.1","ENSG00000174891","RSRC1",1.3e-05,0.623,-906,38
"820","MLF1",0.730676865375837,"ENSG00000178053","chr3","MA0065.1","Promoter (<=1kb)",4291,"ENST00000651874.1","ENSG00000178053","MLF1",8.98e-05,0.683,956,24
"821","GFM1",0.239085526475534,"ENSG00000168827","chr3","MA0065.1","Promoter (<=1kb)",85476,"ENST00000490261.1","ENSG00000168827","GFM1",1.04e-05,0.61,-957,27
"822","IQCJ-SCHIP1",0.522901624484491,"ENSG00000283154","chr3","MA0065.1","Promoter (1-2kb)",100505385,"ENST00000640015.1","ENSG00000283154","IQCJ-SCHIP1",4.3e-06,0.572,-1214,30
"823","KPNA4",0.318686708804849,"ENSG00000186432","chr3","MA0065.1","Promoter (2-3kb)",3840,"ENST00000334256.9","ENSG00000186432","KPNA4",1.2e-06,0.563,-2334,27
"824","PPM1L",0.903385669172566,"ENSG00000163590","chr3","MA0065.1","Promoter (<=1kb)",151742,"ENST00000498165.6","ENSG00000163590","PPM1L",1.16e-05,0.623,839,21
"825","NMD3",0.34076548978739,"ENSG00000169251","chr3","MA0065.1","Promoter (2-3kb)",51068,"ENST00000493066.5","ENSG00000169251","NMD3",6.37e-05,0.678,-2280,14
"826","GOLIM4",0.467502633158838,"ENSG00000173905","chr3","MA0065.1","Promoter (<=1kb)",27333,"ENST00000309027.4","ENSG00000173905","GOLIM4",2.56e-05,0.644,342,33
"827","MECOM",0.328971192819671,"ENSG00000085276","chr3","MA0065.1","Promoter (<=1kb)",2122,"ENST00000460814.5","ENSG00000085276","MECOM",4.53e-07,0.563,-417,27
"828","SEC62",0.378849011701728,"ENSG00000008952","chr3","MA0065.1","Promoter (<=1kb)",7095,"ENST00000481435.5","ENSG00000008952","SEC62",6.59e-05,0.681,342,17
"829","PHC3",0.599874941730063,"ENSG00000173889","chr3","MA0065.1","Promoter (1-2kb)",80012,"ENST00000466189.5","ENSG00000173889","PHC3",2.88e-05,0.651,-1149,37
"830","TNIK",1.13464570322875,"ENSG00000154310","chr3","MA0065.1","Promoter (<=1kb)",23043,"ENST00000487846.1","ENSG00000154310","TNIK",7.53e-05,0.682,560,17
"831","PLD1",0.911420946232177,"ENSG00000075651","chr3","MA0065.1","Promoter (2-3kb)",5337,"ENST00000489995.1","ENSG00000075651","PLD1",1.06e-05,0.612,-2988,26
"832","FNDC3B",1.58357084666199,"ENSG00000075420","chr3","MA0065.1","Promoter (2-3kb)",64778,"ENST00000415807.7","ENSG00000075420","FNDC3B",9.4e-06,0.598,-2078,33
"833","NCEH1",0.632874564912248,"ENSG00000144959","chr3","MA0065.1","Promoter (<=1kb)",57552,"ENST00000543711.5","ENSG00000144959","NCEH1",1.55e-05,0.623,-436,23
"834","NLGN1",1.53006717718096,"ENSG00000169760","chr3","MA0065.1","Promoter (1-2kb)",22871,"ENST00000361589.8","ENSG00000169760","NLGN1",1.1e-05,0.616,-1346,33
"835","NAALADL2",0.798117185837757,"ENSG00000177694","chr3","MA0065.1","Promoter (<=1kb)",254827,"ENST00000491329.5","ENSG00000177694","NAALADL2",4.76e-06,0.572,212,26
"836","TBL1XR1",0.674226799824618,"ENSG00000177565","chr3","MA0065.1","Promoter (1-2kb)",79718,"ENST00000457928.7","ENSG00000177565","TBL1XR1",9.64e-06,0.602,-1269,22
"837","PIK3CA",0.303443103322808,"ENSG00000121879","chr3","MA0065.1","Promoter (<=1kb)",5290,"ENST00000674622.1","ENSG00000121879","PIK3CA",4.12e-06,0.572,928,41
"838","MFN1",0.296565281020958,"ENSG00000171109","chr3","MA0065.1","Promoter (<=1kb)",55669,"ENST00000474903.1","ENSG00000171109","MFN1",2.67e-05,0.647,-910,30
"839","NDUFB5",0.272507609645864,"ENSG00000136521","chr3","MA0065.1","Promoter (<=1kb)",4711,"ENST00000493716.1","ENSG00000136521","NDUFB5",3.54e-05,0.662,-402,6
"840","USP13",0.831058684875037,"ENSG00000058056","chr3","MA0065.1","Promoter (<=1kb)",8975,"ENST00000679954.1","ENSG00000058056","USP13",7.97e-06,0.582,534,27
"841","PEX5L",0.269938760745706,"ENSG00000114757","chr3","MA0065.1","Promoter (<=1kb)",51555,"ENST00000461537.1","ENSG00000114757","PEX5L",9.78e-06,0.603,-843,21
"842","TTC14",0.29184157463089,"ENSG00000163728","chr3","MA0065.1","Promoter (<=1kb)",151613,"ENST00000465625.1","ENSG00000163728","TTC14",9.42e-05,0.686,-594,20
"843","FXR1",0.366283559437579,"ENSG00000114416","chr3","MA0065.1","Promoter (<=1kb)",8087,"ENST00000491674.1","ENSG00000114416","FXR1",1.08e-05,0.615,7,9
"844","DNAJC19",0.240684691465944,"ENSG00000205981","chr3","PPARD_M05795_3.10","Promoter (<=1kb)",131118,"ENST00000469657.5","ENSG00000205981","DNAJC19",2.68e-05,0.487,0,3
"845","ATP11B",0.454972717733758,"ENSG00000058063","chr3","MA0065.1","Promoter (<=1kb)",23200,"ENST00000466758.5","ENSG00000058063","ATP11B",1.97e-06,0.563,767,37
"846","DCUN1D1",0.223609542880117,"ENSG00000043093","chr3","MA0065.1","Promoter (1-2kb)",54165,"ENST00000292782.9","ENSG00000043093","DCUN1D1",8.08e-05,0.682,-1628,34
"847","MCCC1",0.370598449476439,"ENSG00000078070","chr3","MA0065.1","Promoter (<=1kb)",56922,"ENST00000464601.5","ENSG00000078070","MCCC1",3.21e-06,0.572,409,33
"848","KLHL24",1.07896351297853,"ENSG00000114796","chr3","MA0065.1","Promoter (<=1kb)",54800,"ENST00000492409.2","ENSG00000114796","KLHL24",7.36e-05,0.682,-283,6
"849","YEATS2",0.206326152637845,"ENSG00000163872","chr3","MA0065.1","Promoter (1-2kb)",55689,"ENST00000305135.10","ENSG00000163872","YEATS2",1.64e-06,0.563,-1478,41
"850","PARL",0.259005502463873,"ENSG00000175193","chr3","MA0066.1","Promoter (<=1kb)",55486,"ENST00000488202.1","ENSG00000175193","PARL",1.18e-05,0.621,-16,19
"851","ABCC5",0.545520448335461,"ENSG00000114770","chr3","MA0065.1","Promoter (<=1kb)",10057,"ENST00000443497.1","ENSG00000114770","ABCC5",8.46e-06,0.587,-422,33
"852","EIF2B5",0.254440083979025,"ENSG00000145191","chr3","MA0065.1","Promoter (<=1kb)",8893,"ENST00000498831.1","ENSG00000145191","EIF2B5",1.45e-06,0.563,43,20
"853","VPS8",0.731965724077736,"ENSG00000156931","chr3","MA0065.1","Promoter (2-3kb)",23355,"ENST00000452140.5","ENSG00000156931","VPS8",6.88e-07,0.563,-2458,32
"854","MAP3K13",0.514775136330508,"ENSG00000073803","chr3","MA0065.1","Promoter (<=1kb)",9175,"ENST00000439882.1","ENSG00000073803","MAP3K13",2.34e-06,0.566,654,32
"855","IGF2BP2",0.413218344722942,"ENSG00000073792","chr3","MA0065.1","Promoter (1-2kb)",10644,"ENST00000464166.1","ENSG00000073792","IGF2BP2",9.2e-06,0.596,-1822,39
"856","TRA2B",0.258647847517399,"ENSG00000136527","chr3","MA0065.1","Promoter (2-3kb)",6434,"ENST00000477939.1","ENSG00000136527","TRA2B",8.92e-06,0.593,-2278,28
"857","DGKG",1.20781516795988,"ENSG00000058866","chr3","MA0065.1","Promoter (<=1kb)",1608,"ENST00000480933.1","ENSG00000058866","DGKG",1.15e-05,0.622,-481,34
"858","EIF4A2",0.590373869122325,"ENSG00000156976","chr3","MA0065.1","Promoter (2-3kb)",1974,"ENST00000441007.5","ENSG00000156976","EIF4A2",9.1e-06,0.595,-2865,31
"859","ST6GAL1",0.66280005164189,"ENSG00000073849","chr3","MA0065.1","Promoter (1-2kb)",6480,"ENST00000438590.5","ENSG00000073849","ST6GAL1",1.13e-05,0.62,-1043,30
"860","BCL6",0.340612516225115,"ENSG00000113916","chr3","MA0065.1","Promoter (1-2kb)",604,"ENST00000479110.1","ENSG00000113916","BCL6",7.31e-06,0.574,-1679,41
"861","LPP",2.04818110334237,"ENSG00000145012","chr3","MA0065.1","Promoter (<=1kb)",4026,"ENST00000487347.1","ENSG00000145012","LPP",2.45e-06,0.569,-723,30
"862","FGF12",2.90096001827046,"ENSG00000114279","chr3","MA0065.1","Promoter (<=1kb)",2257,"ENST00000450716.5","ENSG00000114279","FGF12",1.33e-05,0.623,-850,41
"863","OPA1",0.427712850750991,"ENSG00000198836","chr3","MA0065.1","Promoter (<=1kb)",4976,"ENST00000445863.1","ENSG00000198836","OPA1",1.17e-05,0.623,305,31
"864","ATP13A3",0.566074977062508,"ENSG00000133657","chr3","MA0065.1","Promoter (1-2kb)",79572,"ENST00000485194.1","ENSG00000133657","ATP13A3",4.96e-06,0.572,-1336,26
"865","ACAP2",0.476896644660299,"ENSG00000114331","chr3","MA0065.1","Promoter (1-2kb)",23527,"ENST00000484296.1","ENSG00000114331","ACAP2",4.58e-07,0.563,-1367,29
"866","PPP1R2",0.228832458969265,"ENSG00000184203","chr3","MA0065.1","Promoter (<=1kb)",5504,"ENST00000418939.1","ENSG00000184203","PPP1R2",9.33e-06,0.598,774,24
"867","TFRC",0.229107171086544,"ENSG00000072274","chr3","MA0065.1","Promoter (1-2kb)",7037,"ENST00000491658.2","ENSG00000072274","TFRC",1.76e-05,0.623,-1470,34
"868","PCYT1A",0.208420063053375,"ENSG00000161217","chr3","MA0065.1","Promoter (2-3kb)",5130,"ENST00000460827.1","ENSG00000161217","PCYT1A",1.89e-05,0.628,-2251,29
"869","UBXN7",0.282792532577748,"ENSG00000163960","chr3","MA0065.1","Promoter (<=1kb)",26043,"ENST00000413584.1","ENSG00000163960","UBXN7",1.02e-05,0.608,511,41
"870","RNF168",0.293738618161806,"ENSG00000163961","chr3","MA0065.1","Promoter (<=1kb)",165918,"ENST00000318037.3","ENSG00000163961","RNF168",8.77e-05,0.682,-55,37
"871","PAK2",0.327751500267708,"ENSG00000180370","chr3","MA0065.1","Promoter (2-3kb)",5062,"ENST00000426668.1","ENSG00000180370","PAK2",5.38e-05,0.67,-2266,19
"872","SENP5",0.311779370265569,"ENSG00000119231","chr3","MA0065.1","Promoter (<=1kb)",205564,"ENST00000448068.5","ENSG00000119231","SENP5",1.33e-07,0.468,-80,40
"873","DLG1",0.99879436687474,"ENSG00000075711","chr3","MA0065.1","Promoter (<=1kb)",1739,"ENST00000412364.2","ENSG00000075711","DLG1",4.99e-07,0.563,24,25
"874","RUBCN",0.373439751628925,"ENSG00000145016","chr3","MA0065.1","Promoter (<=1kb)",9711,"ENST00000447048.1","ENSG00000145016","RUBCN",5.67e-06,0.572,-230,33
"875","LRCH3",0.583351056652061,"ENSG00000186001","chr3","MA0065.1","Promoter (<=1kb)",84859,"ENST00000493726.1","ENSG00000186001","LRCH3",3.69e-06,0.572,841,40
"876","ZNF721",0.536398637271239,"ENSG00000182903","chr4","MA0066.1","Promoter (2-3kb)",170960,"ENST00000505900.1","ENSG00000182903","ZNF721",3.3e-05,0.649,-2103,32
"877","RNF4",0.362791273578051,"ENSG00000063978","chr4","MA0065.1","Promoter (1-2kb)",6047,"ENST00000511600.5","ENSG00000063978","RNF4",6.62e-06,0.572,-1722,35
"878","FAM193A",0.420745801336176,"ENSG00000125386","chr4","MA0065.1","Promoter (1-2kb)",8603,"ENST00000506120.1","ENSG00000125386","FAM193A",5.89e-07,0.563,-1684,30
"879","ADD1",0.38981110570883,"ENSG00000087274","chr4","MA0065.1","Promoter (<=1kb)",118,"ENST00000651918.1","ENSG00000087274","ADD1",5.22e-06,0.572,160,33
"880","GRK4",0.359968842122353,"ENSG00000125388","chr4","MA0065.1","Promoter (<=1kb)",2868,"ENST00000505271.5","ENSG00000125388","GRK4",2.42e-05,0.641,-952,27
"881","HTT",0.267430352175184,"ENSG00000197386","chr4","MA0065.1","Promoter (1-2kb)",3064,"ENST00000512068.1","ENSG00000197386","HTT",6.8e-06,0.572,-1725,38
"882","MRFAP1",0.207966998786062,"ENSG00000179010","chr4","MA0065.1","Promoter (1-2kb)",93621,"ENST00000320912.8","ENSG00000179010","MRFAP1",2.46e-05,0.641,-1074,24
"883","KIAA0232",0.728901367982064,"ENSG00000170871","chr4","MA0065.1","Promoter (2-3kb)",9778,"ENST00000503069.1","ENSG00000170871","KIAA0232",1.63e-06,0.563,-2974,38
"884","TBC1D14",0.225604541115223,"ENSG00000132405","chr4","MA0065.1","Promoter (<=1kb)",57533,"ENST00000467966.1","ENSG00000132405","TBC1D14",1.84e-05,0.626,787,35
"885","RAB28",0.547549182787126,"ENSG00000157869","chr4","MA0065.1","Promoter (1-2kb)",9364,"ENST00000504644.1","ENSG00000157869","RAB28",5.24e-05,0.668,-1005,28
"886","FBXL5",0.268511228252542,"ENSG00000118564","chr4","MA0065.1","Promoter (2-3kb)",26234,"ENST00000503196.5","ENSG00000118564","FBXL5",3.07e-06,0.572,-2440,23
"887","LCORL",0.280803210288751,"ENSG00000178177","chr4","MA0065.1","Promoter (2-3kb)",254251,"ENST00000510121.5","ENSG00000178177","LCORL",1.37e-05,0.623,-2619,23
"888","ADGRA3",0.309865223018984,"ENSG00000152990","chr4","MA0065.1","Promoter (<=1kb)",166647,"ENST00000511051.5","ENSG00000152990","ADGRA3",8.03e-06,0.583,-134,28
"889","PPARGC1A",0.988476239294959,"ENSG00000109819","chr4","MA0065.1","Promoter (<=1kb)",10891,"ENST00000806163.1","ENSG00000109819","PPARGC1A",4.18e-06,0.572,-760,30
"890","DHX15",0.341895920798607,"ENSG00000109606","chr4","MA0065.1","Promoter (2-3kb)",1665,"ENST00000503562.1","ENSG00000109606","DHX15",8.11e-05,0.682,-2664,13
"891","RBPJ",0.515828712328838,"ENSG00000168214","chr4","MA0065.1","Promoter (<=1kb)",3516,"ENST00000515023.6","ENSG00000168214","RBPJ",8.03e-06,0.583,-40,29
"892","TBC1D19",0.305240815063041,"ENSG00000109680","chr4","MA0065.1","Promoter (<=1kb)",55296,"ENST00000513455.5","ENSG00000109680","TBC1D19",1.28e-05,0.623,-451,28
"893","PCDH7",2.0050330599888,"ENSG00000169851","chr4","MA0065.1","Promoter (<=1kb)",5099,"ENST00000511884.7","ENSG00000169851","PCDH7",5.75e-06,0.572,-206,27
"894","TBC1D1",0.822545507581819,"ENSG00000065882","chr4","MA0065.1","Promoter (1-2kb)",23216,"ENST00000491553.1","ENSG00000065882","TBC1D1",5.69e-06,0.572,-1524,36
"895","SMIM14",0.31454373713147,"ENSG00000163683","chr4","MA0066.1","Promoter (<=1kb)",201895,"ENST00000507613.5","ENSG00000163683","SMIM14",6.19e-05,0.685,122,8
"896","UBE2K",0.644456058313365,"ENSG00000078140","chr4","MA0066.1","Promoter (2-3kb)",3093,"ENST00000510934.5","ENSG00000078140","UBE2K",6.5e-05,0.686,-2745,39
"897","PDS5A",0.524615515400411,"ENSG00000121892","chr4","MA0065.1","Promoter (1-2kb)",23244,"ENST00000503867.1","ENSG00000121892","PDS5A",3.29e-05,0.658,-1612,31
"898","APBB2",0.406111804049005,"ENSG00000163697","chr4","MA0065.1","Promoter (<=1kb)",323,"ENST00000502682.1","ENSG00000163697","APBB2",2.73e-07,0.539,-531,31
"899","LIMCH1",1.41024287330146,"ENSG00000064042","chr4","MA0065.1","Promoter (2-3kb)",22998,"ENST00000503057.6","ENSG00000064042","LIMCH1",1.01e-05,0.607,-2311,34
"900","SLC30A9",0.44966165972504,"ENSG00000014824","chr4","MA0065.1","Promoter (1-2kb)",10463,"ENST00000513699.5","ENSG00000014824","SLC30A9",6.69e-06,0.572,-1886,17
"901","ATP8A1",0.494447397258161,"ENSG00000124406","chr4","MA0065.1","Promoter (2-3kb)",10396,"ENST00000504024.1","ENSG00000124406","ATP8A1",1.64e-05,0.623,-2160,29
"902","GABRA4",0.215828255453601,"ENSG00000109158","chr4","MA0066.1","Promoter (<=1kb)",2557,"ENST00000508560.5","ENSG00000109158","GABRA4",4.71e-05,0.669,121,14
"903","GABRB1",0.501260114544621,"ENSG00000163288","chr4","MA0065.1","Promoter (<=1kb)",2560,"ENST00000510909.1","ENSG00000163288","GABRB1",8.96e-05,0.683,960,18
"904","CORIN",0.496446231503559,"ENSG00000145244","chr4","MA0066.1","Promoter (<=1kb)",10699,"ENST00000510974.1","ENSG00000145244","CORIN",1.55e-05,0.639,217,15
"905","SLAIN2",0.366070690247662,"ENSG00000109171","chr4","MA0065.1","Promoter (<=1kb)",57606,"ENST00000264313.11","ENSG00000109171","SLAIN2",9.9e-07,0.563,-620,35
"906","FRYL",0.603982399536868,"ENSG00000075539","chr4","MA0065.1","Promoter (1-2kb)",285527,"ENST00000507873.8","ENSG00000075539","FRYL",2e-05,0.632,-1416,35
"907","OCIAD1",0.429260244692484,"ENSG00000109180","chr4","MA0065.1","Promoter (<=1kb)",54940,"ENST00000502972.1","ENSG00000109180","OCIAD1",4.12e-06,0.572,-354,38
"908","DCUN1D4",0.296430737263146,"ENSG00000109184","chr4","MA0065.1","Promoter (<=1kb)",23142,"ENST00000510808.1","ENSG00000109184","DCUN1D4",2.01e-05,0.632,-312,32
"909","USP46",0.294560168665262,"ENSG00000109189","chr4","MA0065.1","Promoter (<=1kb)",64854,"ENST00000502443.1","ENSG00000109189","USP46",4.12e-05,0.663,-450,22
"910","SCFD2",0.344038917930166,"ENSG00000184178","chr4","MA0065.1","Promoter (<=1kb)",152579,"ENST00000503450.1","ENSG00000184178","SCFD2",6.05e-05,0.675,-614,33
"911","TMEM165",0.460126909964698,"ENSG00000134851","chr4","MA0065.1","Promoter (<=1kb)",55858,"ENST00000514904.5","ENSG00000134851","TMEM165",2.97e-05,0.653,-671,31
"912","CLOCK",0.394825964484967,"ENSG00000134852","chr4","MA0065.1","Promoter (2-3kb)",9575,"ENST00000508049.1","ENSG00000134852","CLOCK",2.79e-05,0.649,-2592,30
"913","EXOC1",0.215141185487156,"ENSG00000090989","chr4","MA0065.1","Promoter (<=1kb)",55763,"ENST00000504321.1","ENSG00000090989","EXOC1",2.98e-05,0.653,-718,33
"914","POLR2B",0.226099718751418,"ENSG00000047315","chr4","MA0065.1","Promoter (2-3kb)",5431,"ENST00000478188.5","ENSG00000047315","POLR2B",8.13e-05,0.682,-2440,35
"915","IGFBP7",0.676832412090714,"ENSG00000163453","chr4","MA0066.1","Promoter (2-3kb)",3490,"ENST00000512512.3","ENSG00000163453","IGFBP7",1.48e-06,0.575,-2660,20
"916","ADGRL3",0.347826191703074,"ENSG00000150471","chr4","MA0065.1","Promoter (2-3kb)",23284,"ENST00000509089.1","ENSG00000150471","ADGRL3",4.51e-05,0.667,-2126,22
"917","TECRL",1.9282822338603,"ENSG00000205678","chr4","MA0065.1","Promoter (<=1kb)",253017,"ENST00000511997.1","ENSG00000205678","TECRL",1.12e-05,0.619,-213,12
"918","RUFY3",0.314899639425222,"ENSG00000018189","chr4","MA0065.1","Promoter (<=1kb)",22902,"ENST00000515442.1","ENSG00000018189","RUFY3",2.8e-05,0.649,-59,33
"919","GRSF1",0.27637007469054,"ENSG00000132463","chr4","MA0065.1","Promoter (2-3kb)",2926,"ENST00000505068.5","ENSG00000132463","GRSF1",4.12e-05,0.663,-2632,23
"920","MOB1B",0.249938360295622,"ENSG00000173542","chr4","PPARD_M05795_3.10","Promoter (<=1kb)",92597,"ENST00000309395.7","ENSG00000173542","MOB1B",6.51e-05,0.491,-18,6
"921","SLC4A4",0.439592920653963,"ENSG00000080493","chr4","MA0065.1","Promoter (<=1kb)",8671,"ENST00000514331.1","ENSG00000080493","SLC4A4",2.22e-05,0.636,773,25
"922","ANKRD17",1.16437818231044,"ENSG00000132466","chr4","MA0065.1","Promoter (<=1kb)",26057,"ENST00000513908.1","ENSG00000132466","ANKRD17",2.94e-05,0.652,350,20
"923","MTHFD2L",0.246132244259806,"ENSG00000163738","chr4","MA0065.1","Promoter (1-2kb)",441024,"ENST00000461856.5","ENSG00000163738","MTHFD2L",1.85e-05,0.627,-1739,20
"924","PARM1",0.360606161362412,"ENSG00000169116","chr4","MA0065.1","Promoter (<=1kb)",25849,"ENST00000307428.7","ENSG00000169116","PARM1",6.49e-05,0.679,873,11
"925","G3BP2",0.246777303112834,"ENSG00000138757","chr4","MA0065.1","Promoter (2-3kb)",9908,"ENST00000509100.6","ENSG00000138757","G3BP2",6.44e-06,0.572,-2723,30
"926","USO1",0.729013798627194,"ENSG00000138768","chr4","MA0065.1","Promoter (1-2kb)",8615,"ENST00000512893.1","ENSG00000138768","USO1",6.87e-06,0.572,-1646,33
"927","ART3",0.420584899346843,"ENSG00000156219","chr4","MA0065.1","Promoter (<=1kb)",419,"ENST00000513122.5","ENSG00000156219","ART3",6.85e-06,0.572,59,17
"928","SCARB2",0.206365068929002,"ENSG00000138760","chr4","MA0065.1","Promoter (<=1kb)",950,"ENST00000638843.1","ENSG00000138760","SCARB2",1.65e-05,0.623,274,18
"929","SHROOM3",0.624056545013255,"ENSG00000138771","chr4","MA0065.1","Promoter (2-3kb)",57619,"ENST00000481002.5","ENSG00000138771","SHROOM3",1.12e-07,0.456,-2914,38
"930","CCNI",0.517906158840535,"ENSG00000118816","chr4","MA0065.1","Promoter (1-2kb)",10983,"ENST00000504697.1","ENSG00000118816","CCNI",5.67e-06,0.572,-1574,27
"931","BMP2K",0.311327318261721,"ENSG00000138756","chr4","MA0065.1","Promoter (<=1kb)",55589,"ENST00000515075.1","ENSG00000138756","BMP2K",1.59e-05,0.623,105,28
"932","ANTXR2",0.293748919672315,"ENSG00000163297","chr4","MA0065.1","Promoter (<=1kb)",118429,"ENST00000514959.1","ENSG00000163297","ANTXR2",3.19e-05,0.656,464,38
"933","RASGEF1B",0.688529008506812,"ENSG00000138670","chr4","MA0065.1","Promoter (2-3kb)",153020,"ENST00000514889.1","ENSG00000138670","RASGEF1B",5.43e-05,0.67,-2700,20
"934","HNRNPD",0.280741649186217,"ENSG00000138668","chr4","MA0065.1","Promoter (1-2kb)",3184,"ENST00000514671.5","ENSG00000138668","HNRNPD",7.94e-05,0.682,-1017,31
"935","HNRNPDL",0.600370392113546,"ENSG00000152795","chr4","MA0065.1","Promoter (<=1kb)",9987,"ENST00000630827.1","ENSG00000152795","HNRNPDL",7.48e-05,0.682,60,30
"936","SEC31A",0.672706889457275,"ENSG00000138674","chr4","MA0065.1","Promoter (1-2kb)",22872,"ENST00000500777.6","ENSG00000138674","SEC31A",7.09e-06,0.572,-1435,34
"937","GPAT3",0.699533899874888,"ENSG00000138678","chr4","MA0065.1","Promoter (1-2kb)",84803,"ENST00000513683.1","ENSG00000138678","GPAT3",7.07e-06,0.572,-1950,37
"938","WDFY3",0.489507219863488,"ENSG00000163625","chr4","MA0065.1","Promoter (<=1kb)",23001,"ENST00000514711.2","ENSG00000163625","WDFY3",1.11e-06,0.563,999,20
"939","ARHGAP24",1.30568040564034,"ENSG00000138639","chr4","MA0065.1","Promoter (1-2kb)",83478,"ENST00000509300.5","ENSG00000138639","ARHGAP24",6.64e-06,0.572,-1803,31
"940","C4orf36",0.242182765053088,"ENSG00000163633","chr4","MA0065.1","Promoter (<=1kb)",132989,"ENST00000504371.1","ENSG00000163633","C4orf36",8.51e-05,0.682,-343,35
"941","AFF1",1.04476057768562,"ENSG00000172493","chr4","MA0065.1","Promoter (<=1kb)",4299,"ENST00000511442.1","ENSG00000172493","AFF1",1.23e-05,0.623,161,16
"942","SPARCL1",0.258964758484769,"ENSG00000152583","chr4","MA0066.1","Promoter (<=1kb)",8404,"ENST00000512317.5","ENSG00000152583","SPARCL1",5.49e-05,0.681,246,6
"943","PKD2",0.442260469780775,"ENSG00000118762","chr4","MA0065.1","Promoter (<=1kb)",5311,"ENST00000508588.5","ENSG00000118762","PKD2",9.99e-06,0.606,-775,29
"944","PPM1K",1.72066628520563,"ENSG00000163644","chr4","MA0065.1","Promoter (<=1kb)",152926,"ENST00000511506.1","ENSG00000163644","PPM1K",2.87e-06,0.572,-509,34
"945","HERC3",0.520408319691326,"ENSG00000138641","chr4","MA0065.1","Promoter (2-3kb)",8916,"ENST00000504994.1","ENSG00000138641","HERC3",8.88e-05,0.683,-2144,13
"946","FAM13A",0.430056855760541,"ENSG00000138640","chr4","MA0065.1","Promoter (<=1kb)",10144,"ENST00000511623.1","ENSG00000138640","FAM13A",1.17e-05,0.623,-22,37
"947","CCSER1",1.48067940804707,"ENSG00000184305","chr4","MA0065.1","Promoter (2-3kb)",401145,"ENST00000504150.1","ENSG00000184305","CCSER1",1.08e-05,0.614,-2822,13
"948","SMARCAD1",0.336442943783924,"ENSG00000163104","chr4","MA0065.1","Promoter (<=1kb)",56916,"ENST00000514232.1","ENSG00000163104","SMARCAD1",2e-05,0.632,43,39
"949","PDLIM5",2.99231569548543,"ENSG00000163110","chr4","MA0065.1","Promoter (<=1kb)",10611,"ENST00000511767.3","ENSG00000163110","PDLIM5",2.41e-05,0.64,683,7
"950","RAP1GDS1",0.453269659841281,"ENSG00000138698","chr4","MA0065.1","Promoter (1-2kb)",5910,"ENST00000503745.1","ENSG00000138698","RAP1GDS1",2.56e-05,0.644,-1300,34
"951","TSPAN5",0.209542024273053,"ENSG00000168785","chr4","MA0065.1","Promoter (2-3kb)",10098,"ENST00000509168.5","ENSG00000168785","TSPAN5",6.49e-05,0.679,-2743,26
"952","EIF4E",0.295818675389142,"ENSG00000151247","chr4","MA0065.1","Promoter (<=1kb)",1977,"ENST00000280892.10","ENSG00000151247","EIF4E",9.97e-07,0.563,2,24
"953","METAP1",0.236304720987928,"ENSG00000164024","chr4","MA0065.1","Promoter (2-3kb)",23173,"ENST00000513199.5","ENSG00000164024","METAP1",3.7e-05,0.662,-2731,28
"954","ADH5",0.234529489976018,"ENSG00000197894","chr4","MA0065.1","Promoter (<=1kb)",128,"ENST00000512621.5","ENSG00000197894","ADH5",2.47e-05,0.641,255,12
"955","DNAJB14",0.280594921126921,"ENSG00000164031","chr4","MA0065.1","Promoter (<=1kb)",79982,"ENST00000442697.7","ENSG00000164031","DNAJB14",1.69e-05,0.623,-375,36
"956","PPP3CA",0.424739622906293,"ENSG00000138814","chr4","MA0065.1","Promoter (<=1kb)",5530,"ENST00000507176.5","ENSG00000138814","PPP3CA",1.25e-05,0.623,110,21
"957","NFKB1",0.260616450133404,"ENSG00000109320","chr4","MA0065.1","Promoter (<=1kb)",4790,"ENST00000697803.1","ENSG00000109320","NFKB1",7.26e-06,0.573,-154,20
"958","MANBA",0.38493520515564,"ENSG00000109323","chr4","MA0065.1","Promoter (2-3kb)",4126,"ENST00000647129.1","ENSG00000109323","MANBA",2.71e-05,0.648,-2156,28
"959","UBE2D3",0.682515768679863,"ENSG00000109332","chr4","MA0065.1","Promoter (<=1kb)",7323,"ENST00000510599.5","ENSG00000109332","UBE2D3",1.54e-05,0.623,108,21
"960","TET2",0.314207696701666,"ENSG00000168769","chr4","MA1550.1","Promoter (<=1kb)",54790,"ENST00000513237.5","ENSG00000168769","TET2",7.36e-05,0.671,25,10
"961","PPA2",0.585609417688121,"ENSG00000138777","chr4","MA0065.1","Promoter (<=1kb)",27068,"ENST00000515567.5","ENSG00000138777","PPA2",4.56e-05,0.667,-777,40
"962","TBCK",0.455221548574322,"ENSG00000145348","chr4","MA0065.1","Promoter (<=1kb)",93627,"ENST00000515705.5","ENSG00000145348","TBCK",2.29e-06,0.563,-300,39
"963","HADH",0.285495056534864,"ENSG00000138796","chr4","MA0065.1","Promoter (<=1kb)",3033,"ENST00000682067.1","ENSG00000138796","HADH",3.86e-06,0.572,874,29
"964","PLA2G12A",0.260293034624959,"ENSG00000123739","chr4","MA0065.1","Promoter (<=1kb)",81579,"ENST00000507961.1","ENSG00000123739","PLA2G12A",2.35e-05,0.637,611,37
"965","EGF",0.276814471491404,"ENSG00000138798","chr4","MA0065.1","Promoter (2-3kb)",1950,"ENST00000502579.1","ENSG00000138798","EGF",2.14e-05,0.635,-2623,27
"966","LARP7",0.207172584290963,"ENSG00000174720","chr4","MA0065.1","Promoter (2-3kb)",51574,"ENST00000507443.1","ENSG00000174720","LARP7",2.57e-05,0.644,-2268,25
"967","ANK2",1.76445142530662,"ENSG00000145362","chr4","MA0065.1","Promoter (<=1kb)",287,"ENST00000673778.1","ENSG00000145362","ANK2",2.92e-06,0.572,511,33
"968","CAMK2D",1.93907874535925,"ENSG00000145349","chr4","MA0065.1","Promoter (<=1kb)",817,"ENST00000699415.1","ENSG00000145349","CAMK2D",2.29e-05,0.637,856,16
"969","SEC24D",0.268060021339274,"ENSG00000150961","chr4","MA0065.1","Promoter (1-2kb)",9871,"ENST00000511033.1","ENSG00000150961","SEC24D",1.51e-05,0.623,-1453,22
"970","SYNPO2",1.7942196050256,"ENSG00000172403","chr4","MA0065.1","Promoter (2-3kb)",171024,"ENST00000448416.6","ENSG00000172403","SYNPO2",3.66e-05,0.662,-2127,16
"971","MYOZ2",1.47710642216113,"ENSG00000172399","chr4","MA0065.1","Promoter (<=1kb)",51778,"ENST00000307128.6","ENSG00000172399","MYOZ2",9.12e-05,0.684,36,27
"972","USP53",1.07303840685431,"ENSG00000145390","chr4","MA0065.1","Promoter (2-3kb)",54532,"ENST00000510852.1","ENSG00000145390","USP53",2.53e-05,0.643,-2228,17
"973","C4orf3",0.258604919999596,"ENSG00000164096","chr4","MA0065.1","Promoter (<=1kb)",401152,"ENST00000399075.6","ENSG00000164096","ARLN",3.74e-05,0.662,-212,24
"974","PDE5A",0.51194906022354,"ENSG00000138735","chr4","MA0065.1","Promoter (<=1kb)",8654,"ENST00000512450.5","ENSG00000138735","PDE5A",6.78e-06,0.572,590,37
"975","PRDM5",0.282975696926674,"ENSG00000138738","chr4","MA0065.1","Promoter (2-3kb)",11107,"ENST00000503661.5","ENSG00000138738","PRDM5",3.74e-05,0.662,-2662,8
"976","SPATA5",0.261698594125274,"ENSG00000145375","chr4","MA0065.1","Promoter (<=1kb)",166378,"ENST00000675392.1","ENSG00000145375","AFG2A",4.72e-05,0.667,838,34
"977","FAT4",0.262865461271319,"ENSG00000196159","chr4","MA0065.1","Promoter (1-2kb)",79633,"ENST00000678072.1","ENSG00000196159","FAT4",1.88e-05,0.628,-1712,35
"978","ABHD18",0.717112934882889,"ENSG00000164074","chr4","MA0065.1","Promoter (<=1kb)",80167,"ENST00000611882.2","ENSG00000164074","ABHD18",9.25e-05,0.685,6,2
"979","LARP1B",0.458103161559837,"ENSG00000138709","chr4","MA0065.1","Promoter (<=1kb)",55132,"ENST00000507377.1","ENSG00000138709","LARP1B",3.32e-05,0.659,-249,38
"980","PGRMC2",0.214429950945694,"ENSG00000164040","chr4","MA0065.1","Promoter (<=1kb)",10424,"ENST00000503872.1","ENSG00000164040","PGRMC2",1.96e-05,0.631,-130,25
"981","SCLT1",0.251610858002498,"ENSG00000151466","chr4","MA0065.1","Promoter (1-2kb)",132320,"ENST00000502495.1","ENSG00000151466","SCLT1",1.46e-06,0.563,-1400,19
"982","ELF2",0.780304817692198,"ENSG00000109381","chr4","MA0065.1","Promoter (1-2kb)",1998,"ENST00000358635.7","ENSG00000109381","ELF2",7.81e-06,0.579,-1631,28
"983","NDUFC1",0.334901785698201,"ENSG00000109390","chr4","MA0065.1","Promoter (<=1kb)",4717,"ENST00000394228.5","ENSG00000109390","NDUFC1",5.73e-05,0.672,-446,5
"984","NAA15",0.352426571048968,"ENSG00000164134","chr4","MA0065.1","Promoter (1-2kb)",80155,"ENST00000700280.1","ENSG00000164134","NAA15",3.56e-05,0.662,-1625,29
"985","MGST2",0.3806553238795,"ENSG00000085871","chr4","MA0065.1","Promoter (1-2kb)",4258,"ENST00000616265.4","ENSG00000085871","MGST2",3.33e-05,0.659,-1527,29
"986","MAML3",0.528225942415184,"ENSG00000196782","chr4","MA0065.1","Promoter (<=1kb)",55534,"ENST00000509479.6","ENSG00000196782","MAML3",7.79e-05,0.682,-283,30
"987","SCOC",0.212943841755675,"ENSG00000153130","chr4","MA0065.1","Promoter (<=1kb)",60592,"ENST00000394205.7","ENSG00000153130","SCOC",3.33e-06,0.572,-209,29
"988","CLGN",0.251878931267009,"ENSG00000153132","chr4","MA0065.1","Promoter (<=1kb)",1047,"ENST00000414773.5","ENSG00000153132","CLGN",8.01e-05,0.682,-999,32
"989","RNF150",1.28874117706908,"ENSG00000170153","chr4","MA0065.1","Promoter (1-2kb)",57484,"ENST00000515057.1","ENSG00000170153","RNF150",9.85e-06,0.604,-1308,28
"990","ZNF330",0.284298986945756,"ENSG00000109445","chr4","MA0066.1","Promoter (<=1kb)",27309,"ENST00000506302.1","ENSG00000109445","ZNF330",2.39e-05,0.647,295,16
"991","INPP4B",1.4514085694098,"ENSG00000109452","chr4","MA0065.1","Promoter (1-2kb)",8821,"ENST00000506788.5","ENSG00000109452","INPP4B",4.55e-06,0.572,-1474,29
"992","GAB1",1.13148523578271,"ENSG00000109458","chr4","MA0065.1","Promoter (<=1kb)",2549,"ENST00000505913.5","ENSG00000109458","GAB1",1.23e-05,0.623,-496,12
"993","ZNF827",0.340538005063025,"ENSG00000151612","chr4","MA0065.1","Promoter (<=1kb)",152485,"ENST00000671990.1","ENSG00000151612","ZNF827",1.55e-06,0.563,798,30
"994","EDNRA",0.340223514257239,"ENSG00000151617","chr4","MA0065.1","Promoter (<=1kb)",1909,"ENST00000358556.8","ENSG00000151617","EDNRA",5.37e-06,0.572,-546,26
"995","PRMT9",0.208284618321759,"ENSG00000164169","chr4","MA0065.1","Promoter (1-2kb)",90826,"ENST00000322396.7","ENSG00000164169","PRMT9",4.84e-06,0.572,-1010,35
"996","ARHGAP10",1.06628214662793,"ENSG00000071205","chr4","MA0065.1","Promoter (<=1kb)",79658,"ENST00000336498.8","ENSG00000071205","ARHGAP10",1.73e-05,0.623,874,24
"997","NR3C2",0.854875963448289,"ENSG00000151623","chr4","MA0065.1","Promoter (1-2kb)",4306,"ENST00000504753.1","ENSG00000151623","NR3C2",1.08e-05,0.614,-1747,28
"998","DCLK2",0.480776172485021,"ENSG00000170390","chr4","MA0065.1","Promoter (2-3kb)",166614,"ENST00000634233.1","ENSG00000170390","DCLK2",4.38e-06,0.572,-2001,34
"999","LRBA",1.00008894580208,"ENSG00000198589","chr4","MA0065.1","Promoter (<=1kb)",987,"ENST00000510841.1","ENSG00000198589","LRBA",6.13e-06,0.572,-942,37
"1000","SH3D19",1.6429896357276,"ENSG00000109686","chr4","MA0065.1","Promoter (1-2kb)",152503,"ENST00000604440.5","ENSG00000109686","SH3D19",3.39e-06,0.572,-1204,42
"1001","PRSS48",0.297296577578098,"ENSG00000189099","chr4","MA0065.1","Promoter (<=1kb)",345062,"ENST00000441586.2","ENSG00000189099","PRSS48",9.82e-05,0.687,143,15
"1002","GATB",0.215155104521578,"ENSG00000059691","chr4","MA0065.1","Promoter (1-2kb)",5188,"ENST00000513504.1","ENSG00000059691","GATB",5.94e-06,0.572,-1916,31
"1003","FBXW7",0.771489597886411,"ENSG00000109670","chr4","MA0065.1","Promoter (<=1kb)",55294,"ENST00000604069.1","ENSG00000109670","FBXW7",3.09e-08,0.34,-880,33
"1004","ARFIP1",0.233635248122135,"ENSG00000164144","chr4","MA0065.1","Promoter (2-3kb)",27236,"ENST00000514499.1","ENSG00000164144","ARFIP1",1.21e-05,0.623,-2236,25
"1005","TRIM2",0.322082418867141,"ENSG00000109654","chr4","MA0065.1","Promoter (<=1kb)",23321,"ENST00000675159.1","ENSG00000109654","TRIM2",1.14e-05,0.621,858,14
"1006","PDGFC",0.340560605681762,"ENSG00000145431","chr4","MA0065.1","Promoter (1-2kb)",56034,"ENST00000502773.6","ENSG00000145431","PDGFC",3.84e-06,0.572,-1779,31
"1007","TMEM144",0.223443403112499,"ENSG00000164124","chr4","MA0065.1","Promoter (<=1kb)",55314,"ENST00000505189.5","ENSG00000164124","TMEM144",4.2e-06,0.572,-438,35
"1008","ETFDH",0.547020282494955,"ENSG00000171503","chr4","MA0065.1","Promoter (<=1kb)",2110,"ENST00000683209.1","ENSG00000171503","ETFDH",4.26e-06,0.572,28,8
"1009","FNIP2",1.28705690654702,"ENSG00000052795","chr4","MA0065.1","Promoter (2-3kb)",57600,"ENST00000505445.1","ENSG00000052795","FNIP2",1.22e-05,0.623,-2720,39
"1010","C4orf45",0.243766980336655,"ENSG00000164123","chr4","MA0065.1","Promoter (1-2kb)",152940,"ENST00000785054.1","ENSG00000164123","SPMIP2",3.37e-06,0.572,-1660,32
"1011","RAPGEF2",0.791405683566398,"ENSG00000109756","chr4","MA0065.1","Promoter (<=1kb)",9693,"ENST00000513816.1","ENSG00000109756","RAPGEF2",1.34e-06,0.563,-663,35
"1012","DDX60L",0.218322135153566,"ENSG00000181381","chr4","MA0065.1","Promoter (<=1kb)",91351,"ENST00000510590.1","ENSG00000181381","DDX60L",4.17e-05,0.664,-182,33
"1013","PALLD",3.17705094524513,"ENSG00000129116","chr4","MA0065.1","Promoter (1-2kb)",23022,"ENST00000505667.6","ENSG00000129116","PALLD",1.72e-05,0.623,-1686,33
"1014","CBR4",1.09070811024852,"ENSG00000145439","chr4","MA1148.1","Promoter (<=1kb)",84869,"ENST00000504561.1","ENSG00000145439","CBR4",1.55e-06,0.439,508,21
"1015","SH3RF1",0.234283320941673,"ENSG00000154447","chr4","MA0065.1","Promoter (<=1kb)",57630,"ENST00000508685.1","ENSG00000154447","SH3RF1",1.67e-05,0.623,-261,7
"1016","NEK1",0.475269461183372,"ENSG00000137601","chr4","MA0065.1","Promoter (1-2kb)",4750,"ENST00000638824.1","ENSG00000137601","NEK1",1.35e-05,0.623,-1400,26
"1017","CLCN3",0.577330163269213,"ENSG00000109572","chr4","MA0065.1","Promoter (2-3kb)",1182,"ENST00000360642.7","ENSG00000109572","CLCN3",3.97e-05,0.662,-2443,21
"1018","GALNTL6",0.243099834612841,"ENSG00000174473","chr4","MA0065.1","Promoter (2-3kb)",442117,"ENST00000508122.5","ENSG00000174473","GALNTL6",6.98e-05,0.682,-2238,35
"1019","HAND2",0.254726454519616,"ENSG00000164107","chr4","PPARA_M10653_3.10","Promoter (<=1kb)",9464,"ENST00000503024.1","ENSG00000164107","HAND2",9.39e-05,0.348,-456,10
"1020","TENM3",0.208969556019654,"ENSG00000218336","chr4","MA0065.1","Promoter (<=1kb)",55714,"ENST00000510504.1","ENSG00000218336","TENM3",4.06e-05,0.662,338,38
"1021","WWC2",0.423751775258152,"ENSG00000151718","chr4","MA0065.1","Promoter (2-3kb)",80014,"ENST00000427431.5","ENSG00000151718","WWC2",5.19e-05,0.667,-2341,10
"1022","STOX2",0.528097329461944,"ENSG00000173320","chr4","MA0065.1","Promoter (2-3kb)",56977,"ENST00000512520.1","ENSG00000173320","STOX2",3.75e-06,0.572,-2908,32
"1023","IRF2",0.330116361955484,"ENSG00000168310","chr4","MA0065.1","Promoter (2-3kb)",3660,"ENST00000696841.1","ENSG00000168310","IRF2",8.38e-05,0.682,-2340,26
"1024","ACSL1",0.546512284572125,"ENSG00000151726","chr4","MA0065.1","Promoter (<=1kb)",2180,"ENST00000506733.5","ENSG00000151726","ACSL1",2.73e-05,0.649,252,30
"1025","SLC25A4",1.35407270264185,"ENSG00000151729","chr4","MA0065.1","Promoter (1-2kb)",291,"ENST00000281456.11","ENSG00000151729","SLC25A4",2.52e-05,0.643,-1268,38
"1026","PDLIM3",0.599390707998298,"ENSG00000154553","chr4","MA0065.1","Promoter (2-3kb)",27295,"ENST00000514142.5","ENSG00000154553","PDLIM3",1.55e-06,0.563,-2065,34
"1027","SORBS2",2.99617826908907,"ENSG00000154556","chr4","MA0065.1","Promoter (<=1kb)",8470,"ENST00000480146.1","ENSG00000154556","SORBS2",2.1e-06,0.563,228,30
"1028","SDHA",0.612058652046686,"ENSG00000073578","chr5","MA0065.1","Promoter (<=1kb)",6389,"ENST00000509082.1","ENSG00000073578","SDHA",5.92e-06,0.572,346,34
"1029","SLC12A7",0.281711747653515,"ENSG00000113504","chr5","MA0065.1","Promoter (<=1kb)",10723,"ENST00000510943.3","ENSG00000113504","SLC12A7",6.5e-06,0.572,-181,35
"1030","NDUFS6",0.397658307389363,"ENSG00000145494","chr5","MA0065.1","Promoter (<=1kb)",4726,"ENST00000274137.10","ENSG00000145494","NDUFS6",2.42e-07,0.527,0,27
"1031","SEMA5A",0.718508560556447,"ENSG00000112902","chr5","MA0065.1","Promoter (<=1kb)",9037,"ENST00000382496.10","ENSG00000112902","SEMA5A",1.12e-05,0.619,98,14
"1032","CTNND2",0.835743996969707,"ENSG00000169862","chr5","MA0065.1","Promoter (<=1kb)",1501,"ENST00000506324.1","ENSG00000169862","CTNND2",7.62e-06,0.579,991,22
"1033","TRIO",1.01562992109842,"ENSG00000038382","chr5","MA0065.1","Promoter (<=1kb)",7204,"ENST00000509967.6","ENSG00000038382","TRIO",1.07e-06,0.563,267,40
"1034","ANKH",0.779605605604494,"ENSG00000154122","chr5","MA0065.1","Promoter (<=1kb)",56172,"ENST00000502585.1","ENSG00000154122","ANKH",5.96e-06,0.572,542,35
"1035","FBXL7",1.39647024432141,"ENSG00000183580","chr5","MA0066.1","Promoter (<=1kb)",23194,"ENST00000510662.1","ENSG00000183580","FBXL7",8.33e-05,0.703,-563,23
"1036","PDZD2",1.91484130650554,"ENSG00000133401","chr5","MA0065.1","Promoter (<=1kb)",23037,"ENST00000509256.1","ENSG00000133401","PDZD2",3.98e-06,0.572,727,33
"1037","GOLPH3",0.352926197212747,"ENSG00000113384","chr5","MA0855.1","Promoter (<=1kb)",64083,"ENST00000265070.7","ENSG00000113384","GOLPH3",3.19e-05,0.777,-166,36
"1038","ZFR",0.709916378935087,"ENSG00000056097","chr5","MA0065.1","Promoter (<=1kb)",51663,"ENST00000514356.5","ENSG00000056097","ZFR",9.93e-07,0.563,972,35
"1039","SUB1",0.364752292874546,"ENSG00000113387","chr5","MA0065.1","Promoter (<=1kb)",10923,"ENST00000502453.1","ENSG00000113387","SUB1",2.24e-05,0.637,-123,34
"1040","SLC1A3",1.41796091041024,"ENSG00000079215","chr5","MA0065.1","Promoter (1-2kb)",6507,"ENST00000679852.1","ENSG00000079215","SLC1A3",2.04e-06,0.563,-1243,26
"1041","NIPBL",0.82488949405238,"ENSG00000164190","chr5","MA0065.1","Promoter (<=1kb)",25836,"ENST00000514335.1","ENSG00000164190","NIPBL",4.51e-05,0.667,-125,18
"1042","WDR70",0.548952424375129,"ENSG00000082068","chr5","MA0065.1","Promoter (<=1kb)",55100,"ENST00000508730.1","ENSG00000082068","WDR70",1.04e-05,0.61,520,30
"1043","LIFR",0.38247114247179,"ENSG00000113594","chr5","MA0065.1","Promoter (<=1kb)",3977,"ENST00000506990.5","ENSG00000113594","LIFR",2.63e-06,0.572,781,42
"1044","RICTOR",0.984852110097444,"ENSG00000164327","chr5","MA0065.1","Promoter (2-3kb)",253260,"ENST00000515846.1","ENSG00000164327","RICTOR",1.19e-06,0.563,-2325,29
"1045","PRKAA1",0.211402792006007,"ENSG00000132356","chr5","MA0065.1","Promoter (<=1kb)",5562,"ENST00000513152.1","ENSG00000132356","PRKAA1",4.98e-05,0.667,-40,14
"1046","C6",0.354058093807193,"ENSG00000039537","chr5","MA0065.1","Promoter (1-2kb)",729,"ENST00000475349.5","ENSG00000039537","C6",1.02e-05,0.608,-1935,39
"1047","PLCXD3",1.99307873975753,"ENSG00000182836","chr5","MA0066.1","Promoter (<=1kb)",345557,"ENST00000377801.8","ENSG00000182836","PLCXD3",7.47e-06,0.607,485,39
"1048","OXCT1",0.686420118210595,"ENSG00000083720","chr5","MA0065.1","Promoter (1-2kb)",5019,"ENST00000503374.1","ENSG00000083720","OXCT1",3.68e-06,0.572,-1657,42
"1049","GHR",0.584642018197902,"ENSG00000112964","chr5","MA0065.1","Promoter (<=1kb)",2690,"ENST00000230882.9","ENSG00000112964","GHR",2.95e-05,0.653,472,34
"1050","ZNF131",0.429214225095497,"ENSG00000172262","chr5","MA0065.1","Promoter (1-2kb)",7690,"ENST00000502623.1","ENSG00000172262","ZNF131",1.92e-05,0.629,-1211,36
"1051","PAIP1",0.237531956679207,"ENSG00000172239","chr5","MA0066.1","Promoter (<=1kb)",10605,"ENST00000514816.5","ENSG00000172239","PAIP1",7.5e-05,0.696,-627,19
"1052","NNT",1.03039259011994,"ENSG00000112992","chr5","MA0065.1","Promoter (<=1kb)",23530,"ENST00000503059.1","ENSG00000112992","NNT",2.61e-05,0.645,-518,34
"1053","NDUFS4",0.584727505562138,"ENSG00000164258","chr5","MA0065.1","Promoter (<=1kb)",4724,"ENST00000506765.1","ENSG00000164258","NDUFS4",5.55e-05,0.671,393,23
"1054","ARL15",1.01264179355385,"ENSG00000185305","chr5","MA1148.1","Promoter (<=1kb)",54622,"ENST00000510591.6","ENSG00000185305","ARL15",2.36e-05,0.553,227,27
"1055","HSPB3",1.00241352773471,"ENSG00000169271","chr5","PPARA_M10653_3.10","Promoter (<=1kb)",8988,"ENST00000302005.3","ENSG00000169271","HSPB3",8.09e-05,0.341,87,10
"1056","DHX29",0.212289420286038,"ENSG00000067248","chr5","MA0065.1","Promoter (<=1kb)",54505,"ENST00000508346.1","ENSG00000067248","DHX29",5.71e-05,0.672,214,17
"1057","PLPP1",0.923708629483075,"ENSG00000067113","chr5","MA0065.1","Promoter (<=1kb)",8611,"ENST00000264775.9","ENSG00000067113","PLPP1",3.31e-05,0.659,-561,33
"1058","SLC38A9",0.217970715629418,"ENSG00000177058","chr5","MA0065.1","Promoter (1-2kb)",153129,"ENST00000507447.1","ENSG00000177058","SLC38A9",9.57e-06,0.601,-1564,39
"1059","IL6ST",0.298053293336634,"ENSG00000134352","chr5","MA0065.1","Promoter (<=1kb)",3572,"ENST00000423954.3","ENSG00000134352","IL6ST",8.82e-05,0.682,614,7
"1060","GPBP1",0.540509368187916,"ENSG00000062194","chr5","MA0065.1","Promoter (<=1kb)",65056,"ENST00000515484.2","ENSG00000062194","GPBP1",1.77e-05,0.623,-507,39
"1061","PDE4D",1.25401360939576,"ENSG00000113448","chr5","MA0065.1","Promoter (2-3kb)",5144,"ENST00000509368.6","ENSG00000113448","PDE4D",4.35e-07,0.563,-2976,31
"1062","ERCC8",0.228591274594706,"ENSG00000049167","chr5","MA0065.1","Promoter (2-3kb)",1161,"ENST00000682750.1","ENSG00000049167","ERCC8",8.27e-07,0.563,-2822,33
"1063","NDUFAF2",0.283979056216118,"ENSG00000164182","chr5","MA0065.1","Promoter (<=1kb)",91942,"ENST00000512623.1","ENSG00000164182","NDUFAF2",1.9e-05,0.628,212,30
"1064","ZSWIM6",0.569875392055848,"ENSG00000130449","chr5","PPARD_M05796_3.10","Promoter (<=1kb)",57688,"ENST00000252744.6","ENSG00000130449","ZSWIM6",2.42e-05,0.936,-75,1
"1065","KIF2A",0.208755238231294,"ENSG00000068796","chr5","MA0065.1","Promoter (<=1kb)",3796,"ENST00000674752.1","ENSG00000068796","KIF2A",4.86e-05,0.667,836,32
"1066","IPO11",0.210265577204778,"ENSG00000086200","chr5","MA0065.1","Promoter (1-2kb)",51194,"ENST00000505902.5","ENSG00000086200","IPO11",4.69e-06,0.572,-1215,30
"1067","RNF180",0.390723543605016,"ENSG00000164197","chr5","MA0065.1","Promoter (<=1kb)",285671,"ENST00000389100.9","ENSG00000164197","RNF180",9.23e-06,0.597,-168,14
"1068","CWC27",0.380842854277943,"ENSG00000153015","chr5","MA0065.1","Promoter (<=1kb)",10283,"ENST00000545000.2","ENSG00000153015","CWC27",4.34e-05,0.665,806,30
"1069","TRAPPC13",0.276643684431493,"ENSG00000113597","chr5","MA0065.1","Promoter (<=1kb)",80006,"ENST00000415825.2","ENSG00000113597","TRAPPC13",1.16e-05,0.622,747,35
"1070","SREK1",0.244473238292762,"ENSG00000153914","chr5","MA0065.1","Promoter (<=1kb)",140890,"ENST00000520580.5","ENSG00000153914","SREK1",1.54e-05,0.623,253,15
"1071","MAST4",1.81661405982308,"ENSG00000069020","chr5","MA0065.1","Promoter (1-2kb)",375449,"ENST00000406374.5","ENSG00000069020","MAST4",3.1e-07,0.555,-1696,39
"1072","PIK3R1",1.03713155994043,"ENSG00000145675","chr5","MA0065.1","Promoter (<=1kb)",5295,"ENST00000520675.1","ENSG00000145675","PIK3R1",1.54e-05,0.623,641,35
"1073","SLC30A5",0.251870387443356,"ENSG00000145740","chr5","MA0065.1","Promoter (1-2kb)",64924,"ENST00000380860.8","ENSG00000145740","SLC30A5",1.49e-05,0.623,-1086,32
"1074","GTF2H2C",0.247996841371369,"ENSG00000183474","chr5","MA0065.1","Promoter (1-2kb)",728340,"ENST00000380729.8","ENSG00000183474","GTF2H2C",7.6e-07,0.563,-1800,41
"1075","NAIP",0.410854272756462,"ENSG00000249437","chr5","MA0065.1","Promoter (<=1kb)",4671,"ENST00000447012.7","ENSG00000249437","NAIP",2.3e-05,0.637,-322,27
"1076","GTF2H2",0.223091829208235,"ENSG00000145736","chr5","MA0065.1","Promoter (1-2kb)",2966,"ENST00000523003.5","ENSG00000145736","GTF2H2",7.6e-07,0.563,-1836,41
"1077","BDP1",0.329329963808319,"ENSG00000145734","chr5","MA0065.1","Promoter (<=1kb)",55814,"ENST00000514903.7","ENSG00000145734","BDP1",1.07e-05,0.613,221,10
"1078","MCCC2",0.356558424951429,"ENSG00000131844","chr5","MA0065.1","Promoter (1-2kb)",64087,"ENST00000505787.8","ENSG00000131844","MCCC2",2.79e-05,0.649,-1796,33
"1079","MAP1B",0.496653805663525,"ENSG00000131711","chr5","MA0065.1","Promoter (2-3kb)",4131,"ENST00000512974.5","ENSG00000131711","MAP1B",2.01e-05,0.632,-2673,29
"1080","TNPO1",0.417504064665994,"ENSG00000083312","chr5","MA0065.1","Promoter (<=1kb)",3842,"ENST00000503084.1","ENSG00000083312","TNPO1",7.55e-05,0.682,-849,12
"1081","FCHO2",0.249546647536242,"ENSG00000157107","chr5","MA0066.1","Promoter (<=1kb)",115548,"ENST00000503302.1","ENSG00000157107","FCHO2",2.1e-05,0.647,-186,31
"1082","BTF3",0.257930824929009,"ENSG00000145741","chr5","MA0065.1","Promoter (<=1kb)",689,"ENST00000514505.7","ENSG00000145741","BTF3",5.46e-05,0.67,21,21
"1083","HEXB",0.240935782539901,"ENSG00000049860","chr5","MA0065.1","Promoter (<=1kb)",3074,"ENST00000505859.1","ENSG00000049860","HEXB",1.1e-06,0.563,814,27
"1084","POLK",0.321366183356042,"ENSG00000122008","chr5","MA0065.1","Promoter (<=1kb)",51426,"ENST00000511527.5","ENSG00000122008","POLK",1.85e-06,0.563,187,21
"1085","TBCA",0.509188126866297,"ENSG00000171530","chr5","MA0065.1","Promoter (1-2kb)",6902,"ENST00000517881.1","ENSG00000171530","TBCA",8.2e-06,0.585,-1008,29
"1086","AP3B1",0.413079866426986,"ENSG00000132842","chr5","MA0065.1","Promoter (1-2kb)",8546,"ENST00000522901.1","ENSG00000132842","AP3B1",1.11e-06,0.563,-1354,40
"1087","JMY",0.270653403043103,"ENSG00000152409","chr5","MA0065.1","Promoter (2-3kb)",133746,"ENST00000412001.1","ENSG00000152409","JMY",5.43e-05,0.67,-2200,18
"1088","HOMER1",0.990313358968691,"ENSG00000152413","chr5","MA0065.1","Promoter (<=1kb)",9456,"ENST00000334082.11","ENSG00000152413","HOMER1",4.52e-05,0.667,-346,30
"1089","CMYA5",1.99925127344966,"ENSG00000164309","chr5","MA0065.1","Promoter (2-3kb)",202333,"ENST00000505466.1","ENSG00000164309","CMYA5",1.39e-05,0.623,-2147,38
"1090","SERINC5",0.260998275834559,"ENSG00000164300","chr5","MA0855.1","Promoter (1-2kb)",256987,"ENST00000507668.7","ENSG00000164300","SERINC5",5.72e-05,0.777,-1843,30
"1091","ZFYVE16",0.425360937853402,"ENSG00000039319","chr5","MA0065.1","Promoter (2-3kb)",9765,"ENST00000511050.5","ENSG00000039319","ZFYVE16",3.27e-05,0.658,-2492,34
"1092","MSH3",0.231531349718013,"ENSG00000113318","chr5","MA0065.1","Promoter (<=1kb)",4437,"ENST00000658259.1","ENSG00000113318","MSH3",5.82e-05,0.672,467,7
"1093","CKMT2",1.86416260204294,"ENSG00000131730","chr5","MA0065.1","Promoter (1-2kb)",1160,"ENST00000505135.1","ENSG00000131730","CKMT2",2.09e-05,0.634,-1696,34
"1094","SSBP2",0.901443408050979,"ENSG00000145687","chr5","MA0065.1","Promoter (2-3kb)",23635,"ENST00000513785.5","ENSG00000145687","SSBP2",5.05e-06,0.572,-2596,28
"1095","ATG10",0.385658272457499,"ENSG00000152348","chr5","MA0065.1","Promoter (<=1kb)",83734,"ENST00000514253.2","ENSG00000152348","ATG10",8.32e-06,0.586,332,13
"1096","XRCC4",0.29480355339612,"ENSG00000152422","chr5","MA0065.1","Promoter (2-3kb)",7518,"ENST00000509268.1","ENSG00000152422","XRCC4",4.55e-05,0.667,-2494,32
"1097","EDIL3",0.222523778602682,"ENSG00000164176","chr5","MA0065.1","Promoter (2-3kb)",10085,"ENST00000510271.1","ENSG00000164176","EDIL3",3.74e-05,0.662,-2127,41
"1098","COX7C",0.761167478770693,"ENSG00000127184","chr5","MA0065.1","Promoter (<=1kb)",1350,"ENST00000510447.1","ENSG00000127184","COX7C",5.13e-06,0.572,394,36
"1099","RASA1",0.473314789589591,"ENSG00000145715","chr5","MA0065.1","Promoter (<=1kb)",5921,"ENST00000456692.6","ENSG00000145715","RASA1",1.01e-05,0.607,-265,32
"1100","MEF2C",0.786338036747155,"ENSG00000081189","chr5","MA0065.1","Promoter (<=1kb)",4208,"ENST00000514028.5","ENSG00000081189","MEF2C",9.2e-06,0.596,-57,27
"1101","FAM172A",0.61987328405517,"ENSG00000113391","chr5","MA0065.1","Promoter (<=1kb)",83989,"ENST00000509739.5","ENSG00000113391","ARB2A",2.06e-05,0.634,815,13
"1102","KIAA0825",0.307903190016276,"ENSG00000185261","chr5","MA1148.1","Promoter (1-2kb)",285600,"ENST00000504117.1","ENSG00000185261","KIAA0825",2.97e-05,0.553,-1053,8
"1103","RHOBTB3",0.76380602351945,"ENSG00000164292","chr5","MA0065.1","Promoter (<=1kb)",22836,"ENST00000504949.1","ENSG00000164292","RHOBTB3",5.13e-06,0.572,-394,21
"1104","GLRX",0.258401403178451,"ENSG00000173221","chr5","MA0065.1","Promoter (<=1kb)",2745,"ENST00000507412.1","ENSG00000173221","GLRX",1.17e-05,0.623,830,32
"1105","ELL2",0.857937318351644,"ENSG00000118985","chr5","MA0065.1","Promoter (<=1kb)",22936,"ENST00000508757.1","ENSG00000118985","ELL2",9.5e-06,0.6,526,32
"1106","ERAP1",0.342910678798336,"ENSG00000164307","chr5","MA0065.1","Promoter (1-2kb)",51752,"ENST00000507859.1","ENSG00000164307","ERAP1",3.64e-05,0.662,-1222,15
"1107","LNPEP",0.524930671337313,"ENSG00000113441","chr5","MA0065.1","Promoter (2-3kb)",4012,"ENST00000474122.1","ENSG00000113441","LNPEP",7.97e-06,0.582,-2487,31
"1108","CHD1",0.224959409623292,"ENSG00000153922","chr5","MA0065.1","Promoter (<=1kb)",1105,"ENST00000512392.5","ENSG00000153922","CHD1",3.96e-06,0.572,-259,29
"1109","PAM",1.87581259992423,"ENSG00000145730","chr5","MA0065.1","Promoter (1-2kb)",5066,"ENST00000379799.7","ENSG00000145730","PAM",8.58e-06,0.588,-1614,22
"1110","PPIP5K2",0.493020217600221,"ENSG00000145725","chr5","MA0065.1","Promoter (1-2kb)",23262,"ENST00000509597.5","ENSG00000145725","PPIP5K2",9.74e-06,0.603,-1141,41
"1111","EFNA5",1.69498185240972,"ENSG00000184349","chr5","MA0065.1","Promoter (<=1kb)",1946,"ENST00000510359.1","ENSG00000184349","EFNA5",1.03e-05,0.608,368,18
"1112","FBXL17",1.16660616268692,"ENSG00000145743","chr5","MA0065.1","Promoter (<=1kb)",64839,"ENST00000542267.7","ENSG00000145743","FBXL17",1.1e-05,0.617,-374,27
"1113","FER",0.509030819323116,"ENSG00000151422","chr5","MA0065.1","Promoter (<=1kb)",2241,"ENST00000438717.6","ENSG00000151422","FER",1.02e-05,0.608,-619,27
"1114","PJA2",0.363546518818296,"ENSG00000198961","chr5","MA0065.1","Promoter (<=1kb)",9867,"ENST00000361189.7","ENSG00000198961","PJA2",3.35e-06,0.572,-718,36
"1115","SLC25A46",0.212031453327753,"ENSG00000164209","chr5","MA0065.1","Promoter (<=1kb)",91137,"ENST00000513706.2","ENSG00000164209","SLC25A46",3.31e-05,0.659,-106,30
"1116","EPB41L4A",0.506412512852847,"ENSG00000129595","chr5","MA0065.1","Promoter (2-3kb)",64097,"ENST00000511405.1","ENSG00000129595","EPB41L4A",1.66e-05,0.623,-2084,37
"1117","APC",0.373937539082913,"ENSG00000134982","chr5","MA0065.1","Promoter (<=1kb)",324,"ENST00000502371.3","ENSG00000134982","APC",3e-05,0.653,-4,24
"1118","REEP5",0.362889430087246,"ENSG00000129625","chr5","MA0065.1","Promoter (<=1kb)",7905,"ENST00000474542.2","ENSG00000129625","REEP5",6.66e-05,0.681,260,3
"1119","MCC",0.479838947911236,"ENSG00000171444","chr5","MA0065.1","Promoter (<=1kb)",4163,"ENST00000515367.6","ENSG00000171444","MCC",2.2e-06,0.563,-441,38
"1120","YTHDC2",0.255949907811347,"ENSG00000047188","chr5","MA0065.1","Promoter (<=1kb)",64848,"ENST00000512600.1","ENSG00000047188","YTHDC2",6.66e-05,0.681,371,42
"1121","AP3S1",0.443760724287382,"ENSG00000177879","chr5","MA0065.1","Promoter (1-2kb)",1176,"ENST00000505423.1","ENSG00000177879","AP3S1",1.96e-05,0.631,-1397,23
"1122","COMMD10",0.754897629214056,"ENSG00000145781","chr5","MA0065.1","Promoter (<=1kb)",51397,"ENST00000506589.1","ENSG00000145781","COMMD10",2.39e-05,0.639,560,30
"1123","DTWD2",0.319249799196819,"ENSG00000169570","chr5","MA0065.1","Promoter (1-2kb)",285605,"ENST00000510708.6","ENSG00000169570","DTWD2",6.47e-05,0.679,-1345,28
"1124","DMXL1",0.416155993987982,"ENSG00000172869","chr5","MA0065.1","Promoter (1-2kb)",1657,"ENST00000507552.1","ENSG00000172869","DMXL1",3.66e-06,0.572,-1277,30
"1125","HSD17B4",0.448638253225102,"ENSG00000133835","chr5","MA0065.1","Promoter (<=1kb)",3295,"ENST00000520216.5","ENSG00000133835","HSD17B4",2.27e-05,0.637,713,28
"1126","PRR16",0.513870643963815,"ENSG00000184838","chr5","MA0065.1","Promoter (<=1kb)",51334,"ENST00000763330.1","ENSG00000184838","PRR16",7.26e-06,0.573,-254,14
"1127","SNX2",0.283908491901962,"ENSG00000205302","chr5","MA0065.1","Promoter (<=1kb)",6643,"ENST00000512394.5","ENSG00000205302","SNX2",5.55e-06,0.572,-515,41
"1128","SNX24",0.260257484485373,"ENSG00000064652","chr5","MA0065.1","Promoter (<=1kb)",28966,"ENST00000502387.5","ENSG00000064652","SNX24",2.13e-06,0.563,-617,33
"1129","ZNF608",0.310253002274292,"ENSG00000168916","chr5","MA0065.1","Promoter (1-2kb)",57507,"ENST00000509799.5","ENSG00000168916","ZNF608",1.1e-05,0.616,-1328,32
"1130","ALDH7A1",0.220375148869343,"ENSG00000164904","chr5","MA0065.1","Promoter (2-3kb)",501,"ENST00000636286.1","ENSG00000164904","ALDH7A1",3.63e-07,0.559,-2019,31
"1131","SLC12A2",0.238777380090678,"ENSG00000064651","chr5","MA0065.1","Promoter (<=1kb)",6558,"ENST00000502849.1","ENSG00000064651","SLC12A2",6.41e-05,0.678,402,10
"1132","FBN2",0.412215867577287,"ENSG00000138829","chr5","MA0065.1","Promoter (1-2kb)",2201,"ENST00000508053.6","ENSG00000138829","FBN2",3.25e-05,0.658,-1959,20
"1133","SLC27A6",0.332347947224098,"ENSG00000113396","chr5","MA0065.1","Promoter (2-3kb)",28965,"ENST00000262462.9","ENSG00000113396","SLC27A6",4.77e-05,0.667,-2385,34
"1134","HINT1",0.285035444320227,"ENSG00000169567","chr5","MA0065.1","Promoter (1-2kb)",3094,"ENST00000506207.2","ENSG00000169567","HINT1",6.79e-05,0.682,-1146,22
"1135","LYRM7",0.232446498356167,"ENSG00000186687","chr5","MA0065.1","Promoter (<=1kb)",90624,"ENST00000507584.1","ENSG00000186687","LYRM7",5.26e-06,0.572,428,31
"1136","SLC22A5",0.214491912531253,"ENSG00000197375","chr5","MA0065.1","Promoter (1-2kb)",6584,"ENST00000461013.5","ENSG00000197375","SLC22A5",4.12e-06,0.572,-1230,41
"1137","RAD50",0.298932947532665,"ENSG00000113522","chr5","MA0065.1","Promoter (<=1kb)",10111,"ENST00000640655.2","ENSG00000113522","RAD50",3.72e-06,0.572,920,37
"1138","UQCRQ",0.6278531071044,"ENSG00000164405","chr5","MA1556.1","Promoter (<=1kb)",27089,"ENST00000378667.1","ENSG00000164405","UQCRQ",4.35e-05,0.623,-21,4
"1139","AFF4",0.531769703319012,"ENSG00000072364","chr5","MA0065.1","Promoter (<=1kb)",27125,"ENST00000425658.1","ENSG00000072364","AFF4",3.07e-05,0.654,-104,22
"1140","HSPA4",0.254517416250129,"ENSG00000170606","chr5","MA0065.1","Promoter (2-3kb)",3308,"ENST00000304858.7","ENSG00000170606","HSPA4",1.04e-05,0.61,-2086,26
"1141","VDAC1",0.483552609371985,"ENSG00000213585","chr5","MA0065.1","Promoter (1-2kb)",7416,"ENST00000838696.1","ENSG00000213585","VDAC1",2.44e-07,0.529,-1457,38
"1142","SKP1",0.360536122722089,"ENSG00000113558","chr5","MA0065.1","Promoter (1-2kb)",6500,"ENST00000517691.1","ENSG00000113558","SKP1",1.29e-05,0.623,-1650,31
"1143","UBE2B",0.818528256395516,"ENSG00000119048","chr5","MA0065.1","Promoter (1-2kb)",7320,"ENST00000499038.2","ENSG00000119048","UBE2B",4.16e-05,0.664,-1305,23
"1144","SAR1B",0.239973548195255,"ENSG00000152700","chr5","MA0065.1","Promoter (<=1kb)",51128,"ENST00000503318.5","ENSG00000152700","SAR1B",6.37e-05,0.678,-996,38
"1145","SEC24A",0.222482441060141,"ENSG00000113615","chr5","MA0065.1","Promoter (<=1kb)",10802,"ENST00000513123.1","ENSG00000113615","SEC24A",8.38e-05,0.682,-554,32
"1146","DDX46",0.25377659464041,"ENSG00000145833","chr5","MA0065.1","Promoter (1-2kb)",9879,"ENST00000503946.1","ENSG00000145833","DDX46",4.68e-05,0.667,-1954,23
"1147","PCBD2",0.27117600736092,"ENSG00000132570","chr5","MA0066.1","Promoter (<=1kb)",84105,"ENST00000510013.1","ENSG00000132570","PCBD2",2.72e-05,0.647,-512,23
"1148","SMAD5",0.210404014342197,"ENSG00000113658","chr5","MA0065.1","Promoter (<=1kb)",4090,"ENST00000507637.1","ENSG00000113658","SMAD5",4.11e-06,0.572,592,39
"1149","SPOCK1",0.24966954908152,"ENSG00000152377","chr5","MA0065.1","Promoter (<=1kb)",6695,"ENST00000509978.1","ENSG00000152377","SPOCK1",4.93e-06,0.572,257,35
"1150","KLHL3",0.424524251169607,"ENSG00000146021","chr5","MA0065.1","Promoter (2-3kb)",26249,"ENST00000504496.5","ENSG00000146021","KLHL3",5.53e-06,0.572,-2737,37
"1151","MYOT",0.268793444344439,"ENSG00000120729","chr5","MA0065.1","Promoter (2-3kb)",9499,"ENST00000421631.6","ENSG00000120729","MYOT",2.74e-05,0.649,-2984,27
"1152","FAM13B",0.968920501755152,"ENSG00000031003","chr5","MA0065.1","Promoter (2-3kb)",51306,"ENST00000513640.1","ENSG00000031003","FAM13B",2.4e-05,0.64,-2614,29
"1153","KDM3B",0.321843695063465,"ENSG00000120733","chr5","MA0065.1","Promoter (<=1kb)",51780,"ENST00000512928.1","ENSG00000120733","KDM3B",6.57e-06,0.572,784,28
"1154","HSPA9",0.439504728083449,"ENSG00000113013","chr5","MA0065.1","Promoter (1-2kb)",3313,"ENST00000501917.7","ENSG00000113013","HSPA9",3.27e-05,0.658,-1600,35
"1155","CTNNA1",0.989945506408064,"ENSG00000044115","chr5","MA0065.1","Promoter (<=1kb)",1495,"ENST00000518919.1","ENSG00000044115","CTNNA1",1.74e-05,0.623,861,38
"1156","SIL1",0.7662538283646,"ENSG00000120725","chr5","MA0065.1","Promoter (2-3kb)",64374,"ENST00000515008.1","ENSG00000120725","SIL1",1.83e-05,0.625,-2075,40
"1157","PAIP2",0.33369502791763,"ENSG00000120727","chr5","MA0065.1","Promoter (<=1kb)",51247,"ENST00000510080.1","ENSG00000120727","PAIP2",5.73e-05,0.672,502,8
"1158","UBE2D2",0.637178559177461,"ENSG00000131508","chr5","MA0065.1","Promoter (1-2kb)",7322,"ENST00000698323.1","ENSG00000131508","UBE2D2",2.25e-06,0.563,-1138,30
"1159","NRG2",0.461575990255226,"ENSG00000158458","chr5","MA0065.1","Promoter (<=1kb)",9542,"ENST00000289409.8","ENSG00000158458","NRG2",8.09e-06,0.584,622,26
"1160","PURA",0.213172425308323,"ENSG00000185129","chr5","MA0855.1","Promoter (<=1kb)",5813,"ENST00000331327.5","ENSG00000185129","PURA",6.34e-05,0.777,-171,29
"1161","CYSTM1",0.575253067128306,"ENSG00000120306","chr5","MA0065.1","Promoter (2-3kb)",84418,"ENST00000509589.5","ENSG00000120306","CYSTM1",2.41e-05,0.64,-2447,28
"1162","PFDN1",0.266588317674236,"ENSG00000113068","chr5","MA0065.1","Promoter (2-3kb)",5201,"ENST00000512707.1","ENSG00000113068","PFDN1",3.65e-05,0.662,-2657,37
"1163","NDUFA2",0.25694115570447,"ENSG00000131495","chr5","MA1555.1","Promoter (<=1kb)",4695,"ENST00000510680.1","ENSG00000131495","NDUFA2",3.41e-08,0.573,-114,13
"1164","TAF7",0.214578932012264,"ENSG00000178913","chr5","MA1555.1","Promoter (2-3kb)",6879,"ENST00000313368.8","ENSG00000178913","TAF7",2.75e-05,0.573,-2549,19
"1165","DIAPH1",0.370262388055597,"ENSG00000131504","chr5","MA0065.1","Promoter (2-3kb)",1729,"ENST00000524301.1","ENSG00000131504","DIAPH1",4.23e-06,0.572,-2805,29
"1166","NDFIP1",0.575065760312297,"ENSG00000131507","chr5","MA0065.1","Promoter (1-2kb)",80762,"ENST00000505614.1","ENSG00000131507","NDFIP1",8.43e-06,0.586,-1884,32
"1167","FGF1",0.424766144750273,"ENSG00000113578","chr5","MA0065.1","Promoter (<=1kb)",2246,"ENST00000621536.4","ENSG00000113578","FGF1",3.25e-05,0.658,-49,37
"1168","ARHGAP26",1.44121588142726,"ENSG00000145819","chr5","MA0065.1","Promoter (2-3kb)",23092,"ENST00000464838.1","ENSG00000145819","ARHGAP26",1.76e-06,0.563,-2443,34
"1169","NR3C1",0.686369846534907,"ENSG00000113580","chr5","MA0065.1","Promoter (<=1kb)",2908,"ENST00000343796.6","ENSG00000113580","NR3C1",6.8e-06,0.572,-27,33
"1170","PRELID2",0.43637528367853,"ENSG00000186314","chr5","MA0065.1","Promoter (2-3kb)",153768,"ENST00000510259.5","ENSG00000186314","PRELID2",2.14e-07,0.511,-2562,42
"1171","SH3RF2",0.609687906812041,"ENSG00000156463","chr5","MA0065.1","Promoter (<=1kb)",153769,"ENST00000359120.9","ENSG00000156463","SH3RF2",1.44e-05,0.623,-343,39
"1172","TCERG1",0.241217237282463,"ENSG00000113649","chr5","MA0065.1","Promoter (<=1kb)",10915,"ENST00000509810.5","ENSG00000113649","TCERG1",1.78e-05,0.623,-530,19
"1173","ABLIM3",0.53718361416404,"ENSG00000173210","chr5","MA0065.1","Promoter (1-2kb)",22885,"ENST00000517451.5","ENSG00000173210","ABLIM3",2.73e-06,0.572,-1023,39
"1174","AFAP1L1",0.381122997972194,"ENSG00000157510","chr5","MA0065.1","Promoter (1-2kb)",134265,"ENST00000508444.1","ENSG00000157510","AFAP1L1",2.75e-05,0.649,-1792,37
"1175","CSNK1A1",1.17507602742846,"ENSG00000113712","chr5","MA0065.1","Promoter (<=1kb)",1452,"ENST00000606299.2","ENSG00000113712","CSNK1A1",3.35e-05,0.659,364,28
"1176","PPARGC1B",0.706680209361018,"ENSG00000155846","chr5","MA0065.1","Promoter (2-3kb)",133522,"ENST00000492495.1","ENSG00000155846","PPARGC1B",9.53e-06,0.601,-2897,23
"1177","SYNPO",0.621566704020242,"ENSG00000171992","chr5","MA0065.1","Promoter (2-3kb)",11346,"ENST00000810474.1","ENSG00000171992","SYNPO",2.77e-05,0.649,-2604,33
"1178","DCTN4",0.265249857715775,"ENSG00000132912","chr5","MA0065.1","Promoter (<=1kb)",51164,"ENST00000521728.5","ENSG00000132912","DCTN4",5.83e-07,0.563,-367,38
"1179","GPX3",0.472030372820747,"ENSG00000211445","chr5","MA0065.1","Promoter (<=1kb)",2878,"ENST00000521632.1","ENSG00000211445","GPX3",3.75e-05,0.662,224,35
"1180","TNIP1",0.209128982215073,"ENSG00000145901","chr5","MA0065.1","Promoter (<=1kb)",10318,"ENST00000522574.5","ENSG00000145901","TNIP1",8.1e-07,0.563,-297,35
"1181","ANXA6",0.218511145853734,"ENSG00000197043","chr5","MA0065.1","Promoter (<=1kb)",309,"ENST00000520054.1","ENSG00000197043","ANXA6",7.44e-06,0.576,-672,37
"1182","CCDC69",0.252368658477641,"ENSG00000198624","chr5","MA0065.1","Promoter (<=1kb)",26112,"ENST00000518189.5","ENSG00000198624","CCDC69",1.04e-05,0.61,-975,39
"1183","G3BP1",0.233306588420446,"ENSG00000145907","chr5","MA0065.1","Promoter (<=1kb)",10146,"ENST00000677923.1","ENSG00000145907","G3BP1",2.03e-05,0.633,62,14
"1184","LARP1",0.594480278708448,"ENSG00000155506","chr5","MA0065.1","Promoter (<=1kb)",23367,"ENST00000524187.1","ENSG00000155506","LARP1",1.04e-05,0.61,201,37
"1185","FAXDC2",0.34254483860346,"ENSG00000170271","chr5","MA0065.1","Promoter (1-2kb)",10826,"ENST00000523997.5","ENSG00000170271","FAXDC2",3.86e-07,0.563,-1424,41
"1186","SGCD",2.47597238072209,"ENSG00000170624","chr5","MA0065.1","Promoter (<=1kb)",6444,"ENST00000435422.7","ENSG00000170624","SGCD",2.84e-05,0.65,-499,33
"1187","CYFIP2",0.228149869512328,"ENSG00000055163","chr5","MA0065.1","Promoter (<=1kb)",26999,"ENST00000520960.2","ENSG00000055163","CYFIP2",5.83e-07,0.563,264,39
"1188","ADAM19",0.221099045428719,"ENSG00000135074","chr5","MA0065.1","Promoter (<=1kb)",8728,"ENST00000517374.5","ENSG00000135074","ADAM19",1.41e-05,0.623,33,42
"1189","CLINT1",0.209153086126606,"ENSG00000113282","chr5","MA0065.1","Promoter (<=1kb)",9685,"ENST00000518855.5","ENSG00000113282","CLINT1",1.06e-05,0.612,568,20
"1190","EBF1",0.221717050708111,"ENSG00000164330","chr5","MA0065.1","Promoter (1-2kb)",1879,"ENST00000523464.1","ENSG00000164330","EBF1",1.08e-07,0.453,-1870,41
"1191","RNF145",0.349506550318928,"ENSG00000145860","chr5","MA0065.1","Promoter (1-2kb)",153830,"ENST00000518802.5","ENSG00000145860","RNF145",7.47e-06,0.576,-1628,34
"1192","TTC1",0.387533468012995,"ENSG00000113312","chr5","MA0065.1","Promoter (<=1kb)",7265,"ENST00000682457.1","ENSG00000113312","TTC1",2.23e-05,0.637,862,27
"1193","PWWP2A",0.228891686939435,"ENSG00000170234","chr5","MA0065.1","Promoter (<=1kb)",114825,"ENST00000521424.1","ENSG00000170234","PWWP2A",2.67e-05,0.647,-627,35
"1194","CCNJL",0.212647562032674,"ENSG00000135083","chr5","MA0065.1","Promoter (1-2kb)",79616,"ENST00000518764.1","ENSG00000135083","CCNJL",7.29e-07,0.563,-1541,41
"1195","CCNG1",0.209785535092565,"ENSG00000113328","chr5","MA0065.1","Promoter (<=1kb)",900,"ENST00000504553.2","ENSG00000113328","CCNG1",4.86e-05,0.667,-898,22
"1196","TENM2",1.39753861325015,"ENSG00000145934","chr5","MA0065.1","Promoter (1-2kb)",57451,"ENST00000517346.1","ENSG00000145934","TENM2",1.18e-06,0.563,-1841,38
"1197","DOCK2",0.22807508239547,"ENSG00000134516","chr5","MA0065.1","Promoter (2-3kb)",1794,"ENST00000648741.1","ENSG00000134516","DOCK2",3.12e-06,0.572,-2143,27
"1198","KCNIP1",0.225239160048251,"ENSG00000182132","chr5","MA0065.1","Promoter (1-2kb)",30820,"ENST00000328939.9","ENSG00000182132","KCNIP1",3.65e-05,0.662,-1653,37
"1199","RANBP17",0.331463751824116,"ENSG00000204764","chr5","MA0065.1","Promoter (<=1kb)",64901,"ENST00000443155.5","ENSG00000204764","RANBP17",3.8e-07,0.563,-370,39
"1200","FBXW11",0.567018858272619,"ENSG00000072803","chr5","MA0065.1","Promoter (2-3kb)",23291,"ENST00000296933.10","ENSG00000072803","FBXW11",2.1e-06,0.563,-2903,33
"1201","DUSP1",0.675901456097667,"ENSG00000120129","chr5","MA0065.1","Promoter (<=1kb)",1843,"ENST00000239223.4","ENSG00000120129","DUSP1",1.81e-05,0.625,170,21
"1202","ERGIC1",0.306351198975222,"ENSG00000113719","chr5","MA0065.1","Promoter (<=1kb)",57222,"ENST00000523366.1","ENSG00000113719","ERGIC1",1.47e-06,0.563,-453,40
"1203","ATP6V0E1",0.385028219343148,"ENSG00000113732","chr5","MA0065.1","Promoter (<=1kb)",8992,"ENST00000517669.1","ENSG00000113732","ATP6V0E1",4e-05,0.662,952,31
"1204","CREBRF",0.247345244255379,"ENSG00000164463","chr5","MA0065.1","Promoter (1-2kb)",153222,"ENST00000296953.6","ENSG00000164463","CREBRF",4.37e-05,0.665,-1941,31
"1205","NKX2-5",0.286932500842057,"ENSG00000183072","chr5","MA0066.1","Promoter (1-2kb)",1482,"ENST00000517440.1","ENSG00000183072","NKX2-5",9.42e-05,0.704,-1852,27
"1206","CPEB4",1.81648082691544,"ENSG00000113742","chr5","MA0065.1","Promoter (1-2kb)",80315,"ENST00000659882.1","ENSG00000113742","CPEB4",4.06e-06,0.572,-1065,37
"1207","SFXN1",0.330956837385676,"ENSG00000164466","chr5","MA0065.1","Promoter (<=1kb)",94081,"ENST00000507017.5","ENSG00000164466","SFXN1",2.55e-06,0.572,527,40
"1208","CLTB",0.407811512471286,"ENSG00000175416","chr5","MA0065.1","Promoter (2-3kb)",1212,"ENST00000509319.1","ENSG00000175416","CLTB",5.2e-06,0.572,-2059,36
"1209","FAF2",0.239018714479961,"ENSG00000113194","chr5","MA0065.1","Promoter (2-3kb)",23197,"ENST00000504983.1","ENSG00000113194","FAF2",8.2e-06,0.585,-2228,39
"1210","UIMC1",0.330225950556289,"ENSG00000087206","chr5","MA0065.1","Promoter (<=1kb)",51720,"ENST00000505229.1","ENSG00000087206","UIMC1",3.16e-05,0.655,143,17
"1211","NSD1",0.641035245958644,"ENSG00000165671","chr5","MA0065.1","Promoter (<=1kb)",64324,"ENST00000513736.1","ENSG00000165671","NSD1",2.74e-06,0.572,387,19
"1212","PHYKPL",0.374252808061826,"ENSG00000175309","chr5","MA0065.1","Promoter (<=1kb)",85007,"ENST00000481436.5","ENSG00000175309","PHYKPL",1.09e-05,0.616,-303,33
"1213","COL23A1",0.421313175993106,"ENSG00000050767","chr5","MA0065.1","Promoter (1-2kb)",91522,"ENST00000646779.1","ENSG00000050767","COL23A1",2.28e-05,0.637,-1473,38
"1214","CLK4",0.227599290776793,"ENSG00000113240","chr5","MA0065.1","Promoter (1-2kb)",57396,"ENST00000523013.1","ENSG00000113240","CLK4",1.65e-06,0.563,-1795,12
"1215","RUFY1",0.274034981671376,"ENSG00000176783","chr5","MA0065.1","Promoter (<=1kb)",80230,"ENST00000503583.1","ENSG00000176783","RUFY1",6.15e-06,0.572,-615,29
"1216","HNRNPH1",0.465029317829135,"ENSG00000169045","chr5","MA0065.1","Promoter (<=1kb)",3187,"ENST00000521116.6","ENSG00000169045","HNRNPH1",7.16e-06,0.573,-172,36
"1217","CANX",0.388285608034532,"ENSG00000127022","chr5","MA0065.1","Promoter (1-2kb)",821,"ENST00000681674.1","ENSG00000127022","CANX",1.69e-06,0.563,-1509,37
"1218","SQSTM1",0.591871240655177,"ENSG00000161011","chr5","MA0065.1","Promoter (<=1kb)",8878,"ENST00000466342.1","ENSG00000161011","SQSTM1",9.81e-06,0.604,291,25
"1219","RNF130",0.378296511889792,"ENSG00000113269","chr5","MA0065.1","Promoter (2-3kb)",55819,"ENST00000519708.1","ENSG00000113269","RNF130",3.84e-05,0.662,-2151,30
"1220","EXOC2",0.287984618347052,"ENSG00000112685","chr6","MA0065.1","Promoter (<=1kb)",55770,"ENST00000230449.9","ENSG00000112685","EXOC2",9.93e-05,0.687,-892,41
"1221","GMDS",0.244266676061891,"ENSG00000112699","chr6","MA0065.1","Promoter (<=1kb)",2762,"ENST00000530075.1","ENSG00000112699","GMDS",4.5e-06,0.572,-40,35
"1222","SERPINB6",0.308274783619768,"ENSG00000124570","chr6","MA0065.1","Promoter (<=1kb)",5269,"ENST00000612421.3","ENSG00000124570","SERPINB6",3.32e-05,0.659,-81,23
"1223","CDYL",0.321794179189039,"ENSG00000153046","chr6","MA0065.1","Promoter (<=1kb)",9425,"ENST00000449732.6","ENSG00000153046","CDYL",1.52e-06,0.563,-570,40
"1224","LYRM4",0.261768036075176,"ENSG00000214113","chr6","MA0065.1","Promoter (2-3kb)",57128,"ENST00000463032.5","ENSG00000214113","LYRM4",3.17e-05,0.655,-2532,37
"1225","FARS2",0.656305917101196,"ENSG00000145982","chr6","MA0065.1","Promoter (1-2kb)",10667,"ENST00000445533.1","ENSG00000145982","FARS2",6.35e-05,0.678,-1646,30
"1226","RREB1",0.508332680694878,"ENSG00000124782","chr6","MA0065.1","Promoter (1-2kb)",6239,"ENST00000379933.7","ENSG00000124782","RREB1",3.87e-09,0.225,-1205,33
"1227","DSP",0.468496770081539,"ENSG00000096696","chr6","MA0065.1","Promoter (<=1kb)",1832,"ENST00000682228.1","ENSG00000096696","DSP",9.43e-06,0.599,94,24
"1228","GCNT2",0.847363625751967,"ENSG00000111846","chr6","MA0065.1","Promoter (<=1kb)",2651,"ENST00000459872.1","ENSG00000111846","GCNT2",6.33e-06,0.572,-404,26
"1229","MAK",0.263474296989744,"ENSG00000111837","chr6","MA0066.1","Promoter (<=1kb)",4117,"ENST00000538030.3","ENSG00000111837","MAK",9.49e-05,0.704,-227,33
"1230","HIVEP1",0.221280625232807,"ENSG00000095951","chr6","MA0065.1","Promoter (2-3kb)",3096,"ENST00000714231.1","ENSG00000095951","HIVEP1",5.14e-05,0.667,-2880,17
"1231","PHACTR1",1.63309628515042,"ENSG00000112137","chr6","MA0065.1","Promoter (<=1kb)",221692,"ENST00000481706.1","ENSG00000112137","PHACTR1",2.37e-05,0.638,662,41
"1232","GFOD1",0.640890681134324,"ENSG00000145990","chr6","MA0065.1","Promoter (1-2kb)",54438,"ENST00000603223.1","ENSG00000145990","GFOD1",3.81e-06,0.572,-1209,35
"1233","SIRT5",0.382004939101725,"ENSG00000124523","chr6","MA0065.1","Promoter (<=1kb)",23408,"ENST00000680151.1","ENSG00000124523","SIRT5",4.81e-05,0.667,109,27
"1234","RANBP9",0.334926586858998,"ENSG00000010017","chr6","MA0066.1","Promoter (2-3kb)",10048,"ENST00000469916.1","ENSG00000010017","RANBP9",2.49e-05,0.647,-2912,34
"1235","JARID2",0.551240764330758,"ENSG00000008083","chr6","MA0066.1","Promoter (2-3kb)",3720,"ENST00000474854.1","ENSG00000008083","JARID2",1.25e-05,0.626,-2649,30
"1236","DTNBP1",0.224166119201451,"ENSG00000047579","chr6","MA0065.1","Promoter (2-3kb)",84062,"ENST00000462989.6","ENSG00000047579","DTNBP1",7.11e-06,0.573,-2413,40
"1237","GMPR",0.74511253635006,"ENSG00000137198","chr6","MA0065.1","Promoter (1-2kb)",2766,"ENST00000543191.5","ENSG00000137198","GMPR",7.68e-06,0.579,-1048,31
"1238","ATXN1",1.15155737328351,"ENSG00000124788","chr6","MA0066.1","Promoter (<=1kb)",6310,"ENST00000483591.6","ENSG00000124788","ATXN1",3.91e-05,0.657,-511,19
"1239","RBM24",0.668851493501178,"ENSG00000112183","chr6","MA0065.1","Promoter (<=1kb)",221662,"ENST00000508508.1","ENSG00000112183","RBM24",2.18e-06,0.563,123,23
"1240","CAP2",0.925581938557136,"ENSG00000112186","chr6","MA0065.1","Promoter (2-3kb)",10486,"ENST00000229922.7","ENSG00000112186","CAP2",5.1e-05,0.667,-2726,31
"1241","NUP153",0.269121959201764,"ENSG00000124789","chr6","PPARD_M05796_3.10","Promoter (<=1kb)",9972,"ENST00000262077.3","ENSG00000124789","NUP153",1.87e-05,0.936,3,2
"1242","KIF13A",1.17652633268546,"ENSG00000137177","chr6","MA0065.1","Promoter (<=1kb)",63971,"ENST00000506044.1","ENSG00000137177","KIF13A",3.84e-06,0.572,-107,40
"1243","CDKAL1",0.791818840449698,"ENSG00000145996","chr6","MA0065.1","Promoter (2-3kb)",54901,"ENST00000378610.1","ENSG00000145996","CDKAL1",1.88e-05,0.628,-2226,41
"1244","C6orf62",0.248351786727596,"ENSG00000112308","chr6","MA0066.1","Promoter (<=1kb)",81688,"ENST00000378119.9","ENSG00000112308","C6orf62",6.86e-05,0.69,-335,11
"1245","TUBB",0.21392761054144,"ENSG00000196230","chr6","MA0065.1","Promoter (<=1kb)",203068,"ENST00000330914.7","ENSG00000196230","TUBB",3.51e-05,0.662,-88,17
"1246","FLOT1",0.245185619780905,"ENSG00000137312","chr6","MA0065.1","Promoter (<=1kb)",10211,"ENST00000476729.5","ENSG00000137312","FLOT1",7.36e-06,0.574,429,25
"1247","HSPA1A",0.332998270927039,"ENSG00000204389","chr6","MA0065.1","Promoter (<=1kb)",3303,"ENST00000375651.7","ENSG00000204389","HSPA1A",3.92e-05,0.662,816,18
"1248","UQCC2",0.252634273877194,"ENSG00000137288","chr6","MA0066.1","Promoter (2-3kb)",84300,"ENST00000374214.3","ENSG00000137288","UQCC2",9.72e-05,0.704,-2847,19
"1249","IP6K3",0.270255568795062,"ENSG00000161896","chr6","MA0066.1","Promoter (2-3kb)",117283,"ENST00000451316.6","ENSG00000161896","IP6K3",3.73e-07,0.538,-2647,40
"1250","NUDT3",0.246172122850801,"ENSG00000272325","chr6","MA0065.1","Promoter (1-2kb)",11165,"ENST00000639725.1","ENSG00000272325","NUDT3",5.71e-05,0.672,-1712,18
"1251","SNRPC",0.218752319218834,"ENSG00000124562","chr6","MA0065.1","Promoter (<=1kb)",6631,"ENST00000474635.1","ENSG00000124562","SNRPC",3.06e-05,0.654,827,17
"1252","ANKS1A",0.71816584698232,"ENSG00000064999","chr6","MA0065.1","Promoter (<=1kb)",23294,"ENST00000470698.1","ENSG00000064999","ANKS1A",4.01e-05,0.662,-262,36
"1253","ZNF76",0.345624924665822,"ENSG00000065029","chr6","MA0065.1","Promoter (<=1kb)",7629,"ENST00000479226.1","ENSG00000065029","ZNF76",3.66e-05,0.662,-257,33
"1254","FKBP5",1.4689001586515,"ENSG00000096060","chr6","MA0065.1","Promoter (<=1kb)",2289,"ENST00000542713.1","ENSG00000096060","FKBP5",1.49e-05,0.623,-219,37
"1255","MAPK14",0.232330731299868,"ENSG00000112062","chr6","MA0065.1","Promoter (<=1kb)",1432,"ENST00000229795.8","ENSG00000112062","MAPK14",9.64e-05,0.686,65,8
"1256","STK38",0.309321684015533,"ENSG00000112079","chr6","MA0065.1","Promoter (<=1kb)",11329,"ENST00000229812.8","ENSG00000112079","STK38",1.55e-05,0.623,-527,20
"1257","SRSF3",0.520064023578585,"ENSG00000112081","chr6","MA0066.1","Promoter (<=1kb)",6428,"ENST00000620389.1","ENSG00000112081","SRSF3",6.72e-05,0.688,978,27
"1258","CPNE5",0.450888179894324,"ENSG00000124772","chr6","MA0065.1","Promoter (<=1kb)",57699,"ENST00000393189.2","ENSG00000124772","CPNE5",2.79e-05,0.649,-928,40
"1259","C6orf89",0.286548730553299,"ENSG00000198663","chr6","MA0065.1","Promoter (2-3kb)",221477,"ENST00000359359.6","ENSG00000198663","C6orf89",2.65e-05,0.647,-2519,33
"1260","MTCH1",0.415922323903992,"ENSG00000137409","chr6","MA0065.1","Promoter (<=1kb)",23787,"ENST00000695056.1","ENSG00000137409","MTCH1",4.43e-06,0.572,-13,16
"1261","ZFAND3",1.34880758604933,"ENSG00000156639","chr6","MA0065.1","Promoter (<=1kb)",60685,"ENST00000373389.5","ENSG00000156639","ZFAND3",8.09e-06,0.584,-466,41
"1262","BTBD9",1.05987270806451,"ENSG00000183826","chr6","MA0065.1","Promoter (<=1kb)",114781,"ENST00000497373.1","ENSG00000183826","BTBD9",9.5e-05,0.686,66,5
"1263","APOBEC2",0.279147848421884,"ENSG00000124701","chr6","MA0065.1","Promoter (1-2kb)",10930,"ENST00000244669.3","ENSG00000124701","APOBEC2",4.62e-05,0.667,-1277,33
"1264","USP49",0.263442573943902,"ENSG00000164663","chr6","MA0065.1","Promoter (<=1kb)",25862,"ENST00000373010.5","ENSG00000164663","USP49",4.78e-06,0.572,826,31
"1265","CCND3",0.330148116518845,"ENSG00000112576","chr6","MA0065.1","Promoter (<=1kb)",896,"ENST00000506555.5","ENSG00000112576","CCND3",1.91e-05,0.628,-641,31
"1266","UBR2",0.766987240484146,"ENSG00000024048","chr6","MA0065.1","Promoter (<=1kb)",23304,"ENST00000372903.6","ENSG00000024048","UBR2",2.82e-05,0.65,656,20
"1267","XPO5",0.531395469339974,"ENSG00000124571","chr6","MA0065.1","Promoter (2-3kb)",57510,"ENST00000455285.2","ENSG00000124571","XPO5",1.49e-05,0.623,-2172,18
"1268","VEGFA",0.30098305853444,"ENSG00000112715","chr6","MA0065.1","Promoter (<=1kb)",7422,"ENST00000493786.2","ENSG00000112715","VEGFA",5.34e-06,0.572,490,36
"1269","SLC29A1",0.233121157324094,"ENSG00000112759","chr6","MA0065.1","Promoter (<=1kb)",2030,"ENST00000647460.1","ENSG00000112759","SLC29A1",2.52e-06,0.572,-432,31
"1270","HSP90AB1",0.439743999877096,"ENSG00000096384","chr6","MA0066.1","Promoter (<=1kb)",3326,"ENST00000353801.7","ENSG00000096384","HSP90AB1",5.78e-06,0.595,-324,14
"1271","SUPT3H",0.621760815245779,"ENSG00000196284","chr6","MA0065.1","Promoter (<=1kb)",8464,"ENST00000371458.1","ENSG00000196284","SUPT3H",2.97e-05,0.653,347,27
"1272","CLIC5",0.977596003233259,"ENSG00000112782","chr6","MA0065.1","Promoter (<=1kb)",53405,"ENST00000476852.1","ENSG00000112782","CLIC5",1.96e-05,0.631,804,31
"1273","RCAN2",1.67084601646571,"ENSG00000172348","chr6","MA0066.1","Promoter (<=1kb)",10231,"ENST00000330430.10","ENSG00000172348","RCAN2",7.74e-05,0.699,-612,28
"1274","SLC25A27",0.237855636891471,"ENSG00000153291","chr6","MA0065.1","Promoter (<=1kb)",9481,"ENST00000603501.1","ENSG00000153291","SLC25A27",2.48e-05,0.641,-608,31
"1275","GCLC",0.264543738405793,"ENSG00000001084","chr6","MA0065.1","Promoter (<=1kb)",2729,"ENST00000616923.5","ENSG00000001084","GCLC",3.35e-05,0.659,-379,42
"1276","KLHL31",0.956503663827396,"ENSG00000124743","chr6","MA0065.1","Promoter (1-2kb)",401265,"ENST00000370905.4","ENSG00000124743","KLHL31",3.5e-06,0.572,-1598,36
"1277","LRRC1",0.231941097489321,"ENSG00000137269","chr6","MA1555.1","Promoter (<=1kb)",55227,"ENST00000370882.1","ENSG00000137269","LRRC1",4.01e-05,0.645,717,14
"1278","MLIP",2.40792241039901,"ENSG00000146147","chr6","MA0065.1","Promoter (2-3kb)",90523,"ENST00000514921.5","ENSG00000146147","MLIP",4.91e-05,0.667,-2696,2
"1279","COL21A1",0.286673431680823,"ENSG00000124749","chr6","MA0065.1","Promoter (<=1kb)",81578,"ENST00000488912.5","ENSG00000124749","COL21A1",2.08e-05,0.634,-500,29
"1280","DST",1.7999595842254,"ENSG00000151914","chr6","MA0065.1","Promoter (<=1kb)",667,"ENST00000524216.1","ENSG00000151914","DST",7.65e-06,0.579,443,30
"1281","ZNF451",0.326887803534175,"ENSG00000112200","chr6","MA0065.1","Promoter (<=1kb)",26036,"ENST00000510483.5","ENSG00000112200","ZNF451",5.78e-07,0.563,-595,28
"1282","LMBRD1",0.463339399175636,"ENSG00000168216","chr6","MA0065.1","Promoter (<=1kb)",55788,"ENST00000647655.1","ENSG00000168216","LMBRD1",1.08e-05,0.615,558,32
"1283","COL19A1",0.320052571203068,"ENSG00000082293","chr6","MA0065.1","Promoter (<=1kb)",1310,"ENST00000483745.1","ENSG00000082293","COL19A1",2.23e-06,0.563,808,31
"1284","FAM135A",0.416215060909201,"ENSG00000082269","chr6","MA0065.1","Promoter (1-2kb)",57579,"ENST00000514185.5","ENSG00000082269","FAM135A",6.24e-06,0.572,-1331,34
"1285","SMAP1",0.459920819252017,"ENSG00000112305","chr6","MA0065.1","Promoter (1-2kb)",60682,"ENST00000445046.1","ENSG00000112305","SMAP1",2.21e-06,0.563,-1723,41
"1286","B3GAT2",0.259719104237302,"ENSG00000112309","chr6","MA0066.1","Promoter (1-2kb)",135152,"ENST00000230053.11","ENSG00000112309","B3GAT2",8.1e-05,0.702,-1030,32
"1287","OOEP",0.504202319069561,"ENSG00000203907","chr6","MA0066.1","Promoter (<=1kb)",441161,"ENST00000370359.6","ENSG00000203907","OOEP",5.65e-05,0.683,-669,27
"1288","EEF1A1",0.278054188659081,"ENSG00000156508","chr6","MA0065.1","Promoter (<=1kb)",1915,"ENST00000676547.1","ENSG00000156508","EEF1A1",4.78e-06,0.572,-109,24
"1289","SLC17A5",0.296508740832646,"ENSG00000119899","chr6","MA0065.1","Promoter (2-3kb)",26503,"ENST00000355773.6","ENSG00000119899","SLC17A5",1.78e-06,0.563,-2627,38
"1290","COX7A2",0.534743758458346,"ENSG00000112695","chr6","MA0065.1","Promoter (1-2kb)",1347,"ENST00000370081.6","ENSG00000112695","COX7A2",1.29e-05,0.623,-1475,8
"1291","FILIP1",1.70864106565807,"ENSG00000118407","chr6","MA0065.1","Promoter (<=1kb)",27145,"ENST00000370020.1","ENSG00000118407","FILIP1",1.04e-05,0.61,-526,38
"1292","SENP6",0.647421738343751,"ENSG00000112701","chr6","MA0065.1","Promoter (<=1kb)",26054,"ENST00000483859.6","ENSG00000112701","SENP6",2.92e-05,0.652,-320,26
"1293","MYO6",0.22424925415129,"ENSG00000196586","chr6","MA0065.1","Promoter (2-3kb)",4646,"ENST00000615563.4","ENSG00000196586","MYO6",1.49e-05,0.623,-2714,37
"1294","IRAK1BP1",0.387477701564304,"ENSG00000146243","chr6","MA0065.1","Promoter (<=1kb)",134728,"ENST00000606929.1","ENSG00000146243","IRAK1BP1",6.68e-05,0.682,101,20
"1295","PHIP",0.633948419263995,"ENSG00000146247","chr6","MA0065.1","Promoter (<=1kb)",55023,"ENST00000700170.1","ENSG00000146247","PHIP",5.77e-06,0.572,329,39
"1296","HMGN3",1.01288735347034,"ENSG00000118418","chr6","MA0066.2","Promoter (<=1kb)",9324,"ENST00000703810.2","ENSG00000118418","HMGN3",9.68e-05,0.747,84,2
"1297","BCKDHB",0.617947305088451,"ENSG00000083123","chr6","MA0065.1","Promoter (<=1kb)",594,"ENST00000468520.1","ENSG00000083123","BCKDHB",6.43e-07,0.563,663,42
"1298","IBTK",0.596994096025865,"ENSG00000005700","chr6","MA0065.1","Promoter (<=1kb)",25998,"ENST00000503400.5","ENSG00000005700","IBTK",2.33e-05,0.637,772,21
"1299","ME1",0.342644250760721,"ENSG00000065833","chr6","MA0065.1","Promoter (<=1kb)",4199,"ENST00000369705.4","ENSG00000065833","ME1",3.47e-05,0.662,-818,37
"1300","SNX14",0.240218924678539,"ENSG00000135317","chr6","MA0065.1","Promoter (<=1kb)",57231,"ENST00000503906.1","ENSG00000135317","SNX14",1.17e-05,0.623,-692,34
"1301","ZNF292",0.594265966777764,"ENSG00000188994","chr6","MA0065.1","Promoter (<=1kb)",23036,"ENST00000485016.2","ENSG00000188994","ZNF292",1.72e-05,0.623,115,27
"1302","SMIM8",0.487435621585416,"ENSG00000111850","chr6","MA0065.1","Promoter (2-3kb)",63914,"ENST00000369570.4","ENSG00000111850","LINC01590",4.74e-05,0.667,-2207,36
"1303","RNGTT",0.246243811547818,"ENSG00000111880","chr6","MA0066.1","Promoter (<=1kb)",8732,"ENST00000369485.9","ENSG00000111880","RNGTT",2.72e-05,0.647,-727,34
"1304","PNRC1",0.362236367493292,"ENSG00000146278","chr6","MA1148.1","Promoter (<=1kb)",10957,"ENST00000354922.3","ENSG00000146278","PNRC1",9.57e-05,0.587,-211,14
"1305","RRAGD",0.231562984223775,"ENSG00000025039","chr6","MA0065.1","Promoter (2-3kb)",58528,"ENST00000369415.9","ENSG00000025039","RRAGD",6.48e-06,0.572,-2104,36
"1306","ANKRD6",0.236198836748302,"ENSG00000135299","chr6","MA0065.1","Promoter (<=1kb)",22881,"ENST00000520839.1","ENSG00000135299","ANKRD6",1.95e-06,0.563,-236,34
"1307","MDN1",0.317770490292425,"ENSG00000112159","chr6","MA0065.1","Promoter (<=1kb)",23195,"ENST00000700654.1","ENSG00000112159","MDN1",2.7e-05,0.647,331,26
"1308","BACH2",0.28101605988703,"ENSG00000112182","chr6","MA0065.1","Promoter (1-2kb)",60468,"ENST00000695955.1","ENSG00000112182","BACH2",1.84e-05,0.626,-1596,18
"1309","MAP3K7",0.222554106419334,"ENSG00000135341","chr6","MA0065.1","Promoter (2-3kb)",6885,"ENST00000369320.1","ENSG00000135341","MAP3K7",2.67e-05,0.647,-2399,17
"1310","UFL1",0.230095516135632,"ENSG00000014123","chr6","MA0065.1","Promoter (<=1kb)",23376,"ENST00000369278.5","ENSG00000014123","UFL1",6.83e-05,0.682,639,28
"1311","NDUFAF4",0.223540270381773,"ENSG00000123545","chr6","MA0856.1","Promoter (<=1kb)",29078,"ENST00000478382.1","ENSG00000123545","NDUFAF4",7.96e-05,0.839,997,18
"1312","FBXL4",0.33934129293758,"ENSG00000112234","chr6","MA0066.1","Promoter (<=1kb)",26235,"ENST00000229971.2","ENSG00000112234","FBXL4",2.03e-05,0.647,-385,18
"1313","PNISR",0.937634485719755,"ENSG00000132424","chr6","MA0065.1","Promoter (1-2kb)",25957,"ENST00000463021.1","ENSG00000132424","PNISR",7.32e-05,0.682,-1235,38
"1314","USP45",0.264122155285813,"ENSG00000123552","chr6","MA0065.1","Promoter (2-3kb)",85015,"ENST00000511403.5","ENSG00000123552","USP45",4.22e-06,0.572,-2035,39
"1315","CCNC",0.286421717532132,"ENSG00000112237","chr6","MA0065.1","Promoter (<=1kb)",892,"ENST00000519617.1","ENSG00000112237","CCNC",2.56e-05,0.644,431,30
"1316","ASCC3",0.3870092863455,"ENSG00000112249","chr6","MA1148.1","Promoter (2-3kb)",10973,"ENST00000518006.1","ENSG00000112249","ASCC3",7.3e-05,0.573,-2785,20
"1317","ATG5",0.235334399284951,"ENSG00000057663","chr6","MA0065.1","Promoter (<=1kb)",9474,"ENST00000613993.1","ENSG00000057663","ATG5",2.18e-06,0.563,-902,30
"1318","QRSL1",0.286906559700632,"ENSG00000130348","chr6","MA0065.1","Promoter (<=1kb)",55278,"ENST00000369044.1","ENSG00000130348","QRSL1",9.04e-05,0.683,725,30
"1319","PDSS2",0.568612882223096,"ENSG00000164494","chr6","MA0065.1","Promoter (2-3kb)",57107,"ENST00000369031.4","ENSG00000164494","PDSS2",2.85e-05,0.65,-2242,25
"1320","SOBP",0.496851309369216,"ENSG00000112320","chr6","MA0065.1","Promoter (<=1kb)",55084,"ENST00000477448.1","ENSG00000112320","SOBP",1.43e-05,0.623,-408,40
"1321","SEC63",0.289910106717884,"ENSG00000025796","chr6","MA0065.1","Promoter (<=1kb)",11231,"ENST00000465210.1","ENSG00000025796","SEC63",7.49e-06,0.577,932,17
"1322","SNX3",0.504671123935308,"ENSG00000112335","chr6","MA0065.1","Promoter (<=1kb)",8724,"ENST00000368979.6","ENSG00000112335","SNX3",2.23e-05,0.637,-170,25
"1323","FOXO3",1.21392647559495,"ENSG00000118689","chr6","MA0065.1","Promoter (<=1kb)",2309,"ENST00000725671.1","ENSG00000118689","FOXO3",2.83e-05,0.65,-234,34
"1324","ARMC2",0.305072338125846,"ENSG00000118690","chr6","MA0065.1","Promoter (2-3kb)",84071,"ENST00000481850.1","ENSG00000118690","ARMC2",4.04e-05,0.662,-2217,42
"1325","SESN1",1.11661264452671,"ENSG00000080546","chr6","MA0066.1","Promoter (<=1kb)",27244,"ENST00000517548.1","ENSG00000080546","SESN1",3.35e-05,0.649,-278,22
"1326","CDK19",0.318725165156944,"ENSG00000155111","chr6","MA0066.1","Promoter (<=1kb)",23097,"ENST00000497709.1","ENSG00000155111","CDK19",6.01e-05,0.685,55,15
"1327","AMD1",0.264493614441388,"ENSG00000123505","chr6","MA0065.1","Promoter (<=1kb)",262,"ENST00000619590.1","ENSG00000123505","AMD1",3.97e-05,0.662,716,27
"1328","SLC16A10",0.215175863662679,"ENSG00000112394","chr6","MA0065.1","Promoter (2-3kb)",117247,"ENST00000368851.10","ENSG00000112394","SLC16A10",7.43e-05,0.682,-2823,32
"1329","REV3L",0.856545782104094,"ENSG00000009413","chr6","MA0065.1","Promoter (2-3kb)",5980,"ENST00000494858.1","ENSG00000009413","REV3L",2.7e-06,0.572,-2452,39
"1330","FYN",0.264976312533105,"ENSG00000010810","chr6","MA0065.1","Promoter (<=1kb)",2534,"ENST00000523570.5","ENSG00000010810","FYN",6.05e-09,0.252,-552,36
"1331","TUBE1",0.354473611005943,"ENSG00000074935","chr6","MA0066.2","Promoter (1-2kb)",51175,"ENST00000603651.1","ENSG00000074935","TUBE1",7.36e-05,0.739,-1512,16
"1332","LAMA4",0.410152291808236,"ENSG00000112769","chr6","MA0065.1","Promoter (2-3kb)",3910,"ENST00000651529.1","ENSG00000112769","LAMA4",7.76e-06,0.579,-2690,23
"1333","FRK",0.31878644940067,"ENSG00000111816","chr6","MA0065.1","Promoter (<=1kb)",2444,"ENST00000692859.3","ENSG00000111816","FRK",3.24e-08,0.34,273,32
"1334","NT5DC1",0.542236066845383,"ENSG00000178425","chr6","MA0065.1","Promoter (<=1kb)",221294,"ENST00000460749.1","ENSG00000178425","NT5DC1",1.43e-05,0.623,881,31
"1335","DSE",0.283190780404995,"ENSG00000111817","chr6","MA0065.1","Promoter (1-2kb)",29940,"ENST00000644499.1","ENSG00000111817","DSE",1.21e-05,0.623,-1259,33
"1336","SLC35F1",0.263998568008478,"ENSG00000196376","chr6","MA0065.1","Promoter (2-3kb)",222553,"ENST00000621341.1","ENSG00000196376","SLC35F1",7.25e-05,0.682,-2852,39
"1337","CEP85L",0.463295415195536,"ENSG00000111860","chr6","MA0065.1","Promoter (2-3kb)",387119,"ENST00000483035.5","ENSG00000111860","CEP85L",1.17e-05,0.623,-2718,15
"1338","PLN",1.99974739978795,"ENSG00000198523","chr6","MA0066.2","Promoter (<=1kb)",5350,"ENST00000357525.6","ENSG00000198523","PLN",9.05e-05,0.744,319,18
"1339","MAN1A1",0.266992019035453,"ENSG00000111885","chr6","MA0066.1","Promoter (<=1kb)",4121,"ENST00000368468.4","ENSG00000111885","MAN1A1",4.37e-05,0.666,703,21
"1340","GJA1",0.433639526243347,"ENSG00000152661","chr6","MA0065.1","Promoter (2-3kb)",2697,"ENST00000649003.1","ENSG00000152661","GJA1",9.64e-05,0.686,-2878,39
"1341","HSF2",0.207415085292868,"ENSG00000025156","chr6","MA0065.1","Promoter (<=1kb)",3298,"ENST00000368455.9","ENSG00000025156","HSF2",2.34e-05,0.637,212,36
"1342","SERINC1",0.245700733040713,"ENSG00000111897","chr6","MA1550.1","Promoter (<=1kb)",57515,"ENST00000339697.5","ENSG00000111897","SERINC1",9.02e-05,0.671,922,14
"1343","TRDN",2.14027840347367,"ENSG00000186439","chr6","MA0065.1","Promoter (<=1kb)",10345,"ENST00000714023.1","ENSG00000186439","TRDN",3.97e-05,0.662,912,26
"1344","NKAIN2",0.2204285970342,"ENSG00000188580","chr6","MA0065.1","Promoter (1-2kb)",154215,"ENST00000368417.6","ENSG00000188580","NKAIN2",3.4e-05,0.661,-1309,37
"1345","RNF217",0.237107305604258,"ENSG00000146373","chr6","MA0065.1","Promoter (2-3kb)",154214,"ENST00000431104.2","ENSG00000146373","RNF217",1.38e-05,0.623,-2520,35
"1346","TPD52L1",0.548786321604992,"ENSG00000111907","chr6","MA0065.1","Promoter (<=1kb)",7164,"ENST00000534368.5","ENSG00000111907","TPD52L1",1.56e-05,0.623,-558,36
"1347","HEY2",0.325741305535533,"ENSG00000135547","chr6","MA0855.1","Promoter (<=1kb)",23493,"ENST00000368365.5","ENSG00000135547","HEY2",2.57e-05,0.771,333,23
"1348","RNF146",0.302996986495118,"ENSG00000118518","chr6","MA0065.1","Promoter (<=1kb)",81847,"ENST00000480444.1","ENSG00000118518","RNF146",8.85e-05,0.682,191,27
"1349","ECHDC1",0.230975027146766,"ENSG00000093144","chr6","MA0065.1","Promoter (<=1kb)",55862,"ENST00000531582.1","ENSG00000093144","ECHDC1",2.04e-06,0.563,726,27
"1350","PTPRK",1.53041692218363,"ENSG00000152894","chr6","MA0065.1","Promoter (2-3kb)",5796,"ENST00000495748.5","ENSG00000152894","PTPRK",5.87e-06,0.572,-2704,32
"1351","LAMA2",2.83695223446995,"ENSG00000196569","chr6","MA0065.1","Promoter (<=1kb)",3908,"ENST00000617695.5","ENSG00000196569","LAMA2",1.88e-06,0.563,-286,22
"1352","STX7",0.35377278587141,"ENSG00000079950","chr6","MA0066.1","Promoter (<=1kb)",8417,"ENST00000475879.1","ENSG00000079950","STX7",4.35e-05,0.665,99,20
"1353","EYA4",0.980365847930724,"ENSG00000112319","chr6","MA0065.1","Promoter (<=1kb)",2070,"ENST00000525614.2","ENSG00000112319","EYA4",8.82e-06,0.592,-939,32
"1354","TBPL1",0.234665526908821,"ENSG00000028839","chr6","MA0065.1","Promoter (<=1kb)",9519,"ENST00000613034.4","ENSG00000028839","TBPL1",2.67e-05,0.647,-155,17
"1355","SLC2A12",0.310792532546491,"ENSG00000146411","chr6","MA0065.1","Promoter (<=1kb)",154091,"ENST00000275230.6","ENSG00000146411","SLC2A12",8.92e-06,0.593,-815,33
"1356","HBS1L",0.222864445005562,"ENSG00000112339","chr6","MA0065.1","Promoter (1-2kb)",10767,"ENST00000527578.5","ENSG00000112339","HBS1L",1.4e-05,0.623,-1277,20
"1357","AHI1",0.574661134806636,"ENSG00000135541","chr6","MA0065.1","Promoter (<=1kb)",54806,"ENST00000534469.1","ENSG00000135541","AHI1",5.32e-06,0.572,307,28
"1358","PDE7B",0.3955563497152,"ENSG00000171408","chr6","MA0065.1","Promoter (<=1kb)",27115,"ENST00000308191.11","ENSG00000171408","PDE7B",7.31e-06,0.574,-979,34
"1359","MAP3K5",0.794133792523161,"ENSG00000197442","chr6","MA0065.1","Promoter (<=1kb)",4217,"ENST00000359015.5","ENSG00000197442","MAP3K5",2.07e-05,0.634,356,28
"1360","IFNGR1",0.282487162007083,"ENSG00000027697","chr6","MA0065.1","Promoter (<=1kb)",3459,"ENST00000478333.1","ENSG00000027697","IFNGR1",1.64e-05,0.623,-121,28
"1361","PERP",0.210547048449145,"ENSG00000112378","chr6","MA0065.1","Promoter (1-2kb)",64065,"ENST00000421351.4","ENSG00000112378","PERP",7.74e-05,0.682,-1072,25
"1362","NHSL1",0.668423646264925,"ENSG00000135540","chr6","MA0065.1","Promoter (1-2kb)",57224,"ENST00000533765.1","ENSG00000135540","NHSL1",2.6e-05,0.645,-1189,40
"1363","REPS1",0.521599340718723,"ENSG00000135597","chr6","MA0065.1","Promoter (<=1kb)",85021,"ENST00000530255.1","ENSG00000135597","REPS1",1.39e-05,0.623,-987,28
"1364","TXLNB",0.837868395216768,"ENSG00000164440","chr6","MA0065.1","Promoter (<=1kb)",167838,"ENST00000715945.1","ENSG00000164440","TXLNB",7.26e-07,0.563,-677,36
"1365","HIVEP2",0.260373133948507,"ENSG00000010818","chr6","MA0065.1","Promoter (<=1kb)",3097,"ENST00000703916.1","ENSG00000010818","HIVEP2",5.08e-05,0.667,59,22
"1366","AIG1",1.01840435731641,"ENSG00000146416","chr6","MA0065.1","Promoter (<=1kb)",51390,"ENST00000367596.5","ENSG00000146416","AIG1",1.39e-05,0.623,745,25
"1367","PHACTR2",0.536484951081802,"ENSG00000112419","chr6","MA0065.1","Promoter (<=1kb)",9749,"ENST00000440869.7","ENSG00000112419","PHACTR2",1.2e-06,0.563,-45,32
"1368","UTRN",0.757264845669208,"ENSG00000152818","chr6","MA0065.1","Promoter (2-3kb)",7402,"ENST00000421035.2","ENSG00000152818","UTRN",1.06e-05,0.612,-2976,32
"1369","EPM2A",0.213516754350369,"ENSG00000112425","chr6","MA0065.1","Promoter (2-3kb)",7957,"ENST00000638783.1","ENSG00000112425","EPM2A",3.91e-05,0.662,-2951,25
"1370","SHPRH",0.48730879508109,"ENSG00000146414","chr6","MA0065.1","Promoter (<=1kb)",257218,"ENST00000438092.6","ENSG00000146414","SHPRH",2.43e-06,0.569,-36,31
"1371","STXBP5",0.502961272921405,"ENSG00000164506","chr6","MA0065.1","Promoter (<=1kb)",134957,"ENST00000706856.1","ENSG00000164506","STXBP5",6.85e-07,0.563,-187,29
"1372","SASH1",0.398766064096483,"ENSG00000111961","chr6","MA0065.1","Promoter (2-3kb)",23328,"ENST00000367469.5","ENSG00000111961","SASH1",2.42e-05,0.641,-2103,31
"1373","UST",0.24561343314666,"ENSG00000111962","chr6","MA0066.1","Promoter (<=1kb)",10090,"ENST00000473631.1","ENSG00000111962","UST",3.82e-05,0.655,807,39
"1374","TAB2",0.331296235750204,"ENSG00000055208","chr6","MA0065.1","Promoter (2-3kb)",23118,"ENST00000451095.5","ENSG00000055208","TAB2",2.8e-05,0.649,-2177,35
"1375","LATS1",0.320649567987625,"ENSG00000131023","chr6","MA0065.1","Promoter (2-3kb)",9113,"ENST00000253339.9","ENSG00000131023","LATS1",3.61e-05,0.662,-2999,32
"1376","PCMT1",0.325297194825818,"ENSG00000120265","chr6","MA0066.1","Promoter (<=1kb)",5110,"ENST00000480010.1","ENSG00000120265","PCMT1",7.58e-06,0.607,144,24
"1377","PPP1R14C",0.634076527757355,"ENSG00000198729","chr6","MA0065.1","Promoter (1-2kb)",81706,"ENST00000361131.5","ENSG00000198729","PPP1R14C",3.22e-06,0.572,-1871,36
"1378","SYNE1",0.802104754381558,"ENSG00000131018","chr6","MA0065.1","Promoter (2-3kb)",23345,"ENST00000673281.1","ENSG00000131018","SYNE1",1.04e-06,0.563,-2239,37
"1379","CNKSR3",0.587410599030454,"ENSG00000153721","chr6","MA0065.1","Promoter (1-2kb)",154043,"ENST00000479339.5","ENSG00000153721","CNKSR3",3.28e-05,0.658,-1284,10
"1380","SCAF8",0.658874563632872,"ENSG00000213079","chr6","MA0066.1","Promoter (<=1kb)",22828,"ENST00000464628.1","ENSG00000213079","SCAF8",3.55e-05,0.653,516,24
"1381","TIAM2",0.723953383295347,"ENSG00000146426","chr6","MA0065.1","Promoter (2-3kb)",26230,"ENST00000456877.6","ENSG00000146426","TIAM2",1.37e-05,0.623,-2785,33
"1382","TFB1M",0.284610379065443,"ENSG00000029639","chr6","MA0065.1","Promoter (2-3kb)",51106,"ENST00000435295.1","ENSG00000029639","TFB1M",4.42e-06,0.572,-2244,28
"1383","ARID1B",1.38486549769695,"ENSG00000049618","chr6","MA0065.1","Promoter (<=1kb)",57492,"ENST00000636426.1","ENSG00000049618","ARID1B",1.05e-06,0.563,-803,31
"1384","TMEM242",0.217771155743051,"ENSG00000215712","chr6","MA0065.1","Promoter (<=1kb)",729515,"ENST00000367144.4","ENSG00000215712","TMEM242",4.74e-05,0.667,23,7
"1385","ZDHHC14",0.638173026185806,"ENSG00000175048","chr6","MA0065.1","Promoter (2-3kb)",79683,"ENST00000341375.12","ENSG00000175048","ZDHHC14",1.31e-06,0.563,-2320,36
"1386","SNX9",0.349175195807408,"ENSG00000130340","chr6","MA0065.1","Promoter (<=1kb)",51429,"ENST00000679691.1","ENSG00000130340","SNX9",9.17e-06,0.596,771,35
"1387","SYNJ2",0.437356450652819,"ENSG00000078269","chr6","MA0065.1","Promoter (1-2kb)",8871,"ENST00000367112.1","ENSG00000078269","SYNJ2",6.37e-06,0.572,-1029,30
"1388","TULP4",0.398379668423125,"ENSG00000130338","chr6","MA0065.1","Promoter (<=1kb)",56995,"ENST00000616856.1","ENSG00000130338","TULP4",1.54e-05,0.623,756,16
"1389","DYNLT1",0.383399435562625,"ENSG00000146425","chr6","MA0065.1","Promoter (<=1kb)",6993,"ENST00000367088.1","ENSG00000146425","DYNLT1",2e-06,0.563,458,34
"1390","SYTL3",0.269188105050724,"ENSG00000164674","chr6","PPARA_M10653_3.10","Promoter (1-2kb)",94120,"ENST00000360448.8","ENSG00000164674","SYTL3",1.76e-05,0.303,-1436,10
"1391","EZR",0.301686450507768,"ENSG00000092820","chr6","MA0066.1","Promoter (1-2kb)",7430,"ENST00000367075.4","ENSG00000092820","EZR",3.21e-05,0.647,-1669,33
"1392","SOD2",0.669316661065615,"ENSG00000291237","chr6","MA0065.1","Promoter (<=1kb)",6648,"ENST00000541573.5","ENSG00000291237","SOD2",2.41e-08,0.328,245,41
"1393","WTAP",0.272615963905437,"ENSG00000146457","chr6","MA0065.1","Promoter (<=1kb)",9589,"ENST00000614346.4","ENSG00000146457","WTAP",3.68e-05,0.662,98,31
"1394","IGF2R",0.332369591140608,"ENSG00000197081","chr6","MA0065.1","Promoter (2-3kb)",3482,"ENST00000487607.2","ENSG00000197081","IGF2R",4.89e-06,0.572,-2403,40
"1395","MAP3K4",0.286831026256344,"ENSG00000085511","chr6","MA0065.1","Promoter (1-2kb)",4216,"ENST00000366919.6","ENSG00000085511","MAP3K4",1.18e-05,0.623,-1669,34
"1396","PACRG",1.14221588037204,"ENSG00000112530","chr6","MA0065.1","Promoter (2-3kb)",135138,"ENST00000541974.5","ENSG00000112530","PACRG",5.71e-06,0.572,-2520,37
"1397","QKI",2.17090191969053,"ENSG00000112531","chr6","MA0065.1","Promoter (1-2kb)",9444,"ENST00000537041.5","ENSG00000112531","QKI",2.68e-05,0.647,-1143,26
"1398","PDE10A",0.448939745202769,"ENSG00000112541","chr6","MA0065.1","Promoter (2-3kb)",10846,"ENST00000648917.1","ENSG00000112541","PDE10A",4.8e-06,0.572,-2476,35
"1399","MPC1",0.726327433758012,"ENSG00000060762","chr6","MA0065.1","Promoter (2-3kb)",51660,"ENST00000366868.5","ENSG00000060762","MPC1",6.27e-05,0.677,-2168,19
"1400","FAM120B",0.371219041941692,"ENSG00000112584","chr6","MA0065.1","Promoter (<=1kb)",84498,"ENST00000625626.1","ENSG00000112584","FAM120B",1.76e-06,0.563,403,31
"1401","PSMB1",0.215278977004599,"ENSG00000008018","chr6","MA0065.1","Promoter (<=1kb)",5689,"ENST00000262193.7","ENSG00000008018","PSMB1",5.86e-05,0.672,592,20
"1402","SUN1",0.382069118146017,"ENSG00000164828","chr7","MA0065.1","Promoter (1-2kb)",23353,"ENST00000493681.5","ENSG00000164828","SUN1",4.45e-06,0.572,-1346,31
"1403","C7orf50",0.248034882992537,"ENSG00000146540","chr7","MA0065.1","Promoter (<=1kb)",84310,"ENST00000412051.5","ENSG00000146540","CHLSN",9.36e-06,0.598,88,38
"1404","GNA12",0.215998663807916,"ENSG00000146535","chr7","MA0065.1","Promoter (1-2kb)",2768,"ENST00000275364.8","ENSG00000146535","GNA12",3.41e-06,0.572,-1756,32
"1405","SDK1",0.510827986565692,"ENSG00000146555","chr7","MA0065.1","Promoter (2-3kb)",221935,"ENST00000467827.1","ENSG00000146555","SDK1",1.2e-06,0.563,-2050,31
"1406","FOXK1",0.333134713934287,"ENSG00000164916","chr7","MA0065.1","Promoter (<=1kb)",221937,"ENST00000328914.5","ENSG00000164916","FOXK1",1.34e-05,0.623,918,35
"1407","TNRC18",0.2361031268655,"ENSG00000182095","chr7","MA0065.1","Promoter (2-3kb)",84629,"ENST00000464852.1","ENSG00000182095","TNRC18",3.86e-06,0.572,-2103,39
"1408","ACTB",1.38177872139402,"ENSG00000075624","chr7","MA0065.1","Promoter (<=1kb)",60,"ENST00000432588.6","ENSG00000075624","ACTB",3.04e-06,0.572,-788,30
"1409","RNF216",0.414433259652405,"ENSG00000011275","chr7","MA0065.1","Promoter (<=1kb)",54476,"ENST00000484458.2","ENSG00000011275","RNF216",1.05e-05,0.611,-522,42
"1410","CYTH3",0.301996738220138,"ENSG00000008256","chr7","MA0065.1","Promoter (<=1kb)",9265,"ENST00000482460.1","ENSG00000008256","CYTH3",5.61e-06,0.572,-299,42
"1411","RAC1",0.295048588208441,"ENSG00000136238","chr7","MA0065.1","Promoter (<=1kb)",5879,"ENST00000497741.5","ENSG00000136238","RAC1",5.01e-05,0.667,-343,15
"1412","GLCCI1",0.257031842759709,"ENSG00000106415","chr7","MA0065.1","Promoter (1-2kb)",113263,"ENST00000438949.1","ENSG00000106415","GLCCI1",1.85e-06,0.563,-1748,12
"1413","ICA1",0.587485446711724,"ENSG00000003147","chr7","MA0065.1","Promoter (<=1kb)",3382,"ENST00000470696.1","ENSG00000003147","ICA1",3.39e-06,0.572,885,30
"1414","NDUFA4",0.86440584223904,"ENSG00000189043","chr7","MA0065.1","Promoter (<=1kb)",4697,"ENST00000339600.6","ENSG00000189043","COXFA4",1.17e-05,0.623,-625,26
"1415","PHF14",0.339313526684099,"ENSG00000106443","chr7","MA0065.1","Promoter (1-2kb)",9678,"ENST00000493922.5","ENSG00000106443","PHF14",1.15e-05,0.622,-1422,26
"1416","ETV1",0.452830588888186,"ENSG00000006468","chr7","MA0065.1","Promoter (1-2kb)",2115,"ENST00000421381.5","ENSG00000006468","ETV1",2.49e-05,0.642,-1919,17
"1417","BZW2",0.640843905339785,"ENSG00000136261","chr7","MA0065.1","Promoter (2-3kb)",28969,"ENST00000407633.1","ENSG00000136261","BZW2",1.28e-06,0.563,-2150,31
"1418","SNX13",0.39082960198358,"ENSG00000071189","chr7","MA0065.1","Promoter (<=1kb)",23161,"ENST00000492626.5","ENSG00000071189","SNX13",2.68e-05,0.647,864,24
"1419","HDAC9",1.34858577401406,"ENSG00000048052","chr7","MA0065.1","Promoter (1-2kb)",9734,"ENST00000417496.6","ENSG00000048052","HDAC9",1.57e-07,0.484,-1888,32
"1420","DNAH11",0.565727797579721,"ENSG00000105877","chr7","MA0065.1","Promoter (<=1kb)",8701,"ENST00000465593.1","ENSG00000105877","DNAH11",2.07e-06,0.563,-27,36
"1421","TOMM7",0.422325082115539,"ENSG00000196683","chr5","MA0065.1","Promoter (<=1kb)",107986346,"ENST00000506046.1","ENSG00000196683","LOC107986346",8.11e-05,0.682,485,32
"1422","KLHL7",1.11435926200792,"ENSG00000122550","chr7","MA0065.1","Promoter (2-3kb)",55975,"ENST00000477076.1","ENSG00000122550","KLHL7",1.99e-05,0.632,-2610,29
"1423","GPNMB",0.350006271617318,"ENSG00000136235","chr7","MA0065.1","Promoter (<=1kb)",10457,"ENST00000470994.1","ENSG00000136235","GPNMB",4.91e-05,0.667,444,30
"1424","TRA2A",0.483664425772242,"ENSG00000164548","chr7","MA0065.1","Promoter (<=1kb)",29896,"ENST00000392502.8","ENSG00000164548","TRA2A",2.73e-05,0.649,-219,28
"1425","CYCS",0.773095896882821,"ENSG00000172115","chr7","MA0065.1","Promoter (2-3kb)",54205,"ENST00000305786.7","ENSG00000172115","CYCS",7.77e-05,0.682,-2082,38
"1426","NFE2L3",0.236664622402875,"ENSG00000050344","chr7","MA0065.1","Promoter (<=1kb)",9603,"ENST00000056233.4","ENSG00000050344","NFE2L3",6.27e-05,0.677,989,22
"1427","HNRNPA2B1",0.519419072727243,"ENSG00000122566","chr7","MA0855.1","Promoter (<=1kb)",3181,"ENST00000677075.1","ENSG00000122566","HNRNPA2B1",8.3e-05,0.777,-166,16
"1428","HIBADH",0.472688434811558,"ENSG00000106049","chr7","MA0065.1","Promoter (1-2kb)",11112,"ENST00000265395.7","ENSG00000106049","HIBADH",7.86e-06,0.58,-1212,37
"1429","TAX1BP1",0.521500814587664,"ENSG00000106052","chr7","MA0065.1","Promoter (2-3kb)",8887,"ENST00000457186.2","ENSG00000106052","TAX1BP1",4.4e-05,0.665,-2155,30
"1430","JAZF1",1.08442947727317,"ENSG00000153814","chr7","MA0065.1","Promoter (<=1kb)",221895,"ENST00000420835.4","ENSG00000153814","JAZF1",3.7e-05,0.662,970,27
"1431","CREB5",0.687072018687353,"ENSG00000146592","chr7","MA0065.1","Promoter (2-3kb)",9586,"ENST00000396298.6","ENSG00000146592","CREB5",3.87e-06,0.572,-2572,32
"1432","CPVL",0.941904463126262,"ENSG00000106066","chr7","MA0065.1","Promoter (<=1kb)",54504,"ENST00000396276.7","ENSG00000106066","CPVL",2.67e-05,0.647,247,31
"1433","CHN2",1.46688826545321,"ENSG00000106069","chr7","MA0065.1","Promoter (<=1kb)",1124,"ENST00000409964.6","ENSG00000106069","CHN2",7.52e-06,0.577,393,28
"1434","PDE1C",1.47832035762021,"ENSG00000154678","chr7","MA0065.1","Promoter (1-2kb)",5137,"ENST00000464881.1","ENSG00000154678","PDE1C",1.84e-05,0.625,-1328,28
"1435","AVL9",0.379135596177545,"ENSG00000105778","chr7","MA0065.1","Promoter (<=1kb)",23080,"ENST00000409301.5","ENSG00000105778","AVL9",2.49e-06,0.571,409,32
"1436","NT5C3A",0.288986229943605,"ENSG00000122643","chr7","MA0065.1","Promoter (<=1kb)",51251,"ENST00000497542.1","ENSG00000122643","NT5C3A",5.13e-05,0.667,-771,23
"1437","BBS9",0.372137540718782,"ENSG00000122507","chr7","MA0065.1","Promoter (<=1kb)",27241,"ENST00000496029.1","ENSG00000122507","BBS9",1.14e-06,0.563,364,37
"1438","TBX20",0.67526008406375,"ENSG00000164532","chr7","MA0065.1","Promoter (<=1kb)",57057,"ENST00000408931.4","ENSG00000164532","TBX20",2.56e-05,0.644,-176,31
"1439","RALA",0.346711771059205,"ENSG00000006451","chr7","MA0065.1","Promoter (<=1kb)",5898,"ENST00000434466.1","ENSG00000006451","RALA",4.28e-05,0.665,0,33
"1440","CDK13",0.739716037869478,"ENSG00000065883","chr7","MA0065.1","Promoter (<=1kb)",8621,"ENST00000478563.2","ENSG00000065883","CDK13",3.1e-07,0.555,-980,34
"1441","SUGCT",0.261091986862657,"ENSG00000175600","chr7","MA0065.1","Promoter (2-3kb)",79783,"ENST00000460466.1","ENSG00000175600","SUGCT",3.06e-05,0.654,-2905,35
"1442","STK17A",0.217315350095522,"ENSG00000164543","chr7","MA0065.1","Promoter (<=1kb)",9263,"ENST00000319357.6","ENSG00000164543","STK17A",5.04e-06,0.572,680,21
"1443","COA1",0.57842691150743,"ENSG00000106603","chr7","MA0065.1","Promoter (<=1kb)",55744,"ENST00000490251.1","ENSG00000106603","COA1",5.34e-06,0.572,813,40
"1444","PGAM2",0.553329182121924,"ENSG00000164708","chr7","MA0065.1","Promoter (1-2kb)",5224,"ENST00000297283.4","ENSG00000164708","PGAM2",1.88e-05,0.628,-2000,35
"1445","MYL7",0.530491336130586,"ENSG00000106631","chr7","MA0065.1","Promoter (<=1kb)",58498,"ENST00000223364.7","ENSG00000106631","MYL7",2.22e-07,0.515,-471,34
"1446","CAMK2B",0.485282268304724,"ENSG00000058404","chr7","MA0065.1","Promoter (<=1kb)",816,"ENST00000700288.1","ENSG00000058404","CAMK2B",8.03e-06,0.583,-262,40
"1447","NUDCD3",0.324330127910445,"ENSG00000015676","chr7","MA0065.1","Promoter (1-2kb)",23386,"ENST00000338427.10","ENSG00000015676","NUDCD3",4.06e-06,0.572,-1322,38
"1448","OGDH",1.03247325339388,"ENSG00000105953","chr7","MA0065.1","Promoter (1-2kb)",4967,"ENST00000459672.5","ENSG00000105953","OGDH",1.04e-05,0.61,-1710,35
"1449","PPIA",0.239625185907642,"ENSG00000196262","chr7","MA0065.1","Promoter (<=1kb)",5478,"ENST00000480603.1","ENSG00000196262","PPIA",7.27e-05,0.682,827,21
"1450","TNS3",0.333682245718276,"ENSG00000136205","chr7","MA0065.1","Promoter (<=1kb)",64759,"ENST00000705350.1","ENSG00000136205","TNS3",9.95e-06,0.606,80,28
"1451","VWC2",0.834186911038047,"ENSG00000188730","chr7","MA0065.1","Promoter (<=1kb)",375567,"ENST00000340652.5","ENSG00000188730","VWC2",3.43e-05,0.662,-273,35
"1452","COBL",0.588436135675068,"ENSG00000106078","chr7","MA0065.1","Promoter (1-2kb)",23242,"ENST00000462395.1","ENSG00000106078","COBL",1.28e-05,0.623,-1778,30
"1453","CHCHD2",0.484425195414436,"ENSG00000106153","chr7","MA0065.1","Promoter (<=1kb)",51142,"ENST00000716930.1","ENSG00000106153","CHCHD2",2.48e-05,0.641,-220,35
"1454","ZNF680",0.391459910693249,"ENSG00000173041","chr7","MA0066.1","Promoter (<=1kb)",340252,"ENST00000470847.1","ENSG00000173041","ZNF680",2.11e-05,0.647,-90,29
"1455","VKORC1L1",0.235762849143605,"ENSG00000196715","chr7","MA0065.1","Promoter (2-3kb)",154807,"ENST00000360768.5","ENSG00000196715","VKORC1L1",3.08e-05,0.654,-2587,33
"1456","KCTD7",0.482019298399359,"ENSG00000243335","chr7","MA0065.1","Promoter (<=1kb)",154881,"ENST00000639828.2","ENSG00000243335","KCTD7",7.11e-06,0.573,-710,40
"1457","SBDS",0.240198325824767,"ENSG00000126524","chr7","MA0065.1","Promoter (<=1kb)",51119,"ENST00000697897.1","ENSG00000126524","SBDS",6.07e-05,0.675,-121,11
"1458","TYW1",0.501018240537015,"ENSG00000198874","chr7","MA0065.1","Promoter (<=1kb)",55253,"ENST00000361660.8","ENSG00000198874","TYW1",1.17e-05,0.623,479,23
"1459","AUTS2",1.06747706063864,"ENSG00000158321","chr7","MA0065.1","Promoter (2-3kb)",26053,"ENST00000644506.1","ENSG00000158321","AUTS2",1.02e-05,0.607,-2534,41
"1460","TYW1B",0.316068011672141,"ENSG00000277149","chr7","MA0065.1","Promoter (<=1kb)",441250,"ENST00000612372.4","ENSG00000277149","TYW1B",7.3e-05,0.682,41,17
"1461","POM121",0.26219979373155,"ENSG00000196313","chr7","MA0065.1","Promoter (<=1kb)",9883,"ENST00000395270.5","ENSG00000196313","POM121",7.39e-05,0.682,238,23
"1462","BAZ1B",0.224207759206914,"ENSG00000009954","chr7","MA0065.1","Promoter (<=1kb)",9031,"ENST00000339594.9","ENSG00000009954","BAZ1B",4.01e-08,0.36,-160,38
"1463","GTF2IRD1",0.663663128316217,"ENSG00000006704","chr7","MA0065.1","Promoter (1-2kb)",9569,"ENST00000476977.5","ENSG00000006704","GTF2IRD1",2.94e-06,0.572,-1747,34
"1464","GTF2I",0.736736825758074,"ENSG00000263001","chr7","MA0065.1","Promoter (<=1kb)",2969,"ENST00000490431.2","ENSG00000263001","GTF2I",8.64e-06,0.589,475,37
"1465","GTF2IRD2B",0.258458753528006,"ENSG00000174428","chr7","MA0065.1","Promoter (2-3kb)",389524,"ENST00000611835.4","ENSG00000174428","GTF2IRD2B",2.8e-05,0.649,-2403,33
"1466","POM121C",0.288981656280942,"ENSG00000272391","chr7","MA0065.1","Promoter (<=1kb)",100101267,"ENST00000614583.1","ENSG00000272391","POM121C",4.4e-05,0.665,-454,31
"1467","SPDYE5",0.368403102159995,"ENSG00000170092","chr7","MA0065.1","Promoter (<=1kb)",442590,"ENST00000625065.4","ENSG00000170092","SPDYE5",3.77e-05,0.662,-666,35
"1468","HIP1",0.493902865459041,"ENSG00000127946","chr7","MA0065.1","Promoter (1-2kb)",3092,"ENST00000479835.1","ENSG00000127946","HIP1",1.74e-05,0.623,-1530,36
"1469","POR",0.242474407917394,"ENSG00000127948","chr7","MA0065.1","Promoter (1-2kb)",5447,"ENST00000460892.1","ENSG00000127948","POR",1.08e-06,0.563,-1680,34
"1470","MDH2",0.278049093105925,"ENSG00000146701","chr7","MA0065.1","Promoter (<=1kb)",4191,"ENST00000424167.2","ENSG00000146701","MDH2",7.14e-06,0.573,926,42
"1471","HSPB1",1.27744690303294,"ENSG00000106211","chr7","MA0065.1","Promoter (1-2kb)",3315,"ENST00000676398.1","ENSG00000106211","HSPB1",3.27e-05,0.658,-1191,17
"1472","YWHAG",0.398292898853133,"ENSG00000170027","chr7","MA0065.1","Promoter (1-2kb)",7532,"ENST00000307630.5","ENSG00000170027","YWHAG",3.09e-05,0.654,-1795,34
"1473","SPDYE16",0.234466066417193,"ENSG00000185040","chr7","MA0065.1","Promoter (<=1kb)",102723555,"ENST00000515340.2","ENSG00000185040","SPDYE16",4.67e-06,0.572,-21,26
"1474","CCDC146",0.230859772612393,"ENSG00000135205","chr7","MA0065.1","Promoter (<=1kb)",57639,"ENST00000415740.6","ENSG00000135205","CCDC146",5.24e-06,0.572,402,35
"1475","GSAP",0.300787302496873,"ENSG00000186088","chr7","MA0065.1","Promoter (<=1kb)",54103,"ENST00000482866.5","ENSG00000186088","GSAP",2.17e-05,0.636,-405,37
"1476","PTPN12",0.248868024004935,"ENSG00000127947","chr7","MA0065.1","Promoter (<=1kb)",5782,"ENST00000435495.6","ENSG00000127947","PTPN12",1.26e-05,0.623,522,25
"1477","RSBN1L",0.253221890317311,"ENSG00000187257","chr7","MA0065.1","Promoter (<=1kb)",222194,"ENST00000462800.1","ENSG00000187257","RSBN1L",3.85e-05,0.662,-659,23
"1478","PHTF2",0.424551782273909,"ENSG00000006576","chr7","MA0065.1","Promoter (1-2kb)",57157,"ENST00000450574.5","ENSG00000006576","PHTF2",1.11e-05,0.617,-1797,27
"1479","MAGI2",1.34589894658039,"ENSG00000187391","chr7","MA0065.1","Promoter (<=1kb)",9863,"ENST00000524316.5","ENSG00000187391","MAGI2",1.63e-07,0.487,-17,42
"1480","CD36",2.33739636742769,"ENSG00000135218","chr7","MA0065.1","Promoter (1-2kb)",948,"ENST00000464213.1","ENSG00000135218","CD36",2.77e-06,0.572,-1410,34
"1481","SEMA3C",0.512180284950507,"ENSG00000075223","chr7","MA0065.1","Promoter (<=1kb)",10512,"ENST00000459652.1","ENSG00000075223","SEMA3C",3.25e-06,0.572,275,29
"1482","CACNA2D1",1.62050255959702,"ENSG00000153956","chr7","MA0065.1","Promoter (1-2kb)",781,"ENST00000705961.1","ENSG00000153956","CACNA2D1",1.09e-06,0.563,-1309,30
"1483","PCLO",0.224535602233327,"ENSG00000186472","chr7","MA0065.1","Promoter (<=1kb)",27445,"ENST00000461143.1","ENSG00000186472","PCLO",2.61e-05,0.645,-428,41
"1484","CLDN12",0.275492506149329,"ENSG00000157224","chr7","MA0065.1","Promoter (2-3kb)",9069,"ENST00000287916.8","ENSG00000157224","CLDN12",6.01e-05,0.674,-2744,14
"1485","CDK14",0.690681693318874,"ENSG00000058091","chr7","MA0065.1","Promoter (<=1kb)",5218,"ENST00000478540.1","ENSG00000058091","CDK14",4.75e-05,0.667,151,31
"1486","MTERF1",0.214451085925474,"ENSG00000127989","chr7","MA1148.1","Promoter (<=1kb)",7978,"ENST00000481516.1","ENSG00000127989","MTERF1",1.03e-05,0.538,524,8
"1487","AKAP9",1.04134366777566,"ENSG00000127914","chr7","MA0065.1","Promoter (2-3kb)",10142,"ENST00000486313.2","ENSG00000127914","AKAP9",1.62e-05,0.623,-2137,25
"1488","KRIT1",0.351410419343292,"ENSG00000001631","chr7","MA0065.1","Promoter (<=1kb)",889,"ENST00000691890.1","ENSG00000001631","KRIT1",4.78e-05,0.667,0,25
"1489","ANKIB1",0.717366296599071,"ENSG00000001629","chr7","MA0065.1","Promoter (2-3kb)",54467,"ENST00000465883.1","ENSG00000001629","ANKIB1",1.36e-05,0.623,-2817,39
"1490","FAM133B",0.263997611888303,"ENSG00000234545","chr7","MA0065.1","Promoter (1-2kb)",257415,"ENST00000438306.5","ENSG00000234545","FAM133B",4.71e-05,0.667,-1624,35
"1491","CDK6",0.609518630339157,"ENSG00000105810","chr7","MA0065.1","Promoter (<=1kb)",1021,"ENST00000491250.1","ENSG00000105810","CDK6",4.74e-05,0.667,75,31
"1492","VPS50",0.220568032038576,"ENSG00000004766","chr7","MA0065.1","Promoter (<=1kb)",55610,"ENST00000474412.1","ENSG00000004766","VPS50",9.92e-06,0.605,-937,34
"1493","PPP1R9A",0.871527518765138,"ENSG00000158528","chr7","MA0065.1","Promoter (<=1kb)",55607,"ENST00000289495.7","ENSG00000158528","PPP1R9A",1.02e-05,0.608,23,26
"1494","PON2",0.211717082944898,"ENSG00000105854","chr7","MA0065.1","Promoter (<=1kb)",5445,"ENST00000459842.1","ENSG00000105854","PON2",5.5e-05,0.67,342,6
"1495","PDK4",2.02967336233926,"ENSG00000004799","chr7","MA0065.1","Promoter (<=1kb)",5166,"ENST00000473301.1","ENSG00000004799","PDK4",6.03e-05,0.674,344,13
"1496","DYNC1I1",0.911499028775045,"ENSG00000158560","chr7","MA0065.1","Promoter (<=1kb)",1780,"ENST00000519371.1","ENSG00000158560","DYNC1I1",2.29e-06,0.563,-321,38
"1497","SLC25A13",0.377013365499894,"ENSG00000004864","chr7","MA0065.1","Promoter (2-3kb)",10165,"ENST00000484495.5","ENSG00000004864","SLC25A13",3.19e-05,0.656,-2143,35
"1498","LMTK2",0.355986581066902,"ENSG00000164715","chr7","MA0065.1","Promoter (2-3kb)",22853,"ENST00000493372.1","ENSG00000164715","LMTK2",1.23e-05,0.623,-2917,41
"1499","BRI3",0.32463514611029,"ENSG00000164713","chr7","MA0065.1","Promoter (2-3kb)",25798,"ENST00000485422.4","ENSG00000164713","BRI3",8.26e-06,0.585,-2503,33
"1500","BAIAP2L1",0.384018667851866,"ENSG00000006453","chr7","MA0065.1","Promoter (1-2kb)",55971,"ENST00000480580.1","ENSG00000006453","BAIAP2L1",1.47e-05,0.623,-1318,22
"1501","TRRAP",0.208486326074442,"ENSG00000196367","chr7","MA0065.1","Promoter (<=1kb)",8295,"ENST00000360902.2","ENSG00000196367","TRRAP",1.57e-06,0.563,-415,32
"1502","SMURF1",0.327789489857105,"ENSG00000198742","chr7","MA0065.1","Promoter (<=1kb)",57154,"ENST00000472627.1","ENSG00000198742","SMURF1",2.53e-06,0.572,763,27
"1503","ARPC1A",0.398360347484022,"ENSG00000241685","chr7","MA0065.1","Promoter (<=1kb)",10552,"ENST00000471960.5","ENSG00000241685","ARPC1A",4.04e-05,0.662,691,41
"1504","ZKSCAN1",0.280603991639904,"ENSG00000106261","chr7","MA0065.1","Promoter (<=1kb)",7586,"ENST00000620510.1","ENSG00000106261","ZKSCAN1",6.53e-06,0.572,835,38
"1505","SPDYE3",0.246699982334169,"ENSG00000214300","chr7","MA0065.1","Promoter (<=1kb)",441272,"ENST00000332397.6","ENSG00000214300","SPDYE3",1.59e-06,0.563,662,42
"1506","TSC22D4",0.219979727866371,"ENSG00000166925","chr7","MA0065.1","Promoter (<=1kb)",81628,"ENST00000423266.5","ENSG00000166925","TSC22D4",6.59e-05,0.681,106,31
"1507","TRIM56",0.214160169444014,"ENSG00000169871","chr7","MA0065.1","Promoter (1-2kb)",81844,"ENST00000306085.11","ENSG00000169871","TRIM56",1.28e-05,0.623,-1501,35
"1508","FIS1",0.243698586867501,"ENSG00000214253","chr7","MA0065.1","Promoter (<=1kb)",51024,"ENST00000223136.5","ENSG00000214253","FIS1",2.58e-05,0.645,-898,21
"1509","CUX1",1.55366688004507,"ENSG00000257923","chr7","MA0065.1","Promoter (1-2kb)",1523,"ENST00000560541.5","ENSG00000257923","CUX1",4.8e-06,0.572,-1738,42
"1510","PRKRIP1",0.435705347471566,"ENSG00000128563","chr7","MA0065.1","Promoter (1-2kb)",79706,"ENST00000468316.1","ENSG00000128563","PRKRIP1",2.34e-05,0.637,-1727,35
"1511","SPDYE2",0.881592309663183,"ENSG00000205238","chr7","MA0065.1","Promoter (1-2kb)",441273,"ENST00000341656.5","ENSG00000205238","SPDYE2",4.67e-06,0.572,-1492,31
"1512","FAM185A",0.251871105244024,"ENSG00000222011","chr7","MA0066.1","Promoter (<=1kb)",222234,"ENST00000496790.1","ENSG00000222011","FAM185A",6.24e-05,0.685,209,5
"1513","PSMC2",0.217599368915225,"ENSG00000161057","chr7","MA0065.1","Promoter (<=1kb)",5701,"ENST00000678488.1","ENSG00000161057","PSMC2",5.39e-06,0.572,910,20
"1514","KMT2E",0.66978642078836,"ENSG00000005483","chr7","MA0065.1","Promoter (<=1kb)",55904,"ENST00000700336.1","ENSG00000005483","KMT2E",4.71e-05,0.667,929,31
"1515","SRPK2",1.02850411129845,"ENSG00000135250","chr7","MA0065.1","Promoter (<=1kb)",6733,"ENST00000462282.5","ENSG00000135250","SRPK2",9.81e-06,0.604,496,32
"1516","ATXN7L1",0.388162824342485,"ENSG00000146776","chr7","MA0065.1","Promoter (1-2kb)",222255,"ENST00000485652.1","ENSG00000146776","ATXN7L1",1.32e-05,0.623,-1460,30
"1517","NAMPT",0.441140978711077,"ENSG00000105835","chr7","MA0065.1","Promoter (1-2kb)",10135,"ENST00000681455.1","ENSG00000105835","NAMPT",8.79e-06,0.591,-1036,29
"1518","COG5",0.96919106128135,"ENSG00000164597","chr7","MA0065.1","Promoter (<=1kb)",10466,"ENST00000393603.7","ENSG00000164597","COG5",6.85e-07,0.563,-312,38
"1519","BCAP29",0.276599463933772,"ENSG00000075790","chr7","MA0065.1","Promoter (2-3kb)",55973,"ENST00000436699.2","ENSG00000075790","BCAP29",4.04e-06,0.572,-2565,15
"1520","SLC26A3",0.475652603926739,"ENSG00000091138","chr7","MA0065.1","Promoter (2-3kb)",1811,"ENST00000469651.1","ENSG00000091138","SLC26A3",1.29e-05,0.623,-2460,35
"1521","DLD",0.259768687580272,"ENSG00000091140","chr7","MA0066.1","Promoter (1-2kb)",1738,"ENST00000485066.1","ENSG00000091140","DLD",2.03e-05,0.647,-1261,9
"1522","LAMB1",0.23675793676844,"ENSG00000091136","chr7","MA0065.1","Promoter (<=1kb)",3912,"ENST00000677994.1","ENSG00000091136","LAMB1",6.15e-06,0.572,522,31
"1523","PNPLA8",0.229831738331302,"ENSG00000135241","chr7","MA0065.1","Promoter (1-2kb)",50640,"ENST00000462466.1","ENSG00000135241","PNPLA8",4.4e-06,0.572,-1159,17
"1524","IMMP2L",0.991655213562139,"ENSG00000184903","chr7","MA0066.1","Promoter (<=1kb)",83943,"ENST00000492938.1","ENSG00000184903","IMMP2L",4.09e-05,0.66,140,25
"1525","DOCK4",0.701930538095409,"ENSG00000128512","chr7","MA0065.1","Promoter (2-3kb)",9732,"ENST00000469898.1","ENSG00000128512","DOCK4",4.38e-05,0.665,-2283,33
"1526","ZNF277",0.27304026480155,"ENSG00000198839","chr7","MA0065.1","Promoter (1-2kb)",11179,"ENST00000421864.2","ENSG00000198839","ZNF277",3.74e-06,0.572,-1251,41
"1527","IFRD1",0.386405185152928,"ENSG00000006652","chr7","MA0065.1","Promoter (2-3kb)",3475,"ENST00000443101.6","ENSG00000006652","IFRD1",3.03e-06,0.572,-2678,32
"1528","TMEM168",0.600735027329877,"ENSG00000146802","chr7","MA0065.1","Promoter (<=1kb)",64418,"ENST00000418785.5","ENSG00000146802","TMEM168",2.62e-05,0.645,133,20
"1529","PPP1R3A",0.311404669598138,"ENSG00000154415","chr7","MA0065.1","Promoter (<=1kb)",5506,"ENST00000449795.5","ENSG00000154415","PPP1R3A",2.87e-05,0.651,312,37
"1530","FOXP2",0.323296097857824,"ENSG00000128573","chr7","MA0065.1","Promoter (2-3kb)",93986,"ENST00000412402.5","ENSG00000128573","FOXP2",3.6e-07,0.559,-2882,32
"1531","MDFIC",0.293965437816974,"ENSG00000135272","chr7","MA0065.1","Promoter (<=1kb)",29969,"ENST00000393486.6","ENSG00000135272","MDFIC",7.09e-06,0.572,-193,39
"1532","CAV2",1.02967085237442,"ENSG00000105971","chr7","MA0065.1","Promoter (<=1kb)",858,"ENST00000495841.1","ENSG00000105971","CAV2",3e-05,0.653,914,28
"1533","CAV1",0.606218713541772,"ENSG00000105974","chr7","MA0065.1","Promoter (<=1kb)",857,"ENST00000393467.1","ENSG00000105974","CAV1",7.46e-05,0.682,749,17
"1534","CAPZA2",0.803244087222012,"ENSG00000198898","chr7","MA0065.1","Promoter (2-3kb)",830,"ENST00000465607.1","ENSG00000198898","CAPZA2",2.82e-05,0.65,-2528,28
"1535","ST7",1.02567046759358,"ENSG00000004866","chr7","MA0065.1","Promoter (1-2kb)",7982,"ENST00000393446.6","ENSG00000004866","ST7",4.37e-07,0.563,-1656,36
"1536","TSPAN12",0.279714670729642,"ENSG00000106025","chr7","MA0065.1","Promoter (1-2kb)",23554,"ENST00000430985.1","ENSG00000106025","TSPAN12",2e-05,0.632,-1876,29
"1537","CPED1",0.934312294903154,"ENSG00000106034","chr7","MA0065.1","Promoter (2-3kb)",79974,"ENST00000443817.1","ENSG00000106034","CPED1",1.2e-05,0.623,-2991,28
"1538","AASS",0.344217117093295,"ENSG00000008311","chr7","MA0065.1","Promoter (<=1kb)",10157,"ENST00000681511.1","ENSG00000008311","AASS",4.62e-05,0.667,-648,33
"1539","CADPS2",0.313774441783552,"ENSG00000081803","chr7","MA0065.1","Promoter (1-2kb)",93664,"ENST00000462699.5","ENSG00000081803","CADPS2",3.25e-05,0.658,-1207,31
"1540","NDUFA5",0.637238336437932,"ENSG00000128609","chr7","MA0065.1","Promoter (1-2kb)",4698,"ENST00000618945.4","ENSG00000128609","NDUFA5",1.05e-05,0.611,-1734,32
"1541","ASB15",0.570048009788274,"ENSG00000146809","chr7","MA0065.1","Promoter (<=1kb)",142685,"ENST00000451558.5","ENSG00000146809","ASB15",1.66e-05,0.623,248,32
"1542","LMOD2",1.65095532412913,"ENSG00000170807","chr7","MA0065.1","Promoter (<=1kb)",442721,"ENST00000458573.3","ENSG00000170807","LMOD2",1.62e-05,0.623,-453,16
"1543","WASL",0.217079011437404,"ENSG00000106299","chr7","MA1148.1","Promoter (<=1kb)",8976,"ENST00000223023.5","ENSG00000106299","WASL",8.18e-05,0.58,207,26
"1544","POT1",0.222418753831569,"ENSG00000128513","chr7","MA0065.1","Promoter (1-2kb)",25913,"ENST00000608126.1","ENSG00000128513","POT1",5.94e-06,0.572,-1146,27
"1545","SND1",0.518279930112666,"ENSG00000197157","chr7","MA0065.1","Promoter (<=1kb)",27044,"ENST00000484767.5","ENSG00000197157","SND1",4.94e-06,0.572,-558,36
"1546","RBM28",0.234678653714168,"ENSG00000106344","chr7","MA0065.1","Promoter (1-2kb)",55131,"ENST00000488249.1","ENSG00000106344","RBM28",2.6e-05,0.645,-1058,34
"1547","CALU",0.455940210296636,"ENSG00000128595","chr7","MA0065.1","Promoter (1-2kb)",813,"ENST00000493278.1","ENSG00000128595","CALU",3.82e-07,0.563,-1792,38
"1548","FLNC",0.655482281927455,"ENSG00000128591","chr7","MA0065.1","Promoter (<=1kb)",2318,"ENST00000388853.3","ENSG00000128591","FLNC",9.99e-06,0.606,547,35
"1549","TNPO3",0.271202129972667,"ENSG00000064419","chr7","MA1148.1","Promoter (<=1kb)",23534,"ENST00000471166.1","ENSG00000064419","TNPO3",8.51e-05,0.581,426,13
"1550","AHCYL2",0.420242361930262,"ENSG00000158467","chr7","MA0065.1","Promoter (1-2kb)",23382,"ENST00000460109.5","ENSG00000158467","AHCYL2",1.45e-05,0.623,-1691,39
"1551","NRF1",0.461406724593656,"ENSG00000106459","chr7","MA0065.1","Promoter (<=1kb)",4899,"ENST00000353868.5","ENSG00000106459","NRF1",3.44e-05,0.662,866,20
"1552","UBE2H",0.948117177655586,"ENSG00000186591","chr7","MA0065.1","Promoter (<=1kb)",7328,"ENST00000480245.5","ENSG00000186591","UBE2H",3.54e-05,0.662,286,8
"1553","KLHDC10",0.361917275036791,"ENSG00000128607","chr7","MA0065.1","Promoter (2-3kb)",23008,"ENST00000495724.1","ENSG00000128607","KLHDC10",1.35e-06,0.563,-2260,40
"1554","MKLN1",1.21276818541239,"ENSG00000128585","chr7","MA0065.1","Promoter (<=1kb)",4289,"ENST00000496815.1","ENSG00000128585","MKLN1",1.94e-05,0.63,-888,29
"1555","PLXNA4",0.348881678610464,"ENSG00000221866","chr7","MA0065.1","Promoter (<=1kb)",91584,"ENST00000321063.9","ENSG00000221866","PLXNA4",2.73e-05,0.649,492,30
"1556","CHCHD3",1.36401922438884,"ENSG00000106554","chr7","MA0065.1","Promoter (2-3kb)",54927,"ENST00000262570.10","ENSG00000106554","CHCHD3",4.51e-05,0.667,-2012,27
"1557","EXOC4",1.07278856079667,"ENSG00000131558","chr7","MA0065.1","Promoter (<=1kb)",60412,"ENST00000472020.1","ENSG00000131558","EXOC4",2.29e-06,0.563,-305,41
"1558","CALD1",1.78633611968939,"ENSG00000122786","chr7","MA0065.1","Promoter (<=1kb)",800,"ENST00000472096.1","ENSG00000122786","CALD1",2.67e-05,0.647,898,27
"1559","CNOT4",0.433735655977898,"ENSG00000080802","chr7","MA0065.1","Promoter (<=1kb)",4850,"ENST00000707063.1","ENSG00000080802","CNOT4",1.32e-05,0.623,303,26
"1560","CHRM2",1.49115917557197,"ENSG00000181072","chr7","MA0065.1","Promoter (<=1kb)",1129,"ENST00000401861.1","ENSG00000181072","CHRM2",5.57e-05,0.671,900,33
"1561","CREB3L2",0.232628355204824,"ENSG00000182158","chr7","MA0065.1","Promoter (2-3kb)",64764,"ENST00000458726.5","ENSG00000182158","CREB3L2",3.4e-05,0.661,-2094,39
"1562","TRIM24",0.221964424590967,"ENSG00000122779","chr7","MA0065.1","Promoter (1-2kb)",8805,"ENST00000493595.1","ENSG00000122779","TRIM24",2.67e-05,0.647,-1865,30
"1563","UBN2",0.284824962226363,"ENSG00000157741","chr7","MA0065.1","Promoter (<=1kb)",254048,"ENST00000609762.1","ENSG00000157741","UBN2",5.48e-05,0.67,-426,31
"1564","HIPK2",0.900807875600397,"ENSG00000064393","chr7","MA0065.1","Promoter (<=1kb)",28996,"ENST00000342645.7","ENSG00000064393","HIPK2",9.7e-05,0.686,-264,32
"1565","KDM7A",0.329442354694315,"ENSG00000006459","chr7","MA0065.1","Promoter (<=1kb)",80853,"ENST00000478996.1","ENSG00000006459","KDM7A",1.53e-06,0.563,-809,34
"1566","NDUFB2",0.407935398279593,"ENSG00000090266","chr7","MA0065.1","Promoter (1-2kb)",4708,"ENST00000482954.5","ENSG00000090266","NDUFB2",3.39e-06,0.572,-1315,42
"1567","BRAF",0.958801302782543,"ENSG00000157764","chr7","MA0065.1","Promoter (2-3kb)",673,"ENST00000645443.1","ENSG00000157764","BRAF",1.86e-05,0.627,-2394,38
"1568","TMEM178B",1.13993475992219,"ENSG00000261115","chr7","MA0065.1","Promoter (1-2kb)",100507421,"ENST00000725520.1","ENSG00000261115","TMEM178B",6.92e-06,0.572,-1273,33
"1569","AGK",0.29203604304466,"ENSG00000006530","chr7","MA0065.1","Promoter (1-2kb)",55750,"ENST00000496273.1","ENSG00000006530","AGK",3.87e-06,0.572,-1090,36
"1570","GSTK1",0.414346681800573,"ENSG00000197448","chr7","MA0065.1","Promoter (<=1kb)",373156,"ENST00000436038.5","ENSG00000197448","GSTK1",5.8e-07,0.563,-210,37
"1571","TCAF1",0.241045227844354,"ENSG00000198420","chr7","MA0065.1","Promoter (<=1kb)",9747,"ENST00000355951.2","ENSG00000198420","TCAF1",5.86e-05,0.672,0,37
"1572","TPK1",0.366942696510173,"ENSG00000196511","chr7","MA0065.1","Promoter (2-3kb)",27010,"ENST00000552881.1","ENSG00000196511","TPK1",2.21e-05,0.636,-2653,26
"1573","CNTNAP2",0.331423161630692,"ENSG00000174469","chr7","MA0065.1","Promoter (<=1kb)",26047,"ENST00000463592.3","ENSG00000174469","CNTNAP2",1.1e-05,0.617,947,26
"1574","CUL1",0.304765658376867,"ENSG00000055130","chr7","MA0065.1","Promoter (<=1kb)",8454,"ENST00000662975.1","ENSG00000055130","CUL1",4.62e-05,0.667,-340,17
"1575","ZNF862",0.282055709525748,"ENSG00000106479","chr7","MA0065.1","Promoter (<=1kb)",643641,"ENST00000488265.1","ENSG00000106479","ZNF862",1.48e-05,0.623,-344,31
"1576","KCNH2",0.236094980298816,"ENSG00000055118","chr7","MA0065.1","Promoter (<=1kb)",3757,"ENST00000713701.1","ENSG00000055118","KCNH2",1.59e-06,0.563,203,39
"1577","FASTK",0.22143465961658,"ENSG00000164896","chr7","MA0065.1","Promoter (<=1kb)",10922,"ENST00000478883.1","ENSG00000164896","FASTK",4.3e-06,0.572,1,21
"1578","RHEB",0.470300387684778,"ENSG00000106615","chr7","MA0065.1","Promoter (<=1kb)",6009,"ENST00000496004.5","ENSG00000106615","RHEB",3.96e-06,0.572,-763,40
"1579","PRKAG2",1.22230269025671,"ENSG00000106617","chr7","MA0065.1","Promoter (2-3kb)",51422,"ENST00000651378.1","ENSG00000106617","PRKAG2",9.92e-06,0.605,-2539,36
"1580","GALNT11",0.212992297514496,"ENSG00000178234","chr7","MA0065.1","Promoter (<=1kb)",63917,"ENST00000431940.1","ENSG00000178234","GALNT11",8.32e-06,0.586,274,32
"1581","KMT2C",0.845958279319991,"ENSG00000055609","chr7","MA0065.1","Promoter (2-3kb)",58508,"ENST00000683254.1","ENSG00000055609","KMT2C",6.26e-06,0.572,-2587,36
"1582","ACTR3B",0.271220710293409,"ENSG00000133627","chr7","MA0065.1","Promoter (<=1kb)",57180,"ENST00000488782.1","ENSG00000133627","ACTR3B",6.55e-06,0.572,-225,34
"1583","RBM33",0.303885895615676,"ENSG00000184863","chr7","MA0065.1","Promoter (<=1kb)",155435,"ENST00000392759.7","ENSG00000184863","RBM33",5.19e-06,0.572,6,13
"1584","LMBR1",0.388573722936694,"ENSG00000105983","chr7","MA0065.1","Promoter (<=1kb)",64327,"ENST00000434453.1","ENSG00000105983","LMBR1",4.57e-06,0.572,-447,33
"1585","UBE3C",0.518852129098707,"ENSG00000009335","chr7","MA0065.1","Promoter (1-2kb)",9690,"ENST00000497368.1","ENSG00000009335","UBE3C",5.82e-05,0.672,-1884,25
"1586","DNAJB6",0.536177649806102,"ENSG00000105993","chr7","MA0065.1","Promoter (1-2kb)",10049,"ENST00000468928.5","ENSG00000105993","DNAJB6",7.47e-06,0.576,-1700,34
"1587","ESYT2",0.443669580036158,"ENSG00000117868","chr7","MA0065.1","Promoter (1-2kb)",57488,"ENST00000435514.3","ENSG00000117868","ESYT2",1.81e-05,0.625,-1529,23
"1588","VIPR2",0.535144601923598,"ENSG00000106018","chr7","MA0065.1","Promoter (2-3kb)",7434,"ENST00000262178.7","ENSG00000106018","VIPR2",2.39e-06,0.567,-2585,34
"1589","PPP2R3B",0.265272874291464,"ENSG00000167393","chrX","MA0065.1","Promoter (2-3kb)",28227,"ENST00000475859.6","ENSG00000167393","PPP2R3B",1.99e-07,0.503,-2421,40
"1590","SLC25A6",0.300308391374435,"ENSG00000169100","chrY","MA0065.1","Promoter (<=1kb)",293,"ENST00000711212.1","ENSG00000169100","SLC25A6",5.24e-05,0.668,475,17
"1591","DHRSX",0.87155273752378,"ENSG00000169084","chrY","MA0065.1","Promoter (1-2kb)",207063,"ENST00000711200.1","ENSG00000169084","DHRSX",2.65e-06,0.572,-1105,42
"1592","CD99",0.502989564297627,"ENSG00000002586","chrX","MA0065.1","Promoter (2-3kb)",4267,"ENST00000381177.7","ENSG00000002586","CD99",2.73e-05,0.649,-2501,37
"1593","TBL1X",0.258661222122277,"ENSG00000101849","chrX","MA0065.1","Promoter (<=1kb)",6907,"ENST00000683056.1","ENSG00000101849","TBL1X",4.25e-06,0.572,730,32
"1594","WWC3",0.214874167279347,"ENSG00000047644","chrX","MA0065.1","Promoter (1-2kb)",55841,"ENST00000380861.10","ENSG00000047644","WWC3",8.03e-05,0.682,-1296,32
"1595","TMSB4X",0.283018699838841,"ENSG00000205542","chrX","MA0066.1","Promoter (<=1kb)",7114,"ENST00000451311.7","ENSG00000205542","TMSB4X",8.33e-05,0.703,-991,9
"1596","ASB11",0.37837998789139,"ENSG00000165192","chrX","MA0065.1","Promoter (1-2kb)",140456,"ENST00000480796.6","ENSG00000165192","ASB11",4.33e-05,0.665,-1071,32
"1597","PIR",0.515460647232389,"ENSG00000087842","chrX","MA0065.1","Promoter (<=1kb)",8544,"ENST00000492432.5","ENSG00000087842","PIR",1.18e-05,0.623,-774,33
"1598","AP1S2",0.562704507133804,"ENSG00000182287","chrX","MA0065.1","Promoter (<=1kb)",8905,"ENST00000450644.2","ENSG00000182287","AP1S2",6.85e-05,0.682,424,19
"1599","SCML1",0.38490219660368,"ENSG00000047634","chrX","MA0065.1","Promoter (<=1kb)",6322,"ENST00000487842.1","ENSG00000047634","SCML1",2.25e-05,0.637,-357,36
"1600","CDKL5",0.453824143182605,"ENSG00000008086","chrX","MA0065.1","Promoter (2-3kb)",6792,"ENST00000636046.1","ENSG00000008086","CDKL5",4.5e-06,0.572,-2592,36
"1601","PHKA2",0.286025731368642,"ENSG00000044446","chrX","MA0065.1","Promoter (<=1kb)",5256,"ENST00000473597.1","ENSG00000044446","PHKA2",1.02e-05,0.608,164,30
"1602","PDHA1",0.315020376478538,"ENSG00000131828","chrX","MA0065.1","Promoter (<=1kb)",5160,"ENST00000478795.1","ENSG00000131828","PDHA1",5.45e-06,0.572,-200,24
"1603","SH3KBP1",0.392109789057975,"ENSG00000147010","chrX","MA0065.1","Promoter (<=1kb)",30011,"ENST00000699727.1","ENSG00000147010","SH3KBP1",1.33e-06,0.563,779,28
"1604","EIF1AX",0.279600831437155,"ENSG00000173674","chrX","MA0065.1","Promoter (2-3kb)",1964,"ENST00000379607.10","ENSG00000173674","EIF1AX",3.61e-05,0.662,-2892,28
"1605","SMPX",0.720603583769518,"ENSG00000091482","chrX","MA0065.1","Promoter (<=1kb)",23676,"ENST00000379494.4","ENSG00000091482","SMPX",5.64e-05,0.672,-147,39
"1606","SMS",0.227252778870981,"ENSG00000102172","chrX","MA0065.1","Promoter (<=1kb)",6611,"ENST00000457085.2","ENSG00000102172","SMS",1.79e-05,0.624,-61,32
"1607","SAT1",0.795823692228996,"ENSG00000130066","chrX","MA0065.1","Promoter (<=1kb)",6303,"ENST00000462639.1","ENSG00000130066","SAT1",8.12e-06,0.584,117,22
"1608","APOO",0.466966242186374,"ENSG00000184831","chrX","MA0065.1","Promoter (<=1kb)",79135,"ENST00000634188.1","ENSG00000184831","APOO",7.86e-05,0.682,-873,24
"1609","ZFX",0.370629229529246,"ENSG00000005889","chrX","MA0065.1","Promoter (<=1kb)",7543,"ENST00000497813.1","ENSG00000005889","ZFX",1.93e-05,0.629,-579,28
"1610","IL1RAPL1",1.62059425837083,"ENSG00000169306","chrX","MA0065.1","Promoter (1-2kb)",11141,"ENST00000378993.6","ENSG00000169306","IL1RAPL1",8.93e-05,0.683,-1142,23
"1611","GK",0.292479103595582,"ENSG00000198814","chrX","MA0065.1","Promoter (<=1kb)",2710,"ENST00000378943.7","ENSG00000198814","GK",6.33e-05,0.677,-788,32
"1612","DMD",3.12296460744449,"ENSG00000198947","chrX","MA0065.1","Promoter (2-3kb)",1756,"ENST00000378705.3","ENSG00000198947","DMD",2.46e-06,0.569,-2064,21
"1613","USP9X",0.346950706705194,"ENSG00000124486","chrX","MA0065.1","Promoter (1-2kb)",8239,"ENST00000462850.1","ENSG00000124486","USP9X",9.95e-06,0.606,-1185,32
"1614","DDX3X",0.243409517876155,"ENSG00000215301","chrX","MA0065.1","Promoter (1-2kb)",1654,"ENST00000645253.1","ENSG00000215301","DDX3X",6.09e-06,0.572,-1604,31
"1615","CASK",0.333027425487002,"ENSG00000147044","chrX","MA0065.1","Promoter (<=1kb)",8573,"ENST00000378179.9","ENSG00000147044","CASK",3.64e-05,0.662,-352,19
"1616","MAOA",0.325249812644112,"ENSG00000189221","chrX","MA0065.1","Promoter (<=1kb)",4128,"ENST00000490604.1","ENSG00000189221","MAOA",7.96e-07,0.563,-63,40
"1617","MAOB",0.425215725817751,"ENSG00000069535","chrX","MA0065.1","Promoter (<=1kb)",4129,"ENST00000468431.1","ENSG00000069535","MAOB",7.48e-05,0.682,286,22
"1618","KDM6A",0.639853913119497,"ENSG00000147050","chrX","MA0065.1","Promoter (1-2kb)",7403,"ENST00000485072.5","ENSG00000147050","KDM6A",7.89e-06,0.581,-1060,39
"1619","NDUFB11",0.247211666549785,"ENSG00000147123","chrX","MA0065.1","Promoter (1-2kb)",54539,"ENST00000687244.1","ENSG00000147123","NDUFB11",9.04e-05,0.683,-1201,36
"1620","ZNF81",0.259534168560441,"ENSG00000197779","chrX","MA0065.1","Promoter (2-3kb)",347344,"ENST00000376954.6","ENSG00000197779","ZNF81",2.15e-05,0.635,-2973,23
"1621","RBM3",0.214201704358054,"ENSG00000102317","chrX","MA0065.1","Promoter (<=1kb)",5935,"ENST00000472897.5","ENSG00000102317","RBM3",6.23e-05,0.676,-538,22
"1622","WDR13",0.206127857272748,"ENSG00000101940","chrX","MA0065.1","Promoter (<=1kb)",64743,"ENST00000479279.5","ENSG00000101940","WDR13",1.48e-06,0.563,235,26
"1623","MAGED1",0.718213116598803,"ENSG00000179222","chrX","MA0065.1","Promoter (<=1kb)",9500,"ENST00000473931.1","ENSG00000179222","MAGED1",1.91e-05,0.628,925,33
"1624","HUWE1",0.354503879335599,"ENSG00000086758","chrX","MA0065.1","Promoter (1-2kb)",10075,"ENST00000463852.1","ENSG00000086758","HUWE1",2.95e-06,0.572,-1009,36
"1625","RRAGB",0.216759767467704,"ENSG00000083750","chrX","MA0065.1","Promoter (<=1kb)",10325,"ENST00000498762.1","ENSG00000083750","RRAGB",5.57e-05,0.671,-434,18
"1626","ARHGEF9",0.416061023305564,"ENSG00000131089","chrX","MA0065.1","Promoter (1-2kb)",23229,"ENST00000466925.4","ENSG00000131089","ARHGEF9",7.57e-07,0.563,-1584,35
"1627","MSN",0.405908958674864,"ENSG00000147065","chrX","MA0065.1","Promoter (<=1kb)",4478,"ENST00000697142.1","ENSG00000147065","MSN",9.74e-06,0.603,-204,26
"1628","AR",0.298795380588383,"ENSG00000169083","chrX","MA0065.1","Promoter (<=1kb)",367,"ENST00000396043.4","ENSG00000169083","AR",3.59e-05,0.662,316,32
"1629","OPHN1",0.502613538395905,"ENSG00000079482","chrX","MA0065.1","Promoter (2-3kb)",4983,"ENST00000467444.1","ENSG00000079482","OPHN1",1.16e-05,0.623,-2450,19
"1630","EDA",0.684479324294553,"ENSG00000158813","chrX","MA0065.1","Promoter (2-3kb)",1896,"ENST00000525810.5","ENSG00000158813","EDA",2.45e-05,0.641,-2080,33
"1631","TAF1",0.381588690015399,"ENSG00000147133","chrX","MA0065.1","Promoter (1-2kb)",6872,"ENST00000483985.3","ENSG00000147133","TAF1",5.43e-06,0.572,-1848,30
"1632","OGT",0.40661956263064,"ENSG00000147162","chrX","MA0065.1","Promoter (<=1kb)",8473,"ENST00000459760.1","ENSG00000147162","OGT",8.26e-06,0.585,912,40
"1633","PIN4",0.276595638381848,"ENSG00000102309","chrX","MA0065.1","Promoter (1-2kb)",5303,"ENST00000373662.4","ENSG00000102309","PIN4",6.35e-05,0.678,-1696,39
"1634","HDAC8",0.698236246862457,"ENSG00000147099","chrX","MA0065.1","Promoter (1-2kb)",55869,"ENST00000373589.9","ENSG00000147099","HDAC8",2.44e-05,0.641,-1309,34
"1635","ABCB7",0.468550164586116,"ENSG00000131269","chrX","MA0065.1","Promoter (<=1kb)",22,"ENST00000663420.1","ENSG00000131269","ABCB7",1.19e-05,0.623,0,17
"1636","ATRX",0.752163871011292,"ENSG00000085224","chrX","MA0065.1","Promoter (<=1kb)",546,"ENST00000675732.1","ENSG00000085224","ATRX",2.41e-05,0.64,372,13
"1637","MAGT1",0.253218382089222,"ENSG00000102158","chrX","MA0066.1","Promoter (1-2kb)",84061,"ENST00000358075.11","ENSG00000102158","MAGT1",3.21e-05,0.647,-1262,11
"1638","COX7B",0.710189030215271,"ENSG00000131174","chrX","MA0856.1","Promoter (<=1kb)",1349,"ENST00000647835.1","ENSG00000131174","COX7B",4.57e-05,0.819,370,18
"1639","PGK1",0.319304862501417,"ENSG00000102144","chrX","MA0065.1","Promoter (1-2kb)",5230,"ENST00000474281.1","ENSG00000102144","PGK1",2.71e-05,0.648,-1045,20
"1640","APOOL",0.240897631375229,"ENSG00000155008","chrX","MA0065.1","Promoter (1-2kb)",139322,"ENST00000373173.7","ENSG00000155008","APOOL",8.82e-05,0.682,-1693,33
"1641","CHM",0.264684197116537,"ENSG00000188419","chrX","MA0065.1","Promoter (<=1kb)",1121,"ENST00000487515.1","ENSG00000188419","CHM",6.74e-05,0.682,84,33
"1642","DIAPH2",1.01123733245457,"ENSG00000147202","chrX","MA0065.1","Promoter (1-2kb)",1730,"ENST00000373049.8","ENSG00000147202","DIAPH2",7.98e-05,0.682,-1285,33
"1643","MORF4L2",0.398662239703225,"ENSG00000123562","chrX","MA0066.1","Promoter (<=1kb)",9643,"ENST00000433176.6","ENSG00000123562","MORF4L2",2.01e-05,0.647,-115,7
"1644","IL1RAPL2",0.21750355862838,"ENSG00000189108","chrX","MA0065.1","Promoter (1-2kb)",26280,"ENST00000372582.6","ENSG00000189108","IL1RAPL2",6.43e-05,0.678,-1753,26
"1645","COL4A5",0.508219999278035,"ENSG00000188153","chrX","MA0065.1","Promoter (<=1kb)",1287,"ENST00000489230.1","ENSG00000188153","COL4A5",2.46e-06,0.569,188,30
"1646","ACSL4",0.298766306110165,"ENSG00000068366","chrX","MA0065.1","Promoter (1-2kb)",2182,"ENST00000683559.1","ENSG00000068366","ACSL4",2.17e-06,0.563,-1820,39
"1647","TMEM164",0.782819268790397,"ENSG00000157600","chrX","MA0065.1","Promoter (1-2kb)",84187,"ENST00000461715.1","ENSG00000157600","TMEM164",8.55e-06,0.588,-1185,27
"1648","AMMECR1",0.359581996683467,"ENSG00000101935","chrX","MA0066.1","Promoter (2-3kb)",9949,"ENST00000372054.3","ENSG00000101935","AMMECR1",9.05e-05,0.704,-2434,27
"1649","PLS3",0.428825032635486,"ENSG00000102024","chrX","MA0065.1","Promoter (<=1kb)",5358,"ENST00000473026.6","ENSG00000102024","PLS3",1.98e-06,0.563,-744,27
"1650","WDR44",0.209055771581007,"ENSG00000131725","chrX","MA0065.1","Promoter (<=1kb)",54521,"ENST00000371848.3","ENSG00000131725","WDR44",6.55e-05,0.68,-957,37
"1651","NDUFA1",0.524907965206094,"ENSG00000125356","chrX","MA0855.1","Promoter (<=1kb)",4694,"ENST00000371437.5","ENSG00000125356","NDUFA1",6.17e-05,0.777,999,24
"1652","THOC2",0.385535025296924,"ENSG00000125676","chrX","MA0065.1","Promoter (2-3kb)",57187,"ENST00000492203.1","ENSG00000125676","THOC2",1.06e-06,0.563,-2617,28
"1653","XIAP",0.416547736153394,"ENSG00000101966","chrX","MA0065.1","Promoter (1-2kb)",331,"ENST00000698505.1","ENSG00000101966","XIAP",7.55e-05,0.682,-1216,32
"1654","STAG2",0.35402207974706,"ENSG00000101972","chrX","MA0065.1","Promoter (<=1kb)",10735,"ENST00000394477.5","ENSG00000101972","STAG2",3.32e-06,0.572,-810,30
"1655","ENOX2",0.377480667828275,"ENSG00000165675","chrX","MA0065.1","Promoter (<=1kb)",10495,"ENST00000370927.5","ENSG00000165675","ENOX2",1.16e-05,0.623,987,24
"1656","FHL1",1.06195852322066,"ENSG00000022267","chrX","MA0065.1","Promoter (1-2kb)",2273,"ENST00000370674.3","ENSG00000022267","FHL1",1.5e-05,0.623,-1351,36
"1657","ARHGEF6",0.405501796888161,"ENSG00000129675","chrX","MA0065.1","Promoter (<=1kb)",9459,"ENST00000370622.5","ENSG00000129675","ARHGEF6",7.43e-05,0.682,-882,26
"1658","RBMX",0.525493212581399,"ENSG00000147274","chrX","MA0065.1","Promoter (<=1kb)",27316,"ENST00000496459.2","ENSG00000147274","RBMX",1.97e-06,0.563,-472,35
"1659","CD99L2",0.207656120358597,"ENSG00000102181","chrX","MA0066.1","Promoter (<=1kb)",83692,"ENST00000634795.1","ENSG00000102181","CD99L2",1.73e-06,0.578,223,39
"1660","SLC6A8",0.262413877652486,"ENSG00000130821","chrX","MA0065.1","Promoter (<=1kb)",6535,"ENST00000457723.1","ENSG00000130821","SLC6A8",1.93e-05,0.629,840,17
"1661","MECP2",0.3538688339019,"ENSG00000169057","chrX","MA0065.1","Promoter (1-2kb)",4204,"ENST00000637917.2","ENSG00000169057","MECP2",1.23e-05,0.623,-1264,27
"1662","FLNA",0.382778826372653,"ENSG00000196924","chrX","MA0065.1","Promoter (1-2kb)",2316,"ENST00000490936.5","ENSG00000196924","FLNA",4.36e-06,0.572,-1527,42
"1663","GAB3",0.223079222869209,"ENSG00000160219","chrX","MA0065.1","Promoter (2-3kb)",139716,"ENST00000475685.1","ENSG00000160219","GAB3",1.73e-05,0.623,-2785,34
"1664","FUNDC2",0.224803595050764,"ENSG00000165775","chrX","MA0065.1","Promoter (<=1kb)",65991,"ENST00000471528.1","ENSG00000165775","FUNDC2",2.3e-05,0.637,932,31
"1665","TMLHE",0.337361397551024,"ENSG00000185973","chrX","MA0065.1","Promoter (<=1kb)",55217,"ENST00000449645.2","ENSG00000185973","TMLHE",5.57e-06,0.572,-280,34
"1666","ARHGEF10",0.240739230774753,"ENSG00000104728","chr8","MA0065.1","Promoter (<=1kb)",9639,"ENST00000522435.5","ENSG00000104728","ARHGEF10",9.17e-06,0.596,-310,42
"1667","MYOM2",1.52845306550543,"ENSG00000036448","chr8","MA0065.1","Promoter (1-2kb)",9172,"ENST00000519372.5","ENSG00000036448","MYOM2",7.41e-07,0.563,-1038,42
"1668","MCPH1",0.47395444651936,"ENSG00000147316","chr8","MA0065.1","Promoter (2-3kb)",79648,"ENST00000522020.2","ENSG00000147316","MCPH1",7.01e-07,0.563,-2671,38
"1669","ANGPT2",0.322313305706485,"ENSG00000091879","chr8","MA0065.1","Promoter (<=1kb)",285,"ENST00000325203.9","ENSG00000091879","ANGPT2",4.93e-06,0.572,-828,38
"1670","MFHAS1",0.311058225160871,"ENSG00000147324","chr8","MA0065.1","Promoter (<=1kb)",9258,"ENST00000276282.7","ENSG00000147324","MFHAS1",2.08e-05,0.634,-969,21
"1671","PPP1R3B",0.224043290356997,"ENSG00000173281","chr8","MA0066.1","Promoter (<=1kb)",79660,"ENST00000519699.1","ENSG00000173281","PPP1R3B",7.98e-07,0.574,303,20
"1672","TNKS",0.522029676191925,"ENSG00000173273","chr8","MA0065.1","Promoter (2-3kb)",8658,"ENST00000518027.5","ENSG00000173273","TNKS",5.02e-06,0.572,-2814,34
"1673","MSRA",0.299396540725798,"ENSG00000175806","chr8","MA0065.1","Promoter (<=1kb)",4482,"ENST00000521686.1","ENSG00000175806","MSRA",4.86e-05,0.667,201,34
"1674","XKR6",0.439661865735435,"ENSG00000171044","chr8","MA0065.1","Promoter (2-3kb)",286046,"ENST00000416569.3","ENSG00000171044","XKR6",3.82e-05,0.662,-2759,33
"1675","GATA4",1.23980645504435,"ENSG00000136574","chr8","MA0065.1","Promoter (2-3kb)",2626,"ENST00000526974.1","ENSG00000136574","GATA4",9.74e-06,0.603,-2498,41
"1676","DLC1",1.44081464317567,"ENSG00000164741","chr8","MA0065.1","Promoter (<=1kb)",10395,"ENST00000515225.1","ENSG00000164741","DLC1",8.67e-06,0.589,562,11
"1677","TUSC3",0.329725444892724,"ENSG00000104723","chr8","MA0065.1","Promoter (<=1kb)",7991,"ENST00000511783.2","ENSG00000104723","TUSC3",3.97e-07,0.563,919,32
"1678","MICU3",0.329306409156127,"ENSG00000155970","chr8","MA0065.1","Promoter (2-3kb)",286097,"ENST00000513892.3","ENSG00000155970","MICU3",6.85e-06,0.572,-2109,26
"1679","SLC7A2",0.234397694824541,"ENSG00000003989","chr8","MA0065.1","Promoter (1-2kb)",6542,"ENST00000004531.14","ENSG00000003989","SLC7A2",2.48e-05,0.642,-1092,19
"1680","MTUS1",1.16445167236063,"ENSG00000129422","chr8","MA0065.1","Promoter (<=1kb)",57509,"ENST00000518755.1","ENSG00000129422","MTUS1",3e-06,0.572,-60,31
"1681","PCM1",0.76001896012134,"ENSG00000078674","chr8","MA0065.1","Promoter (2-3kb)",5108,"ENST00000518985.1","ENSG00000078674","PCM1",1.81e-05,0.625,-2379,25
"1682","ASAH1",0.862136483594927,"ENSG00000104763","chr8","MA0065.1","Promoter (<=1kb)",427,"ENST00000519545.6","ENSG00000104763","ASAH1",2.37e-05,0.638,164,31
"1683","PSD3",2.10025816775027,"ENSG00000156011","chr8","MA0065.1","Promoter (<=1kb)",23362,"ENST00000428502.6","ENSG00000156011","PSD3",1.55e-06,0.563,284,32
"1684","CSGALNACT1",0.75832214079675,"ENSG00000147408","chr8","MA0065.1","Promoter (<=1kb)",55790,"ENST00000517494.1","ENSG00000147408","CSGALNACT1",8.95e-06,0.593,-5,34
"1685","INTS10",0.286122764225638,"ENSG00000104613","chr8","MA0065.1","Promoter (<=1kb)",55174,"ENST00000522081.1","ENSG00000104613","INTS10",1.7e-07,0.492,870,34
"1686","LPL",0.94800478280668,"ENSG00000175445","chr8","MA0065.1","Promoter (2-3kb)",4023,"ENST00000520959.5","ENSG00000175445","LPL",3.8e-05,0.662,-2546,36
"1687","SLC39A14",0.372869988185513,"ENSG00000104635","chr8","MA0065.1","Promoter (<=1kb)",23516,"ENST00000517370.1","ENSG00000104635","SLC39A14",4.93e-06,0.572,-98,37
"1688","PPP3CC",0.76512380821428,"ENSG00000120910","chr8","MA0065.1","Promoter (<=1kb)",5533,"ENST00000521651.5","ENSG00000120910","PPP3CC",3.92e-05,0.662,163,30
"1689","PEBP4",0.787138617078356,"ENSG00000134020","chr8","MA0065.1","Promoter (1-2kb)",157310,"ENST00000522278.1","ENSG00000134020","PEBP4",2.3e-05,0.637,-1227,34
"1690","SLC25A37",0.491027102094169,"ENSG00000147454","chr8","MA0066.1","Promoter (2-3kb)",51312,"ENST00000523883.5","ENSG00000147454","SLC25A37",3.49e-05,0.653,-2131,19
"1691","DOCK5",0.915328353203782,"ENSG00000147459","chr8","MA0065.1","Promoter (<=1kb)",80005,"ENST00000467709.6","ENSG00000147459","DOCK5",3.35e-06,0.572,857,39
"1692","KCTD9",0.21094744143059,"ENSG00000104756","chr8","MA0065.1","Promoter (<=1kb)",54793,"ENST00000523294.5","ENSG00000104756","KCTD9",3.15e-05,0.655,0,6
"1693","PPP2R2A",0.327216524951997,"ENSG00000221914","chr8","MA0065.1","Promoter (<=1kb)",5520,"ENST00000380737.8","ENSG00000221914","PPP2R2A",2.17e-07,0.512,-751,31
"1694","BNIP3L",0.397446540693421,"ENSG00000104765","chr8","MA0065.1","Promoter (<=1kb)",665,"ENST00000521254.1","ENSG00000104765","BNIP3L",2.29e-06,0.563,710,38
"1695","DPYSL2",0.261933728411667,"ENSG00000092964","chr8","MA0065.1","Promoter (<=1kb)",1808,"ENST00000474808.1","ENSG00000092964","DPYSL2",1.94e-05,0.63,-846,33
"1696","ADRA1A",0.60106096232034,"ENSG00000120907","chr8","MA0065.1","Promoter (1-2kb)",148,"ENST00000380573.4","ENSG00000120907","ADRA1A",4.51e-05,0.667,-1294,20
"1697","ELP3",0.216618590436159,"ENSG00000134014","chr8","MA0065.1","Promoter (2-3kb)",55140,"ENST00000520011.1","ENSG00000134014","ELP3",1.87e-05,0.628,-2103,31
"1698","EXTL3",0.447452214776962,"ENSG00000012232","chr8","MA0065.1","Promoter (2-3kb)",2137,"ENST00000522698.1","ENSG00000012232","EXTL3",1.41e-05,0.623,-2142,39
"1699","INTS9",0.274126485872487,"ENSG00000104299","chr8","MA0065.1","Promoter (2-3kb)",55756,"ENST00000524081.5","ENSG00000104299","INTS9",1.66e-07,0.489,-2260,27
"1700","HMBOX1",0.558467534081049,"ENSG00000147421","chr8","MA0065.1","Promoter (<=1kb)",79618,"ENST00000518080.2","ENSG00000147421","HMBOX1",1.07e-05,0.614,5,35
"1701","KIF13B",0.321009099279152,"ENSG00000197892","chr8","MA0065.1","Promoter (<=1kb)",23303,"ENST00000522355.5","ENSG00000197892","KIF13B",8.82e-06,0.592,-503,27
"1702","SARAF",0.34557612545892,"ENSG00000133872","chr8","MA0065.1","Promoter (<=1kb)",51669,"ENST00000518296.5","ENSG00000133872","SARAF",3.75e-05,0.662,954,7
"1703","RBPMS",1.53437051676104,"ENSG00000157110","chr8","MA0065.1","Promoter (1-2kb)",11030,"ENST00000521816.1","ENSG00000157110","RBPMS",1.16e-06,0.563,-1955,37
"1704","PPP2CB",0.553312129806437,"ENSG00000104695","chr8","MA0065.1","Promoter (<=1kb)",5516,"ENST00000518243.5","ENSG00000104695","PPP2CB",1.46e-05,0.623,-178,13
"1705","WRN",0.265827969598988,"ENSG00000165392","chr8","MA0065.1","Promoter (<=1kb)",7486,"ENST00000520169.1","ENSG00000165392","WRN",2.65e-05,0.647,-479,24
"1706","FGFR1",0.582665472194853,"ENSG00000077782","chr8","MA0065.1","Promoter (<=1kb)",2260,"ENST00000466021.5","ENSG00000077782","FGFR1",1.04e-05,0.61,-669,30
"1707","TACC1",0.296080024821234,"ENSG00000147526","chr8","MA0065.1","Promoter (<=1kb)",6867,"ENST00000521154.1","ENSG00000147526","TACC1",5.49e-06,0.572,440,8
"1708","PLEKHA2",0.473721829287703,"ENSG00000169499","chr8","MA0065.1","Promoter (1-2kb)",59339,"ENST00000518070.1","ENSG00000169499","PLEKHA2",4.77e-07,0.563,-1215,42
"1709","ADAM9",0.544801066261355,"ENSG00000168615","chr8","MA0065.1","Promoter (2-3kb)",8754,"ENST00000484143.2","ENSG00000168615","ADAM9",3.97e-05,0.662,-2236,29
"1710","ANK1",0.434653667292277,"ENSG00000029534","chr8","MA0065.1","Promoter (1-2kb)",286,"ENST00000518061.1","ENSG00000029534","ANK1",3.84e-05,0.662,-1063,21
"1711","KAT6A",0.401271720828421,"ENSG00000083168","chr8","MA0065.1","Promoter (<=1kb)",7994,"ENST00000650495.1","ENSG00000083168","KAT6A",1.62e-05,0.623,-271,30
"1712","VDAC3",0.629614450512719,"ENSG00000078668","chr8","MA0065.1","Promoter (<=1kb)",7419,"ENST00000522010.1","ENSG00000078668","VDAC3",2.06e-05,0.634,95,32
"1713","SLC20A2",0.945141079394604,"ENSG00000168575","chr8","MA0065.1","Promoter (2-3kb)",6575,"ENST00000713989.1","ENSG00000168575","SLC20A2",4.69e-06,0.572,-2425,32
"1714","HOOK3",0.287392534902283,"ENSG00000168172","chr8","MA0065.1","Promoter (<=1kb)",84376,"ENST00000524839.1","ENSG00000168172","HOOK3",2.63e-05,0.646,122,22
"1715","HGSNAT",0.339807036052789,"ENSG00000165102","chr8","MA0065.1","Promoter (2-3kb)",138050,"ENST00000523989.1","ENSG00000165102","HGSNAT",1.47e-06,0.563,-2044,37
"1716","SPIDR",0.576109645899432,"ENSG00000164808","chr8","MA0065.1","Promoter (<=1kb)",23514,"ENST00000519362.5","ENSG00000164808","SPIDR",4.86e-07,0.563,-883,34
"1717","CEBPD",0.256370576564126,"ENSG00000221869","chr8","MA1148.1","Promoter (<=1kb)",1052,"ENST00000408965.4","ENSG00000221869","CEBPD",9.45e-05,0.587,-87,29
"1718","PRKDC",0.346546789414913,"ENSG00000253729","chr8","MA0065.1","Promoter (<=1kb)",5591,"ENST00000697609.1","ENSG00000253729","PRKDC",1.33e-06,0.563,-53,31
"1719","PXDNL",1.53298359677744,"ENSG00000147485","chr8","MA0065.1","Promoter (<=1kb)",137902,"ENST00000519183.1","ENSG00000147485","PXDNL",3.01e-05,0.653,-61,33
"1720","PCMTD1",0.696418303704524,"ENSG00000168300","chr8","MA0065.1","Promoter (2-3kb)",115294,"ENST00000519975.1","ENSG00000168300","PCMTD1",7.69e-05,0.682,-2196,9
"1721","RB1CC1",0.590183383755196,"ENSG00000023287","chr8","MA0065.1","Promoter (1-2kb)",9821,"ENST00000518468.1","ENSG00000023287","RB1CC1",1.69e-05,0.623,-1857,33
"1722","ATP6V1H",0.348691291535889,"ENSG00000047249","chr8","MA0065.1","Promoter (1-2kb)",51606,"ENST00000522159.5","ENSG00000047249","ATP6V1H",5.39e-06,0.572,-1663,31
"1723","LYPLA1",0.266133159758171,"ENSG00000120992","chr8","MA0065.1","Promoter (<=1kb)",10434,"ENST00000519272.5","ENSG00000120992","LYPLA1",4.1e-05,0.663,986,9
"1724","PLAG1",0.333507513934303,"ENSG00000181690","chr8","MA0065.1","Promoter (<=1kb)",5324,"ENST00000316981.8","ENSG00000181690","PLAG1",5.82e-05,0.672,718,19
"1725","FAM110B",0.665658645048573,"ENSG00000169122","chr8","MA0066.1","Promoter (<=1kb)",90362,"ENST00000518427.5","ENSG00000169122","FAM110B",7.14e-05,0.691,-779,17
"1726","NSMAF",0.238210596730896,"ENSG00000035681","chr8","MA0065.1","Promoter (<=1kb)",8439,"ENST00000517612.5","ENSG00000035681","NSMAF",1.73e-05,0.623,-128,31
"1727","RAB2A",0.615168365945743,"ENSG00000104388","chr8","MA0065.1","Promoter (1-2kb)",5862,"ENST00000531098.1","ENSG00000104388","RAB2A",2.17e-05,0.636,-1463,34
"1728","CHD7",0.294426902048112,"ENSG00000171316","chr8","MA0065.1","Promoter (1-2kb)",55636,"ENST00000529472.1","ENSG00000171316","CHD7",4.98e-05,0.667,-1092,14
"1729","ASPH",0.632420864009619,"ENSG00000198363","chr8","MA0065.1","Promoter (1-2kb)",444,"ENST00000521909.1","ENSG00000198363","ASPH",6.11e-06,0.572,-1699,31
"1730","YTHDF3",0.260641393401681,"ENSG00000185728","chr8","MA0065.1","Promoter (2-3kb)",253943,"ENST00000617200.1","ENSG00000185728","YTHDF3",5.92e-05,0.673,-2553,22
"1731","MTFR1",0.825521960709017,"ENSG00000066855","chr8","MA0065.1","Promoter (<=1kb)",9650,"ENST00000518636.1","ENSG00000066855","MTFR1",6.17e-06,0.572,-526,42
"1732","PDE7A",1.88222962857506,"ENSG00000205268","chr8","MA0065.1","Promoter (2-3kb)",5150,"ENST00000518667.1","ENSG00000205268","PDE7A",1.86e-05,0.627,-2835,25
"1733","TRIM55",0.523200601537486,"ENSG00000147573","chr8","MA0065.1","Promoter (2-3kb)",84675,"ENST00000520930.2","ENSG00000147573","TRIM55",2.25e-05,0.637,-2317,23
"1734","ADHFE1",0.578870029539124,"ENSG00000147576","chr8","MA0065.1","Promoter (2-3kb)",137872,"ENST00000518781.1","ENSG00000147576","ADHFE1",6.82e-07,0.563,-2793,42
"1735","PPP1R42",0.211436838351241,"ENSG00000178125","chr8","MA0065.1","Promoter (<=1kb)",286187,"ENST00000522909.5","ENSG00000178125","PPP1R42",9.42e-05,0.686,-739,14
"1736","CSPP1",0.406209404270886,"ENSG00000104218","chr8","MA0065.1","Promoter (<=1kb)",79848,"ENST00000678685.1","ENSG00000104218","CSPP1",1.03e-05,0.608,72,27
"1737","ARFGEF1",0.710622291052983,"ENSG00000066777","chr8","MA0065.1","Promoter (<=1kb)",10565,"ENST00000518230.5","ENSG00000066777","ARFGEF1",7.29e-06,0.574,960,21
"1738","C8orf34",0.342711806935083,"ENSG00000165084","chr8","MA0065.1","Promoter (2-3kb)",116328,"ENST00000518698.6","ENSG00000165084","C8orf34",2.73e-05,0.649,-2254,28
"1739","SLCO5A1",0.342184970068283,"ENSG00000137571","chr8","MA0065.1","Promoter (1-2kb)",81796,"ENST00000260126.9","ENSG00000137571","SLCO5A1",6.2e-06,0.572,-1438,31
"1740","NCOA2",1.09646906100141,"ENSG00000140396","chr8","MA0065.1","Promoter (1-2kb)",10499,"ENST00000522054.1","ENSG00000140396","NCOA2",1.38e-06,0.563,-1135,32
"1741","EYA1",0.358101541748816,"ENSG00000104313","chr8","MA0065.1","Promoter (2-3kb)",2138,"ENST00000422295.1","ENSG00000104313","EYA1",5.69e-06,0.572,-2077,41
"1742","STAU2",0.561791509581831,"ENSG00000040341","chr8","MA0065.1","Promoter (1-2kb)",27067,"ENST00000523533.5","ENSG00000040341","STAU2",7.13e-07,0.563,-1110,34
"1743","JPH1",0.252069243442584,"ENSG00000104369","chr8","MA0065.1","Promoter (1-2kb)",56704,"ENST00000518195.1","ENSG00000104369","JPH1",4.22e-06,0.572,-1565,40
"1744","PKIA",0.620868644216763,"ENSG00000171033","chr8","MA0065.1","Promoter (<=1kb)",5569,"ENST00000396418.7","ENSG00000171033","PKIA",1.21e-05,0.623,-556,28
"1745","TPD52",0.46010045712489,"ENSG00000076554","chr8","MA0065.1","Promoter (<=1kb)",124188259,"ENST00000521561.1","ENSG00000076554","TPD52-MRPS28",8.86e-08,0.438,453,40
"1746","ZNF704",0.481266582684633,"ENSG00000164684","chr8","MA0065.1","Promoter (1-2kb)",619279,"ENST00000522040.5","ENSG00000164684","ZNF704",7.55e-08,0.425,-1142,34
"1747","PAG1",0.324403080497144,"ENSG00000076641","chr8","MA0065.1","Promoter (<=1kb)",55824,"ENST00000523463.1","ENSG00000076641","PAG1",3.05e-06,0.572,-250,36
"1748","RALYL",0.970776979526462,"ENSG00000184672","chr8","MA0065.1","Promoter (<=1kb)",138046,"ENST00000522647.1","ENSG00000184672","RALYL",1.8e-05,0.624,291,25
"1749","WWP1",0.720057790910482,"ENSG00000123124","chr8","MA0065.1","Promoter (1-2kb)",11059,"ENST00000520521.1","ENSG00000123124","WWP1",1.74e-06,0.563,-1889,22
"1750","RMDN1",0.313058486964136,"ENSG00000176623","chr8","MA0065.1","Promoter (<=1kb)",51115,"ENST00000517821.1","ENSG00000176623","RMDN1",3.78e-05,0.662,-692,10
"1751","CPNE3",0.401647592795854,"ENSG00000085719","chr8","MA0065.1","Promoter (<=1kb)",8895,"ENST00000517391.5","ENSG00000085719","CPNE3",8.85e-06,0.592,-433,38
"1752","DECR1",0.886052437378962,"ENSG00000104325","chr8","MA0065.1","Promoter (<=1kb)",1666,"ENST00000520227.1","ENSG00000104325","DECR1",3.57e-06,0.572,718,33
"1753","RUNX1T1",0.812872537568679,"ENSG00000079102","chr8","MA0065.1","Promoter (1-2kb)",862,"ENST00000519847.6","ENSG00000079102","RUNX1T1",6.55e-07,0.563,-1756,39
"1754","TRIQK",0.489016409775286,"ENSG00000205133","chr8","MA0065.1","Promoter (<=1kb)",286144,"ENST00000537541.1","ENSG00000205133","TRIQK",7.05e-05,0.682,-71,5
"1755","TMEM67",0.527397067611737,"ENSG00000164953","chr8","MA0065.1","Promoter (<=1kb)",91147,"ENST00000518896.2","ENSG00000164953","TMEM67",1.63e-06,0.563,846,5
"1756","PDP1",0.228898121640411,"ENSG00000164951","chr8","MA0065.1","Promoter (1-2kb)",54704,"ENST00000523021.1","ENSG00000164951","PDP1",4.45e-05,0.667,-1301,32
"1757","DPY19L4",0.311007502976609,"ENSG00000156162","chr8","MA0065.1","Promoter (<=1kb)",286148,"ENST00000521525.1","ENSG00000156162","DPY19L4",7.48e-05,0.682,-789,39
"1758","NDUFAF6",0.38070639367909,"ENSG00000156170","chr8","MA0065.1","Promoter (<=1kb)",137682,"ENST00000521587.1","ENSG00000156170","NDUFAF6",1.14e-05,0.621,-881,32
"1759","UQCRB",0.70429923371914,"ENSG00000156467","chr8","MA0066.1","Promoter (<=1kb)",7381,"ENST00000521948.1","ENSG00000156467","UQCRB",6.94e-05,0.69,-523,27
"1760","PTDSS1",0.421371012604115,"ENSG00000156471","chr8","MA0065.1","Promoter (<=1kb)",9791,"ENST00000518776.1","ENSG00000156471","PTDSS1",3.24e-06,0.572,-220,38
"1761","CPQ",0.461263812129472,"ENSG00000104324","chr8","MA0065.1","Promoter (1-2kb)",10404,"ENST00000519484.1","ENSG00000104324","CPQ",2.67e-05,0.647,-1944,31
"1762","MTDH",0.629834434897197,"ENSG00000147649","chr8","MA0065.1","Promoter (<=1kb)",92140,"ENST00000519293.1","ENSG00000147649","MTDH",1.19e-06,0.563,-811,29
"1763","LAPTM4B",0.467649617667954,"ENSG00000104341","chr8","MA0065.1","Promoter (<=1kb)",55353,"ENST00000517924.5","ENSG00000104341","LAPTM4B",2.76e-05,0.649,514,19
"1764","STK3",0.65087500439348,"ENSG00000104375","chr8","MA0065.1","Promoter (<=1kb)",6788,"ENST00000520653.1","ENSG00000104375","STK3",1.03e-05,0.608,-750,38
"1765","VPS13B",0.901798135069436,"ENSG00000132549","chr8","MA0065.1","Promoter (1-2kb)",157680,"ENST00000518569.1","ENSG00000132549","VPS13B",1.69e-05,0.623,-1520,30
"1766","COX6C",0.711321663880036,"ENSG00000164919","chr8","MA0065.1","Promoter (2-3kb)",1345,"ENST00000520468.7","ENSG00000164919","COX6C",5.41e-05,0.67,-2897,11
"1767","RNF19A",0.557935749626249,"ENSG00000034677","chr8","MA0065.1","Promoter (1-2kb)",25897,"ENST00000520071.1","ENSG00000034677","RNF19A",1.26e-05,0.623,-1126,25
"1768","PABPC1",0.245995530517686,"ENSG00000070756","chr8","MA0065.1","Promoter (<=1kb)",26986,"ENST00000678290.1","ENSG00000070756","PABPC1",9.07e-06,0.595,-346,14
"1769","YWHAZ",0.34249001807045,"ENSG00000164924","chr8","MA0065.1","Promoter (1-2kb)",7534,"ENST00000523848.5","ENSG00000164924","YWHAZ",1.09e-05,0.616,-1294,37
"1770","ZNF706",0.269478771794543,"ENSG00000120963","chr8","MA0065.1","Promoter (1-2kb)",51123,"ENST00000520454.1","ENSG00000120963","ZNF706",5.67e-06,0.572,-1788,28
"1771","UBR5",0.830048018332308,"ENSG00000104517","chr8","MA0065.1","Promoter (2-3kb)",51366,"ENST00000519365.1","ENSG00000104517","UBR5",6.97e-06,0.572,-2904,31
"1772","AZIN1",0.257517761595156,"ENSG00000155096","chr8","MA0065.1","Promoter (<=1kb)",51582,"ENST00000520402.5","ENSG00000155096","AZIN1",4.37e-05,0.665,981,41
"1773","ZFPM2",1.63866703202664,"ENSG00000169946","chr8","MA0065.1","Promoter (<=1kb)",23414,"ENST00000522296.1","ENSG00000169946","ZFPM2",1.76e-06,0.563,131,38
"1774","OXR1",0.38139943293368,"ENSG00000164830","chr8","MA0065.1","Promoter (<=1kb)",55074,"ENST00000519415.6","ENSG00000164830","OXR1",8.09e-06,0.584,892,35
"1775","EIF3E",0.279357557351986,"ENSG00000104408","chr8","MA0065.1","Promoter (<=1kb)",3646,"ENST00000519517.5","ENSG00000104408","EIF3E",2.59e-05,0.645,256,25
"1776","TRPS1",0.265247884260848,"ENSG00000104447","chr8","MA0065.1","Promoter (<=1kb)",7227,"ENST00000422939.1","ENSG00000104447","TRPS1",5.67e-06,0.572,-819,20
"1777","EIF3H",0.298024811852184,"ENSG00000147677","chr8","MA0065.1","Promoter (<=1kb)",8667,"ENST00000276682.8","ENSG00000147677","EIF3H",4.45e-05,0.667,346,15
"1778","RAD21",0.2060693129603,"ENSG00000164754","chr8","MA0065.1","Promoter (<=1kb)",5885,"ENST00000297338.7","ENSG00000164754","RAD21",3.12e-05,0.655,106,12
"1779","EXT1",0.662821368339675,"ENSG00000182197","chr8","MA0065.1","Promoter (2-3kb)",2131,"ENST00000684443.1","ENSG00000182197","EXT1",7.78e-06,0.579,-2817,35
"1780","SAMD12",0.699238047749888,"ENSG00000177570","chr8","MA0065.1","Promoter (<=1kb)",401474,"ENST00000453675.7","ENSG00000177570","SAMD12",4.35e-06,0.572,849,32
"1781","TAF2",0.241958023708971,"ENSG00000064313","chr8","MA0065.1","Promoter (<=1kb)",6873,"ENST00000685993.1","ENSG00000064313","TAF2",2.65e-06,0.572,0,6
"1782","ZHX2",0.91035751750433,"ENSG00000178764","chr8","MA0065.1","Promoter (2-3kb)",22882,"ENST00000521482.5","ENSG00000178764","ZHX2",5.08e-05,0.667,-2111,35
"1783","ATAD2",0.340595397704261,"ENSG00000156802","chr8","MA0065.1","Promoter (2-3kb)",29028,"ENST00000287394.10","ENSG00000156802","ATAD2",2.48e-05,0.641,-2158,22
"1784","FBXO32",1.0944433735694,"ENSG00000156804","chr8","MA0065.1","Promoter (<=1kb)",114907,"ENST00000287396.2","ENSG00000156804","FBXO32",3.67e-05,0.662,-365,33
"1785","TMEM65",0.887253138179619,"ENSG00000164983","chr8","MA0065.1","Promoter (<=1kb)",157378,"ENST00000297632.8","ENSG00000164983","TMEM65",1.26e-05,0.623,-734,37
"1786","TATDN1",0.245720003917117,"ENSG00000147687","chr8","MA0065.1","Promoter (<=1kb)",83940,"ENST00000518485.5","ENSG00000147687","TATDN1",5.08e-05,0.667,218,33
"1787","NDUFB9",0.565573593193296,"ENSG00000147684","chr8","MA0066.1","Promoter (<=1kb)",4715,"ENST00000518657.6","ENSG00000147684","NDUFB9",7.32e-06,0.606,-331,19
"1788","MTSS1",0.805866334224327,"ENSG00000170873","chr8","MA0065.1","Promoter (<=1kb)",9788,"ENST00000519226.1","ENSG00000170873","MTSS1",5.09e-06,0.572,-824,22
"1789","NSMCE2",0.840377410056808,"ENSG00000156831","chr8","MA0065.1","Promoter (1-2kb)",286053,"ENST00000521460.1","ENSG00000156831","NSMCE2",4.6e-06,0.572,-1041,37
"1790","ASAP1",1.07987177376932,"ENSG00000153317","chr8","MA0065.1","Promoter (<=1kb)",50807,"ENST00000518721.6","ENSG00000153317","ASAP1",5.3e-06,0.572,-180,35
"1791","EFR3A",0.280812498377882,"ENSG00000132294","chr8","MA0065.1","Promoter (<=1kb)",23167,"ENST00000519920.1","ENSG00000132294","EFR3A",4.53e-06,0.572,-33,28
"1792","TMEM71",0.763376128145991,"ENSG00000165071","chr8","MA0066.1","Promoter (<=1kb)",137835,"ENST00000522594.1","ENSG00000165071","TMEM71",6.26e-05,0.685,-830,24
"1793","PHF20L1",0.350272889174916,"ENSG00000129292","chr8","MA0065.1","Promoter (2-3kb)",51105,"ENST00000622263.4","ENSG00000129292","PHF20L1",2.4e-06,0.568,-2845,29
"1794","ST3GAL1",1.03643775963991,"ENSG00000008513","chr8","MA0065.1","Promoter (<=1kb)",6482,"ENST00000521627.1","ENSG00000008513","ST3GAL1",5.75e-07,0.563,438,40
"1795","TRAPPC9",0.752266809588878,"ENSG00000167632","chr8","MA0065.1","Promoter (<=1kb)",83696,"ENST00000520532.5","ENSG00000167632","TRAPPC9",1.12e-05,0.619,-944,21
"1796","AGO2",0.237757159398941,"ENSG00000123908","chr8","MA0065.1","Promoter (1-2kb)",27161,"ENST00000521325.1","ENSG00000123908","AGO2",7.68e-06,0.579,-1534,40
"1797","PTK2",0.887534792590929,"ENSG00000169398","chr8","MA0065.1","Promoter (<=1kb)",5747,"ENST00000523746.5","ENSG00000169398","PTK2",1.08e-07,0.453,-37,35
"1798","PTP4A3",0.616435129962492,"ENSG00000184489","chr8","MA0065.1","Promoter (<=1kb)",11156,"ENST00000524028.1","ENSG00000184489","PTP4A3",4e-05,0.662,-361,41
"1799","EEF1D",0.415294771615022,"ENSG00000104529","chr8","MA0065.1","Promoter (<=1kb)",1936,"ENST00000533749.5","ENSG00000104529","EEF1D",9.1e-06,0.595,-839,42
"1800","PLEC",0.267336718219495,"ENSG00000178209","chr8","MA0065.1","Promoter (<=1kb)",5339,"ENST00000436759.6","ENSG00000178209","PLEC",1.5e-05,0.623,359,35
"1801","CYC1",0.485420604146446,"ENSG00000179091","chr8","MA0065.1","Promoter (2-3kb)",1537,"ENST00000533444.1","ENSG00000179091","CYC1",4.21e-05,0.665,-2736,38
"1802","MAF1",0.21058730415438,"ENSG00000179632","chr8","MA0065.1","Promoter (<=1kb)",84232,"ENST00000534811.1","ENSG00000179632","MAF1",6.81e-05,0.682,-74,33
"1803","MROH1",0.265912553524986,"ENSG00000179832","chr8","MA0065.1","Promoter (<=1kb)",727957,"ENST00000534508.1","ENSG00000179832","MROH1",2.65e-06,0.572,384,36
"1804","HSF1",0.694400657109998,"ENSG00000185122","chr8","MA0065.1","Promoter (<=1kb)",3297,"ENST00000528988.1","ENSG00000185122","HSF1",7.34e-05,0.682,113,13
"1805","PPP1R16A",0.379235694302161,"ENSG00000160972","chr8","MA0065.1","Promoter (1-2kb)",84988,"ENST00000292539.8","ENSG00000160972","PPP1R16A",4.76e-06,0.572,-1411,33
"1806","KANK1",1.76854865979608,"ENSG00000107104","chr9","MA0065.1","Promoter (<=1kb)",23189,"ENST00000686846.1","ENSG00000107104","KANK1",7.54e-06,0.577,-391,29
"1807","SMARCA2",0.53139601667978,"ENSG00000080503","chr9","MA0065.1","Promoter (1-2kb)",6595,"ENST00000635129.1","ENSG00000080503","SMARCA2",6.2e-06,0.572,-1242,29
"1808","VLDLR",0.285497107130313,"ENSG00000147852","chr9","MA0065.1","Promoter (<=1kb)",7436,"ENST00000681486.1","ENSG00000147852","VLDLR",2.22e-05,0.636,325,13
"1809","PUM3",0.261674203503387,"ENSG00000080608","chr9","MA0065.1","Promoter (<=1kb)",9933,"ENST00000382032.3","ENSG00000080608","PUM3",5.19e-06,0.572,-257,34
"1810","RFX3",0.210171358626968,"ENSG00000080298","chr9","MA0065.1","Promoter (<=1kb)",5991,"ENST00000358730.6","ENSG00000080298","RFX3",4.41e-05,0.666,-107,25
"1811","CDC37L1",0.384564695247067,"ENSG00000106993","chr9","MA0065.1","Promoter (<=1kb)",55664,"ENST00000479095.1","ENSG00000106993","CDC37L1",3.01e-05,0.653,12,8
"1812","AK3",0.353131607227506,"ENSG00000147853","chr9","MA0065.1","Promoter (<=1kb)",50808,"ENST00000359883.6","ENSG00000147853","AK3",1.29e-05,0.623,-277,36
"1813","RCL1",0.207620391287428,"ENSG00000120158","chr9","MA0066.1","Promoter (1-2kb)",10171,"ENST00000381728.5","ENSG00000120158","RCL1",1.37e-05,0.633,-1338,18
"1814","JAK2",0.445479922301552,"ENSG00000096968","chr9","MA0065.1","Promoter (1-2kb)",3717,"ENST00000636127.1","ENSG00000096968","JAK2",5.31e-05,0.669,-1023,32
"1815","RIC1",0.321583403660259,"ENSG00000107036","chr9","MA0065.1","Promoter (<=1kb)",57589,"ENST00000490816.1","ENSG00000107036","RIC1",2.24e-05,0.637,-245,16
"1816","KIAA2026",0.427007572791593,"ENSG00000183354","chr9","MA0065.1","Promoter (<=1kb)",158358,"ENST00000540714.1","ENSG00000183354","BRD10",4.16e-05,0.664,202,39
"1817","UHRF2",0.22680844566244,"ENSG00000147854","chr9","MA0065.1","Promoter (1-2kb)",115426,"ENST00000479000.1","ENSG00000147854","UHRF2",1.13e-05,0.62,-1583,21
"1818","PTPRD",0.375419623900569,"ENSG00000153707","chr9","MA0065.1","Promoter (<=1kb)",5789,"ENST00000651105.1","ENSG00000153707","PTPRD",2.41e-05,0.64,-564,26
"1819","MPDZ",0.5273589231159,"ENSG00000107186","chr9","MA0065.1","Promoter (1-2kb)",8777,"ENST00000438511.5","ENSG00000107186","MPDZ",2.13e-06,0.563,-1375,39
"1820","NFIB",1.44176669310141,"ENSG00000147862","chr9","MA0065.1","Promoter (<=1kb)",4781,"ENST00000636735.1","ENSG00000147862","NFIB",2.84e-05,0.65,73,25
"1821","ZDHHC21",0.261344579650438,"ENSG00000175893","chr9","MA0065.1","Promoter (1-2kb)",340481,"ENST00000850570.1","ENSG00000175893","ZDHHC21",3.33e-05,0.659,-1929,27
"1822","SNAPC3",0.280223563421845,"ENSG00000164975","chr9","MA0065.1","Promoter (1-2kb)",6619,"ENST00000610884.4","ENSG00000164975","SNAPC3",9.59e-05,0.686,-1332,30
"1823","SH3GL2",0.268907958508132,"ENSG00000107295","chr9","MA0065.1","Promoter (<=1kb)",6456,"ENST00000467085.1","ENSG00000107295","SH3GL2",1.42e-05,0.623,793,8
"1824","PLIN2",0.249841802833037,"ENSG00000147872","chr9","MA0065.1","Promoter (<=1kb)",123,"ENST00000475923.1","ENSG00000147872","PLIN2",9.6e-06,0.601,184,30
"1825","DENND4C",0.56218156912038,"ENSG00000137145","chr9","MA0065.1","Promoter (<=1kb)",55667,"ENST00000602442.1","ENSG00000137145","DENND4C",1.95e-05,0.63,0,36
"1826","MLLT3",0.438371517926721,"ENSG00000171843","chr9","MA0065.1","Promoter (<=1kb)",4300,"ENST00000629733.3","ENSG00000171843","MLLT3",1.37e-05,0.623,-523,33
"1827","FOCAD",0.984721497082051,"ENSG00000188352","chr9","MA0065.1","Promoter (<=1kb)",54914,"ENST00000380249.5","ENSG00000188352","FOCAD",1.52e-06,0.563,-202,39
"1828","CAAP1",0.262749041090283,"ENSG00000120159","chr9","MA0065.1","Promoter (<=1kb)",79886,"ENST00000625311.1","ENSG00000120159","CAAP1",1.26e-05,0.623,969,26
"1829","MOB3B",0.212873926120366,"ENSG00000120162","chr9","MA0065.1","Promoter (2-3kb)",79817,"ENST00000262244.6","ENSG00000120162","MOB3B",1.43e-05,0.623,-2421,42
"1830","ACO1",0.218610321381918,"ENSG00000122729","chr9","MA0065.1","Promoter (<=1kb)",48,"ENST00000309951.8","ENSG00000122729","ACO1",5.13e-05,0.667,519,12
"1831","NDUFB6",0.30889161781588,"ENSG00000165264","chr9","MA0855.1","Promoter (<=1kb)",4712,"ENST00000366466.5","ENSG00000165264","NDUFB6",1.85e-05,0.762,-912,29
"1832","APTX",0.284777870872723,"ENSG00000137074","chr9","MA0065.1","Promoter (2-3kb)",54840,"ENST00000673485.1","ENSG00000137074","APTX",3.05e-05,0.654,-2282,29
"1833","B4GALT1",0.517723608488802,"ENSG00000086062","chr9","PPARD_M05796_3.10","Promoter (<=1kb)",2683,"ENST00000718311.1","ENSG00000086062","B4GALT1",3.79e-05,0.936,97,2
"1834","NFX1",0.495896413913022,"ENSG00000086102","chr9","MA0065.1","Promoter (2-3kb)",4799,"ENST00000466971.1","ENSG00000086102","NFX1",6.62e-06,0.572,-2028,33
"1835","AQP7",0.803891243878655,"ENSG00000165269","chr9","MA0065.1","Promoter (<=1kb)",364,"ENST00000379503.7","ENSG00000165269","AQP7",3.17e-05,0.655,-428,38
"1836","UBE2R2",0.610873724117414,"ENSG00000107341","chr9","MA0065.1","Promoter (<=1kb)",54926,"ENST00000263228.4","ENSG00000107341","UBE2R2",5.59e-07,0.563,-791,39
"1837","UBAP2",0.356985833072474,"ENSG00000137073","chr9","MA0065.1","Promoter (<=1kb)",55833,"ENST00000682949.1","ENSG00000137073","UBAP2",9.99e-06,0.606,856,21
"1838","UBAP1",0.40367980831729,"ENSG00000165006","chr9","MA0065.1","Promoter (<=1kb)",51271,"ENST00000626262.2","ENSG00000165006","UBAP1",1.36e-06,0.563,845,33
"1839","VCP",0.490821981600954,"ENSG00000165280","chr9","MA0065.1","Promoter (<=1kb)",7415,"ENST00000681845.1","ENSG00000165280","VCP",2.47e-06,0.57,735,32
"1840","UNC13B",0.491452423513939,"ENSG00000198722","chr9","MA0065.1","Promoter (<=1kb)",10497,"ENST00000485086.1","ENSG00000198722","UNC13B",4.4e-06,0.572,-361,40
"1841","RUSC2",0.256976128670968,"ENSG00000198853","chr9","MA0065.1","Promoter (<=1kb)",9853,"ENST00000361226.8","ENSG00000198853","RUSC2",1.53e-06,0.563,275,37
"1842","CCDC107",0.290457223027901,"ENSG00000159884","chr9","MA1555.1","Promoter (<=1kb)",203260,"ENST00000378409.7","ENSG00000159884","CCDC107",9.28e-05,0.785,-17,8
"1843","TPM2",0.9439036766655,"ENSG00000198467","chr9","MA0065.1","Promoter (<=1kb)",7169,"ENST00000486018.1","ENSG00000198467","TPM2",2.69e-06,0.572,-245,32
"1844","GBA2",0.226991654730329,"ENSG00000070610","chr9","MA0065.1","Promoter (<=1kb)",57704,"ENST00000486797.1","ENSG00000070610","GBA2",7.78e-06,0.579,53,15
"1845","RECK",0.3070541025818,"ENSG00000122707","chr9","MA0065.1","Promoter (2-3kb)",8434,"ENST00000377966.4","ENSG00000122707","RECK",4.44e-05,0.666,-2523,17
"1846","CLTA",0.265545342807187,"ENSG00000122705","chr9","MA0065.1","Promoter (2-3kb)",1211,"ENST00000540080.5","ENSG00000122705","CLTA",7.91e-05,0.682,-2318,34
"1847","RNF38",0.381078023828044,"ENSG00000137075","chr9","MA0065.1","Promoter (1-2kb)",152006,"ENST00000377885.6","ENSG00000137075","RNF38",6.46e-06,0.572,-1998,30
"1848","ZCCHC7",0.776411186830185,"ENSG00000147905","chr9","MA0065.1","Promoter (2-3kb)",84186,"ENST00000497924.5","ENSG00000147905","ZCCHC7",5.26e-05,0.668,-2608,30
"1849","TRMT10B",0.266124364791282,"ENSG00000165275","chr9","MA0065.1","Promoter (1-2kb)",158234,"ENST00000509577.2","ENSG00000165275","TRMT10B",4.36e-05,0.665,-1889,20
"1850","DCAF10",0.495881297237631,"ENSG00000122741","chr9","MA0065.1","Promoter (2-3kb)",79269,"ENST00000242323.8","ENSG00000122741","DCAF10",5.41e-05,0.67,-2082,29
"1851","CNTNAP3",0.240407044658932,"ENSG00000106714","chr9","MA0065.1","Promoter (2-3kb)",79937,"ENST00000469061.1","ENSG00000106714","CNTNAP3",2.14e-05,0.635,-2555,38
"1852","PGM5",0.737934861142547,"ENSG00000154330","chr9","MA0065.1","Promoter (1-2kb)",5239,"ENST00000587852.2","ENSG00000154330","PGM5",1.24e-05,0.623,-1334,32
"1853","PIP5K1B",1.18165747668078,"ENSG00000107242","chr9","MA0065.1","Promoter (<=1kb)",8395,"ENST00000478500.3","ENSG00000107242","PIP5K1B",5.62e-07,0.563,390,25
"1854","FXN",0.257285946196438,"ENSG00000165060","chr9","MA0855.1","Promoter (<=1kb)",2395,"ENST00000642330.1","ENSG00000165060","FXN",1.99e-05,0.767,-162,29
"1855","TJP2",0.431922841729678,"ENSG00000119139","chr9","MA0065.1","Promoter (<=1kb)",9414,"ENST00000648402.1","ENSG00000119139","TJP2",5.89e-06,0.572,607,18
"1856","PTAR1",0.258918925355087,"ENSG00000188647","chr9","MA0065.1","Promoter (<=1kb)",375743,"ENST00000377200.9","ENSG00000188647","PTAR1",4.16e-05,0.664,157,16
"1857","MAMDC2",0.555094733515376,"ENSG00000165072","chr9","MA0066.2","Promoter (<=1kb)",256691,"ENST00000377182.5","ENSG00000165072","MAMDC2",8.02e-05,0.739,-806,15
"1858","SMC5",0.427044081893503,"ENSG00000198887","chr9","MA0065.1","Promoter (1-2kb)",23137,"ENST00000475540.1","ENSG00000198887","SMC5",1.05e-05,0.611,-1345,29
"1859","KLF9",0.209554011809858,"ENSG00000119138","chr9","MA0855.1","Promoter (<=1kb)",687,"ENST00000377126.4","ENSG00000119138","KLF9",2.9e-05,0.777,-845,26
"1860","C9orf85",0.247133363000375,"ENSG00000155621","chr9","MA0065.1","Promoter (<=1kb)",138241,"ENST00000377031.7","ENSG00000155621","C9orf85",2.06e-05,0.634,31,26
"1861","ZFAND5",0.259145890541937,"ENSG00000107372","chr9","MA0065.1","Promoter (2-3kb)",7763,"ENST00000376960.8","ENSG00000107372","ZFAND5",7.6e-06,0.578,-2385,42
"1862","VPS13A",0.607952868408407,"ENSG00000197969","chr9","MA0065.1","Promoter (<=1kb)",23230,"ENST00000376636.7","ENSG00000197969","VPS13A",1.63e-07,0.487,-620,32
"1863","GNAQ",0.287142465534662,"ENSG00000156052","chr9","MA0065.1","Promoter (<=1kb)",2776,"ENST00000286548.9","ENSG00000156052","GNAQ",9.28e-05,0.685,-778,35
"1864","FRMD3",0.316814102100875,"ENSG00000172159","chr9","MA0065.1","Promoter (<=1kb)",257019,"ENST00000376434.5","ENSG00000172159","FRMD3",7.38e-07,0.563,-328,41
"1865","UBQLN1",0.265202531318221,"ENSG00000135018","chr9","MA0065.1","Promoter (2-3kb)",29979,"ENST00000526134.1","ENSG00000135018","UBQLN1",3.8e-05,0.662,-2727,13
"1866","HNRNPK",0.263890956503523,"ENSG00000165119","chr9","MA0065.1","Promoter (2-3kb)",3190,"ENST00000481820.6","ENSG00000165119","HNRNPK",5.13e-07,0.563,-2030,30
"1867","AGTPBP1",0.572765482647266,"ENSG00000135049","chr9","MA0065.1","Promoter (<=1kb)",23287,"ENST00000653610.1","ENSG00000135049","AGTPBP1",9.93e-07,0.563,-187,29
"1868","NAA35",0.247339572284565,"ENSG00000135040","chr9","MA0065.1","Promoter (<=1kb)",60560,"ENST00000376040.2","ENSG00000135040","NAA35",5.84e-05,0.672,333,36
"1869","SPIN1",0.431573561526821,"ENSG00000106723","chr9","MA0065.1","Promoter (<=1kb)",10927,"ENST00000485804.5","ENSG00000106723","SPIN1",1.1e-05,0.616,-420,30
"1870","SECISBP2",0.258296670065138,"ENSG00000187742","chr9","MA0065.1","Promoter (<=1kb)",79048,"ENST00000425851.1","ENSG00000187742","SECISBP2",4.33e-05,0.665,-513,32
"1871","GADD45G",0.952744873309864,"ENSG00000130222","chr9","MA0065.1","Promoter (<=1kb)",10912,"ENST00000494726.1","ENSG00000130222","GADD45G",6.47e-05,0.679,477,14
"1872","AUH",0.525107516206874,"ENSG00000148090","chr9","MA0065.1","Promoter (1-2kb)",549,"ENST00000475023.1","ENSG00000148090","AUH",2.95e-05,0.653,-1524,18
"1873","CENPP",0.229623468327666,"ENSG00000188312","chr9","MA0065.1","Promoter (<=1kb)",401541,"ENST00000375579.7","ENSG00000188312","CENPP",1.89e-05,0.628,-943,37
"1874","WNK2",0.901728844131176,"ENSG00000165238","chr9","MA0065.1","Promoter (<=1kb)",65268,"ENST00000464625.1","ENSG00000165238","WNK2",3.33e-06,0.572,528,40
"1875","FAM120A",0.439279951785226,"ENSG00000048828","chr9","MA0065.1","Promoter (1-2kb)",23196,"ENST00000475933.1","ENSG00000048828","FAM120A",1.9e-06,0.563,-1630,37
"1876","PTPDC1",0.306990938797924,"ENSG00000158079","chr9","MA0065.1","Promoter (<=1kb)",138639,"ENST00000467049.1","ENSG00000158079","PTPDC1",4.1e-05,0.663,-701,34
"1877","FANCC",0.234064966093446,"ENSG00000158169","chr9","MA0065.1","Promoter (2-3kb)",2176,"ENST00000696260.1","ENSG00000158169","FANCC",1.35e-05,0.623,-2492,38
"1878","ERCC6L2",0.24432919870264,"ENSG00000182150","chr9","MA0065.1","Promoter (1-2kb)",375748,"ENST00000682951.1","ENSG00000182150","ERCC6L2",2.56e-05,0.644,-1186,23
"1879","SLC35D2",0.253257924631631,"ENSG00000130958","chr9","MA0065.1","Promoter (1-2kb)",11046,"ENST00000650065.1","ENSG00000130958","SLC35D2",1.12e-05,0.619,-1689,34
"1880","CDC14B",0.472299852738776,"ENSG00000081377","chr9","MA0065.1","Promoter (<=1kb)",8555,"ENST00000452280.5","ENSG00000081377","CDC14B",3.18e-06,0.572,339,37
"1881","TMOD1",0.679130389732257,"ENSG00000136842","chr9","MA0065.1","Promoter (<=1kb)",7111,"ENST00000395211.6","ENSG00000136842","TMOD1",4.33e-05,0.665,82,34
"1882","SEC61B",0.279445348696428,"ENSG00000106803","chr9","MA1148.1","Promoter (<=1kb)",10952,"ENST00000498603.5","ENSG00000106803","SEC61B",2.4e-05,0.553,73,7
"1883","ERP44",0.230777012665307,"ENSG00000023318","chr9","MA0066.1","Promoter (1-2kb)",23071,"ENST00000690306.1","ENSG00000023318","ERP44",1.78e-06,0.578,-1803,17
"1884","INVS",0.53986471053,"ENSG00000119509","chr9","MA0066.1","Promoter (<=1kb)",27130,"ENST00000460636.2","ENSG00000119509","INVS",9.95e-05,0.704,-486,17
"1885","ZNF189",0.273599740969969,"ENSG00000136870","chr9","MA0855.1","Promoter (<=1kb)",7743,"ENST00000615466.1","ENSG00000136870","ZNF189",6.61e-05,0.777,91,8
"1886","ABCA1",0.245654188060919,"ENSG00000165029","chr9","MA0065.1","Promoter (2-3kb)",19,"ENST00000678995.1","ENSG00000165029","ABCA1",1.96e-05,0.63,-2039,32
"1887","SLC44A1",0.439925812632186,"ENSG00000070214","chr9","MA0065.1","Promoter (2-3kb)",23446,"ENST00000607701.1","ENSG00000070214","SLC44A1",4.53e-05,0.667,-2294,34
"1888","TMEM38B",0.398808198964152,"ENSG00000095209","chr9","MA0065.1","Promoter (<=1kb)",55151,"ENST00000435034.5","ENSG00000095209","TMEM38B",2.35e-05,0.637,-563,28
"1889","ZNF462",0.415288043157142,"ENSG00000148143","chr9","MA0065.1","Promoter (<=1kb)",58499,"ENST00000479166.1","ENSG00000148143","ZNF462",4.43e-06,0.572,972,29
"1890","RAD23B",0.404799101030953,"ENSG00000119318","chr9","MA0065.1","Promoter (<=1kb)",5887,"ENST00000442587.1","ENSG00000119318","RAD23B",2.67e-06,0.572,576,25
"1891","CTNNAL1",0.333327176056705,"ENSG00000119326","chr9","MA0065.1","Promoter (1-2kb)",8727,"ENST00000374595.8","ENSG00000119326","CTNNAL1",1.48e-06,0.563,-1435,40
"1892","TMEM245",0.726582113426638,"ENSG00000106771","chr9","MA0065.1","Promoter (1-2kb)",23731,"ENST00000472207.5","ENSG00000106771","TMEM245",4.3e-05,0.665,-1194,35
"1893","EPB41L4B",0.34619712082829,"ENSG00000095203","chr9","MA0065.1","Promoter (<=1kb)",54566,"ENST00000374557.4","ENSG00000095203","EPB41L4B",1.19e-05,0.623,534,20
"1894","PTPN3",0.514805898259193,"ENSG00000070159","chr9","MA0065.1","Promoter (1-2kb)",5774,"ENST00000724841.1","ENSG00000070159","PTPN3",1.77e-05,0.623,-1831,27
"1895","PTGR1",0.240738260152804,"ENSG00000106853","chr9","MA0065.1","Promoter (<=1kb)",22949,"ENST00000485319.1","ENSG00000106853","PTGR1",1.97e-05,0.631,290,27
"1896","HSDL2",0.779539597999175,"ENSG00000119471","chr9","MA0065.1","Promoter (1-2kb)",84263,"ENST00000398803.1","ENSG00000119471","HSDL2",3.13e-06,0.572,-1898,40
"1897","KIAA1958",0.376146013520499,"ENSG00000165185","chr9","PPARA_M10653_3.10","Promoter (<=1kb)",158405,"ENST00000536272.5","ENSG00000165185","KIAA1958",6.57e-05,0.333,-48,7
"1898","HDHD3",0.386522374237597,"ENSG00000119431","chr9","MA0065.1","Promoter (<=1kb)",81932,"ENST00000238379.9","ENSG00000119431","HDHD3",7.7e-06,0.579,356,32
"1899","RGS3",0.562025375204475,"ENSG00000138835","chr9","MA0065.1","Promoter (2-3kb)",5998,"ENST00000350696.9","ENSG00000138835","RGS3",1.63e-07,0.487,-2256,39
"1900","ATP6V1G1",0.219273463941131,"ENSG00000136888","chr9","MA0066.1","Promoter (<=1kb)",9550,"ENST00000677543.1","ENSG00000136888","ATP6V1G1",7.14e-05,0.691,-181,23
"1901","ASTN2",0.262403458808877,"ENSG00000148219","chr9","MA0065.1","Promoter (1-2kb)",23245,"ENST00000373986.7","ENSG00000148219","ASTN2",1.8e-05,0.624,-1595,33
"1902","CDK5RAP2",0.277994154422466,"ENSG00000136861","chr9","MA0065.1","Promoter (<=1kb)",55755,"ENST00000688512.1","ENSG00000136861","CDK5RAP2",4.43e-06,0.572,589,36
"1903","GSN",0.544680857346307,"ENSG00000148180","chr9","MA0065.1","Promoter (1-2kb)",2934,"ENST00000699558.1","ENSG00000148180","GSN",3.49e-06,0.572,-1523,31
"1904","DAB2IP",0.352791055922396,"ENSG00000136848","chr9","MA0065.1","Promoter (<=1kb)",153090,"ENST00000465078.1","ENSG00000136848","DAB2IP",5.65e-06,0.572,244,37
"1905","TTLL11",0.207428057191775,"ENSG00000175764","chr9","MA0065.1","Promoter (1-2kb)",158135,"ENST00000687938.1","ENSG00000175764","TTLL11",2.41e-05,0.64,-1079,33
"1906","NDUFA8",0.323679796554134,"ENSG00000119421","chr9","MA0066.1","Promoter (<=1kb)",4702,"ENST00000373768.4","ENSG00000119421","NDUFA8",4.02e-05,0.659,525,18
"1907","MRRF",0.445081443622408,"ENSG00000148187","chr9","MA0065.1","Promoter (<=1kb)",92399,"ENST00000297908.7","ENSG00000148187","MRRF",3.77e-06,0.572,-290,42
"1908","RC3H2",0.223052874848374,"ENSG00000056586","chr9","MA0065.1","Promoter (<=1kb)",54542,"ENST00000454740.5","ENSG00000056586","RC3H2",3.31e-05,0.659,399,22
"1909","RABGAP1",0.456020290622983,"ENSG00000011454","chr9","MA0065.1","Promoter (<=1kb)",23637,"ENST00000474707.1","ENSG00000011454","RABGAP1",3.88e-05,0.662,-898,31
"1910","STRBP",0.778308480674602,"ENSG00000165209","chr9","MA0065.1","Promoter (<=1kb)",55342,"ENST00000492885.1","ENSG00000165209","STRBP",2.53e-05,0.643,-812,32
"1911","DENND1A",0.527073246536596,"ENSG00000119522","chr9","MA0065.1","Promoter (<=1kb)",57706,"ENST00000699491.1","ENSG00000119522","DENND1A",1.05e-05,0.611,655,36
"1912","PSMB7",0.2412935580703,"ENSG00000136930","chr9","MA0065.1","Promoter (<=1kb)",5695,"ENST00000498485.5","ENSG00000136930","PSMB7",7.07e-07,0.563,766,36
"1913","NR6A1",0.673381087303459,"ENSG00000148200","chr9","MA0065.1","Promoter (<=1kb)",2649,"ENST00000344523.8","ENSG00000148200","NR6A1",1.01e-06,0.563,391,27
"1914","SCAI",0.227281185927025,"ENSG00000173611","chr9","MA0065.1","Promoter (1-2kb)",286205,"ENST00000494102.2","ENSG00000173611","SCAI",7.94e-05,0.682,-1412,20
"1915","PPP6C",0.240190150737515,"ENSG00000119414","chr9","MA0065.1","Promoter (<=1kb)",5537,"ENST00000415905.5","ENSG00000119414","PPP6C",3.08e-05,0.654,-126,14
"1916","HSPA5",0.242576348541334,"ENSG00000044574","chr9","MA0855.1","Promoter (<=1kb)",3309,"ENST00000680640.1","ENSG00000044574","HSPA5",4.02e-05,0.777,563,32
"1917","GAPVD1",0.323597026557356,"ENSG00000165219","chr9","MA0065.1","Promoter (<=1kb)",26130,"ENST00000479511.1","ENSG00000165219","GAPVD1",3.37e-06,0.572,525,33
"1918","MAPKAP1",0.484124787837583,"ENSG00000119487","chr9","MA0065.1","Promoter (<=1kb)",79109,"ENST00000394063.5","ENSG00000119487","MAPKAP1",9.07e-06,0.595,-315,33
"1919","PBX3",0.771561356454487,"ENSG00000167081","chr9","MA0065.1","Promoter (2-3kb)",5090,"ENST00000538998.1","ENSG00000167081","PBX3",1.12e-05,0.619,-2966,18
"1920","ZBTB43",0.549917268011245,"ENSG00000169155","chr9","MA0065.1","Promoter (<=1kb)",23099,"ENST00000449886.5","ENSG00000169155","ZBTB43",3.72e-06,0.572,-878,32
"1921","RALGPS1",0.361136709636941,"ENSG00000136828","chr9","MA0065.1","Promoter (<=1kb)",9649,"ENST00000480993.1","ENSG00000136828","RALGPS1",1.81e-05,0.625,943,28
"1922","GARNL3",0.60822748059843,"ENSG00000136895","chr9","MA0065.1","Promoter (<=1kb)",84253,"ENST00000496711.5","ENSG00000136895","GARNL3",1.26e-05,0.623,845,33
"1923","LRSAM1",0.481656215380612,"ENSG00000148356","chr9","MA0065.1","Promoter (<=1kb)",90678,"ENST00000675558.1","ENSG00000148356","LRSAM1",6.69e-06,0.572,-480,30
"1924","AK1",0.427687431283337,"ENSG00000106992","chr9","MA0065.1","Promoter (<=1kb)",203,"ENST00000373156.5","ENSG00000106992","AK1",1.58e-05,0.623,-438,32
"1925","URM1",0.225882611922655,"ENSG00000167118","chr9","MA0065.1","Promoter (2-3kb)",81605,"ENST00000372850.5","ENSG00000167118","URM1",6.92e-05,0.682,-2100,17
"1926","SPTAN1",0.43925596347302,"ENSG00000197694","chr9","MA0065.1","Promoter (<=1kb)",6709,"ENST00000491712.2","ENSG00000197694","SPTAN1",2.95e-07,0.551,-745,42
"1927","SET",0.235749974763247,"ENSG00000119335","chr9","MA0065.1","Promoter (<=1kb)",6418,"ENST00000686840.1","ENSG00000119335","SET",2.06e-05,0.634,51,18
"1928","ZER1",0.379070463335095,"ENSG00000160445","chr9","MA0065.1","Promoter (<=1kb)",10444,"ENST00000427848.1","ENSG00000160445","ZER1",5.01e-05,0.667,-136,37
"1929","FNBP1",0.285776903828439,"ENSG00000187239","chr9","MA0065.1","Promoter (2-3kb)",23048,"ENST00000491905.1","ENSG00000187239","FNBP1",7.09e-06,0.572,-2546,36
"1930","GPR107",0.207771638686558,"ENSG00000148358","chr9","MA0065.1","Promoter (<=1kb)",57720,"ENST00000347136.11","ENSG00000148358","GPR107",6.62e-06,0.572,-34,25
"1931","FUBP3",0.293074668302076,"ENSG00000107164","chr9","MA0065.1","Promoter (<=1kb)",8939,"ENST00000465949.1","ENSG00000107164","FUBP3",3.37e-05,0.66,893,23
"1932","ABL1",0.588346944562665,"ENSG00000097007","chr9","MA0065.1","Promoter (1-2kb)",25,"ENST00000318560.6","ENSG00000097007","ABL1",1.58e-05,0.623,-1257,35
"1933","PLPP7",0.486671449252382,"ENSG00000160539","chr9","MA0065.1","Promoter (2-3kb)",84814,"ENST00000838710.1","ENSG00000160539","PLPP7",8.49e-05,0.682,-2983,38
"1934","PRRC2B",0.419356917990683,"ENSG00000288701","chr9","MA0065.1","Promoter (2-3kb)",84726,"ENST00000684596.1","ENSG00000288701","PRRC2B",9.04e-06,0.594,-2966,36
"1935","RAPGEF1",0.360867587606847,"ENSG00000107263","chr9","MA0065.1","Promoter (2-3kb)",2889,"ENST00000683357.1","ENSG00000107263","RAPGEF1",3.88e-07,0.563,-2628,36
"1936","MED27",0.375915140489419,"ENSG00000160563","chr9","MA0065.1","Promoter (1-2kb)",9442,"ENST00000292035.10","ENSG00000160563","MED27",2.86e-05,0.65,-1586,32
"1937","SETX",0.363751041809932,"ENSG00000107290","chr9","MA0065.1","Promoter (<=1kb)",23064,"ENST00000224140.6","ENSG00000107290","SETX",2.44e-06,0.569,-262,31
"1938","UBAC1",0.327934509864994,"ENSG00000130560","chr9","MA0065.1","Promoter (<=1kb)",10422,"ENST00000489050.5","ENSG00000130560","UBAC1",3.48e-05,0.662,515,22
"1939","EDF1",0.295946893778953,"ENSG00000107223","chr9","MA0066.1","Promoter (<=1kb)",8721,"ENST00000371648.4","ENSG00000107223","EDF1",5.04e-05,0.675,553,38
"1940","FBXW5",0.248391483030918,"ENSG00000159069","chr9","MA0065.1","Promoter (<=1kb)",54461,"ENST00000487794.5","ENSG00000159069","FBXW5",4.84e-05,0.667,-578,42
"1941","PTGDS",0.696706732184333,"ENSG00000107317","chr9","MA0065.1","Promoter (<=1kb)",5730,"ENST00000446677.2","ENSG00000107317","PTGDS",2.32e-05,0.637,127,37
"1942","DPP7",0.253891774176709,"ENSG00000176978","chr9","MA0065.1","Promoter (<=1kb)",29952,"ENST00000470766.5","ENSG00000176978","DPP7",2.11e-05,0.634,494,31
"1943","TUBB4B",0.297692328375688,"ENSG00000188229","chr9","MA0065.1","Promoter (<=1kb)",10383,"ENST00000604929.1","ENSG00000188229","TUBB4B",3.13e-06,0.572,757,32
"1944","EHMT1",0.436492700333311,"ENSG00000181090","chr9","MA0065.1","Promoter (<=1kb)",79813,"ENST00000637287.1","ENSG00000181090","EHMT1",7.63e-07,0.563,68,26
"1945","CD151",0.350799319063233,"ENSG00000177697","chr11","MA0065.1","Promoter (<=1kb)",977,"ENST00000528011.2","ENSG00000177697","CD151",1.34e-05,0.623,-43,29
"1946","POLR2L",0.480425246398909,"ENSG00000177700","chr11","MA0065.1","Promoter (<=1kb)",5441,"ENST00000534030.1","ENSG00000177700","POLR2L",9.45e-05,0.686,404,14
"1947","TSPAN32",0.235262903290629,"ENSG00000064201","chr11","MA0065.1","Promoter (<=1kb)",10077,"ENST00000493948.5","ENSG00000064201","TSPAN32",6.03e-05,0.674,105,21
"1948","CD81",0.249911831299827,"ENSG00000110651","chr11","MA0065.1","Promoter (<=1kb)",975,"ENST00000481386.1","ENSG00000110651","CD81",1.65e-06,0.563,-473,40
"1949","KCNQ1",0.638194455393084,"ENSG00000053918","chr11","MA0065.1","Promoter (<=1kb)",3784,"ENST00000380776.5","ENSG00000053918","KCNQ1",3.89e-06,0.572,938,32
"1950","NAP1L4",0.297108819863416,"ENSG00000205531","chr11","MA0065.1","Promoter (1-2kb)",4676,"ENST00000492594.6","ENSG00000205531","NAP1L4",1.87e-05,0.628,-1547,32
"1951","NUP98",0.344952401991275,"ENSG00000110713","chr11","MA0065.1","Promoter (<=1kb)",4928,"ENST00000700600.1","ENSG00000110713","NUP98",6.15e-06,0.572,-634,33
"1952","STIM1",0.279519486948678,"ENSG00000167323","chr11","MA0065.1","Promoter (<=1kb)",6786,"ENST00000533445.1","ENSG00000167323","STIM1",2.48e-05,0.642,707,27
"1953","DNHD1",0.285062995152391,"ENSG00000179532","chr11","MA0065.1","Promoter (<=1kb)",144132,"ENST00000529821.5","ENSG00000179532","DNHD1",1.79e-06,0.563,-815,25
"1954","ILK",0.360111426791951,"ENSG00000166333","chr11","MA0065.1","Promoter (<=1kb)",3611,"ENST00000524735.1","ENSG00000166333","ILK",1.38e-05,0.623,-986,30
"1955","RIC3",0.460396965854559,"ENSG00000166405","chr11","MA0065.1","Promoter (<=1kb)",79608,"ENST00000529035.1","ENSG00000166405","RIC3",5.48e-05,0.67,116,8
"1956","STK33",0.737685656073236,"ENSG00000130413","chr11","MA0065.1","Promoter (2-3kb)",65975,"ENST00000720240.1","ENSG00000130413","STK33",4.68e-05,0.667,-2761,41
"1957","DENND5A",0.539896930388544,"ENSG00000184014","chr11","MA0065.1","Promoter (<=1kb)",23258,"ENST00000680599.1","ENSG00000184014","DENND5A",2.39e-07,0.526,134,33
"1958","TMEM41B",0.226381340611137,"ENSG00000166471","chr11","MA0065.1","Promoter (<=1kb)",440026,"ENST00000299596.8","ENSG00000166471","TMEM41B",5.48e-05,0.67,726,5
"1959","IPO7",0.353327984593649,"ENSG00000205339","chr11","MA0065.1","Promoter (2-3kb)",10527,"ENST00000379719.8","ENSG00000205339","IPO7",5.01e-05,0.667,-2088,23
"1960","SBF2",1.36187303355422,"ENSG00000133812","chr11","MA0065.1","Promoter (<=1kb)",81846,"ENST00000847677.1","ENSG00000133812","SBF2",2.53e-06,0.572,-148,14
"1961","EIF4G2",0.316697249622076,"ENSG00000110321","chr11","MA0066.2","Promoter (<=1kb)",1982,"ENST00000532349.1","ENSG00000110321","EIF4G2",7.06e-05,0.739,515,2
"1962","GALNT18",0.267517577343613,"ENSG00000110328","chr11","MA0066.1","Promoter (2-3kb)",374378,"ENST00000227756.5","ENSG00000110328","GALNT18",8.94e-06,0.612,-2526,41
"1963","USP47",0.686534192478882,"ENSG00000170242","chr11","MA0065.1","Promoter (<=1kb)",55031,"ENST00000525078.1","ENSG00000170242","USP47",1.96e-05,0.63,-52,31
"1964","DKK3",0.506892055644579,"ENSG00000050165","chr11","MA0065.1","Promoter (2-3kb)",27122,"ENST00000532372.5","ENSG00000050165","DKK3",2.21e-05,0.636,-2359,35
"1965","MICAL2",0.279035835690392,"ENSG00000133816","chr11","MA0065.1","Promoter (1-2kb)",9645,"ENST00000533534.2","ENSG00000133816","MICAL2",9.9e-07,0.563,-1698,37
"1966","PARVA",0.684985001165704,"ENSG00000197702","chr11","MA0065.1","Promoter (<=1kb)",55742,"ENST00000533392.1","ENSG00000197702","PARVA",9.99e-06,0.606,334,33
"1967","TEAD1",0.926917463138548,"ENSG00000187079","chr11","MA0065.1","Promoter (<=1kb)",7003,"ENST00000526600.1","ENSG00000187079","TEAD1",7.34e-06,0.574,505,39
"1968","FAR1",0.32202616535203,"ENSG00000197601","chr11","MA0065.1","Promoter (<=1kb)",84188,"ENST00000714146.1","ENSG00000197601","FAR1",3.52e-05,0.662,-142,20
"1969","RRAS2",0.489108887446687,"ENSG00000133818","chr11","MA0065.1","Promoter (<=1kb)",22800,"ENST00000526063.5","ENSG00000133818","RRAS2",3.95e-05,0.662,869,28
"1970","PDE3B",0.40365739665506,"ENSG00000152270","chr11","MA0065.1","Promoter (<=1kb)",5140,"ENST00000534317.1","ENSG00000152270","PDE3B",4.94e-05,0.667,88,21
"1971","SOX6",1.4591440335396,"ENSG00000110693","chr11","MA0065.1","Promoter (<=1kb)",55553,"ENST00000527619.6","ENSG00000110693","SOX6",4.67e-06,0.572,25,29
"1972","C11orf58",0.512038132046157,"ENSG00000110696","chr11","MA0065.1","Promoter (<=1kb)",10944,"ENST00000525106.1","ENSG00000110696","C11orf58",2.3e-05,0.637,708,24
"1973","PLEKHA7",0.453095622167205,"ENSG00000166689","chr11","MA0065.1","Promoter (<=1kb)",144100,"ENST00000529213.1","ENSG00000166689","PLEKHA7",7.5e-07,0.563,215,29
"1974","PIK3C2A",0.376137613798164,"ENSG00000011405","chr11","MA0065.1","Promoter (<=1kb)",5286,"ENST00000265970.11","ENSG00000011405","PIK3C2A",6.62e-05,0.681,588,23
"1975","LDHA",0.212294143901504,"ENSG00000134333","chr11","MA0065.1","Promoter (<=1kb)",3939,"ENST00000537296.5","ENSG00000134333","LDHA",3.56e-05,0.662,-408,31
"1976","CSRP3",0.759712586414286,"ENSG00000129170","chr11","MA0065.1","Promoter (1-2kb)",8048,"ENST00000533783.2","ENSG00000129170","CSRP3",5.26e-05,0.668,-1114,19
"1977","NAV2",0.801807462679926,"ENSG00000166833","chr11","MA0065.1","Promoter (2-3kb)",89797,"ENST00000528008.1","ENSG00000166833","NAV2",2.79e-06,0.572,-2906,36
"1978","ANO5",0.74551718139163,"ENSG00000171714","chr11","MA0065.1","Promoter (<=1kb)",203859,"ENST00000683834.1","ENSG00000171714","ANO5",1.14e-06,0.563,541,28
"1979","GAS2",0.680499282245846,"ENSG00000148935","chr11","MA0065.1","Promoter (<=1kb)",2620,"ENST00000524701.5","ENSG00000148935","GAS2",5.98e-06,0.572,458,15
"1980","LGR4",0.430742902757471,"ENSG00000205213","chr11","MA0065.1","Promoter (<=1kb)",55366,"ENST00000530658.1","ENSG00000205213","LGR4",6.53e-05,0.68,93,32
"1981","METTL15",0.510293166007813,"ENSG00000169519","chr11","MA0065.1","Promoter (<=1kb)",196074,"ENST00000407364.8","ENSG00000169519","METTL15",4.17e-05,0.664,110,22
"1982","MPPED2",0.334252882320817,"ENSG00000066382","chr11","MA0065.1","Promoter (<=1kb)",744,"ENST00000358117.10","ENSG00000066382","MPPED2",1.46e-05,0.623,-14,8
"1983","IMMP1L",0.300198392098494,"ENSG00000148950","chr11","MA0065.1","Promoter (2-3kb)",196294,"ENST00000531331.1","ENSG00000148950","IMMP1L",5.34e-06,0.572,-2267,33
"1984","ELP4",0.443304273360439,"ENSG00000109911","chr11","MA0065.1","Promoter (<=1kb)",26610,"ENST00000638317.1","ENSG00000109911","ELP4",2.21e-06,0.563,-687,31
"1985","EIF3M",0.246011828103136,"ENSG00000149100","chr11","MA0065.1","Promoter (<=1kb)",10480,"ENST00000526267.1","ENSG00000149100","EIF3M",4.89e-05,0.667,257,32
"1986","CSTF3",0.245046160286983,"ENSG00000176102","chr11","MA0065.1","Promoter (2-3kb)",1479,"ENST00000524775.1","ENSG00000176102","CSTF3",7.48e-05,0.682,-2371,36
"1987","HIPK3",0.930007313551339,"ENSG00000110422","chr11","MA0065.1","Promoter (1-2kb)",10114,"ENST00000534262.1","ENSG00000110422","HIPK3",7.05e-05,0.682,-1829,28
"1988","CD59",0.581580583757703,"ENSG00000085063","chr11","MA0065.1","Promoter (<=1kb)",966,"ENST00000651485.1","ENSG00000085063","CD59",2.15e-05,0.635,606,29
"1989","FBXO3",0.269147276791668,"ENSG00000110429","chr11","MA0065.1","Promoter (2-3kb)",26273,"ENST00000531080.5","ENSG00000110429","FBXO3",7.84e-05,0.682,-2038,21
"1990","CAPRIN1",0.244607449184701,"ENSG00000135387","chr11","MA0065.1","Promoter (<=1kb)",4076,"ENST00000533562.1","ENSG00000135387","CAPRIN1",1.01e-05,0.607,833,27
"1991","ABTB2",0.477141988561031,"ENSG00000166016","chr11","MA0065.1","Promoter (1-2kb)",25841,"ENST00000530814.1","ENSG00000166016","ABTB2",1.82e-05,0.625,-1027,36
"1992","CAT",0.355186470631574,"ENSG00000121691","chr11","MA0065.1","Promoter (<=1kb)",847,"ENST00000525707.2","ENSG00000121691","CAT",9.33e-06,0.598,283,36
"1993","PDHX",0.424150333313146,"ENSG00000110435","chr11","MA0065.1","Promoter (1-2kb)",8050,"ENST00000533550.5","ENSG00000110435","PDHX",3.39e-05,0.661,-1418,35
"1994","TRIM44",0.341218573702068,"ENSG00000166326","chr11","MA0065.1","Promoter (2-3kb)",54765,"ENST00000532066.1","ENSG00000166326","TRIM44",8.55e-06,0.588,-2229,35
"1995","TTC17",0.810586151160546,"ENSG00000052841","chr11","MA0065.1","Promoter (<=1kb)",55761,"ENST00000533072.1","ENSG00000052841","TTC17",3.76e-07,0.562,-418,37
"1996","HSD17B12",0.608740833093935,"ENSG00000149084","chr11","MA0065.1","Promoter (<=1kb)",51144,"ENST00000525736.1","ENSG00000149084","HSD17B12",6.62e-06,0.572,456,29
"1997","TSPAN18",0.346687340449078,"ENSG00000157570","chr11","MA0065.1","Promoter (<=1kb)",90139,"ENST00000520837.5","ENSG00000157570","TSPAN18",4.81e-05,0.667,-64,32
"1998","CRY2",0.249261664156604,"ENSG00000121671","chr11","MA0065.1","Promoter (1-2kb)",1408,"ENST00000496667.1","ENSG00000121671","CRY2",1.94e-06,0.563,-1337,36
"1999","PHF21A",0.727449113722529,"ENSG00000135365","chr11","MA0065.1","Promoter (<=1kb)",51317,"ENST00000527753.5","ENSG00000135365","PHF21A",2.72e-06,0.572,-408,35
"2000","DGKZ",0.227729971062585,"ENSG00000149091","chr11","MA0065.1","Promoter (2-3kb)",8525,"ENST00000525242.5","ENSG00000149091","DGKZ",7.76e-06,0.579,-2729,42
"2001","AMBRA1",0.449394379011589,"ENSG00000110497","chr11","MA0065.1","Promoter (1-2kb)",55626,"ENST00000529558.1","ENSG00000110497","AMBRA1",1.44e-05,0.623,-1268,33
"2002","CKAP5",0.269527774125356,"ENSG00000175216","chr11","MA0065.1","Promoter (<=1kb)",9793,"ENST00000525896.1","ENSG00000175216","CKAP5",5.85e-06,0.572,371,29
"2003","LRP4",0.769860446905114,"ENSG00000134569","chr11","MA0065.1","Promoter (2-3kb)",4038,"ENST00000529604.1","ENSG00000134569","LRP4",8.38e-05,0.682,-2884,31
"2004","MYBPC3",2.88044156485527,"ENSG00000134571","chr11","MA0065.1","Promoter (<=1kb)",4607,"ENST00000399249.6","ENSG00000134571","MYBPC3",4.91e-05,0.667,179,38
"2005","CELF1",0.625663489518184,"ENSG00000149187","chr11","MA0065.1","Promoter (2-3kb)",10658,"ENST00000543178.5","ENSG00000149187","CELF1",2.24e-05,0.637,-2701,29
"2006","FNBP4",0.643543389299023,"ENSG00000109920","chr11","MA0065.1","Promoter (<=1kb)",23360,"ENST00000524696.1","ENSG00000109920","FNBP4",8.34e-07,0.563,-102,30
"2007","NUP160",0.238190120826411,"ENSG00000030066","chr11","MA0065.1","Promoter (1-2kb)",23279,"ENST00000527126.1","ENSG00000030066","NUP160",6.64e-05,0.681,-1260,37
"2008","PTPRJ",0.352369369351886,"ENSG00000149177","chr11","MA0065.1","Promoter (<=1kb)",5795,"ENST00000527026.1","ENSG00000149177","PTPRJ",1.88e-05,0.628,-55,31
"2009","CTNND1",0.223319233194498,"ENSG00000198561","chr11","MA0065.1","Promoter (2-3kb)",1500,"ENST00000682814.1","ENSG00000198561","CTNND1",1.85e-06,0.563,-2049,32
"2010","OSBP",0.224783904149234,"ENSG00000110048","chr11","MA0065.1","Promoter (2-3kb)",5007,"ENST00000525357.1","ENSG00000110048","OSBP",5.41e-05,0.67,-2485,16
"2011","DDB1",0.265095986665818,"ENSG00000167986","chr11","MA0065.1","Promoter (1-2kb)",1642,"ENST00000681815.1","ENSG00000167986","DDB1",7.19e-06,0.573,-1969,39
"2012","FADS3",0.391096724069171,"ENSG00000221968","chr11","MA0065.1","Promoter (<=1kb)",3995,"ENST00000525588.5","ENSG00000221968","FADS3",3.93e-09,0.225,319,34
"2013","FTH1",0.964493668880627,"ENSG00000167996","chr11","MA0065.1","Promoter (<=1kb)",2495,"ENST00000532601.1","ENSG00000167996","FTH1",4.61e-05,0.667,210,16
"2014","AHNAK",0.373124330040821,"ENSG00000124942","chr11","MA0065.1","Promoter (<=1kb)",79026,"ENST00000525875.1","ENSG00000124942","AHNAK",7.96e-07,0.563,188,42
"2015","STX5",0.207189753468954,"ENSG00000162236","chr11","MA0065.1","Promoter (<=1kb)",6811,"ENST00000677401.1","ENSG00000162236","STX5",4.95e-05,0.667,108,26
"2016","RTN3",0.377289959318346,"ENSG00000133318","chr11","MA0065.1","Promoter (1-2kb)",10313,"ENST00000341307.6","ENSG00000133318","RTN3",3.42e-05,0.661,-1600,25
"2017","MARK2",0.404890461595148,"ENSG00000072518","chr11","MA0065.1","Promoter (1-2kb)",2011,"ENST00000377810.8","ENSG00000072518","MARK2",1.97e-06,0.563,-1718,39
"2018","MACROD1",0.329751642422049,"ENSG00000133315","chr11","MA0065.1","Promoter (2-3kb)",28992,"ENST00000543422.5","ENSG00000133315","MACROD1",7.69e-07,0.563,-2700,40
"2019","FKBP2",0.238995615890609,"ENSG00000173486","chr11","MA0065.1","Promoter (<=1kb)",2286,"ENST00000536642.5","ENSG00000173486","FKBP2",4.61e-05,0.667,-282,35
"2020","ESRRA",0.506037593488507,"ENSG00000173153","chr11","MA0065.1","Promoter (<=1kb)",2101,"ENST00000405666.5","ENSG00000173153","ESRRA",2.86e-07,0.547,-61,39
"2021","PRDX5",0.256921726683185,"ENSG00000126432","chr11","MA0065.1","Promoter (<=1kb)",25824,"ENST00000352435.8","ENSG00000126432","PRDX5",2.17e-05,0.636,881,36
"2022","SF1",0.32336698338442,"ENSG00000168066","chr11","MA0065.1","Promoter (<=1kb)",7536,"ENST00000633899.1","ENSG00000168066","SF1",7.7e-06,0.579,-71,25
"2023","VPS51",0.245529727067171,"ENSG00000149823","chr11","MA0065.1","Promoter (1-2kb)",738,"ENST00000530773.5","ENSG00000149823","VPS51",1.17e-05,0.623,-1375,38
"2024","DPF2",0.215773999226606,"ENSG00000133884","chr11","MA0065.1","Promoter (1-2kb)",5977,"ENST00000530973.1","ENSG00000133884","DPF2",1.38e-05,0.623,-1585,29
"2025","CFL1",0.249693373254944,"ENSG00000172757","chr11","MA0066.1","Promoter (<=1kb)",1072,"ENST00000530413.1","ENSG00000172757","CFL1",1.72e-05,0.645,376,14
"2026","CCDC85B",0.250813126099622,"ENSG00000175602","chr11","MA0065.1","Promoter (<=1kb)",11007,"ENST00000312579.4","ENSG00000175602","CCDC85B",3.57e-05,0.662,-464,16
"2027","PACS1",0.77823224611102,"ENSG00000175115","chr11","MA0065.1","Promoter (2-3kb)",55690,"ENST00000320580.9","ENSG00000175115","PACS1",1.82e-06,0.563,-2610,39
"2028","KDM2A",0.564084238144605,"ENSG00000173120","chr11","MA0065.1","Promoter (<=1kb)",22992,"ENST00000529006.7","ENSG00000173120","KDM2A",3.95e-06,0.572,-542,41
"2029","RAD9A",0.257212539590274,"ENSG00000172613","chr11","MA0065.1","Promoter (1-2kb)",5883,"ENST00000543808.5","ENSG00000172613","RAD9A",2.56e-05,0.644,-1884,37
"2030","GSTP1",0.287409816936522,"ENSG00000084207","chr11","MA0065.1","Promoter (2-3kb)",2950,"ENST00000398603.6","ENSG00000084207","GSTP1",1.76e-05,0.623,-2012,26
"2031","NDUFV1",0.472252253377212,"ENSG00000167792","chr11","MA0065.1","Promoter (<=1kb)",4723,"ENST00000526169.1","ENSG00000167792","NDUFV1",4.71e-05,0.667,150,15
"2032","NDUFS8",0.463972792385423,"ENSG00000110717","chr11","MA0065.1","Promoter (<=1kb)",4728,"ENST00000525628.1","ENSG00000110717","NDUFS8",9.78e-06,0.603,60,31
"2033","CHKA",0.381956532588254,"ENSG00000110721","chr11","MA0065.1","Promoter (<=1kb)",1119,"ENST00000525155.5","ENSG00000110721","CHKA",5e-06,0.572,816,36
"2034","KMT5B",0.43821374911938,"ENSG00000110066","chr11","MA0066.1","Promoter (2-3kb)",51111,"ENST00000700526.1","ENSG00000110066","KMT5B",2.85e-05,0.647,-2847,39
"2035","LRP5",0.248500449368148,"ENSG00000162337","chr11","MA0065.1","Promoter (<=1kb)",4041,"ENST00000529481.1","ENSG00000162337","LRP5",7.97e-06,0.582,108,41
"2036","PPP6R3",1.05359144657138,"ENSG00000110075","chr11","MA0065.1","Promoter (<=1kb)",55291,"ENST00000531432.1","ENSG00000110075","PPP6R3",3.24e-06,0.572,0,26
"2037","CPT1A",0.25465610379393,"ENSG00000110090","chr11","MA0065.1","Promoter (<=1kb)",1374,"ENST00000565318.5","ENSG00000110090","CPT1A",1.12e-06,0.563,840,33
"2038","PPFIA1",0.416285393219739,"ENSG00000131626","chr11","MA0065.1","Promoter (2-3kb)",8500,"ENST00000527612.1","ENSG00000131626","PPFIA1",7.19e-06,0.573,-2306,40
"2039","CTTN",0.744865688147229,"ENSG00000085733","chr11","MA0065.1","Promoter (<=1kb)",2017,"ENST00000525852.3","ENSG00000085733","CTTN",1.44e-05,0.623,-315,20
"2040","ATG16L2",0.206149046005689,"ENSG00000168010","chr11","MA0065.1","Promoter (<=1kb)",89849,"ENST00000541554.1","ENSG00000168010","ATG16L2",5.14e-05,0.667,343,20
"2041","FCHSD2",1.22097623887563,"ENSG00000137478","chr11","MA0065.1","Promoter (<=1kb)",9873,"ENST00000422375.1","ENSG00000137478","FCHSD2",2.44e-05,0.641,491,12
"2042","FAM168A",0.614680652444536,"ENSG00000054965","chr11","MA0065.1","Promoter (<=1kb)",23201,"ENST00000064778.8","ENSG00000054965","FAM168A",7.79e-05,0.682,-535,30
"2043","RAB6A",0.400815270433995,"ENSG00000175582","chr11","MA1148.1","Promoter (<=1kb)",5870,"ENST00000541973.5","ENSG00000175582","RAB6A",7.53e-05,0.575,174,13
"2044","PAAF1",0.320601931913415,"ENSG00000175575","chr11","MA0065.1","Promoter (<=1kb)",80227,"ENST00000376384.9","ENSG00000175575","PAAF1",3.65e-05,0.662,-813,35
"2045","RNF169",0.242611866160289,"ENSG00000166439","chr11","MA0065.1","Promoter (<=1kb)",254225,"ENST00000299563.5","ENSG00000166439","RNF169",3.61e-05,0.662,707,39
"2046","XRRA1",0.259770909435358,"ENSG00000166435","chr11","MA0065.1","Promoter (<=1kb)",143570,"ENST00000526047.1","ENSG00000166435","XRRA1",7.31e-06,0.574,-581,40
"2047","SPCS2",0.335539446442038,"ENSG00000118363","chr11","MA0066.1","Promoter (<=1kb)",9789,"ENST00000530257.5","ENSG00000118363","SPCS2",4.98e-05,0.674,0,4
"2048","UVRAG",0.491515502986902,"ENSG00000198382","chr11","MA0065.1","Promoter (2-3kb)",7405,"ENST00000533454.5","ENSG00000198382","UVRAG",2.04e-05,0.634,-2419,38
"2049","EMSY",0.30416748781549,"ENSG00000158636","chr11","MA0065.1","Promoter (2-3kb)",56946,"ENST00000534573.1","ENSG00000158636","EMSY",4.48e-05,0.667,-2361,27
"2050","ACER3",0.302590318586087,"ENSG00000078124","chr11","MA0065.1","Promoter (1-2kb)",55331,"ENST00000679754.1","ENSG00000078124","ACER3",2.4e-05,0.64,-1400,38
"2051","CLNS1A",0.213871370797442,"ENSG00000074201","chr11","MA0065.1","Promoter (<=1kb)",1207,"ENST00000527265.1","ENSG00000074201","CLNS1A",5.34e-06,0.572,204,32
"2052","RSF1",0.568855814624918,"ENSG00000048649","chr11","MA0065.1","Promoter (<=1kb)",51773,"ENST00000531026.5","ENSG00000048649","RSF1",5.72e-07,0.563,-592,38
"2053","AAMDC",0.444975567395291,"ENSG00000087884","chr11","MA0065.1","Promoter (<=1kb)",28971,"ENST00000525034.1","ENSG00000087884","AAMDC",4.63e-05,0.667,390,7
"2054","GAB2",0.376162269749266,"ENSG00000033327","chr11","MA0065.1","Promoter (<=1kb)",9846,"ENST00000340149.6","ENSG00000033327","GAB2",3.47e-05,0.662,-891,34
"2055","NARS2",0.22014452930971,"ENSG00000137513","chr11","MA0065.1","Promoter (2-3kb)",79731,"ENST00000695116.1","ENSG00000137513","NARS2",1.36e-05,0.623,-2487,40
"2056","RAB30",0.355915668697781,"ENSG00000137502","chr11","MA0065.1","Promoter (1-2kb)",27314,"ENST00000534301.5","ENSG00000137502","RAB30",3.66e-05,0.662,-1859,40
"2057","PCF11",0.233748128173655,"ENSG00000165494","chr11","MA0065.1","Promoter (2-3kb)",51585,"ENST00000528336.1","ENSG00000165494","PCF11",3.86e-06,0.572,-2362,38
"2058","DLG2",1.74964476589004,"ENSG00000150672","chr11","MA0065.1","Promoter (<=1kb)",1740,"ENST00000532653.5","ENSG00000150672","DLG2",2.78e-05,0.649,-53,28
"2059","PICALM",0.793971850461879,"ENSG00000073921","chr11","MA0065.1","Promoter (<=1kb)",8301,"ENST00000528398.5","ENSG00000073921","PICALM",8.27e-07,0.563,-207,35
"2060","ME3",0.382945215165826,"ENSG00000151376","chr11","MA0065.1","Promoter (<=1kb)",10873,"ENST00000525957.1","ENSG00000151376","ME3",9.01e-05,0.683,-576,25
"2061","TMEM135",0.339598293664077,"ENSG00000166575","chr11","MA0065.1","Promoter (<=1kb)",65084,"ENST00000526733.5","ENSG00000166575","TMEM135",4.6e-06,0.572,0,33
"2062","TAF1D",0.382520600413424,"ENSG00000166012","chr11","MA0065.1","Promoter (<=1kb)",79101,"ENST00000530089.6","ENSG00000166012","TAF1D",1.13e-05,0.62,23,25
"2063","C11orf54",0.246777934905969,"ENSG00000182919","chr11","MA0065.1","Promoter (1-2kb)",28970,"ENST00000533154.1","ENSG00000182919","BKGD",6.6e-06,0.572,-1463,36
"2064","AMOTL1",0.272785357494699,"ENSG00000166025","chr11","MA0065.1","Promoter (<=1kb)",154810,"ENST00000433060.3","ENSG00000166025","AMOTL1",6.24e-06,0.572,192,30
"2065","CEP57",0.235437373448231,"ENSG00000166037","chr11","MA0065.1","Promoter (<=1kb)",9702,"ENST00000541150.5","ENSG00000166037","CEP57",6.45e-05,0.678,283,16
"2066","MAML2",0.359127108195753,"ENSG00000184384","chr11","MA0855.1","Promoter (2-3kb)",84441,"ENST00000524717.6","ENSG00000184384","MAML2",8e-05,0.777,-2254,29
"2067","ARHGAP42",0.395568528425265,"ENSG00000165895","chr11","MA0065.1","Promoter (<=1kb)",143872,"ENST00000525558.1","ENSG00000165895","ARHGAP42",1.37e-05,0.623,-768,27
"2068","PGR",0.283095606301447,"ENSG00000082175","chr11","MA0065.1","Promoter (<=1kb)",5241,"ENST00000534780.5","ENSG00000082175","PGR",6.44e-06,0.572,28,21
"2069","YAP1",0.523348781031183,"ENSG00000137693","chr11","MA0065.1","Promoter (<=1kb)",10413,"ENST00000531439.5","ENSG00000137693","YAP1",1.1e-05,0.617,37,19
"2070","PDGFD",0.363615855744889,"ENSG00000170962","chr11","MA0066.1","Promoter (<=1kb)",80310,"ENST00000393158.7","ENSG00000170962","PDGFD",4.4e-06,0.59,945,4
"2071","CUL5",0.397405655287963,"ENSG00000166266","chr11","MA0065.1","Promoter (2-3kb)",8065,"ENST00000393094.7","ENSG00000166266","CUL5",2.28e-07,0.518,-2964,42
"2072","ACAT1",0.577601373084191,"ENSG00000075239","chr11","MA0065.1","Promoter (<=1kb)",38,"ENST00000673000.1","ENSG00000075239","ACAT1",3.39e-06,0.572,-694,42
"2073","ATM",0.457027497297509,"ENSG00000149311","chr11","MA0065.1","Promoter (<=1kb)",472,"ENST00000419286.2","ENSG00000149311","ATM",8.34e-07,0.563,539,33
"2074","DDX10",0.303459096662027,"ENSG00000178105","chr11","MA0065.1","Promoter (1-2kb)",1662,"ENST00000693015.1","ENSG00000178105","DDX10",3.65e-07,0.559,-1079,35
"2075","ZC3H12C",0.223955278761442,"ENSG00000149289","chr11","MA0065.1","Promoter (2-3kb)",85463,"ENST00000528673.5","ENSG00000149289","ZC3H12C",8.13e-05,0.682,-2044,24
"2076","RDX",0.377795571228731,"ENSG00000137710","chr11","MA0065.1","Promoter (1-2kb)",5962,"ENST00000642511.1","ENSG00000137710","RDX",1.57e-06,0.563,-1646,39
"2077","FDX1",0.206730556102892,"ENSG00000137714","chr11","MA0065.1","Promoter (<=1kb)",2230,"ENST00000260270.3","ENSG00000137714","FDX1",9.47e-06,0.6,-888,31
"2078","SIK2",0.582645990918883,"ENSG00000170145","chr11","MA0855.1","Promoter (1-2kb)",23235,"ENST00000533868.1","ENSG00000170145","SIK2",8e-05,0.777,-1180,38
"2079","CRYAB",1.46296337976937,"ENSG00000109846","chr11","MA0066.1","Promoter (<=1kb)",1410,"ENST00000524660.1","ENSG00000109846","CRYAB",4.08e-05,0.659,-157,13
"2080","DLAT",0.318033307988902,"ENSG00000150768","chr11","MA0065.1","Promoter (<=1kb)",1737,"ENST00000713569.1","ENSG00000150768","DLAT",3.3e-05,0.658,-60,39
"2081","TIMM8B",0.354279699529651,"ENSG00000150779","chr11","MA1555.1","Promoter (<=1kb)",26521,"ENST00000507614.1","ENSG00000150779","TIMM8B",7.25e-05,0.738,677,16
"2082","BCO2",0.710048568817179,"ENSG00000197580","chr11","MA0065.1","Promoter (<=1kb)",83875,"ENST00000460924.6","ENSG00000197580","BCO2",4.1e-05,0.663,-308,16
"2083","NCAM1",1.56406819313895,"ENSG00000149294","chr11","MA0065.1","Promoter (<=1kb)",4684,"ENST00000611284.4","ENSG00000149294","NCAM1",1.35e-10,0.093,-720,33
"2084","USP28",0.599996951397655,"ENSG00000048028","chr11","MA0065.1","Promoter (<=1kb)",57646,"ENST00000538224.1","ENSG00000048028","USP28",4.74e-07,0.563,-96,33
"2085","ZBTB16",1.69066744269414,"ENSG00000109906","chr11","MA0065.1","Promoter (<=1kb)",7704,"ENST00000539918.5","ENSG00000109906","ZBTB16",2.49e-06,0.571,-60,34
"2086","REXO2",0.3030960948334,"ENSG00000076043","chr11","MA0065.1","Promoter (<=1kb)",25996,"ENST00000544507.1","ENSG00000076043","REXO2",2.2e-05,0.636,119,21
"2087","CADM1",0.988591487476292,"ENSG00000182985","chr11","MA0065.1","Promoter (2-3kb)",23705,"ENST00000546000.1","ENSG00000182985","CADM1",1.03e-06,0.563,-2201,33
"2088","SIK3",1.21274664279158,"ENSG00000160584","chr11","MA0065.1","Promoter (1-2kb)",23387,"ENST00000497049.5","ENSG00000160584","SIK3",1.02e-05,0.608,-1723,34
"2089","PAFAH1B2",0.343490529457893,"ENSG00000168092","chr11","MA0065.1","Promoter (<=1kb)",5049,"ENST00000533206.1","ENSG00000168092","PAFAH1B2",6.66e-05,0.681,973,18
"2090","PCSK7",0.488769190705989,"ENSG00000160613","chr11","MA0065.1","Promoter (1-2kb)",9159,"ENST00000528217.1","ENSG00000160613","PCSK7",4.46e-07,0.563,-1842,39
"2091","UBE4A",0.23436628579598,"ENSG00000110344","chr11","MA0065.1","Promoter (<=1kb)",9354,"ENST00000431736.6","ENSG00000110344","UBE4A",1.38e-05,0.623,195,33
"2092","KMT2A",0.328375646008193,"ENSG00000118058","chr11","MA0065.1","Promoter (<=1kb)",4297,"ENST00000685719.1","ENSG00000118058","KMT2A",7.34e-06,0.574,62,39
"2093","DDX6",0.437202818999785,"ENSG00000110367","chr11","MA0065.1","Promoter (1-2kb)",1656,"ENST00000534980.7","ENSG00000110367","DDX6",1.5e-05,0.623,-1395,35
"2094","USP2",0.382797441895182,"ENSG00000036672","chr11","MA0065.1","Promoter (<=1kb)",9099,"ENST00000532613.1","ENSG00000036672","USP2",4.53e-06,0.572,528,36
"2095","ARHGEF12",0.832407292366375,"ENSG00000196914","chr11","MA0065.1","Promoter (<=1kb)",23365,"ENST00000525222.1","ENSG00000196914","ARHGEF12",1.3e-05,0.623,693,30
"2096","HSPA8",0.312853718333994,"ENSG00000109971","chr11","MA0065.1","Promoter (<=1kb)",3312,"ENST00000526110.5","ENSG00000109971","HSPA8",1.92e-05,0.629,391,12
"2097","GRAMD1B",0.269845529687942,"ENSG00000023171","chr11","MA0065.1","Promoter (<=1kb)",57476,"ENST00000633087.1","ENSG00000023171","GRAMD1B",6.78e-06,0.572,-409,32
"2098","TBRG1",0.31528094900068,"ENSG00000154144","chr11","MA0065.1","Promoter (1-2kb)",84897,"ENST00000473629.6","ENSG00000154144","TBRG1",1.28e-05,0.623,-1778,35
"2099","ST3GAL4",0.323964719499393,"ENSG00000110080","chr11","MA0065.1","Promoter (<=1kb)",6484,"ENST00000356132.9","ENSG00000110080","ST3GAL4",4.53e-05,0.667,59,35
"2100","APLP2",0.310184680657651,"ENSG00000084234","chr11","MA0065.1","Promoter (<=1kb)",334,"ENST00000532456.5","ENSG00000084234","APLP2",1.18e-05,0.623,-587,19
"2101","ZBTB44",0.274766164307235,"ENSG00000196323","chr11","MA0065.1","Promoter (1-2kb)",29068,"ENST00000529348.1","ENSG00000196323","ZBTB44",2.15e-05,0.635,-1953,22
"2102","ZMYND11",0.343250585994328,"ENSG00000015171","chr10","MA0065.1","Promoter (<=1kb)",10771,"ENST00000439456.5","ENSG00000015171","ZMYND11",1.76e-05,0.623,-115,11
"2103","DIP2C",0.743052911125596,"ENSG00000151240","chr10","MA0065.1","Promoter (1-2kb)",22982,"ENST00000280886.12","ENSG00000151240","DIP2C",1.22e-05,0.623,-1560,38
"2104","LARP4B",0.536047968991006,"ENSG00000107929","chr10","MA0065.1","Promoter (<=1kb)",23185,"ENST00000381466.2","ENSG00000107929","LARP4B",5.47e-06,0.572,860,23
"2105","WDR37",0.499401309405744,"ENSG00000047056","chr10","MA0065.1","Promoter (<=1kb)",22884,"ENST00000704658.1","ENSG00000047056","WDR37",6.04e-06,0.572,0,25
"2106","KLF6",0.398896080384303,"ENSG00000067082","chr10","MA0065.1","Promoter (<=1kb)",1316,"ENST00000173785.4","ENSG00000067082","KLF6",2.51e-05,0.643,-405,32
"2107","SFMBT2",0.570110211371385,"ENSG00000198879","chr10","MA0065.1","Promoter (<=1kb)",57713,"ENST00000379711.2","ENSG00000198879","SFMBT2",3.75e-05,0.662,-100,36
"2108","TAF3",0.361707300127308,"ENSG00000165632","chr10","MA0065.1","Promoter (<=1kb)",83860,"ENST00000687522.1","ENSG00000165632","TAF3",5.55e-05,0.671,381,29
"2109","CELF2",1.43299126815157,"ENSG00000048740","chr10","MA0065.1","Promoter (1-2kb)",10659,"ENST00000416382.6","ENSG00000048740","CELF2",1.02e-05,0.608,-1220,41
"2110","UPF2",0.269987203755102,"ENSG00000151461","chr10","MA0065.1","Promoter (<=1kb)",26019,"ENST00000357604.10","ENSG00000151461","UPF2",6.22e-06,0.572,-146,19
"2111","CAMK1D",0.313430149262199,"ENSG00000183049","chr10","MA0065.1","Promoter (<=1kb)",57118,"ENST00000619168.5","ENSG00000183049","CAMK1D",2.2e-05,0.636,-425,35
"2112","OPTN",0.362642547134647,"ENSG00000123240","chr10","MA0065.1","Promoter (<=1kb)",10133,"ENST00000424614.1","ENSG00000123240","OPTN",1.46e-05,0.623,140,37
"2113","FRMD4A",0.468482618956811,"ENSG00000151474","chr10","MA0065.1","Promoter (1-2kb)",55691,"ENST00000649155.1","ENSG00000151474","FRMD4A",3.84e-06,0.572,-1880,37
"2114","RSU1",0.445214428711948,"ENSG00000148484","chr10","MA1148.1","Promoter (<=1kb)",6251,"ENST00000377921.7","ENSG00000148484","RSU1",8.48e-05,0.581,925,10
"2115","HACD1",1.00526760772734,"ENSG00000165996","chr10","MA0065.1","Promoter (<=1kb)",9200,"ENST00000498812.5","ENSG00000165996","HACD1",4.64e-06,0.572,964,29
"2116","CACNB2",2.22170140529382,"ENSG00000165995","chr10","MA0065.1","Promoter (2-3kb)",783,"ENST00000377315.6","ENSG00000165995","CACNB2",2.24e-05,0.637,-2720,36
"2117","NSUN6",0.357824830473423,"ENSG00000241058","chr10","MA0065.1","Promoter (<=1kb)",221078,"ENST00000414939.1","ENSG00000241058","NSUN6",7.43e-05,0.682,880,25
"2118","PLXDC2",0.319195556462294,"ENSG00000120594","chr10","MA0065.1","Promoter (2-3kb)",84898,"ENST00000377242.7","ENSG00000120594","PLXDC2",6.85e-06,0.572,-2485,33
"2119","NEBL",2.50307401482216,"ENSG00000078114","chr10","MA0065.1","Promoter (1-2kb)",10529,"ENST00000675700.1","ENSG00000078114","NEBL",1.06e-06,0.563,-1048,34
"2120","MLLT10",0.918644103635108,"ENSG00000078403","chr10","MA0065.1","Promoter (1-2kb)",8028,"ENST00000650921.1","ENSG00000078403","MLLT10",1.39e-05,0.623,-1441,29
"2121","DNAJC1",0.578248819497675,"ENSG00000136770","chr10","MA0065.1","Promoter (<=1kb)",64215,"ENST00000447548.5","ENSG00000136770","DNAJC1",2.92e-05,0.652,548,14
"2122","PIP4K2A",0.237218734339025,"ENSG00000150867","chr10","MA0065.1","Promoter (2-3kb)",5305,"ENST00000474335.1","ENSG00000150867","PIP4K2A",1.88e-05,0.628,-2110,35
"2123","MSRB2",0.260286245311642,"ENSG00000148450","chr10","MA0065.1","Promoter (<=1kb)",22921,"ENST00000472663.1","ENSG00000148450","MSRB2",3.62e-06,0.572,-60,34
"2124","KIAA1217",1.29118340926385,"ENSG00000120549","chr10","MA0065.1","Promoter (2-3kb)",56243,"ENST00000492009.1","ENSG00000120549","KIAA1217",2.44e-05,0.641,-2431,42
"2125","ARHGAP21",0.559095064035305,"ENSG00000107863","chr10","MA0065.1","Promoter (<=1kb)",57584,"ENST00000396432.7","ENSG00000107863","ARHGAP21",1.28e-06,0.563,-416,29
"2126","ABI1",0.300388509757103,"ENSG00000136754","chr10","MA0065.1","Promoter (<=1kb)",10006,"ENST00000473481.1","ENSG00000136754","ABI1",3.24e-06,0.572,-581,37
"2127","ANKRD26",0.44648800480398,"ENSG00000107890","chr10","MA0065.1","Promoter (<=1kb)",22852,"ENST00000825150.1","ENSG00000107890","ANKRD26",3.56e-07,0.559,-943,40
"2128","YME1L1",0.259820561912534,"ENSG00000136758","chr10","MA0065.1","Promoter (2-3kb)",10730,"ENST00000463270.1","ENSG00000136758","YME1L1",1.21e-05,0.623,-2958,35
"2129","ACBD5",0.24945210371497,"ENSG00000107897","chr10","MA0066.1","Promoter (<=1kb)",91452,"ENST00000677509.1","ENSG00000107897","ACBD5",2.8e-06,0.579,375,23
"2130","RAB18",0.344285376120723,"ENSG00000099246","chr10","MA0065.1","Promoter (<=1kb)",22931,"ENST00000682138.1","ENSG00000099246","RAB18",5.47e-06,0.572,102,14
"2131","MPP7",0.375397741175381,"ENSG00000150054","chr10","MA0065.1","Promoter (<=1kb)",143098,"ENST00000474731.1","ENSG00000150054","MPP7",4.53e-05,0.667,-515,27
"2132","WAC",0.662964963817606,"ENSG00000095787","chr10","MA0065.1","Promoter (<=1kb)",51322,"ENST00000345541.6","ENSG00000095787","WAC",1.64e-06,0.563,691,30
"2133","SVIL",2.29480958925496,"ENSG00000197321","chr10","MA0065.1","Promoter (1-2kb)",6840,"ENST00000464726.2","ENSG00000197321","SVIL",1.85e-06,0.563,-1671,37
"2134","ZNF438",0.691110841677587,"ENSG00000183621","chr10","MA0065.1","Promoter (<=1kb)",220929,"ENST00000436087.7","ENSG00000183621","ZNF438",6.79e-05,0.682,246,18
"2135","ZEB1",0.77378169502138,"ENSG00000148516","chr10","MA0065.1","Promoter (2-3kb)",6935,"ENST00000488625.6","ENSG00000148516","ZEB1",5.31e-05,0.669,-2782,31
"2136","ARHGAP12",0.320145700748413,"ENSG00000165322","chr10","MA0065.1","Promoter (2-3kb)",94134,"ENST00000454919.1","ENSG00000165322","ARHGAP12",1.15e-05,0.622,-2041,27
"2137","KIF5B",0.572182166577624,"ENSG00000170759","chr10","MA0065.1","Promoter (<=1kb)",3799,"ENST00000493889.1","ENSG00000170759","KIF5B",1.59e-06,0.563,386,36
"2138","EPC1",0.772552406245449,"ENSG00000120616","chr10","MA0065.1","Promoter (2-3kb)",80314,"ENST00000375110.6","ENSG00000120616","EPC1",5.34e-05,0.67,-2264,37
"2139","ITGB1",0.765334680543331,"ENSG00000150093","chr10","MA0065.1","Promoter (1-2kb)",3688,"ENST00000534049.5","ENSG00000150093","ITGB1",8.4e-06,0.586,-1378,25
"2140","NRP1",1.08377069364262,"ENSG00000099250","chr10","MA0065.1","Promoter (<=1kb)",8829,"ENST00000265371.8","ENSG00000099250","NRP1",1.47e-05,0.623,122,40
"2141","PARD3",1.42948866130754,"ENSG00000148498","chr10","MA0065.1","Promoter (1-2kb)",56288,"ENST00000374768.1","ENSG00000148498","PARD3",5.71e-05,0.672,-1210,12
"2142","CREM",0.354911464862657,"ENSG00000095794","chr10","MA0065.1","Promoter (2-3kb)",1390,"ENST00000348787.6","ENSG00000095794","CREM",2.6e-05,0.645,-2022,40
"2143","CCNY",0.739110947175405,"ENSG00000108100","chr10","MA0065.1","Promoter (1-2kb)",219771,"ENST00000470025.1","ENSG00000108100","CCNY",1.66e-05,0.623,-1671,37
"2144","ZNF248",0.229131229511299,"ENSG00000198105","chr10","MA0065.1","Promoter (2-3kb)",57209,"ENST00000395874.2","ENSG00000198105","ZNF248",6.71e-06,0.572,-2949,36
"2145","ZNF33A",0.31453380680322,"ENSG00000189180","chr10","MA0066.1","Promoter (1-2kb)",7581,"ENST00000307441.13","ENSG00000189180","ZNF33A",8.67e-05,0.703,-1089,5
"2146","ZFAND4",0.256787897660978,"ENSG00000172671","chr10","MA0065.1","Promoter (2-3kb)",93550,"ENST00000484333.1","ENSG00000172671","ZFAND4",2.57e-05,0.644,-2928,24
"2147","TIMM23",0.246892611505632,"ENSG00000265354","chr10","PPARG_M10636_3.10","Promoter (<=1kb)",100287932,"ENST00000580018.4","ENSG00000265354","TIMM23",7.64e-05,0.248,144,7
"2148","NCOA4",0.301308060011892,"ENSG00000266412","chr10","MA0065.1","Promoter (<=1kb)",8031,"ENST00000583565.5","ENSG00000266412","NCOA4",3.07e-05,0.654,721,42
"2149","PTPN20",0.322932695620476,"ENSG00000204179","chr10","MA0065.1","Promoter (<=1kb)",26095,"ENST00000502254.5","ENSG00000204179","PTPN20",1.6e-05,0.623,0,27
"2150","MAPK8",0.390366981994479,"ENSG00000107643","chr10","MA0065.1","Promoter (<=1kb)",5599,"ENST00000426557.5","ENSG00000107643","MAPK8",3.63e-06,0.572,486,29
"2151","C10orf71",0.386008611413711,"ENSG00000177354","chr10","MA0066.1","Promoter (<=1kb)",118461,"ENST00000470615.1","ENSG00000177354","C10orf71",1.16e-05,0.62,366,11
"2152","PARG",0.574075045312935,"ENSG00000227345","chr10","MA0065.1","Promoter (<=1kb)",8505,"ENST00000492350.2","ENSG00000227345","PARG",1.07e-05,0.614,478,31
"2153","TIMM23B",0.334360454394816,"ENSG00000204152","chr10","PPARG_M10636_3.10","Promoter (<=1kb)",100652748,"ENST00000483296.5","ENSG00000204152","TIMM23B",9.97e-05,0.26,837,4
"2154","SGMS1",0.647311906630795,"ENSG00000198964","chr10","MA0065.1","Promoter (<=1kb)",259230,"ENST00000498514.5","ENSG00000198964","SGMS1",6.07e-06,0.572,885,33
"2155","PRKG1",2.5087521659679,"ENSG00000185532","chr10","MA0065.1","Promoter (<=1kb)",5592,"ENST00000672084.1","ENSG00000185532","PRKG1",1.25e-05,0.623,-967,26
"2156","CISD1",0.442284633885197,"ENSG00000122873","chr10","MA0065.1","Promoter (1-2kb)",55847,"ENST00000489785.5","ENSG00000122873","CISD1",2.72e-05,0.648,-1354,28
"2157","UBE2D1",0.282779903860665,"ENSG00000072401","chr10","MA0065.1","Promoter (<=1kb)",7321,"ENST00000473824.1","ENSG00000072401","UBE2D1",6.76e-05,0.682,207,31
"2158","CCDC6",0.422408513738736,"ENSG00000108091","chr10","MA0065.1","Promoter (2-3kb)",8030,"ENST00000263102.7","ENSG00000108091","CCDC6",1.16e-05,0.623,-2708,30
"2159","ANK3",1.45441632383013,"ENSG00000151150","chr10","MA0065.1","Promoter (<=1kb)",288,"ENST00000610321.4","ENSG00000151150","ANK3",1.29e-06,0.563,368,36
"2160","RHOBTB1",0.299609132586312,"ENSG00000072422","chr10","MA0065.1","Promoter (<=1kb)",9886,"ENST00000357917.4","ENSG00000072422","RHOBTB1",5.73e-06,0.572,-489,40
"2161","ARID5B",0.563702290113369,"ENSG00000150347","chr10","MA0065.1","Promoter (<=1kb)",84159,"ENST00000309334.5","ENSG00000150347","ARID5B",1.26e-05,0.623,449,31
"2162","JMJD1C",1.31853288316737,"ENSG00000171988","chr10","MA0065.1","Promoter (2-3kb)",221037,"ENST00000467356.5","ENSG00000171988","JMJD1C",1.36e-05,0.623,-2014,31
"2163","REEP3",0.518112664284142,"ENSG00000165476","chr10","MA0065.1","Promoter (1-2kb)",221035,"ENST00000634963.1","ENSG00000165476","REEP3",2.03e-05,0.633,-1194,31
"2164","CTNNA3",2.66111381141109,"ENSG00000183230","chr10","MA0065.1","Promoter (<=1kb)",29119,"ENST00000683771.1","ENSG00000183230","CTNNA3",2.21e-06,0.563,-269,38
"2165","LRRTM3",1.36203843495119,"ENSG00000198739","chr10","MA0066.1","Promoter (2-3kb)",347731,"ENST00000361320.5","ENSG00000198739","LRRTM3",1.35e-05,0.632,-2977,30
"2166","HERC4",0.645804665773742,"ENSG00000148634","chr10","MA0065.1","Promoter (2-3kb)",26091,"ENST00000395185.7","ENSG00000148634","HERC4",1.6e-05,0.623,-2360,13
"2167","MYPN",1.11598586732103,"ENSG00000138347","chr10","MA0065.1","Promoter (<=1kb)",84665,"ENST00000693699.1","ENSG00000138347","MYPN",5.35e-06,0.572,640,35
"2168","SLC25A16",0.246998261698264,"ENSG00000122912","chr10","MA0065.1","Promoter (<=1kb)",8034,"ENST00000491102.2","ENSG00000122912","SLC25A16",1.49e-05,0.623,361,26
"2169","CCAR1",0.30504882378388,"ENSG00000060339","chr10","MA0065.1","Promoter (<=1kb)",55749,"ENST00000398676.3","ENSG00000060339","CCAR1",5e-05,0.667,392,24
"2170","HK1",0.530213852620239,"ENSG00000156515","chr10","MA0065.1","Promoter (<=1kb)",3098,"ENST00000703955.1","ENSG00000156515","HK1",4.67e-06,0.572,801,21
"2171","SAR1A",0.236221048840856,"ENSG00000079332","chr10","MA0065.1","Promoter (<=1kb)",56681,"ENST00000373239.2","ENSG00000079332","SAR1A",1.37e-06,0.563,800,33
"2172","EIF4EBP2",0.253796850485735,"ENSG00000148730","chr10","MA0065.1","Promoter (<=1kb)",1979,"ENST00000373218.5","ENSG00000148730","EIF4EBP2",9.31e-05,0.685,564,24
"2173","PSAP",0.521504564844296,"ENSG00000197746","chr10","MA0065.1","Promoter (<=1kb)",5660,"ENST00000495196.1","ENSG00000197746","PSAP",7.36e-05,0.682,129,23
"2174","ASCC1",0.426941070868967,"ENSG00000138303","chr10","MA0065.1","Promoter (1-2kb)",51008,"ENST00000672809.1","ENSG00000138303","ASCC1",2.79e-07,0.541,-1428,34
"2175","ANAPC16",1.01604721171802,"ENSG00000166295","chr10","MA0066.1","Promoter (2-3kb)",119504,"ENST00000470481.2","ENSG00000166295","ANAPC16",3.21e-05,0.647,-2987,33
"2176","MICU1",0.626131048946551,"ENSG00000107745","chr10","MA0065.1","Promoter (<=1kb)",10367,"ENST00000604529.1","ENSG00000107745","MICU1",4.08e-05,0.663,-947,32
"2177","MCU",0.297214253024799,"ENSG00000156026","chr10","MA0065.1","Promoter (<=1kb)",90550,"ENST00000483185.1","ENSG00000156026","MCU",4.26e-06,0.572,827,33
"2178","P4HA1",0.854587728457567,"ENSG00000122884","chr10","MA0065.1","Promoter (2-3kb)",5033,"ENST00000464310.2","ENSG00000122884","P4HA1",3.01e-05,0.653,-2056,29
"2179","ANXA7",0.362725058607269,"ENSG00000138279","chr10","MA0065.1","Promoter (2-3kb)",310,"ENST00000463788.1","ENSG00000138279","ANXA7",3.57e-05,0.662,-2731,14
"2180","PPP3CB",0.456647044404143,"ENSG00000107758","chr10","MA0065.1","Promoter (<=1kb)",5532,"ENST00000495897.2","ENSG00000107758","PPP3CB",8.49e-06,0.587,-974,34
"2181","USP54",0.314353980481587,"ENSG00000166348","chr10","MA0065.1","Promoter (<=1kb)",159195,"ENST00000461520.5","ENSG00000166348","USP54",5.69e-06,0.572,169,28
"2182","SYNPO2L",0.275387125688458,"ENSG00000166317","chr10","MA0065.1","Promoter (<=1kb)",79933,"ENST00000394810.3","ENSG00000166317","SYNPO2L",5.85e-06,0.572,100,32
"2183","VCL",1.63100994700779,"ENSG00000035403","chr10","MA0065.1","Promoter (<=1kb)",7414,"ENST00000623461.3","ENSG00000035403","VCL",1.08e-05,0.615,-257,38
"2184","ADK",1.06275041190547,"ENSG00000156110","chr10","MA0065.1","Promoter (2-3kb)",132,"ENST00000673310.1","ENSG00000156110","ADK",5.86e-05,0.672,-2720,31
"2185","KAT6B",0.96964789608425,"ENSG00000156650","chr10","MA0065.1","Promoter (<=1kb)",23522,"ENST00000647554.1","ENSG00000156650","KAT6B",1.99e-06,0.563,-599,32
"2186","SAMD8",0.373353947838701,"ENSG00000156671","chr10","MA0065.1","Promoter (1-2kb)",142891,"ENST00000671730.1","ENSG00000156671","SAMD8",2.73e-05,0.649,-1054,8
"2187","VDAC2",0.396371451659879,"ENSG00000165637","chr10","MA0065.1","Promoter (<=1kb)",7417,"ENST00000447677.5","ENSG00000165637","VDAC2",3.57e-06,0.572,72,27
"2188","ZMIZ1",0.467066938877601,"ENSG00000108175","chr10","MA0065.1","Promoter (<=1kb)",57178,"ENST00000472035.5","ENSG00000108175","ZMIZ1",4.38e-05,0.665,937,31
"2189","ANXA11",0.423230076861585,"ENSG00000122359","chr10","MA0065.1","Promoter (<=1kb)",311,"ENST00000265447.8","ENSG00000122359","ANXA11",3.39e-09,0.221,599,41
"2190","GHITM",0.30476915539116,"ENSG00000165678","chr10","MA0065.1","Promoter (1-2kb)",27069,"ENST00000691609.1","ENSG00000165678","GHITM",9.82e-05,0.687,-1230,37
"2191","CCSER2",0.801838213054252,"ENSG00000107771","chr10","MA0065.1","Promoter (2-3kb)",54462,"ENST00000543283.2","ENSG00000107771","CCSER2",3.1e-05,0.654,-2588,36
"2192","WAPL",0.259327586180649,"ENSG00000062650","chr10","MA0065.1","Promoter (2-3kb)",23063,"ENST00000372075.2","ENSG00000062650","WAPL",2.03e-05,0.633,-2220,33
"2193","LDB3",3.19280333786974,"ENSG00000122367","chr10","MA0065.1","Promoter (<=1kb)",11155,"ENST00000687598.1","ENSG00000122367","LDB3",4.4e-06,0.572,633,36
"2194","BMPR1A",0.766768145940172,"ENSG00000107779","chr10","MA0065.1","Promoter (2-3kb)",657,"ENST00000713669.1","ENSG00000107779","BMPR1A",3.56e-05,0.662,-2340,35
"2195","ATAD1",0.428197766189983,"ENSG00000138138","chr10","MA0066.2","Promoter (1-2kb)",84896,"ENST00000680388.1","ENSG00000138138","ATAD1",8.83e-05,0.744,-1315,4
"2196","PTEN",0.66070777399486,"ENSG00000171862","chr10","MA0065.1","Promoter (1-2kb)",5728,"ENST00000700024.1","ENSG00000171862","PTEN",7.16e-06,0.573,-1762,36
"2197","RNLS",0.277666159467986,"ENSG00000184719","chr10","MA0065.1","Promoter (<=1kb)",55328,"ENST00000371947.7","ENSG00000184719","RNLS",7.53e-05,0.682,-161,13
"2198","PANK1",0.239301244112352,"ENSG00000152782","chr10","MA0065.1","Promoter (<=1kb)",53354,"ENST00000322191.10","ENSG00000152782","PANK1",8.06e-05,0.682,514,10
"2199","ANKRD1",2.76242690190515,"ENSG00000148677","chr10","MA0066.1","Promoter (<=1kb)",27063,"ENST00000371697.4","ENSG00000148677","ANKRD1",4.35e-05,0.665,-479,24
"2200","PCGF5",0.558955413789182,"ENSG00000180628","chr10","MA0065.1","Promoter (<=1kb)",84333,"ENST00000614189.4","ENSG00000180628","PCGF5",4.24e-05,0.665,-890,40
"2201","PPP1R3C",0.943550549046601,"ENSG00000119938","chr10","MA0066.1","Promoter (<=1kb)",5507,"ENST00000238994.6","ENSG00000119938","PPP1R3C",3.87e-05,0.656,0,23
"2202","BTAF1",0.262071842999164,"ENSG00000095564","chr10","MA0065.1","Promoter (<=1kb)",9044,"ENST00000476401.1","ENSG00000095564","BTAF1",3.45e-05,0.662,-570,30
"2203","CPEB3",0.973567622009593,"ENSG00000107864","chr10","MA0065.1","Promoter (<=1kb)",22849,"ENST00000614585.4","ENSG00000107864","CPEB3",5.18e-05,0.667,-117,36
"2204","IDE",0.27881855408491,"ENSG00000119912","chr10","MA0065.1","Promoter (2-3kb)",3416,"ENST00000371581.9","ENSG00000119912","IDE",1.8e-05,0.624,-2132,38
"2205","EXOC6",0.506508179806187,"ENSG00000138190","chr10","MA0065.1","Promoter (<=1kb)",54536,"ENST00000671701.1","ENSG00000138190","EXOC6",3.71e-06,0.572,858,39
"2206","MYOF",0.326348268104001,"ENSG00000138119","chr10","MA0065.1","Promoter (1-2kb)",26509,"ENST00000485212.1","ENSG00000138119","MYOF",2.91e-05,0.652,-1741,37
"2207","PLCE1",0.312620308099258,"ENSG00000138193","chr10","MA0065.1","Promoter (<=1kb)",51196,"ENST00000685889.1","ENSG00000138193","PLCE1",6.13e-06,0.572,688,33
"2208","PDLIM1",0.407271557053137,"ENSG00000107438","chr10","MA0065.1","Promoter (<=1kb)",9124,"ENST00000477757.5","ENSG00000107438","PDLIM1",5.47e-06,0.572,-741,36
"2209","SORBS1",2.74301213527603,"ENSG00000095637","chr10","MA0065.1","Promoter (<=1kb)",10580,"ENST00000492542.1","ENSG00000095637","SORBS1",4.35e-06,0.572,-24,36
"2210","ZNF518A",0.392869459060728,"ENSG00000177853","chr10","MA0065.1","Promoter (2-3kb)",9849,"ENST00000534948.2","ENSG00000177853","ZNF518A",7.86e-05,0.682,-2241,27
"2211","TM9SF3",0.341217278474437,"ENSG00000077147","chr10","MA0065.1","Promoter (<=1kb)",56889,"ENST00000485093.1","ENSG00000077147","TM9SF3",1.44e-05,0.623,-582,34
"2212","LCOR",0.548256303741212,"ENSG00000196233","chr10","MA0065.1","Promoter (1-2kb)",84458,"ENST00000463415.1","ENSG00000196233","LCOR",4.94e-06,0.572,-1580,33
"2213","PGAM1",0.260005729692086,"ENSG00000171314","chr10","MA0065.1","Promoter (<=1kb)",5223,"ENST00000467867.1","ENSG00000171314","PGAM1",8.96e-05,0.683,718,28
"2214","MMS19",0.224569835213051,"ENSG00000155229","chr10","MA0065.1","Promoter (<=1kb)",64210,"ENST00000495415.5","ENSG00000155229","MMS19",1.44e-05,0.623,153,28
"2215","UBTD1",0.206919579571061,"ENSG00000165886","chr10","PPARG_M10636_3.10","Promoter (<=1kb)",80019,"ENST00000370664.4","ENSG00000165886","UBTD1",5.08e-05,0.236,587,5
"2216","ANKRD2",0.665182537195862,"ENSG00000165887","chr10","MA0065.1","Promoter (2-3kb)",26287,"ENST00000298808.9","ENSG00000165887","ANKRD2",7.16e-05,0.682,-2531,25
"2217","R3HCC1L",0.215768306252368,"ENSG00000166024","chr10","MA0065.1","Promoter (1-2kb)",27291,"ENST00000370584.7","ENSG00000166024","R3HCC1L",2.18e-05,0.636,-1748,39
"2218","GOT1",0.878106934846426,"ENSG00000120053","chr10","MA0065.1","Promoter (2-3kb)",2805,"ENST00000489349.1","ENSG00000120053","GOT1",2.33e-05,0.637,-2190,37
"2219","CUTC",0.295225491970561,"ENSG00000119929","chr10","PPARG_M10636_3.10","Promoter (1-2kb)",51076,"ENST00000493385.5","ENSG00000119929","CUTC",5.18e-05,0.237,-1832,8
"2220","SLF2",0.256220415633953,"ENSG00000119906","chr10","MA0065.1","Promoter (1-2kb)",55719,"ENST00000238961.9","ENSG00000119906","SLF2",8.09e-06,0.584,-1509,36
"2221","BTRC",0.702942105580981,"ENSG00000166167","chr10","MA0065.1","Promoter (1-2kb)",8945,"ENST00000493877.1","ENSG00000166167","BTRC",1.04e-07,0.453,-1185,32
"2222","FBXW4",0.373998532801984,"ENSG00000107829","chr10","MA0065.1","Promoter (<=1kb)",6468,"ENST00000470093.5","ENSG00000107829","FBXW4",1.46e-05,0.623,-938,27
"2223","KCNIP2",0.334702270939472,"ENSG00000120049","chr10","MA0065.1","Promoter (1-2kb)",30819,"ENST00000348850.9","ENSG00000120049","KCNIP2",2.52e-05,0.643,-1723,32
"2224","GBF1",0.906748084350259,"ENSG00000107862","chr10","MA0065.1","Promoter (<=1kb)",8729,"ENST00000676993.1","ENSG00000107862","GBF1",1.1e-06,0.563,279,39
"2225","WBP1L",0.236606840195191,"ENSG00000166272","chr10","MA0065.1","Promoter (<=1kb)",54838,"ENST00000448841.7","ENSG00000166272","WBP1L",5.65e-06,0.572,-89,34
"2226","CNNM2",0.549676189081054,"ENSG00000148842","chr10","MA0065.1","Promoter (<=1kb)",54805,"ENST00000475511.1","ENSG00000148842","CNNM2",2.1e-06,0.563,-413,35
"2227","NT5C2",0.539113428249395,"ENSG00000076685","chr10","MA0065.1","Promoter (<=1kb)",22978,"ENST00000343289.9","ENSG00000076685","NT5C2",6.22e-06,0.572,-811,42
"2228","SH3PXD2A",0.423039077548359,"ENSG00000107957","chr10","MA0065.1","Promoter (<=1kb)",9644,"ENST00000692756.1","ENSG00000107957","SH3PXD2A",3.03e-05,0.653,-870,37
"2229","GSTO1",0.207119694363915,"ENSG00000148834","chr10","MA0065.1","Promoter (<=1kb)",9446,"ENST00000539281.5","ENSG00000148834","GSTO1",3.2e-06,0.572,155,23
"2230","ITPRIP",0.386370551417727,"ENSG00000148841","chr10","MA0065.1","Promoter (2-3kb)",85450,"ENST00000358187.2","ENSG00000148841","ITPRIP",5.73e-06,0.572,-2242,34
"2231","ADD3",0.603613696331396,"ENSG00000148700","chr10","MA0065.1","Promoter (<=1kb)",120,"ENST00000360162.7","ENSG00000148700","ADD3",2.79e-06,0.572,-39,39
"2232","MXI1",0.437116353632679,"ENSG00000119950","chr10","MA0065.1","Promoter (<=1kb)",4601,"ENST00000332674.9","ENSG00000119950","MXI1",6.02e-06,0.572,-740,28
"2233","RBM20",2.44221932129381,"ENSG00000203867","chr10","MA0065.1","Promoter (<=1kb)",282996,"ENST00000465774.2","ENSG00000203867","RBM20",6.21e-05,0.676,746,34
"2234","BBIP1",0.209305952467394,"ENSG00000214413","chr10","MA1148.2","Promoter (<=1kb)",92482,"ENST00000652043.1","ENSG00000214413","BBIP1",9.93e-05,0.593,181,5
"2235","SHOC2",0.271456681342078,"ENSG00000108061","chr10","MA0066.1","Promoter (<=1kb)",8036,"ENST00000691843.1","ENSG00000108061","SHOC2",4.71e-05,0.669,886,35
"2236","VTI1A",0.618164300317951,"ENSG00000151532","chr10","MA0065.1","Promoter (<=1kb)",143187,"ENST00000780933.1","ENSG00000151532","VTI1A",4.92e-05,0.667,-562,34
"2237","TCF7L2",0.4638186139251,"ENSG00000148737","chr10","MA0065.1","Promoter (<=1kb)",6934,"ENST00000277945.12","ENSG00000148737","TCF7L2",2.76e-05,0.649,87,9
"2238","NRAP",1.06124209157647,"ENSG00000197893","chr10","MA0065.1","Promoter (<=1kb)",4892,"ENST00000359988.4","ENSG00000197893","NRAP",5.66e-05,0.672,568,13
"2239","NHLRC2",0.777792729844478,"ENSG00000196865","chr10","MA0066.1","Promoter (<=1kb)",374354,"ENST00000468890.1","ENSG00000196865","NHLRC2",4.42e-05,0.666,165,15
"2240","ABLIM1",2.78231758639021,"ENSG00000099204","chr10","MA0065.1","Promoter (<=1kb)",3983,"ENST00000440467.5","ENSG00000099204","ABLIM1",9.78e-07,0.563,176,34
"2241","ATRNL1",0.224399199102863,"ENSG00000107518","chr10","MA0065.1","Promoter (<=1kb)",26033,"ENST00000449616.2","ENSG00000107518","ATRNL1",5.88e-05,0.673,-902,39
"2242","CACUL1",0.444516040804281,"ENSG00000151893","chr10","MA0065.1","Promoter (<=1kb)",143384,"ENST00000544392.5","ENSG00000151893","CACUL1",3.23e-05,0.657,-933,12
"2243","EIF3A",0.330690215580334,"ENSG00000107581","chr10","MA0065.1","Promoter (<=1kb)",8661,"ENST00000369144.8","ENSG00000107581","EIF3A",4.89e-05,0.667,-236,36
"2244","SFXN4",0.268963970886356,"ENSG00000183605","chr10","MA0066.1","Promoter (<=1kb)",119559,"ENST00000462913.1","ENSG00000183605","SFXN4",3.21e-05,0.647,340,23
"2245","PRDX3",0.227334107625467,"ENSG00000165672","chr10","MA0065.1","Promoter (<=1kb)",10935,"ENST00000494433.1","ENSG00000165672","PRDX3",1.47e-05,0.623,0,39
"2246","GRK5",0.342328051891145,"ENSG00000198873","chr10","MA0065.1","Promoter (<=1kb)",2869,"ENST00000369108.4","ENSG00000198873","GRK5",3.41e-05,0.661,-451,36
"2247","TIAL1",0.209777984689978,"ENSG00000151923","chr10","MA0065.1","Promoter (<=1kb)",7073,"ENST00000470635.1","ENSG00000151923","TIAL1",3.17e-05,0.655,-42,25
"2248","INPP5F",0.228321863389823,"ENSG00000198825","chr10","MA0065.1","Promoter (2-3kb)",22876,"ENST00000649297.1","ENSG00000198825","INPP5F",3.62e-05,0.662,-2239,22
"2249","WDR11",0.25294079768566,"ENSG00000120008","chr10","MA0065.1","Promoter (<=1kb)",55717,"ENST00000604509.5","ENSG00000120008","WDR11",6.99e-06,0.572,-774,34
"2250","ATE1",0.53238112072476,"ENSG00000107669","chr10","MA0066.1","Promoter (1-2kb)",11101,"ENST00000691041.1","ENSG00000107669","ATE1",7.66e-06,0.607,-1809,31
"2251","TACC2",1.70586960168457,"ENSG00000138162","chr10","MA0065.1","Promoter (<=1kb)",10579,"ENST00000492237.5","ENSG00000138162","TACC2",6.55e-06,0.572,424,26
"2252","PLEKHA1",0.440467116535763,"ENSG00000107679","chr10","MA0065.1","Promoter (<=1kb)",59338,"ENST00000433307.2","ENSG00000107679","PLEKHA1",2.43e-05,0.641,937,27
"2253","CTBP2",0.466142261731706,"ENSG00000175029","chr10","MA0065.1","Promoter (<=1kb)",1488,"ENST00000395705.3","ENSG00000175029","CTBP2",2.57e-06,0.572,-201,29
"2254","BCCIP",0.224348727597433,"ENSG00000107949","chr10","MA0065.1","Promoter (<=1kb)",56647,"ENST00000478798.1","ENSG00000107949","BCCIP",9.67e-05,0.686,138,19
"2255","DHX32",0.475325802668895,"ENSG00000089876","chr10","MA0065.1","Promoter (2-3kb)",55760,"ENST00000368721.5","ENSG00000089876","DHX32",2.45e-05,0.641,-2794,38
"2256","DOCK1",0.349911078405113,"ENSG00000150760","chr10","MA0065.1","Promoter (<=1kb)",1793,"ENST00000484400.5","ENSG00000150760","DOCK1",3.08e-06,0.572,-806,23
"2257","PTPRE",0.700988627677644,"ENSG00000132334","chr10","MA0065.1","Promoter (1-2kb)",5791,"ENST00000467366.1","ENSG00000132334","PTPRE",2.27e-06,0.563,-1627,32
"2258","GLRX3",0.249287416415826,"ENSG00000108010","chr10","MA0065.1","Promoter (<=1kb)",10539,"ENST00000486974.1","ENSG00000108010","GLRX3",8.18e-05,0.682,452,28
"2259","PPP2R2D",0.292359760353478,"ENSG00000175470","chr10","MA0065.1","Promoter (<=1kb)",55844,"ENST00000517472.1","ENSG00000175470","PPP2R2D",7.97e-06,0.582,-990,29
"2260","BNIP3",0.330174276710126,"ENSG00000176171","chr10","MA0066.1","Promoter (2-3kb)",664,"ENST00000633835.2","ENSG00000176171","BNIP3",3.99e-05,0.659,-2115,25
"2261","INPP5A",0.251241900378197,"ENSG00000068383","chr10","MA0065.1","Promoter (<=1kb)",3632,"ENST00000423490.5","ENSG00000068383","INPP5A",9.75e-07,0.563,309,36
"2262","KDM5A",0.314883146734563,"ENSG00000073614","chr12","MA0065.1","Promoter (<=1kb)",5927,"ENST00000541335.1","ENSG00000073614","KDM5A",3.8e-06,0.572,824,36
"2263","B4GALNT3",0.769908434755709,"ENSG00000139044","chr12","MA0065.1","Promoter (<=1kb)",283358,"ENST00000647602.1","ENSG00000139044","B4GALNT3",1.23e-06,0.563,537,42
"2264","WNK1",1.06830787538566,"ENSG00000060237","chr12","MA0065.1","Promoter (<=1kb)",65125,"ENST00000530271.6","ENSG00000060237","WNK1",9.6e-06,0.601,0,4
"2265","ERC1",1.2650433413432,"ENSG00000082805","chr12","MA0065.1","Promoter (2-3kb)",23085,"ENST00000515210.2","ENSG00000082805","ERC1",1.89e-05,0.628,-2676,26
"2266","ADIPOR2",0.237794687928515,"ENSG00000006831","chr12","MA0065.1","Promoter (<=1kb)",79602,"ENST00000537545.1","ENSG00000006831","ADIPOR2",1.8e-05,0.624,280,33
"2267","DCP1B",0.439608972749516,"ENSG00000151065","chr12","MA0065.1","Promoter (<=1kb)",196513,"ENST00000540622.1","ENSG00000151065","DCP1B",4.68e-05,0.667,-220,24
"2268","CACNA1C",2.82206338418637,"ENSG00000151067","chr12","MA0065.1","Promoter (<=1kb)",775,"ENST00000465934.1","ENSG00000151067","CACNA1C",2.48e-08,0.332,-761,42
"2269","ITFG2",0.239186852198244,"ENSG00000111203","chr12","MA0065.1","Promoter (<=1kb)",55846,"ENST00000545509.2","ENSG00000111203","ITFG2",4.57e-06,0.572,140,29
"2270","TSPAN9",0.779840403043528,"ENSG00000011105","chr12","MA0065.1","Promoter (2-3kb)",10867,"ENST00000492305.1","ENSG00000011105","TSPAN9",3.17e-05,0.655,-2264,41
"2271","CCND2",0.424808438443949,"ENSG00000118971","chr12","MA0065.1","Promoter (<=1kb)",894,"ENST00000541542.1","ENSG00000118971","CCND2",3.59e-06,0.572,178,4
"2272","GAPDH",0.907813940657763,"ENSG00000111640","chr12","MA0066.1","Promoter (<=1kb)",2597,"ENST00000619601.1","ENSG00000111640","GAPDH",2.73e-06,0.579,-383,38
"2273","TPI1",0.389548387153218,"ENSG00000111669","chr12","MA0065.1","Promoter (<=1kb)",7167,"ENST00000482209.1","ENSG00000111669","TPI1",1.15e-05,0.622,-144,39
"2274","LPCAT3",0.398340925088227,"ENSG00000111684","chr12","MA0065.1","Promoter (1-2kb)",10162,"ENST00000535479.5","ENSG00000111684","LPCAT3",3.42e-05,0.661,-1025,42
"2275","A2M",0.355268881433896,"ENSG00000175899","chr12","MA0065.1","Promoter (<=1kb)",2,"ENST00000462568.1","ENSG00000175899","A2M",2.56e-05,0.644,-248,20
"2276","GABARAPL1",0.332508095622731,"ENSG00000139112","chr12","MA0066.2","Promoter (<=1kb)",23710,"ENST00000539408.5","ENSG00000139112","GABARAPL1",9.88e-05,0.748,-822,33
"2277","KLRD1",0.270884753598658,"ENSG00000134539","chr12","MA0065.1","Promoter (<=1kb)",3824,"ENST00000539792.1","ENSG00000134539","KLRD1",2.69e-05,0.647,831,34
"2278","YBX3",0.451859699399264,"ENSG00000060138","chr12","MA0065.1","Promoter (<=1kb)",8531,"ENST00000546164.5","ENSG00000060138","YBX3",5.33e-05,0.669,160,26
"2279","ETV6",0.545686691683641,"ENSG00000139083","chr12","MA0065.1","Promoter (1-2kb)",2120,"ENST00000266427.3","ENSG00000139083","ETV6",3.43e-07,0.555,-1675,42
"2280","LRP6",0.249133509749215,"ENSG00000070018","chr12","MA0065.1","Promoter (<=1kb)",4040,"ENST00000540527.5","ENSG00000070018","LRP6",2.71e-05,0.648,-437,25
"2281","DUSP16",0.220671430084628,"ENSG00000111266","chr12","MA0065.1","Promoter (1-2kb)",80824,"ENST00000545864.1","ENSG00000111266","DUSP16",2.89e-05,0.651,-1054,37
"2282","ATF7IP",0.507472254544862,"ENSG00000171681","chr12","MA0065.1","Promoter (<=1kb)",55729,"ENST00000541654.1","ENSG00000171681","ATF7IP",4.51e-08,0.369,250,29
"2283","STRAP",0.263237279881417,"ENSG00000023734","chr12","MA0065.1","Promoter (1-2kb)",11171,"ENST00000538718.1","ENSG00000023734","STRAP",2.3e-05,0.637,-1158,17
"2284","PLEKHA5",1.95868449698559,"ENSG00000052126","chr12","MA0065.1","Promoter (<=1kb)",54477,"ENST00000706623.1","ENSG00000052126","PLEKHA5",4.91e-06,0.572,578,33
"2285","AEBP2",0.454313890604078,"ENSG00000139154","chr12","MA0065.1","Promoter (2-3kb)",121536,"ENST00000512223.6","ENSG00000139154","AEBP2",2.67e-05,0.647,-2654,26
"2286","PDE3A",2.52570092074345,"ENSG00000172572","chr12","MA0065.1","Promoter (2-3kb)",5139,"ENST00000359062.4","ENSG00000172572","PDE3A",7.6e-05,0.682,-2513,28
"2287","LDHB",0.737329832065534,"ENSG00000111716","chr12","MA0065.1","Promoter (<=1kb)",3945,"ENST00000470985.3","ENSG00000111716","LDHB",1.04e-06,0.563,-146,31
"2288","ABCC9",0.491857556340206,"ENSG00000069431","chr12","MA0065.1","Promoter (<=1kb)",10060,"ENST00000636888.1","ENSG00000069431","ABCC9",5.96e-06,0.572,102,28
"2289","C2CD5",0.284482208800222,"ENSG00000111731","chr12","MA0065.1","Promoter (1-2kb)",9847,"ENST00000540245.5","ENSG00000111731","C2CD5",1.99e-05,0.632,-1411,29
"2290","RASSF8",0.217791545627619,"ENSG00000123094","chr12","MA0065.1","Promoter (<=1kb)",11228,"ENST00000539545.1","ENSG00000123094","RASSF8",1.18e-05,0.623,252,33
"2291","ITPR2",0.5986511641051,"ENSG00000123104","chr12","MA0065.1","Promoter (<=1kb)",3709,"ENST00000381340.8","ENSG00000123104","ITPR2",1.08e-05,0.615,-830,32
"2292","STK38L",0.541772212645083,"ENSG00000211455","chr12","MA0065.1","Promoter (<=1kb)",23012,"ENST00000543992.1","ENSG00000211455","STK38L",5.72e-07,0.563,940,30
"2293","PPFIBP1",1.35114814594633,"ENSG00000110841","chr12","MA0065.1","Promoter (<=1kb)",8496,"ENST00000540256.1","ENSG00000110841","PPFIBP1",1.9e-05,0.628,670,18
"2294","CCDC91",0.871441818270643,"ENSG00000123106","chr12","MA0065.1","Promoter (1-2kb)",55297,"ENST00000539107.5","ENSG00000123106","CCDC91",7.65e-06,0.579,-1976,29
"2295","FAR2",0.469526778715404,"ENSG00000064763","chr12","MA0065.1","Promoter (<=1kb)",55711,"ENST00000686974.1","ENSG00000064763","FAR2",1.9e-05,0.628,-759,36
"2296","ERGIC2",0.218260346970092,"ENSG00000087502","chr12","MA0065.1","Promoter (2-3kb)",51290,"ENST00000552132.5","ENSG00000087502","ERGIC2",4.53e-06,0.572,-2241,35
"2297","TMTC1",0.815077749509562,"ENSG00000133687","chr12","MA0065.1","Promoter (<=1kb)",83857,"ENST00000256062.9","ENSG00000133687","TMTC1",6.9e-06,0.572,-899,29
"2298","DENND5B",0.995631147955451,"ENSG00000170456","chr12","MA0066.1","Promoter (1-2kb)",160518,"ENST00000537061.1","ENSG00000170456","DENND5B",5.09e-05,0.675,-1725,23
"2299","AMN1",0.247689086020476,"ENSG00000151743","chr12","MA0065.1","Promoter (2-3kb)",196394,"ENST00000535408.5","ENSG00000151743","AMN1",7.05e-05,0.682,-2225,34
"2300","BICD1",0.42514780723526,"ENSG00000151746","chr12","MA0065.1","Promoter (<=1kb)",636,"ENST00000652176.1","ENSG00000151746","BICD1",1.35e-06,0.563,-976,25
"2301","FGD4",1.07588681005253,"ENSG00000139132","chr12","MA0065.1","Promoter (<=1kb)",121512,"ENST00000472289.5","ENSG00000139132","FGD4",6.09e-06,0.572,-191,40
"2302","DNM1L",0.408888688038918,"ENSG00000087470","chr12","MA0065.1","Promoter (<=1kb)",10059,"ENST00000547548.1","ENSG00000087470","DNM1L",2.53e-05,0.643,522,6
"2303","PKP2",1.80568354986275,"ENSG00000057294","chr12","MA0065.1","Promoter (<=1kb)",5318,"ENST00000700565.1","ENSG00000057294","PKP2",2.48e-05,0.641,701,23
"2304","KIF21A",0.788192821482772,"ENSG00000139116","chr12","MA0065.1","Promoter (<=1kb)",55605,"ENST00000361961.7","ENSG00000139116","KIF21A",4.28e-07,0.563,-351,37
"2305","SLC2A13",0.407036688950462,"ENSG00000151229","chr12","MA0065.1","Promoter (<=1kb)",114134,"ENST00000280871.9","ENSG00000151229","SLC2A13",8.06e-06,0.583,869,31
"2306","YAF2",0.836819155310832,"ENSG00000015153","chr12","MA0066.1","Promoter (<=1kb)",10138,"ENST00000551528.5","ENSG00000015153","YAF2",3.21e-05,0.647,-698,19
"2307","PPHLN1",0.357869701489029,"ENSG00000134283","chr12","MA0065.1","Promoter (<=1kb)",51535,"ENST00000547847.1","ENSG00000134283","PPHLN1",7.79e-05,0.682,330,6
"2308","PRICKLE1",0.499397456398284,"ENSG00000139174","chr12","MA0065.1","Promoter (<=1kb)",144165,"ENST00000445766.7","ENSG00000139174","PRICKLE1",1.48e-05,0.623,-40,41
"2309","TMEM117",0.68783242214427,"ENSG00000139173","chr12","MA0065.1","Promoter (<=1kb)",84216,"ENST00000546868.5","ENSG00000139173","TMEM117",2.28e-05,0.637,246,26
"2310","ANO6",0.566120202356085,"ENSG00000177119","chr12","MA0065.1","Promoter (2-3kb)",196527,"ENST00000551667.1","ENSG00000177119","ANO6",3.06e-05,0.654,-2879,27
"2311","ARID2",0.615982816548994,"ENSG00000189079","chr12","MA0065.1","Promoter (<=1kb)",196528,"ENST00000426776.5","ENSG00000189079","ARID2",5.63e-06,0.572,320,38
"2312","SCAF11",0.808499478288235,"ENSG00000139218","chr12","MA0065.1","Promoter (<=1kb)",9169,"ENST00000395454.6","ENSG00000139218","SCAF11",7.63e-07,0.563,-357,27
"2313","SLC38A1",0.635180584512033,"ENSG00000111371","chr12","MA0065.1","Promoter (2-3kb)",81539,"ENST00000612161.4","ENSG00000111371","SLC38A1",5.37e-06,0.572,-2831,36
"2314","SLC38A2",0.340960418579857,"ENSG00000134294","chr12","MA0065.1","Promoter (<=1kb)",54407,"ENST00000612232.1","ENSG00000134294","SLC38A2",2.02e-05,0.633,675,13
"2315","HDAC7",0.327657008143837,"ENSG00000061273","chr12","MA0065.1","Promoter (1-2kb)",51564,"ENST00000477203.6","ENSG00000061273","HDAC7",5.32e-06,0.572,-1078,22
"2316","PFKM",0.344012147908941,"ENSG00000152556","chr12","MA0065.1","Promoter (<=1kb)",5213,"ENST00000548288.5","ENSG00000152556","PFKM",7.47e-06,0.576,506,32
"2317","ADCY6",0.487036823675287,"ENSG00000174233","chr12","MA0065.1","Promoter (<=1kb)",112,"ENST00000552090.1","ENSG00000174233","ADCY6",1.49e-06,0.563,743,34
"2318","PRKAG1",0.328253078146137,"ENSG00000181929","chr12","MA0065.1","Promoter (<=1kb)",5571,"ENST00000547082.1","ENSG00000181929","PRKAG1",3.62e-05,0.662,-252,31
"2319","TUBA1B",0.227759526439945,"ENSG00000123416","chr12","MA1550.2","Promoter (<=1kb)",10376,"ENST00000549870.5","ENSG00000123416","TUBA1B",9.6e-05,0.694,-213,19
"2320","SPATS2",0.346932710207799,"ENSG00000123352","chr12","MA0065.1","Promoter (2-3kb)",65244,"ENST00000547003.1","ENSG00000123352","SPATS2",3.41e-06,0.572,-2328,34
"2321","PRPF40B",0.335434281532516,"ENSG00000110844","chr12","MA0065.1","Promoter (<=1kb)",25766,"ENST00000261897.5","ENSG00000110844","PRPF40B",2.7e-06,0.572,94,28
"2322","TMBIM6",0.276749557438745,"ENSG00000139644","chr12","MA0065.1","Promoter (<=1kb)",7009,"ENST00000549130.5","ENSG00000139644","TMBIM6",3.28e-07,0.555,-358,32
"2323","LARP4",0.42670345425903,"ENSG00000161813","chr12","MA0065.1","Promoter (1-2kb)",113251,"ENST00000520064.2","ENSG00000161813","LARP4",3.51e-05,0.662,-1259,34
"2324","DIP2B",0.587700263337586,"ENSG00000066084","chr12","MA0065.1","Promoter (<=1kb)",57609,"ENST00000549620.5","ENSG00000066084","DIP2B",3.1e-05,0.654,-201,35
"2325","ATF1",0.223964742822358,"ENSG00000123268","chr12","MA0066.1","Promoter (<=1kb)",466,"ENST00000552510.5","ENSG00000123268","ATF1",5.39e-05,0.68,-199,34
"2326","TFCP2",0.523673049617948,"ENSG00000135457","chr12","MA0066.1","Promoter (<=1kb)",7024,"ENST00000548108.1","ENSG00000135457","TFCP2",2.04e-05,0.647,798,8
"2327","NR4A1",0.33988109971564,"ENSG00000123358","chr12","MA0065.1","Promoter (1-2kb)",3164,"ENST00000550082.5","ENSG00000123358","NR4A1",1.1e-05,0.616,-1235,35
"2328","EIF4B",0.326698093200805,"ENSG00000063046","chr12","MA0065.1","Promoter (1-2kb)",1975,"ENST00000551527.5","ENSG00000063046","EIF4B",2.51e-05,0.643,-1009,34
"2329","TNS2",0.267352927834532,"ENSG00000111077","chr12","MA0065.1","Promoter (<=1kb)",23371,"ENST00000551583.1","ENSG00000111077","TNS2",9.53e-06,0.601,-108,25
"2330","PFDN5",0.275696974688103,"ENSG00000123349","chr12","MA0065.1","Promoter (2-3kb)",5204,"ENST00000551018.5","ENSG00000123349","PFDN5",7.5e-05,0.682,-2189,36
"2331","PCBP2",0.359294248245225,"ENSG00000197111","chr12","MA0065.1","Promoter (<=1kb)",5094,"ENST00000547048.5","ENSG00000197111","PCBP2",1.17e-06,0.563,99,25
"2332","HNRNPA1",0.332629322466968,"ENSG00000135486","chr12","MA0065.1","Promoter (<=1kb)",3178,"ENST00000677636.1","ENSG00000135486","HNRNPA1",9.37e-05,0.686,-135,12
"2333","ITGA7",0.818253208303957,"ENSG00000135424","chr12","MA0065.1","Promoter (<=1kb)",3679,"ENST00000687390.1","ENSG00000135424","ITGA7",1.98e-05,0.632,473,32
"2334","CD63",0.425464163395216,"ENSG00000135404","chr12","MA0065.1","Promoter (<=1kb)",967,"ENST00000555199.1","ENSG00000135404","CD63",1.65e-06,0.563,-36,22
"2335","MYL6",0.581837568768785,"ENSG00000092841","chr12","MA0065.1","Promoter (<=1kb)",4637,"ENST00000546845.1","ENSG00000092841","MYL6",1.16e-05,0.622,546,36
"2336","COQ10A",0.37646797081425,"ENSG00000135469","chr12","MA0065.1","Promoter (<=1kb)",93058,"ENST00000553234.1","ENSG00000135469","COQ10A",1.77e-05,0.623,-25,9
"2337","CS",0.304940146794816,"ENSG00000062485","chr12","MA0065.1","Promoter (<=1kb)",1431,"ENST00000546585.1","ENSG00000062485","CS",9.06e-05,0.683,-606,30
"2338","PTGES3",0.371581616667683,"ENSG00000110958","chr12","MA0065.1","Promoter (<=1kb)",10728,"ENST00000614328.4","ENSG00000110958","PTGES3",5.46e-05,0.67,-475,37
"2339","R3HDM2",0.810242212849052,"ENSG00000179912","chr12","MA0065.1","Promoter (<=1kb)",22864,"ENST00000448732.1","ENSG00000179912","R3HDM2",4.18e-05,0.664,311,15
"2340","DDIT3",0.28917006167136,"ENSG00000175197","chr12","MA1556.1","Promoter (<=1kb)",1649,"ENST00000551116.5","ENSG00000175197","DDIT3",6.72e-06,0.521,-60,9
"2341","OS9",0.218031149946576,"ENSG00000135506","chr12","MA0065.1","Promoter (<=1kb)",10956,"ENST00000549307.5","ENSG00000135506","OS9",4e-06,0.572,468,30
"2342","SLC16A7",0.758502435534357,"ENSG00000118596","chr12","MA0065.1","Promoter (<=1kb)",9194,"ENST00000549305.1","ENSG00000118596","SLC16A7",6.22e-06,0.572,458,19
"2343","USP15",0.774107181428996,"ENSG00000135655","chr12","MA0065.1","Promoter (2-3kb)",9958,"ENST00000552997.1","ENSG00000135655","USP15",2.06e-06,0.563,-2483,34
"2344","MON2",0.602334871395893,"ENSG00000061987","chr12","MA0065.1","Promoter (1-2kb)",23041,"ENST00000546751.1","ENSG00000061987","MON2",5.16e-05,0.667,-1794,23
"2345","PPM1H",0.252174723917398,"ENSG00000111110","chr12","MA0065.1","Promoter (2-3kb)",57460,"ENST00000551214.5","ENSG00000111110","PPM1H",1.32e-05,0.623,-2205,38
"2346","DPY19L2",1.5070797772782,"ENSG00000177990","chr12","MA0065.1","Promoter (<=1kb)",283417,"ENST00000413230.6","ENSG00000177990","DPY19L2",1.83e-05,0.625,654,31
"2347","SRGAP1",0.284616739957218,"ENSG00000196935","chr12","MA0065.1","Promoter (<=1kb)",57522,"ENST00000537556.1","ENSG00000196935","SRGAP1",3.94e-05,0.662,68,31
"2348","RASSF3",0.373942823685456,"ENSG00000153179","chr12","MA0065.1","Promoter (<=1kb)",283349,"ENST00000540088.1","ENSG00000153179","RASSF3",1.23e-05,0.623,723,30
"2349","GNS",0.220749738271881,"ENSG00000135677","chr12","MA0065.1","Promoter (<=1kb)",2799,"ENST00000537823.1","ENSG00000135677","GNS",4.45e-06,0.572,987,25
"2350","MSRB3",1.2114780024855,"ENSG00000174099","chr12","MA0065.1","Promoter (<=1kb)",253827,"ENST00000446731.2","ENSG00000174099","MSRB3",3.8e-05,0.662,683,24
"2351","CAND1",0.247221504777527,"ENSG00000111530","chr12","MA0065.1","Promoter (<=1kb)",55832,"ENST00000545606.6","ENSG00000111530","CAND1",1.05e-06,0.563,0,32
"2352","RAP1B",0.24104624252891,"ENSG00000127314","chr12","MA0065.1","Promoter (<=1kb)",5908,"ENST00000541968.1","ENSG00000127314","RAP1B",8.82e-06,0.592,521,22
"2353","CPSF6",0.342367642217581,"ENSG00000111605","chr12","MA0065.1","Promoter (1-2kb)",11052,"ENST00000435070.7","ENSG00000111605","CPSF6",9.06e-05,0.683,-1517,29
"2354","FRS2",0.397371182335456,"ENSG00000166225","chr12","MA0065.1","Promoter (<=1kb)",10818,"ENST00000550169.5","ENSG00000166225","FRS2",9.99e-05,0.688,505,17
"2355","CNOT2",0.36426695723705,"ENSG00000111596","chr12","MA0065.1","Promoter (<=1kb)",4848,"ENST00000551710.1","ENSG00000111596","CNOT2",1.7e-06,0.563,416,28
"2356","RAB21",0.393081342953544,"ENSG00000080371","chr12","MA0065.1","Promoter (<=1kb)",23011,"ENST00000261263.5","ENSG00000080371","RAB21",4.93e-06,0.572,-989,40
"2357","TBC1D15",0.220199811026383,"ENSG00000121749","chr12","MA0065.1","Promoter (1-2kb)",64786,"ENST00000482439.6","ENSG00000121749","TBC1D15",9.1e-06,0.595,-1909,20
"2358","CAPS2",0.464409386928379,"ENSG00000180881","chr12","MA0065.1","Promoter (<=1kb)",84698,"ENST00000409799.6","ENSG00000180881","CAPS2",1.61e-05,0.623,252,22
"2359","NAP1L1",0.539978271675734,"ENSG00000187109","chr12","MA0065.1","Promoter (2-3kb)",4673,"ENST00000542344.5","ENSG00000187109","NAP1L1",1.89e-05,0.628,-2663,38
"2360","OSBPL8",0.64610914864016,"ENSG00000091039","chr12","MA0065.1","Promoter (2-3kb)",114882,"ENST00000550865.1","ENSG00000091039","OSBPL8",1.53e-05,0.623,-2939,29
"2361","ZDHHC17",0.346351137348007,"ENSG00000186908","chr12","MA0065.1","Promoter (<=1kb)",23390,"ENST00000552693.5","ENSG00000186908","ZDHHC17",3.49e-05,0.662,-387,27
"2362","NAV3",0.219294065352217,"ENSG00000067798","chr12","MA0065.1","Promoter (<=1kb)",89795,"ENST00000547725.1","ENSG00000067798","NAV3",1.11e-05,0.617,0,14
"2363","PPP1R12A",0.67423621363088,"ENSG00000058272","chr12","MA0065.1","Promoter (2-3kb)",4659,"ENST00000548908.3","ENSG00000058272","PPP1R12A",4.75e-06,0.572,-2770,23
"2364","LIN7A",0.430012533880434,"ENSG00000111052","chr12","MA0065.1","Promoter (2-3kb)",8825,"ENST00000552093.1","ENSG00000111052","LIN7A",6.57e-05,0.68,-2271,31
"2365","ACSS3",1.14864945752864,"ENSG00000111058","chr12","MA0065.1","Promoter (2-3kb)",79611,"ENST00000261206.7","ENSG00000111058","ACSS3",1.63e-05,0.623,-2905,34
"2366","PPFIA2",0.215993326882575,"ENSG00000139220","chr12","MA0065.1","Promoter (2-3kb)",8499,"ENST00000548453.5","ENSG00000139220","PPFIA2",9.64e-06,0.602,-2841,28
"2367","METTL25",0.308017681312739,"ENSG00000127720","chr12","MA0065.1","Promoter (<=1kb)",84190,"ENST00000550298.1","ENSG00000127720","METTL25",1.46e-05,0.623,-30,38
"2368","MGAT4C",0.753783492531272,"ENSG00000182050","chr12","MA0066.1","Promoter (<=1kb)",25834,"ENST00000602941.6","ENSG00000182050","MGAT4C",1.17e-05,0.621,562,25
"2369","DCN",0.211628918387205,"ENSG00000011465","chr12","MA0065.1","Promoter (1-2kb)",1634,"ENST00000550758.1","ENSG00000011465","DCN",4.86e-05,0.667,-1171,30
"2370","BTG1",0.351540008064072,"ENSG00000133639","chr12","MA0066.1","Promoter (<=1kb)",694,"ENST00000673901.1","ENSG00000133639","BTG1",4.88e-05,0.672,766,6
"2371","EEA1",0.524449469101744,"ENSG00000102189","chr12","MA0065.1","Promoter (2-3kb)",8411,"ENST00000549790.1","ENSG00000102189","EEA1",7.04e-06,0.572,-2707,39
"2372","NUDT4",0.811951948616575,"ENSG00000173598","chr12","MA0065.1","Promoter (<=1kb)",11163,"ENST00000550056.5","ENSG00000173598","NUDT4",4.17e-05,0.664,-73,3
"2373","CRADD",1.01677490862149,"ENSG00000169372","chr12","MA0065.1","Promoter (<=1kb)",8738,"ENST00000548330.1","ENSG00000169372","CRADD",8.73e-06,0.59,495,37
"2374","CEP83",0.216970481868596,"ENSG00000173588","chr12","MA0065.1","Promoter (<=1kb)",51134,"ENST00000815690.1","ENSG00000173588","CEP83",2.49e-06,0.571,-353,32
"2375","NDUFA12",0.336852087589155,"ENSG00000184752","chr12","MA0065.1","Promoter (2-3kb)",55967,"ENST00000546788.1","ENSG00000184752","NDUFA12",1.03e-05,0.608,-2410,34
"2376","NR2C1",0.329683363635798,"ENSG00000120798","chr12","MA0065.1","Promoter (1-2kb)",7181,"ENST00000552484.1","ENSG00000120798","NR2C1",8.88e-07,0.563,-1264,39
"2377","FGD6",0.276055899301438,"ENSG00000180263","chr12","MA0065.1","Promoter (2-3kb)",55785,"ENST00000548069.5","ENSG00000180263","FGD6",3.67e-05,0.662,-2911,34
"2378","VEZT",0.603280017975584,"ENSG00000028203","chr12","MA0065.1","Promoter (1-2kb)",55591,"ENST00000356859.8","ENSG00000028203","VEZT",1.39e-05,0.623,-1283,36
"2379","METAP2",0.311922034527739,"ENSG00000111142","chr12","MA0065.1","Promoter (<=1kb)",10988,"ENST00000549136.1","ENSG00000111142","METAP2",5.77e-05,0.672,102,3
"2380","NTN4",0.687473960510292,"ENSG00000074527","chr12","MA0065.1","Promoter (2-3kb)",59277,"ENST00000674466.1","ENSG00000074527","NTN4",1.58e-05,0.623,-2730,24
"2381","CDK17",0.208155022777343,"ENSG00000059758","chr12","MA0065.1","Promoter (2-3kb)",5128,"ENST00000549899.1","ENSG00000059758","CDK17",6.8e-06,0.572,-2959,28
"2382","SLC25A3",0.612608828379661,"ENSG00000075415","chr12","MA0065.1","Promoter (<=1kb)",5250,"ENST00000401722.7","ENSG00000075415","SLC25A3",1.62e-05,0.623,-176,35
"2383","SCYL2",0.227868594989295,"ENSG00000136021","chr12","MA0065.1","Promoter (<=1kb)",55681,"ENST00000550251.2","ENSG00000136021","SCYL2",1.83e-05,0.625,-211,29
"2384","CHPT1",1.19958243425413,"ENSG00000111666","chr12","MA0065.1","Promoter (<=1kb)",56994,"ENST00000552215.5","ENSG00000111666","CHPT1",1.15e-05,0.622,828,38
"2385","SYCP3",0.311022709207576,"ENSG00000139351","chr12","MA0065.1","Promoter (1-2kb)",50511,"ENST00000478139.1","ENSG00000139351","SYCP3",7.65e-05,0.682,-1082,31
"2386","GNPTAB",0.372834347313862,"ENSG00000111670","chr12","MA0065.1","Promoter (2-3kb)",79158,"ENST00000549194.1","ENSG00000111670","GNPTAB",1.45e-05,0.623,-2783,28
"2387","HSP90B1",0.245313974748697,"ENSG00000166598","chr12","MA0065.1","Promoter (<=1kb)",7184,"ENST00000550479.1","ENSG00000166598","HSP90B1",7.39e-05,0.682,981,18
"2388","TXNRD1",0.720924473777274,"ENSG00000198431","chr12","MA0065.1","Promoter (<=1kb)",7296,"ENST00000526006.1","ENSG00000198431","TXNRD1",4.2e-06,0.572,-394,39
"2389","CHST11",0.340950680626125,"ENSG00000171310","chr12","MA0065.1","Promoter (1-2kb)",50515,"ENST00000303694.6","ENSG00000171310","CHST11",6.62e-06,0.572,-1591,38
"2390","APPL2",0.342295575799502,"ENSG00000136044","chr12","MA0065.1","Promoter (<=1kb)",55198,"ENST00000550648.1","ENSG00000136044","APPL2",2.24e-05,0.637,757,23
"2391","NUAK1",0.466645000408425,"ENSG00000074590","chr12","MA0065.1","Promoter (<=1kb)",9891,"ENST00000548902.1","ENSG00000074590","NUAK1",2.6e-05,0.645,-842,33
"2392","TCP11L2",0.242045488515813,"ENSG00000166046","chr12","MA0065.1","Promoter (1-2kb)",255394,"ENST00000552690.1","ENSG00000166046","TCP11L2",2.26e-06,0.563,-1563,39
"2393","RIC8B",0.419445783098002,"ENSG00000111785","chr12","MA0065.1","Promoter (<=1kb)",55188,"ENST00000550215.5","ENSG00000111785","RIC8B",2.99e-06,0.572,-47,35
"2394","ISCU",0.382208330769215,"ENSG00000136003","chr12","MA0066.1","Promoter (<=1kb)",23479,"ENST00000540154.5","ENSG00000136003","ISCU",2.21e-05,0.647,-373,8
"2395","CORO1C",0.529534594577488,"ENSG00000110880","chr12","MA0065.1","Promoter (<=1kb)",23603,"ENST00000547170.1","ENSG00000110880","CORO1C",1.37e-05,0.623,27,24
"2396","SSH1",0.243254413760528,"ENSG00000084112","chr12","MA0065.1","Promoter (2-3kb)",54434,"ENST00000547381.1","ENSG00000084112","SSH1",3.52e-05,0.662,-2154,40
"2397","ACACB",1.10694192149598,"ENSG00000076555","chr12","MA0065.1","Promoter (1-2kb)",32,"ENST00000536440.2","ENSG00000076555","ACACB",2.12e-07,0.51,-1216,35
"2398","UBE3B",0.209556998314641,"ENSG00000151148","chr12","MA0065.1","Promoter (2-3kb)",89910,"ENST00000535900.5","ENSG00000151148","UBE3B",9.53e-06,0.601,-2296,29
"2399","GIT2",0.255405296401078,"ENSG00000139436","chr12","MA0065.1","Promoter (<=1kb)",9815,"ENST00000548000.5","ENSG00000139436","GIT2",9.17e-06,0.596,955,36
"2400","ATP2A2",1.97841592431192,"ENSG00000174437","chr12","MA0065.1","Promoter (<=1kb)",488,"ENST00000548169.2","ENSG00000174437","ATP2A2",3.27e-05,0.658,-184,39
"2401","VPS29",0.295424043593525,"ENSG00000111237","chr12","MA0065.1","Promoter (<=1kb)",51699,"ENST00000621131.4","ENSG00000111237","VPS29",7.86e-05,0.682,622,23
"2402","PPTC7",0.659801641218682,"ENSG00000196850","chr12","MA0065.1","Promoter (<=1kb)",160760,"ENST00000354300.5","ENSG00000196850","PPTC7",6.09e-05,0.675,-619,40
"2403","PPP1CC",0.250509398087082,"ENSG00000186298","chr12","MA0065.1","Promoter (2-3kb)",5501,"ENST00000340766.9","ENSG00000186298","PPP1CC",8.09e-06,0.584,-2887,38
"2404","MYL2",1.90044083007403,"ENSG00000111245","chr12","MA0065.1","Promoter (<=1kb)",4633,"ENST00000713806.1","ENSG00000111245","MYL2",3.18e-06,0.572,-126,39
"2405","ATXN2",0.740033293486186,"ENSG00000204842","chr12","MA0065.1","Promoter (<=1kb)",6311,"ENST00000551551.1","ENSG00000204842","ATXN2",3.57e-05,0.662,-489,34
"2406","ALDH2",0.214806812129792,"ENSG00000111275","chr12","MA0065.1","Promoter (<=1kb)",217,"ENST00000416293.7","ENSG00000111275","ALDH2",1.63e-06,0.563,-211,32
"2407","TMEM116",0.490577013198338,"ENSG00000198270","chr12","MA0065.1","Promoter (<=1kb)",89894,"ENST00000550233.1","ENSG00000198270","TMEM116",4.11e-05,0.663,529,33
"2408","NAA25",0.318366909600483,"ENSG00000111300","chr12","MA0065.1","Promoter (<=1kb)",80018,"ENST00000548181.1","ENSG00000111300","NAA25",4.45e-05,0.667,-73,33
"2409","HECTD4",0.520004534396911,"ENSG00000173064","chr12","MA0065.1","Promoter (<=1kb)",283450,"ENST00000547085.1","ENSG00000173064","HECTD4",2.08e-07,0.506,-944,42
"2410","PTPN11",0.397032272015692,"ENSG00000179295","chr12","MA0065.1","Promoter (<=1kb)",5781,"ENST00000688701.1","ENSG00000179295","PTPN11",1.57e-06,0.563,-469,30
"2411","TPCN1",0.658860403170537,"ENSG00000186815","chr12","MA0065.1","Promoter (<=1kb)",53373,"ENST00000546907.1","ENSG00000186815","TPCN1",7.6e-06,0.578,-917,39
"2412","TBX5",0.421653071034111,"ENSG00000089225","chr12","MA0065.1","Promoter (<=1kb)",6910,"ENST00000405440.7","ENSG00000089225","TBX5",9.76e-05,0.686,-484,28
"2413","MED13L",1.08832164865731,"ENSG00000123066","chr12","MA0065.1","Promoter (<=1kb)",23389,"ENST00000647927.1","ENSG00000123066","MED13L",4.55e-06,0.572,745,29
"2414","FBXW8",0.228996390770558,"ENSG00000174989","chr12","MA0065.1","Promoter (1-2kb)",26259,"ENST00000551773.1","ENSG00000174989","FBXW8",2.25e-05,0.637,-1416,36
"2415","FBXO21",0.220552441628242,"ENSG00000135108","chr12","MA0065.1","Promoter (2-3kb)",23014,"ENST00000622495.5","ENSG00000135108","FBXO21",1.34e-05,0.623,-2609,34
"2416","VSIG10",0.231243172870613,"ENSG00000176834","chr12","MA0065.1","Promoter (1-2kb)",54621,"ENST00000545722.1","ENSG00000176834","VSIG10",1.86e-05,0.627,-1607,28
"2417","PEBP1",0.467613798118594,"ENSG00000089220","chr12","MA0065.1","Promoter (<=1kb)",5037,"ENST00000261313.3","ENSG00000089220","PEBP1",5.92e-06,0.572,781,31
"2418","TAOK3",0.674535676041289,"ENSG00000135090","chr12","MA0065.1","Promoter (1-2kb)",51347,"ENST00000392533.8","ENSG00000135090","TAOK3",8.99e-07,0.563,-1258,36
"2419","HSPB8",0.437515766741257,"ENSG00000152137","chr12","MA0065.1","Promoter (<=1kb)",26353,"ENST00000676071.1","ENSG00000152137","HSPB8",7.41e-06,0.575,701,27
"2420","PXN",0.278257076665465,"ENSG00000089159","chr12","MA0065.1","Promoter (<=1kb)",5829,"ENST00000550795.1","ENSG00000089159","PXN",1.24e-06,0.563,-99,42
"2421","DYNLL1",0.231155845137116,"ENSG00000088986","chr12","MA0065.1","Promoter (<=1kb)",8655,"ENST00000550845.5","ENSG00000088986","DYNLL1",8.54e-05,0.682,289,16
"2422","RNF10",0.482630371192922,"ENSG00000022840","chr12","MA0065.1","Promoter (1-2kb)",9921,"ENST00000535417.1","ENSG00000022840","RNF10",5.11e-07,0.563,-1382,41
"2423","MLEC",0.206632032553916,"ENSG00000110917","chr12","MA0065.1","Promoter (1-2kb)",9761,"ENST00000545525.6","ENSG00000110917","MLEC",3.22e-05,0.657,-1394,41
"2424","SPPL3",0.508660960167727,"ENSG00000157837","chr12","MA0065.1","Promoter (<=1kb)",121665,"ENST00000392495.7","ENSG00000157837","SPPL3",1.65e-05,0.623,192,38
"2425","ANAPC5",0.30848354282608,"ENSG00000089053","chr12","MA0065.1","Promoter (<=1kb)",51433,"ENST00000422342.2","ENSG00000089053","ANAPC5",3.03e-06,0.572,431,42
"2426","RNF34",0.287588679874709,"ENSG00000170633","chr12","MA0066.1","Promoter (<=1kb)",80196,"ENST00000554484.1","ENSG00000170633","RNF34",7.59e-05,0.697,502,32
"2427","KDM2B",0.237719897090237,"ENSG00000089094","chr12","MA0065.1","Promoter (1-2kb)",84678,"ENST00000717751.1","ENSG00000089094","KDM2B",1.28e-06,0.563,-1081,37
"2428","TMEM120B",0.256616549155778,"ENSG00000188735","chr12","MA0065.1","Promoter (2-3kb)",144404,"ENST00000449592.7","ENSG00000188735","TMEM120B",4.2e-05,0.665,-2281,37
"2429","CLIP1",0.584220483970325,"ENSG00000130779","chr12","MA0065.1","Promoter (2-3kb)",6249,"ENST00000514271.2","ENSG00000130779","CLIP1",7.26e-06,0.573,-2116,34
"2430","RSRC2",0.244512230126892,"ENSG00000111011","chr12","MA0065.1","Promoter (<=1kb)",65117,"ENST00000392442.6","ENSG00000111011","RSRC2",5.96e-05,0.673,-233,30
"2431","ARL6IP4",0.265376567196603,"ENSG00000182196","chr12","MA0065.1","Promoter (<=1kb)",51329,"ENST00000543566.6","ENSG00000182196","ARL6IP4",1.3e-05,0.623,-123,21
"2432","PITPNM2",0.304512803046292,"ENSG00000090975","chr12","MA0065.1","Promoter (2-3kb)",57605,"ENST00000280562.9","ENSG00000090975","PITPNM2",2.93e-06,0.572,-2857,32
"2433","MPHOSPH9",0.355299941162892,"ENSG00000051825","chr12","MA0065.1","Promoter (<=1kb)",10198,"ENST00000606326.1","ENSG00000051825","MPHOSPH9",8.82e-06,0.592,-345,30
"2434","RILPL1",0.915685448098178,"ENSG00000188026","chr12","MA0065.1","Promoter (<=1kb)",353116,"ENST00000340724.6","ENSG00000188026","RILPL1",2.34e-05,0.637,224,35
"2435","NCOR2",0.27320264945797,"ENSG00000196498","chr12","MA0065.1","Promoter (<=1kb)",9612,"ENST00000474079.1","ENSG00000196498","NCOR2",2.19e-11,0.0322,0,39
"2436","UBC",0.978166713744074,"ENSG00000150991","chr12","MA0065.1","Promoter (<=1kb)",7316,"ENST00000542416.1","ENSG00000150991","UBC",1.09e-05,0.616,684,36
"2437","ADGRD1",0.313180417373526,"ENSG00000111452","chr12","MA0065.1","Promoter (<=1kb)",283383,"ENST00000541937.2","ENSG00000111452","ADGRD1",4.91e-07,0.563,674,34
"2438","SFSWAP",0.214022239348558,"ENSG00000061936","chr12","MA0065.1","Promoter (1-2kb)",6433,"ENST00000539506.5","ENSG00000061936","SFSWAP",2.79e-05,0.649,-1827,25
"2439","MPHOSPH8",0.367010719366735,"ENSG00000196199","chr13","MA0065.1","Promoter (<=1kb)",54737,"ENST00000361479.10","ENSG00000196199","MPHOSPH8",4.07e-06,0.572,-195,34
"2440","PSPC1",0.27618687151748,"ENSG00000121390","chr13","MA0065.1","Promoter (<=1kb)",55269,"ENST00000635251.1","ENSG00000121390","PSPC1",4.94e-05,0.667,-998,14
"2441","ZMYM5",0.251535053779993,"ENSG00000132950","chr13","MA0065.1","Promoter (<=1kb)",9205,"ENST00000382909.5","ENSG00000132950","ZMYM5",6.28e-06,0.572,360,30
"2442","ZMYM2",0.749465194953199,"ENSG00000121741","chr13","MA0065.1","Promoter (2-3kb)",7750,"ENST00000490422.1","ENSG00000121741","ZMYM2",3.01e-05,0.653,-2446,19
"2443","XPO4",0.563388366963495,"ENSG00000132953","chr13","MA0065.1","Promoter (<=1kb)",64328,"ENST00000255305.11","ENSG00000132953","XPO4",4.16e-05,0.664,344,24
"2444","LATS2",0.367719657104575,"ENSG00000150457","chr13","MA0065.1","Promoter (<=1kb)",26524,"ENST00000472754.1","ENSG00000150457","LATS2",1.34e-05,0.623,623,31
"2445","SAP18",0.209471040193836,"ENSG00000150459","chr13","MA0065.1","Promoter (<=1kb)",10284,"ENST00000607003.5","ENSG00000150459","SAP18",1.56e-05,0.623,0,30
"2446","ZDHHC20",0.282384851643629,"ENSG00000180776","chr13","MA0065.1","Promoter (<=1kb)",253832,"ENST00000484277.1","ENSG00000180776","ZDHHC20",2.06e-05,0.634,-225,33
"2447","MICU2",0.497461517263841,"ENSG00000165487","chr13","MA0065.1","Promoter (<=1kb)",221154,"ENST00000478700.1","ENSG00000165487","MICU2",3.23e-05,0.657,708,37
"2448","SGCG",0.988716575185697,"ENSG00000102683","chr13","MA0065.1","Promoter (<=1kb)",6445,"ENST00000218867.4","ENSG00000102683","SGCG",1.26e-05,0.623,710,29
"2449","SACS",0.22684215623154,"ENSG00000151835","chr13","MA0065.1","Promoter (2-3kb)",26278,"ENST00000476776.1","ENSG00000151835","SACS",1.69e-06,0.563,-2173,39
"2450","TNFRSF19",0.661073447332644,"ENSG00000127863","chr13","MA0065.1","Promoter (<=1kb)",55504,"ENST00000403372.6","ENSG00000127863","TNFRSF19",9.78e-06,0.603,-770,25
"2451","MIPEP",0.237072345894933,"ENSG00000027001","chr13","MA0065.1","Promoter (<=1kb)",4285,"ENST00000494139.1","ENSG00000027001","MIPEP",3.83e-05,0.662,-391,27
"2452","CDK8",0.442315638480205,"ENSG00000132964","chr13","MA0065.1","Promoter (<=1kb)",1024,"ENST00000465820.6","ENSG00000132964","CDK8",7.24e-06,0.573,-250,30
"2453","MTIF3",0.345166612112322,"ENSG00000122033","chr13","MA0065.1","Promoter (<=1kb)",219402,"ENST00000483903.1","ENSG00000122033","MTIF3",3.68e-05,0.662,-874,38
"2454","LNX2",0.260313035723278,"ENSG00000139517","chr13","MA0066.1","Promoter (1-2kb)",222484,"ENST00000649248.1","ENSG00000139517","LNX2",8.3e-06,0.611,-1285,40
"2455","PAN3",0.559000285492106,"ENSG00000152520","chr13","MA0065.1","Promoter (<=1kb)",255967,"ENST00000483842.1","ENSG00000152520","PAN3",2.37e-05,0.638,-656,14
"2456","POMP",0.230308757752409,"ENSG00000132963","chr13","MA0065.1","Promoter (<=1kb)",51371,"ENST00000697716.1","ENSG00000132963","POMP",3.19e-05,0.656,-90,21
"2457","MTUS2",1.1817786839148,"ENSG00000132938","chr13","MA0065.1","Promoter (2-3kb)",23281,"ENST00000255289.5","ENSG00000132938","MTUS2",3.13e-06,0.572,-2132,30
"2458","KATNAL1",0.29037536069853,"ENSG00000102781","chr13","MA0065.1","Promoter (2-3kb)",84056,"ENST00000380615.8","ENSG00000102781","KATNAL1",5.28e-05,0.668,-2426,32
"2459","HMGB1",0.8662940741155,"ENSG00000189403","chr13","MA0065.1","Promoter (<=1kb)",3146,"ENST00000490788.1","ENSG00000189403","HMGB1",1.03e-05,0.609,-391,26
"2460","B3GLCT",0.344231549770402,"ENSG00000187676","chr13","MA0065.1","Promoter (<=1kb)",145173,"ENST00000343307.5","ENSG00000187676","B3GLCT",2.07e-05,0.634,-192,39
"2461","FRY",1.22900468998359,"ENSG00000073910","chr13","MA0065.1","Promoter (<=1kb)",10129,"ENST00000477712.2","ENSG00000073910","FRY",4.99e-07,0.563,74,35
"2462","N4BP2L2",2.05224633673212,"ENSG00000244754","chr13","MA0065.1","Promoter (<=1kb)",10443,"ENST00000674346.1","ENSG00000244754","N4BP2L2",2.01e-05,0.632,-691,32
"2463","PDS5B",0.369816069076147,"ENSG00000083642","chr13","MA0066.2","Promoter (2-3kb)",23047,"ENST00000447833.1","ENSG00000083642","PDS5B",8.31e-05,0.74,-2644,34
"2464","STARD13",1.16336842860547,"ENSG00000133121","chr13","MA0065.1","Promoter (<=1kb)",90627,"ENST00000491333.1","ENSG00000133121","STARD13",4.53e-06,0.572,-309,39
"2465","NBEA",0.980545503890566,"ENSG00000172915","chr13","MA0065.1","Promoter (<=1kb)",26960,"ENST00000685717.1","ENSG00000172915","NBEA",5.71e-06,0.572,-779,34
"2466","UFM1",0.244104300588276,"ENSG00000120686","chr13","MA0065.1","Promoter (<=1kb)",51569,"ENST00000494372.1","ENSG00000120686","UFM1",1.26e-05,0.623,-784,22
"2467","NHLRC3",0.211598587084431,"ENSG00000188811","chr13","MA0066.1","Promoter (<=1kb)",387921,"ENST00000485407.1","ENSG00000188811","NHLRC3",5.91e-05,0.684,874,9
"2468","FOXO1",0.55669985484636,"ENSG00000150907","chr13","MA0065.1","Promoter (1-2kb)",2308,"ENST00000379561.6","ENSG00000150907","FOXO1",2.5e-06,0.571,-1235,41
"2469","ELF1",0.882192922101654,"ENSG00000120690","chr13","MA0065.1","Promoter (<=1kb)",1997,"ENST00000239882.7","ENSG00000120690","ELF1",5.28e-05,0.668,411,22
"2470","WBP4",0.385497086705226,"ENSG00000120688","chr13","PPARA_M10653_3.10","Promoter (<=1kb)",11193,"ENST00000379487.5","ENSG00000120688","WBP4",9.33e-05,0.348,361,9
"2471","VWA8",1.31649302691376,"ENSG00000102763","chr13","MA0065.1","Promoter (2-3kb)",23078,"ENST00000478987.1","ENSG00000102763","VWA8",1.47e-05,0.623,-2252,31
"2472","DGKH",0.366715839157822,"ENSG00000102780","chr13","MA0065.1","Promoter (<=1kb)",160851,"ENST00000498255.6","ENSG00000102780","DGKH",7.02e-06,0.572,-212,35
"2473","DNAJC15",0.310160999520514,"ENSG00000120675","chr13","MA0065.1","Promoter (<=1kb)",29103,"ENST00000379221.4","ENSG00000120675","DNAJC15",3.49e-06,0.572,236,28
"2474","ENOX1",0.688856814876307,"ENSG00000120658","chr13","MA0065.1","Promoter (1-2kb)",55068,"ENST00000690772.1","ENSG00000120658","ENOX1",7.41e-06,0.575,-1370,32
"2475","TSC22D1",0.711334829763392,"ENSG00000102804","chr13","MA0065.1","Promoter (<=1kb)",8848,"ENST00000496838.1","ENSG00000102804","TSC22D1",3.77e-06,0.572,302,28
"2476","GTF2F2",0.389699118098474,"ENSG00000188342","chr13","MA0065.1","Promoter (1-2kb)",2963,"ENST00000706694.1","ENSG00000188342","GTF2F2",1.91e-05,0.628,-1081,36
"2477","TPT1",0.608230139364355,"ENSG00000133112","chr13","MA0855.1","Promoter (<=1kb)",7178,"ENST00000533567.5","ENSG00000133112","TPT1",7.28e-05,0.777,192,24
"2478","SLC25A30",0.207093806474094,"ENSG00000174032","chr13","MA0066.1","Promoter (1-2kb)",253512,"ENST00000523988.5","ENSG00000174032","SLC25A30",3.21e-05,0.647,-1920,24
"2479","COG3",0.227264651105678,"ENSG00000136152","chr13","MA0065.1","Promoter (2-3kb)",83548,"ENST00000465942.1","ENSG00000136152","COG3",4.04e-05,0.662,-2721,36
"2480","ZC3H13",0.244485898923656,"ENSG00000123200","chr13","MA0066.1","Promoter (1-2kb)",23091,"ENST00000470308.1","ENSG00000123200","ZC3H13",8.6e-05,0.703,-1590,8
"2481","LRCH1",0.574330473067531,"ENSG00000136141","chr13","MA0065.1","Promoter (<=1kb)",23143,"ENST00000478412.1","ENSG00000136141","LRCH1",2.91e-05,0.652,44,20
"2482","ESD",0.214483085737242,"ENSG00000139684","chr13","MA0065.1","Promoter (<=1kb)",2098,"ENST00000378697.5","ENSG00000139684","ESD",2.79e-05,0.649,154,14
"2483","SUCLA2",0.254751733000551,"ENSG00000136143","chr13","MA0065.1","Promoter (2-3kb)",8803,"ENST00000634878.2","ENSG00000136143","SUCLA2",5.57e-07,0.563,-2581,38
"2484","MED4",0.258609172858494,"ENSG00000136146","chr13","MA0065.1","Promoter (2-3kb)",29079,"ENST00000378586.5","ENSG00000136146","MED4",1.49e-05,0.623,-2866,41
"2485","ITM2B",0.453368962306429,"ENSG00000136156","chr13","MA0065.1","Promoter (1-2kb)",9445,"ENST00000649266.1","ENSG00000136156","ITM2B",2.97e-05,0.653,-1355,38
"2486","RB1",0.534727783137985,"ENSG00000139687","chr13","MA0065.1","Promoter (<=1kb)",5925,"ENST00000531171.5","ENSG00000139687","RB1",2.33e-06,0.565,-610,36
"2487","FNDC3A",0.776699300636355,"ENSG00000102531","chr13","MA0065.1","Promoter (1-2kb)",22862,"ENST00000398316.7","ENSG00000102531","FNDC3A",4.55e-05,0.667,-1326,27
"2488","KPNA3",0.591668786779402,"ENSG00000102753","chr13","MA0065.1","Promoter (1-2kb)",3839,"ENST00000261667.8","ENSG00000102753","KPNA3",3.9e-05,0.662,-1452,33
"2489","TRIM13",0.360778318214585,"ENSG00000204977","chr13","MA0065.1","Promoter (<=1kb)",10206,"ENST00000442421.5","ENSG00000204977","TRIM13",9.31e-05,0.685,183,24
"2490","INTS6",0.408973827732097,"ENSG00000102786","chr13","MA0065.1","Promoter (<=1kb)",26512,"ENST00000466784.6","ENSG00000102786","INTS6",4.06e-06,0.572,457,27
"2491","WDFY2",0.34409704588318,"ENSG00000139668","chr13","MA0065.1","Promoter (<=1kb)",115825,"ENST00000460145.2","ENSG00000139668","WDFY2",1.33e-05,0.623,745,41
"2492","VPS36",0.247285737352066,"ENSG00000136100","chr13","MA0065.1","Promoter (<=1kb)",51028,"ENST00000492650.1","ENSG00000136100","VPS36",7.3e-05,0.682,-36,28
"2493","TDRD3",0.684732535952668,"ENSG00000083544","chr13","MA0065.1","Promoter (<=1kb)",81550,"ENST00000196169.7","ENSG00000083544","TDRD3",1.34e-05,0.623,-152,25
"2494","PCDH9",2.0378349629356,"ENSG00000184226","chr13","MA0065.1","Promoter (2-3kb)",5101,"ENST00000377861.4","ENSG00000184226","PCDH9",4.81e-05,0.667,-2384,7
"2495","PIBF1",0.638861853430431,"ENSG00000083535","chr13","MA0065.1","Promoter (<=1kb)",10464,"ENST00000492803.1","ENSG00000083535","PIBF1",2.3e-05,0.637,-200,38
"2496","KLF12",1.07176363954246,"ENSG00000118922","chr13","MA0065.1","Promoter (<=1kb)",11278,"ENST00000703967.1","ENSG00000118922","KLF12",3.17e-05,0.655,-43,36
"2497","TBC1D4",1.24552987610355,"ENSG00000136111","chr13","MA0065.1","Promoter (<=1kb)",9882,"ENST00000493487.1","ENSG00000136111","TBC1D4",3e-05,0.653,512,16
"2498","LMO7",1.1932530485863,"ENSG00000136153","chr13","MA0065.1","Promoter (<=1kb)",4008,"ENST00000533305.5","ENSG00000136153","LMO7",1.42e-05,0.623,-683,42
"2499","MYCBP2",0.404708279769286,"ENSG00000005810","chr13","MA0065.1","Promoter (<=1kb)",23077,"ENST00000695078.1","ENSG00000005810","MYCBP2",2.48e-05,0.642,-343,37
"2500","RBM26",0.547185596652173,"ENSG00000139746","chr13","MA0065.1","Promoter (2-3kb)",64062,"ENST00000472143.2","ENSG00000139746","RBM26",3.9e-05,0.662,-2321,30
"2501","NDFIP2",0.245312916119183,"ENSG00000102471","chr13","MA0065.1","Promoter (2-3kb)",54602,"ENST00000703161.1","ENSG00000102471","NDFIP2",2.73e-05,0.649,-2984,34
"2502","GPC5",0.252986298073311,"ENSG00000179399","chr13","MA0065.1","Promoter (1-2kb)",2262,"ENST00000483422.1","ENSG00000179399","GPC5",7.65e-05,0.682,-1188,31
"2503","GPC6",0.245376569563947,"ENSG00000183098","chr13","MA0065.1","Promoter (<=1kb)",10082,"ENST00000377047.9","ENSG00000183098","GPC6",3.94e-05,0.662,-613,41
"2504","DNAJC3",0.391777439069629,"ENSG00000102580","chr13","PPARA_M10653_3.10","Promoter (<=1kb)",5611,"ENST00000376795.6","ENSG00000102580","DNAJC3",6.08e-05,0.331,78,2
"2505","UGGT2",0.323368776217335,"ENSG00000102595","chr13","MA0065.1","Promoter (<=1kb)",55757,"ENST00000476866.5","ENSG00000102595","UGGT2",1.02e-05,0.608,759,18
"2506","HS6ST3",0.377763809216337,"ENSG00000185352","chr13","MA0066.1","Promoter (<=1kb)",266722,"ENST00000376705.4","ENSG00000185352","HS6ST3",3.13e-05,0.647,965,21
"2507","MBNL2",1.04779785596579,"ENSG00000139793","chr13","MA0065.1","Promoter (<=1kb)",10150,"ENST00000449284.1","ENSG00000139793","MBNL2",4.89e-08,0.377,76,36
"2508","STK24",0.210492274269799,"ENSG00000102572","chr13","MA0065.1","Promoter (1-2kb)",8428,"ENST00000376547.7","ENSG00000102572","STK24",2.07e-06,0.563,-1484,40
"2509","DOCK9",0.250979532800195,"ENSG00000088387","chr13","MA0065.1","Promoter (2-3kb)",23348,"ENST00000448493.7","ENSG00000088387","DOCK9",3.83e-06,0.572,-2302,23
"2510","UBAC2",0.593934166259288,"ENSG00000134882","chr13","MA0065.1","Promoter (<=1kb)",337867,"ENST00000460562.5","ENSG00000134882","UBAC2",1.89e-05,0.628,880,34
"2511","TM9SF2",0.237968809523405,"ENSG00000125304","chr13","MA0065.1","Promoter (1-2kb)",9375,"ENST00000466555.1","ENSG00000125304","TM9SF2",7.23e-05,0.682,-1136,18
"2512","CLYBL",0.365824965412196,"ENSG00000125246","chr13","MA0065.1","Promoter (2-3kb)",171425,"ENST00000443887.1","ENSG00000125246","CLYBL",4.04e-05,0.662,-2005,37
"2513","PCCA",0.639538300209523,"ENSG00000175198","chr13","MA0065.1","Promoter (1-2kb)",5095,"ENST00000637657.1","ENSG00000175198","PCCA",3.97e-05,0.662,-1570,28
"2514","NALCN",0.49744595744222,"ENSG00000102452","chr13","MA0065.1","Promoter (1-2kb)",259232,"ENST00000675075.1","ENSG00000102452","NALCN",3.03e-07,0.553,-1642,30
"2515","FGF14",0.320336967849097,"ENSG00000102466","chr13","MA0066.1","Promoter (<=1kb)",2259,"ENST00000468052.1","ENSG00000102466","FGF14",2.46e-05,0.647,-551,33
"2516","ARGLU1",0.326620084467138,"ENSG00000134884","chr13","MA0065.1","Promoter (<=1kb)",55082,"ENST00000360629.3","ENSG00000134884","ARGLU1",7.81e-06,0.579,719,29
"2517","IRS2",0.284524298979888,"ENSG00000185950","chr13","PPARD_M05796_3.10","Promoter (<=1kb)",8660,"ENST00000375856.5","ENSG00000185950","IRS2",2.34e-05,0.936,345,6
"2518","COL4A1",0.297567726890585,"ENSG00000187498","chr13","MA0065.1","Promoter (<=1kb)",1282,"ENST00000649720.1","ENSG00000187498","COL4A1",2.64e-05,0.646,593,33
"2519","COL4A2",0.490158579403017,"ENSG00000134871","chr13","MA0065.1","Promoter (1-2kb)",1284,"ENST00000400163.8","ENSG00000134871","COL4A2",1.18e-05,0.623,-1396,35
"2520","CARS2",0.209415094070516,"ENSG00000134905","chr13","MA0065.1","Promoter (1-2kb)",79587,"ENST00000481787.6","ENSG00000134905","CARS2",4.8e-06,0.572,-1716,40
"2521","ANKRD10",0.402632950417544,"ENSG00000088448","chr13","MA0065.1","Promoter (<=1kb)",55608,"ENST00000489973.6","ENSG00000088448","ANKRD10",3.51e-05,0.662,-802,33
"2522","ARHGEF7",0.382332830518986,"ENSG00000102606","chr13","MA0065.1","Promoter (2-3kb)",8874,"ENST00000483189.1","ENSG00000102606","ARHGEF7",1.26e-05,0.623,-2866,36
"2523","ATP11A",0.669504667774892,"ENSG00000068650","chr13","MA0065.1","Promoter (1-2kb)",23250,"ENST00000459011.2","ENSG00000068650","ATP11A",1.11e-05,0.617,-1115,32
"2524","PCID2",0.269523757381596,"ENSG00000126226","chr13","MA0065.1","Promoter (<=1kb)",55795,"ENST00000493650.5","ENSG00000126226","PCID2",2.48e-05,0.642,173,28
"2525","CUL4A",0.643165509027823,"ENSG00000139842","chr13","MA0065.1","Promoter (<=1kb)",8451,"ENST00000463426.5","ENSG00000139842","CUL4A",5.52e-05,0.67,-27,19
"2526","ADPRHL1",1.10679704555845,"ENSG00000153531","chr13","MA0065.1","Promoter (2-3kb)",113622,"ENST00000612156.3","ENSG00000153531","ADPRHL1",3.78e-05,0.662,-2004,38
"2527","DCUN1D2",0.34480067080751,"ENSG00000150401","chr13","MA0065.1","Promoter (<=1kb)",55208,"ENST00000460318.1","ENSG00000150401","DCUN1D2",3.67e-05,0.662,163,6
"2528","TMCO3",0.351420556981277,"ENSG00000150403","chr13","MA0065.1","Promoter (<=1kb)",55002,"ENST00000473287.1","ENSG00000150403","SLC9D1",5.96e-05,0.673,-629,33
"2529","GAS6",0.340014034587679,"ENSG00000183087","chr13","MA0065.1","Promoter (<=1kb)",2621,"ENST00000480426.5","ENSG00000183087","GAS6",1.9e-05,0.628,741,31
"2530","CDC16",0.211049108409396,"ENSG00000130177","chr13","MA0065.1","Promoter (2-3kb)",8881,"ENST00000628084.2","ENSG00000130177","CDC16",8.29e-06,0.585,-2429,25
"2531","UPF3A",0.311161861507852,"ENSG00000169062","chr13","MA0065.1","Promoter (<=1kb)",65110,"ENST00000619079.1","ENSG00000169062","UPF3A",6.25e-05,0.676,-580,29
"2532","CCNB1IP1",0.311947000205034,"ENSG00000100814","chr14","MA0065.1","Promoter (<=1kb)",57820,"ENST00000554047.1","ENSG00000100814","CCNB1IP1",8.95e-06,0.593,-351,33
"2533","NDRG2",0.305972658185981,"ENSG00000165795","chr14","MA0065.1","Promoter (<=1kb)",57447,"ENST00000554489.5","ENSG00000165795","NDRG2",4.51e-05,0.667,86,10
"2534","HNRNPC",0.562615962198661,"ENSG00000092199","chr14","MA0065.1","Promoter (<=1kb)",3183,"ENST00000336053.10","ENSG00000092199","HNRNPC",8.88e-06,0.593,-721,31
"2535","ACIN1",0.314231883840503,"ENSG00000100813","chr14","MA0065.1","Promoter (<=1kb)",22985,"ENST00000473758.5","ENSG00000100813","ACIN1",3.2e-06,0.572,568,33
"2536","MYH6",1.40993848275846,"ENSG00000197616","chr14","MA0065.1","Promoter (<=1kb)",4624,"ENST00000651452.1","ENSG00000197616","MYH6",4.45e-06,0.572,-666,36
"2537","MYH7",2.36517848131093,"ENSG00000092054","chr14","MA0065.1","Promoter (2-3kb)",4625,"ENST00000713769.1","ENSG00000092054","MYH7",5.79e-05,0.672,-2494,30
"2538","STXBP6",0.800833541589543,"ENSG00000168952","chr14","MA0065.1","Promoter (<=1kb)",29091,"ENST00000546511.5","ENSG00000168952","STXBP6",1.49e-05,0.623,597,29
"2539","SCFD1",0.457891650805968,"ENSG00000092108","chr14","MA0065.1","Promoter (<=1kb)",23256,"ENST00000555550.1","ENSG00000092108","SCFD1",3.52e-05,0.662,227,23
"2540","COCH",0.279895335312026,"ENSG00000100473","chr14","MA0065.1","Promoter (<=1kb)",1690,"ENST00000643697.1","ENSG00000100473","COCH",6.37e-05,0.678,112,11
"2541","STRN3",0.63398649100328,"ENSG00000196792","chr14","MA0065.1","Promoter (<=1kb)",29966,"ENST00000555358.5","ENSG00000196792","STRN3",1.75e-05,0.623,214,14
"2542","HECTD1",0.675085346267299,"ENSG00000092148","chr14","MA0065.1","Promoter (<=1kb)",25831,"ENST00000555843.5","ENSG00000092148","HECTD1",1e-05,0.606,-817,33
"2543","HEATR5A",0.243280651414318,"ENSG00000129493","chr14","MA0065.1","Promoter (1-2kb)",25938,"ENST00000550366.5","ENSG00000129493","HEATR5A",4.77e-07,0.563,-1884,42
"2544","NUBPL",0.47334009624434,"ENSG00000151413","chr14","MA0065.1","Promoter (1-2kb)",80224,"ENST00000418681.6","ENSG00000151413","NUBPL",3.4e-05,0.661,-1343,39
"2545","ARHGAP5",0.810027591594658,"ENSG00000100852","chr14","MA0065.1","Promoter (<=1kb)",394,"ENST00000554090.1","ENSG00000100852","ARHGAP5",1.09e-05,0.616,43,11
"2546","AKAP6",1.84632522864052,"ENSG00000151320","chr14","MA0065.1","Promoter (<=1kb)",9472,"ENST00000553547.5","ENSG00000151320","AKAP6",1.4e-05,0.623,668,40
"2547","NPAS3",0.418162987196542,"ENSG00000151322","chr14","MA0065.1","Promoter (<=1kb)",64067,"ENST00000356141.9","ENSG00000151322","NPAS3",1.51e-05,0.623,-787,25
"2548","EGLN3",0.426451825944495,"ENSG00000129521","chr14","MA0065.1","Promoter (<=1kb)",112399,"ENST00000553215.5","ENSG00000129521","EGLN3",1.54e-05,0.623,437,27
"2549","SNX6",0.453647884142614,"ENSG00000129515","chr14","MA0065.1","Promoter (<=1kb)",58533,"ENST00000652385.1","ENSG00000129515","SNX6",1.18e-07,0.456,-223,39
"2550","CFL2",0.50852653315477,"ENSG00000165410","chr14","MA0065.1","Promoter (2-3kb)",1073,"ENST00000554470.5","ENSG00000165410","CFL2",4.62e-06,0.572,-2439,35
"2551","SRP54",0.237703592377741,"ENSG00000100883","chr14","MA0065.1","Promoter (<=1kb)",6729,"ENST00000555535.1","ENSG00000100883","SRP54",3.22e-06,0.572,-544,35
"2552","FAM177A1",0.367071390405851,"ENSG00000151327","chr14","MA0065.1","Promoter (1-2kb)",283635,"ENST00000554794.1","ENSG00000151327","FAM177A1",1.17e-05,0.623,-1410,37
"2553","PPP2R3C",0.262802904636231,"ENSG00000092020","chr14","MA0065.1","Promoter (<=1kb)",55012,"ENST00000557074.1","ENSG00000092020","PPP2R3C",3.28e-05,0.658,0,28
"2554","NFKBIA",0.23393068666793,"ENSG00000100906","chr14","MA0065.1","Promoter (<=1kb)",4792,"ENST00000697965.1","ENSG00000100906","NFKBIA",1.85e-05,0.627,-125,29
"2555","RALGAPA1",0.689920971163489,"ENSG00000174373","chr14","MA0065.1","Promoter (1-2kb)",253959,"ENST00000554355.5","ENSG00000174373","RALGAPA1",3.03e-06,0.572,-1405,33
"2556","MIPOL1",0.273828464698177,"ENSG00000151338","chr14","MA0065.1","Promoter (<=1kb)",145282,"ENST00000554114.3","ENSG00000151338","MIPOL1",6.35e-06,0.572,513,40
"2557","SEC23A",0.384793734546761,"ENSG00000100934","chr14","MA0065.1","Promoter (<=1kb)",10484,"ENST00000555682.1","ENSG00000100934","SEC23A",7.07e-07,0.563,8,37
"2558","PNN",0.252196761908166,"ENSG00000100941","chr14","MA0065.1","Promoter (<=1kb)",5411,"ENST00000557680.1","ENSG00000100941","PNN",1.67e-06,0.563,228,29
"2559","KLHL28",0.360248025027625,"ENSG00000179454","chr14","MA0065.1","Promoter (2-3kb)",54813,"ENST00000556239.5","ENSG00000179454","KLHL28",6.83e-05,0.682,-2550,36
"2560","POLE2",0.296195849692675,"ENSG00000100479","chr14","MA0065.1","Promoter (<=1kb)",5427,"ENST00000700174.1","ENSG00000100479","POLE2",2.25e-05,0.637,-894,32
"2561","KLHDC2",0.264532917915053,"ENSG00000165516","chr14","MA0065.1","Promoter (<=1kb)",23588,"ENST00000557063.5","ENSG00000165516","KLHDC2",7.63e-07,0.563,-543,32
"2562","NEMF",0.38112445946248,"ENSG00000165525","chr14","MA0065.1","Promoter (1-2kb)",9147,"ENST00000555411.1","ENSG00000165525","NEMF",3.25e-06,0.572,-1618,40
"2563","SOS2",0.661009180119794,"ENSG00000100485","chr14","MA0065.1","Promoter (<=1kb)",6655,"ENST00000555666.1","ENSG00000100485","SOS2",1.45e-05,0.623,-49,7
"2564","NIN",0.422696785262536,"ENSG00000100503","chr14","MA0065.1","Promoter (<=1kb)",51199,"ENST00000673819.1","ENSG00000100503","NIN",2.17e-06,0.563,401,31
"2565","PSMC6",0.260897583440612,"ENSG00000100519","chr14","MA0065.1","Promoter (<=1kb)",5706,"ENST00000555175.1","ENSG00000100519","PSMC6",1.49e-05,0.623,-260,27
"2566","FERMT2",0.456405193765322,"ENSG00000073712","chr14","MA0065.1","Promoter (1-2kb)",10979,"ENST00000553768.1","ENSG00000073712","FERMT2",6.44e-06,0.572,-1538,33
"2567","SAMD4A",1.8078378214364,"ENSG00000020577","chr14","MA0065.1","Promoter (<=1kb)",23034,"ENST00000673751.1","ENSG00000020577","SAMD4A",1.08e-05,0.615,-451,36
"2568","MAPK1IP1L",0.228684275648883,"ENSG00000168175","chr14","MA0065.1","Promoter (<=1kb)",93487,"ENST00000556515.1","ENSG00000168175","MAPK1IP1L",3.39e-05,0.661,550,29
"2569","FBXO34",0.47274889370495,"ENSG00000178974","chr14","MA0065.1","Promoter (1-2kb)",55030,"ENST00000555280.1","ENSG00000178974","FBXO34",7.38e-07,0.563,-1975,31
"2570","ATG14",0.280039484736678,"ENSG00000126775","chr14","MA0065.1","Promoter (<=1kb)",22863,"ENST00000247178.6","ENSG00000126775","ATG14",3.61e-05,0.662,-158,30
"2571","KTN1",1.16931014287727,"ENSG00000126777","chr14","MA0065.1","Promoter (2-3kb)",3895,"ENST00000413890.6","ENSG00000126777","KTN1",1.15e-05,0.622,-2266,28
"2572","ACTR10",0.289618955848867,"ENSG00000131966","chr14","MA0065.1","Promoter (<=1kb)",55860,"ENST00000545307.6","ENSG00000131966","ACTR10",7.49e-06,0.577,-888,42
"2573","PSMA3",0.310561973990905,"ENSG00000100567","chr14","MA0065.1","Promoter (2-3kb)",5684,"ENST00000216455.9","ENSG00000100567","PSMA3",5.57e-06,0.572,-2544,34
"2574","ARID4A",0.230514518918155,"ENSG00000032219","chr14","MA0065.1","Promoter (2-3kb)",5926,"ENST00000466065.1","ENSG00000032219","ARID4A",6.64e-05,0.681,-2700,15
"2575","DAAM1",0.857229242491024,"ENSG00000100592","chr14","MA0065.1","Promoter (<=1kb)",23002,"ENST00000553966.5","ENSG00000100592","DAAM1",8.06e-06,0.583,525,33
"2576","PPM1A",0.36023413338682,"ENSG00000100614","chr14","MA0065.1","Promoter (2-3kb)",5494,"ENST00000531937.1","ENSG00000100614","PPM1A",2.37e-05,0.638,-2333,38
"2577","MNAT1",0.539485395685343,"ENSG00000020426","chr14","MA0065.1","Promoter (2-3kb)",4331,"ENST00000556525.1","ENSG00000020426","MNAT1",4.61e-05,0.667,-2883,29
"2578","HIF1A",0.734465277965268,"ENSG00000100644","chr14","MA0065.1","Promoter (1-2kb)",3091,"ENST00000555014.1","ENSG00000100644","HIF1A",2.2e-06,0.563,-1289,26
"2579","PPP2R5E",0.539573215234559,"ENSG00000154001","chr14","MA0065.1","Promoter (2-3kb)",5529,"ENST00000556150.1","ENSG00000154001","PPP2R5E",2.24e-05,0.637,-2944,23
"2580","SYNE2",0.715774110299546,"ENSG00000054654","chr14","MA0065.1","Promoter (2-3kb)",23224,"ENST00000557005.1","ENSG00000054654","SYNE2",9.99e-06,0.606,-2042,42
"2581","ESR2",0.457801898954169,"ENSG00000140009","chr14","MA0065.1","Promoter (2-3kb)",2100,"ENST00000555783.1","ENSG00000140009","ESR2",4.3e-06,0.572,-2116,39
"2582","ZBTB1",0.244247625003157,"ENSG00000126804","chr14","MA0066.1","Promoter (1-2kb)",22890,"ENST00000556818.1","ENSG00000126804","ZBTB1",6.16e-05,0.685,-1936,30
"2583","SPTB",0.359105888713107,"ENSG00000070182","chr14","MA0065.1","Promoter (1-2kb)",6710,"ENST00000389722.7","ENSG00000070182","SPTB",7.44e-06,0.576,-1846,39
"2584","MAX",0.476799559257592,"ENSG00000125952","chr14","MA1148.1","Promoter (<=1kb)",4149,"ENST00000553951.1","ENSG00000125952","MAX",7.7e-05,0.576,-40,27
"2585","GPHN",1.43817834686445,"ENSG00000171723","chr14","MA0065.1","Promoter (<=1kb)",10243,"ENST00000315266.9","ENSG00000171723","GPHN",7.6e-06,0.578,-208,41
"2586","ATP6V1D",0.29273376019264,"ENSG00000100554","chr14","MA0065.1","Promoter (<=1kb)",51382,"ENST00000555723.5","ENSG00000100554","ATP6V1D",5.24e-05,0.668,61,29
"2587","RAD51B",0.288807802900762,"ENSG00000182185","chr14","MA0065.1","Promoter (2-3kb)",5890,"ENST00000557045.5","ENSG00000182185","RAD51B",6e-07,0.563,-2111,37
"2588","ACTN1",0.40662623972549,"ENSG00000072110","chr14","MA0065.1","Promoter (<=1kb)",87,"ENST00000553882.2","ENSG00000072110","ACTN1",7.02e-09,0.254,-608,42
"2589","DCAF5",0.543005050268932,"ENSG00000139990","chr14","MA0065.1","Promoter (2-3kb)",8816,"ENST00000553293.5","ENSG00000139990","DCAF5",2.21e-05,0.636,-2732,33
"2590","SRSF5",0.68288048216986,"ENSG00000100650","chr14","MA0065.1","Promoter (<=1kb)",6430,"ENST00000556436.1","ENSG00000100650","SRSF5",2.16e-05,0.636,187,25
"2591","SIPA1L1",0.219807524728646,"ENSG00000197555","chr14","MA0065.1","Promoter (1-2kb)",26037,"ENST00000557712.1","ENSG00000197555","SIPA1L1",2.23e-06,0.563,-1320,38
"2592","RGS6",1.11744134389708,"ENSG00000182732","chr14","MA0065.1","Promoter (<=1kb)",9628,"ENST00000555368.5","ENSG00000182732","RGS6",2.07e-09,0.194,80,33
"2593","DPF3",1.01648886609221,"ENSG00000205683","chr14","MA0065.1","Promoter (1-2kb)",8110,"ENST00000557704.5","ENSG00000205683","DPF3",1.88e-05,0.628,-1530,39
"2594","RBM25",0.311657892216176,"ENSG00000119707","chr14","MA0065.1","Promoter (<=1kb)",58517,"ENST00000527432.5","ENSG00000119707","RBM25",2.2e-06,0.563,-237,32
"2595","PSEN1",0.255558473842693,"ENSG00000080815","chr14","MA0065.1","Promoter (2-3kb)",5663,"ENST00000557356.5","ENSG00000080815","PSEN1",3.03e-05,0.653,-2833,38
"2596","NUMB",0.523947126462161,"ENSG00000133961","chr14","MA0065.1","Promoter (1-2kb)",101928143,"ENST00000553415.5","ENSG00000133961","LOC101928143",8.7e-07,0.563,-1288,39
"2597","LIN52",0.380979352493482,"ENSG00000205659","chr14","MA0065.1","Promoter (<=1kb)",91750,"ENST00000554289.1","ENSG00000205659","LIN52",1.78e-05,0.623,659,34
"2598","YLPM1",0.293471127618456,"ENSG00000119596","chr14","MA0065.1","Promoter (<=1kb)",56252,"ENST00000546901.1","ENSG00000119596","YLPM1",9.23e-06,0.597,275,26
"2599","DLST",0.296518918297877,"ENSG00000119689","chr14","MA0065.1","Promoter (<=1kb)",1743,"ENST00000556460.5","ENSG00000119689","DLST",1.68e-05,0.623,-738,36
"2600","NEK9",0.354176825689918,"ENSG00000119638","chr14","MA0065.1","Promoter (1-2kb)",91754,"ENST00000677700.1","ENSG00000119638","NEK9",3.87e-06,0.572,-1180,32
"2601","TMED10",0.339229347334071,"ENSG00000170348","chr14","MA0065.1","Promoter (<=1kb)",10972,"ENST00000303575.9","ENSG00000170348","TMED10",2.16e-05,0.636,-49,32
"2602","TTLL5",0.307673811516246,"ENSG00000119685","chr14","MA0065.1","Promoter (<=1kb)",23093,"ENST00000554935.5","ENSG00000119685","TTLL5",2.07e-06,0.563,530,36
"2603","IFT43",0.281581307260009,"ENSG00000119650","chr14","MA0065.1","Promoter (2-3kb)",112752,"ENST00000555677.5","ENSG00000119650","IFT43",3.27e-05,0.658,-2356,36
"2604","GPATCH2L",0.413721525307482,"ENSG00000089916","chr14","MA0065.1","Promoter (<=1kb)",55668,"ENST00000556675.2","ENSG00000089916","GPATCH2L",2.4e-05,0.64,258,25
"2605","ESRRB",0.272716816784858,"ENSG00000119715","chr14","MA0065.1","Promoter (2-3kb)",2103,"ENST00000509323.1","ENSG00000119715","ESRRB",3.09e-05,0.654,-2115,35
"2606","SLIRP",0.338631550828063,"ENSG00000119705","chr14","MA0065.1","Promoter (<=1kb)",81892,"ENST00000553981.1","ENSG00000119705","SLIRP",7.5e-05,0.682,214,12
"2607","ZC3H14",0.310917713353323,"ENSG00000100722","chr14","MA0065.1","Promoter (2-3kb)",79882,"ENST00000554020.5","ENSG00000100722","ZC3H14",2.09e-05,0.634,-2435,39
"2608","FOXN3",1.1771724427004,"ENSG00000053254","chr14","MA0065.1","Promoter (2-3kb)",1112,"ENST00000556541.1","ENSG00000053254","FOXN3",4.73e-06,0.572,-2024,42
"2609","PSMC1",0.213519443550205,"ENSG00000100764","chr14","MA0065.1","Promoter (<=1kb)",5700,"ENST00000543772.2","ENSG00000100764","PSMC1",3.83e-05,0.662,401,17
"2610","CALM1",0.463759290968928,"ENSG00000198668","chr14","MA0065.1","Promoter (<=1kb)",801,"ENST00000544280.6","ENSG00000198668","CALM1",4.36e-05,0.665,346,32
"2611","TTC7B",0.369591935574327,"ENSG00000165914","chr14","MA0065.1","Promoter (<=1kb)",145567,"ENST00000557187.1","ENSG00000165914","TTC7B",1.34e-07,0.468,127,39
"2612","PPP4R3A",0.291324291492039,"ENSG00000100796","chr14","MA0065.1","Promoter (1-2kb)",55671,"ENST00000555718.5","ENSG00000100796","PPP4R3A",1.58e-05,0.623,-1161,35
"2613","TRIP11",0.311215391209585,"ENSG00000100815","chr14","MA0065.1","Promoter (2-3kb)",9321,"ENST00000555516.6","ENSG00000100815","TRIP11",7.66e-07,0.563,-2948,41
"2614","ATXN3",0.260016122231879,"ENSG00000066427","chr14","MA0065.1","Promoter (<=1kb)",4287,"ENST00000526872.3","ENSG00000066427","ATXN3",7.98e-05,0.682,761,13
"2615","NDUFB1",0.357801598947013,"ENSG00000183648","chr14","MA0065.1","Promoter (<=1kb)",4707,"ENST00000605997.6","ENSG00000183648","NDUFB1",9.14e-05,0.684,20,4
"2616","ITPK1",0.418060788933908,"ENSG00000100605","chr14","MA0065.1","Promoter (1-2kb)",3705,"ENST00000557309.1","ENSG00000100605","ITPK1",3.34e-05,0.659,-1026,40
"2617","BTBD7",0.407629001079912,"ENSG00000011114","chr14","MA0065.1","Promoter (<=1kb)",55727,"ENST00000555525.1","ENSG00000011114","BTBD7",4.17e-06,0.572,46,27
"2618","ASB2",0.568561168141011,"ENSG00000100628","chr14","MA0065.1","Promoter (1-2kb)",51676,"ENST00000553883.1","ENSG00000100628","ASB2",1.33e-06,0.563,-1974,40
"2619","DDX24",0.210775000543028,"ENSG00000089737","chr14","MA0065.1","Promoter (<=1kb)",57062,"ENST00000553400.1","ENSG00000089737","DDX24",3.42e-05,0.661,235,9
"2620","DICER1",0.221576248450213,"ENSG00000100697","chr14","MA0065.1","Promoter (<=1kb)",23405,"ENST00000527416.2","ENSG00000100697","DICER1",2.11e-05,0.634,352,27
"2621","PAPOLA",0.39221709136306,"ENSG00000090060","chr14","MA0065.1","Promoter (<=1kb)",10914,"ENST00000556787.5","ENSG00000090060","PAPOLA",8.79e-06,0.591,-484,30
"2622","SETD3",0.219884473148562,"ENSG00000183576","chr14","MA0065.1","Promoter (2-3kb)",84193,"ENST00000489770.1","ENSG00000183576","SETD3",2.34e-05,0.637,-2215,28
"2623","EML1",0.234127785710963,"ENSG00000066629","chr14","MA0065.1","Promoter (1-2kb)",2009,"ENST00000649352.1","ENSG00000066629","EML1",3.92e-06,0.572,-1844,31
"2624","EVL",0.261982866738409,"ENSG00000196405","chr14","MA0065.1","Promoter (<=1kb)",51466,"ENST00000553910.1","ENSG00000196405","EVL",3.19e-07,0.555,-994,38
"2625","YY1",0.257276164861224,"ENSG00000100811","chr14","MA0065.1","Promoter (<=1kb)",7528,"ENST00000704024.1","ENSG00000100811","YY1",8.11e-05,0.682,789,34
"2626","PPP2R5C",0.682907014849923,"ENSG00000078304","chr14","MA0065.1","Promoter (2-3kb)",5527,"ENST00000553554.1","ENSG00000078304","PPP2R5C",1.11e-05,0.617,-2538,31
"2627","DYNC1H1",0.456802906531592,"ENSG00000197102","chr14","MA0065.1","Promoter (<=1kb)",1778,"ENST00000644206.1","ENSG00000197102","DYNC1H1",8.4e-06,0.586,841,28
"2628","HSP90AA1",0.513625946909084,"ENSG00000080824","chr14","MA0065.1","Promoter (<=1kb)",3320,"ENST00000555662.1","ENSG00000080824","HSP90AA1",1.55e-05,0.623,0,18
"2629","WDR20",0.320665026705502,"ENSG00000140153","chr14","MA0065.1","Promoter (<=1kb)",91833,"ENST00000555973.1","ENSG00000140153","WDR20",1.85e-05,0.627,-90,42
"2630","TECPR2",0.327185316669602,"ENSG00000196663","chr14","MA0065.1","Promoter (<=1kb)",9895,"ENST00000559124.1","ENSG00000196663","TECPR2",2.85e-05,0.65,-183,24
"2631","ANKRD9",0.524556684377608,"ENSG00000156381","chr14","MA0065.1","Promoter (<=1kb)",122416,"ENST00000286918.9","ENSG00000156381","ANKRD9",2.95e-05,0.653,218,23
"2632","RCOR1",0.220767339270848,"ENSG00000089902","chr14","MA0065.1","Promoter (1-2kb)",23186,"ENST00000558495.1","ENSG00000089902","RCOR1",1.84e-05,0.626,-1951,40
"2633","CDC42BPB",0.23174084180882,"ENSG00000198752","chr14","MA0065.1","Promoter (<=1kb)",9578,"ENST00000560492.1","ENSG00000198752","CDC42BPB",2.79e-06,0.572,-92,34
"2634","EIF5",0.240281914032449,"ENSG00000100664","chr14","MA0065.1","Promoter (<=1kb)",1983,"ENST00000561439.1","ENSG00000100664","EIF5",1.05e-05,0.611,-451,18
"2635","MARK3",1.23443891038995,"ENSG00000075413","chr14","MA0065.1","Promoter (2-3kb)",4140,"ENST00000678091.1","ENSG00000075413","MARK3",8.79e-06,0.591,-2979,40
"2636","CKB",0.34983401692461,"ENSG00000166165","chr14","MA0065.1","Promoter (<=1kb)",1152,"ENST00000553878.5","ENSG00000166165","CKB",5.41e-05,0.67,160,31
"2637","KLC1",0.252223076882046,"ENSG00000126214","chr14","MA0065.1","Promoter (<=1kb)",3831,"ENST00000538504.6","ENSG00000126214","KLC1",9.04e-06,0.594,-481,33
"2638","PPP1R13B",1.17803054262218,"ENSG00000088808","chr14","MA0065.1","Promoter (1-2kb)",23368,"ENST00000554106.5","ENSG00000088808","PPP1R13B",2.94e-06,0.572,-1846,29
"2639","C14orf180",0.332094907029959,"ENSG00000184601","chr14","MA0065.1","Promoter (2-3kb)",400258,"ENST00000557649.6","ENSG00000184601","C14orf180",6.71e-06,0.572,-2638,34
"2640","PACS2",0.211407207629053,"ENSG00000179364","chr14","MA0065.1","Promoter (<=1kb)",23241,"ENST00000549030.1","ENSG00000179364","PACS2",3.59e-06,0.572,-659,41
"2641","MTA1",0.372120529357495,"ENSG00000182979","chr14","MA0065.1","Promoter (2-3kb)",9112,"ENST00000494026.1","ENSG00000182979","MTA1",4.28e-07,0.563,-2105,36
"2642","CRIP2",0.650180221910465,"ENSG00000182809","chr14","MA0065.1","Promoter (<=1kb)",1397,"ENST00000551738.1","ENSG00000182809","CRIP2",2.93e-05,0.652,188,41
"2643","SNRPN",0.517882580379922,"ENSG00000128739","chr15","MA0065.1","Promoter (<=1kb)",6638,"ENST00000584968.5","ENSG00000128739","SNRPN",3.33e-06,0.572,-596,22
"2644","UBE3A",0.627257745193638,"ENSG00000114062","chr15","MA0065.1","Promoter (<=1kb)",7337,"ENST00000630607.2","ENSG00000114062","UBE3A",8e-06,0.582,551,32
"2645","HERC2",0.6064211071132,"ENSG00000128731","chr15","MA0065.1","Promoter (1-2kb)",8924,"ENST00000567869.1","ENSG00000128731","HERC2",5.69e-06,0.572,-1439,40
"2646","TJP1",0.911915647247936,"ENSG00000104067","chr15","MA0065.1","Promoter (1-2kb)",7082,"ENST00000561307.1","ENSG00000104067","TJP1",6.62e-06,0.572,-1787,34
"2647","KATNBL1",0.365987996400678,"ENSG00000134152","chr15","MA0065.1","Promoter (<=1kb)",79768,"ENST00000559760.5","ENSG00000134152","KATNBL1",7.29e-06,0.574,123,33
"2648","SLC12A6",0.300813518961477,"ENSG00000140199","chr15","MA0065.1","Promoter (<=1kb)",9990,"ENST00000560023.1","ENSG00000140199","SLC12A6",1.71e-05,0.623,780,33
"2649","ACTC1",1.65161011804421,"ENSG00000159251","chr15","MA0066.1","Promoter (<=1kb)",70,"ENST00000648556.1","ENSG00000159251","ACTC1",5.78e-06,0.595,517,10
"2650","DPH6",0.396434923399022,"ENSG00000134146","chr15","MA0065.1","Promoter (<=1kb)",89978,"ENST00000558266.5","ENSG00000134146","DPH6",2.43e-05,0.641,-839,27
"2651","MEIS2",1.54678147929685,"ENSG00000134138","chr15","MA0065.1","Promoter (<=1kb)",4212,"ENST00000558643.1","ENSG00000134138","MEIS2",9.53e-06,0.601,-204,28
"2652","SRP14",0.426729334055845,"ENSG00000140319","chr15","MA1148.1","Promoter (<=1kb)",6727,"ENST00000559439.5","ENSG00000140319","SRP14",2.77e-05,0.553,777,26
"2653","INO80",0.410029902171871,"ENSG00000128908","chr15","MA0065.1","Promoter (2-3kb)",54617,"ENST00000696948.1","ENSG00000128908","INO80",1.36e-05,0.623,-2809,34
"2654","CHP1",0.321215827679798,"ENSG00000187446","chr15","MA0065.1","Promoter (<=1kb)",11261,"ENST00000560965.1","ENSG00000187446","CHP1",8.82e-05,0.682,461,18
"2655","MGA",0.349799054645585,"ENSG00000174197","chr15","MA0065.1","Promoter (<=1kb)",23269,"ENST00000561532.1","ENSG00000174197","MGA",7.49e-06,0.577,54,42
"2656","MAPKBP1",0.244893001662999,"ENSG00000137802","chr15","MA0065.1","Promoter (1-2kb)",23005,"ENST00000503526.1","ENSG00000137802","MAPKBP1",1.12e-06,0.563,-1682,41
"2657","EHD4",0.207409302385339,"ENSG00000103966","chr15","MA1555.1","Promoter (<=1kb)",30844,"ENST00000569223.1","ENSG00000103966","EHD4",4.41e-05,0.653,956,17
"2658","TMEM87A",0.307142916524234,"ENSG00000103978","chr15","MA0065.1","Promoter (<=1kb)",25963,"ENST00000564329.1","ENSG00000103978","TMEM87A",2.07e-05,0.634,132,34
"2659","ZNF106",1.22537230336936,"ENSG00000103994","chr15","MA0065.1","Promoter (1-2kb)",64397,"ENST00000565500.5","ENSG00000103994","ZNF106",2.26e-05,0.637,-1408,31
"2660","SNAP23",0.815360791069441,"ENSG00000092531","chr15","MA0065.1","Promoter (<=1kb)",8773,"ENST00000563765.5","ENSG00000092531","SNAP23",3.82e-05,0.662,228,28
"2661","TTBK2",0.59441614895285,"ENSG00000128881","chr15","MA0065.1","Promoter (2-3kb)",146057,"ENST00000562880.5","ENSG00000128881","TTBK2",2.78e-05,0.649,-2463,26
"2662","UBR1",0.570929983035953,"ENSG00000159459","chr15","MA0065.1","Promoter (<=1kb)",197131,"ENST00000566493.1","ENSG00000159459","UBR1",2.3e-05,0.637,-28,27
"2663","EPB42",0.326695152795813,"ENSG00000166947","chr15","MA0065.1","Promoter (<=1kb)",2038,"ENST00000563128.6","ENSG00000166947","EPB42",5.04e-07,0.563,-188,30
"2664","ADAL",0.218067293129467,"ENSG00000168803","chr15","MA0065.1","Promoter (<=1kb)",161823,"ENST00000566154.1","ENSG00000168803","MAPDA",6.81e-05,0.682,61,17
"2665","TP53BP1",0.245747725959382,"ENSG00000067369","chr15","MA0065.1","Promoter (<=1kb)",7158,"ENST00000467474.1","ENSG00000067369","TP53BP1",1.59e-07,0.484,-351,34
"2666","PDIA3",0.241562065682143,"ENSG00000167004","chr15","MA0065.1","Promoter (1-2kb)",2923,"ENST00000687173.1","ENSG00000167004","PDIA3",3.62e-05,0.662,-1128,35
"2667","SERF2",0.777218779450317,"ENSG00000140264","chr15","MA0065.1","Promoter (<=1kb)",10169,"ENST00000409614.1","ENSG00000140264","SERF2",5.57e-05,0.671,65,16
"2668","FRMD5",0.560233339503231,"ENSG00000171877","chr15","MA0065.1","Promoter (2-3kb)",84978,"ENST00000473965.1","ENSG00000171877","FRMD5",1.79e-06,0.563,-2929,32
"2669","CTDSPL2",0.323191515328902,"ENSG00000137770","chr15","MA0065.1","Promoter (1-2kb)",51496,"ENST00000560620.1","ENSG00000137770","CTDSPL2",1.36e-05,0.623,-1016,42
"2670","EIF3J",0.21902879873829,"ENSG00000104131","chr15","MA0065.1","Promoter (<=1kb)",8669,"ENST00000558353.1","ENSG00000104131","EIF3J",9.96e-05,0.688,470,37
"2671","SPG11",0.64397758124104,"ENSG00000104133","chr15","MA0065.1","Promoter (<=1kb)",80208,"ENST00000558561.1","ENSG00000104133","SPG11",1.44e-06,0.563,-297,39
"2672","B2M",0.479647875240828,"ENSG00000166710","chr15","MA0065.1","Promoter (<=1kb)",567,"ENST00000559907.5","ENSG00000166710","B2M",3.59e-05,0.662,-83,24
"2673","EID1",0.338029778934976,"ENSG00000255302","chr15","RXRA_M10652_3.10","Promoter (<=1kb)",23741,"ENST00000530028.3","ENSG00000255302","EID1",6.18e-05,0.108,240,3
"2674","SECISBP2L",0.395354480133368,"ENSG00000138593","chr15","MA0065.1","Promoter (<=1kb)",9728,"ENST00000559198.1","ENSG00000138593","SECISBP2L",7.97e-06,0.582,-758,32
"2675","GALK2",0.313915300141395,"ENSG00000156958","chr15","MA0065.1","Promoter (<=1kb)",2585,"ENST00000558399.5","ENSG00000156958","GALK2",6.76e-05,0.682,640,36
"2676","FAM227B",0.334750399857283,"ENSG00000166262","chr15","MA0065.1","Promoter (<=1kb)",196951,"ENST00000559573.3","ENSG00000166262","FAM227B",2.29e-06,0.563,-258,38
"2677","GABPB1",0.245645551963381,"ENSG00000104064","chr15","MA0065.1","Promoter (<=1kb)",2553,"ENST00000558335.5","ENSG00000104064","GABPB1",6.85e-05,0.682,552,17
"2678","USP8",0.337358378296505,"ENSG00000138592","chr15","MA0065.1","Promoter (2-3kb)",9101,"ENST00000560297.5","ENSG00000138592","USP8",2.55e-06,0.572,-2249,39
"2679","TRPM7",1.17428963518851,"ENSG00000092439","chr15","MA0065.1","Promoter (<=1kb)",54822,"ENST00000560638.1","ENSG00000092439","TRPM7",3.59e-06,0.572,-469,31
"2680","SPPL2A",0.610279685868163,"ENSG00000138600","chr15","MA0065.1","Promoter (<=1kb)",84888,"ENST00000698134.1","ENSG00000138600","SPPL2A",1.32e-06,0.563,-684,35
"2681","TMOD3",0.321206710906032,"ENSG00000138594","chr15","MA0065.1","Promoter (<=1kb)",29766,"ENST00000560549.5","ENSG00000138594","TMOD3",4.64e-06,0.572,232,30
"2682","MAPK6",0.248493152127404,"ENSG00000069956","chr15","MA0065.1","Promoter (<=1kb)",5597,"ENST00000560802.1","ENSG00000069956","MAPK6",8.81e-07,0.563,887,34
"2683","MYO5A",0.404347561610951,"ENSG00000197535","chr15","MA0065.1","Promoter (<=1kb)",4644,"ENST00000686603.1","ENSG00000197535","MYO5A",1.16e-05,0.622,872,36
"2684","ARPP19",0.350966766684065,"ENSG00000128989","chr15","MA0065.1","Promoter (<=1kb)",10776,"ENST00000565288.1","ENSG00000128989","ARPP19",4.34e-05,0.665,667,24
"2685","CCPG1",0.386341559126549,"ENSG00000260916","chr15","MA0065.1","Promoter (<=1kb)",9236,"ENST00000568592.1","ENSG00000260916","CCPG1",2.28e-05,0.637,-209,22
"2686","RFX7",0.402880342282106,"ENSG00000181827","chr15","MA0065.1","Promoter (<=1kb)",64864,"ENST00000674082.1","ENSG00000181827","RFX7",8.38e-05,0.682,-37,28
"2687","ZNF280D",0.568955773056953,"ENSG00000137871","chr15","MA0065.1","Promoter (<=1kb)",54816,"ENST00000560388.1","ENSG00000137871","ZNF280D",3.53e-06,0.572,-7,8
"2688","TCF12",1.15103541768789,"ENSG00000140262","chr15","MA0065.1","Promoter (<=1kb)",6938,"ENST00000560948.1","ENSG00000140262","TCF12",3.29e-05,0.658,0,19
"2689","CGNL1",0.206793909982612,"ENSG00000128849","chr15","MA0065.1","Promoter (<=1kb)",84952,"ENST00000557813.2","ENSG00000128849","CGNL1",5.43e-05,0.67,-125,33
"2690","ADAM10",0.567482929696121,"ENSG00000137845","chr15","MA0065.1","Promoter (2-3kb)",102,"ENST00000462061.1","ENSG00000137845","ADAM10",1.01e-05,0.607,-2270,33
"2691","RNF111",0.627520449959561,"ENSG00000157450","chr15","MA0065.1","Promoter (1-2kb)",54778,"ENST00000559757.1","ENSG00000157450","RNF111",3.17e-05,0.655,-1717,30
"2692","SLTM",0.590306835587694,"ENSG00000137776","chr15","MA0065.1","Promoter (1-2kb)",79811,"ENST00000560532.1","ENSG00000137776","SLTM",1.73e-06,0.563,-1596,35
"2693","MYO1E",0.270479565681748,"ENSG00000157483","chr15","MA0065.1","Promoter (<=1kb)",4643,"ENST00000559489.1","ENSG00000157483","MYO1E",2.27e-06,0.563,-618,33
"2694","GTF2A2",0.219467503419419,"ENSG00000140307","chr15","MA0066.1","Promoter (<=1kb)",2958,"ENST00000480768.1","ENSG00000140307","GTF2A2",4.02e-05,0.659,-872,26
"2695","ANXA2",0.210476082983221,"ENSG00000182718","chr15","MA0065.1","Promoter (<=1kb)",302,"ENST00000559350.5","ENSG00000182718","ANXA2",3.56e-06,0.572,26,18
"2696","ICE2",0.233269022837662,"ENSG00000128915","chr15","MA0065.1","Promoter (<=1kb)",79664,"ENST00000558512.5","ENSG00000128915","ICE2",2.85e-05,0.65,77,37
"2697","RORA",0.80093260880644,"ENSG00000069667","chr15","MA0065.1","Promoter (<=1kb)",6095,"ENST00000560004.5","ENSG00000069667","RORA",3.75e-06,0.572,843,39
"2698","VPS13C",0.405641254474932,"ENSG00000129003","chr15","MA0065.1","Promoter (2-3kb)",54832,"ENST00000558088.1","ENSG00000129003","VPS13C",1.02e-06,0.563,-2169,35
"2699","TLN2",0.863184647750339,"ENSG00000171914","chr15","MA0065.1","Promoter (2-3kb)",83660,"ENST00000561197.5","ENSG00000171914","TLN2",1.28e-05,0.623,-2943,37
"2700","TPM1",2.45497827600001,"ENSG00000140416","chr15","MA0065.1","Promoter (<=1kb)",7168,"ENST00000560679.1","ENSG00000140416","TPM1",1.75e-05,0.623,-831,42
"2701","USP3",0.243346592430362,"ENSG00000140455","chr15","MA0065.1","Promoter (<=1kb)",9960,"ENST00000540797.5","ENSG00000140455","USP3",4.61e-05,0.667,-405,26
"2702","HERC1",0.766179133564971,"ENSG00000103657","chr15","MA0065.1","Promoter (1-2kb)",8925,"ENST00000560897.1","ENSG00000103657","HERC1",9.4e-06,0.598,-1486,31
"2703","DAPK2",0.845508549426664,"ENSG00000035664","chr15","MA0065.1","Promoter (<=1kb)",23604,"ENST00000559731.5","ENSG00000035664","DAPK2",3.49e-06,0.572,-933,40
"2704","SNX1",0.524910819783123,"ENSG00000028528","chr15","MA0065.1","Promoter (<=1kb)",6642,"ENST00000559389.1","ENSG00000028528","SNX1",4.73e-06,0.572,413,34
"2705","TRIP4",0.217459920195465,"ENSG00000103671","chr15","MA0065.1","Promoter (<=1kb)",9325,"ENST00000558442.1","ENSG00000103671","TRIP4",2.13e-05,0.635,429,19
"2706","ZNF609",1.04449742127797,"ENSG00000180357","chr15","MA0065.1","Promoter (<=1kb)",23060,"ENST00000559364.1","ENSG00000180357","ZNF609",1.97e-05,0.631,-229,36
"2707","OAZ2",0.249906891321854,"ENSG00000180304","chr15","MA0065.1","Promoter (2-3kb)",4947,"ENST00000326005.10","ENSG00000180304","OAZ2",8.34e-06,0.586,-2349,35
"2708","RBPMS2",0.324471593720487,"ENSG00000166831","chr15","MA0065.1","Promoter (<=1kb)",348093,"ENST00000300069.5","ENSG00000166831","RBPMS2",1.96e-05,0.631,-624,34
"2709","MTFMT",0.242563273922559,"ENSG00000103707","chr15","MA0065.1","Promoter (<=1kb)",123263,"ENST00000543678.1","ENSG00000103707","MTFMT",6.39e-05,0.678,-16,7
"2710","DPP8",0.245074685382021,"ENSG00000074603","chr15","MA0065.1","Promoter (1-2kb)",54878,"ENST00000560048.2","ENSG00000074603","DPP8",1.59e-05,0.623,-1149,36
"2711","DENND4A",0.480704403477153,"ENSG00000174485","chr15","MA0065.1","Promoter (1-2kb)",10260,"ENST00000562540.1","ENSG00000174485","DENND4A",8.32e-06,0.586,-1746,40
"2712","RAB11A",0.719423212183753,"ENSG00000103769","chr15","MA0065.1","Promoter (1-2kb)",8766,"ENST00000564910.5","ENSG00000103769","RAB11A",4.04e-05,0.662,-1340,32
"2713","MAP2K1",0.354504044099778,"ENSG00000169032","chr15","MA0065.1","Promoter (<=1kb)",5604,"ENST00000566326.1","ENSG00000169032","MAP2K1",1.35e-05,0.623,859,33
"2714","MAP2K5",0.566817447973492,"ENSG00000137764","chr15","MA0065.1","Promoter (<=1kb)",5607,"ENST00000395476.6","ENSG00000137764","MAP2K5",4.43e-06,0.572,31,20
"2715","PIAS1",0.915010152098644,"ENSG00000033800","chr15","MA0065.1","Promoter (<=1kb)",8554,"ENST00000564915.5","ENSG00000033800","PIAS1",1.73e-05,0.623,-823,34
"2716","ANP32A",0.224554652066036,"ENSG00000140350","chr15","MA0065.1","Promoter (<=1kb)",8125,"ENST00000483551.6","ENSG00000140350","ANP32A",8.82e-06,0.592,-384,39
"2717","UACA",0.335499119744983,"ENSG00000137831","chr15","MA0065.1","Promoter (2-3kb)",55075,"ENST00000558308.5","ENSG00000137831","UACA",3.6e-05,0.662,-2048,17
"2718","LRRC49",0.491615456186658,"ENSG00000137821","chr15","MA0065.1","Promoter (<=1kb)",54839,"ENST00000558137.5","ENSG00000137821","LRRC49",2.75e-06,0.572,116,28
"2719","THSD4",1.79883759995892,"ENSG00000187720","chr15","MA0065.1","Promoter (<=1kb)",79875,"ENST00000355327.7","ENSG00000187720","THSD4",8.14e-06,0.584,319,38
"2720","MYO9A",0.84181488116318,"ENSG00000066933","chr15","MA0065.1","Promoter (<=1kb)",4649,"ENST00000568481.1","ENSG00000066933","MYO9A",6.08e-08,0.393,14,31
"2721","PKM",0.70499829815129,"ENSG00000067225","chr15","MA0065.1","Promoter (<=1kb)",5315,"ENST00000568459.5","ENSG00000067225","PKM",1.08e-05,0.614,-306,28
"2722","ARIH1",0.630937954095503,"ENSG00000166233","chr15","MA0065.1","Promoter (2-3kb)",25820,"ENST00000566063.1","ENSG00000166233","ARIH1",4.03e-06,0.572,-2421,30
"2723","NPTN",0.434823384378845,"ENSG00000156642","chr15","MA0065.1","Promoter (2-3kb)",27020,"ENST00000561898.1","ENSG00000156642","NPTN",1.57e-05,0.623,-2473,31
"2724","FAM219B",0.21322973256123,"ENSG00000178761","chr15","MA0065.1","Promoter (<=1kb)",57184,"ENST00000563706.5","ENSG00000178761","FAM219B",1.25e-05,0.623,377,27
"2725","COX5A",0.60609743181123,"ENSG00000178741","chr15","MA0065.1","Promoter (1-2kb)",9377,"ENST00000568783.5","ENSG00000178741","COX5A",2.96e-05,0.653,-1657,22
"2726","PTPN9",0.261893772482005,"ENSG00000169410","chr15","MA0065.1","Promoter (<=1kb)",5780,"ENST00000564970.1","ENSG00000169410","PTPN9",2.87e-05,0.651,-73,36
"2727","ETFA",0.715536954377908,"ENSG00000140374","chr15","MA0065.1","Promoter (1-2kb)",2108,"ENST00000689120.1","ENSG00000140374","ETFA",3.76e-05,0.662,-1841,19
"2728","SCAPER",0.968462737135894,"ENSG00000140386","chr15","MA0065.1","Promoter (<=1kb)",49855,"ENST00000565970.5","ENSG00000140386","SCAPER",1.08e-05,0.615,87,28
"2729","PEAK1",1.10001356552674,"ENSG00000173517","chr15","MA0065.1","Promoter (2-3kb)",79834,"ENST00000569692.1","ENSG00000173517","PEAK1",4.04e-06,0.572,-2594,38
"2730","HMG20A",0.487106306164522,"ENSG00000140382","chr15","MA0065.1","Promoter (<=1kb)",10363,"ENST00000560867.1","ENSG00000140382","HMG20A",1.25e-05,0.623,0,42
"2731","LINGO1",1.25643244211723,"ENSG00000169783","chr15","MA0065.1","Promoter (2-3kb)",84894,"ENST00000559893.5","ENSG00000169783","LINGO1",1.69e-05,0.623,-2543,39
"2732","IDH3A",0.529747082845055,"ENSG00000166411","chr15","MA0065.1","Promoter (2-3kb)",3419,"ENST00000558933.5","ENSG00000166411","IDH3A",7.89e-06,0.581,-2699,37
"2733","IREB2",0.240156752965863,"ENSG00000136381","chr15","MA0065.1","Promoter (<=1kb)",3658,"ENST00000560840.5","ENSG00000136381","IREB2",2.53e-05,0.643,-452,28
"2734","MORF4L1",0.488068042216567,"ENSG00000185787","chr15","MA0065.1","Promoter (<=1kb)",10933,"ENST00000558923.5","ENSG00000185787","MORF4L1",5.65e-06,0.572,-275,36
"2735","ZFAND6",0.409798317042998,"ENSG00000086666","chr15","MA0065.1","Promoter (<=1kb)",54469,"ENST00000613266.4","ENSG00000086666","ZFAND6",1.5e-05,0.623,-61,39
"2736","FSD2",0.783730841861949,"ENSG00000186628","chr15","MA0065.1","Promoter (1-2kb)",123722,"ENST00000561368.1","ENSG00000186628","FSD2",7.11e-05,0.682,-1019,21
"2737","BTBD1",0.267284206069237,"ENSG00000064726","chr15","MA0065.1","Promoter (2-3kb)",53339,"ENST00000559652.5","ENSG00000064726","BTBD1",5.41e-05,0.67,-2291,15
"2738","SEC11A",0.355600392077882,"ENSG00000140612","chr15","MA0065.1","Promoter (1-2kb)",23478,"ENST00000558924.1","ENSG00000140612","SEC11A",1.04e-05,0.61,-1460,28
"2739","ALPK3",0.450916193612965,"ENSG00000136383","chr15","MA0065.1","Promoter (<=1kb)",57538,"ENST00000558077.1","ENSG00000136383","ALPK3",5.57e-06,0.572,547,37
"2740","PDE8A",0.678914498297063,"ENSG00000073417","chr15","MA0065.1","Promoter (<=1kb)",5151,"ENST00000557819.6","ENSG00000073417","PDE8A",1.37e-05,0.623,402,29
"2741","AKAP13",2.32936118597948,"ENSG00000170776","chr15","MA0065.1","Promoter (2-3kb)",11214,"ENST00000560579.5","ENSG00000170776","AKAP13",1.5e-06,0.563,-2732,39
"2742","MFGE8",0.596549204195608,"ENSG00000140545","chr15","MA0065.1","Promoter (1-2kb)",4240,"ENST00000560937.1","ENSG00000140545","MFGE8",4.62e-06,0.572,-1141,37
"2743","ABHD2",0.815412595846438,"ENSG00000140526","chr15","MA0065.1","Promoter (1-2kb)",11057,"ENST00000568308.1","ENSG00000140526","ABHD2",7.47e-06,0.576,-1348,28
"2744","IDH2",0.734388707192108,"ENSG00000182054","chr15","MA0065.1","Promoter (<=1kb)",3418,"ENST00000540499.2","ENSG00000182054","IDH2",5.69e-05,0.672,-639,29
"2745","SEMA4B",0.304990233675051,"ENSG00000185033","chr15","MA0065.1","Promoter (2-3kb)",10509,"ENST00000411539.7","ENSG00000185033","SEMA4B",2.73e-06,0.572,-2650,30
"2746","IQGAP1",0.334253921841674,"ENSG00000140575","chr15","MA0065.1","Promoter (<=1kb)",8826,"ENST00000560218.1","ENSG00000140575","IQGAP1",1.29e-05,0.623,-343,38
"2747","CRTC3",0.718004552949721,"ENSG00000140577","chr15","MA0065.1","Promoter (2-3kb)",64784,"ENST00000560047.1","ENSG00000140577","CRTC3",4.15e-07,0.563,-2677,41
"2748","SLCO3A1",0.960522782894224,"ENSG00000176463","chr15","MA0065.1","Promoter (<=1kb)",28232,"ENST00000556649.1","ENSG00000176463","SLCO3A1",1.14e-06,0.563,-362,42
"2749","CHD2",0.368892537607563,"ENSG00000173575","chr15","MA0065.1","Promoter (2-3kb)",1106,"ENST00000637789.1","ENSG00000173575","CHD2",2.44e-05,0.641,-2652,38
"2750","IGF1R",1.25061228344402,"ENSG00000140443","chr15","MA0065.1","Promoter (<=1kb)",3480,"ENST00000558898.1","ENSG00000140443","IGF1R",1.88e-06,0.563,-65,34
"2751","SYNM",0.382266775662156,"ENSG00000182253","chr15","MA0065.1","Promoter (1-2kb)",23336,"ENST00000328642.11","ENSG00000182253","SYNM",4.47e-05,0.667,-1491,19
"2752","TTC23",0.206042598302167,"ENSG00000103852","chr15","MA0065.1","Promoter (<=1kb)",64927,"ENST00000480371.1","ENSG00000103852","TTC23",5.79e-06,0.572,-935,42
"2753","LRRC28",0.234658060916219,"ENSG00000168904","chr15","MA0065.1","Promoter (<=1kb)",123355,"ENST00000561431.1","ENSG00000168904","LRRC28",4.6e-06,0.572,104,37
"2754","MEF2A",1.49660879962414,"ENSG00000068305","chr15","MA0065.1","Promoter (<=1kb)",4205,"ENST00000561125.2","ENSG00000068305","MEF2A",2.84e-05,0.65,-241,30
"2755","PCSK6",0.39889747118618,"ENSG00000140479","chr15","MA0065.1","Promoter (<=1kb)",5046,"ENST00000558951.5","ENSG00000140479","PCSK6",1.68e-05,0.623,-215,39
"2756","TM2D3",0.220190287311286,"ENSG00000184277","chr15","MA0065.1","Promoter (1-2kb)",80213,"ENST00000559891.1","ENSG00000184277","TM2D3",1.28e-05,0.623,-1711,36
"2757","NPRL3",0.239473971784573,"ENSG00000103148","chr16","MA0065.1","Promoter (<=1kb)",8131,"ENST00000464069.1","ENSG00000103148","NPRL3",1.69e-05,0.623,450,22
"2758","RAB11FIP3",0.29616701425224,"ENSG00000090565","chr16","MA0065.1","Promoter (<=1kb)",9727,"ENST00000461009.1","ENSG00000090565","RAB11FIP3",1.09e-05,0.616,-460,32
"2759","UBE2I",0.21374873609843,"ENSG00000103275","chr16","MA0065.1","Promoter (<=1kb)",7329,"ENST00000711334.1","ENSG00000103275","UBE2I",2.33e-06,0.565,0,2
"2760","MAPK8IP3",0.315712302712673,"ENSG00000138834","chr16","MA0065.1","Promoter (1-2kb)",23162,"ENST00000566589.1","ENSG00000138834","MAPK8IP3",1.61e-06,0.563,-1859,42
"2761","NME3",0.260610168518407,"ENSG00000103024","chr16","MA1148.1","Promoter (<=1kb)",4832,"ENST00000563498.1","ENSG00000103024","NME3",2.79e-05,0.553,-394,22
"2762","SPSB3",0.230794521922905,"ENSG00000162032","chr16","MA0065.1","Promoter (<=1kb)",90864,"ENST00000569769.1","ENSG00000162032","SPSB3",2.18e-05,0.636,651,22
"2763","HAGH",0.298886725084216,"ENSG00000063854","chr16","MA0065.1","Promoter (1-2kb)",3029,"ENST00000564445.5","ENSG00000063854","HAGH",1.25e-05,0.623,-1242,33
"2764","NDUFB10",0.441316303996566,"ENSG00000140990","chr16","MA0065.1","Promoter (<=1kb)",4716,"ENST00000570172.1","ENSG00000140990","NDUFB10",2.6e-05,0.645,191,30
"2765","PGP",0.277701156886878,"ENSG00000184207","chr16","MA0065.1","Promoter (<=1kb)",283871,"ENST00000333503.8","ENSG00000184207","PGP",6.8e-06,0.572,752,42
"2766","ECI1",0.207559082157865,"ENSG00000167969","chr16","MA0065.1","Promoter (1-2kb)",1632,"ENST00000563447.1","ENSG00000167969","ECI1",2.74e-06,0.572,-1960,34
"2767","PDPK1",0.255552767140687,"ENSG00000140992","chr16","MA0065.1","Promoter (1-2kb)",5170,"ENST00000566659.1","ENSG00000140992","PDPK1",1.67e-08,0.301,-1409,42
"2768","SRRM2",0.431601181833753,"ENSG00000167978","chr16","MA0065.1","Promoter (<=1kb)",23524,"ENST00000570971.2","ENSG00000167978","SRRM2",5.89e-06,0.572,44,24
"2769","FLYWCH1",0.209180092269161,"ENSG00000059122","chr16","MA0065.1","Promoter (<=1kb)",84256,"ENST00000344592.9","ENSG00000059122","FLYWCH1",4.38e-05,0.665,-816,19
"2770","TNFRSF12A",0.339887746661412,"ENSG00000006327","chr16","MA0065.1","Promoter (<=1kb)",51330,"ENST00000571351.1","ENSG00000006327","TNFRSF12A",1.77e-05,0.623,777,42
"2771","ZNF75A",0.290677369291065,"ENSG00000162086","chr16","MA0065.1","Promoter (<=1kb)",7627,"ENST00000572999.5","ENSG00000162086","ZNF75A",1.75e-05,0.623,-72,4
"2772","DNASE1",0.320372279409111,"ENSG00000213918","chr16","MA0065.1","Promoter (<=1kb)",1773,"ENST00000571460.5","ENSG00000213918","DNASE1",1.3e-05,0.623,-37,37
"2773","CREBBP",0.48332970837236,"ENSG00000005339","chr16","MA0065.1","Promoter (<=1kb)",1387,"ENST00000637492.1","ENSG00000005339","CREBBP",1.59e-05,0.623,430,32
"2774","ADCY9",0.750978122846317,"ENSG00000162104","chr16","MA0065.1","Promoter (<=1kb)",115,"ENST00000572288.1","ENSG00000162104","ADCY9",4.48e-05,0.667,-683,11
"2775","SRL",1.20533795866232,"ENSG00000185739","chr16","MA0065.1","Promoter (<=1kb)",6345,"ENST00000399609.7","ENSG00000185739","SRL",2.49e-05,0.642,-492,36
"2776","DNAJA3",0.235109458575495,"ENSG00000103423","chr16","MA0065.1","Promoter (<=1kb)",9093,"ENST00000573120.5","ENSG00000103423","DNAJA3",1.68e-06,0.563,298,38
"2777","HMOX2",0.370006033654969,"ENSG00000103415","chr16","MA0065.1","Promoter (<=1kb)",3163,"ENST00000570622.1","ENSG00000103415","HMOX2",5.41e-05,0.67,-279,30
"2778","MGRN1",0.272644328533575,"ENSG00000102858","chr16","MA0065.1","Promoter (<=1kb)",23295,"ENST00000590457.5","ENSG00000102858","MGRN1",9.47e-07,0.563,310,29
"2779","GLYR1",0.473184872857503,"ENSG00000140632","chr16","MA0065.1","Promoter (<=1kb)",84656,"ENST00000586095.1","ENSG00000140632","GLYR1",5.6e-05,0.672,-516,33
"2780","UBN1",0.298449815849046,"ENSG00000118900","chr16","MA0065.1","Promoter (<=1kb)",29855,"ENST00000589191.1","ENSG00000118900","UBN1",5.75e-06,0.572,-304,40
"2781","RBFOX1",1.38540449942221,"ENSG00000078328","chr16","MA0065.1","Promoter (<=1kb)",54715,"ENST00000567470.1","ENSG00000078328","RBFOX1",1.05e-05,0.611,518,39
"2782","ATF7IP2",0.621445515678153,"ENSG00000166669","chr16","MA0065.1","Promoter (<=1kb)",80063,"ENST00000396560.6","ENSG00000166669","ATF7IP2",5.47e-06,0.572,-136,31
"2783","EMP2",0.382290328958291,"ENSG00000213853","chr16","MA0065.1","Promoter (<=1kb)",2013,"ENST00000342147.4","ENSG00000213853","EMP2",1.56e-05,0.623,-728,28
"2784","CLEC16A",0.563129469458189,"ENSG00000038532","chr16","MA0065.1","Promoter (<=1kb)",23274,"ENST00000463459.1","ENSG00000038532","CLEC16A",4.77e-07,0.563,977,31
"2785","TXNDC11",0.271181120449952,"ENSG00000153066","chr16","MA0065.1","Promoter (<=1kb)",51061,"ENST00000575349.1","ENSG00000153066","TXNDC11",8.46e-06,0.587,296,15
"2786","ZC3H7A",0.23831584023607,"ENSG00000122299","chr16","MA0065.1","Promoter (<=1kb)",29066,"ENST00000575984.1","ENSG00000122299","ZC3H7A",1.54e-05,0.623,-44,21
"2787","GSPT1",0.340677640590652,"ENSG00000103342","chr16","MA0065.1","Promoter (2-3kb)",2935,"ENST00000562794.1","ENSG00000103342","GSPT1",9.64e-06,0.602,-2034,29
"2788","SNX29",0.482440169291513,"ENSG00000048471","chr16","MA0065.1","Promoter (2-3kb)",92017,"ENST00000563308.1","ENSG00000048471","SNX29",6.3e-06,0.572,-2909,36
"2789","PARN",0.347581124840718,"ENSG00000140694","chr16","MA0065.1","Promoter (<=1kb)",5073,"ENST00000652066.1","ENSG00000140694","PARN",1.56e-07,0.484,139,38
"2790","PDXDC1",0.885614412058274,"ENSG00000179889","chr16","MA0065.1","Promoter (<=1kb)",23042,"ENST00000565362.5","ENSG00000179889","PDXDC1",1.84e-05,0.626,357,22
"2791","ABCC1",0.413248737277446,"ENSG00000103222","chr16","MA0065.1","Promoter (<=1kb)",4363,"ENST00000574224.2","ENSG00000103222","ABCC1",6.71e-06,0.572,-873,33
"2792","SMG1",0.632605991045502,"ENSG00000157106","chr16","MA0065.1","Promoter (1-2kb)",23049,"ENST00000569764.1","ENSG00000157106","SMG1",1.71e-06,0.563,-1397,35
"2793","CRYM",0.414337464969519,"ENSG00000103316","chr16","MA0065.1","Promoter (<=1kb)",1428,"ENST00000219599.8","ENSG00000103316","CRYM",4.72e-05,0.667,30,8
"2794","UQCRC2",0.576826088472585,"ENSG00000140740","chr16","MA0065.1","Promoter (1-2kb)",7385,"ENST00000618892.1","ENSG00000140740","UQCRC2",9.07e-06,0.595,-1112,23
"2795","EEF2K",0.231998755317356,"ENSG00000103319","chr16","MA0065.1","Promoter (<=1kb)",29904,"ENST00000563555.1","ENSG00000103319","EEF2K",7.39e-06,0.575,91,38
"2796","CDR2",0.395627802458073,"ENSG00000140743","chr16","MA0065.1","Promoter (<=1kb)",1039,"ENST00000564542.5","ENSG00000140743","CDR2",2.79e-05,0.649,896,18
"2797","USP31",0.406051367589399,"ENSG00000103404","chr16","MA0065.1","Promoter (1-2kb)",57478,"ENST00000219689.12","ENSG00000103404","USP31",1.38e-07,0.468,-1382,41
"2798","COG7",0.215769689623789,"ENSG00000168434","chr16","MA0065.1","Promoter (<=1kb)",91949,"ENST00000567821.1","ENSG00000168434","COG7",5.26e-06,0.572,650,35
"2799","GGA2",0.228549991919894,"ENSG00000103365","chr16","MA0065.1","Promoter (<=1kb)",23062,"ENST00000569300.5","ENSG00000103365","GGA2",9.1e-06,0.595,783,40
"2800","NDUFAB1",0.425334457384681,"ENSG00000004779","chr16","MA0065.1","Promoter (2-3kb)",4706,"ENST00000007516.8","ENSG00000004779","NDUFAB1",1.34e-05,0.623,-2768,29
"2801","RBBP6",0.334631835246517,"ENSG00000122257","chr16","MA0065.1","Promoter (1-2kb)",5930,"ENST00000564314.5","ENSG00000122257","RBBP6",6.8e-06,0.572,-1766,34
"2802","TNRC6A",0.949792560596315,"ENSG00000090905","chr16","MA0065.1","Promoter (<=1kb)",27327,"ENST00000568806.1","ENSG00000090905","TNRC6A",1.41e-05,0.623,-874,20
"2803","ARHGAP17",0.324190766610005,"ENSG00000140750","chr16","MA0065.1","Promoter (2-3kb)",55114,"ENST00000573765.1","ENSG00000140750","ARHGAP17",6.8e-06,0.572,-2163,36
"2804","NUPR1",0.214921080054351,"ENSG00000176046","chr16","MA0065.1","Promoter (<=1kb)",26471,"ENST00000567646.1","ENSG00000176046","NUPR1",7.25e-05,0.682,765,37
"2805","TUFM",0.225536392510569,"ENSG00000178952","chr16","MA0066.1","Promoter (<=1kb)",7284,"ENST00000561644.1","ENSG00000178952","TUFM",6.55e-05,0.687,7,24
"2806","SH2B1",0.210422588173674,"ENSG00000178188","chr16","MA0065.1","Promoter (<=1kb)",25970,"ENST00000566176.5","ENSG00000178188","SH2B1",3.8e-06,0.572,-23,33
"2807","ALDOA",0.786086108700391,"ENSG00000149925","chr16","MA0065.1","Promoter (<=1kb)",226,"ENST00000563987.5","ENSG00000149925","ALDOA",1.62e-05,0.623,254,30
"2808","BCL7C",0.210820139116986,"ENSG00000099385","chr16","MA0065.1","Promoter (1-2kb)",9274,"ENST00000576194.1","ENSG00000099385","BCL7C",4.03e-05,0.662,-1270,41
"2809","FUS",0.459297605829479,"ENSG00000089280","chr16","MA0065.1","Promoter (<=1kb)",2521,"ENST00000566605.5","ENSG00000089280","FUS",5.63e-06,0.572,-577,42
"2810","COX6A2",0.911579130234848,"ENSG00000156885","chr16","MA0065.1","Promoter (<=1kb)",1339,"ENST00000287490.5","ENSG00000156885","COX6A2",7.53e-05,0.682,-10,22
"2811","VPS35",0.278324923729812,"ENSG00000069329","chr16","MA0065.1","Promoter (<=1kb)",55737,"ENST00000565228.1","ENSG00000069329","VPS35",1.04e-05,0.61,-269,30
"2812","MYLK3",0.970989063131371,"ENSG00000140795","chr16","MA0065.1","Promoter (1-2kb)",91807,"ENST00000564731.5","ENSG00000140795","MYLK3",1.3e-05,0.623,-1700,39
"2813","ITFG1",0.861095557496673,"ENSG00000129636","chr16","MA0065.1","Promoter (1-2kb)",81533,"ENST00000565262.1","ENSG00000129636","ITFG1",1.18e-05,0.623,-1770,18
"2814","PHKB",0.604350627967134,"ENSG00000102893","chr16","MA0065.1","Promoter (<=1kb)",5257,"ENST00000568171.1","ENSG00000102893","PHKB",2.86e-06,0.572,59,40
"2815","LONP2",0.532753777824715,"ENSG00000102910","chr16","MA0065.1","Promoter (2-3kb)",83752,"ENST00000564259.1","ENSG00000102910","LONP2",5.48e-05,0.67,-2429,28
"2816","CHD9",0.98802156492204,"ENSG00000177200","chr16","MA0065.1","Promoter (1-2kb)",80205,"ENST00000564600.6","ENSG00000177200","CHD9",9.6e-06,0.601,-1829,42
"2817","RBL2",0.301625473117125,"ENSG00000103479","chr16","MA0065.1","Promoter (<=1kb)",5934,"ENST00000562837.1","ENSG00000103479","RBL2",1.19e-05,0.623,-621,38
"2818","FTO",0.857320353125624,"ENSG00000140718","chr16","MA0065.1","Promoter (<=1kb)",79068,"ENST00000472835.1","ENSG00000140718","FTO",1.85e-06,0.563,893,34
"2819","MT2A",0.306143634128095,"ENSG00000125148","chr16","MA0065.1","Promoter (<=1kb)",4502,"ENST00000563985.1","ENSG00000125148","MT2A",8.44e-05,0.682,-846,34
"2820","MT1E",0.312195206899641,"ENSG00000169715","chr16","MA0065.1","Promoter (<=1kb)",4493,"ENST00000306061.10","ENSG00000169715","MT1E",4.62e-05,0.667,14,20
"2821","HERPUD1",0.278631163923948,"ENSG00000051108","chr16","MA0065.1","Promoter (<=1kb)",9709,"ENST00000566550.1","ENSG00000051108","HERPUD1",4.33e-05,0.665,-36,30
"2822","COQ9",0.390524169436716,"ENSG00000088682","chr16","MA0065.1","Promoter (<=1kb)",57017,"ENST00000563391.1","ENSG00000088682","COQ9",3.48e-05,0.662,72,24
"2823","KIFC3",0.393611074435149,"ENSG00000140859","chr16","MA0065.1","Promoter (<=1kb)",3801,"ENST00000565397.1","ENSG00000140859","KIFC3",1.27e-05,0.623,364,41
"2824","NDRG4",1.22259899957151,"ENSG00000103034","chr16","MA0065.1","Promoter (<=1kb)",65009,"ENST00000561730.1","ENSG00000103034","NDRG4",2.63e-06,0.572,183,30
"2825","CNOT1",0.255849738837329,"ENSG00000125107","chr16","MA0065.1","Promoter (<=1kb)",23019,"ENST00000565697.1","ENSG00000125107","CNOT1",3.42e-05,0.661,622,24
"2826","SLC38A7",0.223480534570866,"ENSG00000103042","chr16","MA0065.1","Promoter (<=1kb)",55238,"ENST00000564391.1","ENSG00000103042","SLC38A7",5.51e-07,0.563,652,31
"2827","GOT2",0.32731932994236,"ENSG00000125166","chr16","MA1148.1","Promoter (<=1kb)",2806,"ENST00000496461.5","ENSG00000125166","GOT2",4.27e-05,0.553,47,7
"2828","DYNC1LI2",0.215678024082701,"ENSG00000135720","chr16","MA0065.1","Promoter (<=1kb)",1783,"ENST00000564833.5","ENSG00000135720","DYNC1LI2",2.44e-05,0.641,352,13
"2829","RRAD",0.455402704241765,"ENSG00000166592","chr16","MA0065.1","Promoter (2-3kb)",6236,"ENST00000299759.11","ENSG00000166592","RRAD",8.56e-05,0.682,-2646,42
"2830","CBFB",0.277925001257253,"ENSG00000067955","chr16","MA0065.1","Promoter (2-3kb)",865,"ENST00000568858.1","ENSG00000067955","CBFB",1.47e-05,0.623,-2798,28
"2831","NOL3",0.328074613864323,"ENSG00000140939","chr16","MA0065.1","Promoter (<=1kb)",8996,"ENST00000565645.1","ENSG00000140939","NOL3",2.42e-05,0.641,404,20
"2832","RANBP10",0.240284579126646,"ENSG00000141084","chr16","MA0065.1","Promoter (<=1kb)",57610,"ENST00000602887.1","ENSG00000141084","RANBP10",1.91e-05,0.628,508,25
"2833","NFATC3",0.484541774823961,"ENSG00000072736","chr16","MA0065.1","Promoter (<=1kb)",4775,"ENST00000565750.2","ENSG00000072736","NFATC3",1.19e-05,0.623,58,33
"2834","SLC7A6",1.17155593959353,"ENSG00000103064","chr16","MA0065.1","Promoter (<=1kb)",9057,"ENST00000563208.1","ENSG00000103064","SLC7A6",2.1e-05,0.634,99,29
"2835","SLC7A6OS",0.46278247035964,"ENSG00000103061","chr16","MA0855.1","Promoter (<=1kb)",84138,"ENST00000568538.2","ENSG00000103061","SLC7A6OS",9.01e-05,0.777,147,14
"2836","TANGO6",0.303868659476889,"ENSG00000103047","chr16","MA0065.1","Promoter (2-3kb)",79613,"ENST00000568179.1","ENSG00000103047","TANGO6",1.91e-05,0.628,-2045,34
"2837","CYB5B",0.216879786416941,"ENSG00000103018","chr16","MA0065.1","Promoter (2-3kb)",80777,"ENST00000692523.1","ENSG00000103018","CYB5B",8.7e-06,0.59,-2377,32
"2838","NFAT5",0.932087855925561,"ENSG00000102908","chr16","MA0065.1","Promoter (2-3kb)",10725,"ENST00000568832.1","ENSG00000102908","NFAT5",6.87e-06,0.572,-2093,42
"2839","AP1G1",0.248508011077413,"ENSG00000166747","chr16","MA0065.1","Promoter (<=1kb)",164,"ENST00000569044.1","ENSG00000166747","AP1G1",1.17e-05,0.623,675,27
"2840","IST1",0.328135663330394,"ENSG00000182149","chr16","MA0065.1","Promoter (<=1kb)",9798,"ENST00000439924.6","ENSG00000182149","IST1",1.39e-05,0.623,-606,22
"2841","ZFHX3",0.509197951942131,"ENSG00000140836","chr16","MA0065.1","Promoter (<=1kb)",463,"ENST00000358463.2","ENSG00000140836","ZFHX3",1.06e-06,0.563,-696,35
"2842","PSMD7",0.210852830060277,"ENSG00000103035","chr16","MA0065.1","Promoter (<=1kb)",5713,"ENST00000568615.2","ENSG00000103035","PSMD7",4.37e-05,0.665,623,35
"2843","GLG1",0.762606730932707,"ENSG00000090863","chr16","MA0065.1","Promoter (<=1kb)",2734,"ENST00000561481.1","ENSG00000090863","GLG1",6.85e-06,0.572,383,39
"2844","WDR59",0.35400781941939,"ENSG00000103091","chr16","MA0065.1","Promoter (<=1kb)",79726,"ENST00000569788.5","ENSG00000103091","WDR59",4.19e-07,0.563,-628,41
"2845","ZNRF1",0.424518381783949,"ENSG00000186187","chr16","MA0065.1","Promoter (2-3kb)",84937,"ENST00000568351.1","ENSG00000186187","ZNRF1",2.67e-05,0.647,-2137,30
"2846","BCAR1",0.236515912467468,"ENSG00000050820","chr16","MA0065.1","Promoter (<=1kb)",9564,"ENST00000420641.7","ENSG00000050820","BCAR1",7.89e-06,0.581,-524,32
"2847","CFDP1",0.354358920709472,"ENSG00000153774","chr16","MA0065.1","Promoter (2-3kb)",10428,"ENST00000570279.1","ENSG00000153774","CFDP1",5.24e-06,0.572,-2909,33
"2848","GABARAPL2",0.228996392250457,"ENSG00000034713","chr16","MA0065.1","Promoter (<=1kb)",11345,"ENST00000568455.1","ENSG00000034713","GABARAPL2",3.56e-05,0.662,586,33
"2849","TERF2IP",0.396267800340528,"ENSG00000166848","chr16","MA0065.1","Promoter (<=1kb)",105371348,"ENST00000826381.1","ENSG00000166848","LOC105371348",4.32e-05,0.665,-397,24
"2850","WWOX",1.00054725934011,"ENSG00000186153","chr16","MA0065.1","Promoter (<=1kb)",51741,"ENST00000565791.1","ENSG00000186153","WWOX",8.67e-06,0.589,-541,27
"2851","CMC2",0.346715721393261,"ENSG00000103121","chr16","MA0065.1","Promoter (<=1kb)",56942,"ENST00000569666.5","ENSG00000103121","CMC2",2.57e-06,0.572,-234,24
"2852","GCSH",0.25979292372297,"ENSG00000140905","chr16","MA0065.1","Promoter (2-3kb)",2653,"ENST00000315467.9","ENSG00000140905","GCSH",3.53e-05,0.662,-2416,42
"2853","GAN",0.337486505830409,"ENSG00000261609","chr16","MA0065.1","Promoter (2-3kb)",8139,"ENST00000567335.1","ENSG00000261609","GAN",1.65e-05,0.623,-2148,21
"2854","CDH13",1.91690712650155,"ENSG00000140945","chr16","MA0065.1","Promoter (<=1kb)",1012,"ENST00000569454.1","ENSG00000140945","CDH13",7.68e-06,0.579,-190,37
"2855","HSBP1",0.264360107931951,"ENSG00000230989","chr16","MA0065.1","Promoter (<=1kb)",3281,"ENST00000689426.1","ENSG00000230989","HSBP1",9.99e-05,0.688,96,18
"2856","MBTPS1",0.209437591703127,"ENSG00000140943","chr16","MA0065.1","Promoter (1-2kb)",8720,"ENST00000562788.2","ENSG00000140943","MBTPS1",2.67e-05,0.647,-1723,38
"2857","KLHL36",0.214662411239918,"ENSG00000135686","chr16","MA0065.1","Promoter (2-3kb)",79786,"ENST00000564159.1","ENSG00000135686","KLHL36",1.79e-06,0.563,-2383,35
"2858","USP10",0.213982194414412,"ENSG00000103194","chr16","MA0065.1","Promoter (2-3kb)",9100,"ENST00000563433.1","ENSG00000103194","USP10",7.6e-06,0.578,-2270,33
"2859","COX4I1",0.779959560381804,"ENSG00000131143","chr16","MA0065.1","Promoter (1-2kb)",1327,"ENST00000565078.5","ENSG00000131143","COX4I1",1.63e-06,0.563,-1862,35
"2860","MAP1LC3B",0.212963593407379,"ENSG00000140941","chr16","MA1555.1","Promoter (<=1kb)",81631,"ENST00000650688.1","ENSG00000140941","MAP1LC3B",5.49e-05,0.695,627,15
"2861","ZCCHC14",0.209072127148785,"ENSG00000140948","chr16","MA0065.1","Promoter (<=1kb)",23174,"ENST00000268616.9","ENSG00000140948","ZCCHC14",4.75e-05,0.667,721,22
"2862","ANKRD11",0.64824892578342,"ENSG00000167522","chr16","MA0065.1","Promoter (<=1kb)",29123,"ENST00000567736.6","ENSG00000167522","ANKRD11",1.38e-06,0.563,446,35
"2863","SPG7",0.380139170622048,"ENSG00000197912","chr16","MA0065.1","Promoter (1-2kb)",6687,"ENST00000642814.1","ENSG00000197912","SPG7",5.71e-06,0.572,-1490,36
"2864","TCF25",0.3026028464533,"ENSG00000141002","chr16","MA0065.1","Promoter (<=1kb)",22980,"ENST00000563484.1","ENSG00000141002","TCF25",6.91e-07,0.563,-486,38
"2865","VPS53",0.39612485026585,"ENSG00000141252","chr17","MA0065.1","Promoter (2-3kb)",55275,"ENST00000680704.1","ENSG00000141252","VPS53",3.54e-06,0.572,-2457,39
"2866","NXN",0.239740211330083,"ENSG00000167693","chr17","MA0065.1","Promoter (<=1kb)",64359,"ENST00000574018.1","ENSG00000167693","NXN",1.56e-05,0.623,317,41
"2867","ABR",0.578609143104965,"ENSG00000159842","chr17","MA0065.1","Promoter (2-3kb)",29,"ENST00000571022.5","ENSG00000159842","ABR",2.75e-06,0.572,-2294,42
"2868","YWHAE",0.579771784791921,"ENSG00000108953","chr17","MA0065.1","Promoter (1-2kb)",7531,"ENST00000264335.13","ENSG00000108953","YWHAE",2.67e-05,0.647,-1369,39
"2869","CRK",0.33520506629819,"ENSG00000167193","chr17","MA0065.1","Promoter (1-2kb)",1398,"ENST00000572145.1","ENSG00000167193","CRK",1.15e-05,0.622,-1224,39
"2870","PITPNA",0.236159561559908,"ENSG00000174238","chr17","MA0065.1","Promoter (<=1kb)",5306,"ENST00000573231.1","ENSG00000174238","PITPNA",4.68e-05,0.667,891,28
"2871","SMG6",0.518512691036966,"ENSG00000070366","chr17","MA0065.1","Promoter (<=1kb)",23293,"ENST00000573166.5","ENSG00000070366","SMG6",8.4e-07,0.563,844,32
"2872","METTL16",0.354557835867517,"ENSG00000127804","chr17","MA0065.1","Promoter (2-3kb)",79066,"ENST00000574623.1","ENSG00000127804","METTL16",1.49e-05,0.623,-2466,37
"2873","PAFAH1B1",0.808821996853898,"ENSG00000007168","chr17","MA0065.1","Promoter (2-3kb)",5048,"ENST00000576586.6","ENSG00000007168","PAFAH1B1",3.4e-05,0.661,-2448,33
"2874","RAP1GAP2",0.521668649267165,"ENSG00000132359","chr17","MA0065.1","Promoter (<=1kb)",23108,"ENST00000697392.1","ENSG00000132359","RAP1GAP2",4.3e-08,0.367,-68,39
"2875","ZZEF1",0.290469407112663,"ENSG00000074755","chr17","MA0065.1","Promoter (<=1kb)",23140,"ENST00000572426.5","ENSG00000074755","ZZEF1",3.62e-05,0.662,-470,30
"2876","ANKFY1",0.354327213546231,"ENSG00000185722","chr17","MA0065.1","Promoter (<=1kb)",51479,"ENST00000570934.5","ENSG00000185722","ANKFY1",6.46e-06,0.572,771,35
"2877","UBE2G1",0.598636954403607,"ENSG00000132388","chr17","MA0065.1","Promoter (<=1kb)",7326,"ENST00000574059.1","ENSG00000132388","UBE2G1",4.52e-05,0.667,159,18
"2878","MINK1",0.216096375016049,"ENSG00000141503","chr17","MA0065.1","Promoter (<=1kb)",50488,"ENST00000571207.5","ENSG00000141503","MINK1",1.79e-07,0.496,578,40
"2879","PFN1",0.227825281552161,"ENSG00000108518","chr17","MA0065.1","Promoter (<=1kb)",5216,"ENST00000225655.6","ENSG00000108518","PFN1",7.6e-06,0.578,-225,26
"2880","ENO3",0.354424597715207,"ENSG00000108515","chr17","MA0065.1","Promoter (<=1kb)",2027,"ENST00000518175.1","ENSG00000108515","ENO3",1.67e-06,0.563,222,36
"2881","KIF1C",0.508518895202829,"ENSG00000129250","chr17","MA0065.1","Promoter (<=1kb)",10749,"ENST00000573815.1","ENSG00000129250","KIF1C",3.91e-05,0.662,877,21
"2882","RABEP1",0.563367713675438,"ENSG00000029725","chr17","MA0065.1","Promoter (<=1kb)",9135,"ENST00000575991.1","ENSG00000029725","RABEP1",2.3e-05,0.637,-979,42
"2883","NUP88",0.231286862350763,"ENSG00000108559","chr17","MA0065.1","Promoter (<=1kb)",4927,"ENST00000700531.1","ENSG00000108559","NUP88",1.2e-05,0.623,86,14
"2884","ACADVL",1.05960837368804,"ENSG00000072778","chr17","MA0065.1","Promoter (<=1kb)",37,"ENST00000580365.1","ENSG00000072778","ACADVL",1.53e-05,0.623,-114,9
"2885","SLC2A4",0.529581505408189,"ENSG00000181856","chr17","MA0065.1","Promoter (2-3kb)",6517,"ENST00000317370.13","ENSG00000181856","SLC2A4",6.74e-05,0.682,-2085,39
"2886","EIF5A",0.226861485752821,"ENSG00000132507","chr17","MA0065.1","Promoter (2-3kb)",1984,"ENST00000336452.11","ENSG00000132507","EIF5A",1.2e-05,0.623,-2726,34
"2887","ZBTB4",0.227965046747445,"ENSG00000174282","chr17","MA0065.1","Promoter (<=1kb)",57659,"ENST00000380599.9","ENSG00000174282","ZBTB4",8.67e-05,0.682,991,30
"2888","SAT2",0.421054444459429,"ENSG00000141504","chr17","MA0065.1","Promoter (<=1kb)",112483,"ENST00000575826.5","ENSG00000141504","SAT2",9.96e-05,0.688,127,5
"2889","NAA38",0.242749927415685,"ENSG00000183011","chr17","MA0065.1","Promoter (<=1kb)",84316,"ENST00000575771.6","ENSG00000183011","NAA38",2.48e-05,0.642,79,7
"2890","PER1",0.347342733178445,"ENSG00000179094","chr17","MA0065.1","Promoter (<=1kb)",5187,"ENST00000585095.2","ENSG00000179094","PER1",1.21e-05,0.623,478,32
"2891","MYH10",0.240770697110709,"ENSG00000133026","chr17","MA0065.1","Promoter (2-3kb)",4628,"ENST00000469865.1","ENSG00000133026","MYH10",7.92e-06,0.581,-2982,16
"2892","NTN1",0.28620027501965,"ENSG00000065320","chr17","MA0065.1","Promoter (1-2kb)",9423,"ENST00000173229.7","ENSG00000065320","NTN1",5.26e-06,0.572,-1704,38
"2893","STX8",0.639028230904542,"ENSG00000170310","chr17","MA0065.1","Promoter (<=1kb)",9482,"ENST00000573077.3","ENSG00000170310","STX8",1.71e-06,0.563,451,33
"2894","GAS7",0.340926573117013,"ENSG00000007237","chr17","MA0065.1","Promoter (<=1kb)",8522,"ENST00000581112.5","ENSG00000007237","GAS7",8.85e-06,0.592,-814,27
"2895","MAP2K4",0.466121258710641,"ENSG00000065559","chr17","MA0065.1","Promoter (<=1kb)",6416,"ENST00000581941.5","ENSG00000065559","MAP2K4",2.13e-05,0.635,-981,36
"2896","MYOCD",0.791506515894416,"ENSG00000141052","chr17","MA0065.1","Promoter (1-2kb)",93649,"ENST00000425538.6","ENSG00000141052","MYOCD",7.65e-05,0.682,-1565,33
"2897","ARHGAP44",0.344014093567769,"ENSG00000006740","chr17","MA0065.1","Promoter (<=1kb)",9912,"ENST00000538915.2","ENSG00000006740","ARHGAP44",6.08e-08,0.393,26,42
"2898","COX10",0.285594798431014,"ENSG00000006695","chr17","MA0066.2","Promoter (<=1kb)",1352,"ENST00000580561.1","ENSG00000006695","COX10",9.88e-05,0.748,458,34
"2899","PMP22",0.555178701487495,"ENSG00000109099","chr17","MA0065.1","Promoter (<=1kb)",5376,"ENST00000674651.1","ENSG00000109099","PMP22",1.16e-05,0.622,-351,39
"2900","TTC19",0.423110901188657,"ENSG00000011295","chr17","MA0065.1","Promoter (<=1kb)",54902,"ENST00000578103.1","ENSG00000011295","TTC19",9.7e-05,0.686,72,19
"2901","NCOR1",0.737062260220607,"ENSG00000141027","chr17","MA0065.1","Promoter (<=1kb)",9611,"ENST00000583234.1","ENSG00000141027","NCOR1",8.55e-06,0.588,844,41
"2902","PIGL",0.278768908437562,"ENSG00000108474","chr17","MA0065.1","Promoter (<=1kb)",9487,"ENST00000463810.2","ENSG00000108474","PIGL",2.73e-05,0.649,354,22
"2903","UBB",0.328494549001945,"ENSG00000170315","chr17","MA0065.1","Promoter (<=1kb)",7314,"ENST00000395839.5","ENSG00000170315","UBB",8.11e-05,0.682,-35,26
"2904","MPRIP",0.611235499004304,"ENSG00000133030","chr17","MA0065.1","Promoter (2-3kb)",23164,"ENST00000414263.5","ENSG00000133030","MPRIP",4.6e-06,0.572,-2419,37
"2905","RASD1",0.364039802858395,"ENSG00000108551","chr17","MA0065.1","Promoter (1-2kb)",51655,"ENST00000579152.1","ENSG00000108551","RASD1",2.23e-06,0.563,-1984,36
"2906","TOM1L2",1.11237241333026,"ENSG00000175662","chr17","MA0065.1","Promoter (<=1kb)",146691,"ENST00000579586.1","ENSG00000175662","TOM1L2",1.89e-06,0.563,-32,7
"2907","ALKBH5",0.220138658215047,"ENSG00000091542","chr17","MA0066.1","Promoter (2-3kb)",54890,"ENST00000541285.1","ENSG00000091542","ALKBH5",5.43e-06,0.594,-2767,37
"2908","EPN2",0.742432688412239,"ENSG00000072134","chr17","MA0065.1","Promoter (<=1kb)",22905,"ENST00000577195.5","ENSG00000072134","EPN2",1.02e-05,0.608,-694,38
"2909","AKAP10",0.370175196831969,"ENSG00000108599","chr17","MA0065.1","Promoter (<=1kb)",11216,"ENST00000474245.1","ENSG00000108599","AKAP10",4.04e-06,0.572,355,36
"2910","USP22",0.235800730886119,"ENSG00000124422","chr17","MA0065.1","Promoter (<=1kb)",23326,"ENST00000478443.1","ENSG00000124422","USP22",1.2e-05,0.623,-69,39
"2911","DHRS7B",0.309282128630818,"ENSG00000109016","chr17","MA0065.1","Promoter (<=1kb)",25979,"ENST00000583388.1","ENSG00000109016","DHRS7B",6.49e-07,0.563,-118,32
"2912","WSB1",0.847186646824588,"ENSG00000109046","chr17","MA0065.1","Promoter (<=1kb)",26118,"ENST00000487603.5","ENSG00000109046","WSB1",1.86e-05,0.627,-631,15
"2913","NLK",0.526323602696404,"ENSG00000087095","chr17","MA0065.1","Promoter (<=1kb)",51701,"ENST00000584878.1","ENSG00000087095","NLK",4.58e-05,0.667,266,42
"2914","FAM222B",0.368967497358693,"ENSG00000173065","chr17","MA0065.1","Promoter (<=1kb)",55731,"ENST00000577513.6","ENSG00000173065","FAM222B",1.69e-05,0.623,-544,27
"2915","MYO18A",0.221715161830354,"ENSG00000196535","chr17","MA0065.1","Promoter (<=1kb)",399687,"ENST00000533112.5","ENSG00000196535","MYO18A",3.57e-06,0.572,194,41
"2916","NUFIP2",0.273665002322162,"ENSG00000108256","chr17","MA0065.1","Promoter (<=1kb)",57532,"ENST00000579665.1","ENSG00000108256","NUFIP2",7.34e-05,0.682,838,17
"2917","TAOK1",0.582037868994872,"ENSG00000160551","chr17","MA0065.1","Promoter (<=1kb)",57551,"ENST00000578653.1","ENSG00000160551","TAOK1",4.49e-05,0.667,-145,38
"2918","CORO6",0.342126095261515,"ENSG00000167549","chr17","MA0065.1","Promoter (<=1kb)",84940,"ENST00000480954.6","ENSG00000167549","CORO6",5.62e-05,0.672,336,34
"2919","SSH2",1.34334628294814,"ENSG00000141298","chr17","MA0065.1","Promoter (<=1kb)",85464,"ENST00000592397.1","ENSG00000141298","SSH2",1.93e-05,0.629,-660,40
"2920","NSRP1",0.397778230095613,"ENSG00000126653","chr17","MA0065.1","Promoter (2-3kb)",84081,"ENST00000540900.7","ENSG00000126653","NSRP1",1.15e-05,0.622,-2945,29
"2921","GOSR1",0.274244267926156,"ENSG00000108587","chr17","MA0065.1","Promoter (2-3kb)",9527,"ENST00000225724.9","ENSG00000108587","GOSR1",6.92e-05,0.682,-2749,32
"2922","CRLF3",0.510461212709196,"ENSG00000176390","chr17","MA0065.1","Promoter (1-2kb)",51379,"ENST00000583805.1","ENSG00000176390","CRLF3",3.66e-05,0.662,-1884,36
"2923","NF1",1.01652740613601,"ENSG00000196712","chr17","MA0065.1","Promoter (<=1kb)",4763,"ENST00000691649.1","ENSG00000196712","NF1",7.59e-08,0.426,84,34
"2924","SUZ12",0.30563213225588,"ENSG00000178691","chr17","MA0065.1","Promoter (<=1kb)",23512,"ENST00000578106.1","ENSG00000178691","SUZ12",2.73e-05,0.649,575,32
"2925","RHOT1",0.608594470724553,"ENSG00000126858","chr17","MA0065.1","Promoter (<=1kb)",55288,"ENST00000582602.5","ENSG00000126858","RHOT1",2.77e-05,0.649,163,13
"2926","ZNF207",0.491733730830052,"ENSG00000010244","chr17","MA0065.1","Promoter (<=1kb)",7756,"ENST00000579416.1","ENSG00000010244","ZNF207",8.79e-06,0.591,-322,14
"2927","PSMD11",0.224202697914355,"ENSG00000108671","chr17","MA0065.1","Promoter (2-3kb)",5717,"ENST00000578213.5","ENSG00000108671","PSMD11",4.66e-05,0.667,-2277,31
"2928","MYO1D",0.401329439833881,"ENSG00000176658","chr17","MA0065.1","Promoter (<=1kb)",4642,"ENST00000582217.1","ENSG00000176658","MYO1D",2.29e-06,0.563,705,38
"2929","ASIC2",0.208001761866934,"ENSG00000108684","chr17","MA0065.1","Promoter (<=1kb)",40,"ENST00000448983.1","ENSG00000108684","ASIC2",1.03e-05,0.608,-531,25
"2930","UNC45B",0.386557691977273,"ENSG00000141161","chr17","MA0065.1","Promoter (<=1kb)",146862,"ENST00000268876.9","ENSG00000141161","UNC45B",3.08e-05,0.654,-794,9
"2931","AP2B1",0.321975052666322,"ENSG00000006125","chr17","MA0065.1","Promoter (2-3kb)",163,"ENST00000619183.1","ENSG00000006125","AP2B1",1.19e-05,0.623,-2692,17
"2932","TAF15",0.701815039266203,"ENSG00000270647","chr17","MA0065.1","Promoter (<=1kb)",8148,"ENST00000605197.3","ENSG00000270647","TAF15",7.84e-05,0.682,305,19
"2933","GGNBP2",0.281030513499448,"ENSG00000278311","chr17","MA0065.1","Promoter (<=1kb)",79893,"ENST00000611219.1","ENSG00000278311","GGNBP2",1.32e-05,0.623,-502,24
"2934","ACACA",0.438557792150774,"ENSG00000278540","chr17","MA0065.1","Promoter (2-3kb)",31,"ENST00000618575.1","ENSG00000278540","ACACA",3e-06,0.572,-2204,33
"2935","SYNRG",0.33969720617268,"ENSG00000275066","chr17","MA0065.1","Promoter (<=1kb)",11276,"ENST00000614196.1","ENSG00000275066","SYNRG",4.51e-07,0.563,388,34
"2936","FBXL20",0.725846242835312,"ENSG00000108306","chr17","MA0065.1","Promoter (<=1kb)",84961,"ENST00000394294.7","ENSG00000108306","FBXL20",5.66e-05,0.672,900,14
"2937","CDK12",0.238527384036895,"ENSG00000167258","chr17","MA0065.1","Promoter (<=1kb)",51755,"ENST00000581593.1","ENSG00000167258","CDK12",1.9e-05,0.628,78,37
"2938","TCAP",1.86788824880517,"ENSG00000173991","chr17","MA0065.1","Promoter (<=1kb)",8557,"ENST00000309889.3","ENSG00000173991","TCAP",1.66e-06,0.563,-197,41
"2939","KRT10",0.236181874811934,"ENSG00000186395","chr17","MA0065.1","Promoter (1-2kb)",3858,"ENST00000269576.6","ENSG00000186395","KRT10",9.31e-05,0.685,-1660,13
"2940","EIF1",0.75689092576318,"ENSG00000173812","chr17","MA0066.1","Promoter (1-2kb)",10209,"ENST00000462917.1","ENSG00000173812","EIF1",3.41e-05,0.651,-1222,22
"2941","JUP",0.415327756191375,"ENSG00000173801","chr17","MA0065.1","Promoter (<=1kb)",3728,"ENST00000420370.5","ENSG00000173801","JUP",2.21e-05,0.636,-644,40
"2942","DNAJC7",0.472813004624341,"ENSG00000168259","chr17","MA0065.1","Promoter (<=1kb)",7266,"ENST00000591153.2","ENSG00000168259","DNAJC7",3.15e-05,0.655,502,22
"2943","STAT3",0.652781232154322,"ENSG00000168610","chr17","MA0065.1","Promoter (<=1kb)",6774,"ENST00000677346.1","ENSG00000168610","STAT3",2.64e-05,0.646,-10,25
"2944","ATP6V0A1",0.2443858318955,"ENSG00000033627","chr17","MA0065.1","Promoter (<=1kb)",535,"ENST00000587797.1","ENSG00000033627","ATP6V0A1",7.65e-06,0.579,-399,37
"2945","EZH1",0.225906121583434,"ENSG00000108799","chr17","MA0065.1","Promoter (<=1kb)",2145,"ENST00000585550.5","ENSG00000108799","EZH1",5.66e-05,0.672,-880,22
"2946","NBR1",0.24695990123621,"ENSG00000188554","chr17","MA0066.1","Promoter (<=1kb)",4077,"ENST00000585505.1","ENSG00000188554","NBR1",1.48e-06,0.575,220,38
"2947","DUSP3",0.277194941276675,"ENSG00000108861","chr17","MA0065.1","Promoter (<=1kb)",1845,"ENST00000591618.1","ENSG00000108861","DUSP3",4.01e-08,0.36,176,36
"2948","MPP3",0.983513347180698,"ENSG00000161647","chr17","MA0065.1","Promoter (<=1kb)",4356,"ENST00000480958.1","ENSG00000161647","MPP3",3.03e-05,0.653,507,24
"2949","HDAC5",0.228550322141762,"ENSG00000108840","chr17","MA0065.1","Promoter (<=1kb)",10014,"ENST00000592385.5","ENSG00000108840","HDAC5",3.57e-06,0.572,539,37
"2950","GPATCH8",0.969403167270509,"ENSG00000186566","chr17","MA0065.1","Promoter (1-2kb)",23131,"ENST00000592154.1","ENSG00000186566","GPATCH8",4.12e-06,0.572,-1048,39
"2951","NMT1",0.359823692236278,"ENSG00000136448","chr17","MA0065.1","Promoter (<=1kb)",4836,"ENST00000588455.5","ENSG00000136448","NMT1",1.25e-05,0.623,11,39
"2952","MAP3K14",0.300843550730168,"ENSG00000006062","chr17","MA0065.1","Promoter (<=1kb)",9020,"ENST00000376926.8","ENSG00000006062","MAP3K14",3.41e-06,0.572,-990,26
"2953","MAPT",0.399220169952796,"ENSG00000186868","chr17","MA0065.1","Promoter (<=1kb)",4137,"ENST00000703979.1","ENSG00000186868","MAPT",1.05e-05,0.611,0,40
"2954","KANSL1",0.938412576529927,"ENSG00000120071","chr17","MA0065.1","Promoter (<=1kb)",284058,"ENST00000640092.1","ENSG00000120071","KANSL1",3.05e-05,0.654,-28,11
"2955","NSF",0.402637925566345,"ENSG00000073969","chr17","MA0065.1","Promoter (<=1kb)",4905,"ENST00000706406.1","ENSG00000073969","NSF",5.92e-06,0.572,107,35
"2956","CDC27",0.504715157656122,"ENSG00000004897","chr17","MA0065.1","Promoter (<=1kb)",996,"ENST00000528748.5","ENSG00000004897","CDC27",1.27e-05,0.623,-17,27
"2957","NPEPPS",0.479699852169117,"ENSG00000141279","chr17","MA0065.1","Promoter (<=1kb)",9520,"ENST00000531486.1","ENSG00000141279","NPEPPS",1.72e-05,0.623,-139,26
"2958","KPNB1",0.341904680532748,"ENSG00000108424","chr17","MA0065.1","Promoter (2-3kb)",3837,"ENST00000582097.5","ENSG00000108424","KPNB1",1.65e-05,0.623,-2429,20
"2959","NFE2L1",0.412489960465093,"ENSG00000082641","chr17","MA0065.1","Promoter (1-2kb)",4779,"ENST00000583210.5","ENSG00000082641","NFE2L1",7.19e-06,0.573,-1083,30
"2960","CALCOCO2",0.506093635861006,"ENSG00000136436","chr17","MA0065.1","Promoter (<=1kb)",10241,"ENST00000509784.1","ENSG00000136436","CALCOCO2",5e-05,0.667,0,35
"2961","ZNF652",0.427461643607112,"ENSG00000198740","chr17","MA0066.1","Promoter (<=1kb)",22834,"ENST00000508237.5","ENSG00000198740","ZNF652",3.06e-05,0.647,109,10
"2962","SPOP",0.442888610147028,"ENSG00000121067","chr17","MA0065.1","Promoter (<=1kb)",8405,"ENST00000507551.1","ENSG00000121067","SPOP",5.15e-06,0.572,-321,27
"2963","SGCA",0.228689510696474,"ENSG00000108823","chr17","MA0065.1","Promoter (<=1kb)",6442,"ENST00000505964.1","ENSG00000108823","SGCA",1.55e-05,0.623,837,42
"2964","LUC7L3",0.492333327518935,"ENSG00000108848","chr17","MA0065.1","Promoter (<=1kb)",51747,"ENST00000512549.1","ENSG00000108848","LUC7L3",9.67e-06,0.602,-388,28
"2965","TOB1",0.240286748739431,"ENSG00000141232","chr17","MA0065.1","Promoter (2-3kb)",10140,"ENST00000268957.3","ENSG00000141232","TOB1",5.77e-06,0.572,-2648,37
"2966","SPAG9",0.369593576404872,"ENSG00000008294","chr17","MA0065.1","Promoter (2-3kb)",9043,"ENST00000513827.5","ENSG00000008294","SPAG9",1.04e-07,0.453,-2685,31
"2967","MBTD1",0.387551387871424,"ENSG00000011258","chr17","MA0065.1","Promoter (<=1kb)",54799,"ENST00000593259.1","ENSG00000011258","MBTD1",1.7e-05,0.623,-428,24
"2968","TOM1L1",0.407672542892126,"ENSG00000141198","chr17","MA0065.1","Promoter (<=1kb)",10040,"ENST00000570977.1","ENSG00000141198","TOM1L1",3.3e-06,0.572,375,38
"2969","STXBP4",0.221009334754032,"ENSG00000166263","chr17","MA0065.1","Promoter (<=1kb)",252983,"ENST00000468837.1","ENSG00000166263","STXBP4",1.65e-05,0.623,677,8
"2970","SCPEP1",0.373236300499207,"ENSG00000121064","chr17","MA0065.1","Promoter (<=1kb)",59342,"ENST00000575423.5","ENSG00000121064","SCPEP1",1.74e-06,0.563,-946,33
"2971","AKAP1",0.349427464410567,"ENSG00000121057","chr17","MA0065.1","Promoter (<=1kb)",8165,"ENST00000572557.5","ENSG00000121057","AKAP1",4.01e-05,0.662,91,34
"2972","MSI2",1.11005170832497,"ENSG00000153944","chr17","MA0065.1","Promoter (<=1kb)",124540,"ENST00000582772.1","ENSG00000153944","MSI2",8.09e-06,0.584,882,32
"2973","CUEDC1",0.422573508008612,"ENSG00000180891","chr17","MA0065.1","Promoter (<=1kb)",404093,"ENST00000584746.5","ENSG00000180891","CUEDC1",1.21e-05,0.623,-639,29
"2974","DYNLL2",0.223597817217365,"ENSG00000264364","chr17","MA0065.1","Promoter (<=1kb)",140735,"ENST00000579991.3","ENSG00000264364","DYNLL2",1.87e-05,0.628,493,24
"2975","YPEL2",0.42109909300717,"ENSG00000175155","chr17","MA0065.1","Promoter (<=1kb)",388403,"ENST00000585166.1","ENSG00000175155","YPEL2",1.44e-06,0.563,-927,36
"2976","CLTC",0.552032112870919,"ENSG00000141367","chr17","MA0065.1","Promoter (2-3kb)",1213,"ENST00000498711.1","ENSG00000141367","CLTC",8.03e-06,0.583,-2121,28
"2977","VMP1",0.776171017747002,"ENSG00000062716","chr17","MA0065.1","Promoter (<=1kb)",81671,"ENST00000591782.1","ENSG00000062716","VMP1",1.45e-05,0.623,0,21
"2978","USP32",0.398288278000879,"ENSG00000170832","chr17","MA0065.1","Promoter (2-3kb)",84669,"ENST00000585720.1","ENSG00000170832","USP32",1.75e-05,0.623,-2104,23
"2979","APPBP2",0.301096654881961,"ENSG00000062725","chr17","MA0065.1","Promoter (<=1kb)",10513,"ENST00000083182.8","ENSG00000062725","APPBP2",2.7e-05,0.647,-941,34
"2980","BCAS3",1.08585064609433,"ENSG00000141376","chr17","MA0065.1","Promoter (2-3kb)",54828,"ENST00000588008.1","ENSG00000141376","BCAS3",2.24e-06,0.563,-2588,33
"2981","MED13",0.597514018883904,"ENSG00000108510","chr17","MA0065.1","Promoter (<=1kb)",9969,"ENST00000582786.1","ENSG00000108510","MED13",6.89e-05,0.682,-588,30
"2982","TLK2",0.401565557937475,"ENSG00000146872","chr17","MA0065.1","Promoter (<=1kb)",11011,"ENST00000582809.5","ENSG00000146872","TLK2",3.03e-05,0.653,640,36
"2983","DCAF7",0.288459305985663,"ENSG00000136485","chr17","MA0065.1","Promoter (2-3kb)",10238,"ENST00000688721.1","ENSG00000136485","DCAF7",2.42e-05,0.641,-2073,32
"2984","MAP3K3",0.332583178713246,"ENSG00000198909","chr17","MA0065.1","Promoter (<=1kb)",4215,"ENST00000577839.1","ENSG00000198909","MAP3K3",2.95e-07,0.551,70,34
"2985","TEX2",0.332353775222114,"ENSG00000136478","chr17","MA0065.1","Promoter (2-3kb)",55852,"ENST00000584498.5","ENSG00000136478","TEX2",2.22e-05,0.636,-2280,41
"2986","DDX5",1.04869130661228,"ENSG00000108654","chr17","MA0065.1","Promoter (<=1kb)",1655,"ENST00000579996.5","ENSG00000108654","DDX5",1.18e-05,0.623,201,5
"2987","SMURF2",0.299111256877078,"ENSG00000108854","chr17","MA0065.1","Promoter (<=1kb)",64750,"ENST00000578200.1","ENSG00000108854","SMURF2",9.14e-06,0.595,72,12
"2988","LRRC37A3",0.228365790043951,"ENSG00000176809","chr17","MA0065.1","Promoter (<=1kb)",374819,"ENST00000583510.1","ENSG00000176809","LRRC37A3",8.62e-07,0.563,-553,32
"2989","CEP112",0.454489540445713,"ENSG00000154240","chr17","MA0065.1","Promoter (2-3kb)",201134,"ENST00000581734.5","ENSG00000154240","CEP112",2.09e-06,0.563,-2733,34
"2990","PRKCA",0.452348750203061,"ENSG00000154229","chr17","MA0065.1","Promoter (<=1kb)",5578,"ENST00000583775.1","ENSG00000154229","PRKCA",7.62e-06,0.579,435,32
"2991","HELZ",0.58744659388905,"ENSG00000198265","chr17","MA0065.1","Promoter (<=1kb)",9931,"ENST00000582864.1","ENSG00000198265","HELZ",1.05e-05,0.611,82,35
"2992","PITPNC1",0.217554894902715,"ENSG00000154217","chr17","MA0065.1","Promoter (1-2kb)",26207,"ENST00000578527.1","ENSG00000154217","PITPNC1",1.82e-05,0.625,-1249,41
"2993","BPTF",0.713390439488698,"ENSG00000171634","chr17","MA0065.1","Promoter (<=1kb)",2186,"ENST00000467104.2","ENSG00000171634","BPTF",1.21e-05,0.623,729,11
"2994","ARSG",0.414556524918527,"ENSG00000141337","chr17","MA0065.1","Promoter (2-3kb)",22901,"ENST00000448504.6","ENSG00000141337","ARSG",5.6e-05,0.672,-2454,14
"2995","WIPI1",0.742409067579448,"ENSG00000070540","chr17","MA0065.1","Promoter (<=1kb)",55062,"ENST00000585393.1","ENSG00000070540","WIPI1",8.95e-06,0.593,307,32
"2996","PRKAR1A",1.05829800322649,"ENSG00000108946","chr17","MA0065.1","Promoter (1-2kb)",5573,"ENST00000589017.6","ENSG00000108946","PRKAR1A",3.5e-06,0.572,-1044,40
"2997","ABCA8",0.383507897018916,"ENSG00000141338","chr17","MA0065.1","Promoter (2-3kb)",10351,"ENST00000585850.1","ENSG00000141338","ABCA8",4.1e-05,0.663,-2353,32
"2998","ABCA5",0.297898664887868,"ENSG00000154265","chr17","MA0065.1","Promoter (<=1kb)",23461,"ENST00000588665.5","ENSG00000154265","ABCA5",9.74e-06,0.603,-690,33
"2999","KCNJ2",0.207699384321276,"ENSG00000123700","chr17","MA1148.1","Promoter (1-2kb)",3759,"ENST00000535240.1","ENSG00000123700","KCNJ2",5.6e-05,0.558,-1333,15
"3000","SLC39A11",0.372882523743249,"ENSG00000133195","chr17","MA0065.1","Promoter (<=1kb)",201266,"ENST00000583146.5","ENSG00000133195","SLC39A11",2.57e-05,0.644,-932,14
"3001","NAT9",0.259204505926701,"ENSG00000109065","chr17","MA0065.1","Promoter (<=1kb)",26151,"ENST00000581762.1","ENSG00000109065","NAT9",3.07e-05,0.654,344,21
"3002","GRB2",0.263584621595836,"ENSG00000177885","chr17","MA0065.1","Promoter (<=1kb)",2885,"ENST00000462266.1","ENSG00000177885","GRB2",1.25e-05,0.623,-182,38
"3003","UNK",0.206683476551293,"ENSG00000132478","chr17","MA0065.1","Promoter (2-3kb)",85451,"ENST00000592074.1","ENSG00000132478","UNK",6.41e-06,0.572,-2143,39
"3004","ACOX1",0.228254592371611,"ENSG00000161533","chr17","MA0065.1","Promoter (<=1kb)",51,"ENST00000576743.1","ENSG00000161533","ACOX1",5.64e-05,0.672,-5,26
"3005","EXOC7",0.213638874323086,"ENSG00000182473","chr17","MA0065.1","Promoter (2-3kb)",23265,"ENST00000589507.6","ENSG00000182473","EXOC7",1.79e-06,0.563,-2938,39
"3006","UBE2O",0.317959792941419,"ENSG00000175931","chr17","MA0065.1","Promoter (<=1kb)",63893,"ENST00000587581.1","ENSG00000175931","UBE2O",4.43e-06,0.572,206,36
"3007","MXRA7",0.362949739083564,"ENSG00000182534","chr17","MA0065.1","Promoter (<=1kb)",439921,"ENST00000375036.6","ENSG00000182534","MXRA7",2.78e-05,0.649,-264,22
"3008","SRSF2",0.503801145301944,"ENSG00000161547","chr17","MA0065.1","Promoter (<=1kb)",6427,"ENST00000592676.1","ENSG00000161547","SRSF2",2.52e-05,0.643,-175,2
"3009","MFSD11",0.578559137266242,"ENSG00000092931","chr17","MA0065.1","Promoter (<=1kb)",79157,"ENST00000588647.1","ENSG00000092931","MFSD11",1.04e-05,0.61,771,41
"3010","TNRC6C",0.478834187949791,"ENSG00000078687","chr17","MA0065.1","Promoter (1-2kb)",57690,"ENST00000587990.1","ENSG00000078687","TNRC6C",3.54e-05,0.662,-1399,32
"3011","CYTH1",0.241699983021982,"ENSG00000108669","chr17","MA0065.1","Promoter (<=1kb)",9267,"ENST00000585509.5","ENSG00000108669","CYTH1",8.23e-06,0.585,870,41
"3012","RNF213",0.24051715965804,"ENSG00000173821","chr17","MA0065.1","Promoter (1-2kb)",57674,"ENST00000574060.1","ENSG00000173821","RNF213",6.04e-06,0.572,-1661,42
"3013","RPTOR",0.336220822363021,"ENSG00000141564","chr17","MA0065.1","Promoter (2-3kb)",57521,"ENST00000574767.5","ENSG00000141564","RPTOR",2.34e-06,0.566,-2459,36
"3014","ACTG1",0.887408871890204,"ENSG00000184009","chr17","MA0065.1","Promoter (<=1kb)",71,"ENST00000575994.6","ENSG00000184009","ACTG1",6.43e-05,0.678,686,38
"3015","NPLOC4",0.32910039770784,"ENSG00000182446","chr17","MA0065.1","Promoter (1-2kb)",55666,"ENST00000576713.6","ENSG00000182446","NPLOC4",2.92e-06,0.572,-1359,42
"3016","P4HB",0.262551671324761,"ENSG00000185624","chr17","MA0065.1","Promoter (<=1kb)",5034,"ENST00000478034.5","ENSG00000185624","P4HB",4.06e-05,0.662,403,17
"3017","ANAPC11",0.248263429832538,"ENSG00000141552","chr17","MA1550.1","Promoter (<=1kb)",51529,"ENST00000583839.1","ENSG00000141552","ANAPC11",9.2e-05,0.671,552,13
"3018","DCXR",0.227306239091753,"ENSG00000169738","chr17","MA0065.1","Promoter (<=1kb)",51181,"ENST00000579004.1","ENSG00000169738","DCXR",2.39e-06,0.567,712,38
"3019","CCDC57",0.220571399484284,"ENSG00000176155","chr17","MA0065.1","Promoter (1-2kb)",284001,"ENST00000584717.1","ENSG00000176155","CCDC57",8.09e-06,0.584,-1743,39
"3020","FOXK2",0.386261779665575,"ENSG00000141568","chr17","MA0065.1","Promoter (<=1kb)",3607,"ENST00000575578.1","ENSG00000141568","FOXK2",4.13e-07,0.563,205,42
"3021","FN3K",0.272020866859487,"ENSG00000167363","chr17","MA0065.1","Promoter (<=1kb)",64122,"ENST00000573841.5","ENSG00000167363","FN3K",7.47e-06,0.576,174,12
"3022","THOC1",0.230716753985563,"ENSG00000079134","chr18","MA0065.1","Promoter (<=1kb)",9984,"ENST00000585307.1","ENSG00000079134","THOC1",1.43e-05,0.623,847,41
"3023","ENOSF1",0.475040953867207,"ENSG00000132199","chr18","MA0065.1","Promoter (<=1kb)",55556,"ENST00000584646.5","ENSG00000132199","ENOSF1",1.8e-05,0.624,394,37
"3024","SMCHD1",0.530823507831321,"ENSG00000101596","chr18","MA0065.1","Promoter (1-2kb)",23347,"ENST00000689800.1","ENSG00000101596","SMCHD1",2.23e-05,0.637,-1532,26
"3025","MYOM1",2.71092918483007,"ENSG00000101605","chr18","MA0065.1","Promoter (<=1kb)",8736,"ENST00000781402.1","ENSG00000101605","MYOM1",2.16e-05,0.636,209,23
"3026","MYL12A",1.36543176447481,"ENSG00000101608","chr18","MA0066.1","Promoter (1-2kb)",10627,"ENST00000578038.1","ENSG00000101608","MYL12A",4.37e-05,0.666,-1597,18
"3027","MYL12B",0.2289351496854,"ENSG00000118680","chr18","MA0065.1","Promoter (2-3kb)",103910,"ENST00000648965.1","ENSG00000118680","MYL12B",2.34e-05,0.637,-2205,34
"3028","PTPRM",1.91485334806177,"ENSG00000173482","chr18","MA0065.1","Promoter (1-2kb)",5797,"ENST00000577468.2","ENSG00000173482","PTPRM",4.72e-07,0.563,-1560,41
"3029","RAB12",0.243009133774105,"ENSG00000206418","chr18","MA0065.1","Promoter (<=1kb)",201475,"ENST00000649141.2","ENSG00000206418","RAB12",2.16e-05,0.636,736,33
"3030","NDUFV2",0.279052996112828,"ENSG00000178127","chr18","MA0065.1","Promoter (<=1kb)",4729,"ENST00000474740.1","ENSG00000178127","NDUFV2",4.29e-05,0.665,-758,36
"3031","ANKRD12",0.728704073493257,"ENSG00000101745","chr18","MA0065.1","Promoter (2-3kb)",23253,"ENST00000359158.7","ENSG00000101745","ANKRD12",1.61e-06,0.563,-2754,34
"3032","PPP4R1",0.258651034056261,"ENSG00000154845","chr18","MA0065.1","Promoter (2-3kb)",9989,"ENST00000579609.5","ENSG00000154845","PPP4R1",1.91e-07,0.499,-2079,31
"3033","VAPA",0.502745932621741,"ENSG00000101558","chr18","MA0065.1","Promoter (<=1kb)",9218,"ENST00000583879.5","ENSG00000101558","VAPA",9.43e-06,0.599,234,26
"3034","NAPG",0.340720600573357,"ENSG00000134265","chr18","MA0065.1","Promoter (2-3kb)",8774,"ENST00000583367.1","ENSG00000134265","NAPG",1.51e-05,0.623,-2268,39
"3035","TUBB6",0.241855229375121,"ENSG00000176014","chr18","MA0065.1","Promoter (1-2kb)",84617,"ENST00000590693.5","ENSG00000176014","TUBB6",2.96e-05,0.653,-1515,34
"3036","AFG3L2",0.397849488457746,"ENSG00000141385","chr18","MA0065.1","Promoter (<=1kb)",10939,"ENST00000591848.1","ENSG00000141385","AFG3L2",7.47e-06,0.576,549,40
"3037","SPIRE1",0.582144221247989,"ENSG00000134278","chr18","MA0065.1","Promoter (<=1kb)",56907,"ENST00000592156.5","ENSG00000134278","SPIRE1",5.52e-05,0.67,565,32
"3038","CEP192",0.422204195877234,"ENSG00000101639","chr18","MA0065.1","Promoter (<=1kb)",55125,"ENST00000513183.1","ENSG00000101639","CEP192",7.96e-07,0.563,-286,37
"3039","LDLRAD4",0.926086266323655,"ENSG00000168675","chr18","MA0065.1","Promoter (<=1kb)",753,"ENST00000586207.5","ENSG00000168675","LDLRAD4",2.04e-07,0.504,-587,39
"3040","RNMT",0.288785095041962,"ENSG00000101654","chr18","MA0065.1","Promoter (<=1kb)",8731,"ENST00000589866.5","ENSG00000101654","RNMT",1.04e-05,0.61,128,31
"3041","ROCK1",0.501608284767319,"ENSG00000067900","chr18","MA0065.1","Promoter (1-2kb)",6093,"ENST00000399799.3","ENSG00000067900","ROCK1",1.85e-05,0.627,-1023,41
"3042","GREB1L",1.07417668866908,"ENSG00000141449","chr18","MA0065.1","Promoter (2-3kb)",80000,"ENST00000578383.1","ENSG00000141449","GREB1L",9.67e-07,0.563,-2085,42
"3043","ABHD3",0.335586255574558,"ENSG00000158201","chr18","MA0065.1","Promoter (<=1kb)",171586,"ENST00000577564.1","ENSG00000158201","ABHD3",4.04e-05,0.662,-647,37
"3044","MIB1",0.657107504265437,"ENSG00000101752","chr18","MA0065.1","Promoter (2-3kb)",57534,"ENST00000695487.1","ENSG00000101752","MIB1",3.43e-05,0.662,-2830,27
"3045","GATA6",0.749964550344953,"ENSG00000141448","chr18","MA0066.1","Promoter (<=1kb)",2627,"ENST00000581694.1","ENSG00000141448","GATA6",1.92e-06,0.579,-297,23
"3046","RIOK3",0.269084161441984,"ENSG00000101782","chr18","MA0065.1","Promoter (2-3kb)",8780,"ENST00000584960.1","ENSG00000101782","RIOK3",6.17e-05,0.675,-2140,35
"3047","NPC1",0.208262711422819,"ENSG00000141458","chr18","MA0065.1","Promoter (2-3kb)",4864,"ENST00000586718.1","ENSG00000141458","NPC1",8.55e-07,0.563,-2577,33
"3048","OSBPL1A",0.744944277478186,"ENSG00000141447","chr18","MA0065.1","Promoter (<=1kb)",114876,"ENST00000399443.7","ENSG00000141447","OSBPL1A",8.67e-06,0.589,-278,34
"3049","ZNF521",0.418041738519147,"ENSG00000198795","chr18","MA0065.1","Promoter (1-2kb)",25925,"ENST00000581869.1","ENSG00000198795","ZNF521",1.73e-05,0.623,-1673,39
"3050","SS18",0.237592789912803,"ENSG00000141380","chr18","MA0065.1","Promoter (<=1kb)",6760,"ENST00000583595.1","ENSG00000141380","SS18",1.81e-05,0.625,126,22
"3051","KCTD1",0.267298330797268,"ENSG00000134504","chr18","MA0065.1","Promoter (2-3kb)",284252,"ENST00000577255.1","ENSG00000134504","KCTD1",2.69e-05,0.647,-2861,24
"3052","CHST9",0.285272364696395,"ENSG00000154080","chr18","MA0065.1","Promoter (1-2kb)",83539,"ENST00000618847.5","ENSG00000154080","CHST9",9.6e-06,0.601,-1799,21
"3053","CDH2",1.98231763737429,"ENSG00000170558","chr18","MA0065.1","Promoter (<=1kb)",1000,"ENST00000418492.5","ENSG00000170558","CDH2",2.25e-06,0.563,-539,37
"3054","TRAPPC8",0.220712624337008,"ENSG00000153339","chr18","MA0065.1","Promoter (<=1kb)",22878,"ENST00000581057.2","ENSG00000153339","TRAPPC8",2.08e-05,0.634,785,26
"3055","GAREM1",0.626086177144555,"ENSG00000141441","chr18","MA0065.1","Promoter (1-2kb)",64762,"ENST00000269209.7","ENSG00000141441","GAREM1",7.76e-06,0.579,-1914,34
"3056","DTNA",1.68452287406974,"ENSG00000134769","chr18","MA0065.1","Promoter (<=1kb)",1837,"ENST00000590598.5","ENSG00000134769","DTNA",2.29e-06,0.563,-281,38
"3057","MAPRE2",1.03921510281965,"ENSG00000166974","chr18","MA0065.1","Promoter (2-3kb)",10982,"ENST00000538170.6","ENSG00000166974","MAPRE2",3.12e-05,0.655,-2495,20
"3058","ZNF397",0.338793702737819,"ENSG00000186812","chr18","MA0065.1","Promoter (1-2kb)",84307,"ENST00000589630.1","ENSG00000186812","ZNF397",9.17e-06,0.596,-1551,36
"3059","GALNT1",0.231436407450898,"ENSG00000141429","chr18","MA0065.1","Promoter (<=1kb)",2589,"ENST00000591081.1","ENSG00000141429","GALNT1",1.92e-05,0.628,-459,11
"3060","RPRD1A",0.409087231271658,"ENSG00000141425","chr18","MA0065.1","Promoter (1-2kb)",55197,"ENST00000585953.5","ENSG00000141425","RPRD1A",2.03e-05,0.633,-1857,41
"3061","ELP2",0.262599160170669,"ENSG00000134759","chr18","MA0065.1","Promoter (<=1kb)",55250,"ENST00000540766.5","ENSG00000134759","ELP2",5.87e-06,0.572,62,17
"3062","FHOD3",1.83834437654119,"ENSG00000134775","chr18","MA0065.1","Promoter (<=1kb)",80206,"ENST00000592930.5","ENSG00000134775","FHOD3",1.05e-06,0.563,673,42
"3063","KIAA1328",0.318907364927358,"ENSG00000150477","chr18","MA0065.1","Promoter (1-2kb)",57536,"ENST00000591619.5","ENSG00000150477","KIAA1328",3.55e-05,0.662,-1204,9
"3064","PIK3C3",0.218087126404734,"ENSG00000078142","chr18","MA0065.1","Promoter (2-3kb)",5289,"ENST00000593098.5","ENSG00000078142","PIK3C3",1.47e-06,0.563,-2461,34
"3065","SETBP1",0.338142437627007,"ENSG00000152217","chr18","MA0065.1","Promoter (1-2kb)",26040,"ENST00000677130.1","ENSG00000152217","SETBP1",2.11e-05,0.634,-1682,25
"3066","EPG5",0.225039539164029,"ENSG00000152223","chr18","MA0065.1","Promoter (1-2kb)",57724,"ENST00000586655.2","ENSG00000152223","EPG5",3.25e-06,0.572,-1153,27
"3067","C18orf25",0.236657999729927,"ENSG00000152242","chr18","MA0066.1","Promoter (<=1kb)",147339,"ENST00000587591.5","ENSG00000152242","ARK2N",6.5e-05,0.686,-695,21
"3068","ST8SIA5",0.222916429370499,"ENSG00000101638","chr18","MA0065.1","Promoter (<=1kb)",29906,"ENST00000589088.1","ENSG00000101638","ST8SIA5",1.57e-05,0.623,80,17
"3069","PIAS2",0.353102550384237,"ENSG00000078043","chr18","MA0065.1","Promoter (<=1kb)",9063,"ENST00000592212.5","ENSG00000078043","PIAS2",2.75e-05,0.649,-877,34
"3070","SMAD2",0.396234922806092,"ENSG00000175387","chr18","MA0065.1","Promoter (1-2kb)",4087,"ENST00000586040.5","ENSG00000175387","SMAD2",7.54e-06,0.577,-1412,28
"3071","CTIF",0.56790317330295,"ENSG00000134030","chr18","MA0065.1","Promoter (2-3kb)",9811,"ENST00000256413.8","ENSG00000134030","CTIF",3.56e-05,0.662,-2368,33
"3072","DYM",0.553996595007799,"ENSG00000141627","chr18","MA0065.1","Promoter (<=1kb)",54808,"ENST00000579058.5","ENSG00000141627","DYM",7.21e-06,0.573,318,29
"3073","MAPK4",0.395725635463771,"ENSG00000141639","chr18","MA0065.1","Promoter (2-3kb)",5596,"ENST00000586735.1","ENSG00000141639","MAPK4",5.71e-06,0.572,-2901,36
"3074","ME2",0.293620733214891,"ENSG00000082212","chr18","MA0065.1","Promoter (<=1kb)",4200,"ENST00000591925.2","ENSG00000082212","ME2",2.18e-06,0.563,-247,30
"3075","TCF4",0.297843840026618,"ENSG00000196628","chr18","MA0065.1","Promoter (<=1kb)",6925,"ENST00000568169.5","ENSG00000196628","TCF4",2.32e-07,0.522,726,31
"3076","TXNL1",0.365481335068353,"ENSG00000091164","chr18","MA0065.1","Promoter (2-3kb)",9352,"ENST00000217515.11","ENSG00000091164","TXNL1",2.21e-05,0.636,-2244,38
"3077","WDR7",0.59104664784421,"ENSG00000091157","chr18","MA0065.1","Promoter (<=1kb)",23335,"ENST00000593058.1","ENSG00000091157","WDR7",2.95e-10,0.15,-8,39
"3078","ATP8B1",0.398812552239477,"ENSG00000081923","chr18","MA0065.1","Promoter (1-2kb)",5205,"ENST00000588255.1","ENSG00000081923","ATP8B1",1.26e-05,0.623,-1030,42
"3079","NEDD4L",0.513718213351185,"ENSG00000049759","chr18","MA0065.1","Promoter (<=1kb)",23327,"ENST00000357895.9","ENSG00000049759","NEDD4L",1.47e-05,0.623,-759,33
"3080","ALPK2",0.677712343919557,"ENSG00000198796","chr18","MA0065.1","Promoter (2-3kb)",115701,"ENST00000589204.1","ENSG00000198796","ALPK2",3.9e-06,0.572,-2040,30
"3081","MALT1",0.233629693911672,"ENSG00000172175","chr18","MA0065.1","Promoter (<=1kb)",10892,"ENST00000591792.1","ENSG00000172175","MALT1",8.67e-06,0.589,825,22
"3082","ZNF532",0.291495808371382,"ENSG00000074657","chr18","MA0065.1","Promoter (<=1kb)",55205,"ENST00000587755.1","ENSG00000074657","ZNF532",6.37e-07,0.563,5,31
"3083","PIGN",0.432484218627431,"ENSG00000197563","chr18","MA0065.1","Promoter (2-3kb)",23556,"ENST00000591238.6","ENSG00000197563","PIGN",5.71e-06,0.572,-2722,32
"3084","ZCCHC2",0.22975796705072,"ENSG00000141664","chr18","MA0065.1","Promoter (1-2kb)",54877,"ENST00000591435.5","ENSG00000141664","ZCCHC2",9.43e-06,0.599,-1379,32
"3085","PHLPP1",0.247397456809634,"ENSG00000081913","chr18","MA0065.1","Promoter (<=1kb)",23239,"ENST00000591386.1","ENSG00000081913","PHLPP1",1.52e-05,0.623,-206,36
"3086","BCL2",0.6879578164405,"ENSG00000171791","chr18","MA0065.1","Promoter (<=1kb)",596,"ENST00000677635.1","ENSG00000171791","BCL2",1.19e-06,0.563,493,40
"3087","DOK6",0.234771985423657,"ENSG00000206052","chr18","MA0065.1","Promoter (<=1kb)",220164,"ENST00000584435.1","ENSG00000206052","DOK6",1e-05,0.606,97,5
"3088","ZNF407",0.503302129444897,"ENSG00000215421","chr18","MA0065.1","Promoter (2-3kb)",55628,"ENST00000582214.1","ENSG00000215421","ZNF407",6.26e-07,0.563,-2772,35
"3089","MBP",0.325495932996583,"ENSG00000197971","chr18","MA0065.1","Promoter (<=1kb)",4155,"ENST00000397860.7","ENSG00000197971","MBP",9.74e-06,0.603,134,15
"3090","ATP9B",0.350655868386321,"ENSG00000166377","chr18","MA0065.1","Promoter (<=1kb)",374868,"ENST00000591464.5","ENSG00000166377","ATP9B",4.73e-06,0.572,618,30
"3091","CSNK2A1",0.513672880644167,"ENSG00000101266","chr20","MA0065.1","Promoter (<=1kb)",1457,"ENST00000643980.1","ENSG00000101266","CSNK2A1",6.39e-06,0.572,195,27
"3092","PSMF1",0.206088903643548,"ENSG00000125818","chr20","MA0065.1","Promoter (<=1kb)",9491,"ENST00000484891.1","ENSG00000125818","PSMF1",1.56e-05,0.623,-166,33
"3093","PTPRA",0.482245243675566,"ENSG00000132670","chr20","MA0065.1","Promoter (2-3kb)",5786,"ENST00000455631.5","ENSG00000132670","PTPRA",7.07e-05,0.682,-2485,22
"3094","ATRN",0.435714069446605,"ENSG00000088812","chr20","MA0065.1","Promoter (1-2kb)",8455,"ENST00000262919.10","ENSG00000088812","ATRN",1.83e-05,0.625,-1027,29
"3095","MAVS",0.259778817602039,"ENSG00000088888","chr20","MA0065.1","Promoter (<=1kb)",57506,"ENST00000428216.4","ENSG00000088888","MAVS",8.36e-05,0.682,388,25
"3096","TMEM230",0.2078773485891,"ENSG00000089063","chr20","MA0065.1","Promoter (<=1kb)",29058,"ENST00000612323.4","ENSG00000089063","TMEM230",7.27e-05,0.682,-524,17
"3097","CDS2",0.432645510307053,"ENSG00000101290","chr20","MA0065.1","Promoter (<=1kb)",8760,"ENST00000379070.3","ENSG00000101290","CDS2",2.35e-06,0.566,-271,42
"3098","CRLS1",0.475495917031009,"ENSG00000088766","chr20","MA0065.1","Promoter (<=1kb)",54675,"ENST00000489345.5","ENSG00000088766","CRLS1",4.01e-05,0.662,-871,17
"3099","TMX4",0.387046936839825,"ENSG00000125827","chr20","MA0066.1","Promoter (<=1kb)",56255,"ENST00000530935.1","ENSG00000125827","TMX4",6.75e-05,0.688,-352,10
"3100","PLCB1",0.243845789287136,"ENSG00000182621","chr20","MA0065.1","Promoter (<=1kb)",23236,"ENST00000625874.2","ENSG00000182621","PLCB1",2.29e-06,0.563,-232,37
"3101","PLCB4",0.896340218014859,"ENSG00000101333","chr20","MA0065.1","Promoter (<=1kb)",5332,"ENST00000473151.5","ENSG00000101333","PLCB4",4.95e-05,0.667,160,7
"3102","MKKS",0.210950191968844,"ENSG00000125863","chr20","MA0066.1","Promoter (<=1kb)",8195,"ENST00000399054.6","ENSG00000125863","MKKS",6.88e-05,0.69,101,21
"3103","TASP1",0.319949158667626,"ENSG00000089123","chr20","MA0066.1","Promoter (<=1kb)",55617,"ENST00000337743.9","ENSG00000089123","TASP1",3.6e-05,0.653,-499,30
"3104","ESF1",0.279529397276615,"ENSG00000089048","chr20","MA0066.1","Promoter (<=1kb)",51575,"ENST00000202816.5","ENSG00000089048","ESF1",3.14e-05,0.647,336,12
"3105","MACROD2",0.809251422436748,"ENSG00000172264","chr20","MA0065.1","Promoter (2-3kb)",140733,"ENST00000463861.5","ENSG00000172264","MACROD2",4.4e-06,0.572,-2631,33
"3106","DSTN",0.97656638746001,"ENSG00000125868","chr20","MA1148.1","Promoter (<=1kb)",11034,"ENST00000246069.12","ENSG00000125868","DSTN",9.41e-05,0.587,-273,11
"3107","RIN2",0.875681911111993,"ENSG00000132669","chr20","MA0065.1","Promoter (2-3kb)",54453,"ENST00000432334.2","ENSG00000132669","RIN2",7.26e-06,0.573,-2743,40
"3108","CFAP61",0.36297220318624,"ENSG00000089101","chr20","MA0065.1","Promoter (<=1kb)",26074,"ENST00000472660.1","ENSG00000089101","CFAP61",2.11e-06,0.563,1000,36
"3109","RALGAPA2",0.402117032866554,"ENSG00000188559","chr20","MA0065.1","Promoter (<=1kb)",57186,"ENST00000430436.5","ENSG00000188559","RALGAPA2",9.01e-06,0.594,848,27
"3110","KIZ",0.281523858890349,"ENSG00000088970","chr20","MA0065.1","Promoter (<=1kb)",55857,"ENST00000619574.4","ENSG00000088970","KIZ",6.53e-05,0.68,-505,32
"3111","CST3",0.408659952279562,"ENSG00000101439","chr20","MA0065.1","Promoter (2-3kb)",1471,"ENST00000398409.1","ENSG00000101439","CST3",1.96e-05,0.63,-2872,41
"3112","SYNDIG1",0.371428473269942,"ENSG00000101463","chr20","MA0065.1","Promoter (<=1kb)",79953,"ENST00000376862.4","ENSG00000101463","SYNDIG1",8.82e-06,0.592,-856,33
"3113","ACSS1",0.392643740884039,"ENSG00000154930","chr20","MA0065.1","Promoter (1-2kb)",84532,"ENST00000537502.5","ENSG00000154930","ACSS1",3.63e-06,0.572,-1855,42
"3114","PYGB",0.527874459552587,"ENSG00000100994","chr20","MA0065.1","Promoter (<=1kb)",5834,"ENST00000471359.1","ENSG00000100994","PYGB",3.03e-05,0.653,557,25
"3115","ABHD12",0.226232356491887,"ENSG00000100997","chr20","MA0065.1","Promoter (<=1kb)",26090,"ENST00000673524.1","ENSG00000100997","ABHD12",1.39e-06,0.563,712,35
"3116","HM13",0.276263418469834,"ENSG00000101294","chr20","MA0065.1","Promoter (<=1kb)",81502,"ENST00000468559.5","ENSG00000101294","HM13",3.2e-06,0.572,644,31
"3117","BCL2L1",0.246872046670967,"ENSG00000171552","chr20","MA0065.1","Promoter (<=1kb)",598,"ENST00000376055.9","ENSG00000171552","BCL2L1",3.97e-05,0.662,-109,10
"3118","TM9SF4",0.276622625341441,"ENSG00000101337","chr20","MA0065.1","Promoter (<=1kb)",9777,"ENST00000417389.1","ENSG00000101337","TM9SF4",2.79e-06,0.572,646,30
"3119","ASXL1",0.34901822724165,"ENSG00000171456","chr20","MA0065.1","Promoter (<=1kb)",171023,"ENST00000645337.1","ENSG00000171456","ASXL1",5.59e-07,0.563,-80,39
"3120","SNTA1",0.467978182656092,"ENSG00000101400","chr20","MA0065.1","Promoter (<=1kb)",6640,"ENST00000217381.3","ENSG00000101400","SNTA1",2.51e-05,0.643,945,36
"3121","CBFA2T2",0.542233314610508,"ENSG00000078699","chr20","MA0065.1","Promoter (2-3kb)",9139,"ENST00000543126.1","ENSG00000078699","CBFA2T2",1.59e-05,0.623,-2921,40
"3122","CHMP4B",0.208778330009394,"ENSG00000101421","chr20","MA0065.1","Promoter (<=1kb)",128866,"ENST00000217402.3","ENSG00000101421","CHMP4B",1.61e-05,0.623,423,24
"3123","RALY",0.39931282840101,"ENSG00000125970","chr20","MA0065.1","Promoter (2-3kb)",22913,"ENST00000493399.1","ENSG00000125970","RALY",2.72e-05,0.648,-2905,35
"3124","ITCH",0.692531737559505,"ENSG00000078747","chr20","MA0065.1","Promoter (1-2kb)",83737,"ENST00000696977.1","ENSG00000078747","ITCH",4.55e-05,0.667,-1034,24
"3125","MAP1LC3A",0.274859490908284,"ENSG00000101460","chr20","MA0065.1","Promoter (<=1kb)",84557,"ENST00000476428.1","ENSG00000101460","MAP1LC3A",9.53e-06,0.601,752,31
"3126","PIGU",0.227965370418127,"ENSG00000101464","chr20","MA0065.1","Promoter (<=1kb)",128869,"ENST00000480175.1","ENSG00000101464","PIGU",8.23e-06,0.585,122,29
"3127","NCOA6",0.419689897877398,"ENSG00000198646","chr20","MA0065.1","Promoter (<=1kb)",23054,"ENST00000628752.2","ENSG00000198646","NCOA6",8.12e-06,0.584,-679,36
"3128","GGT7",0.485614337923372,"ENSG00000131067","chr20","MA0066.1","Promoter (<=1kb)",2686,"ENST00000427420.1","ENSG00000131067","GGT7",3.43e-05,0.652,195,9
"3129","ACSS2",0.526025663393341,"ENSG00000131069","chr20","MA0065.1","Promoter (<=1kb)",55902,"ENST00000481971.5","ENSG00000131069","ACSS2",4.04e-06,0.572,433,29
"3130","MYH7B",1.46806456703122,"ENSG00000078814","chr20","MA0065.1","Promoter (<=1kb)",57644,"ENST00000481922.1","ENSG00000078814","MYH7B",1.87e-05,0.628,-910,39
"3131","TRPC4AP",0.400977838950868,"ENSG00000100991","chr20","MA0065.1","Promoter (2-3kb)",26133,"ENST00000252015.3","ENSG00000100991","TRPC4AP",3.67e-05,0.662,-2189,36
"3132","MMP24",0.343451327738137,"ENSG00000125966","chr20","MA0065.1","Promoter (<=1kb)",10893,"ENST00000246186.8","ENSG00000125966","MMP24",9.04e-05,0.683,-887,18
"3133","UQCC1",0.453527801947809,"ENSG00000101019","chr20","MA0065.1","Promoter (<=1kb)",55245,"ENST00000397556.7","ENSG00000101019","UQCC1",8.82e-06,0.592,535,39
"3134","RBM39",0.702844850819596,"ENSG00000131051","chr20","MA0065.1","Promoter (<=1kb)",9584,"ENST00000448303.5","ENSG00000131051","RBM39",2.24e-05,0.637,-387,33
"3135","PHF20",0.512618478509113,"ENSG00000025293","chr20","MA0065.1","Promoter (1-2kb)",51230,"ENST00000449988.1","ENSG00000025293","PHF20",4.53e-06,0.572,-1763,31
"3136","DLGAP4",0.273978998785873,"ENSG00000080845","chr20","MA0065.1","Promoter (<=1kb)",22839,"ENST00000340491.8","ENSG00000080845","DLGAP4",3.46e-06,0.572,711,15
"3137","MYL9",1.11093852924577,"ENSG00000101335","chr20","MA0065.1","Promoter (<=1kb)",10398,"ENST00000279022.7","ENSG00000101335","MYL9",3.47e-05,0.662,131,29
"3138","NDRG3",0.651936568856958,"ENSG00000101079","chr20","MA0065.1","Promoter (1-2kb)",57446,"ENST00000349004.6","ENSG00000101079","NDRG3",3.52e-05,0.662,-1001,37
"3139","SOGA1",0.212162536963489,"ENSG00000149639","chr20","MA0065.1","Promoter (<=1kb)",140710,"ENST00000463491.1","ENSG00000149639","MTCL2",1.01e-06,0.563,-434,41
"3140","BLCAP",0.2460914378401,"ENSG00000166619","chr20","MA0065.1","Promoter (<=1kb)",10904,"ENST00000397131.1","ENSG00000166619","BLCAP",1.78e-05,0.623,-338,20
"3141","TGM2",0.648942187629716,"ENSG00000198959","chr20","MA0065.1","Promoter (2-3kb)",7052,"ENST00000453095.1","ENSG00000198959","TGM2",6.33e-06,0.572,-2516,39
"3142","RALGAPB",0.250992337550984,"ENSG00000170471","chr20","MA0065.1","Promoter (1-2kb)",57148,"ENST00000490114.1","ENSG00000170471","RALGAPB",2.76e-06,0.572,-1199,31
"3143","DHX35",0.246453814872605,"ENSG00000101452","chr20","MA0065.1","Promoter (<=1kb)",60625,"ENST00000652169.1","ENSG00000101452","DHX35",4.13e-08,0.364,0,21
"3144","TOP1",0.400866254919561,"ENSG00000198900","chr20","MA0065.1","Promoter (1-2kb)",7150,"ENST00000681884.1","ENSG00000198900","TOP1",4.95e-05,0.667,-1801,20
"3145","ZHX3",0.310664861589367,"ENSG00000174306","chr20","MA0065.1","Promoter (2-3kb)",23051,"ENST00000559028.5","ENSG00000174306","ZHX3",3.32e-05,0.659,-2340,32
"3146","LPIN3",0.225592648322929,"ENSG00000132793","chr20","MA0065.1","Promoter (<=1kb)",64900,"ENST00000445975.1","ENSG00000132793","LPIN3",5.26e-07,0.563,-700,34
"3147","CHD6",0.427796505349801,"ENSG00000124177","chr20","MA0065.1","Promoter (1-2kb)",84181,"ENST00000480022.1","ENSG00000124177","CHD6",1.51e-05,0.623,-1790,35
"3148","SRSF6",0.223696163673795,"ENSG00000124193","chr20","MA0065.1","Promoter (<=1kb)",6431,"ENST00000671022.1","ENSG00000124193","SRSF6",2.37e-05,0.638,606,33
"3149","JPH2",0.807496498199751,"ENSG00000149596","chr20","MA0065.1","Promoter (<=1kb)",57158,"ENST00000342272.3","ENSG00000149596","JPH2",1.08e-05,0.615,106,32
"3150","FITM2",0.383213602490963,"ENSG00000197296","chr20","MA0065.1","Promoter (1-2kb)",128486,"ENST00000396825.4","ENSG00000197296","FITM2",4.38e-05,0.665,-1525,36
"3151","PKIG",0.611948256659305,"ENSG00000168734","chr20","MA0065.1","Promoter (<=1kb)",11142,"ENST00000372887.5","ENSG00000168734","PKIG",1.79e-06,0.563,234,30
"3152","SDC4",0.278324339429678,"ENSG00000124145","chr20","MA0065.1","Promoter (<=1kb)",6385,"ENST00000372733.3","ENSG00000124145","SDC4",8.34e-06,0.586,273,39
"3153","ZMYND8",0.895736496983014,"ENSG00000101040","chr20","MA0065.1","Promoter (<=1kb)",23613,"ENST00000441977.1","ENSG00000101040","ZMYND8",6.85e-06,0.572,-198,20
"3154","NCOA3",0.647328934840643,"ENSG00000124151","chr20","MA0065.1","Promoter (2-3kb)",8202,"ENST00000371998.8","ENSG00000124151","NCOA3",1.67e-07,0.49,-2496,34
"3155","ARFGEF2",0.668270088390132,"ENSG00000124198","chr20","MA0065.1","Promoter (<=1kb)",10564,"ENST00000681119.1","ENSG00000124198","ARFGEF2",6.3e-06,0.572,-912,34
"3156","STAU1",0.275264620941938,"ENSG00000124214","chr20","MA0066.1","Promoter (2-3kb)",6780,"ENST00000437404.2","ENSG00000124214","STAU1",2.07e-05,0.647,-2316,18
"3157","B4GALT5",0.233404981806401,"ENSG00000158470","chr20","MA0065.1","Promoter (1-2kb)",9334,"ENST00000371711.4","ENSG00000158470","B4GALT5",8.23e-06,0.585,-1077,31
"3158","RNF114",0.258417048970454,"ENSG00000124226","chr20","MA0065.1","Promoter (2-3kb)",55905,"ENST00000624666.1","ENSG00000124226","RNF114",6.21e-05,0.676,-2156,31
"3159","CEBPB",0.340905836614036,"ENSG00000172216","chr20","MA0066.1","Promoter (<=1kb)",1051,"ENST00000303004.5","ENSG00000172216","CEBPB",4.88e-05,0.672,231,7
"3160","PTPN1",0.401358533204035,"ENSG00000196396","chr20","MA0065.1","Promoter (<=1kb)",5770,"ENST00000371621.5","ENSG00000196396","PTPN1",1.19e-05,0.623,613,36
"3161","ADNP",0.500745907069838,"ENSG00000101126","chr20","MA0065.1","Promoter (<=1kb)",23394,"ENST00000349014.8","ENSG00000101126","ADNP",8.93e-05,0.683,345,22
"3162","DPM1",0.244087318478219,"ENSG00000000419","chr20","MA0065.1","Promoter (<=1kb)",8813,"ENST00000494752.1","ENSG00000000419","DPM1",6.28e-06,0.572,-735,15
"3163","DOK5",0.211875247021562,"ENSG00000101134","chr20","MA0065.1","Promoter (<=1kb)",55816,"ENST00000484860.1","ENSG00000101134","DOK5",5.31e-05,0.669,-583,38
"3164","VAPB",0.223734724993471,"ENSG00000124164","chr20","MA0065.1","Promoter (2-3kb)",9217,"ENST00000476395.1","ENSG00000124164","VAPB",8.98e-06,0.594,-2181,33
"3165","GNAS",0.5482148257197,"ENSG00000087460","chr20","MA0065.1","Promoter (<=1kb)",2778,"ENST00000467227.6","ENSG00000087460","GNAS",4.76e-06,0.572,168,22
"3166","PSMA7",0.274937040681233,"ENSG00000101182","chr20","MA0066.1","Promoter (<=1kb)",5688,"ENST00000486193.1","ENSG00000101182","PSMA7",2.62e-05,0.647,-229,23
"3167","EEF1A2",0.420673045891871,"ENSG00000101210","chr20","MA0065.1","Promoter (1-2kb)",1917,"ENST00000675519.1","ENSG00000101210","EEF1A2",3.16e-05,0.655,-1152,25
"3168","PPDPF",0.37183476072722,"ENSG00000125534","chr20","MA0066.1","Promoter (<=1kb)",79144,"ENST00000473620.1","ENSG00000125534","PPDPF",9.54e-06,0.613,58,24
"3169","ZBTB46",0.224333502406418,"ENSG00000130584","chr20","MA0065.1","Promoter (<=1kb)",140685,"ENST00000302995.2","ENSG00000130584","ZBTB46",2.91e-06,0.572,154,33
"3170","BSG",0.996432721472421,"ENSG00000172270","chr19","MA0065.1","Promoter (<=1kb)",682,"ENST00000571735.3","ENSG00000172270","BSG",1.01e-05,0.607,724,41
"3171","TMEM259",0.291913252206991,"ENSG00000182087","chr19","MA0065.1","Promoter (<=1kb)",91304,"ENST00000586704.5","ENSG00000182087","TMEM259",1.39e-07,0.468,97,42
"3172","GPX4",0.32068243671697,"ENSG00000167468","chr19","MA0065.1","Promoter (1-2kb)",2879,"ENST00000706713.1","ENSG00000167468","GPX4",2.87e-07,0.548,-1413,40
"3173","CIRBP",0.533857699790913,"ENSG00000099622","chr19","MA0065.1","Promoter (<=1kb)",1153,"ENST00000588030.5","ENSG00000099622","CIRBP",8.98e-06,0.594,371,42
"3174","NDUFS7",0.295873756681637,"ENSG00000115286","chr19","MA0065.1","Promoter (<=1kb)",374291,"ENST00000622587.4","ENSG00000115286","NDUFS7",6.2e-06,0.572,252,32
"3175","GADD45B",0.279094198631591,"ENSG00000099860","chr19","MA0065.1","Promoter (<=1kb)",4616,"ENST00000587887.5","ENSG00000099860","GADD45B",1.81e-05,0.625,670,27
"3176","GNG7",0.618730050875247,"ENSG00000176533","chr19","MA0065.1","Promoter (<=1kb)",2788,"ENST00000587867.1","ENSG00000176533","GNG7",5.55e-05,0.671,841,38
"3177","NFIC",0.671115036840972,"ENSG00000141905","chr19","MA0065.1","Promoter (<=1kb)",4782,"ENST00000590282.5","ENSG00000141905","NFIC",1.47e-05,0.623,933,24
"3178","NMRK2",1.06990965626207,"ENSG00000077009","chr19","MA0065.1","Promoter (1-2kb)",27231,"ENST00000168977.7","ENSG00000077009","NMRK2",7.27e-05,0.682,-1558,42
"3179","DAPK3",0.430520157190611,"ENSG00000167657","chr19","MA0065.1","Promoter (2-3kb)",1613,"ENST00000595279.1","ENSG00000167657","DAPK3",8.26e-06,0.585,-2149,42
"3180","EEF2",0.523282155131392,"ENSG00000167658","chr19","MA0065.1","Promoter (<=1kb)",1938,"ENST00000598182.5","ENSG00000167658","EEF2",1.35e-05,0.623,74,24
"3181","PLIN5",0.338245531061497,"ENSG00000214456","chr19","MA0065.1","Promoter (<=1kb)",440503,"ENST00000586020.1","ENSG00000214456","PLIN5",2.17e-07,0.512,-253,41
"3182","KDM4B",0.364180528873618,"ENSG00000127663","chr19","MA0065.1","Promoter (2-3kb)",23030,"ENST00000589104.5","ENSG00000127663","KDM4B",8.64e-06,0.589,-2482,36
"3183","PTPRS",0.211092573508339,"ENSG00000105426","chr19","MA0065.1","Promoter (<=1kb)",5802,"ENST00000706768.1","ENSG00000105426","PTPRS",2.29e-06,0.563,977,35
"3184","INSR",1.56700327999251,"ENSG00000171105","chr19","MA0065.1","Promoter (<=1kb)",3643,"ENST00000598216.1","ENSG00000171105","INSR",6e-06,0.572,997,37
"3185","ELAVL1",0.566922280568232,"ENSG00000066044","chr19","MA0065.1","Promoter (2-3kb)",1994,"ENST00000596154.5","ENSG00000066044","ELAVL1",3.44e-06,0.572,-2946,31
"3186","CERS4",0.350244855338314,"ENSG00000090661","chr19","MA0065.1","Promoter (2-3kb)",79603,"ENST00000558302.1","ENSG00000090661","CERS4",9.17e-06,0.596,-2687,37
"3187","RAB11B",0.213167642001523,"ENSG00000185236","chr19","MA0065.1","Promoter (<=1kb)",9230,"ENST00000600719.5","ENSG00000185236","RAB11B",3.61e-05,0.662,0,23
"3188","HNRNPM",0.351398465887514,"ENSG00000099783","chr19","MA0065.1","Promoter (2-3kb)",4670,"ENST00000348943.7","ENSG00000099783","HNRNPM",1.42e-05,0.623,-2553,28
"3189","ZNF562",0.236045173255763,"ENSG00000171466","chr19","MA0065.1","Promoter (<=1kb)",54811,"ENST00000585350.1","ENSG00000171466","ZNF562",1.45e-05,0.623,590,18
"3190","UBL5",0.270418225214235,"ENSG00000198258","chr19","MA0855.1","Promoter (<=1kb)",59286,"ENST00000358666.7","ENSG00000198258","UBL5",2.79e-05,0.777,0,17
"3191","CDC37",0.312113378155932,"ENSG00000105401","chr19","MA0065.1","Promoter (<=1kb)",11140,"ENST00000590632.1","ENSG00000105401","CDC37",7.73e-06,0.579,-530,38
"3192","DNM2",0.540597692933866,"ENSG00000079805","chr19","MA0065.1","Promoter (<=1kb)",1785,"ENST00000591701.5","ENSG00000079805","DNM2",4.44e-07,0.563,-81,40
"3193","KANK2",0.472434033716936,"ENSG00000197256","chr19","MA0065.1","Promoter (<=1kb)",25959,"ENST00000589894.1","ENSG00000197256","KANK2",1.11e-05,0.617,450,35
"3194","ECSIT",0.287830975350188,"ENSG00000130159","chr19","MA0065.1","Promoter (<=1kb)",51295,"ENST00000585898.1","ENSG00000130159","ECSIT",4.01e-06,0.572,105,38
"3195","ZNF44",0.400462594908834,"ENSG00000197857","chr19","MA0065.1","Promoter (<=1kb)",51710,"ENST00000597563.1","ENSG00000197857","ZNF44",2.85e-05,0.65,486,22
"3196","ZNF791",0.22991556618978,"ENSG00000173875","chr19","MA0066.1","Promoter (<=1kb)",163049,"ENST00000498389.1","ENSG00000173875","ZNF791",5.58e-05,0.683,22,16
"3197","HOOK2",1.14411106895142,"ENSG00000095066","chr19","MA0065.1","Promoter (<=1kb)",29911,"ENST00000593143.5","ENSG00000095066","HOOK2",1.18e-06,0.563,-207,39
"3198","CALR",0.23574290014517,"ENSG00000179218","chr19","MA0065.1","Promoter (<=1kb)",811,"ENST00000586803.1","ENSG00000179218","CALR",2.74e-05,0.649,-682,37
"3199","RAD23A",0.256127111404769,"ENSG00000179262","chr19","MA0065.1","Promoter (<=1kb)",5886,"ENST00000590881.1","ENSG00000179262","RAD23A",1.2e-05,0.623,891,38
"3200","NFIX",0.255356377706244,"ENSG00000008441","chr19","MA0065.1","Promoter (<=1kb)",4784,"ENST00000592199.6","ENSG00000008441","NFIX",3.49e-06,0.572,-918,38
"3201","C19orf53",0.268388641665736,"ENSG00000104979","chr19","MA0065.1","Promoter (<=1kb)",28974,"ENST00000593274.1","ENSG00000104979","C19orf53",3.77e-05,0.662,74,26
"3202","PRKACA",0.259639142191437,"ENSG00000072062","chr19","MA0065.1","Promoter (<=1kb)",5566,"ENST00000677951.1","ENSG00000072062","PRKACA",4.81e-05,0.667,408,23
"3203","TECR",0.216752134221719,"ENSG00000099797","chr19","MA0065.1","Promoter (<=1kb)",9524,"ENST00000600076.5","ENSG00000099797","TECR",7.14e-06,0.573,-255,35
"3204","NDUFB7",0.416067975822665,"ENSG00000099795","chr19","MA0065.1","Promoter (2-3kb)",4713,"ENST00000215565.3","ENSG00000099795","NDUFB7",1.52e-05,0.623,-2429,38
"3205","BRD4",0.338253722792972,"ENSG00000141867","chr19","MA0065.1","Promoter (2-3kb)",23476,"ENST00000678800.1","ENSG00000141867","BRD4",4.76e-06,0.572,-2741,38
"3206","AKAP8L",0.408603068828929,"ENSG00000011243","chr19","MA0065.1","Promoter (<=1kb)",26993,"ENST00000596750.2","ENSG00000011243","AKAP8L",2.47e-05,0.641,-372,39
"3207","EPS15L1",0.881981213926749,"ENSG00000127527","chr19","MA0065.1","Promoter (1-2kb)",58513,"ENST00000594851.5","ENSG00000127527","EPS15L1",1.31e-05,0.623,-1395,41
"3208","TMEM38A",0.247253135642365,"ENSG00000072954","chr19","MA0066.1","Promoter (<=1kb)",79041,"ENST00000599479.1","ENSG00000072954","TMEM38A",2.14e-05,0.647,838,19
"3209","MYO9B",0.303758334102983,"ENSG00000099331","chr19","MA0065.1","Promoter (2-3kb)",4650,"ENST00000593533.1","ENSG00000099331","MYO9B",1.9e-05,0.628,-2357,27
"3210","SLC27A1",0.428931777439617,"ENSG00000130304","chr19","MA0065.1","Promoter (<=1kb)",376497,"ENST00000593701.5","ENSG00000130304","SLC27A1",3.8e-06,0.572,-117,39
"3211","SUGP2",0.226044317980256,"ENSG00000064607","chr19","MA0065.1","Promoter (<=1kb)",10147,"ENST00000597095.5","ENSG00000064607","SUGP2",2.38e-07,0.525,181,40
"3212","MAU2",0.27396167073234,"ENSG00000129933","chr19","MA0065.1","Promoter (<=1kb)",23383,"ENST00000585823.7","ENSG00000129933","MAU2",1.37e-05,0.623,-794,39
"3213","ZNF682",0.251695981045263,"ENSG00000197124","chr19","MA0065.1","Promoter (2-3kb)",91120,"ENST00000397165.7","ENSG00000197124","ZNF682",6.83e-05,0.682,-2389,27
"3214","ZNF90",0.509620056766843,"ENSG00000213988","chr19","MA0065.1","Promoter (<=1kb)",7643,"ENST00000492328.1","ENSG00000213988","ZNF90",1.15e-05,0.622,552,31
"3215","ZNF431",0.311715218311483,"ENSG00000196705","chr19","MA0065.1","Promoter (<=1kb)",170959,"ENST00000600692.5","ENSG00000196705","ZNF431",4.4e-06,0.572,-715,24
"3216","ZNF708",0.207610928985054,"ENSG00000182141","chr19","MA0065.1","Promoter (2-3kb)",7562,"ENST00000598046.5","ENSG00000182141","ZNF708",2.13e-05,0.635,-2199,41
"3217","ZNF208",0.522463380962257,"ENSG00000160321","chr19","MA0065.1","Promoter (<=1kb)",7757,"ENST00000597040.1","ENSG00000160321","ZNF208",5.01e-05,0.667,0,21
"3218","ZNF91",0.72084716304211,"ENSG00000167232","chr19","MA0065.1","Promoter (<=1kb)",7644,"ENST00000595893.1","ENSG00000167232","ZNF91",8.29e-06,0.585,-384,37
"3219","ZNF254",0.427080072776805,"ENSG00000213096","chr19","MA0065.1","Promoter (1-2kb)",9534,"ENST00000667700.1","ENSG00000213096","ZNF254",5.49e-07,0.563,-1923,42
"3220","UQCRFS1",0.416490438101868,"ENSG00000169021","chr19","MA0855.1","Promoter (<=1kb)",7386,"ENST00000304863.6","ENSG00000169021","UQCRFS1",5.86e-05,0.777,-19,28
"3221","C19orf12",0.242829431330566,"ENSG00000131943","chr19","MA0065.1","Promoter (<=1kb)",83636,"ENST00000614091.5","ENSG00000131943","C19orf12",1.79e-06,0.563,105,38
"3222","URI1",0.350264926673022,"ENSG00000105176","chr19","MA0065.1","Promoter (<=1kb)",8725,"ENST00000576442.1","ENSG00000105176","URI1",1.91e-05,0.628,310,36
"3223","ANKRD27",0.25597335423275,"ENSG00000105186","chr19","MA0065.1","Promoter (1-2kb)",84079,"ENST00000593232.5","ENSG00000105186","ANKRD27",5.08e-05,0.667,-1408,27
"3224","LSM14A",0.622039037578794,"ENSG00000257103","chr19","MA0065.1","Promoter (<=1kb)",26065,"ENST00000586157.2","ENSG00000257103","LSM14A",2.52e-05,0.643,838,30
"3225","GPI",0.640032321134179,"ENSG00000105220","chr19","MA0065.1","Promoter (<=1kb)",2821,"ENST00000590362.1","ENSG00000105220","GPI",9.17e-07,0.563,-276,39
"3226","UBA2",0.279299477585482,"ENSG00000126261","chr19","MA0065.1","Promoter (1-2kb)",10054,"ENST00000591016.1","ENSG00000126261","UBA2",8.77e-05,0.682,-1295,15
"3227","SCGB2B2",0.298481822862165,"ENSG00000205209","chr19","MA0065.1","Promoter (1-2kb)",284402,"ENST00000595326.1","ENSG00000205209","SCGB2B2",8.16e-05,0.682,-1887,22
"3228","ZNF302",0.499854114566849,"ENSG00000089335","chr19","MA1556.1","Promoter (<=1kb)",55900,"ENST00000505365.2","ENSG00000089335","ZNF302",8.2e-05,0.721,145,16
"3229","COX6B1",0.688415093931418,"ENSG00000126267","chr19","MA0065.1","Promoter (1-2kb)",1340,"ENST00000649813.2","ENSG00000126267","COX6B1",1.37e-05,0.623,-1272,28
"3230","HSPB6",0.255092339080509,"ENSG00000004776","chr19","MA0066.1","Promoter (<=1kb)",126393,"ENST00000004982.6","ENSG00000004776","HSPB6",6.55e-05,0.687,-269,9
"3231","COX7A1",0.487043671484873,"ENSG00000161281","chr19","MA0066.1","Promoter (1-2kb)",1346,"ENST00000481297.1","ENSG00000161281","COX7A1",8.7e-05,0.703,-1983,21
"3232","ZNF565",0.753203498754931,"ENSG00000196357","chr19","MA0065.1","Promoter (<=1kb)",147929,"ENST00000585994.1","ENSG00000196357","ZNF565",6.15e-05,0.675,107,24
"3233","ZNF146",0.302713460512823,"ENSG00000167635","chr19","MA0065.1","Promoter (1-2kb)",7705,"ENST00000587285.1","ENSG00000167635","ZNF146",3.51e-05,0.662,-1270,37
"3234","ZNF260",0.249775981725984,"ENSG00000254004","chr19","MA0065.1","Promoter (2-3kb)",339324,"ENST00000523638.6","ENSG00000254004","ZNF260",4.26e-05,0.665,-2236,32
"3235","ZNF529",0.276534433365364,"ENSG00000186020","chr19","RXRA_M10652_3.10","Promoter (<=1kb)",57711,"ENST00000585983.5","ENSG00000186020","ZNF529",1.02e-05,0.0658,12,1
"3236","ZNF573",0.210631364148049,"ENSG00000189144","chr19","MA0065.1","Promoter (2-3kb)",126231,"ENST00000339503.7","ENSG00000189144","ZNF573",9.73e-05,0.686,-2383,28
"3237","SIPA1L3",0.328786311292262,"ENSG00000105738","chr19","MA0065.1","Promoter (<=1kb)",23094,"ENST00000596403.1","ENSG00000105738","SIPA1L3",4.28e-06,0.572,-443,42
"3238","PSMD8",0.400188059778836,"ENSG00000099341","chr19","MA0065.1","Promoter (<=1kb)",5714,"ENST00000590331.1","ENSG00000099341","PSMD8",5.19e-05,0.667,646,30
"3239","EIF3K",0.39781230412549,"ENSG00000178982","chr19","MA0065.1","Promoter (2-3kb)",27335,"ENST00000590134.1","ENSG00000178982","EIF3K",3.01e-05,0.653,-2657,39
"3240","ACTN4",0.715328650076524,"ENSG00000130402","chr19","MA0065.1","Promoter (2-3kb)",81,"ENST00000497637.5","ENSG00000130402","ACTN4",3.13e-07,0.555,-2386,42
"3241","ECH1",0.321718994517993,"ENSG00000104823","chr19","MA0065.1","Promoter (2-3kb)",1891,"ENST00000594391.5","ENSG00000104823","ECH1",3.36e-06,0.572,-2667,37
"3242","HNRNPL",0.260935250925914,"ENSG00000104824","chr19","MA0065.1","Promoter (<=1kb)",3191,"ENST00000597731.1","ENSG00000104824","HNRNPL",2.29e-05,0.637,-630,30
"3243","ZNF780B",0.256611595511957,"ENSG00000128000","chr19","MA0855.1","Promoter (<=1kb)",163131,"ENST00000594811.1","ENSG00000128000","ZNF780B",4.69e-05,0.777,694,20
"3244","PLD3",0.341602596743994,"ENSG00000105223","chr19","MA0065.1","Promoter (<=1kb)",23646,"ENST00000700634.1","ENSG00000105223","PLD3",2.38e-05,0.639,-145,28
"3245","BLVRB",0.240198062074524,"ENSG00000090013","chr19","MA0065.1","Promoter (<=1kb)",645,"ENST00000643519.1","ENSG00000090013","BLVRB",4.07e-05,0.662,-73,27
"3246","ATP1A3",0.365343785164586,"ENSG00000105409","chr19","MA0065.1","Promoter (<=1kb)",478,"ENST00000465007.1","ENSG00000105409","ATP1A3",1.37e-05,0.623,-705,36
"3247","ZNF235",0.301320327738826,"ENSG00000159917","chr19","MA0065.1","Promoter (<=1kb)",9310,"ENST00000589248.5","ENSG00000159917","ZNF235",2.35e-05,0.637,-971,36
"3248","CLASRP",0.220084961148475,"ENSG00000104859","chr19","MA0065.1","Promoter (<=1kb)",11129,"ENST00000585615.5","ENSG00000104859","CLASRP",7.09e-06,0.572,-237,31
"3249","CKM",1.13597087470132,"ENSG00000104879","chr19","MA0066.1","Promoter (<=1kb)",1158,"ENST00000221476.4","ENSG00000104879","CKM",4.21e-08,0.513,486,40
"3250","PPP1R13L",0.555440265220142,"ENSG00000104881","chr19","MA0065.1","Promoter (<=1kb)",10848,"ENST00000360957.10","ENSG00000104881","PPP1R13L",2.34e-05,0.637,-596,24
"3251","DMPK",0.564249853167196,"ENSG00000104936","chr19","MA0065.1","Promoter (<=1kb)",1760,"ENST00000682436.1","ENSG00000104936","DMPK",7.26e-06,0.573,-117,22
"3252","SYMPK",0.225581006178508,"ENSG00000125755","chr19","MA0065.1","Promoter (2-3kb)",8189,"ENST00000598155.5","ENSG00000125755","SYMPK",1.06e-05,0.612,-2707,42
"3253","HIF3A",1.42993284222888,"ENSG00000124440","chr19","MA0065.1","Promoter (<=1kb)",64344,"ENST00000529542.1","ENSG00000124440","HIF3A",1.39e-06,0.563,-64,37
"3254","ARHGAP35",0.356723269181813,"ENSG00000160007","chr19","MA0065.1","Promoter (1-2kb)",2909,"ENST00000672722.1","ENSG00000160007","ARHGAP35",7.44e-06,0.576,-1066,37
"3255","NAPA",0.221946693249411,"ENSG00000105402","chr19","MA0065.1","Promoter (<=1kb)",8775,"ENST00000593905.5","ENSG00000105402","NAPA",1.11e-06,0.563,90,39
"3256","PLA2G4C",0.32472626823733,"ENSG00000105499","chr19","MA0065.1","Promoter (1-2kb)",8605,"ENST00000600170.1","ENSG00000105499","PLA2G4C",1.29e-05,0.623,-1959,29
"3257","FTL",0.396556387404853,"ENSG00000087086","chr19","MA0065.1","Promoter (2-3kb)",2512,"ENST00000718269.1","ENSG00000087086","FTL",5.05e-06,0.572,-2588,39
"3258","GYS1",0.365963744065778,"ENSG00000104812","chr19","MA0065.1","Promoter (<=1kb)",2997,"ENST00000484289.2","ENSG00000104812","GYS1",4.12e-06,0.572,348,40
"3259","SNRNP70",0.459541370987323,"ENSG00000104852","chr19","MA0065.1","Promoter (<=1kb)",6625,"ENST00000544278.2","ENSG00000104852","SNRNP70",1.86e-06,0.563,-568,37
"3260","HRC",0.239240077251262,"ENSG00000130528","chr19","MA0065.1","Promoter (<=1kb)",3270,"ENST00000595625.1","ENSG00000130528","HRC",6.33e-05,0.677,332,14
"3261","TRPM4",0.316785321038997,"ENSG00000130529","chr19","MA0065.1","Promoter (<=1kb)",54795,"ENST00000599459.1","ENSG00000130529","TRPM4",1.69e-09,0.194,-421,42
"3262","MYH14",0.435216232963988,"ENSG00000105357","chr19","MA0065.1","Promoter (<=1kb)",79784,"ENST00000642980.1","ENSG00000105357","MYH14",3.24e-06,0.572,-194,39
"3263","EMC10",0.334591268341382,"ENSG00000161671","chr19","MA0065.1","Promoter (<=1kb)",284361,"ENST00000597799.1","ENSG00000161671","EMC10",3.15e-05,0.655,986,23
"3264","ETFB",0.273938832989161,"ENSG00000105379","chr19","MA0065.1","Promoter (1-2kb)",2109,"ENST00000354232.8","ENSG00000105379","ETFB",3.41e-06,0.572,-1817,35
"3265","PPP2R1A",0.261566830930952,"ENSG00000105568","chr19","MA0065.1","Promoter (<=1kb)",5518,"ENST00000703402.1","ENSG00000105568","PPP2R1A",2.28e-06,0.563,-666,33
"3266","ZNF611",0.22759262685862,"ENSG00000213020","chr19","MA0066.1","Promoter (<=1kb)",81856,"ENST00000640952.1","ENSG00000213020","ZNF611",9.42e-05,0.704,239,12
"3267","PPP1R12C",0.223974074670685,"ENSG00000125503","chr19","MA0065.1","Promoter (2-3kb)",54776,"ENST00000586197.1","ENSG00000125503","PPP1R12C",3.8e-06,0.572,-2048,42
"3268","TNNT1",0.304010251827605,"ENSG00000105048","chr19","MA0065.1","Promoter (1-2kb)",7138,"ENST00000588981.6","ENSG00000105048","TNNT1",1.72e-05,0.623,-1014,34
"3269","TNNI3",1.76394288560444,"ENSG00000129991","chr19","MA0065.1","Promoter (<=1kb)",7137,"ENST00000586669.5","ENSG00000129991","TNNI3",6.92e-06,0.572,-205,14
"3270","DNAAF3",0.373437848837639,"ENSG00000167646","chr19","MA0065.1","Promoter (<=1kb)",352909,"ENST00000533527.6","ENSG00000167646","DNAAF3",9.39e-05,0.686,0,8
"3271","ZSCAN5A",0.267696006677514,"ENSG00000131848","chr19","MA0065.1","Promoter (<=1kb)",79149,"ENST00000587075.1","ENSG00000131848","ZSCAN5A",9.92e-06,0.605,43,14
"3272","ZNF749",0.217899867298448,"ENSG00000186230","chr19","MA0066.1","Promoter (1-2kb)",388567,"ENST00000334181.5","ENSG00000186230","ZNF749",5.74e-05,0.684,-1897,17
"3273","ZNF586",0.561021916086848,"ENSG00000083828","chr19","MA0065.1","Promoter (<=1kb)",54807,"ENST00000396150.4","ENSG00000083828","ZNF586",9.14e-05,0.684,362,29
"3274","ZNF552",0.287346394702795,"ENSG00000178935","chr19","MA0065.1","Promoter (<=1kb)",79818,"ENST00000600397.1","ENSG00000178935","ZNF552",5.23e-05,0.667,-121,25
"3275","ZNF814",0.375039580270552,"ENSG00000204514","chr19","MA0065.1","Promoter (<=1kb)",730051,"ENST00000594629.1","ENSG00000204514","ZNF814",5.34e-05,0.67,-103,38
"3276","ZSCAN18",0.297395629890738,"ENSG00000121413","chr19","MA0065.1","Promoter (<=1kb)",65982,"ENST00000596372.1","ENSG00000121413","ZSCAN18",3.17e-06,0.572,-842,39
"3277","ZNF544",0.38334879001733,"ENSG00000198131","chr19","MA0065.1","Promoter (<=1kb)",27300,"ENST00000627781.2","ENSG00000198131","ZNF544",2.6e-06,0.572,-816,37
"3278","CECR2",0.569488879427106,"ENSG00000099954","chr22","MA0065.1","Promoter (2-3kb)",27443,"ENST00000355219.4","ENSG00000099954","CECR2",2.65e-05,0.647,-2411,36
"3279","ATP6V1E1",0.212489127505972,"ENSG00000131100","chr22","MA0065.1","Promoter (<=1kb)",529,"ENST00000413576.1","ENSG00000131100","ATP6V1E1",6.53e-05,0.68,38,28
"3280","BCL2L13",0.657376557018909,"ENSG00000099968","chr22","MA0065.1","Promoter (2-3kb)",23786,"ENST00000479296.1","ENSG00000099968","BCL2L13",3.28e-05,0.658,-2436,32
"3281","MICAL3",1.1294870544701,"ENSG00000243156","chr22","MA0065.1","Promoter (1-2kb)",57553,"ENST00000672019.1","ENSG00000243156","MICAL3",1.29e-05,0.623,-1354,17
"3282","CLTCL1",0.300015309100683,"ENSG00000070371","chr22","MA0065.1","Promoter (<=1kb)",8218,"ENST00000540896.1","ENSG00000070371","CLTCL1",1.39e-05,0.623,671,31
"3283","COMT",0.35848995503878,"ENSG00000093010","chr22","MA0065.1","Promoter (1-2kb)",1312,"ENST00000449653.5","ENSG00000093010","COMT",6.35e-07,0.563,-1856,41
"3284","TANGO2",0.446947110249103,"ENSG00000183597","chr22","MA0065.1","Promoter (<=1kb)",128989,"ENST00000476940.1","ENSG00000183597","TANGO2",6.78e-06,0.572,-797,25
"3285","KLHL22",0.235207754535782,"ENSG00000099910","chr22","MA0065.1","Promoter (<=1kb)",84861,"ENST00000487090.1","ENSG00000099910","KLHL22",2.3e-05,0.637,854,27
"3286","MED15",0.236592706042864,"ENSG00000099917","chr22","MA0065.1","Promoter (<=1kb)",51586,"ENST00000436496.2","ENSG00000099917","MED15",2.01e-06,0.563,-414,37
"3287","PI4KA",0.337009300691235,"ENSG00000241973","chr22","MA0065.1","Promoter (<=1kb)",5297,"ENST00000255882.11","ENSG00000241973","PI4KA",3.66e-06,0.572,966,36
"3288","UBE2L3",0.317064727861074,"ENSG00000185651","chr22","MA0065.1","Promoter (<=1kb)",7332,"ENST00000496722.1","ENSG00000185651","UBE2L3",9.57e-06,0.601,796,24
"3289","MAPK1",0.454396837340455,"ENSG00000100030","chr22","MA0065.1","Promoter (<=1kb)",5594,"ENST00000544786.1","ENSG00000100030","MAPK1",7.96e-07,0.563,373,29
"3290","CHCHD10",1.0527468894119,"ENSG00000250479","chr22","MA0065.1","Promoter (<=1kb)",400916,"ENST00000523865.1","ENSG00000250479","CHCHD10",2.11e-05,0.634,-489,37
"3291","DDT",0.259102752234469,"ENSG00000099977","chr22","MA0065.1","Promoter (<=1kb)",1652,"ENST00000428792.1","ENSG00000099977","DDT",6.05e-05,0.675,-329,33
"3292","CABIN1",0.270033750041418,"ENSG00000099991","chr22","MA0065.1","Promoter (<=1kb)",23523,"ENST00000485008.1","ENSG00000099991","CABIN1",1.31e-05,0.623,45,41
"3293","SGSM1",0.231096435696623,"ENSG00000167037","chr22","MA0065.1","Promoter (<=1kb)",129049,"ENST00000480523.1","ENSG00000167037","SGSM1",4.67e-06,0.572,130,42
"3294","MYO18B",1.78157701453671,"ENSG00000133454","chr22","MA0065.1","Promoter (2-3kb)",84700,"ENST00000418374.6","ENSG00000133454","MYO18B",3.93e-06,0.572,-2068,41
"3295","PITPNB",0.443450043825853,"ENSG00000180957","chr22","MA0065.1","Promoter (<=1kb)",23760,"ENST00000477861.1","ENSG00000180957","PITPNB",1.59e-05,0.623,-994,39
"3296","TTC28",0.929932656504621,"ENSG00000100154","chr22","MA0065.1","Promoter (2-3kb)",23331,"ENST00000612946.4","ENSG00000100154","TTC28",3.82e-08,0.353,-2148,34
"3297","XBP1",0.225864947015571,"ENSG00000100219","chr22","MA0065.1","Promoter (<=1kb)",7494,"ENST00000405219.7","ENSG00000100219","XBP1",7.21e-06,0.573,-38,13
"3298","ZNRF3",0.368029548594047,"ENSG00000183579","chr22","MA0065.1","Promoter (2-3kb)",84133,"ENST00000402174.5","ENSG00000183579","ZNRF3",1.68e-05,0.623,-2498,32
"3299","KREMEN1",0.222316981804685,"ENSG00000183762","chr22","MA0065.1","Promoter (1-2kb)",83999,"ENST00000400335.9","ENSG00000183762","KREMEN1",4.4e-05,0.665,-1797,38
"3300","EWSR1",0.237021946588772,"ENSG00000182944","chr22","MA0065.1","Promoter (<=1kb)",2130,"ENST00000479135.5","ENSG00000182944","EWSR1",7.95e-06,0.581,648,18
"3301","UQCR10",0.642334569548213,"ENSG00000184076","chr22","MA0065.1","Promoter (<=1kb)",29796,"ENST00000401406.3","ENSG00000184076","UQCR10",4.62e-06,0.572,211,32
"3302","MTMR3",0.439454875120174,"ENSG00000100330","chr22","MA0065.1","Promoter (<=1kb)",8897,"ENST00000415511.1","ENSG00000100330","MTMR3",7.26e-06,0.573,519,37
"3303","OSBP2",0.287129183575192,"ENSG00000184792","chr22","MA0065.1","Promoter (2-3kb)",23762,"ENST00000496367.1","ENSG00000184792","OSBP2",7.41e-07,0.563,-2824,34
"3304","SMTN",0.334184591268121,"ENSG00000183963","chr22","MA0065.1","Promoter (1-2kb)",6525,"ENST00000432777.5","ENSG00000183963","SMTN",1.82e-06,0.563,-1676,35
"3305","DRG1",0.216345378113169,"ENSG00000185721","chr22","MA0065.1","Promoter (<=1kb)",4733,"ENST00000486584.1","ENSG00000185721","DRG1",4.47e-05,0.667,363,24
"3306","SLC5A1",0.590633678641855,"ENSG00000100170","chr22","MA0065.1","Promoter (<=1kb)",6523,"ENST00000477969.1","ENSG00000100170","SLC5A1",2.57e-05,0.644,-768,22
"3307","TIMP3",0.757922635903459,"ENSG00000100234","chr22","MA0065.1","Promoter (<=1kb)",7078,"ENST00000266085.7","ENSG00000100234","TIMP3",1.86e-05,0.627,168,41
"3308","TOM1",0.299724177507509,"ENSG00000100284","chr22","MA0065.1","Promoter (<=1kb)",10043,"ENST00000443206.2","ENSG00000100284","TOM1",8.32e-06,0.586,-73,35
"3309","MB",1.34813788704111,"ENSG00000198125","chr22","MA0065.1","Promoter (2-3kb)",4151,"ENST00000447607.5","ENSG00000198125","MB",1.37e-05,0.623,-2671,34
"3310","RBFOX2",1.15784995451356,"ENSG00000100320","chr22","MA0065.1","Promoter (1-2kb)",23543,"ENST00000438146.7","ENSG00000100320","RBFOX2",4.67e-07,0.563,-1741,37
"3311","MYH9",0.688050564537171,"ENSG00000100345","chr22","MA0065.1","Promoter (1-2kb)",4627,"ENST00000691109.1","ENSG00000100345","MYH9",7.82e-07,0.563,-1450,41
"3312","LGALS1",0.522562556800044,"ENSG00000100097","chr22","MA0065.1","Promoter (<=1kb)",3956,"ENST00000472321.1","ENSG00000100097","LGALS1",3.86e-05,0.662,544,33
"3313","TRIOBP",0.304733616415835,"ENSG00000100106","chr22","MA0065.1","Promoter (1-2kb)",11078,"ENST00000418339.5","ENSG00000100106","TRIOBP",5.77e-06,0.572,-1391,31
"3314","CSNK1E",0.664658574206701,"ENSG00000213923","chr22","MA0065.1","Promoter (<=1kb)",1454,"ENST00000430335.1","ENSG00000213923","CSNK1E",1.84e-06,0.563,985,26
"3315","DDX17",0.843658916313188,"ENSG00000100201","chr22","MA0065.1","Promoter (<=1kb)",10521,"ENST00000432525.5","ENSG00000100201","DDX17",8.74e-05,0.682,-835,40
"3316","ATF4",0.369959774636291,"ENSG00000128272","chr22","MA0065.1","Promoter (<=1kb)",468,"ENST00000674835.2","ENSG00000128272","ATF4",7.81e-05,0.682,25,7
"3317","TNRC6B",1.48926859077336,"ENSG00000100354","chr22","MA0065.1","Promoter (<=1kb)",23112,"ENST00000446273.1","ENSG00000100354","TNRC6B",1.23e-06,0.563,694,39
"3318","XPNPEP3",0.250251161725214,"ENSG00000196236","chr22","MA0065.1","Promoter (<=1kb)",63929,"ENST00000357137.9","ENSG00000196236","XPNPEP3",6.55e-05,0.68,195,24
"3319","RBX1",0.241526527356983,"ENSG00000100387","chr22","MA0065.1","Promoter (<=1kb)",9978,"ENST00000467617.1","ENSG00000100387","RBX1",3.68e-05,0.662,938,39
"3320","EP300",0.307976329237464,"ENSG00000100393","chr22","MA0065.1","Promoter (<=1kb)",2033,"ENST00000634860.1","ENSG00000100393","EP300",2.99e-06,0.572,265,28
"3321","TOB2",0.413810957216211,"ENSG00000183864","chr22","MA1148.1","Promoter (<=1kb)",10766,"ENST00000434408.2","ENSG00000183864","TOB2",3.97e-05,0.553,968,28
"3322","ACO2",0.906671744534262,"ENSG00000100412","chr22","MA0065.1","Promoter (<=1kb)",50,"ENST00000676883.1","ENSG00000100412","ACO2",5e-06,0.572,-560,32
"3323","CSDC2",0.983630238328831,"ENSG00000172346","chr22","MA0065.1","Promoter (1-2kb)",27254,"ENST00000460790.1","ENSG00000172346","CSDC2",5.34e-05,0.67,-1865,41
"3324","XRCC6",0.247510809630137,"ENSG00000196419","chr22","MA0065.1","Promoter (2-3kb)",2547,"ENST00000478914.1","ENSG00000196419","XRCC6",2.43e-05,0.641,-2641,32
"3325","SNU13",0.264802746408178,"ENSG00000100138","chr22","MA0065.1","Promoter (<=1kb)",4809,"ENST00000648350.1","ENSG00000100138","SNU13",3.78e-05,0.662,-4,27
"3326","SREBF2",0.66978576677816,"ENSG00000198911","chr22","MA0065.1","Promoter (<=1kb)",6721,"ENST00000435061.1","ENSG00000198911","SREBF2",4.01e-07,0.563,193,41
"3327","NDUFA6",0.357844670541366,"ENSG00000184983","chr22","MA0065.1","Promoter (<=1kb)",4700,"ENST00000470753.1","ENSG00000184983","NDUFA6",7.89e-05,0.682,995,40
"3328","CYB5R3",0.360783920209075,"ENSG00000100243","chr22","MA0065.1","Promoter (<=1kb)",1727,"ENST00000470741.1","ENSG00000100243","CYB5R3",1.33e-05,0.623,-218,38
"3329","A4GALT",0.302870455648655,"ENSG00000128274","chr22","MA0065.1","Promoter (2-3kb)",53947,"ENST00000249005.3","ENSG00000128274","A4GALT",1.51e-05,0.623,-2656,41
"3330","PACSIN2",0.403338401252704,"ENSG00000100266","chr22","MA0065.1","Promoter (<=1kb)",11252,"ENST00000445706.5","ENSG00000100266","PACSIN2",6.92e-06,0.572,107,32
"3331","PARVB",0.620982313091731,"ENSG00000188677","chr22","MA0065.1","Promoter (2-3kb)",29780,"ENST00000477438.1","ENSG00000188677","PARVB",2.93e-06,0.572,-2126,42
"3332","ATXN10",0.573284968538738,"ENSG00000130638","chr22","MA0065.1","Promoter (2-3kb)",25814,"ENST00000476998.5","ENSG00000130638","ATXN10",9.78e-07,0.563,-2942,30
"3333","PPARA",0.572539338990256,"ENSG00000186951","chr22","MA0065.1","Promoter (<=1kb)",5465,"ENST00000440343.5","ENSG00000186951","PPARA",7.31e-06,0.574,-699,41
"3334","TRMU",0.218702726049084,"ENSG00000100416","chr22","MA0065.1","Promoter (<=1kb)",55687,"ENST00000486620.5","ENSG00000100416","TRMU",7.02e-06,0.572,689,19
"3335","GRAMD4",0.223138962704948,"ENSG00000075240","chr22","MA0065.1","Promoter (<=1kb)",23151,"ENST00000490378.1","ENSG00000075240","GRAMD4",8.09e-06,0.584,-3,31
"3336","TBC1D22A",0.386276533877109,"ENSG00000054611","chr22","MA0065.1","Promoter (<=1kb)",25771,"ENST00000496139.5","ENSG00000054611","TBC1D22A",4.53e-07,0.563,192,32
"3337","PPP6R2",0.451580402467446,"ENSG00000100239","chr22","MA0065.1","Promoter (<=1kb)",9701,"ENST00000470046.1","ENSG00000100239","PPP6R2",3.03e-05,0.653,655,39
"3338","USP25",0.425599205699503,"ENSG00000155313","chr21","MA0065.1","Promoter (1-2kb)",29761,"ENST00000549362.1","ENSG00000155313","USP25",4.77e-05,0.667,-1808,24
"3339","CXADR",0.315097301888808,"ENSG00000154639","chr21","MA0065.1","Promoter (1-2kb)",1525,"ENST00000701920.1","ENSG00000154639","CXADR",2.14e-05,0.635,-1855,25
"3340","APP",0.680497408210426,"ENSG00000142192","chr21","MA0065.1","Promoter (1-2kb)",351,"ENST00000448850.5","ENSG00000142192","APP",6.28e-06,0.572,-1185,27
"3341","BACH1",0.679486926927553,"ENSG00000156273","chr21","MA0065.1","Promoter (1-2kb)",571,"ENST00000504298.1","ENSG00000156273","BACH1",5.57e-06,0.572,-1440,42
"3342","SOD1",0.402813762971276,"ENSG00000142168","chr21","PPARA_M10653_3.10","Promoter (<=1kb)",6647,"ENST00000470944.1","ENSG00000142168","SOD1",5.38e-05,0.331,782,6
"3343","EVA1C",0.467347696420435,"ENSG00000166979","chr21","MA0065.1","Promoter (<=1kb)",59271,"ENST00000481638.1","ENSG00000166979","EVA1C",1.21e-05,0.623,690,20
"3344","IFNGR2",0.347592854720254,"ENSG00000159128","chr21","MA0065.1","Promoter (<=1kb)",3460,"ENST00000421802.1","ENSG00000159128","IFNGR2",3.89e-06,0.572,-129,30
"3345","SON",0.603014010402732,"ENSG00000159140","chr21","MA0065.1","Promoter (<=1kb)",6651,"ENST00000465834.5","ENSG00000159140","SON",1.4e-07,0.468,0,27
"3346","ITSN1",0.56402928292838,"ENSG00000205726","chr21","MA0065.1","Promoter (<=1kb)",6453,"ENST00000419241.1","ENSG00000205726","ITSN1",1.74e-06,0.563,426,34
"3347","RCAN1",0.21578308438378,"ENSG00000159200","chr21","MA0065.1","Promoter (<=1kb)",1827,"ENST00000487434.1","ENSG00000159200","RCAN1",1.53e-06,0.563,-908,35
"3348","RUNX1",0.215783077653025,"ENSG00000159216","chr21","MA0065.1","Promoter (2-3kb)",100506403,"ENST00000467692.5","ENSG00000159216","LOC100506403",2.21e-06,0.563,-2369,34
"3349","CBR3",0.235442023260688,"ENSG00000159231","chr21","PPARD_M05796_3.10","Promoter (<=1kb)",874,"ENST00000290354.6","ENSG00000159231","CBR3",8.52e-05,0.976,57,3
"3350","MORC3",0.272703183185229,"ENSG00000159256","chr21","MA0065.1","Promoter (2-3kb)",23515,"ENST00000492336.5","ENSG00000159256","MORC3",4.51e-05,0.667,-2061,29
"3351","HLCS",0.277887721827539,"ENSG00000159267","chr21","MA0065.1","Promoter (<=1kb)",3141,"ENST00000482273.1","ENSG00000159267","HLCS",4.26e-06,0.572,90,31
"3352","TTC3",0.667436912857072,"ENSG00000182670","chr21","MA0065.1","Promoter (<=1kb)",7267,"ENST00000476784.5","ENSG00000182670","TTC3",7.91e-05,0.682,472,40
"3353","DYRK1A",0.698242573753702,"ENSG00000157540","chr21","MA0065.1","Promoter (<=1kb)",1859,"ENST00000646523.1","ENSG00000157540","DYRK1A",3.46e-05,0.662,-639,34
"3354","BRWD1",0.565190185603693,"ENSG00000185658","chr21","MA0065.1","Promoter (<=1kb)",54014,"ENST00000496759.1","ENSG00000185658","BRWD1",1.46e-06,0.563,166,27
"3355","HMGN1",0.287965276515982,"ENSG00000205581","chr21","MA0065.1","Promoter (2-3kb)",3150,"ENST00000380747.5","ENSG00000205581","HMGN1",3.88e-05,0.662,-2596,35
"3356","NDUFV3",0.387290053510775,"ENSG00000160194","chr21","MA0065.1","Promoter (2-3kb)",4731,"ENST00000340344.4","ENSG00000160194","NDUFV3",1.41e-05,0.623,-2145,42
"3357","CSTB",0.208986259877694,"ENSG00000160213","chr21","MA0065.1","Promoter (<=1kb)",1476,"ENST00000675996.1","ENSG00000160213","CSTB",1.66e-06,0.563,-403,42
"3358","AGPAT3",0.230497828905532,"ENSG00000160216","chr21","MA0065.1","Promoter (<=1kb)",56894,"ENST00000398063.6","ENSG00000160216","AGPAT3",3.82e-07,0.563,-83,42
"3359","UBE2G2",0.253215432693377,"ENSG00000184787","chr21","MA0065.1","Promoter (<=1kb)",7327,"ENST00000496395.2","ENSG00000184787","UBE2G2",7.6e-05,0.682,800,18
"3360","PCNT",0.283318724394241,"ENSG00000160299","chr21","MA0065.1","Promoter (<=1kb)",5116,"ENST00000695537.1","ENSG00000160299","PCNT",2.3e-05,0.637,-336,23
"3361","DIP2A",0.369066101119445,"ENSG00000160305","chr21","MA0065.1","Promoter (<=1kb)",23181,"ENST00000481883.1","ENSG00000160305","DIP2A",6.24e-06,0.572,-725,35
"3362","PRMT2",0.240130437360393,"ENSG00000160310","chr21","MA0065.1","Promoter (<=1kb)",3275,"ENST00000491389.1","ENSG00000160310","PRMT2",1.93e-06,0.563,34,41
